date,open,high,low,close,volume,ma5,ma10,ma20,ma60,ma5_ratio,ma10_ratio,ma20_ratio,ma60_ratio,bollinger_mid,bollinger_upper,bollinger_lower,bollinger_pct_b,bollinger_bandwidth,return_1d,return_5d,return_10d,return_20d,volatility_5d,volatility_10d,volatility_20d,rsi_14,macd,macd_signal,macd_histogram,obv,mfi_14,atr_14,volume_ratio_20d,price_position_20d,price_position_60d,future_return,return,volatility,rsi,volume_change,csi300_return_1d,csi300_return_5d,csi300_volatility_20d,market_breadth,open_norm,high_norm,low_norm,close_norm,volume_norm,ma5_norm,ma10_norm,ma20_norm,ma60_norm,ma5_ratio_norm,ma10_ratio_norm,ma20_ratio_norm,ma60_ratio_norm,bollinger_mid_norm,bollinger_upper_norm,bollinger_lower_norm,bollinger_pct_b_norm,bollinger_bandwidth_norm,return_1d_norm,return_5d_norm,return_10d_norm,return_20d_norm,volatility_5d_norm,volatility_10d_norm,volatility_20d_norm,rsi_14_norm,macd_norm,macd_signal_norm,macd_histogram_norm,obv_norm,mfi_14_norm,atr_14_norm,volume_ratio_20d_norm,price_position_20d_norm,price_position_60d_norm,return_norm,volatility_norm,rsi_norm,volume_change_norm,csi300_return_1d_norm,csi300_return_5d_norm,csi300_volatility_20d_norm,market_breadth_norm,sector,sector_momentum_5d,sector_momentum_20d,sector_breadth,sector_vol_flow,sector_relative_strength,future_return_rank,future_return_10d,future_return_20d,cs_rank_return_5d,cs_rank_return_20d,cs_rank_volatility,cs_rank_rsi,cs_rank_volume_ratio_20d,cs_rank_ma20_ratio,cs_rank_max_ret_5d,cs_rank_reversal_1d,cs_rank_amihud_illiq,cs_rank_idio_vol_20d,future_return_rank_5d,future_return_rank_10d,future_return_rank_20d
2023-12-12,27.51,28.2,23.24,23.72,35080462.0,,,,,,,,,,,,,,,,,,,,,,0.0,0.0,0.0,0.0,,,,,,-0.2019392917369308,,,,,0.0,0.0,0.0,0.5,,,,,,,,,,,,,,,,,,,,,,,,,,,,,,,,,,,,,,,,,,,,其他,0,0,0.5,1.0,0,0.002053388090349,0.056492411467116366,-0.13912310286677898,0.5,0.5,0.5,0.5,0.5,0.5,0.5,0.5,0.5,0.5,0.002053388090349076,0.9650924024640657,0.13347022587268995
2023-12-13,21.72,25.79,21.72,24.15,27714039.0,,,,,,,,,,,,,,0.0181281618887014,,,,,,,,0.0096474358974347,0.0053596866096859,0.0042877492877487,27714039.0,,,,,,-0.1378881987577639,0.0181281618887014,,,-0.209986487635197,0.0,0.0,0.0,0.5,,,,,,,,,,,,,,,,,,,,,,,,,,,,,,,,,,,,,,,,,,,,其他,0,0,0.5,1.0,0,0.0082135523613963,0.14161490683229827,-0.1333333333333333,0.5,0.5,0.5,0.5,0.5,0.5,0.5,0.5,0.5,0.5,0.008213552361396304,0.9897330595482546,0.09856262833675565
2023-12-14,24.0,24.47,21.79,21.81,24079891.0,,,,,,,,,,,,,,-0.0968944099378882,,,,,,,,-0.0602705117596222,-0.0215379356728173,-0.0387325760868048,3634148.0,,,,,,0.0499770747363594,-0.0968944099378882,,,-0.1311302188757113,0.0,0.0,0.0,0.5,,,,,,,,,,,,,,,,,,,,,,,,,,,,,,,,,,,,,,,,,,,,其他,0,0,0.5,1.0,0,0.9548254620123204,0.19211370930765703,-0.04951856946354871,0.5,0.5,0.5,0.5,0.5,0.5,0.5,0.5,0.5,0.5,0.9548254620123203,0.9938398357289527,0.43737166324435317
2023-12-15,20.5,21.1,19.18,19.2,21621169.0,,,,,,,,,,,,,,-0.1196698762035762,,,,,,,,-0.184826543679069,-0.0768525047806262,-0.1079740388984428,-17987021.0,,,,,,0.3119791666666667,-0.1196698762035762,,,-0.1021068575434996,0.0,0.0,0.0,0.5,,,,,,,,,,,,,,,,,,,,,,,,,,,,,,,,,,,,,,,,,,,,其他,0,0,0.5,1.0,0,1.0,0.2411458333333334,0.1875,0.5,0.5,0.5,0.5,0.5,0.5,0.5,0.5,0.5,0.5,1.0,0.9938271604938271,0.9814814814814815
2023-12-18,18.7,18.98,17.1,17.21,18672446.0,21.218,,,,-0.1888962201904043,,,,,,,,,-0.1036458333333332,,,,,,,,-0.3278040442091665,-0.1515049141775027,-0.1762991300316637,-36659467.0,,,,,,0.3236490412550843,-0.1036458333333332,,,-0.1363812937219074,0.0,0.0,0.0,0.5,,,,,,,,,,,,,,,,,,,,,,,,,,,,,,,,,,,,,,,,,,,,其他,0,0,0.5,1.0,0,0.997946611909651,0.39453805926786756,0.3631609529343405,0.5,0.5,0.5,0.5,0.5,0.5,0.5,0.5,0.5,0.5,0.997946611909651,1.0,0.9897330595482546
2023-12-19,17.64,18.93,17.64,18.93,13690799.0,20.26,,,,-0.0656465942744323,,,,,,,,,0.0999418942475305,-0.2019392917369308,,,0.095651393289768,,,,-0.3340430787402155,-0.2009829056996189,-0.1330601730405965,-22968668.0,,,,,,0.3238246170100369,0.0999418942475305,,,-0.2667913459222214,0.0,0.0,0.0,0.5,,,,,,,,,,,,,,,,,,,,,,,,,,,,,,,,,,,,,,,,,,,,其他,0,0,0.5,1.0,0,1.0,0.16481774960380347,0.11674590596936074,0.0,0.5,0.5,0.5,0.5,0.5,0.5,0.5,0.5,0.5,1.0,0.9814814814814815,0.9609053497942387
2023-12-20,20.82,20.82,20.82,20.82,2233003.0,19.594,,,,0.0625701745432274,,,,,,,,,0.0998415213946117,-0.1378881987577639,,,0.1134769339294637,,,,-0.2466702717172886,-0.2125451592106746,-0.0341251125066139,-20735665.0,,,,,,0.3242074927953891,0.0998415213946117,,,-0.8368975397272285,0.0,0.0,0.0,0.5,,,,,,,,,,,,,,,,,,,,,,,,,,,,,,,,,,,,,,,,,,,,其他,0,0,0.5,1.0,0,1.0,0.08213256484149856,0.11671469740634,0.006172839506172839,0.5,0.5,0.5,0.5,0.5,0.5,0.5,0.5,0.5,1.0,0.9096509240246407,0.946611909650924
2023-12-21,22.7,22.9,22.11,22.9,11299714.0,19.812,,,,0.1558651322430848,,,,,,,,,0.099903938520653,0.0499770747363594,,,0.1160111212012468,,,,-0.0851935903277585,-0.1819401823613262,0.0967465920335677,-9435951.0,,,,,,0.1353711790393013,0.099903938520653,,,4.060321907314948,0.0,0.0,0.0,0.5,,,,,,,,,,,,,,,,,,,,,,,,,,,,,,,,,,,,,,,,,,,,其他,0,0,0.5,1.0,0,0.9938271604938272,-0.020524017467248856,-0.0393013100436681,0.954639175257732,0.5,0.5,0.5,0.5,0.5,0.5,0.5,0.5,0.5,0.9938271604938271,0.3436213991769547,0.6604938271604939
2023-12-22,24.99,25.19,22.22,25.19,20143867.0,21.01,,,,0.1989528795811519,,,,,,,,,0.1,0.3119791666666667,,,0.0910382487041444,,,,0.1415374676788907,-0.107215240421139,0.2487527081000297,10707916.0,,,,,,-0.053989678443827,0.1,,,0.7826882167106177,0.0,0.0,0.0,0.5,,,,,,,,,,,,,,,,,,,,,,,,,,,,,,,,,,,,,,,,,,,,其他,0,0,0.5,1.0,0,0.022633744855967,-0.1635569670504169,-0.13418023025009929,1.0,0.5,0.5,0.5,0.5,0.5,0.5,0.5,0.5,0.5,0.02263374485596708,0.00823045267489712,0.3292181069958848
2023-12-25,26.5,27.71,22.67,22.78,39878742.0,22.124,21.671,,,0.0296510576749231,0.0511743805085138,,,,,,,,-0.0956728860658991,0.3236490412550843,,,0.0874726390333636,,,,0.1761776684319045,-0.043718777902275,0.2198964463341796,-29170826.0,,,,,,0.0535557506584722,-0.0956728860658991,,,0.979696450537526,0.0,0.0,0.0,0.5,,,,,,,,,,,,,,,,,,,,,,,,,,,,,,,,,,,,,,,,,,,,其他,0,0,0.5,1.0,0,0.822680412371134,-0.10886742756804213,-0.00351185250219499,0.9979338842975206,0.5,0.5,0.5,0.5,0.5,0.5,0.5,0.5,0.5,0.822680412371134,0.03711340206185567,0.8762886597938144
2023-12-26,20.5,25.06,20.5,25.06,21238693.0,23.35,21.805,,,0.0732334047109206,0.1492776886035312,,,,,,,,0.1000877963125548,0.3238246170100369,0.0564924114671163,,0.0874889825489527,0.1015699306549036,,,0.3202067831152533,0.0359060554009682,0.284300727714285,-7932133.0,,,,,,-0.1201117318435753,0.1000877963125548,,,-0.4674181798412798,0.0,0.0,0.0,0.5,,,,,,,,,,,,,,,,,,,,,,,,,,,,,,,,,,,,,,,,,,,,其他,0,0,0.5,1.0,0,0.0061855670103092,-0.1851556264964085,-0.11931364724660809,1.0,0.5,0.5,0.5,0.5,0.5,0.5,0.5,0.5,0.5,0.006185567010309278,0.010309278350515464,0.1958762886597938
2023-12-27,26.5,27.57,25.54,27.57,32177295.0,24.7,22.147,,,0.1161943319838056,0.2448638641802503,,,,,,,,0.1001596169193934,0.3242074927953891,0.1416149068322982,,0.087524548954671,0.1055170787247413,,,0.5593220747699625,0.1483138651411523,0.4110082096288102,24245162.0,,,,,,-0.1828073993471164,0.1001596169193934,,,0.5150317865605007,0.0,0.0,0.0,0.5,,,,,,,,,,,,,,,,,,,,,,,,,,,,,,,,,,,,,,,,,,,,其他,0,0,0.5,1.0,0,0.002061855670103,-0.2408414943779471,-0.21472615161407338,1.0,0.5,0.5,0.5,0.5,0.5,0.5,0.5,0.5,0.5,0.002061855670103093,0.002061855670103093,0.010309278350515464
2023-12-28,28.34,30.0,24.9,26.0,39416717.0,25.32,22.566,,,0.0268562401263823,0.1521758397589294,,,,,,,,-0.0569459557490025,0.1353711790393013,0.192113709307657,,0.0975792239884615,0.1013404031238912,,,0.6405503880467265,0.2524882151815377,0.3880621728651888,-15171555.0,,,,,,-0.1373076923076923,-0.0569459557490025,,,0.2249854128508936,0.0,0.0,0.0,0.5,,,,,,,,,,,,,,,,,,,,,,,,,,,,,,,,,,,,,,,,,,,,其他,0,0,0.5,1.0,0,0.0041237113402061,-0.20269230769230773,-0.18346153846153845,0.993801652892562,0.5,0.5,0.5,0.5,0.5,0.5,0.5,0.5,0.5,0.004123711340206186,0.004123711340206186,0.032989690721649485
2023-12-29,25.08,25.65,23.67,23.83,29375373.0,25.048,23.029,,,-0.0486266368572342,0.0347822310999175,,,,,,,,-0.0834615384615384,-0.053989678443827,0.2411458333333334,,0.0989377164349035,0.0962176961155414,,50.20920501824675,0.5672665590204033,0.3183400795737076,0.2489264794466957,-44546928.0,55.32266627345221,3.1885714285714286,,,,-0.1158203944607636,-0.0834615384615384,,50.20920501824675,-0.254748359687084,0.0,0.0,0.0,0.5,,,,,,,,,,,,,,,,,,,,,,,,,,,,,,,,,,,,,,,,,,,,其他,0,0,0.5,1.0,0,0.0288659793814433,-0.043222828367603716,-0.020142677297523948,0.02066115702479339,0.5,0.5,0.6797520661157025,0.5,0.5,0.5,0.5,0.5,0.5,0.0288659793814433,0.27835051546391754,0.7154639175257732
2024-01-02,24.2,24.82,23.64,24.0,21762831.0,25.292,23.708,,,-0.0510833465127313,0.0123165176311794,,,,,,,,0.0071338648762064,0.0535557506584722,0.3945380592678675,,0.0857496072772879,0.0853988417220744,,50.52910052642703,0.5148498311686467,0.3590752720623251,0.1557745591063215,-22784097.0,51.52355619855407,2.9185714285714286,,,,-0.1541666666666666,0.0071338648762064,,50.52910052642703,-0.2591470753409667,0.0,0.0,0.0,0.5,,,,,,,,,,,,,,,,,,,,,,,,,,,,,,,,,,,,,,,,,,,,其他,0,0,0.5,1.0,0,0.0061855670103092,-0.022499999999999964,-0.08666666666666656,0.8202479338842975,0.5,0.5,0.6528925619834711,0.5,0.5,0.5,0.5,0.5,0.5,0.006185567010309278,0.5731958762886598,0.5670103092783505
2024-01-03,23.51,23.7,21.6,22.05,22721188.0,24.69,24.02,,,-0.1069258809234507,-0.0820149875104079,,,,,,,,-0.0812499999999999,-0.1201117318435753,0.1648177496038034,,0.0779057895809369,0.0896975178350085,,46.24731951162451,0.3503383835737601,0.3572772855432539,-0.0069389019694938,-45505285.0,52.56676343661261,2.799285714285714,,,,-0.0739229024943309,-0.0812499999999999,,46.24731951162451,0.0440364123583003,0.0,0.0,0.0,0.5,,,,,,,,,,,,,,,,,,,,,,,,,,,,,,,,,,,,,,,,,,,,其他,0,0,0.5,1.0,0,0.1195876288659793,-0.041269841269841234,-0.10521541950113378,0.004132231404958678,0.5,0.5,0.47107438016528924,0.5,0.5,0.5,0.5,0.5,0.5,0.11958762886597939,0.622680412371134,0.6515463917525773
2024-01-04,21.8,22.94,21.32,22.53,18027908.0,23.682,24.191,,,-0.0486445401570811,-0.0686618990533668,,,,,,,,0.0217687074829933,-0.1828073993471164,0.0821325648414985,,0.0497596961719597,0.0851602413098932,,51.3782542085785,0.2502323856170889,0.3353751124654622,-0.0851427268483732,-27477377.0,53.60281523043146,2.7235714285714283,,,,-0.0710164225477142,0.0217687074829933,,51.3782542085785,-0.2065596217944237,0.0,0.0,0.0,0.5,,,,,,,,,,,,,,,,,,,,,,,,,,,,,,,,,,,,,,,,,,,,其他,0,0,0.5,1.0,0,0.0577319587628866,0.031957390146471365,-0.1881935197514426,0.0,0.5,0.5,0.6342975206611571,0.5,0.5,0.5,0.5,0.5,0.5,0.0577319587628866,0.9278350515463918,0.41855670103092785
2024-01-05,22.3,23.18,21.6,22.43,17120603.0,22.968,24.144,,,-0.0234238941135491,-0.0709907223326705,,,,,,,,-0.0044385264092321,-0.1373076923076923,-0.0205240174672488,,0.0504430080423634,0.0792689310557649,,56.8403218941306,0.1641904812766412,0.3005101142559189,-0.1363196329792776,-44597980.0,59.178850818088506,2.648571428571429,,,,-0.0757913508693713,-0.0044385264092321,,56.8403218941306,-0.0503278028709709,0.0,0.0,0.0,0.5,,,,,,,,,,,,,,,,,,,,,,,,,,,,,,,,,,,,,,,,,,,,其他,0,0,0.5,1.0,0,0.0390946502057613,-0.019170753455193923,-0.24164065983058391,0.002061855670103093,0.5,0.5,0.8061855670103093,0.5,0.5,0.5,0.5,0.5,0.5,0.03909465020576132,0.8004115226337448,0.26954732510288065
2024-01-08,22.13,22.82,21.01,21.07,14425315.0,22.416,23.732,,,-0.0600463954318344,-0.1121692229900556,,,,,,,,-0.0606330806954971,-0.1158203944607636,-0.1635569670504169,,0.044902550597794,0.0729423454048585,,58.39860748121158,0.0088269950053891,0.2413204778474988,-0.2324934828421097,-59023295.0,59.33803884187869,2.6278571428571422,,,,0.0821072615092548,-0.0606330806954971,,58.39860748121158,-0.1574295017529464,0.0,0.0,0.0,0.5,,,,,,,,,,,,,,,,,,,,,,,,,,,,,,,,,,,,,,,,,,,,其他,0,0,0.5,1.0,0,0.9526748971193416,0.035121025154247754,-0.273374466065496,0.026804123711340205,0.5,0.5,0.8412371134020619,0.5,0.5,0.5,0.5,0.5,0.5,0.9526748971193416,0.9444444444444444,0.360082304526749
2024-01-09,21.1,21.46,19.94,20.3,12798503.0,21.676,23.484,22.5775,,-0.0634803469274774,-0.1355816726281722,-0.1008747646993688,,22.5775,27.647605884911137,17.507394115088864,0.2753991680128927,0.4491290784975024,-0.0365448504983388,-0.1541666666666666,-0.1088674275680421,,0.0415828666519882,0.0679298512779034,,53.10939627442791,-0.1612174510855268,0.1598738766812769,-0.3210913277668038,-71821798.0,55.78896340515004,2.6135714285714284,0.5771870034807861,0.2982625482596693,,0.1556650246305417,-0.0365448504983388,,53.10939627442791,-0.1127747990251859,0.0,0.0,0.0,0.5,,,,,,,,,,,,,,,,,,,,,,,,,,,,,,,,,,,,,,,,,,,,其他,0,0,0.5,1.0,0,0.9938271604938272,0.11822660098522153,-0.2216748768472906,0.004123711340206186,0.5,0.5,0.6989690721649484,0.16907216494845362,0.032989690721649485,0.5,0.5,0.5,0.5,0.9938271604938271,0.9794238683127572,0.4609053497942387
2024-01-10,20.07,21.45,19.78,20.42,11546649.0,21.35,23.02,22.4125,,-0.043559718969555,-0.1129452649869677,-0.0889012827663133,,22.4125,27.540511310439943,17.284488689560057,0.3057239074361918,0.4576027940137927,0.005911330049261,-0.0739229024943309,-0.1851556264964085,-0.1391231028667789,0.0333432852877153,0.0566546908112873,0.0814183962857515,49.01283316541866,-0.2827270479773602,0.0705296365837802,-0.3532566845611405,-60275149.0,53.74810533820483,2.597857142857142,0.5499127748342225,0.3098455598425692,,0.0352595494613123,0.005911330049261,0.0814183962857515,49.01283316541866,-0.0978125332314255,0.0,0.0,0.0,0.5,,,,,,,,,,,,,,,,,,,,,,,,,,,,,,,,,,,,,,,,,,,,其他,0,0,0.5,1.0,0,0.9219712525667352,0.08080313418217422,-0.2918707149853086,0.11934156378600823,0.13168724279835392,1.0,0.5740740740740741,0.16255144032921812,0.07407407407407407,0.5,0.5,0.5,0.5,0.9219712525667351,0.9548254620123203,0.3203285420944558
2024-01-11,20.22,21.33,20.14,20.93,11545209.0,21.03,22.356,22.2515,,-0.0047551117451261,-0.0637860082304527,-0.0593892546569894,,22.2515,27.351940744629204,17.151059255370797,0.3704523720397503,0.4584356780087888,0.0249755142017629,-0.0710164225477142,-0.2408414943779471,-0.1333333333333333,0.0342409899859286,0.0422728026892044,0.0815320507231833,44.729802029822274,-0.3392233732011291,-0.0120301490678802,-0.3271932241332489,-48729940.0,53.65132296847285,2.5342857142857134,0.5718621924242312,0.359073359069893,,0.1108456760630673,0.0249755142017629,0.0815320507231833,44.729802029822274,-0.0001247115072087,0.0,0.0,0.0,0.5,,,,,,,,,,,,,,,,,,,,,,,,,,,,,,,,,,,,,,,,,,,,其他,0,0,0.5,1.0,0,0.9835728952772074,0.03440038222646913,-0.2713807931199236,0.05555555555555555,0.09876543209876543,1.0,0.45267489711934156,0.1337448559670782,0.09053497942386832,0.5,0.5,0.5,0.5,0.9835728952772074,0.8891170431211499,0.2792607802874743
2024-01-12,20.8,21.67,20.7,20.73,13359385.0,20.69,21.829,22.1975,,0.001933301111648,-0.050345870172706,-0.0661110485415022,,22.1975,27.34031460926438,17.054685390735617,0.3573252089048531,0.4633688126357664,-0.0095556617295747,-0.0757913508693713,-0.2026923076923077,-0.0495185694635487,0.0339535768344882,0.0411016562812711,0.0785785452349164,36.56626505715706,-0.3926049929290727,-0.0885970892803125,-0.3040079036487602,-62089325.0,52.33513753337972,2.391428571428571,0.6797710803160579,0.3397683397650601,,0.0612638687891944,-0.0095556617295747,0.0785785452349164,36.56626505715706,0.1571366962694222,0.0,0.0,0.0,0.5,,,,,,,,,,,,,,,,,,,,,,,,,,,,,,,,,,,,,,,,,,,,其他,0,0,0.5,1.0,0,0.9527720739219712,0.024119633381572525,-0.21900627110467918,0.037037037037037035,0.4382716049382716,1.0,0.1934156378600823,0.24074074074074073,0.08436213991769548,0.5,0.5,0.5,0.5,0.9527720739219713,0.8090349075975359,0.3141683778234086
2024-01-15,21.1,22.8,20.84,22.8,17453924.0,21.036,21.726000000000003,22.3775,,0.0838562464346832,0.0494338580502622,0.0188805720031282,,22.3775,27.32694069142108,17.428059308578923,0.5426815903338387,0.4423586809428184,0.0998552821997105,0.0821072615092548,-0.0432228283676037,0.1875,0.05153589456186,0.0503008730872597,0.0762213690748207,50.06150061069581,-0.2871252227890188,-0.1284911101691662,-0.1586341126198526,-44635401.0,48.157415614260366,2.179285714285714,0.897632050328999,0.5395752895700814,,-0.043421052631579,0.0998552821997105,0.0762213690748207,50.06150061069581,0.3064915787665374,0.0,0.0,0.0,0.5,,,,,,,,,,,,,,,,,,,,,,,,,,,,,,,,,,,,,,,,,,,,其他,0,0,0.5,1.0,0,0.8747433264887063,0.02412280701754388,-0.2802631578947369,0.9526748971193416,0.9814814814814815,1.0,0.4835390946502058,0.6172839506172839,0.7654320987654321,0.5,0.5,0.5,0.5,0.8747433264887063,0.8685831622176592,0.19301848049281314
2024-01-16,22.75,25.08,21.77,23.46,31336741.0,21.668,21.672000000000004,22.69,,0.0827026029167437,0.08250276854928,0.0339356544733362,,22.69,27.015595791029074,18.364404208970928,0.5890050801253801,0.3812777250780088,0.0289473684210526,0.1556650246305417,-0.0224999999999999,0.3631609529343405,0.0419851901108505,0.0512662698213511,0.0712981531719708,44.53551912142421,-0.1558505687590177,-0.1339837525031849,-0.0218668162558327,-13298660.0,57.13896465098709,2.0899999999999994,1.5607794347985802,0.5243055555494873,,-0.0323955669224211,0.0289473684210526,0.0712981531719708,44.53551912142421,0.7953980434428385,0.0,0.0,0.0,0.5,,,,,,,,,,,,,,,,,,,,,,,,,,,,,,,,,,,,,,,,,,,,其他,0,0,0.5,1.0,0,0.8809034907597536,-0.06564364876385331,-0.2860187553282183,0.9938271604938271,0.9897119341563786,1.0,0.345679012345679,0.8909465020576132,0.8683127572016461,0.5,0.5,0.5,0.5,0.8809034907597536,0.5564681724845996,0.11909650924024641
2024-01-17,22.4,22.78,21.11,21.14,19786479.0,21.812,21.581,22.8005,,-0.030808729139923,-0.0204346415828737,-0.0728273502774061,,22.8005,26.824033273131963,18.77696672686804,0.293651513817753,0.3529337754096899,-0.0988917306052855,0.0352595494613123,-0.0412698412698412,0.1167459059693607,0.0722715592360908,0.0545306011080559,0.0731106055606015,27.75086504921445,-0.2147357700996686,-0.1501831155932338,-0.0645526545064347,-33085139.0,47.638283405274045,2.0785714285714283,0.9707626311523528,0.1155433287466912,,0.04399243140965,-0.0988917306052855,0.0731106055606015,27.75086504921445,-0.3685852973670747,0.0,0.0,0.0,0.5,,,,,,,,,,,,,,,,,,,,,,,,,,,,,,,,,,,,,,,,,,,,其他,0,0,0.5,1.0,0,0.9568788501026694,-0.06669820245979186,-0.19678334910122985,0.9218106995884774,0.9609053497942387,1.0,0.1111111111111111,0.6358024691358025,0.1419753086419753,0.5,0.5,0.5,0.5,0.9568788501026694,0.6201232032854209,0.23613963039014374
2024-01-18,20.5,23.25,20.08,23.25,23487002.0,22.276,21.653,22.922000000000004,,0.0437241874663314,0.0737542141966471,0.0143093970857688,,22.922000000000004,26.839069796349527,19.00493020365048,0.5418680310791865,0.3417738239536195,0.0998107852412488,0.1108456760630673,0.0319573901464713,0.11671469740634,0.0832978538468537,0.0633228294661281,0.0731085750281933,40.8272181416172,-0.108545226725905,-0.1418353541711297,0.0332901274452247,-9598137.0,42.86471450267663,1.9407142857142847,1.0952149648645493,0.4057771664318324,,-0.0688172043010753,0.0998107852412488,0.0731085750281933,40.8272181416172,0.1870228149232615,0.0,0.0,0.0,0.5,,,,,,,,,,,,,,,,,,,,,,,,,,,,,,,,,,,,,,,,,,,,其他,0,0,0.5,1.0,0,0.0574948665297741,-0.21333333333333337,-0.24602150537634404,0.9835390946502057,0.9465020576131687,1.0,0.654320987654321,0.2962962962962963,0.8786008230452675,0.5,0.5,0.5,0.5,0.057494866529774126,0.07392197125256673,0.059548254620123205
2024-01-19,22.74,23.86,21.89,22.0,24271779.0,22.53,21.61,22.877,,-0.0235241899689303,0.018047200370199,-0.0383354460812168,,22.877,26.81575267458861,18.938247325411385,0.388670339001361,0.344341712162556,-0.053763440860215,0.0612638687891944,-0.0191707534551939,-0.0393013100436681,0.0898434342917928,0.0659993505524289,0.0709921944056404,43.49680170142889,-0.1138609426428303,-0.136229628815678,0.0223686861728477,-33869916.0,53.60676801204667,1.915,1.0985832092126004,0.2338376891302084,,-0.035,-0.053763440860215,0.0709921944056404,43.49680170142889,0.0334132470376593,0.0,0.0,0.0,0.5,,,,,,,,,,,,,,,,,,,,,,,,,,,,,,,,,,,,,,,,,,,,其他,0,0,0.5,1.0,0,0.1334702258726899,-0.2268181818181817,-0.18545454545454543,0.9526748971193416,0.6584362139917695,0.9979423868312757,0.7530864197530864,0.7716049382716049,0.6111111111111112,0.5,0.5,0.5,0.5,0.13347022587268995,0.12114989733059549,0.13141683778234087
2024-01-22,21.67,23.57,20.91,21.81,15934430.0,22.332,21.684,22.708,,-0.023374529822676,0.0058107360265633,-0.039545534613352,,22.708,26.516790939530893,18.899209060469104,0.3821148214361153,0.3354580711215538,-0.0086363636363636,-0.043421052631579,0.0351210251542477,-0.1341802302500992,0.0763759247726306,0.0626541824563928,0.0670128943951777,42.228530868763656,-0.1303807582344838,-0.1350580417562762,0.0046772835217924,-49804346.0,55.2680457295844,2.020714285714285,0.7281568560170548,0.2077028885803614,,0.0706098120128382,-0.0086363636363636,0.0670128943951777,42.228530868763656,-0.3434997080354102,0.0,0.0,0.0,0.5,,,,,,,,,,,,,,,,,,,,,,,,,,,,,,,,,,,,,,,,,,,,其他,0,0,0.5,1.0,0,0.6694045174537988,-0.29802842732691415,-0.16093535075653365,0.8744855967078189,0.3271604938271605,0.9938271604938271,0.8744855967078189,0.09053497942386832,0.8621399176954733,0.5,0.5,0.5,0.5,0.6694045174537988,0.030800821355236138,0.039014373716632446
2024-01-23,22.11,23.48,21.23,22.7,19223390.0,22.18,21.924,22.704,,0.0234445446348061,0.0353950009122423,-0.0001761804087385,,22.704,26.51264059185095,18.89535940814905,0.4994748782467808,0.3355039281037856,0.0408069692801467,-0.0323955669224211,0.1182266009852215,-0.0035118525021949,0.0779207759261055,0.0616938121594109,0.0641891985721543,52.494244046547045,-0.0771231795883089,-0.1234567075665802,0.0463335279782713,-30580956.0,63.87255955173831,2.01,0.9219643180525416,0.3301237964191177,,-0.034361233480176,0.0408069692801467,0.0641891985721543,52.494244046547045,0.206405877085029,0.0,0.0,0.0,0.5,,,,,,,,,,,,,,,,,,,,,,,,,,,,,,,,,,,,,,,,,,,,其他,0,0,0.5,1.0,0,0.164271047227926,-0.303964757709251,-0.26387665198237875,0.8806584362139918,0.8724279835390947,0.9938271604938271,0.9382716049382716,0.33539094650205764,0.9218106995884774,0.5,0.5,0.5,0.5,0.16427104722792607,0.057494866529774126,0.01642710472279261
2024-01-24,21.9,22.41,21.25,22.07,15415250.0,22.366,22.089,22.5545,,-0.0132343736027898,-0.000860156639051,-0.0214813008490545,,22.5545,26.205209952583846,18.903790047416155,0.4336430439097945,0.3237234212744826,-0.0277533039647576,0.04399243140965,0.0808031341821742,-0.119313647246608,0.0609372745592992,0.0630244701033835,0.0601192074716364,48.25493170959355,-0.0807103431152107,-0.1148989594931173,0.0341886163779066,-45996206.0,64.61695123561381,1.9978571428571423,0.7497945497756293,0.2434662998590994,,-0.1060262800181242,-0.0277533039647576,0.0601192074716364,48.25493170959355,-0.1980992946613474,0.0,0.0,0.0,0.5,,,,,,,,,,,,,,,,,,,,,,,,,,,,,,,,,,,,,,,,,,,,其他,0,0,0.5,1.0,0,0.1560574948665297,-0.3448119619392841,-0.20842772995015868,0.9567901234567902,0.1934156378600823,0.9938271604938271,0.8724279835390947,0.12962962962962962,0.7757201646090535,0.5,0.5,0.5,0.5,0.15605749486652978,0.10882956878850103,0.057494866529774126
2024-01-25,21.79,22.1,20.8,21.65,14260537.0,22.046,22.161,22.2585,,-0.0179624421663794,-0.0230585262397905,-0.0273378709257139,,22.2585,25.05763727310473,19.459362726895268,0.3913057952023552,0.2515117616274374,-0.019030357951971,-0.0688172043010753,0.0344003822264691,-0.2147261516140733,0.0347405901810847,0.0633654245103152,0.0548631739020424,47.11111110622552,-0.1134958119550688,-0.1146181074716116,0.0011222955165427,-60256743.0,58.41091555767996,1.9778571428571428,0.7252302762891333,0.2368421052590024,,-0.1551963048498845,-0.019030357951971,0.0548631739020424,47.11111110622552,-0.0749071860657465,0.0,0.0,0.0,0.5,,,,,,,,,,,,,,,,,,,,,,,,,,,,,,,,,,,,,,,,,,,,其他,0,0,0.5,1.0,0,0.1683778234086242,-0.29561200923787523,-0.18383371824480355,0.05555555555555555,0.00823045267489712,0.9753086419753086,0.7160493827160493,0.09465020576131687,0.48559670781893005,0.5,0.5,0.5,0.5,0.16837782340862423,0.15811088295687886,0.14168377823408623
2024-01-26,21.35,22.07,21.23,21.23,10880918.0,21.892,22.211,22.020000000000003,,-0.0302393568426821,-0.0441673044887669,-0.0358764759309719,,22.020000000000003,24.22708905693974,19.812910943060267,0.3210312362457433,0.2004622213378486,-0.0193995381062355,-0.035,0.0241196333815725,-0.1834615384615384,0.0274643709507675,0.0636953656139445,0.053825860316032,50.63694266951499,-0.1689118147086574,-0.1254837358291755,-0.0434280788794819,-71137661.0,59.270175641111614,1.9085714285714288,0.5966504620824239,0.251351351344558,,-0.1987753179463023,-0.0193995381062355,0.053825860316032,50.63694266951499,-0.2369910053176819,0.0,0.0,0.0,0.5,,,,,,,,,,,,,,,,,,,,,,,,,,,,,,,,,,,,,,,,,,,,其他,0,0,0.5,1.0,0,0.1745379876796714,-0.23739990579368808,-0.1738106453132361,0.13168724279835392,0.030864197530864196,0.9732510288065843,0.6728395061728395,0.07818930041152264,0.3292181069958848,0.5,0.5,0.5,0.5,0.17453798767967146,0.21149897330595482,0.1806981519507187
2024-01-29,23.35,23.35,23.35,23.35,6184184.0,22.2,22.266,21.996,,0.0518018018018018,0.048684092338094,0.0615566466630297,,21.996,24.12942719091778,19.862572809082216,0.8173297888211012,0.1939831961182108,0.0998586905322658,0.0706098120128382,0.0241228070175438,-0.0201426772975239,0.054854767196817,0.063695934375543,0.0559912359145395,60.9633357235551,-0.0524303512854977,-0.1108656466686405,0.0584352953831427,-64953477.0,63.41358990667082,1.9514285714285715,0.3621329105061607,0.8243243243020456,,-0.3443254817987152,0.0998586905322658,0.0559912359145395,60.9633357235551,-0.4316486899359043,0.0,0.0,0.0,0.5,,,,,,,,,,,,,,,,,,,,,,,,,,,,,,,,,,,,,,,,,,,,其他,0,0,0.5,1.0,0,0.0082135523613963,-0.2972162740899358,-0.24068522483940047,0.668724279835391,0.7139917695473251,0.977366255144033,0.9053497942386831,0.00823045267489712,0.9444444444444444,0.5,0.5,0.5,0.5,0.008213552361396304,0.0513347022587269,0.06365503080082136
2024-01-30,22.68,23.49,21.52,21.92,19228269.0,22.044000000000004,22.112,21.892,,-0.0056251134095446,-0.0086830680173659,0.0012790060295999,,21.892,23.805559372918484,19.978440627081515,0.507316208826739,0.1748181411392055,-0.0612419700214132,-0.034361233480176,-0.0656436487638533,-0.0866666666666665,0.0613984879534094,0.066139950530356,0.0576258291803716,54.92772667037459,-0.067759524685389,-0.1022409236686981,0.0344813989833091,-84181746.0,61.15256725120464,1.9728571428571429,1.1343855079759655,0.5126582278318782,,-0.2791970802919709,-0.0612419700214132,0.0576258291803716,54.92772667037459,2.109265345274332,0.0,0.0,0.0,0.5,,,,,,,,,,,,,,,,,,,,,,,,,,,,,,,,,,,,,,,,,,,,其他,0,0,0.5,1.0,0,0.0924024640657084,-0.23585766423357668,-0.1468978102189782,0.16255144032921812,0.5637860082304527,0.9794238683127572,0.8950617283950617,0.7551440329218106,0.831275720164609,0.5,0.5,0.5,0.5,0.09240246406570841,0.049281314168377825,0.11909650924024641
2024-01-31,21.2,21.8,19.73,19.73,14511063.0,21.576,21.971,21.776000000000003,,-0.0855580274378939,-0.1019980883892403,-0.0939566495224101,,21.776000000000003,23.91699239163819,19.635007608361818,0.0221841964518334,0.1966378023170787,-0.0999087591240875,-0.1060262800181242,-0.0666982024597918,-0.1052154195011337,0.0749227950430138,0.0663012548014938,0.0590923942576746,46.44970413816393,-0.2436587793079567,-0.1305336763197192,-0.1131251029882375,-98692809.0,56.09990830365229,2.0442857142857145,0.8773380290393817,0.0,,-0.2671059300557526,-0.0999087591240875,0.0590923942576746,46.44970413816393,-0.2453266074028817,0.0,0.0,0.0,0.5,,,,,,,,,,,,,,,,,,,,,,,,,,,,,,,,,,,,,,,,,,,,其他,0,0,0.5,1.0,0,0.1416837782340862,-0.13938165230613275,-0.036492650785605596,0.15432098765432098,0.6481481481481481,0.977366255144033,0.8477366255144033,0.205761316872428,0.48559670781893005,0.5,0.5,0.5,0.5,0.14168377823408623,0.08008213552361396,0.28542094455852157
2024-02-01,18.8,19.17,17.95,18.29,10189553.0,20.904,21.475,21.564,,-0.1250478377344049,-0.1483119906868453,-0.1518271192728622,,21.564,24.178054322312363,18.94994567768764,-0.1262302913986949,0.2424461437859618,-0.0729853015712114,-0.1551963048498845,-0.2133333333333333,-0.1881935197514426,0.0785556758875188,0.0579647659106248,0.0607031556863036,43.2745314189314,-0.487239164070079,-0.201893299887255,-0.285345864182824,-108882362.0,51.81259171088372,2.1021428571428573,0.6310118142700404,0.0,,-0.1662110442864953,-0.0729853015712114,0.0607031556863036,43.2745314189314,-0.2978079552132052,0.0,0.0,0.0,0.5,,,,,,,,,,,,,,,,,,,,,,,,,,,,,,,,,,,,,,,,,,,,其他,0,0,0.5,1.0,0,0.1765913757700205,-0.041552761071623756,-0.002186987424822262,0.16666666666666666,0.4156378600823045,0.9814814814814815,0.8395061728395061,0.10082304526748971,0.23868312757201646,0.5,0.5,0.5,0.5,0.17659137577002054,0.13141683778234087,0.28952772073921973
2024-02-02,18.45,18.45,16.46,17.01,10337706.0,20.06,20.976,21.293,,-0.1520438683948155,-0.1890732265446223,-0.2011459164983796,,21.293,24.569012338515407,18.016987661484592,-0.1536910666712504,0.3077079170149835,-0.0699835975943137,-0.1987753179463023,-0.2268181818181817,-0.2416406598305839,0.0799752292179729,0.0591605777935356,0.0622154007404298,33.31412103477581,-0.7693140581854294,-0.3154010261793157,-0.4539130320061137,-119220068.0,46.377027685146544,2.0964285714285715,0.6539203892097081,0.0,,-0.048206937095826,-0.0699835975943137,0.0622154007404298,33.31412103477581,0.0145396957059844,0.0,0.0,0.0,0.5,,,,,,,,,,,,,,,,,,,,,,,,,,,,,,,,,,,,,,,,,,,,其他,0,0,0.5,1.0,0,0.2464065708418891,0.053497942386831365,0.06819517930629049,0.1728395061728395,0.2674897119341564,0.9794238683127572,0.6995884773662552,0.05761316872427984,0.13991769547325103,0.5,0.5,0.5,0.5,0.2464065708418891,0.324435318275154,0.3613963039014374
2024-02-05,16.91,16.95,15.31,15.31,7835148.0,18.452,20.326,21.005000000000003,,-0.1702796444829829,-0.2467775263209681,-0.2711259223994288,,21.005000000000003,25.23685662875241,16.773143371247595,-0.1728725119477472,0.4029380270156877,-0.0999412110523222,-0.3443254817987152,-0.2980284273269141,-0.273374466065496,0.0179729693199555,0.0634460937927068,0.0644175581140329,27.84121805117032,-1.1106452645661165,-0.4744763047708934,-0.636168959795223,-127055216.0,36.39388126246925,1.9814285714285715,0.5061692058615845,0.0,,0.0718484650555193,-0.0999412110523222,0.0644175581140329,27.84121805117032,-0.242080593121917,0.0,0.0,0.0,0.5,,,,,,,,,,,,,,,,,,,,,,,,,,,,,,,,,,,,,,,,,,,,其他,0,0,0.5,1.0,0,0.3182751540041068,0.19529719137818424,0.1868060091443502,0.006172839506172839,0.35802469135802467,0.9794238683127572,0.6563786008230452,0.0411522633744856,0.10699588477366255,0.5,0.5,0.5,0.5,0.3182751540041068,0.5441478439425051,0.4804928131416838
2024-02-06,14.55,15.98,13.85,15.8,10057589.0,17.228,19.636000000000003,20.78,,-0.0828883213373578,-0.1953554695457323,-0.2396535129932626,,20.78,25.60642725004737,15.95357274995262,-0.015909568506344,0.464526203082209,0.032005225342913,-0.2791970802919709,-0.303964757709251,-0.2216748768472906,0.0545386885248989,0.0623608380448562,0.0649691127995094,33.87681159133892,-1.327627897428993,-0.6451293069773231,-0.6824985904516699,-116997627.0,38.758903374487424,1.965714285714286,0.6555480637215758,0.0601226993857653,,0.0601265822784808,0.032005225342913,0.0649691127995094,33.87681159133892,0.2836501620645839,0.0,0.0,0.0,0.5,,,,,,,,,,,,,,,,,,,,,,,,,,,,,,,,,,,,,,,,,,,,其他,0,0,0.5,1.0,0,0.2874743326488706,0.057594936708860844,0.13607594936708844,0.09053497942386832,0.4588477366255144,0.9814814814814815,0.5967078189300411,0.02880658436213992,0.2366255144032922,0.5,0.5,0.5,0.5,0.2874743326488706,0.22381930184804927,0.3860369609856263
2024-02-07,15.56,16.11,14.23,14.46,9661510.0,16.174,18.875000000000004,20.482,,-0.1059725485346851,-0.233907284768212,-0.2940142564202713,,20.482,26.07683069684112,14.887169303158885,-0.0381753556364312,0.546316833982404,-0.0848101265822784,-0.2671059300557526,-0.3448119619392841,-0.2918707149853086,0.0522982367394283,0.0643216325691428,0.0669051441806455,22.16592780044128,-1.5849445262217898,-0.8331123406110996,-0.7518321856106902,-126659137.0,29.06309740741966,1.8735714285714289,0.6336246005403212,0.0,,0.1742738589211618,-0.0848101265822784,0.0669051441806455,22.16592780044128,-0.0393811081363535,0.0,0.0,0.0,0.5,,,,,,,,,,,,,,,,,,,,,,,,,,,,,,,,,,,,,,,,,,,,其他,0,0,0.5,1.0,0,0.6735112936344969,0.20816044260027655,0.2503457814661132,0.13991769547325103,0.31893004115226337,0.9794238683127572,0.31275720164609055,0.03497942386831276,0.1748971193415638,0.5,0.5,0.5,0.5,0.6735112936344969,0.6611909650924025,0.6478439425051334
2024-02-08,14.35,15.37,14.28,15.25,7424694.0,15.566,18.235000000000003,20.198,,-0.0203006552743157,-0.1636961886482041,-0.244974749975245,,20.198,26.2546643590259,14.141335640974102,0.0915243352856896,0.5997291176350047,0.0546334716459198,-0.1662110442864953,-0.2956120092378752,-0.2713807931199236,0.0714782987713625,0.0708216519243996,0.0681543927605516,27.984344420144936,-1.7074919702908318,-1.0080031446112303,-0.6994888256796015,-119234443.0,20.03061907958569,1.8107142857142853,0.4935982636139488,0.0877777777768023,,0.1495081967213116,0.0546334716459198,0.0681543927605516,27.984344420144936,-0.2315182616381911,0.0,0.0,0.0,0.5,,,,,,,,,,,,,,,,,,,,,,,,,,,,,,,,,,,,,,,,,,,,其他,0,0,0.5,1.0,0,0.7248459958932238,0.15868852459016414,0.18426229508196723,0.1748971193415638,0.2777777777777778,0.9814814814814815,0.26954732510288065,0.01440329218106996,0.15020576131687244,0.5,0.5,0.5,0.5,0.7248459958932238,0.6960985626283368,0.62217659137577
2024-02-19,15.45,16.5,15.45,16.19,8283840.0,15.401999999999996,17.731,19.971,,0.0511621867289964,-0.086909931757938,-0.1893245205548044,,19.971,26.27881603709989,13.66318396290011,0.2002924643187281,0.6316975651763362,0.0616393442622951,-0.048206937095826,-0.237399905793688,-0.2190062711046791,0.0786185448894112,0.0768280336686219,0.0701997951841655,32.52487561905879,-1.7114152589834042,-1.148695142486874,-0.5627201164965303,-110950603.0,25.53426941378608,1.7100000000000002,0.5601655260241505,0.1922222222200864,,0.1068560840024706,0.0616393442622951,0.0701997951841655,32.52487561905879,0.1157146678368159,0.0,0.0,0.0,0.5,,,,,,,,,,,,,,,,,,,,,,,,,,,,,,,,,,,,,,,,,,,,其他,0,0,0.5,1.0,0,0.7125256673511293,0.08338480543545379,0.13341568869672638,0.2448559670781893,0.31275720164609055,0.977366255144033,0.20781893004115226,0.0411522633744856,0.1419753086419753,0.5,0.5,0.5,0.5,0.7125256673511293,0.5893223819301848,0.5338809034907598
2024-02-20,16.04,16.43,15.86,16.41,7342159.0,15.622,17.037,19.6515,,0.0504416848034823,-0.0368022539179432,-0.1649492405159911,,19.6515,26.003150510735463,13.29984948926453,0.2448301040378604,0.6464290777501105,0.0135886349598517,0.0718484650555193,-0.2972162740899358,-0.2802631578947369,0.0591574712890519,0.0653519789218497,0.065597981449939,29.591174559284383,-1.6778815517997394,-1.25453818699292,-0.4233433648068194,-103608444.0,17.50371924505015,1.59,0.5140627620701914,0.2166666666642591,,0.1151736745886655,0.0135886349598517,0.065597981449939,29.591174559284383,-0.1136768696643102,0.0,0.0,0.0,0.5,,,,,,,,,,,,,,,,,,,,,,,,,,,,,,,,,,,,,,,,,,,,其他,0,0,0.5,1.0,0,0.6858316221765913,0.08043875685557578,0.11395490554539922,0.3168724279835391,0.19135802469135801,0.9732510288065843,0.09670781893004116,0.08024691358024691,0.12962962962962962,0.5,0.5,0.5,0.5,0.6858316221765913,0.7248459958932238,0.49691991786447637
2024-02-21,16.2,17.17,16.11,16.75,8670285.0,15.812,16.520000000000003,19.316,,0.0593220338983049,0.0139225181598061,-0.1328432387657899,,19.316,25.52794570756088,13.10405429243912,0.2934624575914971,0.6431917278451771,0.0207190737355271,0.0601265822784808,-0.2358576642335766,-0.2860187553282183,0.0585785039955511,0.0665041291750023,0.0653380686341653,32.40740740440671,-1.6060741307559,-1.324848438188869,-0.2812256925670309,-94938159.0,24.094023018869137,1.5621428571428575,0.65937290108665,0.2575928008969898,,-0.0023880597014924,0.0207190737355271,0.0653380686341653,32.40740740440671,0.1808903893255375,0.0,0.0,0.0,0.5,,,,,,,,,,,,,,,,,,,,,,,,,,,,,,,,,,,,,,,,,,,,其他,0,0,0.5,1.0,0,0.3347022587268994,0.11641791044776117,0.08656716417910437,0.28600823045267487,0.11728395061728394,0.9650205761316872,0.13991769547325103,0.059670781893004114,0.10905349794238683,0.5,0.5,0.5,0.5,0.3347022587268994,0.8501026694045175,0.42505133470225875
2024-02-22,16.5,17.02,16.5,16.98,7079910.0,16.316000000000003,16.244999999999997,19.108,,0.0406962490806568,0.0452446906740537,-0.1113669667155117,,19.108,25.34133854958031,12.874661450419683,0.3293049556744993,0.652432337193604,0.0137313432835821,0.1742738589211618,-0.1393816523061327,-0.1967833491012298,0.0233828345392437,0.0617251281808717,0.062487905191461,34.36034828880747,-1.5136042729727706,-1.3626009206276672,-0.1510033523451033,-87858249.0,30.61922554789708,1.5064285714285717,0.5657609219936185,0.2834645669259452,,0.0288574793875147,0.0137313432835821,0.062487905191461,34.36034828880747,-0.1834282264077824,0.0,0.0,0.0,0.5,,,,,,,,,,,,,,,,,,,,,,,,,,,,,,,,,,,,,,,,,,,,其他,0,0,0.5,1.0,0,0.5811088295687885,0.1195524146054181,0.06124852767962308,0.6728395061728395,0.2345679012345679,0.9526748971193416,0.3045267489711934,0.09670781893004116,0.06584362139917696,0.5,0.5,0.5,0.5,0.5811088295687885,0.9034907597535934,0.3757700205338809
2024-02-23,16.99,17.65,16.81,17.53,7827972.0,16.772000000000002,16.169,18.822,,0.0451943715716669,0.0841734182695281,-0.0686430772500265,,18.822,24.77368123085268,12.870318769147325,0.3914592406813054,0.6324175146978063,0.0323910482921083,0.1495081967213116,-0.0415527610716237,-0.246021505376344,0.0200893265283182,0.0593213358839147,0.0579617550132557,37.71580344934913,-1.3810864595086123,-1.3662981314670524,-0.0147883280415599,-80030277.0,37.46709070193702,1.5064285714285717,0.6672888751354071,0.3453318335169254,,0.0079863091842555,0.0323910482921083,0.0579617550132557,37.71580344934913,0.1056598177095471,0.0,0.0,0.0,0.5,,,,,,,,,,,,,,,,,,,,,,,,,,,,,,,,,,,,,,,,,,,,其他,0,0,0.5,1.0,0,0.4784394250513347,0.04107244723331416,-0.01197946377638337,0.7242798353909465,0.05761316872427984,0.9053497942386831,0.35390946502057613,0.15020576131687244,0.06378600823045268,0.5,0.5,0.5,0.5,0.4784394250513347,0.7248459958932238,0.18480492813141683
2024-02-26,17.87,18.14,17.44,17.92,8319428.0,17.118000000000002,16.26,18.618,,0.0468512676714569,0.102091020910209,-0.0374906004941454,,18.618,24.38794973981575,12.848050260184255,0.4395142044975385,0.6198248726807128,0.022247575584712,0.1068560840024706,0.0534979423868313,-0.1854545454545454,0.0077148300359126,0.0546685732589864,0.0575979631113166,29.63240809891333,-1.2311118508744343,-1.3392602723841225,0.1081484215096881,-71710849.0,37.5692718541116,1.405,0.760919227100776,0.3892013498268932,,-0.0212053571428573,0.022247575584712,0.0575979631113166,29.63240809891333,0.0627820334564304,0.0,0.0,0.0,0.5,,,,,,,,,,,,,,,,,,,,,,,,,,,,,,,,,,,,,,,,,,,,其他,0,0,0.5,1.0,0,0.2279260780287474,0.013950892857142794,-0.0686383928571429,0.7119341563786008,0.12962962962962962,0.8888888888888888,0.026748971193415638,0.205761316872428,0.08024691358024691,0.5,0.5,0.5,0.5,0.22792607802874743,0.48459958932238195,0.043121149897330596
2024-02-27,17.7,18.3,17.52,18.3,6860362.0,17.496000000000002,16.559,18.442500000000003,,0.0459533607681754,0.1051391992270065,-0.0077267181781213,,18.442500000000003,24.0137565907522,12.871243409247809,0.4872111436865732,0.60417585367732,0.0212053571428569,0.1151736745886655,0.1952971913781842,-0.1609353507565336,0.0066832020300416,0.0398435298685169,0.0579823111309043,35.260586315198296,-1.0699086606115102,-1.2853889889337875,0.2154803283222772,-64850487.0,48.81751512339655,1.3200000000000005,0.6546341619023432,0.4319460067442975,,-0.0311475409836066,0.0212053571428569,0.0579823111309043,35.260586315198296,-0.1753805670293678,0.0,0.0,0.0,0.5,,,,,,,,,,,,,,,,,,,,,,,,,,,,,,,,,,,,,,,,,,,,其他,0,0,0.5,1.0,0,0.4435318275154004,-0.0071038251366120075,-0.08688524590163937,0.6851851851851852,0.037037037037037035,0.9074074074074074,0.03292181069958848,0.18930041152263374,0.07613168724279835,0.5,0.5,0.5,0.5,0.44353182751540043,0.38193018480492813,0.043121149897330596
2024-02-28,18.3,18.7,16.69,16.71,10322798.0,17.488,16.65,18.143,,-0.0444876486733759,0.0036036036036037,-0.078983630050157,,18.143,23.38485624012192,12.901143759878089,0.3633117797977799,0.5778378702632443,-0.0868852459016393,-0.0023880597014924,0.0575949367088608,-0.2638766519823787,0.0493202550678061,0.0514820653060346,0.0594401327370747,37.07191780377562,-1.0557493138161789,-1.2394603983955168,0.1837110845793379,-75173285.0,51.67058803770496,1.3071428571428572,1.0287144044634302,0.2530933633267368,,0.1190903650508676,-0.0868852459016393,0.0594401327370747,37.07191780377562,0.5047016469393306,0.0,0.0,0.0,0.5,,,,,,,,,,,,,,,,,,,,,,,,,,,,,,,,,,,,,,,,,,,,其他,0,0,0.5,1.0,0,0.9404517453798767,0.07420706163973656,-0.053261520047875544,0.3333333333333333,0.01440329218106996,0.8888888888888888,0.06172839506172839,0.14609053497942387,0.051440329218107,0.5,0.5,0.5,0.5,0.9404517453798767,0.6365503080082136,0.12320328542094455
2024-02-29,16.58,17.5,16.44,17.47,7415417.0,17.586000000000002,16.951,17.913,,-0.0065961560332084,0.0306176626747682,-0.0247306425501033,,17.913,22.82248855734857,13.003511442651424,0.4548832841882885,0.5481481111283615,0.0454817474566127,0.0288574793875147,0.2081604426002765,-0.2084277299501586,0.0533249653996975,0.0411607866464265,0.0607568020764349,46.27272726683801,-0.973075821177531,-1.1861828746301368,0.2131070534526058,-67757868.0,53.29732961770906,1.2557142857142856,0.7696599086438597,0.3385826771615455,,0.0881511161991988,0.0454817474566127,0.0607568020764349,46.27272726683801,-0.2816466039536954,0.0,0.0,0.0,0.5,,,,,,,,,,,,,,,,,,,,,,,,,,,,,,,,,,,,,,,,,,,,其他,0,0,0.5,1.0,0,0.9301848049281314,0.03491700057240976,-0.07784773898111041,0.5802469135802469,0.05555555555555555,0.9032921810699589,0.13991769547325103,0.18930041152263374,0.09670781893004116,0.5,0.5,0.5,0.5,0.9301848049281314,0.6242299794661191,0.10061601642710473
2024-03-01,17.44,17.79,17.1,17.67,5205122.0,17.614,17.193,17.714000000000002,,0.0031792892017714,0.0277438492409702,-0.0024839110308231,,17.714000000000002,22.29752840414224,13.130471595857763,0.4952002042782416,0.5175034892307061,0.011448196908987,0.0079863091842555,0.1586885245901641,-0.1838337182448035,0.0516160854311896,0.0393337237000485,0.0608960791970293,53.326612895699874,-0.8815174742638021,-1.125249237965559,0.2437317637017568,-62552746.0,60.73841305621457,1.1628571428571426,0.5668896491082694,0.3610798650128113,,0.0328239954725522,0.011448196908987,0.0608960791970293,53.326612895699874,-0.2980675260743933,0.0,0.0,0.0,0.5,,,,,,,,,,,,,,,,,,,,,,,,,,,,,,,,,,,,,,,,,,,,其他,0,0,0.5,1.0,0,0.8028747433264887,0.022071307300509213,-0.08715336728919088,0.4773662551440329,0.13991769547325103,0.9238683127572016,0.2448559670781893,0.10699588477366255,0.13168724279835392,0.5,0.5,0.5,0.5,0.8028747433264887,0.45790554414784396,0.07392197125256673
2024-03-04,17.6,17.95,17.1,17.54,4405652.0,17.538000000000004,17.328,17.5295,,0.0001140380887214,0.0122345337026776,0.0005989902735388,,17.5295,21.803748348817383,13.255251651182611,0.5012282861327867,0.4876634643079386,-0.0073571024335032,-0.0212053571428573,0.0833848054354537,-0.1738106453132361,0.0504990179504516,0.0362853792104988,0.0608401716276534,63.35329340255153,-0.809937709413532,-1.0621864714234708,0.2522487620099387,-66958398.0,66.59307559575821,1.1021428571428566,0.497356720104808,0.3464566929094884,,0.0359179019384265,-0.0073571024335032,0.0608401716276534,63.35329340255153,-0.1535929417216349,0.0,0.0,0.0,0.5,,,,,,,,,,,,,,,,,,,,,,,,,,,,,,,,,,,,,,,,,,,,其他,0,0,0.5,1.0,0,0.7761806981519507,0.0461801596351199,-0.06043329532497144,0.22633744855967078,0.17901234567901234,0.9320987654320988,0.26337448559670784,0.051440329218107,0.18930041152263374,0.5,0.5,0.5,0.5,0.7761806981519507,0.5010266940451745,0.07597535934291581
2024-03-05,17.5,18.11,16.92,17.73,6379336.0,17.424,17.46,17.2485,,0.0175619834710745,0.0154639175257731,0.027915470910514,,17.2485,20.53680319385797,13.960196806142026,0.5732140516790003,0.3812856994914236,0.0108323831242873,-0.0311475409836066,0.0804387568555757,-0.2406852248394004,0.0494467534301741,0.0362542114377257,0.0555857989335742,61.987577628971096,-0.7296815153495047,-0.9956850914411748,0.2660035760916701,-60579062.0,74.48369444990539,1.0349999999999997,0.7193746801557594,0.4383378016027031,,0.0248166948674564,0.0108323831242873,0.0555857989335742,61.987577628971096,0.4479890831141451,0.0,0.0,0.0,0.5,,,,,,,,,,,,,,,,,,,,,,,,,,,,,,,,,,,,,,,,,,,,其他,0,0,0.5,1.0,0,0.4250513347022587,0.031020868584320294,-0.04850535815002821,0.44238683127572015,0.06172839506172839,0.8374485596707819,0.30864197530864196,0.5020576131687243,0.5246913580246914,0.5,0.5,0.5,0.5,0.42505133470225875,0.3531827515400411,0.09856262833675565
2024-03-06,17.56,19.43,17.46,18.7,13155948.0,17.822,17.655,17.0875,,0.0492649534283469,0.0591900311526478,0.0943672275054865,,17.0875,19.64739206186916,14.527607938130837,0.814954685773177,0.2996216019726914,0.0547095318668922,0.1190903650508676,0.1164179104477611,-0.1468978102189782,0.0260478860434774,0.0390268433876245,0.0562400774052384,77.60416665252006,-0.5821459901858503,-0.9129768843799336,0.3308308941940834,-47423114.0,83.57854081022576,1.0414285714285707,1.5361427107907073,0.8045540796811278,,-0.0401069518716578,0.0547095318668922,0.0562400774052384,77.60416665252006,1.062275446849014,0.0,0.0,0.0,0.5,,,,,,,,,,,,,,,,,,,,,,,,,,,,,,,,,,,,,,,,,,,,其他,0,0,0.5,1.0,0,0.0411522633744856,-0.0267379679144385,-0.12620320855614975,0.9402061855670103,0.11752577319587629,0.843298969072165,0.8989690721649485,0.9402061855670103,0.8556701030927835,0.5,0.5,0.5,0.5,0.0411522633744856,0.04526748971193416,0.018518518518518517
2024-03-07,18.51,19.39,17.81,19.01,14170574.0,18.130000000000003,17.858,17.051499999999997,,0.04853833425262,0.0645089035726285,0.1148579303873562,,17.051499999999997,19.47134144761152,14.63165855238847,0.9046752736305618,0.2838273990672181,0.0165775401069518,0.0881511161991988,0.1195524146054181,-0.0364926507856055,0.0228255593270487,0.0390530214474771,0.0519071715828773,76.11111109631172,-0.4355090051820838,-0.8174829512551423,0.3819739460730584,-33252540.0,84.83366370027646,1.0764285714285708,1.6579102929378988,0.999999999978022,,-0.0489216201998949,0.0165775401069518,0.0519071715828773,76.11111109631172,0.0771229865000986,0.0,0.0,0.0,0.5,,,,,,,,,,,,,,,,,,,,,,,,,,,,,,,,,,,,,,,,,,,,其他,0,0,0.5,1.0,0,0.0267489711934156,-0.05207785376117846,-0.15675960021041557,0.931958762886598,0.2845360824742268,0.7896907216494845,0.9195876288659793,0.9175257731958762,0.9092783505154639,0.5,0.5,0.5,0.5,0.026748971193415638,0.02880658436213992,0.0102880658436214
2024-03-08,18.5,18.78,18.09,18.25,8607127.0,18.246,17.93,17.049500000000002,,0.0002192261317548,0.0178471834913553,0.0704126220710283,,17.049500000000002,19.46509385746243,14.63390614253757,0.7484896201024185,0.2833624279243687,-0.0399789584429248,0.0328239954725522,0.0410724472333141,-0.0021869874248222,0.0346256964151088,0.0414969140494704,0.0499711577334737,64.67236465946702,-0.3755960780982832,-0.7291053120957668,0.3535092339974836,-41859667.0,77.28806836755794,1.0528571428571425,1.0164142696057348,0.8329670329487256,,-0.0104109589041097,-0.0399789584429248,0.0499711577334737,64.67236465946702,-0.3926056206332926,0.0,0.0,0.0,0.5,,,,,,,,,,,,,,,,,,,,,,,,,,,,,,,,,,,,,,,,,,,,其他,0,0,0.5,1.0,0,0.1337448559670782,-0.05095890410958903,-0.08602739726027397,0.8041237113402062,0.28865979381443296,0.7608247422680412,0.6762886597938145,0.8206185567010309,0.7608247422680412,0.5,0.5,0.5,0.5,0.1337448559670782,0.04938271604938271,0.0720164609053498
2024-03-11,18.26,18.26,17.81,18.17,5775808.0,18.372,17.955000000000002,17.107499999999998,,-0.0109949923797081,0.011974380395433,0.0621072628963907,,17.107499999999998,19.574263274542425,14.64073672545757,0.7153631868314475,0.2883838403656886,-0.0043835616438355,0.0359179019384265,0.0139508928571427,0.0681951793062904,0.0343427712183338,0.0411075011397683,0.0471311558055971,62.790697661641424,-0.3306889429077095,-0.6494218474541643,0.3187329045464547,-47635475.0,71.97972962017812,1.044285714285714,0.7009446848213532,0.8153846153666949,,0.0099064391854706,-0.0043835616438355,0.0471311558055971,62.790697661641424,-0.3289505313445473,0.0,0.0,0.0,0.5,,,,,,,,,,,,,,,,,,,,,,,,,,,,,,,,,,,,,,,,,,,,其他,0,0,0.5,1.0,0,0.2962962962962963,-0.08145294441386908,-0.047881122729774406,0.777319587628866,0.36082474226804123,0.734020618556701,0.4948453608247423,0.4556701030927835,0.6164948453608248,0.5,0.5,0.5,0.5,0.2962962962962963,0.030864197530864196,0.24691358024691357
2024-03-12,18.17,18.21,17.86,18.17,5409957.0,18.46,17.942,17.2505,,-0.0157096424702057,0.0127076134210233,0.0533028028173097,,17.2505,19.60767471384254,14.89332528615746,0.6950428185341381,0.2732876976121127,0.0,0.0248166948674564,-0.007103825136612,0.1868060091443502,0.0344256232517817,0.0405594552383762,0.040288359924913,60.85626910012252,-0.2917358209326472,-0.5778845051115382,0.2861486841788909,-47635475.0,69.83128935656754,0.9935714285714284,0.6663514384634213,0.8153846153666949,,0.0060539350577875,0.0,0.040288359924913,60.85626910012252,-0.063341960120558,0.0,0.0,0.0,0.5,,,,,,,,,,,,,,,,,,,,,,,,,,,,,,,,,,,,,,,,,,,,其他,0,0,0.5,1.0,0,0.3806584362139917,-0.08035222894881677,0.04733076499724809,0.4247422680412371,0.48041237113402063,0.7134020618556701,0.44329896907216493,0.2020618556701031,0.5072164948453608,0.5,0.5,0.5,0.5,0.38065843621399176,0.030864197530864196,0.7057613168724279
2024-03-13,18.07,18.23,17.92,17.95,5400166.0,18.31,18.066,17.358,20.2385,-0.0196613872200984,-0.0064209011402635,0.0341053116718514,-0.1130765619981717,17.358,19.63125502771958,15.084744972280422,0.6302097636908878,0.2619259163159906,-0.0121078701155752,-0.0401069518716578,0.0742070616397365,0.1360759493670884,0.020740420607193,0.0275627878781725,0.0401924834300248,57.42725879320088,-0.2752803095313005,-0.5173635732474324,0.2420832637161318,-53035641.0,64.25408321294628,0.9785714285714284,0.6847872499577015,0.7670329670161087,0.2662090007607458,0.0139275766016713,-0.0121078701155752,0.0401924834300248,57.42725879320088,-0.0018098110576479,0.0,0.0,0.0,0.5,,,,,,,,,,,,,,,,,,,,,,,,,,,,,,,,,,,,,,,,,,,,其他,0,0,0.5,1.0,0,0.3436213991769547,-0.1186629526462395,0.16601671309192212,0.03917525773195876,0.38556701030927837,0.7298969072164948,0.4,0.3649484536082474,0.4144329896907217,0.5,0.5,0.5,0.5,0.3436213991769547,0.043209876543209874,0.9135802469135802
2024-03-14,17.93,18.39,17.65,18.08,6279896.0,18.124,18.127,17.538999999999998,20.1445,-0.0024277201500774,-0.0025928173442932,0.0308455442157478,-0.1024845491325177,17.538999999999998,19.37513896962871,15.702861030371285,0.647320003791615,0.2093778401982148,0.0072423398328689,-0.0489216201998949,0.0349170005724097,0.2503457814661132,0.0182476337316723,0.0241529630504457,0.033877999437623,54.50081831811762,-0.2489657453837601,-0.4636839418636614,0.2147181964799012,-46755745.0,63.81989116656725,0.9714285714285712,0.8137929775254454,0.7526595744480667,0.2761250953449569,-0.0033185840707964,0.0072423398328689,0.033877999437623,54.50081831811762,0.162907955051752,0.0,0.0,0.0,0.5,,,,,,,,,,,,,,,,,,,,,,,,,,,,,,,,,,,,,,,,,,,,其他,0,0,0.5,1.0,0,0.1502057613168724,-0.10896017699115035,0.21128318584070804,0.024742268041237112,0.6474226804123712,0.6412371134020619,0.44536082474226807,0.5628865979381443,0.48041237113402063,0.5,0.5,0.5,0.5,0.15020576131687244,0.01440329218106996,0.9588477366255144
2024-03-15,17.85,18.12,17.72,18.06,4147897.0,18.086,18.166,17.679499999999997,20.043000000000003,-0.0014375760256554,-0.0058350765165695,0.0215221018693967,-0.0989372848375993,17.679499999999997,19.176957142871395,16.1820428571286,0.627048711126277,0.1694003951314152,-0.0011061946902655,-0.0104109589041097,0.0220713073005092,0.1842622950819672,0.0070364211817022,0.0240313460849562,0.0324294360929916,51.21951218262936,-0.2270933000980441,-0.4163657671010071,0.1892724670029629,-50903642.0,58.09298596360736,0.95,0.5491733749105502,0.6631205673523707,0.2745995423320014,-0.0409745293466222,-0.0011061946902655,0.0324294360929916,51.21951218262936,-0.3394959088494459,0.0,0.0,0.0,0.5,,,,,,,,,,,,,,,,,,,,,,,,,,,,,,,,,,,,,,,,,,,,其他,0,0,0.5,1.0,0,0.0699588477366255,-0.10686600221483944,0.09136212624584727,0.13195876288659794,0.6206185567010309,0.6762886597938145,0.2309278350515464,0.13402061855670103,0.30721649484536084,0.5,0.5,0.5,0.5,0.06995884773662552,0.02263374485596708,0.9218106995884774
2024-03-18,18.19,18.5,18.06,18.35,6506413.0,18.122,18.247,17.7875,19.985333333333333,0.0125813927822537,0.0056447635227709,0.0316233309908644,-0.0818266728934551,17.7875,19.13688387499814,16.438116125001862,0.7084284577396232,0.1517227125779961,0.0160575858250278,0.0099064391854706,0.0461801596351199,0.1334156886967263,0.0104615583971258,0.0241109688978048,0.030049695982218,50.44247786360717,-0.1844021712313441,-0.3699730115255687,0.1855708402942245,-44397229.0,57.98194065316773,0.9257142857142858,0.8716929176036475,0.746153846125148,0.2967200610198572,-0.0904632152588555,0.0160575858250278,0.030049695982218,50.44247786360717,0.5686052474302037,0.0,0.0,0.0,0.5,,,,,,,,,,,,,,,,,,,,,,,,,,,,,,,,,,,,,,,,,,,,其他,0,0,0.5,1.0,0,0.0329218106995884,-0.10190735694822894,0.02888283378746581,0.2948453608247423,0.5319587628865979,0.6474226804123712,0.2721649484536082,0.44123711340206184,0.33814432989690724,0.5,0.5,0.5,0.5,0.03292181069958848,0.02263374485596708,0.7921810699588477
2024-03-19,18.36,18.64,18.14,18.28,5601899.0,18.144,18.302,17.881,19.97,0.0074955908289242,-0.0012020544202818,0.0223141882445054,-0.084626940410616,17.881,19.07917229232903,16.68282770767097,0.6665035998945389,0.1340162510287265,-0.0038147138964578,0.0060539350577875,0.0310208685843202,0.1139549055453992,0.0107797068547269,0.0241475988641066,0.0300922983071797,69.00726389912583,-0.1544004953308793,-0.3268584812232015,0.1724579858923222,-49999128.0,66.70610870904937,0.8178571428571431,0.7593634697848376,0.6826086956224952,0.2913806254745127,-0.0858862144420131,-0.0038147138964578,0.0300922983071797,69.00726389912583,-0.1390188418718577,0.0,0.0,0.0,0.5,,,,,,,,,,,,,,,,,,,,,,,,,,,,,,,,,,,,,,,,,,,,其他,0,0,0.5,1.0,0,0.0390143737166324,-0.07713347921225389,-0.041028446389496764,0.3786008230452675,0.49794238683127573,0.6460905349794238,0.5720164609053497,0.37037037037037035,0.3395061728395062,0.5,0.5,0.5,0.5,0.039014373716632446,0.06365503080082136,0.5811088295687885
2024-03-20,18.11,18.33,18.05,18.2,4228851.0,18.194,18.252,17.953500000000002,19.9865,0.0003297790480378,-0.0028490028490028,0.0137299133873616,-0.0893853351011932,17.953500000000002,19.033134928550908,16.873865071449096,0.6141589593944666,0.1202701343520642,-0.0043763676148798,0.0139275766016713,-0.0267379679144385,0.0865671641791043,0.0087465852298038,0.0160455729019789,0.0299626147750726,60.57971012034442,-0.135477527031238,-0.2885822711637157,0.1531047441324776,-54227979.0,68.74982074840091,0.7621428571428572,0.5910321801526762,0.6478260869283545,0.2852784134226904,-0.1307692307692307,-0.0043763676148798,0.0299626147750726,60.57971012034442,-0.2451040263310709,0.0,0.0,0.0,0.5,,,,,,,,,,,,,,,,,,,,,,,,,,,,,,,,,,,,,,,,,,,,其他,0,0,0.5,1.0,0,0.0492813141683778,-0.10219780219780217,-0.049450549450549386,0.34156378600823045,0.42386831275720166,0.6399176954732511,0.40329218106995884,0.21810699588477367,0.24897119341563786,0.5,0.5,0.5,0.5,0.049281314168377825,0.07392197125256673,0.5770020533880903
2024-03-21,18.38,18.38,17.78,18.02,4681228.0,18.182,18.153,18.0055,19.97133333333333,-0.0089099109008909,-0.0073266126810994,0.0008053094887672,-0.0977067129552359,18.0055,18.983068950320813,17.02793104967919,0.5074163566388324,0.1085855933259707,-0.0098901098901098,-0.0033185840707964,-0.0520778537611784,0.061248527679623,0.0098568441771426,0.0146554461701096,0.0300489854069146,55.10204079383586,-0.1333836058922664,-0.2575425256396889,0.1241589197474224,-58909207.0,63.43516514299412,0.7557142857142859,0.6654110044366083,0.5695652173665399,0.2715484363060903,-0.1059933407325194,-0.0098901098901098,0.0300489854069146,55.10204079383586,0.1069739747274141,0.0,0.0,0.0,0.5,,,,,,,,,,,,,,,,,,,,,,,,,,,,,,,,,,,,,,,,,,,,其他,0,0,0.5,1.0,0,0.0472279260780287,-0.11043285238623746,-0.035516093229744805,0.14814814814814814,0.37448559670781895,0.6502057613168725,0.3148148148148148,0.22016460905349794,0.16255144032921812,0.5,0.5,0.5,0.5,0.04722792607802875,0.09650924024640657,0.6427104722792608
2024-03-22,18.08,18.08,17.3,17.32,5126137.0,18.034,18.06,17.994999999999997,19.913000000000004,-0.0395918820006653,-0.0409745293466222,-0.0375104195609889,-0.1302164415206148,17.994999999999997,18.99824735890888,16.991752641091114,0.1635924360914957,0.1115029017953107,-0.0388457269700333,-0.0409745293466222,-0.050958904109589,-0.0119794637763833,0.0197755847388316,0.0143583138871438,0.0306495163050416,47.24999998346251,-0.1857632523819425,-0.2431866663743443,0.0574234139924017,-64035344.0,58.23863082851198,0.7507142857142858,0.7429183196616441,0.2652173912928163,0.2181540808526456,-0.0687066974595843,-0.0388457269700333,0.0306495163050416,47.24999998346251,0.0950410875095166,0.0,0.0,0.0,0.5,,,,,,,,,,,,,,,,,,,,,,,,,,,,,,,,,,,,,,,,,,,,其他,0,0,0.5,1.0,0,0.0862422997946611,-0.036951501154734445,-0.019630484988452657,0.06790123456790123,0.1831275720164609,0.6872427983539094,0.22633744855967078,0.24691358024691357,0.053497942386831275,0.5,0.5,0.5,0.5,0.08624229979466119,0.2731006160164271,0.6652977412731006
2024-03-25,17.13,17.48,16.69,16.69,4971623.0,17.702,17.912,17.933500000000002,19.8095,-0.0571686815049147,-0.0682224207235371,-0.0693395042797,-0.1574749488881596,17.933500000000002,19.09450274264137,16.772497257358626,-0.0355284506767763,0.1294786564401708,-0.0363741339491916,-0.0904632152588555,-0.081452944413869,-0.0686383928571429,0.0174826325306429,0.0174140172106981,0.0311933748489454,38.28828827621543,-0.2746872261516913,-0.2494867799496364,-0.0252004462020548,-69006967.0,52.2972684982004,0.7221428571428573,0.7384391185377566,0.0,0.1700991609445454,-0.0125823846614739,-0.0363741339491916,0.0311933748489454,38.28828827621543,-0.0301423859721268,0.0,0.0,0.0,0.5,,,,,,,,,,,,,,,,,,,,,,,,,,,,,,,,,,,,,,,,,,,,其他,0,0,0.5,1.0,0,0.1293634496919918,0.03654883163570988,0.010784901138406244,0.030864197530864196,0.0411522633744856,0.6872427983539094,0.1111111111111111,0.31275720164609055,0.018518518518518517,0.5,0.5,0.5,0.5,0.1293634496919918,0.6899383983572895,0.6858316221765913
2024-03-26,16.7,16.93,16.31,16.71,3311638.0,17.387999999999998,17.766,17.854000000000003,19.668166666666664,-0.0389924085576257,-0.0594393785883146,-0.0640752772487959,-0.1504037827623315,17.854000000000003,19.122142445925395,16.58585755407461,0.0489465699690801,0.1420569559670985,0.0011983223487117,-0.0858862144420131,-0.0803522289488167,-0.0868852459016393,0.0186515161010097,0.0174816350057695,0.0306903781177602,21.48997133808432,-0.3396319010100193,-0.267515807870069,-0.0721160931399502,-65695329.0,42.121079201285895,0.6257142857142861,0.505194495703993,0.0086206896548006,0.1716247139575009,0.0095751047277079,0.0011983223487117,0.0306903781177602,21.48997133808432,-0.333891970489315,0.0,0.0,0.0,0.5,,,,,,,,,,,,,,,,,,,,,,,,,,,,,,,,,,,,,,,,,,,,其他,0,0,0.5,1.0,0,0.3395061728395062,0.1388390185517654,-0.0029922202274087484,0.03711340206185567,0.041237113402061855,0.6927835051546392,0.006185567010309278,0.03917525773195876,0.03505154639175258,0.5,0.5,0.5,0.5,0.3395061728395062,0.9423868312757202,0.6337448559670782
2024-03-27,16.72,16.73,15.8,15.82,3420950.0,16.912,17.553,17.8095,19.552166666666665,-0.064569536423841,-0.098729561898251,-0.1117100423931047,-0.1908825108896711,17.8095,19.291155901525737,16.327844098474262,-0.1713772063858319,0.1663893878567526,-0.0532615200478755,-0.1307692307692307,-0.1186629526462395,-0.0532615200478755,0.0223875649666954,0.0225985153568728,0.0265583560840899,10.810810807092125,-0.4573337955458001,-0.3054794116521435,-0.1518543838936565,-69116279.0,27.570684990751232,0.5792857142857145,0.5508703472101524,0.0,0.1037376048809783,0.0328697850821744,-0.0532615200478755,0.0265583560840899,10.810810807092125,0.0330084387242808,0.0,0.0,0.0,0.5,,,,,,,,,,,,,,,,,,,,,,,,,,,,,,,,,,,,,,,,,,,,其他,0,0,0.5,1.0,0,0.3271604938271605,0.32300884955752207,0.04804045512010102,0.04742268041237113,0.12164948453608247,0.6907216494845361,0.004123711340206186,0.09278350515463918,0.024742268041237112,0.5,0.5,0.5,0.5,0.3271604938271605,0.98559670781893,0.6893004115226338
2024-03-28,15.81,16.39,15.77,16.11,3093298.0,16.53,17.356,17.7415,19.403,-0.0254083484573504,-0.0717907351924407,-0.0919595299157342,-0.1697160232953668,17.7415,19.4027142040022,16.080285795997796,0.0089435197248259,0.1872687432283448,0.0183312262958279,-0.1059933407325194,-0.1089601769911503,-0.0778477389811104,0.0301339804990394,0.0238995278387561,0.024604217936053,20.277777769891983,-0.5212875643926864,-0.3486410478820656,-0.1726465165106208,-66022981.0,30.26879776090314,0.557857142857143,0.5160677987365982,0.0909090909062407,0.1258581235688339,-0.0049658597144629,0.0183312262958279,0.024604217936053,20.277777769891983,-0.0957780733422002,0.0,0.0,0.0,0.5,,,,,,,,,,,,,,,,,,,,,,,,,,,,,,,,,,,,,,,,,,,,其他,0,0,0.5,1.0,0,0.331275720164609,0.35940409683426444,0.06331471135940414,0.04536082474226804,0.09896907216494845,0.6556701030927835,0.016494845360824743,0.049484536082474224,0.016494845360824743,0.5,0.5,0.5,0.5,0.33127572016460904,0.9917695473251029,0.7674897119341564
2024-03-29,16.13,16.33,16.0,16.13,2670592.0,16.292,17.163,17.664499999999997,19.212333333333333,-0.0099435305671496,-0.0601876128881897,-0.0868691443290213,-0.1604351371514826,17.664499999999997,19.475663917717505,15.853336082282487,0.0763773822466974,0.2050625738296872,0.0012414649286156,-0.0687066974595843,-0.1068660022148394,-0.0871533672891908,0.0297926604524936,0.0240210074742841,0.0243770845217444,21.18644066958727,-0.5638576283075523,-0.3916843685001536,-0.1721732598073986,-63352389.0,36.1659584999053,0.5492857142857142,0.4551693259337275,0.0971786833825331,0.1447140381269954,0.0340979541227526,0.0012414649286156,0.0243770845217444,21.18644066958727,-0.1366522074497833,0.0,0.0,0.0,0.5,,,,,,,,,,,,,,,,,,,,,,,,,,,,,,,,,,,,,,,,,,,,其他,0,0,0.5,1.0,0,0.6748971193415638,0.22194668319900823,0.046497210167389946,0.08247422680412371,0.07216494845360824,0.6474226804123712,0.010309278350515464,0.07216494845360824,0.016494845360824743,0.5,0.5,0.5,0.5,0.6748971193415638,0.9917695473251029,0.7654320987654321
2024-04-01,16.16,16.48,16.16,16.48,2974954.0,16.25,16.976,17.6115,19.05366666666667,0.0141538461538461,-0.0292177191328933,-0.0642477926354938,-0.1350746138101153,17.6115,19.49845549831767,15.724544501682326,0.2001784088101675,0.2142867442644815,0.0216986980781153,-0.0125823846614739,-0.1019073569482289,-0.0604332953249714,0.0300970989446279,0.0247805675516321,0.025039926361269,28.27763495126256,-0.5629535011145386,-0.4259381979089101,-0.1370153032056285,-60377435.0,39.00605004099143,0.5492857142857142,0.5133023630942766,0.2068965517176521,0.2117400419265016,0.0497572815533979,0.0216986980781153,0.025039926361269,28.27763495126256,0.1139679891200153,0.0,0.0,0.0,0.5,,,,,,,,,,,,,,,,,,,,,,,,,,,,,,,,,,,,,,,,,,,,其他,0,0,0.5,1.0,0,0.9074074074074074,0.14563106796116498,0.05703883495145634,0.12577319587628866,0.07422680412371134,0.6701030927835051,0.020618556701030927,0.05154639175257732,0.012371134020618556,0.5,0.5,0.5,0.5,0.9074074074074074,0.9753086419753086,0.7901234567901234
2024-04-02,16.9,17.2,16.64,16.87,6738805.0,16.282,16.835,17.5685,18.937666666666665,0.0361134995700773,0.002079002079002,-0.0397586589634857,-0.1091827574674809,17.5685,19.48307869489533,15.653921305104676,0.3175838888487299,0.2179558522223783,0.0236650485436893,0.0095751047277079,-0.0771334792122538,-0.0485053581500282,0.0323186165012857,0.0270159354549637,0.0255668414891778,36.69950737650759,-0.5248126047501991,-0.4457130806099923,-0.0790995241402067,-53638630.0,48.675746759530135,0.5785714285714284,1.1591273804242042,0.3291536050053558,0.2526205450707273,0.1280379371665678,0.0236650485436893,0.0255668414891778,36.69950737650759,1.2651795624402933,0.0,0.0,0.0,0.5,,,,,,,,,,,,,,,,,,,,,,,,,,,,,,,,,,,,,,,,,,,,其他,0,0,0.5,1.0,0,0.9794238683127572,0.039122703023118044,0.032009484291641854,0.33814432989690724,0.09690721649484536,0.6865979381443299,0.08453608247422681,0.6556701030927835,0.08453608247422681,0.5,0.5,0.5,0.5,0.9794238683127572,0.8641975308641975,0.7098765432098766
2024-04-03,16.78,16.78,16.28,16.34,4044139.0,16.386,16.649,17.4505,18.81,-0.0028072745026241,-0.0185596732536489,-0.0636371450674766,-0.1313131313131312,17.4505,19.36235195418907,15.538648045810936,0.2095747927584719,0.2191171547151211,-0.031416716064019,0.0328697850821744,-0.1021978021978021,-0.1262032085561497,0.0230799632371555,0.0279864200248106,0.0225582954307995,30.49327353302905,-0.5311046141214923,-0.4627913882331528,-0.0683132258883394,-57682769.0,40.169573392605145,0.5678571428571425,0.7547714323083626,0.1630094043836045,0.2088888888865678,0.280905752753978,-0.031416716064019,0.0225582954307995,30.49327353302905,-0.3998729745110594,0.0,0.0,0.0,0.5,,,,,,,,,,,,,,,,,,,,,,,,,,,,,,,,,,,,,,,,,,,,其他,0,0,0.5,1.0,0,0.9938271604938272,0.05875152998776012,0.04222766217870255,0.32577319587628867,0.016494845360824743,0.5628865979381443,0.030927835051546393,0.3463917525773196,0.049484536082474224,0.5,0.5,0.5,0.5,0.9938271604938271,0.9012345679012346,0.7860082304526749
2024-04-08,16.3,16.34,15.95,16.03,2459100.0,16.369999999999997,16.45,17.301499999999997,18.709666666666667,-0.0207697006719607,-0.0255319148936169,-0.0734907377973006,-0.1432236455308307,17.301499999999997,19.165499943528264,15.43750005647173,0.158932393096232,0.2154726403511249,-0.0189718482252141,-0.0049658597144629,-0.1104328523862374,-0.1567596002104155,0.0243746157803967,0.0281163369086166,0.0220407107274472,28.63157893892968,-0.5546420883783192,-0.4811615290545989,-0.0734805593237202,-60141869.0,41.531652448671096,0.5671428571428567,0.5152619560480357,0.0830039525658894,0.1744444444425062,0.3661883967560821,-0.0189718482252141,0.0220407107274472,28.63157893892968,-0.3919348469476444,0.0,0.0,0.0,0.5,,,,,,,,,,,,,,,,,,,,,,,,,,,,,,,,,,,,,,,,,,,,其他,0,0,0.5,1.0,0,0.9979423868312756,0.08421709295071733,0.09669369931378657,0.32989690721649484,0.008247422680412371,0.511340206185567,0.06804123711340206,0.0865979381443299,0.08247422680412371,0.5,0.5,0.5,0.5,0.9979423868312757,0.9362139917695473,0.8436213991769548
2024-04-09,16.12,16.8,16.01,16.68,3643498.0,16.48,16.386000000000003,17.223,18.612166666666667,0.0121359223300969,0.017942145734163,-0.0315276084305869,-0.1038120226017031,17.223,19.050694550087822,15.395305449912172,0.3514522024456845,0.2122388143850914,0.0405489706799748,0.0340979541227526,-0.0369515011547344,-0.0860273972602739,0.0306986767953515,0.0305682251780143,0.0232618845939309,33.65949118451597,-0.5150360300144428,-0.4879364294803609,-0.0270996005340818,-56498371.0,37.97902374432976,0.5921428571428565,0.8053099517256922,0.3399209486031648,0.2466666666639258,0.1816546762589928,0.0405489706799748,0.0232618845939309,33.65949118451597,0.4816388109470944,0.0,0.0,0.0,0.5,,,,,,,,,,,,,,,,,,,,,,,,,,,,,,,,,,,,,,,,,,,,其他,0,0,0.5,1.0,0,1.0,0.017985611510791477,0.027577937649880147,0.6728395061728395,0.06995884773662552,0.5576131687242798,0.12757201646090535,0.49382716049382713,0.20781893004115226,0.5,0.5,0.5,0.5,1.0,0.864476386036961,0.648870636550308
2024-04-10,16.73,18.35,16.7,17.3,10100950.0,16.644,16.447000000000003,17.1795,18.526666666666664,0.0394136024993994,0.051863561743783,0.0070141738700195,-0.0662108672184237,17.1795,18.952899649201825,15.406100350798177,0.5339742933863887,0.2064553274765275,0.0371702637889688,0.0497572815533979,0.0365488316357098,-0.0478811227297744,0.0332141177198292,0.0305828960439548,0.0250354143554663,41.342756173519454,-0.4287899353875168,-0.4761071303352208,0.0473171949477039,-46397421.0,42.34158622535797,0.6757142857142853,2.130732599002166,0.5849802371310283,0.3155555555520494,0.091329479768786,0.0371702637889688,0.0250354143554663,41.342756173519454,1.7723220926702856,0.0,0.0,0.0,0.5,,,,,,,,,,,,,,,,,,,,,,,,,,,,,,,,,,,,,,,,,,,,其他,0,0,0.5,1.0,0,0.9383983572895276,-0.02485549132947973,-0.05202312138728338,0.9074074074074074,0.2448559670781893,0.6193415637860082,0.33539094650205764,0.9444444444444444,0.6337448559670782,0.5,0.5,0.5,0.5,0.9383983572895277,0.6098562628336756,0.26078028747433263
2024-04-11,17.05,19.03,16.82,19.03,18008788.0,17.076,16.679000000000002,17.2225,18.492666666666665,0.1144296088076832,0.1409556927873372,0.104949920162578,0.029056562961895,17.2225,19.13339810794481,15.31160189205519,0.9729451540058016,0.2219071688702238,0.1,0.1280379371665678,0.1388390185517654,0.047330764997248,0.0527498073290128,0.0430061570386664,0.0339029421782287,55.67715457210014,-0.2186196611553938,-0.4246096353619029,0.205989974206509,-28388633.0,59.50273461302946,0.8135714285714284,3.353253920726908,0.9999999999688474,0.5077777777721358,-0.0788229111928533,0.1,0.0339029421782287,55.67715457210014,0.7828806201396898,0.0,0.0,0.0,0.5,,,,,,,,,,,,,,,,,,,,,,,,,,,,,,,,,,,,,,,,,,,,其他,0,0,0.5,1.0,0,0.3264887063655031,-0.12454019968470842,-0.11875985286389923,0.9794238683127572,0.7016460905349794,0.8415637860082305,0.7407407407407407,0.9897119341563786,0.9403292181069959,0.5,0.5,0.5,0.5,0.3264887063655031,0.1375770020533881,0.08418891170431211
2024-04-12,19.9,20.93,19.8,20.93,6318596.0,17.994,17.19,17.3715,18.50316666666667,0.1631654996109814,0.217568353694008,0.204847019543505,0.1311577297579691,17.3715,19.889521570912105,14.8534784290879,1.2066063374886709,0.2899026072472274,0.0998423541776141,0.280905752753978,0.323008849557522,0.1660167130919221,0.0499513350069848,0.0436869337407969,0.0399973965111009,66.11295680038117,0.0998001370484651,-0.3197276790267255,0.4195278160751907,-22070037.0,67.17020199874813,0.9064285714285713,1.1665539793443789,0.9999999999804304,0.7188888888809011,-0.173435260391782,0.0998423541776141,0.0399973965111009,66.11295680038117,-0.6491381874227182,0.0,0.0,0.0,0.5,,,,,,,,,,,,,,,,,,,,,,,,,,,,,,,,,,,,,,,,,,,,其他,0,0,0.5,1.0,0,0.0533880903490759,-0.20783564261825138,-0.210224558050645,0.9938271604938271,0.9094650205761317,0.9135802469135802,0.897119341563786,0.742798353909465,0.9876543209876543,0.5,0.5,0.5,0.5,0.053388090349075976,0.02053388090349076,0.022587268993839837
2024-04-15,23.02,23.02,19.98,21.9,36227332.0,19.168,17.769,17.5625,18.527833333333334,0.1425292153589314,0.2324835387472565,0.2469750889679713,0.1820054512580171,17.5625,20.787167261496624,14.337832738503376,1.1725500103024018,0.3672218945455673,0.0463449593884375,0.3661883967560821,0.3594040968342644,0.211283185840708,0.0322455737652538,0.043809769070994,0.0408813432773804,74.62365590274482,0.4253685596151122,-0.1707084291920042,0.5960769888071165,14157295.0,82.78065297228724,1.0678571428571428,5.239832183426319,0.9999999999835526,0.8266666666574812,-0.2063926940639269,0.0463449593884375,0.0408813432773804,74.62365590274482,4.733446480832134,0.0,0.0,0.0,0.5,,,,,,,,,,,,,,,,,,,,,,,,,,,,,,,,,,,,,,,,,,,,其他,0,0,0.5,1.0,0,0.0082135523613963,-0.21780821917808224,-0.24337899543378994,0.9979423868312757,0.9588477366255144,0.8930041152263375,0.934156378600823,0.9979423868312757,0.9938271604938271,0.5,0.5,0.5,0.5,0.008213552361396304,0.004106776180698152,0.006160164271047228
2024-04-16,19.71,19.71,19.71,19.71,808000.0,19.774,18.127,17.645000000000003,18.5075,-0.0032365732780418,0.0873282948088485,0.1170303202040237,0.0649736593273,17.645000000000003,21.00485275366578,14.285147246334226,0.8073051337839497,0.3808277419831947,-0.0999999999999998,0.1816546762589928,0.2219466831990082,0.0913621262458472,0.0818137812716859,0.0603039397893971,0.0477502160986236,63.90423571920204,0.5011830296864197,-0.0363301358967937,0.5375131655832135,13349295.0,85.65708895000309,1.1678571428571427,0.1197597770055166,0.6398026315684245,0.5833333333268519,-0.1385083713850837,-0.0999999999999998,0.0477502160986236,63.90423571920204,-0.977696397846797,0.0,0.0,0.0,0.5,,,,,,,,,,,,,,,,,,,,,,,,,,,,,,,,,,,,,,,,,,,,其他,0,0,0.5,1.0,0,0.0102669404517453,-0.1435819381024861,-0.13901572805682405,1.0,0.9176954732510288,0.9382716049382716,0.8930041152263375,0.00823045267489712,0.9753086419753086,0.5,0.5,0.5,0.5,0.01026694045174538,0.006160164271047228,0.012320328542094456
2024-04-17,17.74,19.16,17.74,18.88,30631336.0,20.09,18.367,17.6715,18.476666666666667,-0.0602289696366351,0.0279305275766319,0.0683869507398917,0.0218293342955078,17.6715,21.062977088541952,14.280022911458053,0.6781672068514155,0.3838357907956607,-0.0421106037544394,0.091329479768786,0.1456310679611649,0.0288828337874658,0.0890551256132477,0.0636114343469463,0.048829861618725,59.29734360899602,0.4887603165382472,0.068687955540235,0.4200723609980121,-17282041.0,67.90248625931609,1.2642857142857142,3.8515033227920576,0.5032894736759327,0.4911111111056541,-0.1064618644067795,-0.0421106037544394,0.048829861618725,59.29734360899602,36.91006930693069,0.0,0.0,0.0,0.5,,,,,,,,,,,,,,,,,,,,,,,,,,,,,,,,,,,,,,,,,,,,其他,0,0,0.5,1.0,0,0.0205761316872428,-0.07733050847457612,-0.09957627118644063,0.9402061855670103,0.7896907216494845,0.931958762886598,0.7793814432989691,0.9938144329896907,0.8989690721649485,0.5,0.5,0.5,0.5,0.0205761316872428,0.030864197530864196,0.03497942386831276
2024-04-18,17.5,18.06,17.43,17.53,20303671.0,19.79,18.433,17.633999999999997,18.38883333333333,-0.1141990904497219,-0.0489882276352193,-0.0058976976295789,-0.0467040685923521,17.633999999999997,21.013712849839187,14.254287150160806,0.484614077486878,0.3833177781354231,-0.0715042372881354,-0.0788229111928533,0.039122703023118,-0.0410284463894967,0.0838051543087386,0.069134699281964,0.0515634718332143,57.048639729606926,0.3659198924795355,0.1281343433583089,0.2377855491212265,-37585712.0,60.49896327714521,1.3014285714285714,2.336931822373775,0.2812499999953744,0.341111111107321,-0.0496292070735882,-0.0715042372881354,0.0515634718332143,57.048639729606926,-0.3371601225620717,0.0,0.0,0.0,0.5,,,,,,,,,,,,,,,,,,,,,,,,,,,,,,,,,,,,,,,,,,,,其他,0,0,0.5,1.0,0,0.1049382716049382,-0.0068454078722191,-0.03365658870507704,0.32577319587628867,0.5814432989690722,0.954639175257732,0.6948453608247422,0.9690721649484536,0.6865979381443299,0.5,0.5,0.5,0.5,0.10493827160493827,0.16049382716049382,0.12345679012345678
2024-04-19,17.36,17.85,17.2,17.3,12712929.0,19.064,18.529000000000003,17.589,18.286166666666663,-0.0925304238355014,-0.0663284580927197,-0.0164307237477967,-0.0539296553861294,17.589,20.96093931393224,14.21706068606776,0.4571463224661817,0.3834145561331594,-0.0131203650884198,-0.173435260391782,0.0587515299877601,-0.0494505494505493,0.0563427677602072,0.068271448648013,0.0516320984687406,54.929577458417455,0.2471851560914544,0.1519445060427894,0.0952406500486649,-50298641.0,56.97908010102765,1.3035714285714286,1.3951274542138736,0.2434210526275754,0.31946006748797,-0.0416184971098266,-0.0131203650884198,0.0516320984687406,54.929577458417455,-0.3738605693522122,0.0,0.0,0.0,0.5,,,,,,,,,,,,,,,,,,,,,,,,,,,,,,,,,,,,,,,,,,,,其他,0,0,0.5,1.0,0,0.1193415637860082,-0.015606936416184936,-0.005780346820809301,0.05154639175257732,0.5752577319587628,0.954639175257732,0.7072164948453609,0.8556701030927835,0.6206185567010309,0.5,0.5,0.5,0.5,0.11934156378600823,0.18518518518518517,0.2222222222222222
2024-04-22,16.88,18.06,15.83,17.38,16538091.0,18.16,18.664,17.557,18.2235,-0.0429515418502203,-0.0687955422203173,-0.0100814489947029,-0.0462863884544683,17.557,20.923860789956585,14.190139210043412,0.4737143869186149,0.3835348624408965,0.0046242774566473,-0.2063926940639269,0.0842170929507173,-0.0355160932297448,0.0424647909845752,0.0676474935812769,0.0516065986209167,55.15251442067489,0.1577172380960334,0.1530990524587857,0.0046181856372476,-33760550.0,51.36122504729536,1.4392857142857145,1.7040405781162322,0.2565789473642008,0.328458942628476,-0.0143843498273877,0.0046242774566473,0.0516065986209167,55.15251442067489,0.3008875452698587,0.0,0.0,0.0,0.5,,,,,,,,,,,,,,,,,,,,,,,,,,,,,,,,,,,,,,,,,,,,其他,0,0,0.5,1.0,0,0.1337448559670782,0.011507479861910141,0.03797468354430378,0.006185567010309278,0.6412371134020619,0.954639175257732,0.777319587628866,0.9360824742268041,0.6804123711340206,0.5,0.5,0.5,0.5,0.1337448559670782,0.19958847736625515,0.49176954732510286
2024-04-23,17.38,17.66,16.91,16.98,10368332.0,17.614,18.694,17.54,18.119000000000003,-0.0359940956057681,-0.0916871723547662,-0.0319270239452679,-0.0628621888625201,17.54,20.915322206841847,14.164677793158152,0.4170449566404991,0.3848714032864999,-0.0230149597238203,-0.1385083713850837,0.0179856115107914,-0.0196304849884526,0.0291421966192858,0.0674629021070891,0.0511072478033896,52.05254515001039,0.0539524793575054,0.1332697377650552,-0.0793172584075497,-44128882.0,53.25406368493323,1.4678571428571427,1.0402315219567653,0.1907894736810726,0.2834645669259452,-0.0058892815076561,-0.0230149597238203,0.0511072478033896,52.05254515001039,-0.3730635537076195,0.0,0.0,0.0,0.5,,,,,,,,,,,,,,,,,,,,,,,,,,,,,,,,,,,,,,,,,,,,其他,0,0,0.5,1.0,0,0.1360824742268041,0.009422850412249772,0.05418138987043575,0.008264462809917356,0.6632231404958677,0.9483471074380165,0.8202479338842975,0.756198347107438,0.5805785123966942,0.5,0.5,0.5,0.5,0.1360824742268041,0.15051546391752577,0.5855670103092784
2024-04-24,16.83,17.14,16.69,16.87,8311200.0,17.212,18.651,17.549,18.0335,-0.0198698582384382,-0.0954908583990133,-0.0386916633426405,-0.0645188122106079,17.549,20.91572822594401,14.182271774055984,0.399160259683639,0.3836945952390257,-0.0064782096584216,-0.1064618644067795,-0.0248554913294797,0.0107849011384062,0.0294969251989763,0.0664703435837373,0.0504123227150287,49.99999999411765,-0.0367241103505051,0.0992709680411613,-0.1359950783916665,-52440082.0,49.43515293574045,1.4485714285714286,0.8201051715415514,0.1726973684182123,0.2710911136077492,0.032602252519265,-0.0064782096584216,0.0504123227150287,49.99999999411765,-0.1984052979784983,0.0,0.0,0.0,0.5,,,,,,,,,,,,,,,,,,,,,,,,,,,,,,,,,,,,,,,,,,,,其他,0,0,0.5,1.0,0,0.2962962962962963,-0.027860106698281095,-0.010077059869591065,0.016494845360824743,0.6845360824742268,0.9402061855670103,0.7814432989690722,0.6350515463917525,0.41649484536082476,0.5,0.5,0.5,0.5,0.2962962962962963,0.12139917695473251,0.29218106995884774
2024-04-25,16.72,16.91,16.46,16.66,7612376.0,17.038,18.414,17.546499999999998,17.94766666666667,-0.0221857025472473,-0.0952536113826436,-0.0505228963041061,-0.0717456308155193,17.546499999999998,20.91592459557457,14.177075404425423,0.3684493487105813,0.3840566033745043,-0.012448132780083,-0.0496292070735882,-0.1245401996847084,-0.0029922202274087,0.0101409250734246,0.0563061428246135,0.0505122831286547,51.38169256719047,-0.1240831737644292,0.0546001395741098,-0.1786833133385391,-60052458.0,48.561029528073945,1.4385714285714286,0.7355416830000243,0.1381578947345698,0.2474690663639203,0.0450180072028811,-0.012448132780083,0.0505122831286547,51.38169256719047,-0.0840822023293869,0.0,0.0,0.0,0.5,,,,,,,,,,,,,,,,,,,,,,,,,,,,,,,,,,,,,,,,,,,,其他,0,0,0.5,1.0,0,0.4329896907216495,0.006602641056422609,-0.021608643457382892,0.1012396694214876,0.6322314049586777,0.9442148760330579,0.8078512396694215,0.5247933884297521,0.2768595041322314,0.5,0.5,0.5,0.5,0.4329896907216495,0.21030927835051547,0.30515463917525776
2024-04-26,16.51,16.82,16.51,16.58,7934700.0,16.894,17.979000000000003,17.5845,17.845666666666666,-0.0185864804072452,-0.0778130040602927,-0.0571241718558958,-0.070922913125502,17.5845,20.888446444066982,14.280553555933013,0.3479848240520644,0.3757794016376009,-0.0048019207683074,-0.0416184971098266,-0.2078356426182513,0.048040455120101,0.0102011378369175,0.04086043732246,0.0489063173373649,52.42290748252052,-0.1974877536458521,0.0041825608344683,-0.2016703144803205,-67987158.0,47.28113280301343,1.4328571428571426,0.7503238039127504,0.093696763201129,0.2384701912234139,0.0271411338962608,-0.0048019207683074,0.0489063173373649,52.42290748252052,0.0423421018614951,0.0,0.0,0.0,0.5,,,,,,,,,,,,,,,,,,,,,,,,,,,,,,,,,,,,,,,,,,,,其他,0,0,0.5,1.0,0,0.5,-0.0030156815440287588,-0.010856453558504175,0.11594202898550725,0.6894409937888198,0.9337474120082816,0.7308488612836439,0.2194616977225673,0.14078674948240166,0.5,0.5,0.5,0.5,0.5,0.2892561983471074,0.4132231404958678
2024-04-29,16.7,17.16,16.65,17.13,9265201.0,16.844,17.502000000000002,17.6355,17.763333333333335,0.0169793398242696,-0.0212547137470004,-0.028663774772476,-0.0356539688496905,17.6355,20.87446328443137,14.39653671556863,0.4219657718147084,0.3673231021987474,0.0331724969843185,-0.0143843498273877,-0.2178082191780822,0.0633147113594041,0.021291146398655,0.0385503814200981,0.0492548696618731,51.99999999352888,-0.2089093394228278,-0.0384358192816731,-0.1704735201411546,-58721957.0,48.70362795553494,1.417857142857143,0.8512969869104787,0.1873935264022587,0.3003374578143942,0.0262697022767075,0.0331724969843185,0.0492548696618731,51.99999999352888,0.167681323805563,0.0,0.0,0.0,0.5,,,,,,,,,,,,,,,,,,,,,,,,,,,,,,,,,,,,,,,,,,,,其他,0,0,0.5,1.0,0,0.5946502057613169,-0.032691185055458205,-0.07180385288966717,0.13195876288659794,0.7670103092783506,0.9216494845360824,0.668041237113402,0.23505154639175257,0.15257731958762888,0.5,0.5,0.5,0.5,0.5946502057613169,0.19753086419753085,0.2654320987654321
2024-04-30,17.13,17.39,16.71,16.88,8492630.0,16.824,17.219,17.673000000000002,17.683833333333332,0.0033285782215879,-0.0196875544456706,-0.044870706727777,-0.0454558306551181,17.673000000000002,20.855445931239508,14.490554068760495,0.3754102949160419,0.3601477882896506,-0.0145942790426153,-0.0058892815076561,-0.1435819381024861,0.0464972101673899,0.0195453613221651,0.0276575863776318,0.0494322684887163,48.069852934991005,-0.2354041814754417,-0.0778294917682574,-0.1575746897071843,-67214587.0,48.24477174117572,1.3471428571428572,0.7599851572271348,0.1448040885835635,0.2722159730003123,0.0154028436018958,-0.0145942790426153,0.0494322684887163,48.069852934991005,-0.0833841597176359,0.0,0.0,0.0,0.5,,,,,,,,,,,,,,,,,,,,,,,,,,,,,,,,,,,,,,,,,,,,其他,0,0,0.5,1.0,0,0.4318181818181818,0.005331753554502328,-0.03613744075829384,0.13457556935817805,0.7660455486542443,0.927536231884058,0.4720496894409938,0.2194616977225673,0.13457556935817805,0.5,0.5,0.5,0.5,0.4318181818181818,0.30991735537190085,0.3987603305785124
2024-05-06,17.04,17.52,17.01,17.42,9759588.0,16.933999999999997,17.073,17.720000000000002,17.620333333333335,0.0286996574937996,0.0203244889591753,-0.0169300225733635,-0.011369440608388,17.720000000000002,20.855682583291497,14.584317416708508,0.4521635254722896,0.3539145127848531,0.0319905213270144,0.032602252519265,-0.0773305084745761,0.0570388349514563,0.0239415354607437,0.0294629611959858,0.0496853733600992,41.69246645424464,-0.2104333183126563,-0.1043502571028977,-0.1060830612097585,-57454999.0,45.81015423580843,1.235,0.8476306476959268,0.2367972742719457,0.3329583801987295,-0.058553386911596,0.0319905213270144,0.0496853733600992,41.69246645424464,0.1491832329914291,0.0,0.0,0.0,0.5,,,,,,,,,,,,,,,,,,,,,,,,,,,,,,,,,,,,,,,,,,,,其他,0,0,0.5,1.0,0,0.1047227926078028,-0.024110218140068973,-0.08266360505166481,0.2962962962962963,0.7860082304526749,0.9197530864197531,0.19135802469135801,0.2880658436213992,0.14814814814814814,0.5,0.5,0.5,0.5,0.10472279260780287,0.2135523613963039,0.37782340862423
2024-05-07,17.28,17.44,17.13,17.41,7024351.0,17.084,17.061,17.747,17.521333333333338,0.019082182158745,0.0204560107848308,-0.0189891249225221,-0.0063541587398221,17.747,20.86109089547221,14.632909104527794,0.4458911105429554,0.3509427954532776,-0.0005740528128588,0.0450180072028811,-0.0068454078722191,0.0320094842916418,0.0220890909575381,0.0190833780682016,0.049474208722551,27.435897430973043,-0.189268247779097,-0.1213338552513349,-0.067934392527762,-64479350.0,45.68019727285622,1.1214285714285714,0.6093168390208101,0.2350936967591976,0.3954423592440287,-0.0367604824813325,-0.0005740528128588,0.049474208722551,27.435897430973043,-0.2802615233347965,0.0,0.0,0.0,0.5,,,,,,,,,,,,,,,,,,,,,,,,,,,,,,,,,,,,,,,,,,,,其他,0,0,0.5,1.0,0,0.1950718685831622,-0.026995979322228525,-0.11832280298678921,0.43209876543209874,0.7057613168724279,0.9238683127572016,0.01646090534979424,0.1419753086419753,0.12345679012345678,0.5,0.5,0.5,0.5,0.19507186858316222,0.2997946611909651,0.19096509240246407
2024-05-08,17.44,17.45,16.98,17.03,5913600.0,17.174,17.034,17.7815,17.439833333333336,-0.0083847676720623,-0.0002348244687094,-0.0422630261788937,-0.0234998423150069,17.7815,20.84483340969394,14.718166590306062,0.3773395025073655,0.3445528678319278,-0.0218265364732911,0.0271411338962608,-0.0156069364161849,0.0422276621787025,0.0257625662933949,0.0199028744979471,0.0491713544196113,16.22746185537889,-0.200823525123333,-0.1372317892356176,-0.0635917358877154,-70392950.0,28.326293151906867,0.937857142857143,0.5088406305526316,0.170357751274781,0.3454301075222389,-0.0293599530240751,-0.0218265364732911,0.0491713544196113,16.22746185537889,-0.158128629961686,0.0,0.0,0.0,0.5,,,,,,,,,,,,,,,,,,,,,,,,,,,,,,,,,,,,,,,,,,,,其他,0,0,0.5,1.0,0,0.190965092402464,0.00998238402818541,-0.11920140927774525,0.5,0.7839506172839507,0.9197530864197531,0.0,0.09053497942386832,0.09465020576131687,0.5,0.5,0.5,0.5,0.19096509240246407,0.5605749486652978,0.21765913757700206
2024-05-09,17.0,17.6,16.93,17.58,10431278.0,17.264000000000003,17.054,17.859,17.404,0.0183039851714548,0.0308432039404245,-0.0156223752729718,0.0101126177890138,17.859,20.81220628612713,14.905793713872873,0.4527632049687997,0.3307247086746841,0.0322959483264824,0.0262697022767075,0.0115074798619101,0.0966936993137865,0.0255302548182198,0.0225767832646465,0.049290176666268,30.879712739096647,-0.1637384958032903,-0.1425331305517886,-0.0212053652515017,-59961672.0,32.98343770879195,0.8292857142857146,0.8678035161012134,0.1879699248084968,0.4193548387040407,-0.0574516496018201,0.0322959483264824,0.049290176666268,30.879712739096647,0.7639471726190477,0.0,0.0,0.0,0.5,,,,,,,,,,,,,,,,,,,,,,,,,,,,,,,,,,,,,,,,,,,,其他,0,0,0.5,1.0,0,0.0657084188911704,0.026166097838452806,-0.19681456200227532,0.5925925925925926,0.8436213991769548,0.9320987654320988,0.00411522633744856,0.5452674897119342,0.12139917695473251,0.5,0.5,0.5,0.5,0.06570841889117043,0.837782340862423,0.14989733059548255
2024-05-10,17.62,17.71,17.08,17.14,7906872.0,17.316,17.07,17.881999999999998,17.384833333333336,-0.01016401016401,0.0041007615700059,-0.0414942400178949,-0.0140831567745833,17.881999999999998,20.80353960853011,14.960460391469889,0.3730121614865568,0.3267575895888349,-0.0250284414106938,0.0154028436018958,0.0094228504122497,0.0275779376498801,0.0278959548767644,0.0228260444010272,0.049035765725449,33.204633195658985,-0.1678983943149319,-0.1476061833064356,-0.0202922110084962,-67868544.0,38.80181860952201,0.7335714285714289,0.6463299779011159,0.1052631578927586,0.3602150537585993,-0.0099183197199533,-0.0250284414106938,0.049035765725449,33.204633195658985,-0.2420035205657447,0.0,0.0,0.0,0.5,,,,,,,,,,,,,,,,,,,,,,,,,,,,,,,,,,,,,,,,,,,,其他,0,0,0.5,1.0,0,0.3552361396303901,0.044340723453908826,-0.15577596266044336,0.43209876543209874,0.6460905349794238,0.9362139917695473,0.018518518518518517,0.22633744855967078,0.043209876543209874,0.5,0.5,0.5,0.5,0.35523613963039014,0.9117043121149897,0.1601642710472279
2024-05-13,17.03,17.03,16.14,16.4,5611508.0,17.112,17.023,17.837,17.374666666666666,-0.0416082281439924,-0.0365975444986196,-0.0805628749229131,-0.0560969994628195,17.837,20.823292191435947,14.850707808564051,0.2594006366579009,0.3348424276973936,-0.0431738623103852,-0.058553386911596,-0.027860106698281,-0.0520231213872833,0.0288540327164271,0.0267966310310212,0.0493358235530101,37.6367614764351,-0.2282462953404831,-0.1637342057183784,-0.0645120896221046,-73480052.0,43.52400661126264,0.7014285714285718,0.4672744729077141,0.0,0.260752688168538,0.0365853658536585,-0.0431738623103852,0.0493358235530101,37.6367614764351,-0.2902998809137166,0.0,0.0,0.0,0.5,,,,,,,,,,,,,,,,,,,,,,,,,,,,,,,,,,,,,,,,,,,,其他,0,0,0.5,1.0,0,0.6810699588477366,0.018292682926829285,-0.1146341463414634,0.10103092783505155,0.25773195876288657,0.9443298969072165,0.05360824742268041,0.030927835051546393,0.024742268041237112,0.5,0.5,0.5,0.5,0.6810699588477366,0.7983539094650206,0.30246913580246915
2024-05-14,16.45,16.85,16.44,16.77,3717058.0,16.983999999999998,17.034,17.724,17.399,-0.0126000942063116,-0.0154984149348361,-0.0538253215978334,-0.0361515029599402,17.724,20.69119183208986,14.75680816791014,0.3392419408619763,0.3348219174083862,0.0225609756097562,-0.0367604824813325,0.0066026410564226,-0.1187598528638992,0.0326780358986796,0.027626428748425,0.0436614668321845,44.37367302290378,-0.2434236319643972,-0.1796720909716404,-0.0637515409927567,-69762994.0,50.01614464594793,0.6871428571428576,0.3291053372053237,0.0672727272715043,0.3104838709635686,0.0101371496720334,0.0225609756097562,0.0436614668321845,44.37367302290378,-0.3376008730629983,0.0,0.0,0.0,0.5,,,,,,,,,,,,,,,,,,,,,,,,,,,,,,,,,,,,,,,,,,,,其他,0,0,0.5,1.0,0,0.6447638603696099,-0.028026237328562797,-0.11747167561121041,0.1934156378600823,0.0823045267489712,0.8395061728395061,0.1337448559670782,0.0102880658436214,0.03497942386831276,0.5,0.5,0.5,0.5,0.6447638603696099,0.5605749486652978,0.27104722792607805
2024-05-15,16.6,16.87,16.46,16.53,3301896.0,16.883999999999997,17.029,17.503999999999998,17.411166666666663,-0.020966595593461,-0.0293029537847201,-0.0556444241316268,-0.0506092833143477,17.503999999999998,20.099513538072088,14.90848646192791,0.3123685379127885,0.2965623329590107,-0.0143112701252234,-0.0293599530240751,-0.0030156815440287,-0.210224558050645,0.0319932241293489,0.0280094144433905,0.0359633111146499,41.27310060415149,-0.2716776089642359,-0.1980731945739079,-0.0736044143903279,-73064890.0,56.34814642343239,0.5571428571428577,0.2963043141871568,0.0236363636359343,0.2782258064478734,0.040532365396249,-0.0143112701252234,0.0359633111146499,41.27310060415149,-0.1116910201562634,0.0,0.0,0.0,0.5,,,,,,,,,,,,,,,,,,,,,,,,,,,,,,,,,,,,,,,,,,,,其他,0,0,0.5,1.0,0,0.7983539094650206,-0.007864488808227654,-0.11252268602540838,0.18969072164948453,0.020618556701030927,0.6474226804123712,0.08041237113402062,0.008247422680412371,0.03505154639175258,0.5,0.5,0.5,0.5,0.7983539094650206,0.691358024691358,0.345679012345679
2024-05-16,16.58,16.77,16.53,16.57,3123588.0,16.682,16.973,17.2375,17.446333333333335,-0.0067138232825799,-0.0237435927649796,-0.038723712835388,-0.0502302298477236,17.2375,18.83528629754772,15.639713702452278,0.2911172473272588,0.1853849221219379,0.0024198427102237,-0.0574516496018201,-0.0326911850554582,-0.2433789954337899,0.025239192669129,0.0255489947230156,0.0335294350742334,45.4545454404354,-0.2875279289577683,-0.2159641414535955,-0.0715637875041728,-69941302.0,53.0539812454045,0.5207142857142861,0.3292003526091212,0.051359516614763,0.1984962405985189,0.0887145443572721,0.0024198427102237,0.0335294350742334,45.4545454404354,-0.0540017008409713,0.0,0.0,0.0,0.5,,,,,,,,,,,,,,,,,,,,,,,,,,,,,,,,,,,,,,,,,,,,其他,0,0,0.5,1.0,0,0.9630390143737166,-0.04043452021726013,-0.11225105612552799,0.06378600823045268,0.00411522633744856,0.6296296296296297,0.09876543209876543,0.006172839506172839,0.06172839506172839,0.5,0.5,0.5,0.5,0.9630390143737166,0.5112936344969199,0.3860369609856263
2024-05-17,16.71,17.0,16.56,16.97,4384475.0,16.648,16.982,17.1005,17.475,0.0193416626621816,-0.000706630549994,-0.0076313558083097,-0.0288984263233191,17.1005,18.196837923317865,16.004162076682135,0.4404836787688984,0.1282229084893955,0.0241400120700059,-0.0099183197199533,0.0053317535545023,-0.139015728056824,0.028073100877875,0.0265178069888098,0.0276001586896076,51.04166665177949,-0.264772065675448,-0.2257257262992386,-0.0390463393762093,-65556827.0,59.85190358595525,0.5200000000000006,0.453539761218152,0.2298387096681517,0.1891447368389941,0.0548025928108426,0.0241400120700059,0.0276001586896076,51.04166665177949,0.4036662325505156,0.0,0.0,0.0,0.5,,,,,,,,,,,,,,,,,,,,,,,,,,,,,,,,,,,,,,,,,,,,其他,0,0,0.5,1.0,0,0.9630390143737166,-0.04124926340601054,-0.14319387153800822,0.35390946502057613,0.012345679012345678,0.6111111111111112,0.18518518518518517,0.03909465020576132,0.1646090534979424,0.5,0.5,0.5,0.5,0.9630390143737166,0.5708418891170431,0.3182751540041068
2024-05-20,17.01,17.07,16.89,17.0,3558000.0,16.768,16.94,17.0065,17.4885,0.0138358778625953,0.0035419126328215,-0.000382206803281,-0.0279326414500956,17.0065,17.713763815886836,16.299236184113163,0.4954048263861843,0.0831757052753568,0.0017678255745434,0.0365853658536585,-0.0241102181400689,-0.0995762711864406,0.0161086162568196,0.0241947526557685,0.026387081675414,53.67965366338712,-0.2415336054760182,-0.2288873021349243,-0.0126463033410939,-61998827.0,66.36270403311389,0.5007142857142863,0.4279751296170433,0.5084745762280967,0.1940789473652289,-0.0176470588235294,0.0017678255745434,0.026387081675414,53.67965366338712,-0.1885003335633114,0.0,0.0,0.0,0.5,,,,,,,,,,,,,,,,,,,,,,,,,,,,,,,,,,,,,,,,,,,,其他,0,0,0.5,1.0,0,0.7283950617283951,-0.05999999999999994,-0.11411764705882355,0.6824742268041237,0.030927835051546393,0.6412371134020619,0.21649484536082475,0.008247422680412371,0.1979381443298969,0.5,0.5,0.5,0.5,0.7283950617283951,0.6090534979423868,0.4691358024691358
2024-05-21,16.93,17.15,16.82,16.94,4202002.0,16.802,16.893,16.977,17.497333333333334,0.008213307939531,0.0027822174865328,-0.0021794192142309,-0.0318524727577534,16.977,17.64016942345842,16.31383057654158,0.4721036595337471,0.0781256315549878,-0.0035294117647057,0.0101371496720334,-0.0269959793222285,-0.033656588705077,0.014026713811384,0.0241911016044593,0.0212297689316231,53.91304346185259,-0.2253590891359245,-0.2281816595350654,0.0028225703991409,-66200829.0,69.08627688664227,0.5021428571428578,0.5596338941267602,0.4576271186052882,0.1842105263127599,-0.037780401416765,-0.0035294117647057,0.0212297689316231,53.91304346185259,0.1810011242270939,0.0,0.0,0.0,0.5,,,,,,,,,,,,,,,,,,,,,,,,,,,,,,,,,,,,,,,,,,,,其他,0,0,0.5,1.0,0,0.5236139630390144,-0.09386068476977572,-0.12337662337662347,0.6440329218106996,0.12139917695473251,0.44650205761316875,0.38271604938271603,0.1522633744855967,0.29218106995884774,0.5,0.5,0.5,0.5,0.5236139630390144,0.2587268993839836,0.38809034907597534
2024-05-22,16.91,17.31,16.89,17.2,4800966.0,16.936,16.910000000000004,16.972,17.504833333333334,0.0155880963627774,0.0171496156120636,0.0134338911147771,-0.0174142379723696,16.972,17.626365100085703,16.3176348999143,0.6742146699928797,0.0771111359983321,0.0153482880755606,0.040532365396249,0.0099823840281854,-0.0057803468208093,0.0113731978855795,0.0237379011604645,0.0213633562559213,50.81206494869214,-0.1893836986752219,-0.2204220673625788,0.0310383686873568,-61399863.0,67.43335215082618,0.490714285714286,0.6749674140689118,0.6779661016374613,0.2269736842067931,-0.0465116279069768,0.0153482880755606,0.0213633562559213,50.81206494869214,0.1425425309174055,0.0,0.0,0.0,0.5,,,,,,,,,,,,,,,,,,,,,,,,,,,,,,,,,,,,,,,,,,,,其他,0,0,0.5,1.0,0,0.3737166324435318,-0.12790697674418605,-0.16162790697674412,0.7962962962962963,0.22016460905349794,0.4732510288065844,0.4053497942386831,0.4156378600823045,0.5246913580246914,0.5,0.5,0.5,0.5,0.3737166324435318,0.22381930184804927,0.2813141683778234
2024-05-23,17.17,18.18,16.9,18.04,15875537.0,17.23,16.956,17.005000000000003,17.522499999999997,0.0470110272780033,0.063930172210427,0.0608644516318728,0.0295334569838778,17.005000000000003,17.79790272848677,16.212097271513237,1.152665177391936,0.0932552459255634,0.0488372093023254,0.0887145443572721,0.0261660978384528,0.0379746835443037,0.0207382649632412,0.0265513238940892,0.0239998637502335,61.83673467620992,-0.09204891740454,-0.1947474373696,0.10269851996506,-45524326.0,70.3246253391767,0.533571428571429,2.242384164012162,0.9999999999390244,0.3651315789413629,-0.1186252771618624,0.0488372093023254,0.0239998637502335,61.83673467620992,2.3067380606319645,0.0,0.0,0.0,0.5,,,,,,,,,,,,,,,,,,,,,,,,,,,,,,,,,,,,,,,,,,,,其他,0,0,0.5,1.0,0,0.0472279260780287,-0.21729490022172948,-0.21008869179600886,0.9629629629629629,0.49176954732510286,0.565843621399177,0.8580246913580247,0.9794238683127572,0.9094650205761317,0.5,0.5,0.5,0.5,0.04722792607802875,0.06365503080082136,0.10061601642710473
2024-05-24,18.11,18.98,17.76,17.9,20288284.0,17.416,17.032,17.051,17.528666666666666,0.0277905374368396,0.0509628933771721,0.0497918010673861,0.0211843456433271,17.051,17.938857266859625,16.163142733140372,0.9781173909321724,0.1041413719845662,-0.0077605321507761,0.0548025928108426,0.0443407234539088,0.0541813898704357,0.0229065152940829,0.0250521203394803,0.023393164269424,55.33333331611849,-0.0259060259550842,-0.1609791550852543,0.13507312913017,-65812610.0,73.74194147130814,0.5750000000000003,2.678054221786857,0.9146341462856928,0.3421052631522678,-0.0910614525139664,-0.0077605321507761,0.023393164269424,55.33333331611849,0.2779589125079673,0.0,0.0,0.0,0.5,,,,,,,,,,,,,,,,,,,,,,,,,,,,,,,,,,,,,,,,,,,,其他,0,0,0.5,1.0,0,0.0472279260780287,-0.19162011173184346,-0.24972067039106138,0.9629629629629629,0.5823045267489712,0.5617283950617284,0.8271604938271605,0.9876543209876543,0.9300411522633745,0.5,0.5,0.5,0.5,0.04722792607802875,0.043121149897330596,0.06981519507186858
2024-05-27,17.32,17.51,16.28,16.7,10978908.0,17.356,17.062,17.042499999999997,17.508333333333333,-0.0377967273565339,-0.0212167389520573,-0.0200968167815753,-0.0461684911946692,17.042499999999997,17.940846434171764,16.14415356582823,0.3093719822316078,0.1054242551464275,-0.0670391061452513,-0.0176470588235294,0.0182926829268292,-0.010077059869591,0.0422716196230206,0.0306281837048241,0.0281141923197626,43.76098417200959,-0.0694942517769767,-0.1426821744229735,0.0731879226459967,-76791518.0,64.41889749817702,0.6685714285714285,1.4241415667989672,0.182926829257139,0.1447368421028824,-0.0431137724550897,-0.0670391061452513,0.0281141923197626,43.76098417200959,-0.4588547754950591,0.0,0.0,0.0,0.5,,,,,,,,,,,,,,,,,,,,,,,,,,,,,,,,,,,,,,,,,,,,其他,0,0,0.5,1.0,0,0.4661190965092402,-0.13053892215568863,-0.1682634730538921,0.7263374485596708,0.29012345679012347,0.7304526748971193,0.5329218106995884,0.9320987654320988,0.45267489711934156,0.5,0.5,0.5,0.5,0.46611909650924027,0.14784394250513347,0.24435318275154005
2024-05-28,16.6,17.26,16.05,16.3,6481216.0,17.228,17.014999999999997,17.024499999999996,17.475,-0.0538657998606919,-0.0420217455186597,-0.0425563158976766,-0.0672389127324749,17.024499999999996,17.96838837430998,16.08061162569001,0.1162152116020861,0.1108858849663063,-0.0239520958083832,-0.037780401416765,-0.0280262373285627,-0.0216086434573828,0.0433296910923508,0.0307314943812459,0.0284946344069179,43.607705768642575,-0.1347545855856253,-0.1410966566554605,0.0063420710698351,-83272734.0,64.2146200597205,0.7214285714285715,0.8469318248091111,0.0,0.0789473684197542,-0.0582822085889571,-0.0239520958083832,0.0284946344069179,43.607705768642575,-0.4096666080087382,0.0,0.0,0.0,0.5,,,,,,,,,,,,,,,,,,,,,,,,,,,,,,,,,,,,,,,,,,,,其他,0,0,0.5,1.0,0,0.2078189300411522,-0.09202453987730064,-0.12392638036809822,0.5237113402061856,0.30721649484536084,0.7278350515463917,0.5463917525773195,0.7216494845360825,0.3319587628865979,0.5,0.5,0.5,0.5,0.20781893004115226,0.19753086419753085,0.3230452674897119
2024-05-29,16.13,16.83,16.06,16.4,5190355.0,17.068,17.002,17.0155,17.46983333333333,-0.0391375673775488,-0.0354075991059875,-0.0361729011783374,-0.0612388975281198,17.0155,17.98043195833187,16.05056804166813,0.181065594986534,0.1134179963358349,0.0061349693251533,-0.0465116279069768,-0.0078644888082276,-0.0108564535585041,0.0423306965190145,0.0305310574509418,0.0285167667599246,38.783269951654624,-0.1763729845477044,-0.1481519222340636,-0.0282210623136408,-78082379.0,57.23723629743117,0.7285714285714285,0.6906323979060154,0.0574712643645119,0.095394736840536,-0.0853658536585365,0.0061349693251533,0.0285167667599246,38.783269951654624,-0.1991695694141346,0.0,0.0,0.0,0.5,,,,,,,,,,,,,,,,,,,,,,,,,,,,,,,,,,,,,,,,,,,,其他,0,0,0.5,1.0,0,0.2156057494866529,-0.10548780487804865,-0.14329268292682917,0.3724279835390947,0.41358024691358025,0.7345679012345679,0.5102880658436214,0.5617283950617284,0.3991769547325103,0.5,0.5,0.5,0.5,0.21560574948665298,0.23613963039014374,0.3182751540041068
2024-05-30,16.24,16.35,15.88,15.9,6084408.0,16.64,16.935,16.954,17.443666666666665,-0.0444711538461538,-0.0611160318866252,-0.0621682198891117,-0.0884943914696833,16.954,18.03768571866651,15.870314281333492,0.0136966456943196,0.1278383530329263,-0.0304878048780486,-0.1186252771618624,-0.0404345202172601,-0.0718038528896671,0.0276783651361126,0.0319387570434079,0.028151378554268,38.3458646515631,-0.2468487255742637,-0.167891282902449,-0.0789574426718147,-84166787.0,58.57870402936108,0.7207142857142853,0.8270987446722725,0.0,0.0131578947366257,-0.1119496855345912,-0.0304878048780486,0.028151378554268,38.3458646515631,0.1722527649842833,0.0,0.0,0.0,0.5,,,,,,,,,,,,,,,,,,,,,,,,,,,,,,,,,,,,,,,,,,,,其他,0,0,0.5,1.0,0,0.2222222222222222,-0.07484276729559747,-0.12704402515723268,0.04536082474226804,0.2639175257731959,0.7422680412371134,0.5298969072164949,0.6329896907216495,0.14845360824742268,0.5,0.5,0.5,0.5,0.2222222222222222,0.32510288065843623,0.31275720164609055
2024-05-31,15.91,16.5,15.91,16.27,5262403.0,16.314,16.865000000000002,16.923499999999997,17.420333333333335,-0.0026970700012259,-0.0352801660243108,-0.038614943717316,-0.0660339450067929,16.923499999999997,18.04946671914902,15.797533280850974,0.2098049218919735,0.1330654674437758,0.0232704402515722,-0.0910614525139664,-0.0412492634060105,-0.0361374407582938,0.0349324085502243,0.0318557520730915,0.028623879568371,48.686868673098665,-0.2697407522247843,-0.1882611767672012,-0.0814795754575831,-78904384.0,63.95698996855303,0.6921428571428567,0.7314160622608951,0.1728971962536026,0.0740131578935194,-0.1106330669944682,0.0232704402515722,0.028623879568371,48.686868673098665,-0.1351002431132165,0.0,0.0,0.0,0.5,,,,,,,,,,,,,,,,,,,,,,,,,,,,,,,,,,,,,,,,,,,,其他,0,0,0.5,1.0,0,0.108829568788501,-0.10633066994468354,-0.13829133374308544,0.04526748971193416,0.39711934156378603,0.7633744855967078,0.7592592592592593,0.5802469135802469,0.4074074074074074,0.5,0.5,0.5,0.5,0.10882956878850103,0.22176591375770022,0.2053388090349076
2024-06-03,16.31,16.34,15.75,15.98,4744076.0,16.169999999999998,16.762999999999998,16.851499999999998,17.394333333333336,-0.0117501546072973,-0.0467100161069019,-0.0517164644096963,-0.0813100051740989,16.851499999999998,18.026866012422307,15.676133987577687,0.129264420273285,0.1394969008593103,-0.0178242163491086,-0.0431137724550897,-0.0599999999999999,-0.0826636050516648,0.0225426778881207,0.0320809819381869,0.0277141302517227,41.88911703107909,-0.307732330116945,-0.2121554074374175,-0.0955769226795274,-83648460.0,59.73622392200316,0.7021428571428565,0.6831868262607192,0.0373831775683466,0.0263157894732514,-0.0913642052565707,-0.0178242163491086,0.0277141302517227,41.88911703107909,-0.0984962573181871,0.0,0.0,0.0,0.5,,,,,,,,,,,,,,,,,,,,,,,,,,,,,,,,,,,,,,,,,,,,其他,0,0,0.5,1.0,0,0.0739219712525667,-0.05757196495619521,-0.13204005006257824,0.4691358024691358,0.3765432098765432,0.757201646090535,0.7181069958847737,0.19958847736625515,0.4794238683127572,0.5,0.5,0.5,0.5,0.07392197125256673,0.3182751540041068,0.13552361396303902
2024-06-04,15.88,15.88,15.08,15.35,5250061.0,15.98,16.604,16.7485,17.354666666666667,-0.0394242803504381,-0.07552397012768,-0.0835000149267098,-0.1155116779348494,16.7485,18.06977968273171,15.427220317268288,-0.0292217909177697,0.1577788676865178,-0.0394242803504381,-0.0582822085889571,-0.0938606847697757,-0.1183228029867892,0.0259814138457228,0.033774513511351,0.0288060572247879,38.7832699516546,-0.38423993928307,-0.2465723138068563,-0.1376676254762136,-88898521.0,58.82092188513872,0.7371428571428565,0.7658369726638252,0.0,0.0,-0.035830618892508,-0.0394242803504381,0.0288060572247879,38.7832699516546,0.1066561749853922,0.0,0.0,0.0,0.5,,,,,,,,,,,,,,,,,,,,,,,,,,,,,,,,,,,,,,,,,,,,其他,0,0,0.5,1.0,0,0.3449691991786447,-0.032573289902280145,-0.1140065146579805,0.205761316872428,0.18930041152263374,0.7654320987654321,0.5946502057613169,0.4074074074074074,0.16666666666666666,0.5,0.5,0.5,0.5,0.34496919917864477,0.6036960985626283,0.2135523613963039
2024-06-05,15.2,15.29,15.0,15.0,3354225.0,15.7,16.383999999999997,16.647,17.293,-0.0445859872611464,-0.0844726562499997,-0.0989367453595241,-0.1325970045683223,16.647,18.17322134009028,15.12077865990972,-0.0395678715574178,0.183362929066031,-0.0228013029315961,-0.0853658536585365,-0.127906976744186,-0.1192014092777452,0.0241856570577422,0.0328235225818733,0.0288352693697444,35.90664271987981,-0.4677193088511835,-0.2908017128160388,-0.1769175960351447,-92252746.0,55.822365337904245,0.7449999999999994,0.4985948565408121,0.0,0.0,-0.022,-0.0228013029315961,0.0288352693697444,35.90664271987981,-0.3611074233232718,0.0,0.0,0.0,0.5,,,,,,,,,,,,,,,,,,,,,,,,,,,,,,,,,,,,,,,,,,,,其他,0,0,0.5,1.0,0,0.4373716632443531,-0.03866666666666663,-0.12466666666666659,0.2139917695473251,0.21604938271604937,0.757201646090535,0.6460905349794238,0.13991769547325103,0.19135802469135801,0.5,0.5,0.5,0.5,0.43737166324435317,0.5708418891170431,0.1971252566735113
2024-06-06,14.84,15.08,13.92,14.12,5468012.0,15.344,15.992,16.474,17.2115,-0.0797705943691345,-0.1170585292646323,-0.1428918295495933,-0.1796182784766,16.474,18.308240413559904,14.639759586440094,-0.1416825140759968,0.2226830658672782,-0.0586666666666667,-0.1119496855345912,-0.2172949002217294,-0.1968145620022753,0.0304532845777522,0.0274466008455013,0.0296511278676562,26.446280985615715,-0.5979838066398298,-0.3522381315811493,-0.2457456750586804,-97720758.0,51.35182640778385,0.7964285714285708,0.8439341785261049,0.0,0.0,0.0417847025495752,-0.0586666666666667,0.0296511278676562,26.446280985615715,0.6301864066960325,0.0,0.0,0.0,0.5,,,,,,,,,,,,,,,,,,,,,,,,,,,,,,,,,,,,,,,,,,,,其他,0,0,0.5,1.0,0,0.7392197125256673,0.009206798866855603,-0.06444759206798856,0.22016460905349794,0.14814814814814814,0.757201646090535,0.5946502057613169,0.257201646090535,0.1522633744855967,0.5,0.5,0.5,0.5,0.7392197125256673,0.7063655030800822,0.31211498973305957
2024-06-07,14.2,14.57,14.19,14.47,3495008.0,14.984,15.648999999999996,16.3405,17.148500000000002,-0.0343032568072609,-0.0753402773340147,-0.1144701814509958,-0.1561944193369683,16.3405,18.35084665772101,14.33015334227898,0.0347817271166746,0.246056933105929,0.0247875354107649,-0.1106330669944682,-0.1916201117318434,-0.1557759626604433,0.0310327061980295,0.0312356165035098,0.030446032707041,30.14128727751995,-0.6653109348774962,-0.4148526922407058,-0.2504582426367903,-94225750.0,51.063682311021374,0.8157142857142852,0.5584329388206719,0.0892857142834369,0.0449871465289849,0.0048375950241879,0.0247875354107649,0.030446032707041,30.14128727751995,-0.360826567315507,0.0,0.0,0.0,0.5,,,,,,,,,,,,,,,,,,,,,,,,,,,,,,,,,,,,,,,,,,,,其他,0,0,0.5,1.0,0,0.7325102880658436,-0.07187284035936425,-0.11886662059433317,0.10721649484536082,0.15876288659793814,0.7443298969072165,0.6164948453608248,0.15051546391752577,0.11752577319587629,0.5,0.5,0.5,0.5,0.7325102880658436,0.43621399176954734,0.23251028806584362
2024-06-11,14.25,14.53,14.14,14.52,2592223.0,14.691999999999998,15.431,16.246499999999997,17.087666666666667,-0.0117070514565749,-0.0590370034346446,-0.1062690425630135,-0.1502643231960674,16.246499999999997,18.414742315065737,14.078257684934258,0.1018664546822484,0.2669180826704083,0.0034554250172771,-0.0913642052565707,-0.1305389221556886,-0.1146341463414634,0.0332623464985541,0.027296996762028,0.0293761325505104,30.9748427604772,-0.7064898325979065,-0.47318012031236,-0.2333097122855464,-91633527.0,52.10477073313609,0.8199999999999995,0.4244233617069179,0.1020408163239276,0.0514138817474111,0.037190082644628,0.0034554250172771,0.0293761325505104,30.9748427604772,-0.2583069909997345,0.0,0.0,0.0,0.5,,,,,,,,,,,,,,,,,,,,,,,,,,,,,,,,,,,,,,,,,,,,其他,0,0,0.5,1.0,0,0.8724279835390947,-0.04338842975206603,-0.11157024793388426,0.07216494845360824,0.3030927835051546,0.7216494845360825,0.6041237113402061,0.07422680412371134,0.15463917525773196,0.5,0.5,0.5,0.5,0.8724279835390947,0.6419753086419753,0.21810699588477367
2024-06-12,14.37,14.83,14.37,14.8,2961630.0,14.582,15.280999999999995,16.148,17.0315,0.0149499382800715,-0.0314769975786922,-0.0834778300718355,-0.1310219299533218,16.148,18.393712640378865,13.902287359621134,0.1998725536423551,0.2781412732678918,0.0192837465564739,-0.035830618892508,-0.0920245398773006,-0.1174716756112104,0.0343856804739901,0.0288465691210361,0.0292191874276127,31.19122256368844,-0.7083671685892199,-0.5202175299678701,-0.1881496386213498,-88671897.0,50.96290585806637,0.8228571428571426,0.4879236455336191,0.1734693877506772,0.0874035989705991,0.0033783783783782,0.0192837465564739,0.0292191874276127,31.19122256368844,0.1425058723728629,0.0,0.0,0.0,0.5,,,,,,,,,,,,,,,,,,,,,,,,,,,,,,,,,,,,,,,,,,,,其他,0,0,0.5,1.0,0,0.7885010266940452,-0.03513513513513522,-0.14391891891891895,0.3436213991769547,0.26954732510288065,0.7304526748971193,0.5411522633744856,0.14609053497942387,0.17078189300411523,0.5,0.5,0.5,0.5,0.7885010266940452,0.6324435318275154,0.19507186858316222
2024-06-13,14.79,14.89,14.64,14.67,2956610.0,14.516,15.108,16.055,16.97683333333333,0.0106089831909617,-0.0289912629070691,-0.0862659607598879,-0.1358812499386418,16.055,18.38651859254176,13.723481407458236,0.2029832821297802,0.2904414316446267,-0.0087837837837838,-0.022,-0.1054878048780486,-0.1125226860254083,0.0333082808008873,0.0283452209205136,0.0291607028179172,20.282186943845645,-0.712134765778071,-0.5586009771300003,-0.1535337886480706,-91628507.0,42.58714180083016,0.7492857142857139,0.4884859923860647,0.1403061224454005,0.0706940874026904,-0.0170415814587593,-0.0087837837837838,0.0291607028179172,20.282186943845645,-0.0016950125437681,0.0,0.0,0.0,0.5,-1.27900348917522,-1.337278453581658,-1.3225558337538734,-1.3782838070804948,-0.969959982004425,,,,,,,,,,,,,,,,,,,,,,-0.8194188472956162,-0.647022643073457,-0.5650941802011615,-1.1355164051634272,,,,,,,,,,0.0,0.0,0.0,0.0,其他,0,0,0.5,1.0,0,0.675564681724846,-0.0422631220177232,-0.04976141785957744,0.43621399176954734,0.3436213991769547,0.7263374485596708,0.13991769547325103,0.13168724279835392,0.23251028806584362,0.5,0.5,0.5,0.5,0.675564681724846,0.5831622176591376,0.4784394250513347
2024-06-14,14.6,14.76,14.4,14.71,2590201.0,14.634,14.989,15.961999999999998,16.920666666666666,0.0051933852671859,-0.0186136500100073,-0.0784362861796765,-0.130648910602419,15.961999999999998,18.35460791430156,13.569392085698444,0.2383608086096893,0.2997879857519817,0.0027266530334015,0.0417847025495752,-0.0748427672955974,-0.1122510561255279,0.0135910733457788,0.0277102666272043,0.0291651916459135,21.36445241832851,-0.7037803612880271,-0.5876368539616602,-0.1161435073263669,-89038306.0,21.032541717353936,0.6878571428571425,0.4298425305305571,0.1505102040777935,0.0758354755774316,-0.0312712440516655,0.0027266530334015,0.0291651916459135,21.36445241832851,-0.1239287562444827,0.0,0.0,0.0,0.5,-1.3268298346481642,-1.3606877905285797,-1.3984754697287156,-1.3482640812798177,-1.0039394000877755,,,,,,,,,,,,,,0.1045670282229065,,,,,,,,-0.7966385397695711,-0.7152719774063643,-0.4080200929499449,-1.0421061939412228,,,,,,0.1045670282229065,,,-0.1542284068918744,0.0,0.0,0.0,0.0,其他,0,0,0.5,1.0,0,0.4825462012320328,-0.05642420122365732,-0.05778382053025166,0.7386831275720165,0.38477366255144035,0.7386831275720165,0.10905349794238683,0.08024691358024691,0.2139917695473251,0.5,0.5,0.5,0.5,0.48254620123203285,0.4209445585215606,0.43737166324435317
2024-06-17,14.57,14.69,14.49,14.54,2096798.0,14.648,14.816,15.8405,16.862,-0.0073730202075369,-0.0186285097192224,-0.082099681196932,-0.1377060846874629,15.8405,18.26417685009444,13.416823149905564,0.2317092829490656,0.3060101448917819,-0.0115567641060504,0.0048375950241879,-0.1063306699446835,-0.1431938715380082,0.0122136956113438,0.0255303812320176,0.0283346123549492,26.21145373641056,-0.7027747043354342,-0.6106644240364496,-0.0921102802989846,-91135104.0,24.617148449575765,0.5878571428571427,0.3546953617202159,0.1071428571401238,0.0539845758347816,-0.0763411279229711,-0.0115567641060504,0.0283346123549492,26.21145373641056,-0.1904883057338021,0.0,0.0,0.0,0.5,-1.321617466129951,-1.3656603290812328,-1.3477353524839113,-1.3904888007061558,-1.051847169571956,,,,,,,,,,,,,,-0.1722384317191989,,,,,,,,-0.7892539806797166,-0.7680399589397054,-0.3066013992696232,-1.1002126374321508,,,,,,-0.1722384317191989,,,-0.1728346627069258,0.0,0.0,0.0,0.0,其他,0,0,0.5,1.0,0,0.2340862422997946,-0.03576341127922966,-0.06946354883081152,0.7304526748971193,0.3168724279835391,0.7386831275720165,0.3004115226337449,0.03292181069958848,0.2345679012345679,0.5,0.5,0.5,0.5,0.23408624229979466,0.41478439425051333,0.39630390143737165
2024-06-18,14.5,15.08,14.5,15.06,3989477.0,14.756,14.724,15.7435,16.807166666666667,0.0206017891027379,0.0228198859005706,-0.0434147425921809,-0.1039536705572028,15.7435,18.12673331896628,13.36026668103372,0.3566023740528842,0.3027577500493718,0.0357634112792297,0.037190082644628,-0.0575719649561952,-0.1141176470588235,0.0199297699626357,0.0292621574884384,0.0298851564092415,36.695278958932754,-0.6524993757451281,-0.6190314143781953,-0.0334679613669327,-87145627.0,32.91698676532438,0.5428571428571427,0.6724079405102206,0.23979591836123,0.1208226221064163,-0.0776892430278884,0.0357634112792297,0.0298851564092415,36.695278958932754,0.9026520437352572,0.0,0.0,0.0,0.5,-1.3295237459998042,-1.2343292505582784,-1.3286466002829374,-1.1977807922932653,-0.82716120155613,,,,,,,,,,,,,,0.7461716447868015,,,,,,,,-0.6804288612771704,-0.7838951381511917,-0.0613196281502263,-0.9629027205167656,,,,,,0.7461716447868015,,,0.1454905656517513,0.0,0.0,0.0,0.0,其他,0,0,0.5,1.0,0,0.242798353909465,-0.07901726427622846,-0.10358565737051795,0.8721649484536083,0.46804123711340206,0.777319587628866,0.5505154639175258,0.37731958762886597,0.465979381443299,0.5,0.5,0.5,0.5,0.24279835390946503,0.1440329218106996,0.2448559670781893
2024-06-19,15.07,15.21,14.81,14.85,2651243.0,14.766,14.674,15.639,16.75,0.0056887444128401,0.0119940029985006,-0.0504507960867063,-0.1134328358208955,15.639,17.984314702258743,13.293685297741256,0.3317922965149831,0.2999315432244705,-0.0139442231075698,0.0033783783783782,-0.0325732899022801,-0.1233766233766234,0.0205430909124899,0.0270043008848528,0.0299376693410377,33.75262053516698,-0.622424958024915,-0.6197101231075399,-0.0027148349173751,-89796870.0,39.654702568548245,0.5164285714285713,0.4527718982265819,0.1862244897911678,0.0938303341890253,-0.0383838383838384,-0.0139442231075698,0.0299376693410377,33.75262053516698,-0.3354409613089635,0.0,0.0,0.0,0.5,-1.1310169936291372,-1.1832965988800002,-1.197397898463738,-1.2572865541502398,-0.9744359059404292,-1.393341232376503,,,,0.1855365116933008,,,,,,,,,-0.224426211580884,,,,,,,,-0.6142005615740301,-0.7805004631079354,0.067435067081952,-1.040256740048956,,,,,,-0.224426211580884,,,-0.2162843985842698,0.0,0.0,0.0,0.0,其他,0,0,0.5,1.0,0,0.3305954825462012,-0.08417508417508412,-0.09360269360269358,0.7880658436213992,0.3868312757201646,0.7839506172839507,0.4876543209876543,0.09259259259259259,0.3765432098765432,0.5,0.5,0.5,0.5,0.33059548254620125,0.12320328542094455,0.32238193018480493
2024-06-20,14.85,14.9,14.42,14.42,2322349.0,14.716,14.616,15.5,16.687,-0.0201141614569175,-0.0134099616858237,-0.0696774193548387,-0.1358542578054773,15.5,17.784510773378763,13.215489226621235,0.2636255401787718,0.294775583659874,-0.0289562289562289,-0.0170415814587593,-0.0386666666666666,-0.1616279069767441,0.0245047423239244,0.0275706392276812,0.0299037452195171,34.255319138732474,-0.6260690457278404,-0.620981907631601,-0.0050871380962393,-92119219.0,43.03606872750749,0.5135714285714287,0.4051797499471007,0.0765306122429458,0.0385604113105584,-0.0256588072122052,-0.0289562289562289,0.0299037452195171,34.255319138732474,-0.1240527556319809,0.0,0.0,0.0,0.5,-1.1917503669317675,-1.2637188167524105,-1.332145334667933,-1.3894137031526133,-1.004373253256555,-1.3948096647936927,,,,-0.2439398540007729,,,,,,,,,-0.5163454218981758,-0.0774953113553555,,,-0.6644440313820579,,,,-0.6183937894501562,-0.7786668321826286,0.0572122226995561,-1.1057645737674024,,,,,,-0.5163454218981758,,,-0.1534833104840748,0.0,0.0,0.0,0.0,其他,0,0,0.5,1.0,0,0.4537987679671458,-0.08945908460471563,-0.07975034674063808,0.6748971193415638,0.27983539094650206,0.7695473251028807,0.5946502057613169,0.018518518518518517,0.3374485596707819,0.5,0.5,0.5,0.5,0.4537987679671458,0.10472279260780287,0.2648870636550308
2024-06-21,14.35,14.45,14.21,14.25,1765666.0,14.624,14.629,15.3105,16.624166666666667,-0.0255743982494529,-0.025907444117848,-0.0692661898696972,-0.1428141761491804,15.3105,17.32010299823764,13.300897001762358,0.2361419143597917,0.2625130463700748,-0.0117891816920943,-0.0312712440516655,0.0092067988668556,-0.2100886917960088,0.0244878911257089,0.0201527871672903,0.0267035350517938,27.55555554698276,-0.6353498212812401,-0.6238554903615305,-0.0114943309197095,-93884885.0,34.380405201142594,0.4878571428571429,0.351295387640696,0.0343915343906247,0.0167095115679087,-0.0259649122807017,-0.0117891816920943,0.0267035350517938,27.55555554698276,-0.2397068657639313,0.0,0.0,0.0,0.5,-1.3409604851276355,-1.3832026822317869,-1.395888350987235,-1.4303370604653207,-1.059819378819976,-1.4115912274804543,,,,-0.3338864508485932,,,,,,,,,-0.1777548503517852,-0.1952963340677354,,,-0.6611386003663827,,,,-0.6343239904379644,-0.7809003671299958,0.0299928540399731,-1.152291238495029,,,,,,-0.1777548503517852,,,-0.1868601751542169,0.0,0.0,0.0,0.0,其他,0,0,0.5,1.0,0,0.4147843942505133,-0.07298245614035082,-0.052631578947368474,0.48148148148148145,0.09876543209876543,0.6851851851851852,0.32098765432098764,0.0411522633744856,0.2736625514403292,0.5,0.5,0.5,0.5,0.41478439425051333,0.1293634496919918,0.433264887063655
2024-06-24,14.2,14.22,13.39,13.43,3393088.0,14.401999999999996,14.525,15.087,16.559333333333335,-0.0674906263019023,-0.0753872633390706,-0.109829654669583,-0.1889770119570032,15.087,16.864912436420397,13.309087563579602,0.0340040470891915,0.2356880011146832,-0.0575438596491227,-0.0763411279229711,-0.0718728403593642,-0.2497206703910613,0.0338846279158737,0.0255063167261423,0.0286013971835631,24.65208746828772,-0.7007902115731302,-0.6392424346038581,-0.061547776969272,-97277973.0,35.92706399992706,0.5071428571428571,0.8114721731155049,0.0,0.0,0.0439314966492925,-0.0575438596491227,0.0286013971835631,24.65208746828772,0.9217043313967648,0.0,0.0,0.0,0.5,-1.3741768551288964,-1.4347073503982724,-1.682585909798404,-1.6855095532679811,-0.8653609199641746,-1.4749405560761937,,,,-1.029903626022449,,,,,,,,,-1.0724965188290971,-0.5694718612701319,,,-0.3003626255220111,,,,-0.767160418400437,-0.8144605001398748,-0.1818307741890302,-1.2495016246097954,,,,,,-1.0724965188290971,,,0.1567772526145347,0.0,0.0,0.0,0.0,其他,0,0,0.5,1.0,0,0.7207392197125256,-0.050632911392405,0.10573343261355173,0.23251028806584362,0.06790123456790123,0.7448559670781894,0.25102880658436216,0.2757201646090535,0.18518518518518517,0.5,0.5,0.5,0.5,0.7207392197125256,0.2464065708418891,0.9507186858316222
2024-06-25,13.44,14.09,13.41,13.89,3340835.0,14.168,14.462,14.9465,16.512666666666668,-0.0196216826651609,-0.039551929193749,-0.0706854447529521,-0.1588275667164601,14.9465,16.62928309575767,13.263716904242331,0.1860855083813038,0.225174200748859,0.0342516753536858,-0.0776892430278884,-0.043388429752066,-0.1682634730538921,0.0333171488011149,0.0285987113791414,0.0276424308696943,34.979423858236416,-0.7073815018181246,-0.6528702480467167,-0.0545112537714079,-93937138.0,45.34125342906913,0.4914285714285714,0.8792841426103506,0.1548821548769403,0.0543093270359586,-0.0014398848092153,0.0342516753536858,0.0276424308696943,34.979423858236416,-0.0153998363732387,0.0,0.0,0.0,0.5,-1.5995357803999246,-1.4555087766884178,-1.6503785459177618,-1.509095025866646,-0.8654499794189789,-1.5403535600581804,,,,-0.2243426648250616,,,,,,,,,0.7355332411739446,-0.5776441144616363,,,-0.3207134676762752,,,,-0.7761545238358405,-0.8433061052643984,-0.1512301239298828,-1.1311980618100894,,,,,,0.7355332411739446,,,-0.1216110932033651,0.0,0.0,0.0,0.0,其他,0,0,0.5,1.0,0,0.2012320328542094,-0.07127429805615548,0.007919366450683807,0.24279835390946503,0.2448559670781893,0.6934156378600823,0.6646090534979424,0.5843621399176955,0.4176954732510288,0.5,0.5,0.5,0.5,0.20123203285420946,0.11293634496919917,0.7782340862422998
2024-06-26,13.85,14.28,13.67,14.28,2607081.0,14.053999999999998,14.410000000000002,14.8455,16.472166666666666,0.0160808310801197,-0.0090215128383068,-0.0380923512175408,-0.1330830795382109,14.8455,16.42557961158503,13.265420388414972,0.3210533203878141,0.2128698409045683,0.0280777537796974,-0.0383838383838384,-0.0351351351351352,-0.1239263803680982,0.0387029045104866,0.0295165817990887,0.0285742775355056,42.65306121230321,-0.673374526295218,-0.6569711036964182,-0.0164034225987997,-91330057.0,52.40454688231478,0.5099999999999999,0.7230268106901309,0.28619528618565,0.1003541912620973,-0.0476190476190475,0.0280777537796974,0.0285742775355056,42.65306121230321,-0.2196319183677134,0.0,0.0,0.0,0.5,-1.448735878541874,-1.3829670703991457,-1.532285535813163,-1.3616111036820673,-0.9435922131041828,-1.5604638041929102,-1.5478438894651994,,,0.3763780779686095,0.065181926048729,,,,,,,,0.6101212361658022,-0.2457451111110054,,,-0.1127004692250433,,,,-0.7003144713285266,-0.8480087251031829,0.0118099998820913,-1.0384788463610213,,,,,,0.6101212361658022,,,-0.1818946158049475,0.0,0.0,0.0,0.0,其他,0,0,0.5,1.0,0,0.1047227926078028,-0.11274509803921562,0.07843137254901977,0.3292181069958848,0.31893004115226337,0.6995884773662552,0.6316872427983539,0.3271604938271605,0.49176954732510286,0.5,0.5,0.5,0.5,0.10472279260780287,0.08008213552361396,0.9609856262833676
2024-06-27,14.25,14.38,14.0,14.05,2117538.0,13.98,14.348,14.728,16.442666666666664,0.0050071530758226,-0.0207694452188457,-0.0460347637153719,-0.1455157314304247,14.728,16.16431985882025,13.291680141179752,0.2639801483413007,0.1950461513865421,-0.0161064425770307,-0.0256588072122052,-0.0422631220177232,-0.1432926829268291,0.0372975222909982,0.0297609967871097,0.0285016067163964,49.176470572036,-0.6574038714821313,-0.6570576572535609,-0.0003462142285703,-93447595.0,62.297568890795006,0.4542857142857142,0.6133974727492743,0.2183098591472429,0.0731995277441182,-0.0654804270462633,-0.0161064425770307,0.0285016067163964,49.176470572036,-0.1877743729481362,0.0,0.0,0.0,0.5,-1.3056950738111268,-1.338632805027486,-1.3928271092413191,-1.42238829644887,-0.9927427398413544,-1.565647592895366,-1.549892230561593,,,0.1881001010792526,-0.082446341629792,,,,,,,,-0.2649565420482149,-0.1376619002359929,-0.1353891892105804,,-0.1663961145098043,-0.6617869689102162,,,-0.6628530588042262,-0.842638442522313,0.0804872291574388,-1.0974519107533938,,,,,,-0.2649565420482149,,,-0.1716564257834713,0.0,0.0,0.0,0.0,其他,0,0,0.5,1.0,0,0.0555555555555555,-0.007829181494662052,0.08256227758007118,0.4515463917525773,0.31752577319587627,0.7134020618556701,0.7525773195876289,0.23505154639175257,0.5567010309278351,0.5,0.5,0.5,0.5,0.05555555555555555,0.39300411522633744,0.9465020576131687
2024-06-28,14.09,14.26,13.88,13.88,1944645.0,13.906,14.264999999999995,14.627,16.4055,-0.0018696965338702,-0.0269891342446545,-0.05106993915362,-0.1539422754564018,14.627,15.998961331356004,13.255038668643998,0.2277620064974917,0.1875929898607538,-0.0120996441281138,-0.0259649122807017,-0.0564242012236573,-0.1270440251572326,0.0373126924125725,0.0297630702470695,0.0280069908583157,42.75184273713696,-0.6509601538767313,-0.6558381565781948,0.0048780027014634,-95392240.0,55.6052077370065,0.4492857142857141,0.599245007589691,0.1584507042197732,0.0531286894916987,-0.0482708933717579,-0.0120996441281138,0.0280069908583157,42.75184273713696,-0.0816481215449261,0.0,0.0,0.0,0.5,-1.3426054193355297,-1.3590993301284435,-1.420826695999907,-1.4616824613641686,-1.0050095860173465,-1.5706746638405646,-1.5598424433514293,,,0.0709251612961004,-0.1604390030528188,,,,,,,,-0.1844785419243833,-0.1396944854238387,-0.2414438261772023,,-0.1651346713335158,-0.6577739949197758,,,-0.6456879248965851,-0.8340941055964498,0.1026243872564386,-1.1498783442450948,,,,,,-0.1844785419243833,,,-0.1391625897453036,0.0,0.0,0.0,0.0,其他,0,0,0.5,1.0,0,0.0924024640657084,-0.0014409221902018654,0.08717579250720453,0.41358024691358025,0.3148148148148148,0.6975308641975309,0.6851851851851852,0.12757201646090535,0.36213991769547327,0.5,0.5,0.5,0.5,0.09240246406570841,0.49075975359342916,0.9425051334702259
2024-07-01,13.91,14.05,13.64,14.02,1668557.0,14.024,14.213,14.514500000000002,16.370333333333335,-0.0002852253280092,-0.0135791177091394,-0.0340693788969652,-0.1435727230152105,14.514500000000002,15.671328240901238,13.357671759098766,0.2862690490494141,0.1594031128724056,0.0100864553314119,0.0439314966492925,-0.0357634112792296,-0.1382913337430854,0.0227935941654915,0.0300503782871913,0.027421058736656,43.99038460058016,-0.6273255772185333,-0.6501356407062615,0.0228100634877281,-93723683.0,57.10607787796451,0.4507142857142856,0.5443077556083925,0.2313725490105342,0.0696576151113381,-0.0905848787446504,0.0100864553314119,0.027421058736656,43.99038460058016,-0.141973470736304,0.0,0.0,0.0,0.5,-1.384802414039204,-1.4049061646331653,-1.4912675173200878,-1.3988409679613554,-1.028931947894691,-1.5081591295299184,-1.5578075230162078,,,0.0975813868557476,0.0098167807197062,,,,,,,,0.2576945831794365,0.4534446063850292,-0.0842090410876435,,-0.7269433814954477,-0.6405856818720537,,,-0.5924440774894766,-0.8144074818326235,0.1795610025885976,-1.0869903912599352,,,,,,0.2576945831794365,,,-0.1567806648570662,0.0,0.0,0.0,0.0,其他,0,0,0.5,1.0,0,0.0637860082304526,-0.03495007132667616,0.08701854493580607,0.7237113402061855,0.20618556701030927,0.6804123711340206,0.5876288659793815,0.08041237113402062,0.32989690721649484,0.5,0.5,0.5,0.5,0.06378600823045268,0.4382716049382716,0.9465020576131687
2024-07-02,14.06,14.08,13.82,13.87,1392700.0,14.02,14.094,14.409,16.326833333333333,-0.0106990014265335,-0.0158932879239392,-0.0374071760705115,-0.1504782515490859,14.409,15.37164766468062,13.44635233531938,0.2200429503972094,0.1336175535670677,-0.0106990014265335,-0.0014398848092153,-0.0790172642762284,-0.1320400500625782,0.0187768112985166,0.0267644466770094,0.0273198533740511,38.46153844817712,-0.6136248320420723,-0.6428334789734228,0.0292086469313505,-95116383.0,55.03953807088392,0.4364285714285713,0.480589831796492,0.2291666666547306,0.0519480519474385,-0.0699351117519826,-0.0106990014265335,0.0273198533740511,38.46153844817712,-0.1653266864722032,0.0,0.0,0.0,0.5,-1.3228877699870305,-1.3807151686706256,-1.408683931757484,-1.4321073968514089,-1.0524962663022153,-1.4905740383569823,-1.580902936530338,,,-0.0805219197355201,-0.0196134068304926,,,,,,,,-0.1584302646848697,0.0655444953625795,-0.4120516234035525,,-0.8777535073083014,-0.7897190873312647,,-0.3966970763013916,-0.5604927490639755,-0.7909278124214545,0.2065581286084659,-1.1221882929797369,0.1961567981210119,-1.1280523163809222,,,,-0.1584302646848697,,-0.3966970763013916,-0.1632307577688561,0.0,0.0,0.0,0.0,其他,0,0,0.5,1.0,0,0.1375770020533881,-0.02667627974044695,0.09589041095890405,0.19958847736625515,0.13580246913580246,0.6810699588477366,0.43415637860082307,0.051440329218107,0.25102880658436216,0.5,0.5,0.5,0.5,0.1375770020533881,0.5687885010266941,0.9507186858316222
2024-07-03,13.88,13.88,13.56,13.6,1704479.0,13.884,13.969,14.3215,16.272333333333332,-0.0204552002304811,-0.0264156346195145,-0.0503788011032364,-0.1642255771554991,14.3215,15.24118587314496,13.40181412685504,0.1077465028664993,0.1284342943320935,-0.019466474405191,-0.0476190476190475,-0.0841750841750841,-0.1140065146579805,0.0115615462135388,0.0269599041621312,0.0264109025816461,37.1702637764896,-0.6174355209693196,-0.6377538873726016,0.0203183664032819,-96820862.0,48.26967025058569,0.4414285714285713,0.6265042881337726,0.1042944785212088,0.0200708382524194,-0.0683823529411764,-0.019466474405191,0.0264109025816461,37.1702637764896,0.223866590076829,0.0,0.0,0.0,0.5,-1.3654436534706702,-1.4229008630951667,-1.4861517853205968,-1.5031091856997232,-1.0086557707067334,-1.51960978221186,-1.6053255522832797,,,-0.247316512989043,-0.1537092946157636,,,,,,,,-0.3334785911162131,-0.3291421770525022,-0.449332052308045,,-1.1494135602021125,-0.7754753870905424,,-0.4910013809251157,-0.5658307637358996,-0.7733199671299805,0.1671431880323579,-1.166608558246344,-0.2861268628148016,-1.1103258201746056,,,,-0.3334785911162131,,-0.4910013809251157,-0.0445645988855178,0.0,0.0,0.0,0.0,其他,0,0,0.5,1.0,0,0.2464065708418891,-0.010294117647058787,0.14044117647058818,0.102880658436214,0.20987654320987653,0.6666666666666666,0.33127572016460904,0.3045267489711934,0.16666666666666666,0.5,0.5,0.5,0.5,0.2464065708418891,0.7330595482546202,0.9568788501026694
2024-07-04,13.63,13.71,13.1,13.13,2639016.0,13.7,13.84,14.228,16.218833333333333,-0.0416058394160583,-0.051300578034682,-0.0771717739668259,-0.1904473194742736,14.228,15.233471347964814,13.222528652035184,-0.0460125752055847,0.141336990154308,-0.0345588235294116,-0.0654804270462633,-0.0894590846047156,-0.1246666666666665,0.0161638798334897,0.0274870474861391,0.0269372246191527,32.82608694653119,-0.6508765744085601,-0.6403784247797936,-0.0104981496287664,-99459878.0,48.54778332469507,0.4592857142857142,0.982925799645702,0.0,0.0,0.0616907844630616,-0.0345588235294116,0.0269372246191527,32.82608694653119,0.5482830823964391,0.0,0.0,0.0,0.5,-1.4285241558532278,-1.4553338225346912,-1.6318938240892764,-1.6356492948054056,-0.8942620077053377,-1.5642481158735484,-1.6302407515936643,,,-0.6092288836318952,-0.4712981421793524,,,,,,,,-0.6348938284562949,-0.4806035929497929,-0.487472140285677,,-0.9624641384880516,-0.7459526481456811,,-0.8122204875430301,-0.6340963260492536,-0.7753970138807373,0.0321249395251438,-1.2395777876932288,-0.2650234975598287,-1.0745567423494942,,,,-0.6348938284562949,,-0.8122204875430301,0.0543836772185466,0.0,0.0,0.0,0.0,其他,0,0,0.5,1.0,0,0.9075975359342916,0.010662604722010638,0.17821782178217815,0.053497942386831275,0.19547325102880658,0.6810699588477366,0.3333333333333333,0.6707818930041153,0.12345679012345678,0.5,0.5,0.5,0.5,0.9075975359342916,0.702258726899384,0.9486652977412731
2024-07-05,13.11,13.25,12.88,13.21,1882505.0,13.566,13.736,14.1825,16.171833333333332,-0.0262420757776793,-0.0382935352358765,-0.0685704212938479,-0.1831476538425862,14.1825,15.286118450466352,13.078881549533646,0.0594038865538211,0.1556310171632041,0.006092916984006,-0.0482708933717579,-0.0729824561403508,-0.0644475920679885,0.0184069468624054,0.0278634257054482,0.0240466650499169,35.254988902581616,-0.6632777944132258,-0.6449582987064804,-0.0183194957067454,-97577373.0,49.15393249619105,0.4699999999999998,0.7513243078470636,0.0414507771999248,0.0091220068414011,0.0492051476154427,0.006092916984006,0.0240466650499169,35.254988902581616,-0.2866640444771839,0.0,0.0,0.0,0.5,-1.5726609940020768,-1.5685190462815748,-1.6874544222979186,-1.5883268683636491,-0.9749911704934991,-1.5900636413341451,-1.6450005879174097,,,-0.3419209796596129,-0.3022802338899886,,,,,,,,0.18710133187171,-0.3306289911033191,-0.3590004097518276,,-0.8689662915927493,-0.7237756459705612,,-0.6256944479774602,-0.6572206411837697,-0.782449275195952,-0.0022331677198551,-1.168895199439924,-0.220453893396468,-1.049788649948397,,,,0.18710133187171,,-0.6256944479774602,-0.2009895357528514,0.0,0.0,0.0,0.0,其他,0,0,0.5,1.0,0,0.9034907597535934,0.02195306585919754,0.2884178652535956,0.09053497942386832,0.31275720164609055,0.6172839506172839,0.3004115226337449,0.5,0.10905349794238683,0.5,0.5,0.5,0.5,0.9034907597535934,0.811088295687885,0.973305954825462
2024-07-08,13.19,13.2,12.68,12.75,2121798.0,13.312,13.668,14.0965,16.106333333333332,-0.0422175480769231,-0.0671641791044777,-0.0955201645798603,-0.208385935139386,14.0965,15.361981393736766,12.831018606263235,-0.032010982801098,0.1795454749374366,-0.0348221044663135,-0.0905848787446504,-0.050632911392405,-0.1188666205943331,0.0172533786345402,0.0239537193352399,0.0241089617902505,24.044943812659994,-0.7021293538869564,-0.6563925097425761,-0.0457368441443802,-99699171.0,39.2013167034422,0.4664285714285713,0.8706877132441603,0.0,0.0,0.0611764705882351,-0.0348221044663135,0.0241089617902505,24.044943812659994,0.1271141378110549,0.0,0.0,0.0,0.5,-1.528452628156862,-1.5628817313546564,-1.733693716091547,-1.7132839539549305,-0.940680068380418,-1.6558249289901277,-1.646102436797858,,,-0.6160942201395542,-0.6720699957038181,,,,,,,,-0.6405988854536543,-0.6932839363489258,-0.185561518513376,,-0.907738545611298,-0.9022210409650926,,-1.453604472839905,-0.7365627531811713,-0.8068613566500291,-0.1226974371385905,-1.225477266552669,-0.932550841778626,-1.0460613246522923,,,,-0.6405988854536543,,-1.453604472839905,-0.0733223174589748,0.0,0.0,0.0,0.0,其他,0,0,0.5,1.0,0,0.8973305954825462,0.16470588235294126,0.46823529411764686,0.06172839506172839,0.22839506172839505,0.6460905349794238,0.15843621399176955,0.4835390946502058,0.10905349794238683,0.5,0.5,0.5,0.5,0.8973305954825462,0.973305954825462,0.9917864476386037
2024-07-09,12.7,12.99,12.28,12.9,2942058.0,13.118,13.569,14.0155,16.033,-0.01661838694923,-0.0493035595843466,-0.0795904534265633,-0.1954094679723071,14.0155,15.371026310680309,12.659973689319692,0.0885362050077032,0.1934324584453834,0.0117647058823529,-0.0699351117519826,-0.0712742980561554,-0.1115702479338842,0.0220989651973065,0.0207021803029695,0.0243513916553343,27.790432792959763,-0.7126015564310002,-0.6676343190802614,-0.0449672373507388,-96757113.0,30.30594396127668,0.4885714285714285,1.1986805647312022,0.064935064932254,0.0163934426227716,0.0465116279069766,0.0117647058823529,0.0243513916553343,27.790432792959763,0.3865872246085631,0.0,0.0,0.0,0.5,-1.6588864158348415,-1.6020225331094466,-1.846747775786867,-1.642137876727737,-0.8401969742329892,-1.698563306702641,-1.6583482973296118,,,-0.1699173725656274,-0.4384030864821569,,,,,,,,0.306485427190219,-0.5116074280712064,-0.344158136004577,,-0.7140720755798629,-1.0474583095174153,,-1.1609914237296368,-0.7547903996533528,-0.8305897439555022,-0.1188548951212029,-1.122137780690985,-1.5539352613650268,-1.005502627061174,,,,0.306485427190219,,-1.1609914237296368,0.00683695402297,0.0,0.0,0.0,0.0,其他,0,0,0.5,1.0,0,0.8829568788501027,0.0852713178294573,0.5961240310077518,0.13580246913580246,0.21604938271604937,0.6337448559670782,0.1522633744855967,0.691358024691358,0.12962962962962962,0.5,0.5,0.5,0.5,0.8829568788501027,0.9425051334702259,0.9958932238193019
2024-07-10,12.76,12.91,12.64,12.67,1766479.0,12.932,13.408,13.909,15.927,-0.0202598206000618,-0.0550417661097852,-0.0890790135883241,-0.2044955107678784,13.909,15.337726337465508,12.480273662534492,0.0663970182685343,0.2054391167524962,-0.0178294573643411,-0.0683823529411764,-0.1127450980392156,-0.1439189189189189,0.0220133573193485,0.0167246113231798,0.0237611672069831,29.116945097669745,-0.7310326213474703,-0.6803139795337035,-0.0507186418137667,-98523592.0,36.41613986611293,0.4735714285714285,0.7376754278479606,0.0,0.0,0.0623520126282557,-0.0178294573643411,0.0237611672069831,29.116945097669745,-0.399577098751962,0.0,0.0,0.0,0.5,-1.6186389935143437,-1.60378536972755,-1.694639744095742,-1.69211713274042,-0.9700062997735708,-1.736763414849101,-1.6922481601211667,-1.7526433200703966,,-0.2326178241872304,-0.5105764021340805,-0.6139149656802606,,-1.7526433200703966,-1.5543017646358837,-1.4820302596980257,-1.02098060268514,-0.595240123550879,-0.2967718577801824,-0.4957811900217075,-0.6632187885606039,,-0.7133868721954144,-1.2236397952193068,,-1.052506784565325,-0.789891086684736,-0.8577704709203715,-0.1438771533253103,-1.1684588746686384,-1.104879600720459,-1.019082752406291,-0.1827826837131557,-1.0593045776459704,,-0.2967718577801824,,-1.052506784565325,-0.2361047149248079,0.0,0.0,0.0,0.0,其他,0,0,0.5,1.0,0,0.915811088295688,0.2154696132596685,0.46250986582478304,0.2448559670781893,0.1934156378600823,0.6008230452674898,0.12551440329218108,0.29835390946502055,0.11522633744855967,0.5,0.5,0.5,0.5,0.9158110882956879,0.9876796714579056,0.9897330595482546
2024-07-11,13.2,13.94,12.98,13.94,4542488.0,13.094,13.397,13.8725,15.8105,0.064609744921338,0.0405314622676717,0.0048657415750585,-0.1183074539072135,13.8725,15.25594916023197,12.489050839768028,0.5243955476962533,0.1994520324702826,0.1002367797947907,0.0616907844630616,-0.007829181494662,-0.0497614178595774,0.052194011609758,0.0390001529539887,0.0338199068061762,47.06994327676787,-0.6358334554919711,-0.6714178747253569,0.0355844192333857,-93981104.0,46.93869340531519,0.5471428571428572,1.8361276130049595,0.5313807531158415,0.1375947995651397,-0.0480631276901004,0.1002367797947907,0.0338199068061762,47.06994327676787,1.5714927831012997,0.0,0.0,0.0,0.5,-1.4656845366706477,-1.298694473397463,-1.5552646358374689,-1.2737540935417082,-0.6439861632570482,-1.6574220373281583,-1.6714635483351223,-1.7386534187107965,,1.243304353326134,0.7321154176984352,0.5752238850803076,,-1.7386534187107965,-1.55569099489445,-1.4581089787787764,0.606685032561274,-0.6329375135622274,2.081360761052225,0.6363380016208097,0.1545589364064395,0.153233099163647,0.4697044528455636,-0.170992499195667,-0.5341001307185071,0.2931216716754209,-0.5815201034926105,-0.8298459639661557,0.2399728389798464,-1.0161586322093967,-0.3477228041211215,-0.905010356599599,1.4232537168668526,0.8665999758094407,,2.081360761052225,-0.5341001307185071,0.2931216716754209,0.3758345544984916,0.0,0.0,0.0,0.0,其他,0,0,0.5,1.0,0,0.2238193018480492,0.09110473457675772,0.1965566714490674,0.9074074074074074,0.4773662551440329,0.8559670781893004,0.5411522633744856,0.9218106995884774,0.7016460905349794,0.5,0.5,0.5,0.5,0.22381930184804927,0.9630390143737166,0.9691991786447639
2024-07-12,14.2,14.38,13.76,13.86,6068639.0,13.224,13.395,13.830000000000002,15.6765,0.0480943738656987,0.0347144456886898,0.0021691973969628,-0.115874079035499,13.830000000000002,15.156157885336915,12.503842114663088,0.511310870402601,0.1917798821876101,-0.0057388809182209,0.0492051476154427,-0.0014409221902018,-0.0577838205302516,0.0528545050277635,0.0388347521890064,0.0338103657067958,54.725274708436174,-0.5603828969446472,-0.6492108791692145,0.0888279822245673,-100049743.0,60.31802357769256,0.5300000000000001,2.291892929338973,0.4979079497699616,0.1690340909066897,-0.0259740259740259,-0.0057388809182209,0.0338103657067958,54.725274708436174,0.3359724890852766,0.0,0.0,0.0,0.5,-1.1480049927607827,-1.1642332990563191,-1.2695301729635733,-1.286966323702649,-0.4641707041130175,-1.591821425186852,-1.6483962875902851,-1.7278165880284986,,0.9477636199765712,0.6525394062692738,0.5380514258025868,,-1.7278165880284986,-1.5621365278579795,-1.4320047916266367,0.5569605903934955,-0.6819762415248767,-0.0632602643772237,0.5246382924332745,0.2037703747733044,0.0891330858715139,0.4934570593208393,-0.1781326564876605,-0.5318409463566179,0.8635958261515716,-0.4164614835550103,-0.7683046275086065,0.4760766552840782,-1.1991179419208942,0.613102002217296,-0.9233313526897596,2.048879226062808,0.7400326334125638,,-0.0632602643772237,-0.5318409463566179,0.8635958261515716,-0.0098801152166707,0.0,0.0,0.0,0.0,其他,0,0,0.5,1.0,0,0.4722792607802875,0.08874458874458879,0.08802308802308811,0.9032921810699589,0.43415637860082307,0.8600823045267489,0.6090534979423868,0.9650205761316872,0.6419753086419753,0.5,0.5,0.5,0.5,0.4722792607802875,0.9609856262833676,0.9075975359342916
2024-07-15,13.79,13.81,13.43,13.53,2767092.0,13.38,13.346,13.7795,15.5735,0.0112107623318384,0.0137869024426793,-0.0181066076417866,-0.1312164895495553,13.7795,15.068211719018649,12.49078828098135,0.4031979005241323,0.1870476750258421,-0.0238095238095238,0.0611764705882351,-0.0349500713266761,-0.0694635488308115,0.0506662992313718,0.0393811137653308,0.0340940376010233,45.92760179540753,-0.5212074248751222,-0.6236101883103956,0.1024027634352734,-102816835.0,51.97846077283853,0.5121428571428572,1.0319630703017038,0.3598326359682075,0.1384863123971257,0.0975609756097561,-0.0238095238095238,0.0340940376010233,45.92760179540753,-0.5440341730658225,0.0,0.0,0.0,0.5,-1.262473126272637,-1.3126430373971332,-1.3709576428339174,-1.377718590614085,-0.8447763600818421,-1.5199945882849817,-1.6427761483758658,-1.720767952922029,,0.3011309440621234,0.3767778223877687,0.2780210672321825,,-1.720767952922029,-1.5650651874254948,-1.4210407839700676,0.1691022799646671,-0.710462715682691,-0.4285094440888313,0.6264560494153791,-0.0593561690665932,-0.004019501310248,0.4053071022230955,-0.1515495420288902,-0.5122018814007113,0.1997077206447584,-0.3301199095425798,-0.69861018864464,0.5345432635277867,-1.2752150294380022,0.0106198748023139,-0.9424909490118604,0.2182890158429502,0.2354972772532608,,-0.4285094440888313,-0.5122018814007113,0.1997077206447584,-0.2845360549470577,0.0,0.0,0.0,0.0,其他,0,0,0.5,1.0,0,0.9671457905544149,0.12638580931263865,0.0650406504065042,0.897119341563786,0.39711934156378603,0.8600823045267489,0.4012345679012346,0.7489711934156379,0.5205761316872428,0.5,0.5,0.5,0.5,0.9671457905544147,0.9589322381930184,0.864476386036961
2024-07-16,13.37,13.6,13.33,13.5,2179809.0,13.5,13.309,13.7015,15.483833333333331,0.0,0.0143511909234352,-0.0147064190052184,-0.1281228808542243,13.7015,14.844483630218086,12.558516369781913,0.4118535057222396,0.1668406568930036,-0.0022172949002217,0.0465116279069766,-0.0266762797404469,-0.1035856573705179,0.05113005807846,0.0392852929945961,0.0328532686929194,40.394088656021744,-0.4869678221648197,-0.59628171508128,0.1093138929164603,-104996644.0,45.18218312858136,0.487857142857143,0.8413316861600293,0.3807339449366637,0.1545623836097847,0.0370370370370369,-0.0022172949002217,0.0328532686929194,40.394088656021744,-0.2122383354077132,0.0,0.0,0.0,0.5,-1.3772523515719282,-1.3581355565472928,-1.3913290151902316,-1.3731401084361257,-0.9076219335357872,-1.462425600815202,-1.6332243445356245,-1.7251874792297583,,0.1039172813527041,0.3825562654369222,0.3201649772675132,,-1.7251874792297583,-1.6055892417484232,-1.369420246814058,0.1993872414532856,-0.8451703466779481,0.011315270007307,0.4952845589615353,0.0058949941181553,-0.2761353583562937,0.4218774271066317,-0.1555280046488313,-0.5835120709117718,-0.218050795398494,-0.2546003613069493,-0.6249615736643577,0.5630227295559888,-1.3313171656825065,-0.4799882617013321,-0.9707117935007428,-0.0593916084628042,0.3106425429722573,,0.011315270007307,-0.5835120709117718,-0.218050795398494,-0.1795744715315317,0.0,0.0,0.0,0.0,其他,0,0,0.5,1.0,0,0.9363449691991786,0.12592592592592577,0.06888888888888878,0.8827160493827161,0.24279835390946503,0.8436213991769548,0.37037037037037035,0.6337448559670782,0.5370370370370371,0.5,0.5,0.5,0.5,0.9363449691991786,0.9568788501026694,0.8542094455852156
2024-07-17,13.5,13.75,13.36,13.46,2604444.0,13.657999999999998,13.294999999999998,13.632,15.416,-0.0144969980963535,0.0124106807070329,-0.0126173708920186,-0.1268811624286455,13.632,14.642275626799142,12.621724373200855,0.4148747156325872,0.1482211893767211,-0.0029629629629629,0.0623520126282557,-0.0102941176470587,-0.0936026936026935,0.0495042247291446,0.0388154756555396,0.0327867982754444,42.377260966581865,-0.4577832614465595,-0.5685820243543356,0.110798762907776,-107601088.0,45.77284349087904,0.4885714285714287,1.0061349475208894,0.451428571402776,0.147113594038229,0.1441307578008914,-0.0029629629629629,0.0327867982754444,42.377260966581865,0.194803764917018,0.0,0.0,0.0,0.5,-1.3245813476726225,-1.303539010981306,-1.367036897987845,-1.371825319057188,-0.852773769099042,-1.3941014407277386,-1.6161043148470735,-1.725983637747507,,-0.1509847600859712,0.3554874187993443,0.3454831203978633,,-1.725983637747507,-1.6385210246849675,-1.3216852908209873,0.2094187795326557,-0.9672999511318136,-0.0039155335271287,0.6317426825714091,0.1351163066579171,-0.1950504825781981,0.3558282596585484,-0.1773681789160301,-0.5843403057070022,-0.0672004260949415,-0.1901441242924218,-0.5507517288687632,0.5671055457975388,-1.3991683968312862,-0.4350458468915638,-0.9625116647961194,0.1811062326010271,0.56739588943289,,-0.0039155335271287,-0.5843403057070022,-0.0672004260949415,-0.0509890761712096,0.0,0.0,0.0,0.0,其他,0,0,0.5,1.0,0,0.9856262833675564,0.1523031203566121,0.08098068350668641,0.9156378600823045,0.32098765432098764,0.8415637860082305,0.3662551440329218,0.7139917695473251,0.6069958847736625,0.5,0.5,0.5,0.5,0.9856262833675564,0.9568788501026694,0.8747433264887063
2024-07-18,13.36,13.36,13.0,13.27,2387039.0,13.524,13.309,13.5745,15.348833333333332,-0.0187814256137238,-0.0029303478848899,-0.0224317654425577,-0.1354391756159534,13.5745,14.52507821738537,12.62392178261463,0.3398343269049799,0.1400535146603363,-0.0141158989598811,-0.0480631276901004,0.0106626047220106,-0.079750346740638,0.0091600230519855,0.037325363011164,0.0323671537407047,42.15938301824596,-0.4448574490222707,-0.5438371092879224,0.0989796602656516,-109988127.0,45.37453634592973,0.4942857142857145,0.9209973864473532,0.3726708074302688,0.1117318435733382,0.1461944235116805,-0.0141158989598811,0.0323671537407047,42.15938301824596,-0.083474630285773,0.0,0.0,0.0,0.5,-1.3538677255139158,-1.3984291538642606,-1.475425011050039,-1.4167764162569794,-0.8728923337733389,-1.423660935246475,-1.590012908441992,-1.72196232595378,,-0.2259065714639902,0.1519861315073981,0.2179128172971677,,-1.72196232595378,-1.6468409952760492,-1.3062546399093231,-0.0622391515893403,-1.0159161157467336,-0.2318859802795296,-0.3424527047119825,0.3004799024276684,-0.0828972753248717,-1.2410133681778952,-0.2480874249335452,-0.6063423231105062,-0.0834909462121147,-0.1612338110083922,-0.4844678780968706,0.511467511299217,-1.4584765366770909,-0.4619818847908584,-0.947263056977276,0.0557683457030581,0.2760313605253724,,-0.2318859802795296,-0.6063423231105062,-0.0834909462121147,-0.1385959567089477,0.0,0.0,0.0,0.0,其他,0,0,0.5,1.0,0,0.9897119341563786,0.16578749058025632,0.08440090429540326,0.22268041237113403,0.26597938144329897,0.843298969072165,0.3835051546391753,0.5567010309278351,0.4639175257731959,0.5,0.5,0.5,0.5,0.9897119341563786,0.9444444444444444,0.8641975308641975
2024-07-19,13.2,13.6,13.17,13.5,2252403.0,13.452000000000002,13.338,13.537,15.284166666666666,0.0035682426404994,0.0121457489878542,-0.0027332496121741,-0.1167330025625646,13.537,14.432981672744404,12.641018327255598,0.4793522562048593,0.1323752194338161,0.0173323285606632,-0.0259740259740259,0.0219530658591975,-0.0526315789473684,0.0153899646816227,0.0376415654938949,0.0326362365549048,43.46733666812707,-0.4113134252575197,-0.5173323724818417,0.106018947224322,-107735724.0,50.77661215536993,0.4957142857142859,0.8609660057061665,0.5155279502785388,0.1545623836097847,0.1177777777777777,0.0173323285606632,0.0326362365549048,43.46733666812707,-0.0564029326709785,0.0,0.0,0.0,0.5,-1.3884006039638928,-1.3187642929411896,-1.4022090536838865,-1.331655723582515,-0.8832460800435096,-1.4321412033921173,-1.55976186358998,-1.710223021619736,,0.170041449773602,0.3506996735179969,0.4708483036660602,,-1.710223021619736,-1.6480192693709117,-1.2837751949146148,0.4432325987969194,-1.0604207680644724,0.413790929402211,-0.1461354771081379,0.3888821362215593,0.136344726107726,-0.9861896017196294,-0.2319226625562753,-0.586912021956699,0.0165296833304814,-0.0871363008406144,-0.4138387255670511,0.5409564514440407,-1.3738539991326102,-0.0663662508100908,-0.938466528313274,-0.0326778730371221,0.7991533165784593,,0.413790929402211,-0.586912021956699,0.0165296833304814,-0.1295426117622304,0.0,0.0,0.0,0.0,其他,0,0,0.5,1.0,0,0.9814814814814816,0.2607407407407407,0.027407407407407325,0.4742268041237113,0.4350515463917526,0.8391752577319588,0.5814432989690722,0.5896907216494846,0.6948453608247422,0.5,0.5,0.5,0.5,0.9814814814814815,0.977366255144033,0.654320987654321
2024-07-22,14.85,14.85,14.85,14.85,2841887.0,13.716,13.547999999999998,13.608,15.248666666666669,0.0826771653543307,0.096102745792737,0.0912698412698411,-0.0261443623486207,13.608,14.676685370467736,12.539314629532264,1.0810877711127915,0.1570672208200887,0.0999999999999998,0.0975609756097561,0.1647058823529412,0.1057334326135517,0.0463442163845231,0.0459118490125954,0.0372617069437675,59.459459443389335,-0.272654070993795,-0.4683967121842321,0.1957426411904371,-104893837.0,52.92189066853102,0.5735714285714287,1.097857871277884,0.9999999999541284,0.4059590316497959,0.0262626262626262,0.0999999999999998,0.0372617069437675,59.459459443389335,0.2617133790001167,0.0,0.0,0.0,0.5,-0.8824623711856371,-0.9638479761936736,-0.819225928074189,-0.9030278058719626,-0.8094989861772268,-1.3307901073586428,-1.4686459835620471,-1.6563854593178344,,1.55946167091295,1.4522449250456495,1.6672163979376111,,-1.6563854593178344,-1.558520429465356,-1.321862193667928,2.5598237553281664,-0.8823053608061958,2.0811465643722307,0.9462978689341992,1.5124982590351213,1.408053129225703,0.2444770910272114,0.1681634178901059,-0.3049101239103697,1.2331010614785394,0.2181888062034855,-0.2850909496971953,0.9423240998547476,-1.2732762838525593,0.0908958813705961,-0.8191957629079785,0.3168816657204135,2.5175192216591165,,2.0811465643722307,-0.3049101239103697,1.2331010614785394,-0.028044313654575,0.0,0.0,0.0,0.0,其他,0,0,0.5,1.0,0,0.8333333333333334,0.2606060606060605,-0.043771043771043794,0.9690721649484536,0.9525773195876288,0.9298969072164949,0.9216494845360824,0.8123711340206186,0.979381443298969,0.5,0.5,0.5,0.5,0.8333333333333334,0.9835390946502057,0.22839506172839505
2024-07-23,14.85,14.86,14.0,14.0,8566421.0,13.816,13.657999999999998,13.613500000000002,15.200833333333334,0.0133178922987839,0.0250402694391567,0.0283909354684686,-0.0789978619593224,13.613500000000002,14.689404026241816,12.537595973758188,0.6796163925894488,0.158064278287569,-0.0572390572390572,0.0370370370370369,0.0852713178294573,0.0079193664506838,0.0579109427412717,0.0515079906978722,0.0391370858240795,53.47222220922551,-0.2287162214164357,-0.4204606140306726,0.1917443926142368,-113460258.0,44.49913266373664,0.6121428571428573,3.0059158471246543,0.6100917430912803,0.2476722532542333,0.0857142857142856,-0.0572390572390572,0.0391370858240795,53.47222220922551,2.0143425829387307,0.0,0.0,0.0,0.5,-0.8771758970314356,-0.9548337860679752,-1.1037695071060964,-1.160211237316341,-0.1366509424164138,-1.285433100718798,-1.414504816179825,-1.630447116665328,,0.3296125802573061,0.5073776987487929,0.8501943085432825,,-1.630447116665328,-1.534566761077818,-1.308735745999916,1.1176758788102226,-0.8693857084747214,-1.1181422844918472,0.4061090644266387,0.8743884996883543,0.612042710697354,0.7025361144758994,0.43838812891379,-0.1899259542213109,0.7695792002010836,0.3143362857397077,-0.1590540935622559,0.9183893050733016,-1.5236838735868472,-0.5276984551730055,-0.7581369906327046,3.02595905824858,1.0952394783336852,,-1.1181422844918472,-0.1899259542213109,0.7695792002010836,0.5302396259617856,0.0,0.0,0.0,0.0,其他,0,0,0.5,1.0,0,0.9423868312757202,0.47071428571428564,-0.0071428571428571175,0.9381443298969072,0.7793814432989691,0.9402061855670103,0.8948453608247423,0.9752577319587629,0.9051546391752577,0.5,0.5,0.5,0.5,0.9423868312757202,0.9917695473251029,0.4444444444444444
2024-07-24,13.82,15.4,13.76,15.4,9176491.0,14.204,13.931,13.6695,15.179833333333333,0.0842016333427204,0.1054482808125762,0.1265957057683164,0.0145038922254308,13.6695,14.982038320242271,12.356961679757728,1.1592188483931878,0.1920389656143487,0.1,0.1441307578008914,0.2154696132596685,0.0784313725490197,0.0698464373502143,0.0577006666712597,0.0446611955108206,66.96562031483529,-0.0800057017520821,-0.3523696315749543,0.2723639298228722,-104283767.0,57.1136463153877,0.6857142857142858,2.8872103174867867,0.99999999996337,0.5083798882586895,0.0071428571428571,0.1,0.0446611955108206,66.96562031483529,0.0712164391640335,0.0,0.0,0.0,0.5,-1.1805082675226135,-0.7997621368592663,-1.1768665508649103,-0.718132050024132,-0.0645373348503633,-1.1471287319855026,-1.3062699078407938,-1.5859408966686253,,1.5699691045507032,1.5573145058908768,2.074743908760094,,-1.5859408966686253,-1.4364033503868452,-1.3856292530541248,2.7327433835076675,-0.6290077403152452,2.04978713827494,1.3484069934402665,1.880341591244236,1.173912623289077,1.1700976773139595,0.7362983464215219,0.1472118596664028,1.7775481919916314,0.6416642036418904,0.0197216098569246,1.2734691635861857,-1.2276037614118631,0.4032917769413777,-0.646606527486646,2.758543232816742,2.438607578885002,,2.04978713827494,0.1472118596664028,1.7775481919916314,-0.092513945859444,0.0,0.0,0.0,0.0,其他,0,0,0.5,1.0,0,0.0925925925925925,0.20324675324675323,-0.11038961038961048,0.9876288659793815,0.9628865979381444,0.9690721649484536,0.977319587628866,0.979381443298969,0.9896907216494846,0.5,0.5,0.5,0.5,0.09259259259259259,0.9670781893004116,0.03497942386831276
2024-07-25,15.85,16.43,15.1,15.21,18937671.0,14.592000000000002,14.057999999999998,13.727499999999996,15.157000000000002,0.0423519736842104,0.0819462227912934,0.1079949007466767,0.003496734182226,13.727499999999996,15.203210355263092,12.251789644736904,1.002300466555806,0.2150005981063333,-0.0123376623376623,0.1461944235116805,0.0911047345767577,0.0825622775800711,0.0695747676993351,0.0511678935752433,0.0445766911202533,64.70588233961938,0.0222605639575803,-0.2774435924684472,0.2997041564260275,-123221438.0,71.26205810470992,0.7542857142857144,4.711647476761089,0.93040293036885,0.4729981377937992,0.017094017094017,-0.0123376623376623,0.0445766911202533,64.70588233961938,1.0637159672471754,0.0,0.0,0.0,0.5,-0.5621130808494457,-0.5099333732100049,-0.7124718362462827,-0.7735793448767933,1.081787330447894,-1.0111742674900883,-1.2504621527897737,-1.5423816716438203,,0.8254285290895828,1.2351516522422128,1.8073458488361327,,-1.5423816716438203,-1.3604427639265742,-1.4226855880708256,2.140583170843797,-0.4662953142305342,-0.2138301700965336,1.3533308662780954,0.8928183472847008,1.1960649564212853,1.1499177293392548,0.4154223697982237,0.1414716573140228,1.584709914306229,0.864242725721902,0.2164291966345088,1.383800889396093,-1.790248270941084,1.436309258242277,-0.5430213725532334,4.79695232992586,2.1440296815343034,,-0.2138301700965336,0.1414716573140228,1.584709914306229,0.2260156777293657,0.0,0.0,0.0,0.0,其他,0,0,0.5,1.0,0,0.1522633744855967,0.09664694280078878,-0.12097304404996723,0.9917525773195877,0.9484536082474226,0.9690721649484536,0.9731958762886598,0.9958762886597938,0.9855670103092784,0.5,0.5,0.5,0.5,0.1522633744855967,0.8374485596707819,0.03292181069958848
2024-07-26,15.1,15.59,14.91,15.09,12254935.0,14.910000000000002,14.181,13.788,15.123,0.0120724346076457,0.0640998519145334,0.0944299390774585,-0.0021821067248561,13.788,15.38431945094735,12.19168054905265,0.9078131100690826,0.2315519946236977,-0.0078895463510848,0.1177777777777777,0.0887445887445887,0.0871757925072045,0.0715679211135565,0.0512453494494079,0.0445021621484812,68.11145509359814,0.0925574461133305,-0.2034433847520915,0.296000830865422,-135476373.0,61.43957572965391,0.765,2.7023930285784488,0.8864468864144157,0.4506517690791313,0.1278992710404241,-0.0078895463510848,0.0445021621484812,68.11145509359814,-0.3528805627682517,0.0,0.0,0.0,0.5,-0.7859564125196059,-0.7413064831264656,-0.7737939697602109,-0.806827938496382,0.2909973222440578,-0.8999713137712878,-1.1972750194318305,-1.4994499059730837,,0.2885483617659969,0.9924894518770184,1.613418902763016,,-1.4994499059730837,-1.2973446225605054,-1.4363100991431388,1.7879292721259856,-0.3487406468315613,-0.1234627609051576,1.092915047059099,0.8687229244722573,1.2216161618256958,1.2189029794274502,0.4174769587573262,0.1363510604286041,1.8135739668716264,1.0139789074508556,0.410488212986985,1.3541428090080037,-2.1278902198431875,0.7068258677027887,-0.524765687287991,2.187971235027378,1.95342493870092,,-0.1234627609051576,0.1363510604286041,1.8135739668716264,-0.2304191160957052,0.0,0.0,0.0,0.0,其他,0,0,0.5,1.0,0,0.9507186858316222,-0.000662690523525522,-0.12259774685222002,0.9794238683127572,0.9403292181069959,0.9691358024691358,0.911522633744856,0.9711934156378601,0.9711934156378601,0.5,0.5,0.5,0.5,0.9507186858316222,0.28542094455852157,0.061601642710472276
2024-07-29,14.84,15.37,14.67,15.24,10188527.0,14.988,14.352,13.849,15.095666666666666,0.0168134507606085,0.0618729096989967,0.1004404650155246,0.0095612427407423,13.849,15.57094382205546,12.12705617794454,0.9039040014235752,0.2486741023962778,0.0099403578528827,0.0262626262626262,0.1263858093126386,0.087018544935806,0.0578331001939456,0.049888379978918,0.0445013110435084,68.11145509359814,0.1585442779886534,-0.1310458522039424,0.2895901301925958,-125287846.0,55.807728224127786,0.7642857142857142,2.0537890119726705,0.941391941357458,0.478584729972466,0.2283464566929132,0.0099403578528827,0.0445013110435084,68.11145509359814,-0.1686184382046905,0.0,0.0,0.0,0.5,-0.8601639656815218,-0.7986666973513961,-0.8517003647742024,-0.7557322532065276,0.0458960967124975,-0.8688567101802478,-1.128801048255845,-1.457807392999416,,0.3712804534415128,0.9566141844008784,1.6646714219853842,,-1.457807392999416,-1.2343872843674335,-1.451792462702087,1.747307189870595,-0.2273632219682526,0.2374625870404642,0.2805653219904164,1.1566816245907707,1.2088968991196571,0.6686334524787577,0.3494112388990138,0.1357754943794391,1.7859275763577818,1.152044710961274,0.5997403585673636,1.313286571908717,-1.7920629256954297,0.2888970716457668,-0.523418197773486,1.3592813193637552,2.09931364907652,,0.2374625870404642,0.1357754943794391,1.7859275763577818,-0.1701747789890262,0.0,0.0,0.0,0.0,其他,0,0,0.5,1.0,0,0.9856262833675564,-0.0544619422572179,-0.11548556430446189,0.831275720164609,0.9465020576131687,0.9650205761316872,0.9279835390946503,0.9506172839506173,0.9670781893004116,0.5,0.5,0.5,0.5,0.9856262833675564,0.08624229979466119,0.059548254620123205
2024-07-30,15.0,15.41,14.79,15.2,7630079.0,15.228,14.522,13.9155,15.058666666666666,-0.0018387181507749,0.0466877840517834,0.0923071395206782,0.0093855144324419,13.9155,15.74050151405827,12.09049848594173,0.8519175162376866,0.262297655714154,-0.0026246719160105,0.0857142857142856,0.1259259259259257,0.095890410958904,0.0469129030667862,0.0499023974029139,0.0443870698531129,70.17543858082206,0.2052457230757927,-0.0637875371479953,0.269033260223788,-132917925.0,58.82359617012161,0.7892857142857144,1.447087865393015,0.9267399267059798,0.4711359404009099,0.3546052631578948,-0.0026246719160105,0.0443870698531129,70.17543858082206,-0.2511106855780035,0.0,0.0,0.0,0.5,-0.8070191179085778,-0.7832799791832078,-0.8059012494679801,-0.7643464880469828,-0.2574904274917478,-0.784748126281407,-1.0618897825906453,-1.4154106730561289,,0.039070187156258,0.7519285962439962,1.5433517882086094,,-1.4154106730561289,-1.1774538793054792,-1.453048384080697,1.552103308697771,-0.1306601279845762,-0.018218242971999,0.8047892268134023,1.1436979239632634,1.2678320713430555,0.2321081841719132,0.3487341274599493,0.1281952768784436,1.907075934333801,1.2454328955680378,0.7743646581855098,1.2109396674134631,-1.989588955727284,0.5105366442035042,-0.4841607899006666,0.5974654080843641,2.0101881654316904,,-0.018218242971999,0.1281952768784436,1.907075934333801,-0.1963032463015037,0.0,0.0,0.0,0.0,其他,0,0,0.5,1.0,0,0.995893223819302,-0.050657894736842124,-0.11842105263157887,0.9403292181069959,0.9506172839506173,0.9650205761316872,0.9238683127572016,0.8868312757201646,0.9547325102880658,0.5,0.5,0.5,0.5,0.9958932238193019,0.06365503080082136,0.07597535934291581
2024-07-31,15.2,15.8,14.96,15.51,10055866.0,15.25,14.727,14.011,15.027,0.0170491803278687,0.0531676512528009,0.1069873670687318,0.0321421441405469,14.011,15.962031036468249,12.059968963531752,0.8841558570552194,0.2784998981449322,0.0203947368421053,0.0071428571428571,0.1523031203566121,0.1404411764705881,0.0134620583746397,0.049617504183203,0.0441016097344892,64.78342747821152,0.2642253672084269,0.0018150437232892,0.2624103234851377,-122862059.0,61.46108707281604,0.7585714285714287,1.7671998297237397,0.9999999999647888,0.5288640595804681,0.1947130883301098,0.0203947368421053,0.0441016097344892,64.78342747821152,0.317924231190791,0.0,0.0,0.0,0.5,-0.7422402764327033,-0.6704779527303218,-0.7433789320499918,-0.6634815958420032,0.0318021204488808,-0.7732762644683695,-0.9840594120518104,-1.3632017611433078,,0.3750593945064017,0.8327479259822678,1.700269240730691,,-1.3632017611433078,-1.107801851922838,-1.451369551770185,1.6371811475318352,-0.0157582494569354,0.4500913197350928,0.1048249030267293,1.338561563676292,1.6044719774788505,-1.0986130913424403,0.3333600288107168,0.1099951616988368,1.4920864981957034,1.3635645293288696,0.9430552808425168,1.172051715355055,-1.6676340401442231,0.7031596491808257,-0.5274917235045209,0.9914252860115322,2.20751489276369,,0.4500913197350928,0.1099951616988368,1.4920864981957034,-0.0108202183412366,0.0,0.0,0.0,0.0,其他,0,0,0.5,1.0,0,0.9897330595482546,-0.06189555125725332,-0.12314635718891043,0.09053497942386832,0.9567901234567902,0.9547325102880658,0.8497942386831275,0.845679012345679,0.9526748971193416,0.5,0.5,0.5,0.5,0.9897330595482546,0.15605749486652978,0.13963039014373715
2024-08-01,15.38,15.94,15.26,15.47,8842682.0,15.302,14.947,14.128,15.001,0.010978956999085,0.034990299056667,0.0949886749716875,0.0312645823611759,14.128,16.136388723120383,12.119611276879615,0.8340986693630601,0.2843132393978153,-0.0025789813023855,0.017094017094017,0.1657874905802563,0.1782178217821781,0.0115226342956912,0.0489864613457715,0.0430647135858333,65.27514229764986,0.3042325044628793,0.0622985358712072,0.241933968591672,-131704741.0,62.80535086503968,0.7628571428571428,1.4736659645739325,0.9859154929230316,0.5214152700089124,0.0782159017453134,-0.0025789813023855,0.0430647135858333,65.27514229764986,-0.1206444079505435,0.0,0.0,0.0,0.5,-0.6839877256305128,-0.6282146170678282,-0.6366471381720411,-0.6729489475627224,-0.1130364802601968,-0.7520134979467139,-0.9021161868153345,-1.304224195007125,,0.265365924947536,0.589305978975514,1.5332377188988229,,-1.304224195007125,-1.0520637299737776,-1.4058094752052053,1.453677514526243,0.025508392964746,-0.0202262380978514,0.1930619433269196,1.4293457468502813,1.874384455545264,-1.1668810615416474,0.3009265767229312,0.0449840195250562,1.5103706901421596,1.437694377415484,1.09614593781697,1.0726965642647308,-1.9016985003642828,0.798784991439404,-0.5187701594745292,0.6202392519789817,2.1165018629039927,,-0.0202262380978514,0.0449840195250562,1.5103706901421596,-0.1537113948713861,0.0,0.0,0.0,0.0,其他,0,0,0.5,1.0,0,0.9548254620123204,-0.06981254040077567,-0.10471881060116361,0.15020576131687244,0.9465020576131687,0.9526748971193416,0.8497942386831275,0.8168724279835391,0.9176954732510288,0.5,0.5,0.5,0.5,0.9548254620123203,0.10061601642710473,0.1704312114989733
2024-08-02,15.72,17.02,15.7,17.02,13131040.0,15.688,15.299,14.3185,14.991666666666667,0.0849056603773585,0.112491012484476,0.188671997765129,0.1352973874374652,14.3185,16.656058555416156,11.980941444583843,1.0778464872319031,0.3265088599224541,0.1001939237233353,0.1278992710404241,0.2607407407407407,0.2884178652535956,0.0430866248704437,0.055692087630117,0.0476207250906077,76.88751924381472,0.455756107416839,0.1409900501803336,0.3147660572365053,-118573701.0,69.00118523839078,0.8428571428571427,2.000800744501007,0.9999999999770116,0.8100558659067029,-0.1139835487661574,0.1001939237233353,0.0476207250906077,76.88751924381472,0.4849612368736091,0.0,0.0,0.0,0.5,-0.5774465590067508,-0.3223329429415668,-0.4821547705143901,-0.1818406017651385,0.400404605828849,-0.6202666961309014,-0.7757207044893598,-1.2186228655019953,,1.5755335215570407,1.5981831787072622,2.603135897933852,,-1.2186228655019953,-0.9045238065959794,-1.4580553427611167,2.2117451112304383,0.3255218144012924,2.0552568431913225,1.176796788318542,2.1315780949168364,2.6639510953410745,0.0937276650169865,0.6315666788710848,0.3296271683098297,2.3058511553223884,1.7487998237105125,1.2941646224718069,1.3859727888764986,-1.4984528806212722,1.2501342712703438,-0.397434068318114,1.2703211387332158,2.1187333099139174,,2.0552568431913225,0.3296271683098297,2.3058511553223884,0.0447973660612284,0.0,0.0,0.0,0.0,其他,0,0,0.5,1.0,0,0.0246406570841889,-0.1850763807285547,-0.17920094007050524,0.9506172839506173,0.9732510288065843,0.9650205761316872,0.9609053497942387,0.9218106995884774,0.9711934156378601,0.5,0.5,0.5,0.5,0.024640657084188913,0.01026694045174538,0.026694045174537988
2024-08-05,18.04,18.72,17.02,18.72,31134626.0,16.383999999999997,15.686000000000002,14.617,15.018,0.1425781250000002,0.193420884865485,0.2807005541492782,0.2465041949660407,14.617,17.558028105236126,11.675971894763874,1.1975451871023224,0.4024120004400363,0.099882491186839,0.2283464566929132,0.2606060606060605,0.4682352941176468,0.0528601942624194,0.0556744639369292,0.0498576077301828,81.98529410358094,0.7048891900178536,0.2537698781478377,0.4511193118700158,-87439075.0,77.79060907238662,0.945,3.885255466196449,0.9999999999834712,0.9999999999834712,-0.2302350427350427,0.099882491186839,0.0498576077301828,81.98529410358094,1.371070836734943,0.0,0.0,0.0,0.5,0.133743529713236,0.1582288638919079,-0.0231915959786353,0.3565402913746089,2.5074962460096657,-0.3859029478084174,-0.6382045710528763,-1.0934790888073842,,2.542128412315769,2.595482114396212,3.520214524897189,,-1.0934790888073842,-0.6553886629900246,-1.588880071694887,2.5312673711421727,0.8638397414330131,2.0152823038954915,2.040211621385436,2.091067944482679,3.816589360766516,0.4834934944197411,0.6276992517882043,0.4684163099652038,2.599158174844462,2.2499312251003465,1.5756094274943335,1.9640813671418125,-0.5812484198803963,1.8749871789109125,-0.2432213229661971,3.4570517295582257,2.077337854713848,,2.0152823038954915,0.4684163099652038,2.599158174844462,0.3352138553481159,0.0,0.0,0.0,0.0,其他,0,0,0.5,1.0,0,0.0061601642710472,-0.24145299145299148,-0.23931623931623924,0.98559670781893,0.9917695473251029,0.9732510288065843,0.9897119341563786,0.98559670781893,0.98559670781893,0.5,0.5,0.5,0.5,0.006160164271047228,0.004106776180698152,0.01026694045174538
2024-08-06,18.2,20.59,17.7,20.59,25377928.0,17.461999999999996,16.345000000000002,15.001500000000002,15.087833333333332,0.1791318291146493,0.2597124502906085,0.3725294137252939,0.3646757321020248,15.001500000000002,18.863805147529256,11.139194852470748,1.2234669176065307,0.5149225274143928,0.0998931623931624,0.3546052631578948,0.4707142857142856,0.5961240310077518,0.0505447108287691,0.0520090344564279,0.0528478153714365,85.68568567367767,1.0412190469140263,0.4112597119010754,0.6299593350129509,-62061147.0,81.6166345727413,1.1235714285714284,2.77799876967736,0.9999999999873738,0.9999999999873738,-0.2991743564837299,0.0998931623931624,0.0528478153714365,85.68568567367767,-0.1848969696954124,0.0,0.0,0.0,0.5,0.1823804968411881,0.6858691975412614,0.2132619568703503,0.9461115536365112,1.801597506751496,-0.0240622824955615,-0.4071687554046039,-0.9373455346435752,,3.073283367166283,3.310727384002906,4.246244213079198,,-0.9373455346435752,-0.2977483098003987,-1.824931105624356,2.5426155136767408,1.648127702609606,1.9834497061526783,3.049546688670682,3.525044920571186,4.389329376939091,0.3889862538614759,0.4427537950269499,0.6538822552695037,2.7723600426300328,2.887543976216445,1.9606077987960064,2.6830115742071388,0.1653911749814202,2.1162447365603105,0.0256166292089173,2.0849357097404178,2.038280888405015,,1.9834497061526783,0.6538822552695037,2.7723600426300328,-0.1777322866543227,0.0,0.0,0.0,0.0,其他,0,0,0.5,1.0,0,0.002053388090349,-0.3249150072850898,-0.30548810101991253,0.9958847736625515,0.9958847736625515,0.9753086419753086,0.9938271604938271,0.9711934156378601,0.9938271604938271,0.5,0.5,0.5,0.5,0.002053388090349076,0.004106776180698152,0.004106776180698152
2024-08-07,18.53,20.5,18.53,18.53,21390885.0,18.066,16.658,15.2945,15.117166666666668,0.025683604561054,0.1123784367871292,0.211546634411063,0.2257587951886928,15.2945,19.298579367213744,11.290420632786256,0.9040254579370433,0.5235972888538448,-0.1000485672656629,0.1947130883301098,0.2032467532467532,0.462509865824783,0.0897518384004908,0.0637278196687921,0.0591686418329423,72.17537941812432,1.1285298322820765,0.5547137359772758,0.5738160963048007,-83452032.0,71.52979571380715,1.2378571428571428,2.1144451492523,0.7185792349628611,0.7398989898896479,-0.2147868321640582,-0.1000485672656629,0.0591686418329423,72.17537941812432,-0.1571067188779162,0.0,0.0,0.0,0.5,0.2832749776845134,0.6573046412633171,0.5016401826988154,0.289138683413428,1.3217191307158511,0.1787032560067853,-0.2968081705582693,-0.8182772540795247,,0.4545415423973646,1.455582879497351,2.455649213113588,,-0.8182772540795247,-0.1780068811008684,-1.7256946912440825,1.5233406365882225,1.686224371853629,-1.9691272680460017,1.6529205840957804,1.544091285705961,3.322820691013144,1.938093596745504,1.0228266626511566,1.0459748105737705,1.8159492489944589,2.974688312225376,2.289416142845617,2.3873065408237246,-0.4645797613674626,1.3667639616346678,0.1976272522405431,1.285049728064505,1.1394417842729163,,-1.9691272680460017,1.0459748105737705,1.8159492489944589,-0.1679858681267512,0.0,0.0,0.0,0.0,其他,0,0,0.5,1.0,0,0.002053388090349,-0.26065839179708594,-0.22342147868321638,0.9897119341563786,0.9897119341563786,0.98559670781893,0.9444444444444444,0.9567901234567902,0.9876543209876543,0.5,0.5,0.5,0.5,0.002053388090349076,0.004106776180698152,0.01642710472279261
2024-08-08,16.68,16.96,16.68,16.68,9076100.0,18.308,16.805,15.4315,15.119666666666664,-0.0889228752457942,-0.0074382624218982,0.0809059391504389,0.1031989241385393,15.4315,19.427936702337337,11.43506329766266,0.6562016482338114,0.5179582934013467,-0.0998381003777658,0.0782159017453134,0.0966469428007887,0.1965566714490674,0.1095080164045392,0.0739259166709672,0.0618851668819475,61.795252219101386,1.036497234614627,0.6510704357047461,0.3854267989098809,-92528132.0,67.84371144670047,1.3392857142857142,0.8774920000314796,0.4658469945291551,0.5063131313067385,-0.1372901678657073,-0.0998381003777658,0.0618851668819475,61.795252219101386,-0.5757024545735252,0.0,0.0,0.0,0.5,-0.2884316623329649,-0.3498913961119554,-0.146610683433547,-0.3006680973155188,-0.1208121552811336,0.2595516648927183,-0.2444678926254471,-0.7605545480777021,,-1.4894129682779562,-0.0346953296862841,1.072543136357258,,-0.7605545480777021,-0.1419386244909939,-1.633595366386852,0.7465179848191585,1.6248543475919792,-1.9353179267424208,0.6530221087147935,0.7614091650457762,1.557354334897778,2.654769206845539,1.5166981199297376,1.2070989226986324,1.0996184415434125,2.711345815224189,2.480415049918197,1.565370058085053,-0.7297834787156358,1.0904744702553115,0.3500834155377897,-0.1788070749359805,0.3402885690278472,,-1.9353179267424208,1.2070989226986324,1.0996184415434125,-0.3059482714618852,0.0,0.0,0.0,0.0,其他,0,0,0.5,1.0,0,0.0061601642710472,-0.19844124700239807,-0.12829736211031184,0.9547325102880658,0.9691358024691358,0.9897119341563786,0.7057613168724279,0.48559670781893005,0.9218106995884774,0.5,0.5,0.5,0.5,0.006160164271047228,0.012320328542094456,0.08213552361396304
2024-08-09,15.65,15.88,15.01,15.08,19928595.0,17.92,16.804,15.492499999999998,15.094833333333334,-0.1584821428571429,-0.102594620328493,-0.0266257866709697,-0.0009826761916329,15.492499999999998,19.42466627051131,11.560333729488685,0.4475479962357857,0.507621916473898,-0.0959232613908872,-0.1139835487661574,-0.0006626905235255,0.0880230880230881,0.1087304852617308,0.0813873534558784,0.0662838749758878,50.83758193217972,0.8249451499925122,0.6858453785622994,0.1390997714302128,-112456727.0,61.44692282903014,1.3621428571428569,1.805743648236272,0.2472677595594636,0.3042929292890872,-0.0802387267904509,-0.0959232613908872,0.0662838749758878,50.83758193217972,1.195722281596721,0.0,0.0,0.0,0.5,-0.6056202141319058,-0.65547609898529,-0.7305228820413687,-0.8089419583886581,1.146388680904038,0.1276952981764343,-0.2439694988731124,-0.7327361677240389,,-2.606460960506962,-1.212316748015525,-0.0582414831790779,,-0.7327361677240389,-0.1423301404321695,-1.5539518517825617,0.0946085991093074,1.5336536897585042,-1.8331380932285817,-0.9883945336759464,0.0494574112731891,0.8434006703097814,2.559726925103143,1.8606003984295127,1.4681763608264051,0.3514854319884245,2.2417243084992258,2.509501008894205,0.5160052995535048,-1.3094776972617452,0.6226496110836125,0.3833591069331154,0.9180188564505248,-0.3505089360262609,,-1.8331380932285817,1.4681763608264051,0.3514854319884245,0.2830762226396971,0.0,0.0,0.0,0.0,其他,0,0,0.5,1.0,0,0.0390143737166324,-0.12201591511936338,-0.022546419098143256,0.02263374485596708,0.9074074074074074,0.9938271604938271,0.411522633744856,0.8909465020576132,0.16255144032921812,0.5,0.5,0.5,0.5,0.039014373716632446,0.07186858316221766,0.6694045174537988
2024-08-12,15.0,15.0,14.25,14.41,10847598.0,17.058,16.721,15.5365,15.052166666666666,-0.155235080314222,-0.1382094372346151,-0.0725066778231905,-0.0426627395834486,15.5365,19.39521140203696,11.677788597963044,0.3540315817035784,0.4967285298506252,-0.0444297082228116,-0.2302350427350427,-0.0544619422572179,0.0650406504065042,0.0859912661910807,0.0826728500845764,0.0669340822484197,51.51291512382893,0.5963510302452129,0.6679465088988822,-0.0715954786536693,-123304325.0,60.82153856867068,1.36,0.9481957795804712,0.1557377049159053,0.2196969696941957,-0.0145732130464955,-0.0444297082228116,0.0669340822484197,51.51291512382893,-0.4556767298447282,0.0,0.0,0.0,0.5,-0.8037068440801862,-0.9022097893964208,-0.9921040008668872,-1.0173126250496831,0.0798977025010201,-0.1647167042361493,-0.2722655901746181,-0.7117492503980933,,-2.492984644591417,-1.6360188943940408,-0.5400726796133328,,-0.7117492503980933,-0.1499477247054627,-1.4806101728573304,-0.1977341895330821,1.441582567523208,-0.8289758216292785,-1.9542602736475407,-0.3441151154752261,0.6895558902081357,1.665968535021113,1.89478697303298,1.4917870456763782,0.3961100922932684,1.7641270994650655,2.4121830043189973,-0.3805412706126589,-1.6121181706507606,0.574531463360021,0.3786369130372706,-0.1010110678199299,-0.6381129810940778,,-0.8289758216292785,1.4917870456763782,0.3961100922932684,-0.2676359936217399,0.0,0.0,0.0,0.0,其他,0,0,0.5,1.0,0,0.3757700205338809,-0.06453851492019425,-0.006939625260235949,0.00411522633744856,0.8641975308641975,0.9938271604938271,0.36419753086419754,0.668724279835391,0.030864197530864196,0.5,0.5,0.5,0.5,0.3757700205338809,0.22381930184804927,0.7166324435318275
2024-08-13,14.3,14.54,14.23,14.43,6189752.0,15.826000000000002,16.644,15.583000000000002,15.009333333333332,-0.0882092758751422,-0.1330209084354722,-0.0739908875056152,-0.0385982055609842,15.583000000000002,19.359927740623885,11.80607225937612,0.3473627139284,0.4847497581466527,0.0013879250520472,-0.2991743564837299,-0.0506578947368421,0.0688888888888887,0.0452505881471958,0.082681957574175,0.0669177050456626,46.01479046307143,0.4120524904218161,0.616767705203469,-0.2047152147816529,-117114573.0,57.69255034833522,1.265,0.5317314454982489,0.1584699453530264,0.2222222222194163,-0.0367290367290367,0.0013879250520472,0.0669177050456626,46.01479046307143,-0.4293896215549285,0.0,0.0,0.0,0.5,-1.0153084009509592,-1.0273787502271303,-0.9930435321999954,-1.0046504909618543,-0.4669501364735957,-0.5822499973970581,-0.298430422243816,-0.6899682759329246,,-1.3794649815796611,-1.5541555617772875,-0.5532610007824535,,-0.6899682759329246,-0.1591818375254866,-1.4044209019360552,-0.2179122369338691,1.3447145465569874,0.0612838594377312,-2.481400605663116,-0.3149834697177617,0.7109959896170165,0.1100559208128796,1.8671373218380705,1.474085936595158,0.0191357171739319,1.3873466214183618,2.2435617016344462,-0.943832001572471,-1.416655533292403,0.344850849625219,0.2324979531445182,-0.5949980758239911,-0.6263744794914653,,0.0612838594377312,1.474085936595158,0.0191357171739319,-0.2579811669544611,0.0,0.0,0.0,0.0,其他,0,0,0.5,1.0,0,0.3716632443531827,-0.07137907137907129,0.011781011781011763,0.0,0.8539094650205762,0.9938271604938271,0.13991769547325103,0.17078189300411523,0.01646090534979424,0.5,0.5,0.5,0.5,0.37166324435318276,0.29774127310061604,0.813141683778234
2024-08-14,14.36,14.68,14.33,14.55,6558320.0,15.03,16.548,15.6375,14.9695,-0.031936127744511,-0.1207396664249454,-0.0695443645083931,-0.0280236480844383,15.6375,19.315605204413863,11.959394795586135,0.3521657294182104,0.470421129258557,0.0083160083160083,-0.2147868321640582,-0.0618955512572533,0.0809806835066864,0.0514517629342278,0.0824044801198354,0.0668905783015192,47.2727272672577,0.2725359163293319,0.5479213474286416,-0.2753854310993097,-110556253.0,55.08281081653815,1.1949999999999998,0.5539850481595245,0.1748633879757533,0.2373737373707403,-0.0584192439862544,0.0083160083160083,0.0668905783015192,47.2727272672577,0.0595448735264352,0.0,0.0,0.0,0.5,-0.9905878489614216,-0.9813745702798689,-0.952233462878953,-0.9605031471419776,-0.4219185532731898,-0.8495740346599171,-0.3312822421503346,-0.6652422259602812,,-0.456294953931874,-1.3893524879760142,-0.5039116412619965,,-0.6652422259602812,-0.170928769226196,-1.318598237913519,-0.2020345329772704,1.234187132502487,0.1957244159125065,-1.7536187835023402,-0.3964550929858478,0.7858841982331779,0.346357448900838,1.8272547179997247,1.456310844399409,0.1053092458666937,1.1049286105017713,2.0434268775977698,-1.23624445229487,-1.214947072224735,0.1532738588683276,0.1246579537484893,-0.565807879292697,-0.571455814550916,,0.1957244159125065,1.456310844399409,0.1053092458666937,-0.0934252157957706,0.0,0.0,0.0,0.0,其他,0,0,0.5,1.0,0,0.1334702258726899,-0.06529209621993137,0.008247422680412342,0.0,0.8744855967078189,0.9938271604938271,0.21193415637860083,0.29012345679012347,0.0205761316872428,0.5,0.5,0.5,0.5,0.13347022587268995,0.28542094455852157,0.8069815195071869
2024-08-15,14.45,14.46,14.0,14.39,7680046.0,14.572,16.44,15.6935,14.922666666666666,-0.0124897062860278,-0.1246958637469586,-0.0830598655494312,-0.0356951393852751,15.6935,19.25199332398441,12.135006676015587,0.3168466424756183,0.4534990058255629,-0.0109965635738831,-0.1372901678657073,-0.0698125404007756,0.0844009042954032,0.0428794315484663,0.0824391172365135,0.0668447882887827,47.11696869308371,0.1473587427847569,0.4678088264998646,-0.3204500837151077,-118236299.0,56.41575350615572,1.1857142857142855,0.6345523622615264,0.1255289139615582,0.2171717171689751,-0.0708825573314803,-0.0109965635738831,0.0668447882887827,47.11696869308371,0.1710386196464948,0.0,0.0,0.0,0.5,-0.9569601462353968,-1.0377647500509484,-1.061603067660596,-1.00562014742701,-0.2882023976823198,-0.9999019150072463,-0.3683445711207696,-0.6401057296378024,,-0.1366422853268842,-1.4239362589414926,-0.6445085188886366,,-0.6401057296378024,-0.1880515882409404,-1.224384787194946,-0.3126627173492214,1.1081828476722748,-0.1813272583211968,-1.102985181335964,-0.4532987341664157,0.8037591442589257,0.0170426903693877,1.803571647779628,1.4379714406221775,0.0942478115609825,0.8539905218458838,1.826486962848308,-1.415455840543445,-1.4266073719121286,0.250302974809036,0.1099955276899244,-0.4673013254551643,-0.7253908450499704,,-0.1813272583211968,1.4379714406221775,0.0942478115609825,-0.0556815124521687,0.0,0.0,0.0,0.0,其他,0,0,0.5,1.0,0,0.1868583162217659,-0.03752605976372492,0.027797081306462745,0.00411522633744856,0.8641975308641975,0.9938271604938271,0.26337448559670784,0.1646090534979424,0.006172839506172839,0.5,0.5,0.5,0.5,0.1868583162217659,0.5154004106776181,0.8726899383983573
2024-08-16,14.37,14.52,13.83,13.87,7852116.0,14.330000000000002,16.125,15.712,14.853166666666668,-0.0321004884856945,-0.1398449612403101,-0.117235234215886,-0.0661923944388964,15.712,19.22604759875493,12.197952401245066,0.2379090709134912,0.4473074845637178,-0.0361362056984018,-0.0802387267904509,-0.1850763807285547,0.0274074074074073,0.0230849887720252,0.0741178008782792,0.067441494374195,44.52438049062077,0.0061247868919469,0.3754720185782811,-0.3693472316863341,-126088415.0,57.19832732149605,1.1849999999999998,0.6341004911278825,0.0,0.1515151515132383,-0.0454217736121124,-0.0361362056984018,0.067441494374195,44.52438049062077,0.0224048137211678,0.0,0.0,0.0,0.5,-0.9760855528030948,-1.0143345210874477,-1.1138812198614785,-1.1639928421166983,-0.2669176827965596,-1.0754099142606082,-0.4787914420261826,-0.629807794681887,,-0.457841138708684,-1.5912882266121564,-1.001792711743429,,-0.629807794681887,-0.1946450835971916,-1.184662102825145,-0.5608075008957892,1.0575407825471304,-0.6713875208470915,-0.6273004073753331,-1.297475846144419,0.4271464563572832,-0.7420664109653812,1.3918722097770382,1.4589594242388917,-0.0849815895799321,0.5734195722546631,1.589171979151828,-1.6058164412419855,-1.6373872495861297,0.3068644569860678,0.1085338360493051,-0.4659121087654462,-1.1187528109936946,,-0.6713875208470915,1.4589594242388917,-0.0849815895799321,-0.1056022440430637,0.0,0.0,0.0,0.0,其他,0,0,0.5,1.0,0,0.4271047227926078,0.007209805335256059,0.08868060562364821,0.037037037037037035,0.6522633744855967,0.9938271604938271,0.24897119341563786,0.21604938271604937,0.0,0.5,0.5,0.5,0.5,0.4271047227926078,0.7084188911704312,0.9425051334702259
2024-08-19,13.89,14.27,13.89,14.2,6521970.0,14.288,15.672999999999998,15.6795,14.7915,-0.0061590145576708,-0.0939832833535379,-0.0943588762396759,-0.0399891829767097,15.6795,19.238846332655616,12.120153667344384,0.292166895020108,0.4540127341602623,0.0237923576063445,-0.0145732130464955,-0.2414529914529914,-0.0437710437710437,0.0225095406181919,0.0638961408800324,0.0637543148879493,46.09374999495849,-0.0782736697216837,0.2847228809182882,-0.3629965506399719,-119566445.0,56.875147078571565,1.169285714285714,0.5189724864062322,0.0491071428564121,0.1931818181793789,-0.0507042253521126,0.0237923576063445,0.0637543148879493,46.09374999495849,-0.1693996879312531,0.0,0.0,0.0,0.5,-1.117992550506971,-1.078821764827324,-1.0856090444405189,-1.0516073899219316,-0.4237473773052784,-1.08247480389853,-0.63751914387534,-0.6395893020357527,,-0.029546727363387,-1.025463461017382,-0.7540046787420583,,-0.6395893020357527,-0.1903763718900424,-1.2113335025014855,-0.3866080156184697,1.0957742429813844,0.5039590535776874,-0.0816431901253715,-1.6936386148046092,-0.0422187957794367,-0.7605438999356294,0.8988093123069466,1.2212562340548772,0.0239591723742481,0.4053784416834322,1.3620389827835528,-1.5625371148791705,-1.4345770561142697,0.281993822328249,0.083906557534282,-0.6018487510565891,-0.95538412214064,,0.5039590535776874,1.2212562340548772,0.0239591723742481,-0.1701091626816901,0.0,0.0,0.0,0.0,其他,0,0,0.5,1.0,0,0.190965092402464,0.0028169014084507005,0.010563380281690238,0.37448559670781895,0.22633744855967078,0.9897119341563786,0.31275720164609055,0.1111111111111111,0.012345679012345678,0.5,0.5,0.5,0.5,0.19096509240246407,0.7535934291581109,0.8193018480492813
2024-08-20,14.2,14.33,13.78,13.9,6153369.0,14.182,15.004,15.674499999999998,14.744833333333334,-0.0198843604569171,-0.0735803785657157,-0.1132093527704232,-0.0572969062609501,15.674499999999998,19.244046484535907,12.10495351546409,0.2514390122509006,0.4554590557291316,-0.0211267605633802,-0.0367290367290367,-0.3249150072850898,-0.0071428571428571,0.0237009531925233,0.0466668640867479,0.0625573442630585,43.70602032359746,-0.1674373767690227,0.1942908293808259,-0.3617282061498487,-125719814.0,53.04686800532964,1.1485714285714284,0.4943882783157624,0.0044642857142194,0.1553030303010694,-0.0359712230215827,-0.0211267605633802,0.0625573442630585,43.70602032359746,-0.0565168193045966,0.0,0.0,0.0,0.5,-1.0153090745989546,-1.0549593476082164,-1.1167528790102417,-1.139769783745907,-0.4660399724239517,-1.1110264510464076,-0.8722530622790939,-0.6385392568255808,,-0.255975411828468,-0.7728723789352765,-0.9490574712398572,,-0.6385392568255808,-0.1882542685673471,-1.2084180179212185,-0.5144287759200942,1.0975755514484196,-0.3791464906159338,-0.2653642031410199,-2.262600431520172,0.1995189092328662,-0.7112117179876811,0.0757757688125134,1.1386789792367202,-0.1419856126932121,0.2281851127779427,1.140147032519825,-1.5414273119002728,-1.595596261658372,-0.0017601995859699,0.0515333048652039,-0.6285795644900137,-1.0901745547645552,,-0.3791464906159338,1.1386789792367202,-0.1419856126932121,-0.1313223413575234,0.0,0.0,0.0,0.0,其他,0,0,0.5,1.0,0,0.297741273100616,0.02877697841726623,0.02877697841726623,0.37037037037037035,0.44238683127572015,0.9897119341563786,0.7098765432098766,0.0720164609053498,0.006172839506172839,0.5,0.5,0.5,0.5,0.29774127310061604,0.7638603696098563,0.731006160164271
2024-08-21,13.76,13.84,13.61,13.7,4382549.0,14.012,14.520999999999995,15.5895,14.7015,-0.0222666286040537,-0.0565388058673643,-0.1212033740658777,-0.0681223004455328,15.5895,19.26593119285388,11.913068807146123,0.2430252463724805,0.4716547923705433,-0.0143884892086331,-0.0584192439862544,-0.2606583917970859,-0.1103896103896104,0.0220986250145195,0.041483957908413,0.0581511128114839,43.16602316135656,-0.2513412438843971,0.1051644147277813,-0.3565056586121785,-130102363.0,49.77621426442882,1.1207142857142858,0.3590271948856552,0.0,0.1300505050488629,-0.0072992700729926,-0.0143884892086331,0.0581511128114839,43.16602316135656,-0.2877805637854644,0.0,0.0,0.0,0.5,-1.1443404036352962,-1.1865186510765109,-1.168237997706148,-1.1950547917836896,-0.6749221742061834,-1.1606925941121735,-1.038552700692808,-0.6690106934237363,,-0.2945639131171677,-0.562572248268816,-1.0272800568113585,,-0.6690106934237363,-0.1814290077729733,-1.287578873167634,-0.539028403755504,1.1997863438998402,-0.2453606596994693,-0.444970100683534,-1.772375967491429,-0.4840933995150187,-0.7694564426447676,-0.1719678471101224,0.8628279578895062,-0.1791487393320438,0.0614608278410845,0.9243212452707892,-1.5047289267754274,-1.7018739755865864,-0.2441499088833763,0.0080539369016844,-0.7880773973366081,-1.0963125568471566,,-0.2453606596994693,0.8628279578895062,-0.1791487393320438,-0.2095500997993566,0.0,0.0,0.0,0.0,其他,0,0,0.5,1.0,0,0.6303901437371663,0.05036496350364983,0.02116788321167884,0.13168724279835392,0.03292181069958848,0.9835390946502057,0.7119341563786008,0.07613168724279835,0.006172839506172839,0.5,0.5,0.5,0.5,0.6303901437371663,0.8726899383983573,0.6632443531827515
2024-08-22,13.71,13.72,13.34,13.37,4441206.0,13.807999999999998,14.19,15.497500000000002,14.651,-0.0317207415990729,-0.057787174066244,-0.1372802064849171,-0.0874343048256092,15.497500000000002,19.303715830371143,11.691284169628856,0.22052294262375,0.4912038496978976,-0.0240875912408758,-0.0708825573314803,-0.198441247002398,-0.1209730440499672,0.0227498193042796,0.033183987987294,0.0582965513446563,34.441602723937066,-0.3405383371638919,0.0160238643494466,-0.3565622015133386,-134543569.0,44.79277311820612,1.0371428571428571,0.3868002982726884,0.0,0.0883838383827223,0.0359012715033657,-0.0240875912408758,0.0582965513446563,34.441602723937066,0.0133842200052982,0.0,0.0,0.0,0.5,-1.1519145173496343,-1.2118825312400512,-1.2534337451080897,-1.290224622257738,-0.6650622439269146,-1.2209634169568004,-1.1487817706642531,-0.7020809518670271,,-0.4503576439751997,-0.5754541800494075,-1.189228019898829,,-0.7020809518670271,-0.170108464979782,-1.3787563328922987,-0.608438951444625,1.3226597190405756,-0.4358237235034847,-0.547204474279086,-1.31237482878186,-0.5521475732089461,-0.7407327808924944,-0.5684673175021203,0.8666739191586181,-0.7869652908789619,-0.1157704837838537,0.7103260965294741,-1.490603127929556,-1.805985260655542,-0.6131701073188194,-0.1223345124588706,-0.750521776033652,-1.0883488489647972,,-0.4358237235034847,0.8666739191586181,-0.7869652908789619,-0.1062176885125516,0.0,0.0,0.0,0.0,其他,0,0,0.5,1.0,0,0.8336755646817249,0.08750934928945409,0.04038893044128655,0.18518518518518517,0.030864197530864196,0.9835390946502057,0.47530864197530864,0.047325102880658436,0.00411522633744856,0.5,0.5,0.5,0.5,0.8336755646817249,0.919917864476386,0.6694045174537988
2024-08-23,13.34,13.43,13.16,13.24,2920355.0,13.682,14.006,15.404999999999998,14.606666666666666,-0.0323052185353017,-0.0546908467799513,-0.1405387861084062,-0.0935645823824736,15.404999999999998,19.340632096626848,11.469367903373143,0.2249488840842023,0.5109551569751775,-0.0097232610321614,-0.0454217736121124,-0.1220159151193633,-0.12259774685222,0.0192323581136241,0.0203937635568126,0.0583030856378624,23.031496059818508,-0.4169116700008661,-0.0705632425206159,-0.3463484274802502,-137463924.0,30.253323907537503,0.9350000000000002,0.2651209404381568,0.0,0.0719696969687883,0.0551359516616314,-0.0097232610321614,0.0583030856378624,23.031496059818508,-0.3424409946307377,0.0,0.0,0.0,0.5,-1.2572343161060688,-1.2844999666189925,-1.306048251074414,-1.3209209197908582,-0.8433137442665395,-1.2540669913967242,-1.2054021178356822,-0.7351543351211784,,-0.4584502196198313,-0.5353738552896579,-1.213942895232984,,-0.7351543351211784,-0.1590437985539331,-1.4676349317546995,-0.5915756818381709,1.4438987087812394,-0.1503341202835254,-0.3323722967810333,-0.7587872309894784,-0.5605431204515706,-0.8725332462029293,-1.1756121045541263,0.8620616608500247,-1.5706332963840268,-0.2674247747904785,0.5033801273584889,-1.435021252291361,-1.8641297874053275,-1.679111460221937,-0.2817258820927693,-0.8928303530663617,-1.0805565737756984,,-0.1503341202835254,0.8620616608500247,-1.5706332963840268,-0.2275858347393921,0.0,0.0,0.0,0.0,其他,0,0,0.5,1.0,0,0.8459958932238193,0.1132930513595165,0.06948640483383683,0.42592592592592593,0.059670781893004114,0.9835390946502057,0.102880658436214,0.006172839506172839,0.006172839506172839,0.5,0.5,0.5,0.5,0.8459958932238193,0.971252566735113,0.6468172484599589
2024-08-26,13.25,13.59,13.21,13.48,3410965.0,13.538,13.913,15.316999999999998,14.560166666666667,-0.0042842369626237,-0.0311219722561633,-0.1199321015864723,-0.0741864218587241,15.316999999999998,19.345770741083435,11.288229258916562,0.2720148256024635,0.5260521957376946,0.0181268882175227,-0.0507042253521126,-0.0645385149201942,-0.1154855643044618,0.0168258333198954,0.019149262396734,0.0584413693351378,8.323563890779255,-0.4528519266143149,-0.1470209793393557,-0.3058309472749592,-134052959.0,12.856165951649388,0.7557142857142857,0.3194893595346707,0.0326530612240455,0.102272727271436,0.056379821958457,0.0181268882175227,0.0584413693351378,8.323563890779255,0.1679966990314534,0.0,0.0,0.0,0.5,-1.2752776284396443,-1.2298665328337706,-1.278638680972177,-1.2353938213778697,-0.7807185965139062,-1.2925827068258884,-1.229054831831553,-0.76623749492866,,0.0103650140345028,-0.2450728111784804,-0.9882370182328732,,-0.76623749492866,-0.1570482266406167,-1.5353323503424754,-0.4382471341655595,1.53054271657984,0.4025452724852451,-0.375549987639677,-0.3435253829121528,-0.5108478659351993,-0.9603884851755944,-1.2258778899154332,0.8655614726030746,-2.5367562246458646,-0.3382859792381298,0.3208483884665984,-1.2572385484074875,-1.7467725141270791,-2.8829183083910346,-0.5616837499472551,-0.8222874926840105,-0.9701026612878986,,0.4025452724852451,0.8655614726030746,-2.5367562246458646,-0.0518267592338009,0.0,0.0,0.0,0.0,其他,0,0,0.5,1.0,0,0.9404517453798767,0.061572700296735894,0.06973293768545985,0.18930041152263374,0.05761316872427984,0.9835390946502057,0.006172839506172839,0.02263374485596708,0.0102880658436214,0.5,0.5,0.5,0.5,0.9404517453798767,0.9034907597535934,0.6509240246406571
2024-08-27,13.54,13.64,13.32,13.4,3621006.0,13.438,13.81,15.227,14.517166666666666,-0.0028278017562135,-0.0296886314265024,-0.1199842385236749,-0.0769548695222896,15.227,19.346182852025446,11.10781714797455,0.278232714392678,0.5410366916659087,-0.0059347181008901,-0.0359712230215827,-0.0713790713790712,-0.1184210526315788,0.0157025806480924,0.0189538238837957,0.058440478640556,10.83969465417168,-0.4822312963526443,-0.2140630427420135,-0.2681682536106308,-137673965.0,19.415782346550216,0.6314285714285716,0.3456527584251956,0.021768707482697,0.0921717171705534,0.0671641791044777,-0.0059347181008901,0.058440478640556,10.83969465417168,0.0615781750912132,0.0,0.0,0.0,0.5,-1.1773125050023514,-1.2069848580951774,-1.23117760160316,-1.2514035557649916,-0.752043669233089,-1.315712925463388,-1.255811910540903,-0.7978973334280017,,0.0347046737587561,-0.2266891977921042,-0.9824630294586246,,-0.7978973334280017,-0.1564103370410594,-1.600585254933337,-0.4165743283206327,1.6137153723935296,-0.0772656158331908,-0.2504313759217306,-0.3915550556102654,-0.5283165931048548,-0.9980243086590048,-1.2257323601562602,0.8605740684176253,-2.316295637949056,-0.3959356903806156,0.1608019547181471,-1.0941143576339254,-1.8250753479760216,-2.357064602846405,-0.7540810065674803,-0.7863316690087285,-0.9983206624383272,,-0.0772656158331908,0.8605740684176253,-2.316295637949056,-0.0882878066900949,0.0,0.0,0.0,0.0,其他,0,0,0.5,1.0,0,0.8973305954825462,0.08955223880597019,0.09179104477611943,0.2962962962962963,0.07407407407407407,0.98559670781893,0.026748971193415638,0.0411522633744856,0.02263374485596708,0.5,0.5,0.5,0.5,0.8973305954825462,0.9260780287474333,0.4620123203285421
2024-08-28,13.34,13.79,13.29,13.6,4910191.0,13.418,13.715,15.1315,14.488,0.0135638694291249,-0.008384979948961,-0.1012127019793146,-0.0612921038100496,15.1315,19.31117651732441,10.95182348267559,0.3167920419578238,0.55244708287966,0.0149253731343284,-0.0072992700729926,-0.0652920962199313,-0.1231463571889104,0.0176943882229692,0.0196577762657422,0.0583297518736942,18.57142856612245,-0.4837994127195877,-0.2680103167375283,-0.2157890959820593,-132763774.0,25.50795458955133,0.535,0.4805166893811249,0.0489795918360682,0.1174242424227597,0.0580882352941176,0.0149253731343284,0.0583297518736942,18.57142856612245,0.356029512240521,0.0,0.0,0.0,0.5,-1.2301474839394342,-1.1565599870401737,-1.2326016038731595,-1.179790548175932,-0.5945233685685805,-1.311836727350683,-1.2792905627962947,-0.8314967194175229,,0.3096178105193532,0.0364100648893494,-0.7786396228747395,,-0.8314967194175229,-0.1659420361800067,-1.652642468805489,-0.2906730713381931,1.6704402035698191,0.3390219022217308,-0.0077733597994745,-0.3462849164019212,-0.5576948238896805,-0.9156601087168388,-1.183218109915431,0.8489633832989697,-1.7696642851912232,-0.3977662939571632,0.0319424191215571,-0.8726926171582652,-1.6696448539858997,-1.8939639406648947,-0.9013316333103628,-0.61944534527027,-0.906071690396922,,0.3390219022217308,0.8489633832989697,-1.7696642851912232,0.0135684787257388,0.0,0.0,0.0,0.0,其他,0,0,0.5,1.0,0,0.9034907597535934,0.07867647058823524,0.12941176470588234,0.6296296296296297,0.13786008230452676,0.98559670781893,0.11522633744855967,0.102880658436214,0.05761316872427984,0.5,0.5,0.5,0.5,0.9034907597535934,0.9301848049281314,0.45790554414784396
2024-08-29,13.53,13.92,13.53,13.85,4194159.0,13.514,13.660999999999998,15.0505,14.468833333333333,0.0248631049282226,0.0138350047580706,-0.0797647918673798,-0.0427700920369068,15.0505,19.265198465832896,10.835801534167103,0.3575817451986427,0.5600742122593791,0.0183823529411764,0.0359012715033657,-0.0375260597637249,-0.1047188106011636,0.0138115069658062,0.0210651884271555,0.058562160386762,32.67605632514183,-0.4595716153613036,-0.3063225764622834,-0.1532490388990202,-128569615.0,36.3198881536712,0.4435714285714286,0.4199980677216303,0.0829931972777823,0.1489898989880177,0.0498194945848375,0.0183823529411764,0.058562160386762,32.67605632514183,-0.1458256919130029,0.0,0.0,0.0,0.5,-1.1635879605764194,-1.1125168165576291,-1.141486933474237,-1.093686958177848,-0.6780458694532089,-1.26960406173056,-1.28802979738364,-0.8590806079929477,,0.4984983986661945,0.3107544346969312,-0.5478147557034343,,-0.8590806079929477,-0.1786345789766558,-1.6849744695713698,-0.157653128216412,1.7003213695366246,0.4070052021785519,0.3577148590365012,-0.1441872677332196,-0.4319070726201274,-1.059826304097265,-1.108259865577874,0.8584712933969314,-0.8170980452447553,-0.3477800065039528,-0.0596003872592695,-0.6110469442850867,-1.5382721286133183,-1.1196879626608935,-1.0391408931065862,-0.6899558105515493,-0.7932379617907668,,0.4070052021785519,0.8584712933969314,-0.8170980452447553,-0.1601350019516711,0.0,0.0,0.0,0.0,其他,0,0,0.5,1.0,0,0.8788501026694046,0.06787003610108311,0.2086642599277977,0.8333333333333334,0.16872427983539096,0.9917695473251029,0.33539094650205764,0.05761316872427984,0.07613168724279835,0.5,0.5,0.5,0.5,0.8788501026694046,0.9281314168377823,0.4394250513347023
2024-08-30,13.85,14.19,13.72,13.97,5657218.0,13.66,13.670999999999998,14.898,14.466333333333331,0.0226939970717423,0.0218711140370129,-0.0622902403007114,-0.0343095463029101,14.898,19.0326016163973,10.763398383602697,0.3877763704780593,0.5550545867055375,0.0086642599277979,0.0551359516616314,0.007209805335256,-0.1792009400705052,0.0101587506207703,0.0179081061369885,0.0533444042554679,42.66666664675557,-0.4257798008160236,-0.3302140213330315,-0.0955657794829921,-122912397.0,46.67512442488733,0.4178571428571428,0.5885304322644065,0.0993197278898052,0.1641414141393417,0.0551181102362203,0.0086642599277979,0.0533444042554679,42.66666664675557,0.3488325073036096,0.0,0.0,0.0,0.5,-1.058481082408769,-1.0299377324394452,-1.068855820481107,-1.049384047331097,-0.4995325510251439,-1.211607060799743,-1.274336317123702,-0.9147460161996518,,0.4601844930342513,0.409187548050893,-0.3598999809760742,,-0.9147460161996518,-0.2452134443163687,-1.6967481862885792,-0.0590693535671149,1.6467206964061838,0.2109573012730289,0.5194638306360287,0.1811205743368879,-0.929367785249707,-1.1931258170652992,-1.249559483853382,0.5337340901585793,-0.1442337413758149,-0.2785899844969373,-0.1166217811772788,-0.3703111287039941,-1.370627787481121,-0.3849046508134821,-1.0726336009671225,-0.4822205530401145,-0.7373715638799619,,0.2109573012730289,0.5337340901585793,-0.1442337413758149,0.0119933940536399,0.0,0.0,0.0,0.0,其他,0,0,0.5,1.0,0,0.9630390143737166,0.08088761632068708,0.2634216177523263,0.845679012345679,0.024691358024691357,0.977366255144033,0.43415637860082307,0.03292181069958848,0.059670781893004114,0.5,0.5,0.5,0.5,0.9630390143737166,0.9527720739219713,0.5646817248459959
2024-09-02,13.89,14.45,13.89,14.24,7381573.0,13.812,13.675,14.674,14.4625,0.0309875470605269,0.0413162705667276,-0.0295761210303939,-0.0153846153846154,14.674,18.402204873521136,10.945795126478869,0.4417950441609871,0.5081375049060552,0.0193271295633499,0.056379821958457,0.0028169014084507,-0.2393162393162392,0.0103858386480765,0.0173188323012772,0.0474485604969568,47.0769230566438,-0.3729141032045078,-0.3387540377073268,-0.0341600654971809,-115530824.0,55.91401485047078,0.4357142857142856,0.8761724120517329,0.1360544217668564,0.1982323232298203,0.0049157303370785,0.0193271295633499,0.0474485604969568,47.0769230566438,0.3048061785845977,0.0,0.0,0.0,0.5,-1.0399806163897414,-0.9511325543441856,-1.0040277305480678,-0.9587159083481266,-0.289896019030206,-1.1526145215938903,-1.2630358420787684,-0.9981150824871962,,0.5984378671683862,0.648686788030201,-0.0095205734213131,,-0.9981150824871962,-0.4268554589206594,-1.5953697850144726,0.11715109138385,1.321623631397331,0.4245406332833321,0.5281038007152986,0.1485729209780942,-1.32378512056147,-1.176076900597766,-1.2676805119901096,0.1678927294142802,0.1530207427602533,-0.1709001004216144,-0.1367888635069733,-0.1143563431987543,-1.159477410512212,0.2702981164394871,-1.0377870005231644,-0.1296224127888697,-0.6169964719001572,,0.4245406332833321,0.1678927294142802,0.1530207427602533,-0.0033643599361901,0.0,0.0,0.0,0.0,其他,0,0,0.5,1.0,0,0.6837782340862423,0.0077247191011236005,0.11587078651685401,0.9403292181069959,0.00823045267489712,0.9711934156378601,0.6851851851851852,0.2242798353909465,0.3724279835390947,0.5,0.5,0.5,0.5,0.6837782340862423,0.7720739219712526,0.26078028747433263
2024-09-03,14.24,14.57,14.12,14.3,4956510.0,13.992,13.715,14.3595,14.458833333333333,0.022012578616352,0.042654028436019,-0.0041435983147045,-0.0109852108860787,14.3595,16.838264335627386,11.880735664372615,0.4879980522566015,0.345243822641474,0.0042134831460673,0.0671641791044777,0.0287769784172662,-0.3054881010199125,0.006493425950746,0.0155833559715156,0.0397141649540046,46.08150468197051,-0.3224590560271991,-0.3354950413713013,0.0130359853441021,-110574314.0,54.879015477852825,0.4428571428571429,0.6694617329847439,0.2003780718298606,0.2058080808054823,0.0209790209790208,0.0042134831460673,0.0397141649540046,46.08150468197051,-0.3285292985654955,0.0,0.0,0.0,0.5,-0.9272459524577958,-0.9124019758147922,-0.919294556343924,-0.9347700453853592,-0.5820439408923925,-1.0852428060070607,-1.239478955951252,-1.1161308128404417,,0.4444593976177173,0.6625496379183122,0.262835369132504,,-1.1161308128404417,-0.8777192135327454,-1.1627356105827114,0.267770820199646,0.2352537444590198,0.1187301181287717,0.6177923925570898,0.3376726528403817,-1.7468895959064432,-1.316333172508113,-1.3391302881771916,-0.3117290819956697,0.0853588060556587,-0.0681192598778778,-0.1285541702555848,0.0824380708250082,-1.0171813459488763,0.1959731545006806,-1.020137374637574,-0.3821319236834351,-0.4090437802316563,,0.1187301181287717,-0.3117290819956697,0.0853588060556587,-0.2243977670254567,0.0,0.0,0.0,0.0,其他,0,0,0.5,1.0,0,0.8668032786885246,0.0,0.11888111888111874,0.897119341563786,0.00205761316872428,0.9362139917695473,0.588477366255144,0.2139917695473251,0.5987654320987654,0.5,0.5,0.5,0.5,0.8668032786885246,0.5747950819672131,0.23975409836065573
2024-09-04,14.29,14.43,14.14,14.39,4688416.0,14.15,13.784,14.1525,14.452,0.0169611307420494,0.0439640162507255,0.0167814873697227,-0.004290063659009,14.1525,15.669850530226368,12.635149469773632,0.578261415279811,0.2144286211221546,0.0062937062937062,0.0580882352941176,0.0503649635036498,-0.2234214786832163,0.0070141701917426,0.0143500996619945,0.0348724310147704,49.9999999775641,-0.27207452100739,-0.322810937298519,0.050736416291129,-105885898.0,57.2423660149454,0.4242857142857142,0.713761760552746,0.3343023255716774,0.2171717171689751,0.0194579569145239,0.0062937062937062,0.0348724310147704,49.9999999775641,-0.0540892684570393,0.0,0.0,0.0,0.5,-0.90717971172213,-0.947030256114243,-0.907683356354715,-0.9016789329225964,-0.6122858002145349,-1.0260820078422992,-1.2063146570508885,-1.1898914020211826,-1.4630279789474212,0.3573052403098696,0.6760162141627074,0.4864298357688,0.6558918658555892,-1.1898914020211826,-1.209058136338978,-0.8167719643341252,0.5623411726543687,-0.6363648310861568,0.1604312385077326,0.5380903462649809,0.494453398889466,-1.1882925291615722,-1.2862635095429586,-1.3856348271500716,-0.6108715688991797,0.3503096497514115,0.0345191172933307,-0.0975712430660677,0.2395606672147674,-0.8837178022216863,0.3635377059655955,-1.0428428164286168,-0.3264448721081548,0.0218609132790261,-0.095753720782284,0.1604312385077326,-0.6108715688991797,0.3503096497514115,-0.1277058215026187,0.0,0.0,0.0,0.0,其他,0,0,0.5,1.0,0,0.8627049180327869,-0.027797081306462856,0.04447533009034044,0.9032921810699589,0.01440329218106996,0.897119341563786,0.7633744855967078,0.30246913580246915,0.8127572016460906,0.5,0.5,0.5,0.5,0.8627049180327869,0.2540983606557377,0.0778688524590164
2024-09-05,14.28,14.66,14.28,14.54,5135741.0,14.288,13.901,14.0455,14.449833333333334,0.0176371780515116,0.0459679159772676,0.0352070058025701,0.0062399796998811,14.0455,15.01548046643344,13.07551953356656,0.7549020403177575,0.138119748877083,0.0104239054899235,0.0498194945848375,0.087509349289454,-0.1282973621103118,0.0058298247329977,0.0100899270981558,0.0283546537605069,62.181818150162,-0.2175330923607035,-0.3017553683109559,0.0842222759502524,-100750157.0,67.2281601718439,0.4021428571428572,0.806038499617697,0.7065217390920363,0.2361111111081298,0.0171939477303988,0.0104239054899235,0.0283546537605069,62.181818150162,0.0954106888125967,0.0,0.0,0.0,0.5,-0.9056523325085584,-0.8774725012447239,-0.8548477510353232,-0.8500737630240268,-0.5557685716894193,-0.9742821789101628,-1.1570840735653962,-1.223059117383609,-1.4454697610425464,0.3676578940350688,0.6980572472260526,0.6823319111251968,0.7652613016121915,-1.223059117383609,-1.386826115183929,-0.6144789766468731,1.136410528854208,-1.1391768753820288,0.2436546770058398,0.465531316506259,0.764383587301,-0.5500070393444133,-1.321448522953914,-1.5713651245998823,-1.011481258890078,1.171462333510492,0.1456305499594187,-0.0463246304579712,0.3789147603425692,-0.7390934779520972,1.0717022566388932,-1.0708466939529595,-0.2117933617388199,1.2140113644866393,-0.0013595747272237,0.2436546770058398,-1.011481258890078,1.171462333510492,-0.0748752255482477,0.0,0.0,0.0,0.0,其他,0,0,0.5,1.0,0,0.8975409836065574,-0.04332874828060518,0.08734525447042651,0.8786008230452675,0.08024691358024691,0.8353909465020576,0.9053497942386831,0.5288065843621399,0.8600823045267489,0.5,0.5,0.5,0.5,0.8975409836065574,0.19057377049180327,0.15368852459016394
2024-09-06,14.6,15.21,14.5,14.74,8315486.0,14.441999999999998,14.050999999999998,14.028500000000005,14.450333333333331,0.0206342611826617,0.0490356558252083,0.0507181808461345,0.0200456736868814,14.028500000000005,14.931763673108344,13.125236326891663,0.893849559709501,0.1287755174255124,0.0137551581843191,0.0551181102362203,0.1132930513595165,-0.0225464190981432,0.0060265080473755,0.0078745604952731,0.019298058033247,60.305343479226174,-0.1563677916056338,-0.2726778529698915,0.1163100613642577,-92434671.0,68.2652684064959,0.4242857142857144,1.435950680990245,0.9999999999333332,0.2613636363603364,0.0244233378561735,0.0137551581843191,0.019298058033247,60.305343479226174,0.6191404512026599,0.0,0.0,0.0,0.5,-0.8032369552625978,-0.7184031201106438,-0.7748195834876553,-0.7831669289722363,-0.1671999294349294,-0.9177289712360444,-1.0971800650358376,-1.220346691600812,-1.4270186933062008,0.4175529026015101,0.7332320004472761,0.8456468270823045,0.9086648319301748,-1.220346691600812,-1.398178105220194,-0.589435241767424,1.5766942034356168,-1.1926658546770583,0.3105942203033721,0.5092655626786055,0.9491554359238976,0.1581410796958022,-1.3037454545243097,-1.6574563498535324,-1.5601023197102803,1.037352257522889,0.2702414561431354,0.0243988056886352,0.5121386859798311,-0.5080324944325358,1.138078288541749,-1.0295346267757668,0.5661873416809289,2.122802556291598,0.1245022739688552,0.3105942203033721,-1.5601023197102803,1.037352257522889,0.1096748104765137,0.0,0.0,0.0,0.0,其他,0,0,0.5,1.0,0,0.8668032786885246,-0.03934871099050208,0.03731343283582089,0.9629629629629629,0.668724279835391,0.6131687242798354,0.9053497942386831,0.8827160493827161,0.9423868312757202,0.5,0.5,0.5,0.5,0.8668032786885246,0.055327868852459015,0.055327868852459015
2024-09-09,14.72,14.72,14.23,14.31,5726421.0,14.456,14.134,14.023500000000002,14.446500000000002,-0.0100996126175981,0.012452242818735,0.0204299925125681,-0.009448655383657,14.023500000000002,14.918945199474784,13.12805480052522,0.6599762889465741,0.127706378502998,-0.0291723202170963,0.0049157303370785,0.0615727002967358,-0.0069396252602359,0.0173217344478158,0.0144535247396269,0.017726858038089,57.45454542529588,-0.140966258795105,-0.2463355341349342,0.1053692753398292,-98161092.0,68.5156062056547,0.4214285714285714,1.034608329309073,0.713333333285778,0.2070707070680926,0.0027952480782669,-0.0291723202170963,0.017726858038089,57.45454542529588,-0.3113546219667737,0.0,0.0,0.0,0.5,-0.7628394081670212,-0.8535346891073199,-0.8647349795627796,-0.9149666021581596,-0.4824208231932086,-0.9083328159627972,-1.061394035785176,-1.213025833702446,-1.4117742945012577,-0.1092459369722147,0.2730202962628708,0.5156508603853713,0.5841977355269515,-1.213025833702446,-1.389206985335349,-0.5857315084253274,0.8060348374125469,-1.1908664517236087,-0.5643528767599382,0.0764697978785381,0.5655655653774596,0.2621799630527453,-0.8654928747148399,-1.3374347946883178,-1.6387534816268667,0.8392280740053653,0.301000234058365,0.088464769011139,0.4644559414584976,-0.663623528834175,1.1480197446117693,-1.027731138652081,0.0677700714296464,1.1999614822166007,-0.1477123625207487,-0.5643528767599382,-1.6387534816268667,0.8392280740053653,-0.2190333365926366,0.0,0.0,0.0,0.0,其他,0,0,0.5,1.0,0,0.7315573770491803,0.007686932215233977,0.060097833682739354,0.6831275720164609,0.7160493827160493,0.5432098765432098,0.8065843621399177,0.7098765432098766,0.8333333333333334,0.5,0.5,0.5,0.5,0.7315573770491803,0.125,0.07377049180327869
2024-09-10,14.27,14.67,14.22,14.6,4867256.0,14.516,14.254,14.032,14.438833333333331,0.0057867181041608,0.0242738880314297,0.0404789053591789,0.0111620283263882,14.032,14.946712494376072,13.117287505623928,0.8104800707387221,0.1303752129945201,0.0202655485674352,0.0209790209790208,0.0895522388059701,0.0117810117810117,0.0194047107047808,0.0144066338156305,0.0183087653296178,65.84507039007639,-0.1041591909352792,-0.2179002654950032,0.1137410745597239,-93293836.0,74.91896895245077,0.4328571428571428,0.8900135591471726,0.906666666606222,0.2436868686837918,-0.0205479452054794,0.0202655485674352,0.0183087653296178,65.84507039007639,-0.1500352488928076,0.0,0.0,0.0,0.5,-0.8975364759096925,-0.863604575631243,-0.8640723650903159,-0.8191397209691208,-0.5856364752223678,-0.8837286045305499,-1.0132410287867335,-1.2005959522243947,-1.3993174157218529,0.1635117682088,0.4204380202024528,0.7298248270794336,0.8039272720912455,-1.2005959522243947,-1.3690129784347678,-0.5882210080758639,1.2892538947259025,-1.1645928368007756,0.44610689411399,0.2146446873798871,0.7687588779940514,0.3870129432715303,-0.7818531655960799,-1.3288625768529685,-1.5853585169977962,1.397979835425638,0.37568234686843,0.157635070392325,0.4981285946868367,-0.5270839516365368,1.588740936266919,-1.0037248496552125,-0.1119324670299763,1.7918180080126056,0.036880862729284,0.44610689411399,-1.5853585169977962,1.397979835425638,-0.1613296782025291,0.0,0.0,0.0,0.0,其他,0,0,0.5,1.0,0,0.1987704918032787,0.00205479452054802,0.03972602739726039,0.86652977412731,0.8127572016460906,0.5740740740740741,0.9300411522633745,0.51440329218107,0.897119341563786,0.5,0.5,0.5,0.5,0.1987704918032787,0.05327868852459016,0.055327868852459015
2024-09-11,14.88,15.19,14.46,14.67,8867130.0,14.572,14.361,14.038,14.435833333333331,0.0067252264617074,0.0215166074785877,0.0450206582134207,0.0162212087975524,14.038,14.968457725502155,13.107542274497844,0.8396177937987223,0.1325627191188954,0.0047945205479451,0.0194579569145239,0.0786764705882352,0.0082474226804123,0.0193780219697914,0.0142764499701124,0.0182489688405138,75.1937984088096,-0.0685507034865651,-0.1880303530933156,0.1194796496067505,-84426706.0,82.23991956359869,0.4578571428571426,1.587900714198331,0.9533333332697776,0.2525252525220641,-0.0463531015678254,0.0047945205479451,0.0182489688405138,75.1937984088096,0.8217924021255507,0.0,0.0,0.0,0.5,-0.7059182363914465,-0.7127259366707127,-0.7769145623643205,-0.7933651190735751,-0.093935550005284,-0.8606956796318705,-0.970191178875664,-1.189402649597648,-1.384616164856939,0.1791840957064262,0.3843782038675553,0.77540517735687,0.8533097291521463,-1.189402649597648,-1.3510153373162117,-0.5902552998941644,1.3724848425051617,-1.1419486512734551,0.1283754314986442,0.2008821275961898,0.6853928638095665,0.3618813519934388,-0.7793621318979553,-1.3243262117857768,-1.5720857466993952,2.0023510787002814,0.4477774653899121,0.2302965139805777,0.5206248572466117,-0.2803872236881529,2.076252790282364,-0.958866946011996,0.7560912208416137,1.911687387158157,0.0813290312443752,0.1283754314986442,-1.5720857466993952,2.0023510787002814,0.1839672133830796,0.0,0.0,0.0,0.0,其他,0,0,0.5,1.0,0,0.0614754098360655,0.047034764826175746,0.1383776414451261,0.8624229979466119,0.8065843621399177,0.565843621399177,0.9794238683127572,0.911522633744856,0.9279835390946503,0.5,0.5,0.5,0.5,0.06147540983606557,0.05122950819672131,0.3012295081967213
2024-09-12,14.57,15.26,14.54,14.79,7601971.0,14.622,14.455000000000002,14.057999999999998,14.442,0.0114895363151414,0.0231753718436524,0.0520699957319676,0.0240963855421685,14.057999999999998,15.03628206028372,13.079717939716277,0.8741252291288537,0.1391779855280641,0.0081799591002045,0.0171939477303988,0.0678700361010831,0.0277970813064627,0.0192177609819352,0.0137838689930586,0.0181125340371256,80.15564197968175,-0.0302984676846218,-0.1564839760115768,0.126185508326955,-76824735.0,86.81530189197973,0.4899999999999998,1.362291937874663,0.9999999999354838,0.2676767676733878,-0.0594996619337389,0.0081799591002045,0.0181125340371256,80.15564197968175,-0.1426796494468898,0.0,0.0,0.0,0.5,-0.7984096758971384,-0.6900193923621476,-0.7458142458727476,-0.7519991837494833,-0.249087134195187,-0.8398775442453087,-0.932145969619091,-1.1729727218789845,-1.3651354037283208,0.2608034790544504,0.4040279600900539,0.8476997045281521,0.9325455382900966,-1.1729727218789845,-1.320475087240766,-0.6005277567158999,1.470911585856859,-1.0906310492365734,0.1974563018900246,0.1806946623158575,0.6029678176594478,0.4925115369968408,-0.7820173317337208,-1.3365191722465877,-1.5638115896282103,2.292997724368703,0.5251550221661689,0.3070248375828052,0.5471493646278934,-0.0688740255693164,2.352236015907009,-0.9033531859130642,0.4722018667486071,2.025978576857811,0.1577548848117824,0.1974563018900246,-1.5638115896282103,2.292997724368703,-0.1597014335273533,0.0,0.0,0.0,0.0,其他,0,0,0.5,1.0,0,0.026639344262295,0.13184584178498993,0.1352265043948615,0.8973305954825462,0.8724279835390947,0.5637860082304527,0.9835390946502057,0.8600823045267489,0.9444444444444444,0.5,0.5,0.5,0.5,0.02663934426229508,0.04918032786885246,0.27459016393442626
2024-09-13,14.68,15.23,14.5,15.1,9857169.0,14.694,14.568,14.1195,14.456166666666666,0.0276303253028447,0.0365183964854474,0.0694429689436595,0.0445369334885918,14.1195,15.197577723982205,13.041422276017792,0.954744578286412,0.1527076346860116,0.0209601081812036,0.0244233378561735,0.080887616320687,0.0886806056236482,0.0204062717208242,0.0145103610709186,0.01626934725494,80.68181813903237,0.0247458450154383,-0.1202380118061738,0.1449838568216121,-66967566.0,87.89715538292485,0.5149999999999999,1.7352542293544089,0.9999999999462366,0.3068181818143078,-0.062251655629139,0.0209601081812036,0.01626934725494,80.68181813903237,0.296659642611107,0.0,0.0,0.0,0.5,-0.7610492423757313,-0.6957909350342789,-0.7565914552383227,-0.6507814678980312,0.0293826849500174,-0.8118904939942234,-0.8878746905530027,-1.140650153346028,-1.341683791595918,0.5387351666980539,0.5710984153677411,1.0304938855430676,1.1458779489019078,-1.140650153346028,-1.264307906438017,-0.6155485978036614,1.712622965157277,-0.9946178361534784,0.4595284651221699,0.2429634005517229,0.6966436152156008,0.9011197448458648,-0.7330465247121984,-1.292767446515772,-1.6571329963336636,2.2855106343266227,0.6369210182214802,0.3952180060603685,0.6247137174814303,0.2053137849008974,2.3799738167099145,-0.8595430267757015,0.9344482191359412,1.9954202543356587,0.3560441008741777,0.4595284651221699,-1.6571329963336636,2.2855106343266227,-0.0025240677646749,0.0,0.0,0.0,0.0,其他,0,0,0.5,1.0,0,0.0102459016393442,0.16887417218543033,0.10529801324503318,0.86652977412731,0.9423868312757202,0.43004115226337447,0.9876543209876543,0.8806584362139918,0.9465020576131687,0.5,0.5,0.5,0.5,0.010245901639344262,0.055327868852459015,0.06352459016393443
2024-09-18,14.96,14.96,14.24,14.35,6577954.0,14.701999999999998,14.579,14.127,14.4715,-0.0239423207726838,-0.015707524521572,0.0157853755220498,-0.008395812458971,14.127,15.209513644012386,13.044486355987615,0.6030010111988702,0.1532545684157602,-0.0496688741721854,0.0027952480782669,0.0077247191011236,0.0105633802816902,0.0291667976727618,0.0226153213729663,0.0196070357196123,64.35045314498771,0.0077606981792914,-0.0946382698090807,0.1023989679883722,-73545520.0,80.89995895812399,0.5535714285714285,1.1574114816180243,0.5967741935163023,0.2121212121185338,0.0048780487804878,-0.0496688741721854,0.0196070357196123,64.35045314498771,-0.3326731032003205,0.0,0.0,0.0,0.5,-0.6715010900836774,-0.7696353309817173,-0.843752369949275,-0.885734915522771,-0.3755982559141033,-0.8055422847684789,-0.8795902625252907,-1.1299392065340357,-1.3182866081677678,-0.3560812124807536,-0.0922383656729766,0.4446195726138038,0.5638429919020918,-1.1299392065340357,-1.251217668569965,-0.6116302250158971,0.5726992574889553,-0.985149638814856,-0.9948942029667704,0.0539066971562243,0.1523243298372046,0.3689405893053481,-0.3934549951703889,-0.9115241316501717,-1.4412050735038786,1.2060494680691611,0.5994461894456641,0.4570403622330589,0.4419839937028059,0.0214236057779662,1.875746064924118,-0.7948651381006245,0.2091734139814458,0.7513665304710426,-0.1286849541847888,-0.9948942029667704,-1.4412050735038786,1.2060494680691611,-0.2276345316048728,0.0,0.0,0.0,0.0,其他,0,0,0.5,1.0,0,0.0369609856262833,0.1073170731707318,0.1986062717770034,0.7304526748971193,0.8206185567010309,0.6144329896907217,0.8742268041237113,0.709278350515464,0.8144329896907216,0.5,0.5,0.5,0.5,0.03696098562628337,0.08624229979466119,0.3757700205338809
2024-09-19,14.28,14.55,14.06,14.3,5793178.0,14.642,14.579,14.147000000000002,14.478333333333332,-0.0233574648272094,-0.0191371150284654,0.0108150137838409,-0.0123172556693909,14.147000000000002,15.226631516085748,13.067368483914256,0.5708575090960764,0.1526304539588766,-0.0034843205574912,-0.0205479452054794,0.0,0.0287769784172662,0.0270854752320102,0.0226249652341147,0.0189590254335318,61.07594934002967,-0.0096237960347895,-0.0776353750542225,0.0680115790194329,-79338698.0,74.7654577169565,0.5528571428571427,1.0225680524782816,0.5698924730876407,0.2058080808054823,0.0230769230769229,-0.0034843205574912,0.0189590254335318,61.07594934002967,-0.1193039659444258,0.0,0.0,0.0,0.5,-0.8787675734100656,-0.8826945452218712,-0.9024485623818554,-0.8973540105359312,-0.4714821995181622,-0.822036446934936,-0.8752435819472049,-1.1145533081028136,-1.300461711011385,-0.3448479336787285,-0.1355531625490734,0.3890397970948227,0.5182684004984753,-1.1145533081028136,-1.2369556788465306,-0.5986780799881392,0.4668421935004763,-0.9835286782884928,-0.0402137581949288,-0.150127036691003,0.0944727873071772,0.4912343747263342,-0.4724452048992611,-0.9064047145197186,-1.4664010422369735,0.986024854091782,0.5612964983922699,0.4975202355428946,0.2944030420815869,-0.1405333999477158,1.445685412406132,-0.7922889640525991,0.0394742389840898,0.6657024458047134,-0.1605229611195124,-0.0402137581949288,-1.4664010422369735,0.986024854091782,-0.1504870007865682,0.0,0.0,0.0,0.0,其他,0,0,0.5,1.0,0,0.0573770491803278,0.11888111888111874,0.1678321678321677,0.1971252566735113,0.7304526748971193,0.5288065843621399,0.757201646090535,0.31069958847736623,0.588477366255144,0.5,0.5,0.5,0.5,0.05737704918032787,0.14549180327868852,0.3831967213114754
2024-09-20,14.22,14.4,13.86,13.99,5217074.0,14.506,14.539,14.161499999999998,14.4735,-0.0355714876602785,-0.0377605062246372,-0.0121102990502417,-0.0334058797111962,14.161499999999998,15.223499603528186,13.09950039647181,0.4192560903637984,0.1499840558585868,-0.0216783216783217,-0.0463531015678254,-0.0277970813064628,0.0211678832116788,0.0275580448474659,0.0235046784545725,0.0193485105639954,52.17391302079397,-0.0478637869473814,-0.0716810574328543,0.0238172704854728,-84555772.0,69.48323318372691,0.5635714285714285,0.9141456549097936,0.4032258064299342,0.1666666666645623,0.0979270907791278,-0.0216783216783217,0.0193485105639954,52.17391302079397,-0.0994452440439427,0.0,0.0,0.0,0.5,-0.8931590246208971,-0.921085217406686,-0.9675783079320436,-0.9910950306326188,-0.5412908450473259,-0.8638945213981211,-0.8849293965121096,-1.1015742670039308,-1.2898458630268,-0.5560804261423968,-0.3723317643353618,0.1377535317816454,0.2850742168635552,-1.1015742670039308,-1.2286660382812535,-0.5815557337626623,-0.025547020394999,-0.9952641981333676,-0.4159738114208757,-0.3755871666284903,-0.1130046999236721,0.4377208918137832,-0.452628188401763,-0.8612827718376975,-1.4298558145060571,0.401737043466158,0.4799981095495093,0.5105987383750831,0.1050839614479241,-0.2862928260370226,1.0809560875682458,-0.7718105719101466,-0.0969998313854857,0.1509757263303758,-0.3610696049302893,-0.4159738114208757,-1.4298558145060571,0.401737043466158,-0.1429386318284083,0.0,0.0,0.0,0.0,其他,0,0,0.5,1.0,0,0.2459016393442623,0.07433881343817017,0.23373838456040041,0.059548254620123205,0.6625514403292181,0.5411522633744856,0.5781893004115226,0.5041152263374485,0.360082304526749,0.5,0.5,0.5,0.5,0.2459016393442623,0.11475409836065574,0.5389344262295082
2024-09-23,14.0,14.16,13.84,13.91,3481920.0,14.330000000000002,14.476000000000004,14.1885,14.471166666666669,-0.0293091416608515,-0.0390991986736669,-0.019628572435423,-0.0387782602185956,14.1885,15.1915957345293,13.1854042654707,0.3611797506213089,0.1413955998903661,-0.0057183702644746,-0.0594996619337389,-0.0433287482806051,0.0403889304412865,0.0260332707097582,0.0230638867293266,0.0185009649254399,49.05660375198765,-0.0836602010653209,-0.0740768861593476,-0.0095833149059732,-88037692.0,64.97911215469084,0.5528571428571428,0.6152797166587709,0.3602150537440745,0.1565656565636797,0.2034507548526238,-0.0057183702644746,0.0185009649254399,49.05660375198765,-0.3325914104342778,0.0,0.0,0.0,0.5,-0.95678337772471,-0.984650873509474,-0.96960385768903,-1.0112130371239931,-0.7544115943634554,-0.9188271282631764,-0.9025918721777588,-1.083943822557615,-1.2781394898784275,-0.4451254464534808,-0.3882429850141927,0.0550791978445242,0.2248569762815472,-1.083943822557615,-1.2286160838860811,-0.5397963191189236,-0.2141091121851213,-1.045962472392859,-0.0842562379299178,-0.4896708605896979,-0.2287665537761028,0.5671026593656483,-0.5101689865801623,-0.8774501266545284,-1.466927505013313,0.1965291509209083,0.4039689064752795,0.5029766756080349,-0.0380620148909095,-0.383203249061591,0.7723392632728422,-0.7851854421244029,-0.4733953586952671,0.0178226707632295,-0.4115663958949639,-0.0842562379299178,-1.466927505013313,0.1965291509209083,-0.2266001489427339,0.0,0.0,0.0,0.0,其他,0,0,0.5,1.0,0,0.3790983606557377,0.13659237958303372,0.3163191948238677,0.026694045174537988,0.668724279835391,0.5164609053497943,0.5946502057613169,0.20987654320987653,0.2139917695473251,0.5,0.5,0.5,0.5,0.3790983606557377,0.3135245901639344,0.7110655737704918
2024-09-24,13.99,14.16,13.75,14.16,4330599.0,14.142,14.418,14.2345,14.475833333333334,0.0012728044123886,-0.0178942987931752,-0.0052337630405002,-0.0218179724828737,14.2345,15.133422747104811,13.33557725289519,0.4585615113835971,0.1263019771819868,0.0179726815240834,-0.062251655629139,-0.039348710990502,0.0694864048338368,0.0251078817350229,0.0234633297325502,0.0186019888297131,48.73417719359878,-0.0908094195643833,-0.0774233928403548,-0.0133860267240285,-83707093.0,63.73674188473403,0.5421428571428573,0.7558296182741026,0.4470588235031142,0.1881313131289377,0.2464689265536721,0.0179726815240834,0.0186019888297131,48.73417719359878,0.2437387992831541,0.0,0.0,0.0,0.5,-0.9550809488193984,-0.9795872516316918,-0.9959349072101148,-0.9268520573955392,-0.6461154300882894,-0.977282773099343,-0.9183732405781172,-1.0591830878769175,-1.262799168787342,0.0906281703817684,-0.1156826668389878,0.212881129765447,0.4109813464532124,-1.0591830878769175,-1.2359473400582437,-0.4685576124582218,0.1037563875450574,-1.1387088141399693,0.4078662769093495,-0.512204946387495,-0.1982828916888999,0.7631619656744354,-0.5443186705191206,-0.8547398925793588,-1.4475713113264232,0.1748003163971799,0.3878297312583773,0.4930273064591663,-0.0542717762364682,-0.2602295146463338,0.6852428691006004,-0.7984901702890977,-0.2942506309013182,0.2864621043661912,-0.2465019204965733,0.4078662769093495,-1.4475713113264232,0.1748003163971799,-0.0176603483117514,0.0,0.0,0.0,0.0,其他,0,0,0.5,1.0,0,0.6188524590163934,0.07980225988700562,0.22881355932203373,0.006160164271047228,0.6460905349794238,0.4382716049382716,0.16837782340862423,0.030864197530864196,0.09053497942386832,0.5,0.5,0.5,0.5,0.6188524590163934,0.3012295081967213,0.6516393442622951
2024-09-25,14.27,14.77,14.24,14.42,6645257.0,14.156,14.428999999999998,14.2815,14.482499999999998,0.018649335970613,-0.0006237438491925,0.0096978608689564,-0.004315553253927,14.2815,15.109847117679374,13.453152882320625,0.5836002184263344,0.1160028173054055,0.0183615819209039,0.0048780487804878,0.0076869322152339,0.0697329376854598,0.0170953740939531,0.0225386103631181,0.0186117521473888,51.78571426413689,-0.0746350604891148,-0.0768657263701068,0.0022306658809919,-77061836.0,64.45749490829988,0.5535714285714286,1.127975843137609,0.5999999999647059,0.220959595956806,0.1019417475728154,0.0183615819209039,0.0186117521473888,51.78571426413689,0.5344891087814874,0.0,0.0,0.0,0.5,-0.8639303104361183,-0.8014782249675025,-0.8204839423317556,-0.8400573079018164,-0.3558260737555336,-0.9675257870113504,-0.9099136997417376,-1.0343855286302996,-1.2467535165920114,0.3947805291944384,0.106358257784209,0.3764561157701359,0.6024535039904689,-1.0343855286302996,-1.2335333830950657,-0.4125636236069723,0.5116056478265061,-1.198636365496076,0.4147097437057621,0.0809180361583859,0.1557571281253846,0.7613404097585872,-0.8530952776346985,-0.8933831910614092,-1.4340481242698453,0.3750207487626789,0.4204850302111638,0.4928225040246493,0.0130246778500352,-0.0719931968585426,0.7310483446604829,-0.7768415991512151,0.178359953761776,0.7589551970738088,-0.0749662563929823,0.4147097437057621,-1.4340481242698453,0.3750207487626789,0.0877719239188978,0.0,0.0,0.0,0.0,其他,0,0,0.5,1.0,0,0.4692622950819672,0.052011095700416066,0.1775312066574204,0.03696098562628337,0.6502057613168725,0.4382716049382716,0.21560574948665298,0.06378600823045268,0.10905349794238683,0.5,0.5,0.5,0.5,0.4692622950819672,0.14754098360655737,0.4959016393442623
2024-09-26,14.43,14.64,14.22,14.63,5881236.0,14.222,14.432000000000002,14.343,14.495166666666668,0.0286879482491915,0.0137195121951219,0.0200097608589555,0.0093019512251208,14.343,15.072530490686592,13.613469509313408,0.6967018538596123,0.1017263460477593,0.0145631067961164,0.0230769230769229,0.002054794520548,0.0917910447761194,0.0177794970720041,0.0220641178575763,0.0186267362813739,53.4482758405668,-0.0443601686064969,-0.0703646148173848,0.0260044462108878,-71180600.0,70.18469860542535,0.562857142857143,0.9795002782120504,0.6866666666208896,0.2474747474716229,0.0936431989063566,0.0145631067961164,0.0186267362813739,53.4482758405668,-0.1149723780434677,0.0,0.0,0.0,0.5,-0.8105719445283969,-0.8350433599462154,-0.8239011111315463,-0.7697427328211033,-0.4501148742980163,-0.9404682330579388,-0.90435586387011,-1.0042683406673605,-1.227734439635631,0.5695929039881305,0.2906550095732725,0.4888222989520164,0.7498034345058755,-1.0042683406673605,-1.2350287754005191,-0.336860881539997,0.8785034420779183,-1.2835304081723131,0.3342887530524438,0.2415245960816861,0.1128844285667732,0.9082051697245652,-0.822683659668933,-0.9109178790732512,-1.420576293674526,0.4833643893784127,0.4826163518616871,0.5074372658799611,0.1154902487612173,0.094622657289495,1.113551177555223,-0.7587401558369823,-0.0109122057344067,1.022932408937956,0.0636392821772269,0.3342887530524438,-1.420576293674526,0.4833643893784127,-0.1484772221000107,0.0,0.0,0.0,0.0,其他,0,0,0.5,1.0,0,0.6372950819672131,0.037593984962405846,0.20574162679425845,0.055441478439425054,0.4609053497942387,0.35802469135802467,0.11088295687885011,0.05555555555555555,0.05761316872427984,0.5,0.5,0.5,0.5,0.6372950819672131,0.41598360655737704,0.6864754098360656
2024-09-27,14.7,15.57,14.7,15.36,9494101.0,14.496,14.501,14.431,14.5245,0.0596026490066223,0.0592372939797254,0.0643753031667935,0.0575234947846741,14.431,15.2063274350739,13.655672564926103,1.0991017200375115,0.1074530434576294,0.0498974709501023,0.0979270907791278,0.0470347648261757,0.1294117647058823,0.0199173250731674,0.027092728477407,0.0211242960952492,60.09852214676406,0.0380986054494041,-0.048671970764027,0.0867705762134311,-61686499.0,71.7246919977047,0.6028571428571429,1.5230725754890482,0.9999999999337748,0.3396464646421761,-0.021484375,0.0498974709501023,0.0211242960952492,60.09852214676406,0.6143036939854138,0.0,0.0,0.0,0.5,-0.7235055532873625,-0.5663646665725958,-0.6528610579189845,-0.5343880002541153,0.0033266212832202,-0.8438915451006568,-0.8757657080622222,-0.9641829544294708,-1.1997416050779317,1.108520052102859,0.8754996025612686,0.9753631697096616,1.2754380185011638,-0.9641829544294708,-1.1889060469147843,-0.3161718938037522,2.164577393731065,-1.2365376587789108,1.0691174371670131,0.9021959192484458,0.452230912368668,1.1591530127377565,-0.7360922087787717,-0.673704709764452,-1.2629936190365652,0.9195975338353712,0.6539792254210091,0.5599343636155487,0.3777323255683172,0.3636264080193823,1.2098832901999017,-0.6922276481667933,0.6812815083479348,1.9709140857913128,0.5454733719645425,1.0691174371670131,-1.2629936190365652,0.9195975338353712,0.117623013298745,0.0,0.0,0.0,0.0,其他,0,0,0.5,1.0,0,0.1987704918032787,0.08723958333333326,0.087890625,0.24435318275154005,0.4567901234567901,0.4094650205761317,0.11909650924024641,0.10493827160493827,0.09465020576131687,0.5,0.5,0.5,0.5,0.1987704918032787,0.8442622950819673,0.5348360655737705
2024-09-30,15.99,16.8,15.56,16.74,12263983.0,15.062,14.696000000000002,14.5755,14.584666666666667,0.1114061877572698,0.1390854654327706,0.1485026242667488,0.1477807743292041,14.5755,15.826326674012186,13.324673325987812,1.3652277908819157,0.1716341359134993,0.08984375,0.2034507548526238,0.1318458417849899,0.2086642599277977,0.0322695351003253,0.0382065148853347,0.028148424447624,69.0839694471913,0.2123543247039059,0.0035332883295595,0.2088210363743463,-49422516.0,73.25498908545246,0.655,1.847817563441391,0.9999999999646644,0.5138888888824003,-0.0555555555555554,0.08984375,0.028148424447624,69.0839694471913,0.2917476862738242,0.0,0.0,0.0,0.5,-0.3197528493754873,-0.2123808343291245,-0.3492743173294266,-0.0917689499396294,0.3508674732233277,-0.6497226614503907,-0.8032487580405226,-0.9024646670628008,-1.154904132298212,1.9953942945173964,1.885866906134004,1.883571325586348,2.2295911067866343,-0.9024646670628008,-1.007995499819215,-0.4694138853683876,2.9448024342279697,-0.8080788976188629,1.883753753102492,1.819160867614776,1.0897703117358126,1.68502793999652,-0.2519084382667429,-0.1541431274825244,-0.843217425064643,1.5019936150214597,1.0164179214970803,0.688467215495889,0.903630562624598,0.710516589266917,1.3039512729919458,-0.6068184534470286,1.090319001276769,1.9438823937411247,1.446928693177688,1.883753753102492,-0.843217425064643,1.5019936150214597,-0.0005110478606666,0.0,0.0,0.0,0.0,其他,0,0,0.5,1.0,0,0.4045174537987679,0.0029868578255676237,0.021505376344086224,0.3786008230452675,0.43917525773195876,0.45979381443298967,0.06995884773662552,0.10515463917525773,0.15051546391752577,0.5,0.5,0.5,0.5,0.40451745379876797,0.8049281314168378,0.5811088295687885
2024-10-08,18.38,18.38,16.5,17.65,14716201.0,15.76,14.951,14.7595,14.658666666666669,0.1199238578680201,0.1805230419369941,0.1958399674785731,0.2040658541022375,14.7595,16.58565471760498,12.933345282395017,1.291417061217511,0.2474548213140837,0.0543608124253285,0.2464689265536721,0.1688741721854303,0.2634216177523263,0.0306502863371824,0.0403683409760345,0.0298470758719518,79.19580417642061,0.419052041640354,0.0866370389917185,0.3324150026486355,-34706315.0,81.30614961972415,0.7528571428571428,2.07563984715962,0.999999999973262,0.6287878787799394,-0.1337110481586402,0.0543608124253285,0.0298470758719518,79.19580417642061,0.1999528212000947,0.0,0.0,0.0,0.5,0.4270542524891443,0.2420675941523895,-0.0177494194201832,0.2001644616096915,0.6577329824635405,-0.4116493245986177,-0.7101354567191601,-0.8258558125699786,-1.1031310769919993,2.1135426755837465,2.375178556338546,2.359515230785332,2.755633564045651,-0.8258558125699786,-0.7899316446444451,-0.6502986261870568,2.647948519275475,-0.3049899561006757,1.1383349231740516,2.16605138747726,1.3602481529686232,2.0290990228034937,-0.314540378348051,-0.0527512143200388,-0.7393583473761938,2.137003438214781,1.441157375504074,0.8933910908851023,1.429469628547655,1.1240554114805523,1.827202329644784,-0.4490749979767846,1.370612505264314,1.9179345896621107,2.01164240486393,1.1383349231740516,-0.7393583473761938,2.137003438214781,-0.0341306368380974,0.0,0.0,0.0,0.0,其他,0,0,0.5,1.0,0,0.1748971193415638,-0.05439093484419244,-0.03002832861189786,0.6185567010309279,0.5640495867768595,0.49173553719008267,0.16907216494845362,0.10743801652892562,0.2665289256198347,0.5,0.5,0.5,0.5,0.1748971193415638,0.654320987654321,0.39094650205761317
2024-10-09,17.13,17.18,15.89,15.89,9330907.0,16.054,15.105,14.842000000000002,14.711,-0.010215522611187,0.0519695465077789,0.0706104298612044,0.0801441098497723,14.842000000000002,16.717746588203553,12.966253411796451,0.7793554327948312,0.2527619711886419,-0.0997167138810197,0.1019417475728154,0.1073170731707318,0.115870786516854,0.0729697028522254,0.0511408105473977,0.0388560305867318,58.97079275625049,0.4358203483589218,0.1564737008651592,0.2793466474937626,-44037222.0,73.19477852544952,0.8464285714285713,1.298226604227063,0.5294117646917272,0.4065656565605232,-0.0453115166771554,-0.0997167138810197,0.0388560305867318,58.97079275625049,-0.3659432213517606,0.0,0.0,0.0,0.5,0.0348791992133925,-0.104149798130163,-0.2327895884110887,-0.3658245943025905,-0.0224006359375243,-0.3108000413491442,-0.6530756010889281,-0.7896265771139154,-1.0646068192032434,-0.1416474811101585,0.7401447729071661,0.9934513336141704,1.4147477847545578,-0.7896265771139154,-0.7492888102422437,-0.6323462516199034,1.0430607215324368,-0.2689409263249198,-2.039142968614444,0.8976717202786563,0.8898420990081084,1.0235714880144713,1.3400791692445109,0.4516906418707325,-0.2045557679226622,0.8097923979238612,1.4645901632528693,1.0633556515305351,1.192083655775587,0.8541087134920498,1.2721799668098464,-0.2984398692236672,0.3768994134683501,0.485430771822877,0.8533826216979753,-2.039142968614444,-0.2045557679226622,0.8097923979238612,-0.2418121778674869,0.0,0.0,0.0,0.0,其他,0,0,0.5,1.0,0,0.2407407407407407,0.08244178728760221,0.06104468219005654,0.47010309278350515,0.26239669421487605,0.6157024793388429,0.09072164948453608,0.10721649484536082,0.14845360824742268,0.5,0.5,0.5,0.5,0.24074074074074073,0.8395061728395061,0.37448559670781895
2024-10-10,16.05,16.47,15.81,16.0,6219109.0,16.328,15.275,14.926999999999998,14.762666666666666,-0.0200881920627142,0.0474631751227496,0.0718831647350439,0.083815028901734,14.926999999999998,16.852738135993683,13.001261864006317,0.7785944723913546,0.2580207859557557,0.0069225928256764,0.0936431989063566,0.1188811188811187,0.1188811188811187,0.0732383807298961,0.0509087203607207,0.0388533809481769,59.19778698715396,0.4527662235375178,0.2157322053996309,0.2370340181378868,-37818113.0,66.65894557375806,0.8414285714285713,0.8577424230305003,0.5588235293968231,0.4204545454492367,-0.05125,0.0069225928256764,0.0388533809481769,59.19778698715396,-0.3334936250034428,0.0,0.0,0.0,0.5,-0.303911760204944,-0.3088180944980463,-0.2604397025789239,-0.3293837772449955,-0.4152124446834833,-0.2168294526879649,-0.5906264248059918,-0.7526845328030078,-1.0271329118131876,-0.312314625065292,0.6802254312325869,1.0016259916829158,1.437687127683964,-0.7526845328030078,-0.7080991655333668,-0.6135082605561323,1.0346479745819863,-0.2332442306908274,0.1603736341145223,0.8214668317563455,0.9723840142319676,1.037850856780646,1.3407845499460005,0.4393720942914545,-0.2041165595850483,0.8209256364909768,1.4878975157241312,1.2049072446849771,1.0037840620794023,1.026274073657128,0.8292999678174007,-0.3055590178438454,-0.186285117058404,0.572918981076162,0.9193477436281486,0.1603736341145223,-0.2041165595850483,0.8209256364909768,-0.2292249532246803,0.0,0.0,0.0,0.0,其他,0,0,0.5,1.0,0,0.2921810699588477,0.043749999999999956,0.06812499999999999,0.6391752577319587,0.23711340206185566,0.5958762886597938,0.0577319587628866,0.06597938144329897,0.13402061855670103,0.5,0.5,0.5,0.5,0.29218106995884774,0.7078189300411523,0.3333333333333333
2024-10-11,16.05,16.05,14.81,15.03,5614487.0,16.262,15.379,14.959,14.801999999999998,-0.0757594391833723,-0.0226932830483126,0.0047463065712949,0.015403323875152,14.959,16.868366387050788,13.049633612949211,0.5185925552135143,0.2552799501354401,-0.060625,-0.021484375,0.0743388134381701,0.0444753300903404,0.0785441781214787,0.0551273403675484,0.0416406333790776,51.4851485059308,0.3835042757739302,0.2492866194744908,0.1342176562994393,-43432600.0,60.839188474702325,0.8785714285714283,0.769438877741779,0.299465240633704,0.2435374149626728,0.1111111111111111,-0.060625,0.0416406333790776,51.4851485059308,-0.0972200358604423,0.0,0.0,0.0,0.5,-0.3030803839516655,-0.4293957947447641,-0.6135545077462907,-0.6410254452923267,-0.4904051584800625,-0.238732936243209,-0.5517527062452194,-0.7368345684511487,-0.9972751191687764,-1.2732888939169882,-0.2121694117398537,0.2714560901906906,0.707904872640957,-0.7368345684511487,-0.7007547149004695,-0.5885019440898726,0.2226365162100639,-0.2507996995745838,-1.2287168356530167,-0.1863700191925149,0.6325253794746692,0.5320886224526129,1.5351043868545486,0.6359713555437198,-0.0378338762297818,0.3143566289618885,1.333605041606557,1.2806371032868926,0.5568687429848058,0.862229153238111,0.4366023855646061,-0.2451214614420512,-0.2986982122180768,-0.2182228738669709,0.0001181749825691,-1.2287168356530167,-0.0378338762297818,0.3143566289618885,-0.1414547919309537,0.0,0.0,0.0,0.0,其他,0,0,0.5,1.0,0,0.946611909650924,0.14836992681304073,0.16899534264803728,0.1979381443298969,0.07628865979381444,0.6515463917525773,0.02268041237113402,0.13814432989690723,0.03505154639175258,0.5,0.5,0.5,0.5,0.946611909650924,0.8172484599589322,0.5934291581108829
2024-10-14,15.12,15.81,15.12,15.81,5738317.0,16.076,15.569,15.0225,14.833166666666669,-0.0165464045782532,0.0154794784507676,0.052421367948078,0.0658546725244104,15.0225,16.957494900033918,13.087505099966078,0.7034889083986342,0.2576129006518275,0.0518962075848303,-0.0555555555555554,0.1365923795830337,0.0873452544704265,0.0686844186804576,0.0564608084161677,0.0430383230268335,54.15204677475874,0.3870910081688148,0.2768474972133556,0.1102435109554591,-37694283.0,59.39793817386509,0.882142857142857,0.7831754544480066,0.5080213903607484,0.349659863940821,0.0619860847564832,0.0518962075848303,0.0430383230268335,54.15204677475874,0.0220554433557331,0.0,0.0,0.0,0.5,-0.5948705781818903,-0.4976174065604571,-0.5016830587258431,-0.3871045261573212,-0.4732115368406883,-0.3015991019741446,-0.4825174808176859,-0.7086930796362858,-0.9725271185301908,-0.2429983993008694,0.2741686768640193,0.7871918796782627,1.2330523412802183,-0.7086930796362858,-0.6727472406113221,-0.5685356543858379,0.7975379570303226,-0.2345029175606568,1.089239588648904,-0.4839940229652175,1.0985502714610336,0.8191505389185548,1.1434908479627572,0.6962323848914066,0.0456048526342959,0.4880075700425445,1.33174742648517,1.3402990847707994,0.4515461216860396,1.0208614514831724,0.3384766076249091,-0.2386884645112294,-0.2801910243843891,0.4188027121705411,0.5509505190684872,1.089239588648904,0.0456048526342959,0.4880075700425445,-0.0969746420248449,0.0,0.0,0.0,0.0,其他,0,0,0.5,1.0,0,0.8993839835728953,0.15812776723592648,0.12839974699557244,0.4041237113402062,0.15257731958762888,0.6989690721649484,0.02268041237113402,0.18969072164948453,0.1154639175257732,0.5,0.5,0.5,0.5,0.8993839835728953,0.8213552361396304,0.5338809034907598
2024-10-15,15.81,15.81,15.25,15.29,5158438.0,15.604,15.682,15.05,14.857,-0.0201230453729812,-0.0249968116311695,0.0159468438538203,0.0291445110049135,15.05,16.983722888762944,13.116277111237055,0.5620564614864044,0.2569731413621388,-0.0328905755850728,-0.1337110481586402,0.0798022598870056,0.0373134328358208,0.0587969919716248,0.0583571455144232,0.0438009095561277,55.649038452174445,0.3440083583562767,0.2902796694419399,0.0537286889143368,-42852721.0,60.000265139859614,0.8607142857142857,0.719534185391449,0.3689839572093853,0.2789115646220555,0.0915631131458472,-0.0328905755850728,0.0438009095561277,55.649038452174445,-0.1010538455787646,0.0,0.0,0.0,0.5,-0.3754626367250029,-0.4960772006048795,-0.4539778119033091,-0.5541979231177481,-0.5453173662660441,-0.4622127133508553,-0.4408142838240356,-0.6949269863434276,-0.9523267293056532,-0.3044975090547449,-0.2429273905988708,0.3882648510598345,0.8384752578984895,-0.6949269863434276,-0.6626617696481578,-0.5529358201342375,0.3534689825942679,-0.2381051250578717,-0.6587064786308015,-1.164518554519256,0.6652731567688642,0.4777345410856154,0.7549059898326717,0.7826160558528814,0.0910728969668249,0.5845009264432808,1.234164522112899,1.3641019968329675,0.2054502814935231,0.8697326975526575,0.3780109931675907,-0.2725508694266851,-0.3611564252188309,-0.0077452018239927,0.1804503075355421,-0.6587064786308015,0.0910728969668249,0.5845009264432808,-0.1423827775654269,0.0,0.0,0.0,0.0,其他,0,0,0.5,1.0,0,0.8770491803278688,0.1379986919555265,0.13472858077174643,0.1728395061728395,0.051440329218107,0.720164609053498,0.047325102880658436,0.2345679012345679,0.05761316872427984,0.5,0.5,0.5,0.5,0.8770491803278688,0.7930327868852459,0.48565573770491804
2024-10-16,15.1,15.42,15.03,15.17,3033192.0,15.46,15.757,15.092999999999998,14.884333333333334,-0.0187580853816299,-0.037253284254617,0.0051017027761215,0.0191924394777505,15.092999999999998,16.995431684920344,13.190568315079652,0.5202372575473589,0.2520945716435091,-0.0078482668410725,-0.0453115166771554,0.052011095700416,0.0600978336827393,0.0424202145586909,0.0584914387316952,0.0432388048844519,55.18474373334222,0.29676117433754,0.2915759704210599,0.00518520391648,-45885913.0,61.44985737484532,0.8535714285714285,0.4311895987616814,0.3368983957129172,0.2625850340100328,0.133816743572841,-0.0078482668410725,0.0432388048844519,55.18474373334222,-0.4119940958871658,0.0,0.0,0.0,0.5,-0.5985991171651478,-0.6078269843857201,-0.5308703816741055,-0.5912620267650233,-0.8131631608040875,-0.5101215339584453,-0.4127370639260328,-0.6751269591406801,-0.9304340331746012,-0.2798880275876754,-0.3988989740774475,0.2689491717443736,0.7288444204740473,-0.6751269591406801,-0.6567503775122043,-0.5159340562021931,0.2215360464448965,-0.2701360752799984,-0.1406477406447586,-0.3864010175722906,0.4527441433288782,0.6303799003672522,0.1153154922676628,0.7856493458904793,0.0571210944434055,0.5519612291889163,1.129445036163352,1.3576688528231116,-0.0059690207381704,0.7799437803613999,0.4746077370804331,-0.2833170385355959,-0.7308950848744177,-0.1061643177647948,0.0944744388072312,-0.1406477406447586,0.0571210944434055,0.5519612291889163,-0.257590221584158,0.0,0.0,0.0,0.0,其他,0,0,0.5,1.0,0,0.9364754098360656,0.11931443638760708,0.1470006591957811,0.23868312757201646,0.07407407407407407,0.7037037037037037,0.047325102880658436,0.02880658436213992,0.047325102880658436,0.5,0.5,0.5,0.5,0.9364754098360656,0.7315573770491803,0.5717213114754098
2024-10-17,15.28,15.57,15.13,15.18,3654162.0,15.296,15.811999999999998,15.122,14.912333333333333,-0.0075836820083683,-0.0399696433088792,0.0038354714984789,0.0179493484140644,15.122,17.010420113829333,13.233579886170668,0.5153567523253211,0.2497579835758292,0.000659195781147,-0.05125,0.0375939849624058,0.0397260273972603,0.0419403565667774,0.0584474194646727,0.0430682329763069,57.35475895175566,0.2571599767625461,0.2846927716893572,-0.0275327949268111,-42231751.0,65.8871924584314,0.8464285714285713,0.523982895025563,0.3395721925042895,0.2639455782277013,0.1001317523056652,0.000659195781147,0.0430682329763069,57.35475895175566,0.2047249234469825,0.0,0.0,0.0,0.5,-0.5397063771078556,-0.5621564981839589,-0.4935738772687965,-0.5860588142396363,-0.7310788128578878,-0.5647666694012644,-0.3918571810587014,-0.6609838647281208,-0.9084668659524018,-0.0839869079775086,-0.4324840864884409,0.2543394630428296,0.7118739378947556,-0.6609838647281208,-0.6499551404433329,-0.4938336775893352,0.2055908744510651,-0.2850592764578419,0.0355724697196206,-0.4373938441012714,0.3420107844373266,0.4898333945717186,0.0962909988005713,0.7802942391813935,0.0467099765276519,0.692677052697396,1.0417186458776273,1.3313116433501957,-0.1484566826272027,0.8805837910446669,0.7723748197378328,-0.2940804181430895,-0.6084914427425615,-0.0976483368286105,0.1012817038077491,0.0355724697196206,0.0467099765276519,0.692677052697396,-0.0271275582065309,0.0,0.0,0.0,0.0,其他,0,0,0.5,1.0,0,0.8586065573770492,0.1620553359683794,0.11198945981554664,0.29012345679012347,0.053497942386831275,0.676954732510288,0.11728395061728394,0.06172839506172839,0.09670781893004116,0.5,0.5,0.5,0.5,0.8586065573770492,0.735655737704918,0.49385245901639346
2024-10-18,15.49,16.7,15.4,16.7,10243367.0,15.63,15.946000000000002,15.223499999999998,14.966333333333331,0.0684580934101086,0.0472845854759813,0.0969882090189511,0.11583776921535,15.223499999999998,17.224492122344216,13.22250787765578,0.8689419821861533,0.2628820077289814,0.1001317523056652,0.1111111111111111,0.0872395833333332,0.1383776414451261,0.0532844231637925,0.0645511983078539,0.0482592574258657,64.63798530005317,0.3444563435806973,0.2966454860676252,0.047810857513072,-31988384.0,71.3708952837982,0.9321428571428568,1.4544801303024375,0.745989304792888,0.470748299313323,0.0335329341317367,0.1001317523056652,0.0482592574258657,64.63798530005317,1.803205495541796,0.0,0.0,0.0,0.5,-0.4714733188819285,-0.2307087565981899,-0.3956581966522652,-0.0896670126006849,0.1111805260829523,-0.4481113144168176,-0.3427385279095399,-0.6181711300731045,-0.8719502830119854,1.2430325036785286,0.6886298528016795,1.2685870928308671,1.7306653061691828,-0.6181711300731045,-0.5866794436570061,-0.4974231862569641,1.3117979353658085,-0.1957642976006261,2.074450195731992,0.9907635195045948,0.7179703207716499,1.1563751186406837,0.5396103584798495,1.0640047709828828,0.3594232443783349,1.1674189514018862,1.2157138540164094,1.3515741330779478,0.1808683143616674,1.1668994002359812,1.1378819906867224,-0.1540814921510725,0.596023395263886,1.152198664502961,1.1837503647346832,2.074450195731992,0.3594232443783349,1.1674189514018862,0.5696642021199017,0.0,0.0,0.0,0.0,其他,0,0,0.5,1.0,0,0.3975409836065574,0.0005988023952097077,-0.03293413173652704,0.944558521560575,0.30246913580246915,0.8415637860082305,0.5720164609053497,0.8930041152263375,0.831275720164609,0.5,0.5,0.5,0.5,0.3975409836065574,0.2151639344262295,0.06762295081967214
2024-10-21,17.01,17.28,16.66,16.79,15214599.0,15.826,15.951,15.3235,15.025,0.0609124225957284,0.0525985831609303,0.0957026788918979,0.1174708818635605,15.3235,17.430373712898966,13.21662628710103,0.848027504196575,0.2749859644187318,0.0053892215568862,0.0619860847564832,0.0029868578255676,0.1352265043948615,0.0508495768443486,0.0581959033920382,0.0482615448658707,64.03415153792446,0.4161049905929666,0.3205373869726935,0.095567603620273,-16773785.0,74.4668745993131,0.947142857142857,2.0495838588491244,0.7700534759152393,0.4829931972723401,0.0905300774270398,0.0053892215568862,0.0482615448658707,64.03415153792446,0.4853123001450596,0.0,0.0,0.0,0.5,0.0130637848006165,-0.0603457133246505,0.0568465587403257,-0.0600695906680501,0.7455423959617579,-0.3792293742656632,-0.3399705985024518,-0.5761379828703063,-0.8331772430995501,1.1045889309389023,0.7541284859319737,1.245842655592057,1.7239230659886895,-0.5761379828703063,-0.5259665110644396,-0.4985518759891936,1.2374037002435845,-0.1133929336262504,0.1221571248574619,0.5553120093264228,0.0741592607597477,1.1278725299239467,0.4425854806167024,0.7594861943400049,0.358468131396563,1.1208451219903688,1.3549788002534369,1.4006495551265543,0.3893073666519745,1.5880490223909174,1.338122117434661,-0.1292490419765118,1.3585995622436655,1.218340397943132,1.2374542163264473,0.1221571248574619,0.358468131396563,1.1208451219903688,0.075082174875633,0.0,0.0,0.0,0.0,其他,0,0,0.5,1.0,0,0.6475409836065574,0.01846337105419904,-0.058368076235854605,0.8973305954825462,0.2736625514403292,0.831275720164609,0.691358024691358,0.977366255144033,0.8292181069958847,0.5,0.5,0.5,0.5,0.6475409836065574,0.26639344262295084,0.0778688524590164
2024-10-22,16.66,16.86,16.41,16.69,8148973.0,16.106,15.855,15.403,15.078166666666668,0.036259778964361,0.0526647745190791,0.0835551515938453,0.1068984956172831,15.403,17.592728173468945,13.213271826531056,0.7938720923249942,0.2843248943004257,-0.0059559261465156,0.0915631131458472,-0.0543909348441924,0.1052980132450331,0.0459517415445475,0.0551945462677573,0.0482407409616792,62.323561336888936,0.4595208260365258,0.34833407478546,0.1111867512510657,-24922758.0,67.70231322370043,0.9357142857142856,1.1105391908453,0.7433155080015162,0.4693877550956548,0.0425404433792688,-0.0059559261465156,0.0482407409616792,62.323561336888936,-0.4643977800532238,0.0,0.0,0.0,0.5,-0.0985477824495946,-0.1834474584553775,-0.0331035786405818,-0.0926461036184101,-0.1607007529034143,-0.2814093647033943,-0.3735328724304663,-0.5424271779170703,-0.7979481156539037,0.6702171039915596,0.7519815331360777,1.1061883129856511,1.5932354286743964,-0.5424271779170703,-0.4778528982080508,-0.4984878956662896,1.060987261386761,-0.0497735619230389,-0.1118812643457451,0.813465523507205,-0.364233868886991,0.9191674808733368,0.2490312889141165,0.6148084617439777,0.3561253507195038,1.0025705900084996,1.4341476882407542,1.4582863052603263,0.4566383813470858,1.3466400981546216,0.8760244050381727,-0.1475665647696311,0.1411293424901806,1.128885237164773,1.156508145046836,-0.1118812643457451,0.3561253507195038,1.0025705900084996,-0.2813295402161439,0.0,0.0,0.0,0.0,其他,0,0,0.5,1.0,0,0.6086065573770492,0.025763930497303855,-0.019772318753744855,0.8767967145790554,0.06172839506172839,0.8374485596707819,0.5349794238683128,0.720164609053498,0.7510288065843621,0.5,0.5,0.5,0.5,0.6086065573770492,0.2848360655737705,0.14549180327868852
2024-10-23,16.69,17.2,16.6,17.2,12685596.0,16.512,15.986,15.5455,15.117333333333333,0.0416666666666665,0.0759414487676717,0.106429513363996,0.1377668019050979,15.5455,17.81614076279883,13.274859237201168,0.8643244732984978,0.2921283667664887,0.0305572198921508,0.133816743572841,0.0824417872876022,0.1986062717770034,0.0436013319131969,0.0444802212459907,0.046667403421812,63.51209252482472,0.528983133138837,0.3844638864561355,0.1445192466827015,-12237162.0,69.82138623909943,0.9485714285714284,1.6597155958102976,0.8796791443615061,0.5387755101967513,-0.0127906976744185,0.0305572198921508,0.046667403421812,63.51209252482472,0.5567110113139411,0.0,0.0,0.0,0.5,-0.0887214155206057,-0.0829832088775011,0.0354013841016933,0.0748738209344795,0.4216146445403203,-0.1399853786911798,-0.3252470670646554,-0.483675995641345,-0.7710821797663795,0.7621046071321439,1.047235617577316,1.346303717927473,1.886026278091081,-0.483675995641345,-0.4123901244091151,-0.4674797969239075,1.2735127393028236,0.0034082932349711,0.6418597678522758,1.180345034132594,0.6835261103429805,1.5416547499198447,0.1558500411719248,0.1049906667653389,0.2595907827432117,1.0750735109742071,1.5644607408320068,1.5349076948458218,0.6014898956623262,1.6911995647705738,1.0142574157133788,-0.1261366391498398,0.8508687722366253,1.5354990784092797,1.5044734967186193,0.6418597678522758,0.2595907827432117,1.0750735109742071,0.1032894852783901,0.0,0.0,0.0,0.0,其他,0,0,0.5,1.0,0,0.1926229508196721,-0.019767441860465085,-0.021511627906976805,0.9342915811088296,0.3765432098765432,0.7983539094650206,0.7654320987654321,0.9074074074074074,0.8539094650205762,0.5,0.5,0.5,0.5,0.19262295081967212,0.09221311475409837,0.11885245901639344
2024-10-24,17.15,17.17,16.54,16.7,7313658.0,16.816,16.056,15.6655,15.162333333333333,-0.0068981921979067,0.0401096163428,0.0660368325300819,0.1014135906962427,15.6655,17.912542266484518,13.41845773351548,0.7301914866838372,0.2868778227915067,-0.0290697674418605,0.1001317523056652,0.0437499999999999,0.1678321678321677,0.049566516151892,0.0460786311526546,0.04740515354295,57.2198275775746,0.5374908348779286,0.4150692761404941,0.1224215587374344,-19550820.0,63.23995913667561,0.9285714285714284,0.9474559915001166,0.745989304792888,0.470748299313323,0.0562874251497007,-0.0290697674418605,0.04740515354295,57.2198275775746,-0.4234675296296681,0.0,0.0,0.0,0.5,0.0588558468188305,-0.0916294558826845,0.0136557435760985,-0.0897205954894313,-0.2700289122711868,-0.0340138836198974,-0.2990546946874182,-0.4340750855380075,-0.7411067245639515,-0.0906646819041945,0.5822756769916565,0.9009138202828966,1.4929517456382524,-0.4340750855380075,-0.3834714775582182,-0.3973559922245279,0.8486119711559024,-0.0323914684927146,-0.5924573288386222,0.8786766437313512,0.3850109898611402,1.3226832115753882,0.3907994124793456,0.1807289966697929,0.3037401175122512,0.6570846493406955,1.568734121229614,1.5964273794499262,0.5024795037676759,1.472887724493943,0.5664465974633758,-0.1586263427785278,-0.0752022086506897,1.1180045622956898,1.139421796752526,-0.5924573288386222,0.3037401175122512,0.6570846493406955,-0.2663612907234755,0.0,0.0,0.0,0.0,其他,0,0,0.5,1.0,0,0.5799180327868853,0.023353293413173715,0.0005988023952097077,0.8583162217659137,0.38271604938271603,0.8045267489711934,0.5781893004115226,0.7386831275720165,0.720164609053498,0.5,0.5,0.5,0.5,0.5799180327868853,0.13319672131147542,0.15778688524590165
2024-10-25,16.74,17.29,16.74,17.26,9224320.0,16.927999999999997,16.279,15.829000000000002,15.193333333333332,0.0196124763705105,0.0602616868358008,0.0904036894307915,0.1360245721807811,15.829000000000002,18.03827137310008,13.61972862689993,0.8238624320536995,0.2791422544805251,0.0335329341317367,0.0335329341317367,0.1483699268130407,0.2337383845604004,0.0261264150948317,0.0403977709199786,0.0471404882652569,53.073286043226666,0.5827035217638095,0.4485961252651573,0.1341073964986521,-10326500.0,62.417637240055214,0.8678571428571425,1.1647425910312803,0.8957219251097408,0.5469387755027629,-0.0318655851680186,0.0335329341317367,0.0471404882652569,53.073286043226666,0.2612457405035893,0.0,0.0,0.0,0.5,-0.0729496245914298,-0.0559376764876258,0.0860003040265426,0.0950829766915343,-0.0231725540105608,0.0050814881050436,-0.2174652450166746,-0.3671162229167269,-0.7194400437662292,0.3750663026285527,0.8395052676557716,1.1598723660584158,1.8230163804410893,-0.3671162229167269,-0.3461708734965714,-0.2996997307468664,1.1359289124403291,-0.0851766055920494,0.7049949508239997,0.2887790013776801,1.1836862112998388,1.7505604935074974,-0.5370451659776445,-0.0905621806043813,0.2867251390161568,0.3817117198020761,1.646641056330201,1.6634189095642646,0.552402286450719,1.7166586101326302,0.5089992712235624,-0.258070395830302,0.2075530168104585,1.5633601594022262,1.520773049785887,0.7049949508239997,0.2867251390161568,0.3817117198020761,-0.007054698495584,0.0,0.0,0.0,0.0,其他,0,0,0.5,1.0,0,0.2254098360655737,0.017960602549246696,-0.07184241019698734,0.39630390143737165,0.5390946502057613,0.7921810699588477,0.6790123456790124,0.7263374485596708,0.7551440329218106,0.5,0.5,0.5,0.5,0.22540983606557377,0.23155737704918034,0.08811475409836066
2024-10-28,17.7,18.58,17.31,18.31,14502811.0,17.232,16.529,16.049,15.245,0.0625580315691736,0.1077500151249317,0.1408810517789269,0.2010495244342407,16.049,18.3288420997954,13.769157900204595,0.9958676743672992,0.2841101750615237,0.0608342989571262,0.0905300774270398,0.1581277672359264,0.3163191948238677,0.0354371991554961,0.0414001003699835,0.0481899520127983,53.837209293561386,0.6952467472485626,0.4979262496618384,0.1973204975867242,4176311.0,62.50220684150285,0.8278571428571423,1.712121762237186,0.9999999999759036,0.6897959183579618,-0.0660841070453303,0.0608342989571262,0.0481899520127983,53.837209293561386,0.5722363274474433,0.0,0.0,0.0,0.5,0.2362264369127067,0.3263669804318891,0.2925115529278618,0.4415912207560539,0.6580437538443646,0.1112192300882816,-0.1260986117910189,-0.277508751684684,-0.6860222310930223,1.1265487806168415,1.4433774977617446,1.6933297190450032,2.430561834507345,-0.277508751684684,-0.2613975636086068,-0.227036740490018,1.659202428158804,-0.0509090277936562,1.2646719914451268,0.7909646520501032,1.2506685852170356,2.2698036400378108,-0.166749296043099,-0.042428644587907,0.3500623970205693,0.4310508280021757,1.856544032508408,1.7662491016681978,0.8289239895005015,2.0963538548850296,0.5131016205815567,-0.3233009952279774,0.9186411628766922,1.860130348071004,2.2194692453376934,1.2646719914451268,0.3500623970205693,0.4310508280021757,0.1107299408478721,0.0,0.0,0.0,0.0,其他,0,0,0.5,1.0,0,0.1067761806981519,-0.025669033315128265,-0.10922992900054618,0.6481481481481481,0.711340206185567,0.8041237113402062,0.7422680412371134,0.8721649484536083,0.8185567010309278,0.5,0.5,0.5,0.5,0.10677618069815195,0.07802874743326489,0.07392197125256673
2024-10-29,18.6,18.65,17.33,17.4,10768440.0,17.374000000000002,16.740000000000002,16.211000000000002,15.2835,0.0014964890065614,0.0394265232974908,0.0733452593917707,0.138482677397193,16.211000000000002,18.38360357999084,14.038396420009164,0.773634824795706,0.2680406612765944,-0.0496996176952485,0.0425404433792688,0.1379986919555265,0.2288135593220337,0.0464974693108891,0.0438532224260258,0.0502956397702733,59.74193547307887,0.7029060123362463,0.53892220219672,0.1639838101395262,-6592129.0,61.25233234544396,0.796428571428571,1.2247221306264502,0.7660668380265792,0.5659863945501225,-0.0160919540229883,-0.0496996176952485,0.0502956397702733,59.74193547307887,-0.2574929094780315,0.0,0.0,0.0,0.5,0.5257006933953069,0.3462842522729161,0.2990281807847791,0.139275927673276,0.1734313236504285,0.1606467228067198,-0.0489427973011578,-0.2113669794727926,-0.6604484259800719,0.04977000240704,0.5590332378506007,0.9551317698773208,1.7761552648498986,-0.2113669794727926,-0.2448442875679507,-0.0966604976448505,0.960124978138369,-0.1611819504375039,-1.025032097282482,0.364098072681072,1.0900142116288625,1.6692954372964324,0.2729676699372522,0.0752226051558749,0.477981743032569,0.8197891756573077,1.8522858862255536,1.8461951437489137,0.6788617078662114,1.7786136761985396,0.426678397302043,-0.3743067053090284,0.2804525072757108,1.1424102367477271,1.5653550683341535,-1.025032097282482,0.477981743032569,0.8197891756573077,-0.2044802070555014,0.0,0.0,0.0,0.0,其他,0,0,0.5,1.0,0,0.1536885245901639,-0.002873563218390607,-0.09195402298850563,0.6078028747433265,0.6522633744855967,0.845679012345679,0.5596707818930041,0.6646090534979424,0.7098765432098766,0.5,0.5,0.5,0.5,0.15368852459016394,0.13114754098360656,0.11065573770491803
2024-10-30,17.35,17.51,16.88,16.98,7312855.0,17.330000000000002,16.921,16.339000000000002,15.3125,-0.020196191575303,0.0034867915607825,0.0392312871044737,0.1088979591836734,16.339000000000002,18.363948602336567,14.314051397663436,0.6582756222045656,0.2478668954433161,-0.0241379310344826,-0.0127906976744185,0.119314436387607,0.1775312066574204,0.0466594740917629,0.0450355168476755,0.0508873418930226,56.07940445676041,0.6673922650681412,0.5646162147710043,0.1027760502971368,-13904984.0,60.479359713616944,0.7942857142857143,0.8285640949920154,0.6385869565043865,0.508843537408043,-0.0070671378091873,-0.0241379310344826,0.0508873418930226,56.07940445676041,-0.3208993131781391,0.0,0.0,0.0,0.5,0.1204548119567432,0.0062197370167563,0.1343580977408942,-0.0004246307537594,-0.2749523877617136,0.1448162273558666,0.0172610847071077,-0.1590088412175805,-0.6405497840683541,-0.3327637628457586,0.0937771772451673,0.5825625268495744,1.465301963042373,-0.1590088412175805,-0.2498698020891536,0.0368145123294188,0.5975760686509614,-0.2996691309149192,-0.492973844803635,-0.1276456060245937,0.9420850140615952,1.3193403665091636,0.2787081288034727,0.1318258803992565,0.5127444718852742,0.5743820509522766,1.763201851160273,1.8875480756706589,0.4062047887134875,1.563149291395646,0.3728420708093398,-0.3767840210826456,-0.2382288085989367,0.7523202243419015,1.2624057594716729,-0.492973844803635,0.5127444718852742,0.5743820509522766,-0.2280939190965385,0.0,0.0,0.0,0.0,其他,0,0,0.5,1.0,0,0.2049180327868852,0.02473498233215543,-0.06183745583038869,0.19096509240246407,0.49588477366255146,0.8477366255144033,0.44763860369609854,0.5493827160493827,0.5185185185185185,0.5,0.5,0.5,0.5,0.20491803278688525,0.2889344262295082,0.15778688524590165
2024-10-31,17.34,17.99,17.25,17.64,8857509.0,17.518,17.167,16.4895,15.353166666666665,0.006964265327092,0.0275528630512027,0.0697716728827435,0.1489486425167447,16.4895,18.425088853689203,14.553911146310796,0.7971963797289505,0.2347662274389721,0.03886925795053,0.0562874251497007,0.1620553359683794,0.2057416267942584,0.0465916667948552,0.0455631352458032,0.0513048590098762,66.83870966534528,0.6846120631175197,0.5886153844403074,0.0959966786772122,-5047475.0,65.99086366673856,0.7778571428571427,0.9869364345892038,0.7957317072928136,0.5986394557741682,-0.0311791383219954,0.03886925795053,0.0513048590098762,66.83870966534528,0.2112244807260639,0.0,0.0,0.0,0.5,0.1169296096338686,0.1493809595909269,0.2691267500562159,0.2190898093817975,-0.0735975350867053,0.2105696746807393,0.10725558565051,-0.0975341715068646,-0.6140016145549859,0.1479756482590174,0.4047788042306637,0.9105397714312584,1.837049603512987,-0.0975341715068646,-0.2314271601697485,0.1529405467388824,1.0268826024548086,-0.3892102822383526,0.8140703403255287,0.4866850755918686,1.2622797669827766,1.4935517727204453,0.2752841096046193,0.1569007594764258,0.5367208194895172,1.2822946787258136,1.7800689095808166,1.9235142561381031,0.3750645946942851,1.7897069509095267,0.7469961567600197,-0.4029567765654389,-0.0300254701361366,1.222005715109676,1.698580221493039,0.8140703403255287,0.5367208194895172,1.2822946787258136,-0.024634177539541,0.0,0.0,0.0,0.0,其他,0,0,0.5,1.0,0,0.0920245398773006,-0.043083900226757454,-0.10430839002267578,0.5758196721311475,0.6837782340862423,0.8603696098562629,0.5307377049180327,0.5236139630390144,0.6180698151950719,0.5,0.5,0.5,0.5,0.09202453987730061,0.16973415132924335,0.09611451942740286
2024-11-01,18.0,18.14,16.69,16.71,8420888.0,17.408,17.168,16.557,15.373166666666666,-0.0400965073529412,-0.0266775396085739,0.0092408044935679,0.0869588785654658,16.557,18.419517820472738,14.694482179527258,0.5410734324966249,0.224982523459744,-0.0527210884353741,-0.0318655851680186,0.0005988023952097,0.087890625,0.0522005674193128,0.0394487454402454,0.0522947523500874,55.69620252177537,0.6161134815766793,0.5941150038675818,0.0219984777090975,-13468363.0,60.04557033337556,0.8257142857142854,0.9439303306705572,0.5121951219356043,0.4721088435309918,0.0514661879114302,-0.0527210884353741,0.0522947523500874,55.69620252177537,-0.0492938816093779,0.0,0.0,0.0,0.5,0.3308909503118104,0.1938649064447432,0.0635286840016639,-0.0914682934728447,-0.1302892319373383,0.1712804868033384,0.1073588183426538,-0.0698257385052812,-0.5996372669775201,-0.685186194145471,-0.2992926677402612,0.2509572844859639,1.215287792499945,-0.0698257385052812,-0.2324266127722217,0.2208130191917762,0.2247997542792087,-0.4556801936864992,-1.086485194299473,-0.2998035590216679,0.0237328592614485,0.7125403009168142,0.4986542000725973,-0.1386371145083148,0.5958486634459743,0.5397773842486393,1.629067517164461,1.915331385615472,0.0453554294590373,1.5460411258502988,0.338850587136016,-0.322247790241437,-0.0864659701366822,0.3603105939526462,1.04995431653082,-1.086485194299473,0.5958486634459743,0.5397773842486393,-0.1241570611862417,0.0,0.0,0.0,0.0,其他,0,0,0.5,1.0,0,0.4414784394250513,-0.03351286654697794,-0.04847396768402157,0.2222222222222222,0.5360824742268041,0.843298969072165,0.43209876543209874,0.4556701030927835,0.4329896907216495,0.5,0.5,0.5,0.5,0.4414784394250513,0.21765913757700206,0.1375770020533881
2024-11-04,16.71,17.28,16.5,17.1,4769619.0,17.166000000000004,17.199,16.575,15.400333333333332,-0.0038448095071654,-0.0057561486132914,0.0316742081447964,0.1103655765026732,16.575,18.45186749104644,14.69813250895356,0.6398606993942088,0.2264696821761826,0.0233393177737881,-0.0660841070453303,0.018463371054199,0.0215053763440862,0.0420105991559688,0.0400860352167259,0.0486369595115884,61.64736163625404,0.5865363746818879,0.592599278030443,-0.006062903348555,-8698744.0,60.01170216126943,0.8414285714285711,0.5580869609660352,0.6310975609563697,0.5251700680200659,0.0432748538011695,0.0233393177737881,0.0486369595115884,61.64736163625404,-0.4335966705649096,0.0,0.0,0.0,0.5,-0.0896533960494714,-0.0643032158216939,-0.0063261448562789,0.0390695596969486,-0.6061344603415331,0.0853641915847921,0.1184972383634487,-0.0623064792372883,-0.5811773079637711,-0.0406213650292012,-0.0266906028328932,0.4941731845525707,1.4317385665031817,-0.0623064792372883,-0.2223595727626547,0.2220014510069915,0.5329416852336187,-0.4439832287333312,0.4943331088057943,-0.6041020361549545,0.1607039351072306,0.2728540675930087,0.08918282503969,-0.1074581779246829,0.3682013298392128,0.9317890944099472,1.5576095068724545,1.89122796775718,-0.079743110459286,1.6618227257106974,0.3356013378484263,-0.2951837832759771,-0.5940913814931607,0.7192451384270148,1.3073230471667332,0.4943331088057943,0.3682013298392128,0.9317890944099472,-0.271067479848696,0.0,0.0,0.0,0.0,其他,0,0,0.5,1.0,0,0.3942505133470226,-0.07543859649122808,-0.05789473684210533,0.10493827160493827,0.5793814432989691,0.8268041237113402,0.44238683127572015,0.18969072164948453,0.49690721649484537,0.5,0.5,0.5,0.5,0.3942505133470226,0.1273100616016427,0.08624229979466119
2024-11-05,17.01,17.2,16.84,17.12,6662506.0,17.11,17.242,16.5485,15.402,0.000584453535944,-0.0070757452731701,0.0345348521013988,0.1115439553304766,16.5485,18.37577032540477,14.721229674595234,0.6563808025525084,0.2208381817558964,0.0011695906432749,-0.0160919540229883,0.0257639304973038,-0.0300283286118978,0.036683501435954,0.0399811344766845,0.0470629218087409,62.71186439533293,0.5582746939364505,0.5857343612116445,-0.027459667275194,-2036238.0,63.35650150965435,0.8392857142857139,0.8181190495438513,0.6371951219317935,0.527891156455403,0.0134345794392523,0.0011695906432749,0.0470629218087409,62.71186439533293,0.3968633553329941,0.0,0.0,0.0,0.5,0.0084045800001231,-0.088183425459548,0.1187182704654887,0.0456783189200717,-0.3571463995494921,0.0653282316659415,0.1340603838750187,-0.0729836759853264,-0.5777342211535704,0.0382180245895471,-0.0438167725908018,0.5237510981812824,1.4292263934990956,-0.0729836759853264,-0.2440397430623584,0.2326841415300429,0.5828727319245707,-0.4817087878932369,0.0322492045424042,-0.1555979776670597,0.2164278528986083,-0.0685235963683279,-0.1249774146910325,-0.1122834835699371,0.2697447985392474,0.9977673217672224,1.4902883734192778,1.855623583401829,-0.1750779167679683,1.8247992000398128,0.5638761165614742,-0.2979752055732617,-0.2493582017105781,0.7349329728678246,1.3095876452680464,0.0322492045424042,0.2697447985392474,0.9977673217672224,0.0484507707522812,0.0,0.0,0.0,0.0,其他,0,0,0.5,1.0,0,0.3593429158110883,-0.04439252336448607,-0.0630841121495328,0.1522633744855967,0.38762886597938145,0.8185567010309278,0.4218106995884774,0.20412371134020618,0.32783505154639175,0.5,0.5,0.5,0.5,0.3593429158110883,0.3059548254620123,0.1375770020533881
2024-11-06,17.1,17.24,16.72,16.86,6423400.0,17.086,17.208000000000002,16.597,15.371,-0.0132272035584688,-0.0202231520223153,0.015846237271796,0.0968707305965779,16.597,18.40203506307965,14.791964936920351,0.5728517703955283,0.2175134136372566,-0.0151869158878505,-0.0070671378091873,-0.019767441860465,0.0610446821900565,0.0355772490633336,0.0391194707137782,0.0410984417618628,60.606060595347415,0.5090295069939899,0.5703933903681135,-0.0613638833741236,-8459638.0,59.36255856358376,0.8449999999999996,0.8030944228071715,0.5579268292512829,0.4925170067960201,0.0320284697508896,-0.0151869158878505,0.0410984417618628,60.606060595347415,-0.0358882978867111,0.0,0.0,0.0,0.5,0.0378093232397713,-0.0759369085195539,0.0742131771523012,-0.0417184882979324,-0.387516546132262,0.0566541911959173,0.1211689651395926,-0.0529175140268383,-0.5934760349963505,-0.2079814192196449,-0.2153794810342812,0.3181661085904806,1.2748624772227168,-0.0529175140268383,-0.2356840617180979,0.2666682129719707,0.3190332839667297,-0.5033218842153191,-0.3086302898946941,-0.0743353550713909,-0.1350197525202198,0.5348833207843623,-0.1692080227977245,-0.1539043970717786,-0.1011633600980361,0.8538367522311624,1.383482845857113,1.8017645063205625,-0.3263130833838503,1.6366042954460762,0.2878794224850664,-0.2876160151599322,-0.2685589169641768,0.4916543432608852,1.1230367683837532,-0.3086302898946941,-0.1011633600980361,0.8538367522311624,-0.1182209688468516,0.0,0.0,0.0,0.0,其他,0,0,0.5,1.0,0,0.6180698151950719,-0.001779359430605032,-0.04507710557532607,0.2037037037037037,0.3711340206185567,0.7938144329896907,0.22633744855967078,0.12989690721649486,0.177319587628866,0.5,0.5,0.5,0.5,0.6180698151950719,0.5195071868583162,0.24845995893223818
2024-11-07,16.71,17.09,16.58,17.09,4739901.0,16.976,17.247,16.651500000000002,15.312666666666669,0.0067153628652214,-0.0091030324114338,0.0263339639071553,0.1160694849579868,16.651500000000002,18.44643175357717,14.85656824642284,0.6221494909385511,0.2155879955038746,0.0136417556346382,-0.0311791383219954,0.0233532934131737,0.0681249999999999,0.0298548359282128,0.0380690350174856,0.0411530958369767,52.9411764594091,0.4829937669544648,0.5529134656853838,-0.0699196987309189,-3719737.0,54.00480767022635,0.7728571428571426,0.5981436791064263,0.6280487804686573,0.7277882797593989,-0.0122878876535986,0.0136417556346382,0.0411530958369767,52.9411764594091,-0.2620884578260734,0.0,0.0,0.0,0.5,-0.0900772237554123,-0.1210253378353276,0.0223203006118971,0.0357765609153363,-0.6071070912289291,0.0173760387921626,0.1353226996647943,-0.0303861069703907,-0.6252187476372645,0.14869114145051,-0.0693103849696996,0.4320138944563449,1.4480529734969505,-0.0303861069703907,-0.2220049825988004,0.2976258329123158,0.4731220187917101,-0.5151471351278573,0.2940905925683661,-0.2907501089098571,0.1984361104282047,0.5800534394848301,-0.3995703181112136,-0.2047164422049155,-0.0975053647202032,0.3419213126610245,1.3236486514827817,1.7446015825139685,-0.3638219886084454,1.748048867184522,-0.0819726484968282,-0.4078801016910369,-0.5392801563299133,0.7032576720523314,2.26359018441991,0.2940905925683661,-0.0975053647202032,0.3419213126610245,-0.205193937230495,0.0,0.0,0.0,0.0,其他,0,0,0.5,1.0,0,0.7186858316221766,-0.022235225277940307,-0.05324751316559395,0.09053497942386832,0.32989690721649484,0.7855670103092783,0.06790123456790123,0.03909465020576132,0.11728395061728394,0.5,0.5,0.5,0.5,0.7186858316221766,0.5503080082135524,0.3141683778234086
2024-11-08,17.22,17.8,16.83,17.57,10167133.0,17.148000000000003,17.278,16.7785,15.296666666666663,0.0246092838815019,0.0169001041787244,0.0471734660428524,0.1486162562649815,16.7785,18.44521785886281,15.111782141137189,0.7374427068497028,0.198673046917529,0.0280866003510824,0.0514661879114302,0.0179606025492466,0.1689953426480372,0.0175389645502573,0.0376194152721917,0.0385059987893106,55.55555554447611,0.4953817892161609,0.5414071303915392,-0.0460253411753782,6447396.0,52.22073192233585,0.7978571428571427,1.247197338777963,0.7643312101667414,0.8540433924880861,-0.080819578827547,0.0280866003510824,0.0385059987893106,55.55555554447611,1.1450095687652548,0.0,0.0,0.0,0.5,0.0776371195349774,0.0939979834394691,0.1148433478295586,0.1975820977501383,0.1077556497153874,0.0786899239480718,0.1465061768002717,0.02201794587207,-0.6319224493230217,0.4684497714816855,0.2719903062520458,0.6588964567458057,1.7423734036302625,0.02201794587207,-0.2217825079299356,0.4221837690411696,0.8340583235307976,-0.6314528299960109,0.595245585435845,0.4538928792989338,0.1561923967341977,1.2446090282911515,-0.8949050333536868,-0.226167518971441,-0.262363106473709,0.5150044407177212,1.33941828757576,1.7025337967658447,-0.2555919482246123,1.9980036056582928,-0.2049795446470279,-0.3647124448299953,0.324263700268535,1.1138976139073549,2.8094628945825337,0.595245585435845,-0.262363106473709,0.5150044407177212,0.3392346333048553,0.0,0.0,0.0,0.0,其他,0,0,0.5,1.0,0,0.2397540983606557,-0.0882185543540126,-0.08025042686397266,0.4394250513347023,0.5893223819301848,0.7597535934291582,0.12525667351129363,0.5051334702258727,0.35728952772073924,0.5,0.5,0.5,0.5,0.23975409836065573,0.28688524590163933,0.13524590163934427
2024-11-11,17.72,17.86,17.48,17.84,9214159.0,17.296,17.231,16.880000000000003,15.316,0.0314523589269195,0.0353432766525447,0.0568720379146918,0.1647949856359363,16.880000000000003,18.545627746368712,15.214372253631293,0.7881796373811937,0.1973492590472561,0.0153671030165054,0.0432748538011695,-0.0256690333151282,0.1283997469955724,0.0163704589584836,0.0321206253989532,0.0371844026155411,57.99721834753878,0.5209805887566681,0.537321822064565,-0.0163412333078969,15661555.0,59.31274109172561,0.7928571428571427,1.1067026866912095,0.8503184713104998,0.9072978303568582,-0.1137892376681614,0.0153671030165054,0.0371844026155411,57.99721834753878,-0.093730848214536,0.0,0.0,0.0,0.5,0.2420320905707892,0.1119713278716603,0.3557301161527386,0.2883533185911067,-0.018056211593982,0.1314207802888758,0.1286601678468315,0.0638901883860905,-0.6177879418258091,0.5896226522485308,0.5135554388773349,0.762726166616881,1.871976709352469,0.0638901883860905,-0.191532008117689,0.4714229687961513,0.9896721469194392,-0.6384995419093699,0.3272049678998198,0.3788151815519834,-0.1828344326556574,0.9695602297386312,-0.9381546749466584,-0.4946113166567509,-0.3442542264282516,0.6760381533989455,1.3805398730852712,1.6783218569060376,-0.1213420363558615,2.213480161639582,0.2864562930036387,-0.3721393664709935,0.1363790853047115,1.36692441316401,2.972679308903316,0.3272049678998198,-0.3442542264282516,0.6760381533989455,-0.1414702363490622,0.0,0.0,0.0,0.0,其他,0,0,0.5,1.0,0,0.2012320328542094,-0.08576233183856508,-0.09697309417040356,0.39094650205761317,0.5288065843621399,0.7345679012345679,0.19135802469135801,0.6275720164609053,0.42386831275720166,0.5,0.5,0.5,0.5,0.20123203285420946,0.324435318275154,0.13552361396303902
2024-11-12,17.85,17.9,17.19,17.35,6680052.0,17.342000000000002,17.226,16.982999999999997,15.353833333333334,0.0004613078076345,0.0071984209915245,0.0216098451392572,0.1300109636030091,16.982999999999997,18.48097196235431,15.485028037645684,0.6224989549740814,0.176408403974032,-0.0274663677130043,0.0134345794392523,-0.0028735632183906,0.1347285807717464,0.0232079240490308,0.0290882137588985,0.03689910503464,51.04602509463539,0.4960112099110176,0.5290596996338556,-0.0330484897228379,8981503.0,51.46568489038646,0.8007142857142855,0.7950685187810266,0.6942675159014572,0.8106508875579758,-0.0570605187319885,-0.0274663677130043,0.03689910503464,51.04602509463539,-0.2750231464423395,0.0,0.0,0.0,0.5,0.2843234794564178,0.1238683901915764,0.2470425569044289,0.1217046103248804,-0.3525879964788446,0.1475968237096256,0.1264874254789252,0.10638356046298,-0.5928103631193774,0.0315829266308592,0.1415765426784068,0.3728023034567565,1.5224255453763456,0.10638356046298,-0.2101964837585717,0.6033316678243408,0.4640679846384479,-0.7825306479091789,-0.5727642844411699,0.108190983977189,-0.0050424366849247,1.006627869721568,-0.658658500812904,-0.641576235782346,-0.3611639693816338,0.2096536247722245,1.323213512494701,1.6453284451663557,-0.196454141333727,2.013360399045734,-0.2586824279244997,-0.357861044000125,-0.2798835995969929,0.8869143772799655,2.4590551507078966,-0.5727642844411699,-0.3611639693816338,0.2096536247722245,-0.2115274229328628,0.0,0.0,0.0,0.0,其他,0,0,0.5,1.0,0,0.4045174537987679,-0.08933717579250722,-0.0783861671469741,0.3559670781893004,0.48148148148148145,0.7222222222222222,0.09465020576131687,0.18724279835390947,0.16872427983539096,0.5,0.5,0.5,0.5,0.40451745379876797,0.28542094455852157,0.13141683778234087
2024-11-13,17.2,17.5,16.92,17.4,3879604.0,17.45,17.268,17.094500000000004,15.403666666666668,-0.0028653295128939,0.0076441973592771,0.0178712451373246,0.1296011772088894,17.094500000000004,18.33393068424672,15.85506931575329,0.6232420674349143,0.1450092935434745,0.0028818443804032,0.0320284697508896,0.0247349823321554,0.1470006591957811,0.0209905732767856,0.0278140275574236,0.0367499453662632,55.20833332183159,0.4747843606806121,0.5182046318432069,-0.0434202711625947,12861107.0,52.94438051597795,0.7949999999999997,0.4594413078190113,0.7092651756961895,0.8205128204966368,-0.0327586206896551,0.0028818443804032,0.0367499453662632,55.20833332183159,-0.4192254790830969,0.0,0.0,0.0,0.5,0.0687850524559883,0.0017775845721311,0.1458519482058584,0.1384018432223941,-0.7215308854586014,0.1860374838787258,0.1418923620328199,0.1524021641262421,-0.5608502503650139,-0.0283841984840559,0.147124005230073,0.3305810234520199,1.5032137693798753,0.1524021641262421,-0.2533187643520007,0.7836300141066094,0.465028863222342,-0.9984634867376408,0.0669358915760592,0.276366278775936,0.2102713942108851,1.0824823512345223,-0.7460182481645612,-0.7018418820437035,-0.3695163756952495,0.4878049889745051,1.2740251077543598,1.6073210471871962,-0.242893512752286,2.089428942334356,-0.1552192488231166,-0.3665645688568431,-0.7272821408867766,0.9284059238164514,2.450389886875061,0.0669358915760592,-0.3695163756952495,0.4878049889745051,-0.2671266254834935,0.0,0.0,0.0,0.0,其他,0,0,0.5,1.0,0,0.4455852156057495,-0.08448275862068955,-0.08448275862068955,0.6152263374485597,0.5699588477366255,0.7222222222222222,0.15432098765432098,0.05555555555555555,0.1934156378600823,0.5,0.5,0.5,0.5,0.4455852156057495,0.23203285420944558,0.08213552361396304
2024-11-14,17.35,17.55,16.81,16.88,3551255.0,17.407999999999998,17.192,17.1795,15.4445,-0.0303308823529411,-0.018147975802699,-0.0174335690794261,0.0929457088283853,17.1795,18.041943895963016,16.317056104036986,0.3263655169718528,0.1004038413176163,-0.0298850574712643,-0.0122878876535986,-0.0430839002267574,0.1119894598155466,0.0257709046489578,0.0263669137405727,0.0376727523312172,47.155688612871536,0.411261510216633,0.4968160075178921,-0.085554497301259,9309852.0,47.19050648097951,0.8057142857142855,0.4208130618294532,0.1172839506100429,0.7179487179345572,-0.0100710900473932,-0.0298850574712643,0.0376727523312172,47.155688612871536,-0.0846346688991969,0.0,0.0,0.0,0.5,0.1183323394165583,0.0170349179092701,0.1044349415592553,-0.0388570860462295,-0.7624126548435619,0.1704828281215221,0.1130691513008266,0.1873869454647024,-0.5343694143206782,-0.5236441712521479,-0.1945612378622699,-0.060312729051,1.1462581989303604,0.1873869454647024,-0.339540405512853,1.007837228529953,-0.4765089903964309,-1.3035223372105096,-0.6235239187441305,-0.1266613468071266,-0.3202823837923542,0.8458424910087301,-0.550044202541594,-0.770294619729749,-0.3104449443074275,-0.0539865308658069,1.1437854801721898,1.546616056029921,-0.4331542520879463,1.974789456184431,-0.5555445664731571,-0.347414315898207,-0.7760890990514372,-0.8752840260390325,1.9502929443150985,-0.6235239187441305,-0.3104449443074275,-0.0539865308658069,-0.136030576397925,0.0,0.0,0.0,0.0,其他,0,0,0.5,1.0,0,0.3860369609856263,-0.06398104265402837,0.03791469194312791,0.7160493827160493,0.49176954732510286,0.7263374485596708,0.1522633744855967,0.053497942386831275,0.12551440329218108,0.5,0.5,0.5,0.5,0.3860369609856263,0.16837782340862423,0.433264887063655
2024-11-15,16.81,16.94,16.13,16.15,4265744.0,17.124000000000002,17.136,17.152,15.471166666666669,-0.0568792338238731,-0.0575396825396825,-0.0584188432835822,0.0438773201762416,17.152,18.108740079095163,16.19525992090484,-0.0236531958320798,0.1115601771326474,-0.0432464454976303,-0.080819578827547,-0.0335128665469779,-0.032934131736527,0.024525277330234,0.0245310564934313,0.0320340573390603,33.01886791725998,0.2985725378487309,0.45716731358406,-0.158594775735329,5044108.0,36.839286441802685,0.7692857142857145,0.5240374469215934,0.0,0.5739644970300992,-0.0080495356037151,-0.0432464454976303,0.0320340573390603,33.01886791725998,0.2011933809315298,0.0,0.0,0.0,0.5,-0.0612679308873216,-0.1696025534880977,-0.1503617358450194,-0.2876903033145354,-0.6653090057881044,0.0676267489546712,0.0917640406030008,0.175446579943207,-0.5164252642887858,-1.0000638695223452,-0.7157853636139343,-0.5138037315265763,0.6768346005476195,0.175446579943207,-0.3187037155134968,0.9430341021952232,-1.5767900342644436,-1.2177305966647842,-0.9025684231230636,-0.7491051914036965,-0.2445258320663905,-0.1191948521446253,-0.5988998662402581,-0.857399196461989,-0.6647125620352323,-1.0028316117413438,0.9196770065647228,1.4463680069910851,-0.7628788670548767,1.8459125570577728,-1.272073524414295,-0.4083733834050282,-0.6351654149480062,-1.226029894747232,1.2847167706583749,-0.9025684231230636,-0.6647125620352323,-1.0028316117413438,-0.0240038755541944,0.0,0.0,0.0,0.0,其他,0,0,0.5,1.0,0,0.5327868852459017,-0.015479876160990558,0.06439628482972148,0.23613963039014374,0.06365503080082136,0.5872689938398358,0.049281314168377825,0.15605749486652978,0.06981519507186858,0.5,0.5,0.5,0.5,0.5327868852459017,0.26434426229508196,0.5635245901639344
2024-11-18,16.45,16.45,15.62,15.81,3907846.0,16.718,17.006999999999998,17.103,15.494833333333332,-0.0543127168321568,-0.0703827835597106,-0.075600771794422,0.0203401133711238,17.103,18.22407279448124,15.981927205518769,-0.0766797688595495,0.1310966256767441,-0.0210526315789472,-0.1137892376681614,-0.075438596491228,-0.0583680762358546,0.0169417573474069,0.0231888351259194,0.0322930493167908,36.26943004304366,0.1797584145440467,0.4016855337760573,-0.2219271192320106,1136262.0,39.95802986527096,0.7342857142857145,0.5158999658268811,0.0,0.5069033530472014,0.0316255534471852,-0.0210526315789472,0.0322930493167908,36.26943004304366,-0.0839004872303635,0.0,0.0,0.0,0.5,-0.1809464595530928,-0.3193831284632873,-0.3412902441472926,-0.4031067223344771,-0.7105479263673639,-0.0793478654942817,0.0429689063863325,0.1545237884811101,-0.5003431426888877,-0.9494546720390123,-0.8830824746764001,-0.7023718056126471,0.4510943355687558,0.1545237884811101,-0.2833857359628328,0.8337141275525161,-1.727912074038258,-1.0750351187770693,-0.4315927097812085,-1.0451396036299512,-0.5726812210566907,-0.2882613867585159,-0.904374042064556,-0.9197063619019484,-0.64606920386787,-0.7805834601752243,0.6850827525332089,1.312514859928832,-1.0464865261483487,1.7297426480903082,-1.048877500361245,-0.4668036496181266,-0.6439011230872504,-1.218605406621915,0.9744412653735052,-0.4315927097812085,-0.64606920386787,-0.7805834601752243,-0.13563338625238,0.0,0.0,0.0,0.0,其他,0,0,0.5,1.0,0,0.6550308008213552,0.018975332068311035,0.06704617330803297,0.19958847736625515,0.07407407407407407,0.5720164609053497,0.10082304526748971,0.13580246913580246,0.09876543209876543,0.5,0.5,0.5,0.5,0.6550308008213552,0.2997946611909651,0.5215605749486653
2024-11-19,15.88,16.37,15.81,16.36,2994723.0,16.52,16.931,17.0865,15.536333333333332,-0.009685230024213,-0.0337251196030949,-0.0425189477072543,0.0530155120255744,17.0865,18.242341456984416,15.930658543015587,0.1857267942638039,0.1352929455391859,0.0347881087919037,-0.0570605187319885,-0.044392523364486,-0.0197723187537448,0.0307665890442863,0.0267586817003119,0.0333324666440811,44.76351350292754,0.1284965400184248,0.3470477350245309,-0.2185511950061061,4130985.0,45.415888666727206,0.7292857142857143,0.4092772561788969,0.2199999999911997,0.6153846153724777,-0.0342298288508556,0.0347881087919037,0.0333324666440811,44.76351350292754,-0.2336640184899814,0.0,0.0,0.0,0.5,-0.3705735416878044,-0.3431654318599129,-0.2690650056768276,-0.2138704146447268,-0.8290766459675084,-0.1509284071340249,0.0141805545697372,0.1472280414088883,-0.4736577743642253,-0.1404161786948497,-0.3938325718558614,-0.3330370970682476,0.7593529520818303,0.1472280414088883,-0.2771759826836426,0.8050313619307243,-0.8960864004713821,-1.0403412412191255,0.7500749545744112,-0.5257526353271188,-0.3271463395822537,-0.0298956334875454,-0.3395530154274248,-0.7406981911688274,-0.5782683205499131,-0.2065674320251652,0.5829855068939284,1.182473500120121,-1.0264148692719388,1.7895607978828894,-0.6652778849622505,-0.4739940387538802,-0.7845504281020415,-0.546433565683282,1.4533230646475188,0.7500749545744112,-0.5782683205499131,-0.2065674320251652,-0.194118170852716,0.0,0.0,0.0,0.0,其他,0,0,0.5,1.0,0,0.324435318275154,-0.019559902200488977,-0.0024449877750610804,0.40329218106995884,0.1419753086419753,0.588477366255144,0.22633744855967078,0.102880658436214,0.16255144032921812,0.5,0.5,0.5,0.5,0.324435318275154,0.1457905544147844,0.4106776180698152
2024-11-20,16.3,16.89,16.2,16.83,4992496.0,16.406,16.928,17.068,15.580166666666663,0.0258442033402412,-0.0057892249527411,-0.0139442231075699,0.0802195098469207,17.068,18.228029037748925,15.907970962251078,0.3974163610155863,0.1359302833070221,0.028728606356968,-0.0327586206896551,-0.001779359430605,-0.0215116279069768,0.0355458584741305,0.0283148946660027,0.0332452741164462,42.931937162285365,0.1243626312766714,0.302510714274959,-0.1781480829982875,9123481.0,42.51956199645745,0.7064285714285717,0.720163710760702,0.4079999999836794,0.7080867849958955,-0.0534759358288768,0.028728606356968,0.0332452741164462,42.931937162285365,0.6670977582901658,0.0,0.0,0.0,0.5,-0.2293595632232386,-0.1823338991225511,-0.1215479019310566,-0.0521238618850192,-0.561137629951788,-0.1919872956034029,0.0130130085482501,0.1390959196450691,-0.4456553615361546,0.5034455263585427,-0.0210088278614,-0.0140701738376722,1.0131583961141244,0.1390959196450691,-0.28075804740732,0.7906507120969778,-0.2273114055489017,-1.0307246919718551,0.6195367275862158,-0.3027950958022363,0.0093967220242473,-0.0414638250872254,-0.1438660060482188,-0.6615459442447412,-0.5819211423160556,-0.3296595099358039,0.5731988769498687,1.0765646740252244,-0.8392545689229012,1.897277948186868,-0.8643619603621169,-0.5116625835954415,-0.3641003128619913,0.0274115124067191,1.8480176052095183,0.6195367275862158,-0.5819211423160556,-0.3296595099358039,0.1607318478119253,0.0,0.0,0.0,0.0,其他,0,0,0.5,1.0,0,0.1396303901437371,-0.04337492572786672,-0.0005941770647651667,0.44238683127572015,0.11522633744855967,0.5823045267489712,0.18518518518518517,0.6069958847736625,0.3004115226337449,0.5,0.5,0.5,0.5,0.13963039014373715,0.13963039014373715,0.5010266940451745
2024-11-21,16.73,16.8,16.42,16.71,3307647.0,16.372000000000003,16.89,17.0685,15.627,0.0206450036647933,-0.0106571936056838,-0.02100360312857,0.0693031291994625,17.0685,18.22786961092504,15.909130389074958,0.3453901168978819,0.1358490331216274,-0.0071301247771834,-0.0100710900473932,-0.0222352252779403,0.0005988023952097,0.0331184649073464,0.0279778723684399,0.0326109983106912,49.99999998577236,0.110133926559218,0.2640353567318108,-0.1539014301725927,5815834.0,49.75705185429852,0.6321428571428572,0.4913213847104372,0.3599999999856004,0.6844181459431085,-0.054458408138839,-0.0071301247771834,0.0326109983106912,49.99999998577236,-0.337476284407639,0.0,0.0,0.0,0.5,-0.0848374690025705,-0.2096781904705847,-0.0382207448854968,-0.0932767262118091,-0.7832917001072781,-0.2039190959628253,-0.0014282958922532,0.1389684579964444,-0.4159245039907357,0.40779717153679,-0.0859195592053339,-0.0928297733132026,0.9039508692159364,0.1389684579964444,-0.2800837250796496,0.7881562668501326,-0.3908318718065379,-1.026215450330066,-0.1424278608982372,-0.0947019020295203,-0.1521849958126532,0.1069679643168061,-0.2427322446113898,-0.6759669354428809,-0.6202090177324796,0.1492983984745156,0.543710466429243,0.9852725469001844,-0.7263224170729305,1.796509182769434,-0.3567818367894217,-0.6371278699980328,-0.6711740738286263,-0.1191850206010276,1.7210877897690564,-0.1424278608982372,-0.6202090177324796,0.1492983984745156,-0.2357334822519625,0.0,0.0,0.0,0.0,其他,0,0,0.5,1.0,0,0.1639344262295081,-0.03171753441053271,-0.021543985637342833,0.38193018480492813,0.15605749486652978,0.5605749486652978,0.28336755646817247,0.3347022587268994,0.24845995893223818,0.5,0.5,0.5,0.5,0.16393442622950818,0.20901639344262296,0.3790983606557377
2024-11-22,16.7,16.81,16.0,16.02,2880200.0,16.346,16.735,17.0065,15.665666666666668,-0.0199437171173375,-0.042724828204362,-0.0580072325287389,0.0226184650084046,17.0065,18.252162368718643,15.760837631281357,0.1040259283801071,0.1464925021269889,-0.0412926391382406,-0.0080495356037151,-0.0882185543540126,-0.0718424101969873,0.0325099145837737,0.028317803624638,0.032916889343553,39.65517240315758,0.0426882595903954,0.2197659373035277,-0.1770776777131323,2935634.0,51.10757084208516,0.6342857142857142,0.4489831969418136,0.0839999999966397,0.5483234713895795,-0.0074906367041197,-0.0412926391382406,0.032916889343553,39.65517240315758,-0.1292299329402442,0.0,0.0,0.0,0.5,-0.0947209820996841,-0.2061112526789327,-0.1970438493476742,-0.3308104449323698,-0.8372821521916366,-0.2129318432057634,-0.0603450113474499,0.1124611257442964,-0.3911856858836208,-0.3311767680764221,-0.5143171392561277,-0.5063152209847547,0.4559970184063593,0.1124611257442964,-0.272040240827669,0.7117490255846474,-1.1495997818442485,-0.9473250296134612,-0.8668863965838804,-0.07596714604831,-0.6734782856922126,-0.3803211593239987,-0.2670770688686212,-0.6569606476290248,-0.5987655014761442,-0.5521609274163863,0.4100161316618548,0.8817182447352333,-0.8289762408636516,1.7090148455304537,-0.2614021800510214,-0.6313932141739049,-0.7258446239614716,-0.9613506437093768,1.106012836983734,-0.8668863965838804,-0.5987655014761442,-0.5521609274163863,-0.1529179897092506,0.0,0.0,0.0,0.0,其他,0,0,0.5,1.0,0,0.1762295081967213,0.008739076154806513,0.021847690387016394,0.5297741273100616,0.08418891170431211,0.5462012320328542,0.18480492813141683,0.049281314168377825,0.21971252566735114,0.5,0.5,0.5,0.5,0.1762295081967213,0.17827868852459017,0.45491803278688525
2024-11-25,16.15,16.77,16.05,16.31,2895289.0,16.445999999999998,16.582,16.9065,15.714666666666666,-0.0082694880214033,-0.0164033289108673,-0.0352822878774437,0.0378839300865432,16.9065,18.02631718432761,15.786682815672393,0.2336618832200116,0.1324717930170035,0.0181023720349562,0.0316255534471852,-0.085762331838565,-0.1092299290005461,0.0312200366770044,0.0285894131106149,0.0297785945541818,42.622950808802855,0.012493639631554,0.178311477769133,-0.1658178381375789,5830923.0,48.38050937314552,0.6621428571428571,0.4962306262064206,0.2463054187070777,0.605522682433816,-0.012262415695892,0.0181023720349562,0.0297785945541818,42.622950808802855,0.0052388723005347,0.0,0.0,0.0,0.5,-0.2794889606620073,-0.2180334802030382,-0.1776450009472021,-0.2299184316439619,-0.8321881073132767,-0.175887111158594,-0.1184986949324795,0.0698777239729054,-0.3602528137891846,-0.1177084521193975,-0.1605021098088616,-0.250366149006239,0.5998935230520142,0.0698777239729054,-0.3396077384724152,0.722021023587768,-0.7362467007953258,-1.0404226964344276,0.3981560298290859,0.2884987710857005,-0.6518479443272589,-0.6307671747760466,-0.3193599723646818,-0.6414143120458091,-0.7959464788370562,-0.3492134687049129,0.3496693492613823,0.7851538198021009,-0.7748705397210474,1.7656678187746824,-0.4518552307161456,-0.5816290286691765,-0.6595559987610196,-0.4620807769601783,1.349974975693851,0.3981560298290859,-0.7959464788370562,-0.3492134687049129,-0.0993300712405995,0.0,0.0,0.0,0.0,其他,0,0,0.5,1.0,0,0.0983606557377049,-0.012262415695892037,0.040465971796443956,0.6550308008213552,0.06981519507186858,0.4989733059548255,0.36344969199178645,0.23819301848049282,0.3490759753593429,0.5,0.5,0.5,0.5,0.09836065573770492,0.1168032786885246,0.7704918032786885
2024-11-26,16.25,16.31,15.7,15.8,2669500.0,16.334,16.427,16.8265,15.757333333333332,-0.0326925431615034,-0.0381688683265355,-0.0610049624104833,0.002707733965138,16.8265,18.02380003274896,15.629199967251036,0.0713271644826067,0.1423112391456152,-0.0312691600245247,-0.0342298288508556,-0.0893371757925072,-0.0919540229885056,0.0302933220488528,0.0288925615287111,0.0285953366876043,40.76655051270501,-0.0519892515174227,0.1322513319118218,-0.1842405834292446,3161423.0,51.24147295130167,0.6685714285714285,0.4916553679861319,0.0,0.4887983706621428,0.0151898734177213,-0.0312691600245247,0.0285953366876043,40.76655051270501,-0.0779849610867862,0.0,0.0,0.0,0.5,-0.2451453808831297,-0.3602624648856814,-0.310196562819853,-0.4057668003146457,-0.859149165792595,-0.2165179375666755,-0.1774089526994776,0.0357788867156203,-0.3332118714607743,-0.5630865170706993,-0.4521892030839791,-0.5383712005755057,0.2613518509834079,0.0357788867156203,-0.3394793398148094,0.641277589459369,-1.2434956919317537,-0.9670290514811104,-0.6541466733057759,-0.3180879634296804,-0.6780382810971041,-0.5123652109983636,-0.3566715001338248,-0.6243769549415623,-0.8679039990307338,-0.4745185269702405,0.2218687395651818,0.67870003971476,-0.8558141572270512,1.684738149411698,-0.2497542339379375,-0.5688123380251758,-0.6635044332231723,-1.2120173343510925,0.8262878429997064,-0.6541466733057759,-0.8679039990307338,-0.4745185269702405,-0.1321405977209077,0.0,0.0,0.0,0.0,其他,0,0,0.5,1.0,0,0.1454918032786885,0.012025316455696267,0.0898734177215188,0.324435318275154,0.10677618069815195,0.4702258726899384,0.3613963039014374,0.3921971252566735,0.19096509240246407,0.5,0.5,0.5,0.5,0.14549180327868852,0.1598360655737705,0.8545081967213115
2024-11-27,15.94,15.95,15.32,15.93,2552800.0,16.154,16.28,16.773999999999997,15.798166666666669,-0.0138665346044323,-0.0214987714987715,-0.0503159651842135,0.0083448501408391,16.773999999999997,18.03343011339491,15.514569886605084,0.1649278149537781,0.1501645538795047,0.0082278481012658,-0.0534759358288768,-0.0844827586206895,-0.0618374558303886,0.0252961467721896,0.029183548331964,0.0283354075313379,39.716312046878905,-0.0915471948652104,0.0874916265564153,-0.1790388214216258,5714223.0,53.139881239335466,0.6771428571428569,0.4917161062575623,0.0637254901929541,0.5152749490730087,0.0106716886377904,0.0082278481012658,0.0283354075313379,39.716312046878905,-0.0437160516950739,0.0,0.0,0.0,0.5,-0.3492374195098658,-0.471231670476342,-0.4540125209756198,-0.3597238563950592,-0.8714505494053574,-0.2820915317992812,-0.2332418016297514,0.0133725312696816,-0.3073260684552905,-0.217493549306495,-0.2269078270156315,-0.4166577311266465,0.3146231425217958,0.0133725312696816,-0.3356707781161446,0.5821497057746617,-0.94285508079456,-0.9080759093486844,0.1899484482468064,-0.4945859998926536,-0.637350868146572,-0.307483166687489,-0.56143722417562,-0.6080123019300102,-0.8808070942601836,-0.5446764321845666,0.1432997726470001,0.575569791186736,-0.8290062797550322,1.7331044825811222,-0.1154959149216983,-0.5523585141935036,-0.6611840976131284,-1.0115290719067525,0.939113550639916,0.1899484482468064,-0.8808070942601836,-0.5446764321845666,-0.1182214770082595,0.0,0.0,0.0,0.0,其他,0,0,0.5,1.0,0,0.3709016393442623,0.0,0.021343377275580666,0.13963039014373715,0.1540041067761807,0.4681724845995893,0.48459958932238195,0.19917864476386038,0.16427104722792607,0.5,0.5,0.5,0.5,0.3709016393442623,0.11270491803278689,0.7459016393442623
2024-11-28,15.87,16.08,15.77,15.8,1943504.0,15.972000000000005,16.172,16.682,15.838166666666668,-0.0107688454795894,-0.0230027207519168,-0.0528713583503175,-0.0024097906954719,16.682,17.943888309345464,15.420111690654531,0.1505237454523462,0.1512874127008635,-0.0081607030759572,-0.054458408138839,-0.0639810426540283,-0.1043083900226757,0.0252642473544142,0.0281986934032157,0.0265930386946619,33.270321352253546,-0.1318669828510366,0.0436199046749249,-0.1754868875259616,3770719.0,45.817454331246886,0.6299999999999996,0.4010604151749888,0.0,0.4670912951068561,0.0240506329113923,-0.0081607030759572,0.0265930386946619,33.270321352253546,-0.2386775305546851,0.0,0.0,0.0,0.5,-0.3720686414299944,-0.429549580179463,-0.2813579458474761,-0.403967299997498,-0.9491649551726792,-0.348351957941066,-0.2740976605461834,-0.0258693641014657,-0.2819817864606659,-0.1602326976424412,-0.2466437838494198,-0.4442928965961034,0.2101818613786898,-0.0258693641014657,-0.362030200896517,0.5332610929022723,-0.9839286127717218,-0.8964036401033201,-0.1608510627521122,-0.5022988544759798,-0.4725474291156761,-0.5940205687764192,-0.5611354235622957,-0.6549996408893084,-0.9876169308290276,-0.9815000900655866,0.0632328890472488,0.4747136546361428,-0.8098674813136221,1.6711366984545772,-0.6314798694335049,-0.6318987236228262,-0.7815947276841579,-1.200256096849261,0.7211815318370671,-0.1608510627521122,-0.9876169308290276,-0.9815000900655866,-0.1956644802582861,0.0,0.0,0.0,0.0,其他,0,0,0.5,1.0,0,0.5491803278688525,0.1088607594936708,0.030379746835442978,0.162217659137577,0.09240246406570841,0.42299794661190965,0.23408624229979466,0.059548254620123205,0.14784394250513347,0.5,0.5,0.5,0.5,0.5491803278688525,0.7786885245901639,0.7766393442622951
2024-11-29,15.75,16.0,15.67,15.9,2128789.0,15.948,16.147,16.6415,15.8765,-0.00300978179082,-0.015296959187465,-0.0445572814950575,0.0014801751015651,16.6415,17.95071069029341,15.33228930970659,0.2168141058122959,0.1573428705688239,0.0063291139240506,-0.0074906367041197,-0.0154798761609905,-0.0484739676840215,0.0191744652557085,0.0251623275865967,0.0242046974854393,31.05468749150843,-0.1539765948188787,0.0041006047761642,-0.1580771995950429,5899508.0,32.902451765029184,0.626428571428571,0.4697956606727062,0.0490196078407341,0.4596412555950755,0.0163522012578616,0.0063291139240506,0.0242046974854393,31.05468749150843,0.0953355382854885,0.0,0.0,0.0,0.5,-0.4118126004556362,-0.4534024475632238,-0.318906205766251,-0.3682010510918532,-0.9206874472415096,-0.3563459104284119,-0.2830480063993099,-0.0431113260074608,-0.2576841606811135,-0.0173610762762176,-0.1419903130625255,-0.3492434648457519,0.247085987742341,-0.0431113260074608,-0.359001846666489,0.4878171561207392,-0.771048836870449,-0.8505004307168214,0.1499478896025771,-0.0666728733231793,-0.0848711043107807,-0.2137364469127141,-0.8104753746329275,-0.8035834992656824,-1.1342421437554584,-1.1273327398735118,0.0192668038126879,0.3838972742000209,-0.7277814718607412,1.7091581216128655,-1.5345536508975026,-0.6360586397212236,-0.685621418848949,-1.0448047432447876,0.6850408210102799,0.1499478896025771,-1.1342421437554584,-1.1273327398735118,-0.0618258519836575,0.0,0.0,0.0,0.0,其他,0,0,0.5,1.0,0,0.4036885245901639,0.0811320754716982,0.03144654088050314,0.17453798767967146,0.13347022587268995,0.39630390143737165,0.19096509240246407,0.039014373716632446,0.11498973305954825,0.5,0.5,0.5,0.5,0.4036885245901639,0.7909836065573771,0.7827868852459017
2024-12-02,16.01,16.12,15.93,16.11,2348686.0,15.907999999999998,16.177,16.592,15.914166666666668,0.012698013578074,-0.004141682635841,-0.0290501446480231,0.0123055977378645,16.592,17.90307990844013,15.280920091559867,0.3161820660477205,0.1580375974484365,0.0132075471698112,-0.012262415695892,0.018975332068311,-0.0578947368421053,0.0180231505061528,0.0244934358213425,0.0237436475662578,37.19008263387058,-0.1527920848070891,-0.0272779331404864,-0.1255141516666027,8248194.0,41.67979600517626,0.5914285714285713,0.5325502565981515,0.1519607843062758,0.4999999999886363,0.0,0.0132075471698112,0.0237436475662578,37.19008263387058,0.1032967569824909,0.0,0.0,0.0,0.5,-0.3225537183331425,-0.4147701948749736,-0.2186491178688514,-0.2941526585941433,-0.8878232389247271,-0.3702412915738413,-0.2708257649223818,-0.0642079903364543,-0.2338178568999049,0.2717999138237212,0.0093568759137349,-0.1728874136789987,0.3510336030029896,-0.0642079903364543,-0.3726093087467303,0.4607183209146155,-0.4546819580242184,-0.8422739289844542,0.297263627968575,-0.1107696646047404,0.1905748233567829,-0.2772623984792547,-0.854973995752948,-0.8338385900581184,-1.1573535049769743,-0.7052083992703836,0.0215792379694942,0.3116777855102718,-0.5769233995780791,1.7515075722527855,-0.9109464587174864,-0.6944462768692155,-0.5981556034946778,-0.7266020415600338,0.8611648264109447,0.297263627968575,-1.1573535049769743,-0.7052083992703836,-0.0585067990643608,0.0,0.0,0.0,0.0,其他,0,0,0.5,1.0,0,0.5061601642710473,0.0471756672873993,-0.02669149596523901,0.09670781893004116,0.0823045267489712,0.3786008230452675,0.20781893004115226,0.05761316872427984,0.12139917695473251,0.5,0.5,0.5,0.5,0.5061601642710473,0.757700205338809,0.6386036960985626
2024-12-03,16.12,16.19,15.92,16.04,2146403.0,15.956,16.145,16.538,15.948666666666666,0.0052644773126095,-0.0065035614741406,-0.030112468254928,0.0057267065167412,16.538,17.846476011887034,15.229523988112966,0.3097022813155073,0.1582387243776904,-0.0043451272501552,0.0151898734177213,-0.0195599022004889,-0.0630841121495328,0.008959718453059,0.0216625572704458,0.0237282635285923,36.00823044230213,-0.1557068750715586,-0.0529637215267009,-0.1027431535448577,6101791.0,43.63726908347792,0.5692857142857143,0.5129466573144367,0.1176470588177616,0.4840909090799069,-0.0031172069825435,-0.0043451272501552,0.0237282635285923,36.00823044230213,-0.0861260296182631,0.0,0.0,0.0,0.5,-0.2843879146903649,-0.391841443296336,-0.2220009949021871,-0.3179150545537122,-0.911389359570391,-0.351587890447714,-0.28253069216626,-0.0872367079377505,-0.2119167008972027,0.1340880009242925,-0.0227133176344358,-0.1845285180527716,0.2861461520305811,-0.0872367079377505,-0.3889505589245266,0.4336646854973384,-0.4739283160190244,-0.8375608086521837,-0.080994492224639,0.1445551921336494,-0.1183791899926416,-0.3119219550504789,-1.2242689730725331,-0.971137710463499,-1.15207457337992,-0.7833074498615882,0.0157302580915102,0.2524740301239092,-0.4712060580617815,1.6850691746631723,-0.7699018850905608,-0.7303813438814228,-0.6229320130659761,-0.828688209311319,0.7863803903264054,-0.080994492224639,-1.15207457337992,-0.7833074498615882,-0.1343683883429706,0.0,0.0,0.0,0.0,其他,0,0,0.5,1.0,0,0.4291581108829568,0.017456359102244523,-0.08541147132169569,0.1440329218106996,0.1337448559670782,0.38477366255144035,0.16666666666666666,0.053497942386831275,0.09465020576131687,0.5,0.5,0.5,0.5,0.42915811088295686,0.7967145790554415,0.43121149897330596
2024-12-04,16.0,16.4,15.83,16.1,3283628.0,15.989999999999998,16.072,16.5,15.979666666666668,0.0068792995622266,0.0017421602787457,-0.0242424242424241,0.0075304032207597,16.5,17.81323625965924,15.186763740340758,0.3477044792615759,0.1591801526850039,0.0037406483790525,0.0106716886377904,-0.0433749257278667,-0.045077105575326,0.0085258678226045,0.0190369476140225,0.0235930025044154,41.1363636232748,-0.1514297805983098,-0.0726569333410227,-0.0787728472572871,9385419.0,51.84650295210766,0.5571428571428569,0.815308288176446,0.1470588235222034,0.4977272727159612,-0.0105590062111802,0.0037406483790525,0.0235930025044154,41.1363636232748,0.5298282754916015,0.0,0.0,0.0,0.5,-0.3246361787811994,-0.325052361638962,-0.2561018939960364,-0.2961916985518251,-0.7563486557544739,-0.3381455737241134,-0.3100775120263637,-0.1033827562190624,-0.1921876459182452,0.1636433356000206,0.0894749550685842,-0.1173537858496497,0.3028137398153256,-0.1033827562190624,-0.3981145393771094,0.411002083983452,-0.3520755857103587,-0.8277288046040555,0.0935044653213033,0.102168379810066,-0.3091528215250411,-0.1881972613355113,-1.2354580312119643,-1.097027688042957,-1.1544451143414292,-0.4306350470698593,0.0242311667820292,0.2069738812001161,-0.3601653620369952,1.749891690330202,-0.1890026028588416,-0.7488727334386798,-0.2088870113967064,-0.7357351197457336,0.8433688921444541,0.0935044653213033,-1.1544451143414292,-0.4306350470698593,0.1135374139847029,0.0,0.0,0.0,0.0,其他,0,0,0.5,1.0,0,0.0903490759753593,0.044720496894409933,-0.10559006211180133,0.37037037037037035,0.2448559670781893,0.39094650205761317,0.2222222222222222,0.5473251028806584,0.23868312757201646,0.5,0.5,0.5,0.5,0.09034907597535935,0.8151950718685832,0.3490759753593429
2024-12-05,16.0,16.19,15.95,16.18,2216000.0,16.066,16.019,16.4545,16.011,0.0070957301132827,0.0100505649541171,-0.0166823665258744,0.0105552432702518,16.4545,17.74451795173131,15.164482048268686,0.3936061317321369,0.1567981952321216,0.0049689440993787,0.0240506329113923,-0.0317175344105327,-0.0532475131655939,0.0062810668678089,0.019217820901463,0.0233682856945199,50.39999998118401,-0.1399713188310265,-0.0861198104390234,-0.053851508392003,11601419.0,54.57639388533181,0.5164285714285712,0.5680197353022907,0.18627450979479,0.5159090908973658,0.0828182941903583,0.0049689440993787,0.0233682856945199,50.39999998118401,-0.3251367085431115,0.0,0.0,0.0,0.5,-0.3238843305041596,-0.3902633926314844,-0.2093161139796713,-0.2674770360134813,-0.8962533574321868,-0.3091281137386136,-0.3298607519719704,-0.1227628271483103,-0.1722638588629309,0.1672941019043433,0.2025034166933402,-0.0309231431191804,0.3313713689659309,-0.1227628271483103,-0.4181665472793981,0.3986903870516022,-0.205206429435521,-0.8411865414630564,0.1198425375054403,0.2267800578540269,-0.2147240163953027,-0.2436654413407676,-1.3205143605775156,-1.0827923296067947,-1.1624474201026738,0.20507244269409,0.0470918562977469,0.1757367532997581,-0.2448550135038287,1.7876689058452309,0.0044327526295775,-0.8166861579225078,-0.5462332865299259,-0.6132205047020028,0.9200783265186202,0.1198425375054403,-1.1624474201026738,0.20507244269409,-0.2311142361870886,0.0,0.0,0.0,0.0,其他,0,0,0.5,1.0,0,0.8213552361396304,0.010506798516687343,-0.15080346106304077,0.5493827160493827,0.31069958847736623,0.4218106995884774,0.3065843621399177,0.3374485596707819,0.24279835390946503,0.5,0.5,0.5,0.5,0.8213552361396304,0.7597535934291582,0.3326488706365503
2024-12-06,16.2,16.21,15.95,16.16,2422751.0,16.118,16.033,16.384,16.040499999999998,0.002605782355131,0.0079211626021329,-0.013671875,0.0074498924597115,16.384,17.567009543049817,15.200990456950183,0.4053262074864344,0.1444103446096919,-0.0012360939431396,0.0163522012578616,0.0087390761548065,-0.0802504268639726,0.0067111431720724,0.0137606081650903,0.0222429494342435,55.10204079383591,-0.130994218354818,-0.0950946920221824,-0.0358995263326356,9178668.0,60.35595355441068,0.4757142857142856,0.6894461889001244,0.1764705882266433,0.5113636363520146,0.0637376237623763,-0.0012360939431396,0.0222429494342435,55.10204079383591,0.0932991877256317,0.0,0.0,0.0,0.5,-0.2547152326493149,-0.3830321821391361,-0.2088603750185743,-0.2739031666092912,-0.8653065459057444,-0.2890651773413888,-0.3236360771716015,-0.1529453211890055,-0.1534858500306882,0.0835866093001419,0.1729685649976414,0.0035373472247659,0.3000144133653804,-0.1529453211890055,-0.4716549602551016,0.4160589544168228,-0.167357812056918,-0.924456696932884,-0.0147555648225613,0.1542975748237026,0.1117200420821416,-0.4281866541456776,-1.295259484272417,-1.3470024387090356,-1.2270469617181343,0.527185645652742,0.0649812062580164,0.1547928815375648,-0.1616730484031656,1.7148007594593604,0.4138272990901697,-0.8840879453079011,-0.3785366221698673,-0.6413462831026965,0.895186791150761,-0.0147555648225613,-1.2270469617181343,0.527185645652742,-0.0617141844242246,0.0,0.0,0.0,0.0,其他,0,0,0.5,1.0,0,0.8706365503080082,0.012995049504950451,-0.14603960396039606,0.40329218106995884,0.13168724279835392,0.3950617283950617,0.3045267489711934,0.26337448559670784,0.1440329218106996,0.5,0.5,0.5,0.5,0.8706365503080082,0.813141683778234,0.4024640657084189
2024-12-09,16.09,16.3,16.0,16.11,2349732.0,16.118,16.012999999999998,16.2975,16.066666666666666,-0.0004963394962153,0.0060575782176981,-0.0115048320294524,0.0026970954356846,16.2975,17.265751272302467,15.329248727697532,0.4031759598960044,0.1188220613341342,-0.0030940594059406,0.0,-0.012262415695892,-0.0969730941704035,0.0041431836479105,0.0123903543020726,0.0217778793287884,45.73378837405211,-0.1264566698727307,-0.101367087592292,-0.0250895822804386,6828936.0,59.633703708318805,0.457142857142857,0.7410457780574309,0.19374999998789,0.4999999999886363,0.0471756672873993,-0.0030940594059406,0.0217778793287884,45.73378837405211,-0.0301388793152908,0.0,0.0,0.0,0.5,-0.2918608509426544,-0.3537481963311827,-0.1890716972300518,-0.2908852477355247,-0.8719044743874618,-0.2884034426172409,-0.3306393224554546,-0.1900524588810881,-0.1367872638313584,0.0256991263983937,0.1470801130975003,0.0283415750434108,0.2525514291465747,-0.1900524588810881,-0.563143353428404,0.4797626149314703,-0.1738405423306557,-1.099080506002597,-0.0550372801363212,0.0007306870870669,-0.0581107490456312,-0.5417961486363266,-1.3924138149225962,-1.4061161663096569,-1.2492956939104074,-0.1183335934631114,0.0739568145377256,0.1400602231746158,-0.1114558931374313,1.6453920355686666,0.3615372624061695,-0.9127399308964592,-0.306794543773035,-0.5862801766889545,0.8402222900239431,-0.0550372801363212,-1.2492956939104074,-0.1183335934631114,-0.1115179317113088,0.0,0.0,0.0,0.0,其他,0,0,0.5,1.0,0,0.8193018480492813,0.05338299193047802,-0.12662942271880817,0.5123456790123457,0.13168724279835392,0.39300411522633744,0.1748971193415638,0.3477366255144033,0.1934156378600823,0.5,0.5,0.5,0.5,0.8193018480492813,0.9342915811088296,0.41478439425051333
2024-12-10,16.41,16.59,15.95,15.99,3460559.0,16.108,16.032,16.2295,16.0875,-0.0073255525204867,-0.0026197604790418,-0.0147570781601406,-0.0060606060606059,16.2295,17.068985431364496,15.390014568635506,0.3573530932833141,0.1034517922744782,-0.0074487895716945,-0.0031172069825435,0.0120253164556962,-0.0783861671469741,0.0050839028132436,0.007134284641661,0.0211347432727261,33.72093021425995,-0.1310331583625092,-0.1073003017463355,-0.0237328566161737,3368377.0,57.64988757835077,0.4535714285714284,1.1497416921158203,0.1187499999925779,0.4727272727165291,0.020637898686679,-0.0074487895716945,0.0211347432727261,33.72093021425995,0.472746253615306,0.0,0.0,0.0,0.5,-0.1812823461104199,-0.2613139914238884,-0.2080418444420805,-0.3325345170336319,-0.7202967459150146,-0.2914811152888358,-0.3224503394363165,-0.2191213359229133,-0.1234189692025951,-0.1016734021539002,0.0277360542049811,-0.0090449070332421,0.1657687926428542,-0.2191213359229133,-0.6221428570053307,0.5091850082252943,-0.3201483219105404,-1.200582319114529,-0.1496011881417628,-0.0285456400452931,0.1385646967409901,-0.4124479673832816,-1.345583274736819,-1.6540345721887135,-1.2824119674627132,-0.9442893401548258,0.0645944344464728,0.1261117654167349,-0.1049498268765669,1.5513430771688723,0.219608572441972,-0.9152554075487026,0.2559727100047114,-0.8148135556102756,0.7147898903023163,-0.1496011881417628,-1.2824119674627132,-0.9442893401548258,0.0925732442057088,0.0,0.0,0.0,0.0,其他,0,0,0.5,1.0,0,0.8685831622176592,0.07692307692307687,-0.13008130081300817,0.4279835390946502,0.12757201646090535,0.37037037037037035,0.047325102880658436,0.4876543209876543,0.10699588477366255,0.5,0.5,0.5,0.5,0.8685831622176592,0.9363449691991786,0.433264887063655
2024-12-11,15.98,15.99,15.8,15.93,2840700.0,16.073999999999998,16.032,16.156,16.1145,-0.0089585666293392,-0.0063622754491018,-0.0139886110423371,-0.011449315833566,16.156,16.798213278231135,15.513786721768865,0.3240459924350356,0.0795015199587968,-0.0037523452157598,-0.0105590062111802,0.0,-0.0844827586206895,0.0045564096527937,0.0068257548656607,0.0210753510462695,34.52380950462958,-0.1379117956495363,-0.1134226005269757,-0.0244891951225606,527677.0,48.53306565047469,0.4378571428571429,0.960373203724816,0.1203703703592242,0.4590909090804753,0.0558694287507848,-0.0037523452157598,0.0210753510462695,34.52380950462958,-0.1791210610771265,0.0,0.0,0.0,0.5,-0.3288967080280001,-0.4506081037692415,-0.2658309965339906,-0.3529613813613055,-0.8009807384754335,-0.3035416493440881,-0.3216885529033412,-0.2505723394252904,-0.1062000668403829,-0.131965085400366,-0.0237716232375522,-0.0001856377443211,0.1122048020525329,-0.2505723394252904,-0.703763307363536,0.5704674281935169,-0.4261601321965099,-1.3601658772380505,-0.0687534454923793,-0.0985219166744001,0.0407392765051491,-0.4533635726225739,-1.3590182995498612,-1.6557816306993396,-1.278517194594924,-0.8853436774407385,0.0505909291944831,0.1117302678918429,-0.1082353885730252,1.4736868481638514,-0.4305714496105702,-0.9387760237625454,-0.0056100435995929,-0.8068056900055595,0.6509398643577712,-0.0687534454923793,-1.278517194594924,-0.8853436774407385,-0.1724157173757255,0.0,0.0,0.0,0.0,其他,0,0,0.5,1.0,0,0.9527720739219712,0.021343377275580666,-0.128060263653484,0.08847736625514403,0.07613168724279835,0.36213991769547327,0.037037037037037035,0.5679012345679012,0.06790123456790123,0.5,0.5,0.5,0.5,0.9527720739219713,0.917864476386037,0.5297741273100616
2024-12-12,15.97,17.52,15.93,17.52,16765128.0,16.342000000000002,16.204,16.188,16.163166666666665,0.072084200220291,0.0812145149345839,0.0822831727205337,0.0839460089297683,16.188,17.01833537929249,15.357664620707506,1.3020855386198018,0.1025865306754834,0.0998116760828624,0.0828182941903583,0.1088607594936708,0.0379146919431279,0.0464284385278541,0.0318761010162066,0.0305687729955766,71.92982453195859,-0.0148917910418582,-0.0937164386299522,0.078824647588094,17292805.0,70.26095402223362,0.4935714285714287,4.6330346110467255,0.9999999999418604,0.8204545454358989,-0.0667808219178081,0.0998116760828624,0.0305687729955766,71.92982453195859,4.901759425493716,0.0,0.0,0.0,0.5,-0.3315961179449907,0.0356820224347513,-0.2146779153315472,0.2106617720502838,1.0694155554535576,-0.202353490768702,-0.2536643329650437,-0.2360340450727691,-0.0754027770564225,1.380009399601863,1.179260120784146,1.1066003845886707,1.0514473934234616,-0.2360340450727691,-0.6334214480689059,0.4895473285658344,2.675526500343614,-1.1916971158300973,2.170906886316996,0.7813478213809454,0.9237450424268556,0.3933193680527563,0.3581325334449733,-0.4179969753972319,-0.6748348177033323,1.686321941634218,0.2990081887229829,0.1570318887705547,0.3715557044126142,1.856103685739117,1.1189030807695686,-0.8384879155369682,4.798044111426373,1.8939448788254176,2.2404785939588128,2.170906886316996,-0.6748348177033323,1.686321941634218,1.8821042815548124,0.0,0.0,0.0,0.0,其他,0,0,0.5,1.0,0,0.3757700205338809,-0.07077625570776247,-0.23059360730593603,0.8209876543209876,0.43004115226337447,0.654320987654321,0.588477366255144,0.9979423868312757,0.7530864197530864,0.5,0.5,0.5,0.5,0.3757700205338809,0.5995893223819302,0.20739219712525667
2024-12-13,17.52,17.84,17.11,17.19,21251984.0,16.548000000000002,16.333000000000002,16.240000000000002,16.205166666666667,0.0387962291515591,0.0524704585807873,0.0584975369458127,0.0607727987987369,16.240000000000002,17.182940529463455,15.297059470536553,1.0037433275034795,0.1161256809676903,-0.018835616438356,0.0637376237623763,0.0811320754716982,0.0643962848297214,0.0487519777289352,0.0332342535302882,0.0291071430889282,62.716762980403686,0.0553363243099056,-0.0639058860419806,0.1192422103518863,-3959179.0,78.95413271224672,0.4921428571428573,4.7565740487754,0.808139534836737,0.7454545454376038,-0.0477021524141942,-0.018835616438356,0.0291071430889282,62.716762980403686,0.2676302859125203,0.0,0.0,0.0,0.5,0.2047601761122144,0.1373291992336816,0.2458182813271998,0.0931652589108629,1.6604966247085162,-0.1244934011551313,-0.2025284988538632,-0.2127705346468448,-0.0487978576748536,0.754220687522022,0.7800713283522057,0.8288015176314636,0.8181719971606276,-0.2127705346468448,-0.5805088193340175,0.4573783292874922,1.7123544882728208,-1.0914366005395386,-0.4036804588370816,0.5991581606061808,0.695604738671414,0.5753628317862812,0.4525009929193293,-0.3499860879023136,-0.7648355014856555,1.0472130488591238,0.4403939425621105,0.2257161655301998,0.5584277609351811,1.3442527945278435,1.725609766642748,-0.837879406666442,4.698046562661013,1.2962534598368296,1.882883763944676,-0.4036804588370816,-0.7648355014856555,1.0472130488591238,0.001947067607372,0.0,0.0,0.0,0.0,其他,0,0,0.5,1.0,0,0.3381147540983606,-0.045956951716114136,-0.2070971495055265,0.8706365503080082,0.5626283367556468,0.6262833675564682,0.5831622176591376,1.0,0.7638603696098563,0.5,0.5,0.5,0.5,0.33811475409836067,0.5389344262295082,0.22540983606557377
2024-12-16,17.13,17.39,16.75,16.87,8266382.0,16.7,16.409000000000002,16.293,16.239833333333333,0.010179640718563,0.0280943384727891,0.0354139814644327,0.0388037644064491,16.293,17.253177615147916,15.332822384852085,0.8004652424807193,0.1178638206766123,-0.0186154741128563,0.0471756672873993,0.0471756672873993,0.0670461733080329,0.0505217618609585,0.0342212337453735,0.0290037975750433,66.36085624070179,0.0842006732461655,-0.0342845741843514,0.1184852474305169,-12225561.0,72.50197638373196,0.4942857142857145,1.7641176589908794,0.6220930232196463,0.6727272727119838,0.0059276822762299,-0.0186154741128563,0.0290037975750433,66.36085624070179,-0.6110301042952038,0.0,0.0,0.0,0.5,0.0692870911124673,-0.0062924364839976,0.1046765409775382,-0.020774560921618,-0.0811169313699149,-0.0669796682437469,-0.172229265300455,-0.1890804953454523,-0.0268156954191074,0.2174230129593025,0.4424141240418076,0.5604143958740646,0.5981543567398179,-0.1890804953454523,-0.5570182633718525,0.474380112945272,1.064207654474869,-1.0741017722479165,-0.3979482595510729,0.4411898689023058,0.4175844637726392,0.591997325552889,0.5239770040908516,-0.3003833167155596,-0.7686684858856204,1.2905679509468015,0.4977759716555021,0.2939302112134877,0.5534167201467707,1.143103360845961,1.2590395749370986,-0.8310947443328831,0.9539698919585294,0.7226769048006805,1.5469856400417497,-0.3979482595510729,-0.7686684858856204,1.2905679509468015,-0.3544629568137655,0.0,0.0,0.0,0.0,其他,0,0,0.5,1.0,0,0.8916155419222904,-0.07053941908713701,-0.15234143449911086,0.8176229508196722,0.5204918032786885,0.6495901639344263,0.7049180327868853,0.9282786885245902,0.6680327868852459,0.5,0.5,0.5,0.5,0.8916155419222904,0.45194274028629855,0.3067484662576687
2024-12-17,16.79,17.37,16.19,16.32,11547366.0,16.766,16.437,16.291,16.260166666666667,-0.0266014553262553,-0.0071180872421975,0.0017801239948438,0.0036797490800628,16.291,17.250756548077952,15.331243451922049,0.515107997963945,0.1178265972711387,-0.0326022525192649,0.020637898686679,0.0174563591022445,-0.002444987775061,0.053864208174868,0.0361990384922201,0.029108599845479,55.2845528245533,0.0619809961787218,-0.0150314601117367,0.0770124562904586,-23772927.0,64.35517187796628,0.5335714285714289,2.258221861241505,0.3023255813777717,0.5477272727148246,0.0551470588235292,-0.0326022525192649,0.029108599845479,55.2845528245533,0.3969068934873805,0.0,0.0,0.0,0.5,-0.0488358548868308,-0.0126635955247462,-0.1147511997848205,-0.216623258525178,0.3590413708217999,-0.0419286272027121,-0.1608340619950604,-0.1895278565658944,-0.013892613530218,-0.4720979710082346,-0.0444666614794655,0.1707599007377027,0.2485809440537063,-0.1895278565658944,-0.5561662000424953,0.472297334641252,0.1613670524260529,-1.0692767864052246,-0.7004849646480555,0.1890027783886715,0.1743605223045416,0.1081285074956288,0.6598384711059039,-0.2017451046286089,-0.7593487360856873,0.5277945021962327,0.4514509872262251,0.338009580538001,0.3587495518679461,0.8667666119846605,0.6774857723311429,-0.7598621027102226,1.5596774475807909,-0.2593908070490057,0.991126807853156,-0.7004849646480555,-0.7593487360856873,0.5277945021962327,0.0559483120209361,0.0,0.0,0.0,0.0,其他,0,0,0.5,1.0,0,0.930327868852459,-0.10110294117647056,-0.12990196078431382,0.86652977412731,0.4086242299794661,0.6160164271047228,0.6201232032854209,0.9568788501026694,0.6817248459958932,0.5,0.5,0.5,0.5,0.930327868852459,0.2336065573770492,0.24385245901639344
2024-12-18,16.46,16.91,15.92,16.82,8958062.0,16.944,16.509,16.2905,16.301333333333332,-0.0073182247403209,0.0188382094615058,0.0325036063963659,0.0318174382463603,16.2905,17.24908393367211,15.331916066327892,0.7761886472966378,0.1176862507186673,0.0306372549019606,0.0558694287507848,0.0447204968944099,-0.0005941770647651,0.0546253371954885,0.0373009623665886,0.0292097761105927,62.56157633310684,0.0837521208219804,0.0047252560750067,0.0790268647469737,-14814865.0,57.10919398586884,0.5821428571428575,1.686459777751442,0.5930232557794756,0.6613636363486056,-0.0326991676575505,0.0306372549019606,0.0292097761105927,62.56157633310684,-0.2242333013433539,0.0,0.0,0.0,0.5,-0.1634758873861815,-0.1597614563504031,-0.2204068889509693,-0.0377356143602632,0.0103833250082473,0.0254869213568513,-0.1320855964506873,-0.1893184569117158,0.0122341195856315,-0.1091644406480942,0.3145344949665152,0.5256363575061155,0.5269706358042971,-0.1893184569117158,-0.5550931217650273,0.4713775471945403,0.9845709405527034,-1.0652358901373302,0.6764905814680064,0.5225642898406428,0.3966343652455218,0.1207680663870891,0.6891553326734433,-0.1466093106916434,-0.7503194969740227,1.0242407145077923,0.4945818984160787,0.3832208967816367,0.3673374622753294,1.074125954886054,0.1611752937083403,-0.6728133110231864,0.8440537900135899,0.6338474910845399,1.478931855662479,0.6764905814680064,-0.7503194969740227,1.0242407145077923,-0.1971401202771135,0.0,0.0,0.0,0.0,其他,0,0,0.5,1.0,0,0.5603271983640081,-0.1438763376932224,-0.15933412604042807,0.9508196721311475,0.5,0.6270491803278688,0.8237704918032787,0.9364754098360656,0.8340163934426229,0.5,0.5,0.5,0.5,0.5603271983640081,0.130879345603272,0.1329243353783231
2024-12-19,16.51,16.52,16.02,16.35,6203300.0,16.71,16.526,16.2725,16.3355,-0.0215439856373428,-0.0106498850296501,0.0047626363496697,0.0008876373542285,16.2725,17.211230946263754,15.33376905373625,0.5412791334164118,0.1153763645731121,-0.0279429250891795,-0.0667808219178081,0.0105067985166873,-0.0215439856373428,0.0253782599356532,0.0387270716765083,0.0298543780531051,55.07900675460259,0.0623619523199252,0.0162525953239904,0.0461093569959348,-21018165.0,54.60543141295123,0.6157142857142862,1.1368563417814643,0.3197674418418746,0.5545454545328518,-0.0042813455657492,-0.0279429250891795,0.0298543780531051,55.07900675460259,-0.3075176304874871,0.0,0.0,0.0,0.5,-0.1457203911030839,-0.2843845288801156,-0.1806498962913858,-0.2057282745196375,-0.3604665259807255,-0.0632606085584854,-0.1250848522289911,-0.1968218127315524,0.0339137979122534,-0.3764097588340648,-0.0947191984851668,0.2029043799058993,0.2177844906445724,-0.1968218127315524,-0.5653030897796014,0.4710717643104356,0.2394397207142529,-1.076294065557517,-0.6006506498829579,-0.6433291111837105,0.1157398897289127,-0.025617852998842,-0.5182820811507443,-0.0753545673966523,-0.7069429638665782,0.5078280600428424,0.4498213120321027,0.4092024117546165,0.2124874652625904,0.9238448548552308,-0.0174444632418965,-0.6122308641949191,0.1584408613124594,-0.2082686327863674,1.0045706671229802,-0.6006506498829579,-0.7069429638665782,0.5078280600428424,-0.2307059768488412,0.0,0.0,0.0,0.0,其他,0,0,0.5,1.0,0,0.7505112474437627,-0.15963302752293584,-0.13822629969418965,0.375,0.3770491803278688,0.6311475409836066,0.7069672131147541,0.8647540983606558,0.7254098360655737,0.5,0.5,0.5,0.5,0.7505112474437627,0.18609406952965235,0.17586912065439672
2024-12-20,16.19,16.65,16.18,16.37,5098421.0,16.546,16.547,16.29,16.375166666666665,-0.0106370119666383,-0.0106968030458692,0.0049109883364029,-0.0003155184171151,16.29,17.221936297800152,15.358063702199848,0.5429213885833988,0.1144182072184691,0.001223241590214,-0.0477021524141942,0.0129950495049504,0.0218476903870163,0.0258984873076194,0.038714216763861,0.0282825232222627,53.06603771832727,0.0464880373636269,0.0222996837319177,0.0241883536317092,-15919744.0,55.92292399095723,0.6335714285714289,0.9157552798146772,0.3313953488179425,0.5590909090782028,0.0018326206475258,0.001223241590214,0.0282825232222627,53.06603771832727,-0.1781114890461528,0.0,0.0,0.0,0.5,-0.2571086989739917,-0.2420447791492513,-0.1172777797856987,-0.1981341032696119,-0.5085125640209641,-0.1254191510650082,-0.1165018536212984,-0.1886524301362779,0.0590990626852922,-0.1701148177565964,-0.0951721565584192,0.2041693874819075,0.205187947840387,-0.1886524301362779,-0.5603451463291216,0.4822876527812154,0.2440938615955118,-1.0778948617292017,0.0367977866584735,-0.4603140201386119,0.1359038263494325,0.2777128897836347,-0.4954820543825348,-0.0758373643151177,-0.8042322084359572,0.3681621399594194,0.4163796978540685,0.4223612822099609,0.1092439448843723,1.0401650170919057,0.0766040540128482,-0.5792766667008992,-0.1175655918083564,-0.1719537036486831,1.0190152201622713,0.0367977866584735,-0.8042322084359572,0.3681621399594194,-0.177317258141442,0.0,0.0,0.0,0.0,其他,0,0,0.5,1.0,0,0.7198364008179959,-0.15699450213805743,-0.1362248014660965,0.3360655737704918,0.45286885245901637,0.6229508196721312,0.7561475409836066,0.7540983606557377,0.7110655737704918,0.5,0.5,0.5,0.5,0.7198364008179959,0.25357873210633947,0.16155419222903886
2024-12-23,16.36,17.44,15.81,16.97,12210304.0,16.566000000000003,16.633000000000003,16.323,16.426166666666667,0.0243872992876974,0.0202609270726865,0.0396373215707896,0.033107744756841,16.323,17.303399488930047,15.342600511069952,0.8299675322266341,0.1201249144059352,0.036652412950519,0.0059276822762299,0.053382991930478,0.0404659717964439,0.0320723949244675,0.0401537326466741,0.0291483722071305,59.74842765541975,0.0813846788705703,0.0341166827596482,0.047267996110922,-3709440.0,62.16563676513643,0.730714285714286,2.02385203560177,0.6802325580999858,0.6771084337186238,-0.0760164997053624,0.036652412950519,0.0291483722071305,59.74842765541975,1.3949187405277046,0.0,0.0,0.0,0.5,-0.1971197598366857,0.0125839151471385,-0.2630031535535687,0.0176774027488165,0.4530602496802095,-0.1175497565671309,-0.0821169360983676,-0.1736299186957091,0.0915254421477257,0.4912689145521766,0.3357062065290857,0.6074853520762287,0.5385239039545555,-0.1736299186957091,-0.5332983243649939,0.4730573227860276,1.1518426244033877,-1.0333224585259624,0.8100839180282311,0.0516470634165769,0.467388893596125,0.4073761919646709,-0.2390129234611289,-0.0037637742034065,-0.7464615819716739,0.8267650556115675,0.4866522290782026,0.4489962159232501,0.2174723617053883,1.321842273917271,0.5225510822876295,-0.4076967293350087,1.262829890466701,0.9046679602989433,1.5236312158785492,0.8100839180282311,-0.7464615819716739,0.8267650556115675,0.467306995109285,0.0,0.0,0.0,0.0,其他,0,0,0.5,1.0,0,0.0633946830265848,-0.17088980553918676,-0.17383618149675895,0.8913934426229508,0.7704918032786885,0.6045081967213115,0.9323770491803278,0.9651639344262295,0.9323770491803278,0.5,0.5,0.5,0.5,0.06339468302658487,0.034764826175869123,0.028629856850715747
2024-12-24,16.5,17.33,16.5,17.22,11206517.0,16.746000000000002,16.756,16.394000000000002,16.477166666666665,0.0283052669294157,0.0276915731678204,0.0503842869342441,0.0450825890373547,16.394000000000002,17.41955556189116,15.368444438108844,0.902708556514752,0.1251135246901184,0.0147318797878608,0.0551470588235292,0.0769230769230768,0.0898734177215188,0.0258346336926439,0.0399457266779079,0.0281517508001756,61.290322563345455,0.1277409115535697,0.0528415285184325,0.0748993830351371,7497077.0,64.92471280068327,0.7492857142857146,1.734741311941386,0.8255813953008377,0.719794344454504,-0.1480836236933796,0.0147318797878608,0.0281517508001756,61.290322563345455,-0.0822081907215414,0.0,0.0,0.0,0.5,-0.1476588924616572,-0.0229000244704195,0.0102942934743065,0.107578083858197,0.3162770601049252,-0.0486660472483571,-0.0330137864648846,-0.1417630944401978,0.1239513293984867,0.564000190546442,0.4384252006108432,0.7306086495515395,0.6563745636031988,-0.1417630944401978,-0.4954621487592181,0.4851166107210902,1.3745394790405017,-0.994147478317592,0.3289064391509533,0.5212160787265526,0.6596351738613382,0.7522799390260853,-0.4968540741426234,-0.0141695535619124,-0.8072005489528782,0.929673221546206,0.5802002598053692,0.4917649887445272,0.3470653866772146,1.5756234382082428,0.7182761421893151,-0.3741324513761145,0.8977689555521655,1.346675737089042,1.6929973033929713,0.3289064391509533,-0.8072005489528782,0.929673221546206,-0.1397639166579387,0.0,0.0,0.0,0.0,其他,0,0,0.5,1.0,0,0.0143149284253578,-0.1922183507549361,-0.18931475029035993,0.930327868852459,0.8545081967213115,0.5778688524590164,0.8995901639344263,0.944672131147541,0.9221311475409836,0.5,0.5,0.5,0.5,0.014314928425357873,0.012269938650306749,0.034764826175869123
2024-12-25,17.0,17.02,16.07,16.27,7464141.0,16.636,16.79,16.411,16.508,-0.022000480884828,-0.030970815961882,-0.0085917981841449,-0.0144172522413374,16.411,17.415220567090714,15.406779432909287,0.4297962994068788,0.1223838360958616,-0.0551684088269454,-0.0326991676575505,0.0213433772755806,0.0213433772755806,0.0360561645712235,0.044674337319034,0.0311410535387215,50.77186962760195,0.0868206848699202,0.05963735978873,0.0271833250811901,32936.0,62.06333961941249,0.8142857142857143,1.1131175630594576,0.2732558139376009,0.4456521739009333,-0.1149354640442531,-0.0551684088269454,0.0311410535387215,50.77186962760195,-0.3339463992246654,0.0,0.0,0.0,0.5,0.0282030557952078,-0.1229819771668734,-0.1600504682992545,-0.2350545719923062,-0.1916236903604641,-0.0906028663503644,-0.0193913628311161,-0.1338992649487479,0.1434255663228664,-0.3896284590649447,-0.3815160848896416,0.0408613510152572,0.0575701386131315,-0.1338992649487479,-0.4955005154867259,0.5035989010533524,-0.1263185447229489,-1.0088405724333245,-1.2000203583959006,-0.3198118610885798,0.2001090579985734,0.2692584386158133,-0.0714764480281486,0.22306539184118,-0.6143516350642259,0.2020359278383418,0.4949201736607714,0.5064889545627241,0.121294906731096,1.3915614364544968,0.5113526804212215,-0.2590087662391349,0.1198142961677002,-0.3603768683511898,0.4981718346939235,-1.2000203583959006,-0.6143516350642259,0.2020359278383418,-0.2429640671491973,0.0,0.0,0.0,0.0,其他,0,0,0.5,1.0,0,0.0224948875255623,-0.1462814996926859,-0.14013521819299324,0.5594262295081968,0.7459016393442623,0.6475409836065574,0.8012295081967213,0.8975409836065574,0.8114754098360656,0.5,0.5,0.5,0.5,0.022494887525562373,0.03680981595092025,0.06748466257668712
2024-12-26,16.17,16.54,15.89,16.28,5223537.0,16.622,16.666,16.435,16.5355,-0.0205751413788953,-0.0231609264370574,-0.0094310921813202,-0.0154516041244593,16.435,17.39991068580388,15.470089314196114,0.4196816854023998,0.1174214403161561,0.0006146281499692,-0.0042813455657492,-0.0707762557077624,0.0303797468354429,0.0339304343564055,0.0290769187183407,0.031059412429081,51.030927822776064,0.0545689894907219,0.0586236857291284,-0.0040546962384064,5256473.0,59.509992409856274,0.842142857142857,0.7603822890045074,0.234567901220089,0.3810975609639915,-0.156019656019656,0.0006146281499692,0.031059412429081,51.030927822776064,-0.30018243224505,0.0,0.0,0.0,0.5,-0.2638460757168884,-0.2780446216362047,-0.2311518781864519,-0.2309553563828204,-0.4953106637242955,-0.0957805783742286,-0.0688886592805681,-0.1229208739576983,0.1607530725548147,-0.3617149771592188,-0.2714447252829035,0.0309594144828281,0.0470146551788074,-0.1229208739576983,-0.4989940724289683,0.5349429998202605,-0.1581468913479542,-1.0388959209751512,0.0236688681246037,-0.0469197089741758,-0.5608127055383619,0.3322040372745524,-0.1597595922135971,-0.5610835375335784,-0.6177395413786787,0.2195031495422857,0.4275705013529627,0.5028538094728775,-0.0265874463420213,1.5045921595549994,0.3268715389795069,-0.2093662359030899,-0.3216637648199607,-0.4789745574834215,0.2160620367537558,0.0236688681246037,-0.6177395413786787,0.2195031495422857,-0.2285506104826571,0.0,0.0,0.0,0.0,其他,0,0,0.5,1.0,0,0.0408997955010225,-0.17199017199017197,-0.13697788697788704,0.75,0.7766393442622951,0.6434426229508197,0.8422131147540983,0.7336065573770492,0.7827868852459017,0.5,0.5,0.5,0.5,0.0408997955010225,0.05725971370143149,0.07975460122699386
2024-12-27,16.19,16.68,16.0,16.4,5146484.0,16.627999999999997,16.587,16.46,16.552833333333332,-0.0137118114024535,-0.0112738891903299,-0.0036452004860269,-0.0092330618121772,16.46,17.391891116295866,15.528108883704132,0.4678073977755719,0.1132309983341682,0.0073710073710071,0.0018326206475258,-0.0459569517161141,0.0314465408805031,0.0341143663065662,0.0290656895527285,0.0310680274019855,52.46179964797172,0.0382513479035253,0.0545492181640078,-0.0162978702604824,10402957.0,60.39900761594778,0.869285714285714,0.7330647225233144,0.2955974842581378,0.4176829268165339,-0.1585365853658535,0.0073710073710071,0.0310680274019855,52.46179964797172,-0.0147511159584013,0.0,0.0,0.0,0.5,-0.2562448969016624,-0.2320808100739572,-0.1869440590424944,-0.1870688244182524,-0.5045641886394518,-0.0932858209939828,-0.1003717520798686,-0.1114989116943238,0.1715183156606816,-0.2305469853618912,-0.1042860170749834,0.098699013448058,0.1096239230980362,-0.1114989116943238,-0.5001942940232201,0.5634809973962429,-0.0047283565850701,-1.0633402380466024,0.1718330277595695,0.0118665300070862,-0.3542834256008559,0.3389354989466149,-0.151765507999133,-0.5601391541312374,-0.6153702146580726,0.3180982396531828,0.3930529527073321,0.4920348161963674,-0.0845157322600275,1.6137257312862836,0.3900281591990101,-0.1610013800942286,-0.3551277173431147,-0.2889219234843847,0.3749120046175958,0.1718330277595695,-0.6153702146580726,0.3180982396531828,-0.1102916145603086,0.0,0.0,0.0,0.0,其他,0,0,0.5,1.0,0,0.0614754098360655,-0.16890243902439017,-0.13109756097560965,0.7207392197125256,0.7823408624229979,0.6447638603696099,0.8151950718685832,0.5277207392197125,0.7618069815195072,0.5,0.5,0.5,0.5,0.06147540983606557,0.06762295081967214,0.13114754098360656
2024-12-30,16.25,16.3,15.4,15.68,5957640.0,16.369999999999997,16.467999999999996,16.4385,16.535166666666665,-0.0421502748930969,-0.0478503764877336,-0.046141679593637,-0.05171805545756,16.4385,17.422760876843018,15.454239123156984,0.1146854874267008,0.1197506921966151,-0.0439024390243901,-0.0760164997053624,-0.070539419087137,-0.026691495965239,0.0319247122392214,0.0314506796618931,0.0325714631468411,47.611710313304094,-0.0324049391957999,0.0371583866920463,-0.0695633258878462,4445317.0,56.717636925689824,0.8949999999999996,0.8273406129310444,0.0,0.1981707317012754,-0.1026785714285714,-0.0439024390243901,0.0325714631468411,47.611710313304094,0.1576136251467992,0.0,0.0,0.0,0.5,-0.234529266787414,-0.3549810326738564,-0.4254727543395856,-0.447547669142824,-0.3929611335775789,-0.1922766564972693,-0.1478972204078617,-0.1208762019526823,0.1596391148921705,-0.770611840962627,-0.6172805453873658,-0.4004680521650638,-0.3202604294743348,-0.1208762019526823,-0.4891437952708348,0.5236597072965123,-1.1273085277086534,-1.013387944818101,-0.9537916402868536,-0.7361975281409999,-0.5569081613855673,-0.0725520947761532,-0.2428904858482468,-0.438594276860125,-0.5175138918600607,-0.0191560903716069,0.2467030535593435,0.4498749034047508,-0.3370296662401722,1.4652798346151756,0.1239073180574564,-0.1151729383007145,-0.235953473960253,-1.2017434682392014,-0.5848944501286103,-0.9537916402868536,-0.5175138918600607,-0.0191560903716069,-0.0387945838502721,0.0,0.0,0.0,0.0,其他,0,0,0.5,1.0,0,0.1358024691358024,-0.08801020408163263,-0.07780612244897955,0.061855670103092786,0.6412371134020619,0.7010309278350515,0.7463917525773196,0.668041237113402,0.44948453608247424,0.5,0.5,0.5,0.5,0.13580246913580246,0.15432098765432098,0.2880658436213992
2024-12-31,15.68,15.79,14.62,14.67,5849140.0,15.86,16.303,16.369999999999997,16.4855,-0.0750315258511979,-0.1001656136907318,-0.1038485033598043,-0.1101270813745411,16.369999999999997,17.624599957209924,15.115400042790071,-0.1775067981680936,0.1532803857302702,-0.0644132653061224,-0.1480836236933796,-0.1011029411764705,-0.0854114713216956,0.0329347857141872,0.0356716383476599,0.0355436095409155,41.53225805670091,-0.1679629423921227,-0.0038658791247875,-0.1640970632673352,-1403823.0,55.61089045664785,0.9649999999999996,0.7919130352183148,0.0,0.0,-0.0518064076346285,-0.0644132653061224,0.0355436095409155,41.53225805670091,-0.0182119094137946,0.0,0.0,0.0,0.5,-0.4355840261233467,-0.5199724645201351,-0.73512584714594,-0.8123548630082781,-0.4068680248071173,-0.3882335110969975,-0.2138996857471119,-0.1513180669900271,0.1270077814615318,-1.3902246729149883,-1.34668469054774,-1.0759183975479558,-0.9096314400696645,-0.1513180669900271,-0.4241392056214765,0.3464041252387489,-2.037590710917124,-0.7763991346437964,-1.39742094150689,-1.4227868053842716,-0.8083189189428297,-0.4879201093550236,-0.2001234277090248,-0.2245416535365615,-0.3257631675730488,-0.4417369067990004,-0.0335463200713947,0.3520002726090285,-0.7847891122010502,1.321667418358448,0.0437264992888333,0.009162491054876,-0.2799922680320156,-1.1955636551971234,-1.4432183452064395,-1.39742094150689,-0.3257631675730488,-0.4417369067990004,-0.1115721078194109,0.0,0.0,0.0,0.0,其他,0,0,0.5,1.0,0,0.3930041152263374,-0.03203817314246771,-0.006134969325153339,0.012371134020618556,0.4309278350515464,0.7505154639175258,0.734020618556701,0.511340206185567,0.18556701030927836,0.5,0.5,0.5,0.5,0.39300411522633744,0.5123456790123457,0.6172839506172839
2025-01-02,14.61,14.9,14.22,14.4,3428467.0,15.486,16.061,16.285,16.460666666666665,-0.0701278574196048,-0.1034182180437083,-0.1157506908197727,-0.1251873152160705,16.285,17.81643207832599,14.753567921674009,-0.1154370235110099,0.1880788551816503,-0.0184049079754601,-0.1149354640442531,-0.1438763376932224,-0.1055900621118013,0.0302090388471391,0.0327091665534389,0.0356390869051055,24.509803915961783,-0.2937937090301528,-0.0618514451058605,-0.2319422639242921,-4832290.0,47.722722028162565,0.8999999999999996,0.4637242828612801,0.0,0.0,-0.0354166666666666,-0.0184049079754601,0.0356390869051055,24.509803915961783,-0.4138510960585658,0.0,0.0,0.0,0.5,-0.8128710425614899,-0.8079608077737374,-0.8920725477384002,-0.9074146923655309,-0.7361393226616597,-0.5314811683280556,-0.3108693423416423,-0.1891654472959592,0.1105328091925419,-1.2899258062572694,-1.384217643748639,-1.2098840744356376,-1.0570569651460635,-0.1891654472959592,-0.3623942418398592,0.1573038981953216,-1.823919788478353,-0.5315395522848158,-0.3850349946670608,-1.0988149219654348,-1.1586969723483842,-0.6294715572250902,-0.3139505710910927,-0.3738661819500259,-0.3188750303129971,-1.6178337382899572,-0.2936373300344876,0.2140804868471959,-1.1033723274917302,1.2356773050583327,-0.5269074671033755,-0.1063284803600709,-0.6925031099955166,-1.1894783358617866,-1.4320370425467772,-0.3850349946670608,-0.3188750303129971,-1.6178337382899572,-0.2755739157000426,0.0,0.0,0.0,0.0,其他,0,0,0.5,1.0,0,0.3353909465020576,-0.01805555555555549,0.01388888888888884,0.020618556701030927,0.35051546391752575,0.7608247422680412,0.4536082474226804,0.05360824742268041,0.16082474226804125,0.5,0.5,0.5,0.5,0.33539094650205764,0.39711934156378603,0.5061728395061729
2025-01-03,14.43,14.58,13.65,13.74,4056212.0,14.978,15.8,16.163000000000004,16.423,-0.0826545600213646,-0.130379746835443,-0.1499102889315103,-0.1633684466906166,16.163000000000004,18.07189441686448,14.254105583135525,-0.1346605602122617,0.2362054589930913,-0.0458333333333333,-0.156019656019656,-0.1596330275229358,-0.1508034610630407,0.0278979350149367,0.0339655027176164,0.0366883772779612,23.25581394844056,-0.4416805635802028,-0.137817268800729,-0.3038632947794737,-8888502.0,34.30493705716391,0.9142857142857138,0.5418873783224328,0.0,0.0,-0.0189228529839883,-0.0458333333333333,0.0366883772779612,23.25581394844056,0.1830978685225788,0.0,0.0,0.0,0.5,-0.8738253099873773,-0.9092805179333984,-1.115389408400102,-1.1426300256234867,-0.6483100459170236,-0.7259760509326962,-0.415407944489276,-0.2436502574578032,0.0856935379723945,-1.518329759070621,-1.748322133405462,-1.6000228472120297,-1.4339816302360584,-0.2436502574578032,-0.2805340850240227,-0.1035763287990841,-1.8667671969594029,-0.1939493064296141,-0.9852759534098828,-1.4846685183323192,-1.282809969026915,-0.9474184485055462,-0.4102693649034027,-0.3093790504646259,-0.2506317169359432,-1.6915563203671629,-0.5990148160985671,0.0335630100660638,-1.4373962129740625,1.1362068401767995,-1.4914279929978462,-0.0806800091219001,-0.5919586500410915,-1.1834851254608598,-1.421112030255578,-0.9852759534098828,-0.2506317169359432,-1.6915563203671629,-0.0267477001734138,0.0,0.0,0.0,0.0,其他,0,0,0.5,1.0,0,0.5308641975308642,0.02547307132459964,0.0662299854439592,0.03917525773195876,0.33608247422680415,0.7525773195876289,0.44123711340206184,0.07835051546391752,0.16494845360824742,0.5,0.5,0.5,0.5,0.5308641975308642,0.5061728395061729,0.5679012345679012
2025-01-06,13.59,13.87,13.31,13.8,2421268.0,14.458000000000002,15.543,16.044999999999998,16.4025,-0.0455111357034169,-0.1121405134143987,-0.1399189778747271,-0.1586648376771833,16.044999999999998,18.22692093059485,13.863079069405138,-0.0144549393424845,0.2719751861117184,0.0043668122270743,-0.1585365853658535,-0.1569945021380574,-0.146039603960396,0.0268217013892603,0.0341639175782026,0.036760129315053,25.20193860496238,-0.547726611297314,-0.219799137300046,-0.3279274739972679,-6467234.0,36.70946957985955,0.908571428571428,0.3234711514373194,0.015873015872596,0.0131291028443517,-0.0123188405797101,0.0043668122270743,0.036760129315053,25.20193860496238,-0.4030716343228608,0.0,0.0,0.0,0.5,-1.1670548330358328,-1.1362766766763477,-1.245260830847201,-1.1159217778365715,-0.8696899187361912,-0.924117681853436,-0.5181653838583856,-0.2963048090953509,0.0720780921836769,-0.8106523866626818,-1.4837028523435132,-1.4729315796594824,-1.376220077014518,-0.2963048090953509,-0.2306401097565238,-0.3077138482960787,-1.4795498673954726,0.0570384388654656,0.1200721267819806,-1.4991395853198488,-1.2543610398145435,-0.9100119104939732,-0.4545586550069074,-0.2986308768024306,-0.2454500049131165,-1.5459074522665872,-0.8167626138609707,-0.1612405995134654,-1.5416394950973118,1.186955744794714,-1.3099462381268931,-0.0907082819814158,-0.8654416087843432,-1.1289202361934991,-1.3542433313514364,0.1200721267819806,-0.2454500049131165,-1.5459074522665872,-0.2709443075399986,0.0,0.0,0.0,0.0,其他,0,0,0.5,1.0,0,0.5267489711934157,0.02463768115942022,0.05362318840579694,0.05979381443298969,0.4061855670103093,0.7670103092783506,0.488659793814433,0.006185567010309278,0.22061855670103092,0.5,0.5,0.5,0.5,0.5267489711934157,0.4094650205761317,0.4897119341563786
2025-01-07,13.82,14.08,13.7,14.07,2152410.0,14.136,15.253,15.943,16.3735,-0.0046689303904924,-0.0775585130793942,-0.1174810261556796,-0.1406846428680489,15.943,18.296139895633186,13.589860104366815,0.1020211115611944,0.2951941159905192,0.0195652173913043,-0.1026785714285714,-0.1708898055391867,-0.1266294227188081,0.0346306830626267,0.0315424751704102,0.0372403655351856,30.964466997741056,-0.6030307614111159,-0.29644546212226,-0.3065852992888558,-4314824.0,43.23423710359079,0.8514285714285709,0.2879323759630771,0.0873015872992777,0.0722100656439341,0.0163468372423596,0.0195652173913043,0.0372403655351856,30.964466997741056,-0.1110401657313441,0.0,0.0,0.0,0.5,-1.0808198644046936,-1.0632946607717,-1.084796582292254,-1.0137246658119914,-0.9034283229348166,-1.0446452961917037,-0.6340007504474935,-0.3416965355733134,0.052893677165731,-0.034822814211533,-0.997387342115027,-1.204093375575067,-1.187189215412345,-0.3416965355733134,-0.2080944444166672,-0.4499877305162114,-1.1097282863168365,0.2199004315669103,0.4543789084463036,-0.960605843802869,-1.3617614691609008,-0.7692471170410378,-0.1245958035085267,-0.4312285344333507,-0.213884020742534,-1.142335950338342,-0.9284292237671508,-0.3432716378882959,-1.431959853915402,1.2309710254351591,-0.83511653749819,-0.192651233407836,-0.9070312269632924,-0.9043367804502244,-1.0915862233723448,0.4543789084463036,-0.213884020742534,-1.142335950338342,-0.1484908913206518,0.0,0.0,0.0,0.0,其他,0,0,0.5,1.0,0,0.6275720164609053,-0.003553660270078196,0.03766879886282859,0.13402061855670103,0.41855670103092785,0.7587628865979381,0.48041237113402063,0.002061855670103093,0.2020618556701031,0.5,0.5,0.5,0.5,0.6275720164609053,0.3148148148148148,0.4506172839506173
2025-01-08,14.0,14.05,13.61,13.91,2213852.0,13.984,14.922,15.839,16.3505,-0.0052917620137299,-0.06781932716794,-0.1217879916661404,-0.1492614904742973,15.839,18.36117867391614,13.316821326083858,0.1175925163508272,0.3184770091420187,-0.0113717128642502,-0.0518064076346285,-0.1922183507549361,-0.1300813008130081,0.0246804383005881,0.0295393660189541,0.037258185441643,23.877917408720062,-0.6522516110599792,-0.3676066919098039,-0.2846449191501753,-6528676.0,47.28845360802637,0.8135714285714281,0.2986418945494986,0.0449735449723551,0.037199124725663,0.0208483105679366,-0.0113717128642502,0.037258185441643,23.877917408720062,0.0285456767065754,0.0,0.0,0.0,0.5,-1.0129483284177534,-1.0686779566812232,-1.1159260025478908,-1.0675221520808535,-0.8919080942394425,-1.098804982937592,-0.7659790429969283,-0.387949880826764,0.0376519414932507,-0.0465854451605675,-0.8585779348544451,-1.2478128826426018,-1.2656014836996965,-0.387949880826764,-0.1868924435816868,-0.5918745028357731,-1.0563541847917548,0.3831079776442834,-0.2288605088578702,-0.4722577042918746,-1.5280873899758702,-0.7911661549204687,-0.5441570499456607,-0.5321367929870338,-0.2122677152960963,-1.619732677331425,-1.0267484742784128,-0.5120110910359132,-1.321132883165466,1.1741863222113074,-0.5402793072251675,-0.2600297868420142,-0.8901410441136587,-1.03101699453268,-1.2357902391990163,-0.2288605088578702,-0.2122677152960963,-1.619732677331425,-0.0898153344367677,0.0,0.0,0.0,0.0,其他,0,0,0.5,1.0,0,0.6748971193415638,0.0035945363048166534,0.030194104960460155,0.3917525773195876,0.43711340206185567,0.7608247422680412,0.29690721649484536,0.006185567010309278,0.13402061855670103,0.5,0.5,0.5,0.5,0.6748971193415638,0.5123456790123457,0.4012345679012346
2025-01-09,13.81,13.99,13.8,13.89,1450600.0,13.882,14.684,15.737,16.329166666666666,0.0005762858377755,-0.0540724598202124,-0.1173667153841265,-0.1493748405205408,15.737,18.404497151381992,13.069502848618008,0.1537953191330542,0.3390096144582883,-0.0014378145219265,-0.0354166666666666,-0.1462814996926859,-0.128060263653484,0.0244590271165889,0.0273847602550159,0.0372700862773723,25.97656249289699,-0.6849773295993238,-0.4310808194477079,-0.2538965101516158,-7979276.0,52.26988946104688,0.7699999999999995,0.1975336011212272,0.0396825396814899,0.0328227571108792,0.0179985601151908,-0.0014378145219265,0.0372700862773723,25.97656249289699,-0.3447619804756596,0.0,0.0,0.0,0.5,-1.075952714732795,-1.0837396084694442,-1.0359179768058118,-1.0703838973111828,-0.9929807998589412,-1.1332678980529345,-0.8597271268187754,-0.4332407440813344,0.0235082431114123,0.0651833989492372,-0.664845059489127,-1.1901990703264795,-1.2586470464717936,-0.4332407440813344,-0.1726436555427412,-0.7198138666070274,-0.939441132974079,0.5267077353695999,-0.0089028088580972,-0.3143762669476345,-1.143491467915171,-0.7741842229944985,-0.5521326278292396,-0.6405034672578723,-0.2110387385505211,-1.465914598576883,-1.0902296803834748,-0.662022089129357,-1.1705173562960718,1.1355395145306997,-0.1788553081978318,-0.3376153434887705,-1.014115738189262,-1.0428929824427944,-1.2468380017306817,-0.0089028088580972,-0.2110387385505211,-1.465914598576883,-0.2460724129260895,0.0,0.0,0.0,0.0,其他,0,0,0.5,1.0,0,0.5288065843621399,0.007199424046076208,0.0381569474442045,0.334020618556701,0.534020618556701,0.7835051546391752,0.34845360824742266,0.0,0.09896907216494845,0.5,0.5,0.5,0.5,0.5288065843621399,0.5205761316872428,0.49588477366255146
2025-01-10,13.88,13.96,13.47,13.48,2033987.0,13.830000000000002,14.404,15.535,16.300833333333333,-0.0253073029645698,-0.0641488475423492,-0.1322819439974251,-0.1730484126578395,15.535,18.2455136433019,12.824486356698095,0.1209205577897913,0.3489557313530034,-0.0295176385889128,-0.0189228529839883,-0.1719901719901719,-0.230593607305936,0.0182815803762368,0.0270897883909649,0.0279725695972621,23.77495462190832,-0.7355176807725492,-0.4919681917126762,-0.2435494890598729,-10013263.0,47.39928897364752,0.771428571428571,0.3078531649679566,0.0,0.0,0.0452522255192877,-0.0295176385889128,0.0279725695972621,23.77495462190832,0.4021694471253274,0.0,0.0,0.0,0.5,-1.046907811041055,-1.0889752039939635,-1.1624632045692145,-1.213689208001843,-0.909656076070144,-1.1482251543729427,-0.9698439318825574,-0.5238172766262232,0.0047424274085717,-0.4283604890326623,-0.8030029615546495,-1.3563060977890988,-1.4852716876433685,-0.5238172766262232,-0.2232191048766295,-0.8459381173500674,-1.0378612132831504,0.5953888511497265,-0.6301168639024177,-0.1555808745520725,-1.3480688756706902,-1.4959520459878617,-0.8115648532528557,-0.6537538066627877,-0.8139641570869437,-1.6054591873460953,-1.1898020122158646,-0.8052904694069649,-1.1168597695745317,1.0838722022819631,-0.5312022148999928,-0.3342987840338562,-0.8710538361921081,-1.1601408707123153,-1.379033878664427,-0.6301168639024177,-0.8139641570869437,-1.6054591873460953,0.0680119130028055,0.0,0.0,0.0,0.0,其他,0,0,0.5,1.0,0,0.4865979381443299,0.04228486646884266,0.0778931750741838,0.53099173553719,0.20867768595041322,0.5909090909090909,0.38636363636363635,0.002066115702479339,0.13636363636363635,0.5,0.5,0.5,0.5,0.4865979381443299,0.5711340206185567,0.5154639175257731
2025-01-13,13.35,13.78,13.27,13.63,1739999.0,13.796,14.127,15.357,16.249666666666666,-0.012032473180632,-0.035180859347349,-0.1124568600638145,-0.1612135633551457,15.357,18.07744965323545,12.63655034676455,0.1825892370468381,0.3542944133903414,0.0111275964391692,-0.0123188405797101,-0.1689024390243901,-0.2070971495055265,0.0192498289346238,0.0275090200357997,0.0284222867657325,16.996047426127575,-0.7547670421813155,-0.5445279618064042,-0.2102390803749113,-8273264.0,34.721018736840776,0.691428571428571,0.3089813589929595,0.0401069518705854,0.0310559006204751,0.0374174614820248,0.0111275964391692,0.0284222867657325,16.996047426127575,-0.1445377969475714,0.0,0.0,0.0,0.5,-1.2291099399584318,-1.142673843843547,-1.2363071484963335,-1.1540726433363366,-0.9466415829908472,-1.1561478449674136,-1.0778795991728327,-0.6032776504070655,-0.0291381495241536,-0.1739892555775672,-0.3971316323062819,-1.120136514498073,-1.356906068943317,-0.6032776504070655,-0.2766886600465817,-0.9413850293877758,-0.8419793529107227,0.6313865691799199,0.2720080513465757,-0.0918244053782842,-1.31549387231711,-1.321171339798879,-0.768097740236024,-0.6305303245781504,-0.7820522917540781,-2.0478760173592057,-1.2239542417454972,-0.9279479090429764,-0.9561776011922896,1.1193895510184175,-1.4442752495751614,-0.4774837182650929,-0.8665112927786451,-1.0316733377149925,-1.2371477758698777,0.2720080513465757,-0.7820522917540781,-2.0478760173592057,-0.1620973477859614,0.0,0.0,0.0,0.0,其他,0,0,0.5,1.0,0,0.3703703703703703,0.04548789435069689,0.03668378576669107,0.5257731958762887,0.22474226804123712,0.5896907216494846,0.05979381443298969,0.016494845360824743,0.16494845360824742,0.5,0.5,0.5,0.5,0.37037037037037035,0.6399176954732511,0.39711934156378603
2025-01-14,13.7,14.4,13.7,14.3,3431753.0,13.842000000000002,13.989,15.2285,16.208166666666667,0.0330877040890043,0.0222317535206235,-0.0609712053058409,-0.117728717004802,15.2285,17.89019138944224,12.56680861055776,0.3255808310994452,0.3495671129034063,0.049156272927366,0.0163468372423596,-0.0880102040816326,-0.1523414344991108,0.029488760923516,0.0329653512447573,0.0313718133035903,23.357664227609348,-0.7077998234980054,-0.5771823341447244,-0.130617489353281,-4841511.0,23.031101495393088,0.6871428571428567,0.6367274971969542,0.2192513368925335,0.1697722567252636,-0.0195804195804196,0.049156272927366,0.0313718133035903,23.357664227609348,0.9722729725706738,0.0,0.0,0.0,0.5,-1.1003989036080772,-0.9371837295948672,-1.0606074625348858,-0.9077335968235348,-0.7120683329096098,-1.133364657062802,-1.1289243259638162,-0.6600011883474247,-0.0566054745042274,0.6890974325909086,0.405900506369198,-0.5192689644969432,-0.9170083297655106,-0.6600011883474247,-0.3362954515413517,-0.9742826253121118,-0.3934375602494463,0.5962238926773337,1.113319844455355,0.1843101930614676,-0.6482114748983668,-0.9284141922304208,-0.3324133715433815,-0.3498035154029666,-0.5879892864581788,-1.6037520818221511,-1.1216657997557624,-1.0024017421171394,-0.5789105254182215,1.1933859859048432,-2.264451276349314,-0.4840421047951884,-0.4493496663224573,-0.4762811710360937,-0.6364687696974182,1.113319844455355,-0.5879892864581788,-1.6037520818221511,0.3088507153161259,0.0,0.0,0.0,0.0,其他,0,0,0.5,1.0,0,0.1765913757700205,0.01118881118881121,0.011888111888111785,0.6255144032921811,0.3065843621399177,0.6193415637860082,0.051440329218107,0.12962962962962962,0.1748971193415638,0.5,0.5,0.5,0.5,0.17659137577002054,0.6673511293634496,0.4127310061601643
2025-01-15,14.18,14.47,14.12,14.2,2619699.0,13.9,13.942000000000002,15.1225,16.166666666666668,0.0215827338129495,0.0185052359776214,-0.0610018184823937,-0.1216494845360826,15.1225,17.769984406792588,12.475015593207411,0.3257780106908767,0.3501384568391578,-0.006993006993007,0.0208483105679366,-0.0320381731424677,-0.1299019607843138,0.0289941757707722,0.0265558999755823,0.0308221977553117,27.645788328573616,-0.6709132581544246,-0.5959285189466645,-0.07498473920776,-7461210.0,31.081340427601106,0.6299999999999998,0.5299505360767196,0.1925133689788095,0.14906832297828,-0.016901408450704,-0.006993006993007,0.0308221977553117,27.645788328573616,-0.236629501015953,0.0,0.0,0.0,0.5,-0.9270316625382804,-0.9112049099791182,-0.8902010898654842,-0.9406940414119837,-0.821199538099164,-1.1062225837955528,-1.142853893144842,-0.7062915323692635,-0.0840735485299948,0.4672152507683023,0.3528597943175298,-0.5182929483182283,-0.9519022240471752,-0.7062915323692635,-0.3742536762554708,-1.0184701580903126,-0.3919036017304269,0.598630338585495,-0.1350538599151756,0.2273534590956455,-0.1868454939629956,-0.7663856263944883,-0.3527008083404515,-0.6772980614552784,-0.6221394044288207,-1.306019653895756,-1.0410466617366636,-1.0432126532712651,-0.3153467365365293,1.1278998603153856,-1.6724227367381552,-0.585911065928361,-0.5835339913315061,-0.5576462390950974,-0.7232555586475946,-0.1350538599151756,-0.6221394044288207,-1.306019653895756,-0.202108519551339,0.0,0.0,0.0,0.0,其他,0,0,0.5,1.0,0,0.3182751540041068,0.026760563380281654,0.016901408450704203,0.6728395061728395,0.2448559670781893,0.6419753086419753,0.11316872427983539,0.12139917695473251,0.1419753086419753,0.5,0.5,0.5,0.5,0.3182751540041068,0.6817248459958932,0.4188911704312115
2025-01-16,14.35,14.46,14.03,14.14,2052400.0,13.95,13.916,14.988499999999998,16.115666666666666,0.013620071684588,0.0160965794768612,-0.0566100677185841,-0.122592922001365,14.988499999999998,17.54391756810267,12.433082431897326,0.3339801661723364,0.3409837632966105,-0.0042253521126759,0.0179985601151908,-0.0180555555555554,-0.159334126040428,0.0291624135163235,0.026011027919818,0.0295732672536378,27.13675212863427,-0.6391541171165382,-0.6045736385806393,-0.0345804785358989,-9513610.0,33.730245806744094,0.6142857142857142,0.4463673502161496,0.1764705882305757,0.1366459627300902,-0.0106082036775105,-0.0042253521126759,0.0295732672536378,27.13675212863427,-0.2165512144715862,0.0,0.0,0.0,0.5,-0.8639305754226483,-0.9113281313881294,-0.9228690220033032,-0.9590190857301648,-0.8962581201729823,-1.0824092783312238,-1.1482136117093231,-0.7651346856668413,-0.1178757994636172,0.3135178576647956,0.3183383241036546,-0.465856212203768,-0.9569258610457926,-0.7651346856668413,-0.4463125256277893,-1.036224582573625,-0.3653039365638794,0.5321744337187879,-0.0732544080538821,0.1993684524771311,-0.0713260467366515,-0.9719779424515468,-0.3447929176040656,-0.7032815951111279,-0.701712015709382,-1.3331206892884742,-0.9716208380614458,-1.059690548064748,-0.1238416805396898,1.076043898131484,-1.473195375139556,-0.6127279920611935,-0.6879065376091018,-0.6057513828220509,-0.7740037522316269,-0.0732544080538821,-0.701712015709382,-1.3331206892884742,-0.1932235562077575,0.0,0.0,0.0,0.0,其他,0,0,0.5,1.0,0,0.5215605749486653,0.032531824611032434,0.03536067892503536,0.5246913580246914,0.13168724279835392,0.6152263374485597,0.059670781893004114,0.0411522633744856,0.08847736625514403,0.5,0.5,0.5,0.5,0.5215605749486653,0.6899383983572895,0.5954825462012321
2025-01-17,14.14,14.22,14.0,14.09,1556212.0,14.072,13.951000000000002,14.8755,16.072166666666664,0.0012791358726549,0.0099634434807538,-0.0528049477328492,-0.1233291508093701,14.8755,17.37672054415952,12.374279455840478,0.3429766615605968,0.3362872567836654,-0.0035360678925036,0.0452522255192877,0.0254730713245996,-0.1382262996941896,0.0234778409866031,0.0209505660764088,0.029218009526927,24.94577005750021,-0.6109763955905336,-0.6058541899826182,-0.0051222056079154,-11069822.0,23.03125384306688,0.5814285714285715,0.3564672462509409,0.1631016042737137,0.1262939958565984,-0.0028388928317955,-0.0035360678925036,0.029218009526927,24.94577005750021,-0.2417598908594815,0.0,0.0,0.0,0.5,-0.9351220468993668,-0.9859993707594668,-0.931571067572004,-0.9736233449882292,-0.9611249101391354,-1.031241463690675,-1.1290187544116328,-0.81413973114451,-0.1466633460159388,0.0757710406896032,0.2315449935793822,-0.420350658473314,-0.9598677920169836,-0.81413973114451,-0.4992392681973548,-1.0626574135914455,-0.3362428263557323,0.4974925339191579,-0.0577603790824033,0.4626405432680542,0.2879540932251442,-0.8189871131871034,-0.5860216546608701,-0.9603126635837336,-0.7227495311002025,-1.4719626126009293,-0.9100545948406024,-1.058544747879238,0.0158401667923389,1.0360222405506487,-2.212447548725454,-0.6704392340911224,-0.7998491157152929,-0.6454457130258282,-0.8155626190989833,-0.0577603790824033,-0.7227495311002025,-1.4719626126009293,-0.2035287887594849,0.0,0.0,0.0,0.0,其他,0,0,0.5,1.0,0,0.6004098360655737,0.039744499645138376,0.053938963804116336,0.486652977412731,0.17453798767967146,0.6036960985626283,0.06570841889117043,0.01026694045174538,0.08213552361396304,0.5,0.5,0.5,0.5,0.6004098360655737,0.6229508196721312,0.6495901639344263
2025-01-20,14.15,14.32,14.05,14.14,2077352.0,14.174,13.985,14.764,16.020166666666668,-0.0023987582898264,0.0110833035395065,-0.0422649688431319,-0.1173624910269348,14.764,17.18214543988164,12.345854560118358,0.3709755026009439,0.3275732104938042,0.0035486160397446,0.0374174614820248,0.0246376811594202,-0.1362248014660965,0.0235592012523611,0.0209449885008683,0.0292570545451202,30.45685278105596,-0.5779485351889164,-0.6002730590238778,0.0223245238349614,-8992470.0,31.457568274106507,0.5292857142857145,0.4928943768715156,0.1764705882305757,0.1366459627300902,0.0077793493635076,0.0035486160397446,0.0292570545451202,30.45685278105596,0.3348772532277093,0.0,0.0,0.0,0.5,-0.9283460825299082,-0.9499882508347628,-0.9085280065302386,-0.952068844933216,-0.886388722708411,-0.988151123149326,-1.1104288242127816,-0.8622021097680327,-0.1811412475316852,0.004816465819289,0.2468323587177425,-0.296206405267326,-0.8961459092696121,-0.8622021097680327,-0.560910119956386,-1.0729937403702274,-0.2474552204017842,0.4343303243060819,0.1004856701003839,0.3856952337193636,0.2804510491384104,-0.8020758053852158,-0.5810683390514291,-0.957040979180644,-0.7179980659186779,-1.0956121195090704,-0.8388578371833331,-1.0411195993660538,0.145978902180506,1.0796837420692933,-1.6030420225573545,-0.7627941150118641,-0.6240942526890538,-0.6022167963610322,-0.7677839176835889,0.1004856701003839,-0.7179980659186779,-1.0956121195090704,0.0416379248442926,0.0,0.0,0.0,0.0,其他,0,0,0.5,1.0,0,0.8032786885245902,0.028288543140028155,0.040311173974540315,0.36960985626283366,0.1601642710472279,0.6036960985626283,0.1457905544147844,0.0513347022587269,0.07802874743326489,0.5,0.5,0.5,0.5,0.8032786885245902,0.625,0.6536885245901639
2025-01-21,14.15,14.22,13.86,14.02,1845729.0,14.118,13.98,14.616499999999998,15.948666666666668,-0.0069414931293384,0.0028612303290413,-0.0408100434440529,-0.1209296492914768,14.616499999999998,16.818281814325395,12.414718185674602,0.3645415281034069,0.3012734668778891,-0.0084865629420085,-0.0195804195804196,-0.0035536602700781,-0.1738361814967589,0.0046453210820114,0.0202934291969104,0.02740423473594,39.3442622770223,-0.5550583478545086,-0.591230116790004,0.0361717689354954,-10838199.0,35.65980135528552,0.4714285714285716,0.4993355711053759,0.1443850267341072,0.1238532110063334,0.0313837375178318,-0.0084865629420085,0.02740423473594,39.3442622770223,-0.1114991585441466,0.0,0.0,0.0,0.5,-0.9251508893671284,-0.979058296794906,-0.9807636662743426,-0.992003296712774,-0.9151754318710484,-1.0059488035298438,-1.1076974912064883,-0.9263654021589538,-0.2287018696415854,-0.0828213765532681,0.1304309457287462,-0.2785295599023419,-0.9278275733448752,-0.9263654021589538,-0.6771896751595706,-1.0324273865742626,-0.2672056734706141,0.2459944676756848,-0.1688355956320803,-0.1685454018070738,0.0464472962439575,-1.065537034566376,-1.3830407754157712,-0.9868410093380516,-0.8367041728076203,-0.495378490097687,-0.7889578148731873,-1.0156203950733813,0.2114868723946752,1.033039837112789,-1.2988504381106576,-0.8650248559249026,-0.6141793865407772,-0.7000619200463423,-0.8200091736303613,-0.1688355956320803,-0.8367041728076203,-0.495378490097687,-0.1482809167854946,0.0,0.0,0.0,0.0,其他,0,0,0.5,1.0,0,0.8852459016393442,0.041369472182596345,0.0684736091298146,0.17453798767967146,0.026694045174537988,0.6036960985626283,0.3264887063655031,0.07392197125256673,0.10472279260780287,0.5,0.5,0.5,0.5,0.8852459016393442,0.6188524590163934,0.6598360655737705
2025-01-22,14.02,14.15,13.87,13.96,1476200.0,14.07,13.985000000000005,14.4535,15.891333333333334,-0.0078180525941717,-0.0017876296031463,-0.0341439789670321,-0.1215337500524395,14.4535,16.297332107895006,12.609667892104993,0.3661754511369217,0.2551398772452692,-0.0042796005706132,-0.016901408450704,0.0035945363048166,-0.1893147502903599,0.0043482673762809,0.019980103027928,0.0268568509780601,42.25352110593138,-0.5355853139229616,-0.5801011562165955,0.0445158422936339,-12314399.0,38.04366139500681,0.4428571428571431,0.4598962924825773,0.1643835616382063,0.1100917431167411,0.0444126074498567,-0.0042796005706132,0.0268568509780601,42.25352110593138,-0.2002076144439405,0.0,0.0,0.0,0.5,-0.9678143609273068,-0.9982107765974234,-0.9732577509988036,-1.010017626488207,-0.962668828659662,-1.0205584155570926,-1.1009921221449377,-0.9971322375122308,-0.266709925425397,-0.0996056827884135,0.0645117347965208,-0.1997213173162278,-0.9297777312464922,-0.9971322375122308,-0.8437986165283794,-0.9262723399136976,-0.2614814865720301,-0.0839161400204199,-0.0742706551555771,-0.1421591470636458,0.1056686845538746,-1.1702493175699866,-1.3880257948965482,-0.999136826813904,-0.8695830728728269,-0.2983685545310066,-0.7463516676637169,-0.985367250041852,0.2507861655976865,0.9952451626223416,-1.125424498074311,-0.9137285561177436,-0.6627121389304198,-0.6359370677379375,-0.8760761355845063,-0.0742706551555771,-0.8695830728728269,-0.2983685545310066,-0.1857928915275992,0.0,0.0,0.0,0.0,其他,0,0,0.5,1.0,0,0.8278688524590164,0.026504297994269344,0.06088825214899707,0.3162217659137577,0.03285420944558522,0.5852156057494866,0.37782340862423,0.07392197125256673,0.23408624229979466,0.5,0.5,0.5,0.5,0.8278688524590164,0.4057377049180328,0.5758196721311475
2025-01-23,14.1,14.22,13.99,13.99,2004777.0,14.04,13.995,14.3395,15.8415,-0.0035612535612535,-0.0003572704537335,-0.0243732347710868,-0.1168765584067165,14.3395,15.98131510594358,12.69768489405642,0.3935629235063916,0.2289919601007191,0.0021489971346704,-0.0106082036775105,0.0071994240460762,-0.1401352181929932,0.0049386178904527,0.0199729330728495,0.0247706306463649,55.6561085620278,-0.5118319646738296,-0.5664473179080424,0.0546153532342127,-10309622.0,47.65409914533304,0.3950000000000003,0.6826199819339254,0.1746575342405939,0.1169724770615373,0.0436025732666189,0.0021489971346704,0.0247706306463649,55.6561085620278,0.3580659802194825,0.0,0.0,0.0,0.5,-0.9361722509392272,-0.97186867264067,-0.9222129103446594,-0.9954547618604012,-0.8868780615003014,-1.0281719028188634,-1.0923570287544186,-1.045053008955862,-0.2996392456691458,-0.0169972209047942,0.0846325530758737,-0.0844239694607135,-0.8793288999914971,-1.045053008955862,-0.9431306494571222,-0.876802248262664,-0.1743058862320491,-0.270796999819324,0.0701590062579253,-0.0805502967629088,0.1354317625755735,-0.8174108794253402,-1.355574178842082,-0.9957004727804352,-1.0025953388561593,0.6063338882597602,-0.6950635990890219,-0.9493342513647604,0.2984347714453241,1.0375978224291076,-0.4456640982577193,-0.996944786535288,-0.3767502849013375,-0.6022429871312993,-0.8427885782155968,0.0701590062579253,-1.0025953388561593,0.6063338882597602,0.0528530056222971,0.0,0.0,0.0,0.0,其他,0,0,0.5,1.0,0,0.6700819672131147,0.030736240171551188,0.030736240171551188,0.5195071868583162,0.06570841889117043,0.5441478439425051,0.6201232032854209,0.1868583162217659,0.32854209445585214,0.5,0.5,0.5,0.5,0.6700819672131147,0.46311475409836067,0.5307377049180327
2025-01-24,14.01,14.09,13.78,14.05,1898100.0,14.032,14.052,14.228,15.781666666666668,0.0012827822120866,-0.0001423284941646,-0.0125105425920718,-0.1097264758686239,14.228,15.594788013440072,12.861211986559928,0.4348838304502397,0.1921265129927559,0.004288777698356,-0.0028388928317955,0.0422848664688426,-0.136977886977887,0.0055766428757607,0.0168740757050401,0.0248453447793677,55.6561085620278,-0.4826026230749409,-0.5496783789414221,0.0670757558664811,-8411522.0,48.43486485590528,0.3771428571428576,0.6850827887774553,0.1952054794453699,0.13073394495113,0.0427046263345194,0.004288777698356,0.0248453447793677,55.6561085620278,-0.0532114045602079,0.0,0.0,0.0,0.5,-0.964697020048611,-1.0105460876697725,-1.002347099616971,-0.970187737732478,-0.8986009236752701,-1.0273125113422397,-1.0649487120728351,-1.0914262806948831,-0.3392996543316573,0.0770038020448044,0.0875193793712643,0.0555217488092305,-0.8043790841771019,-1.0914262806948831,-1.0644841403049576,-0.7880494980774025,-0.0429772584527439,-0.5342197602443937,0.1181450487989331,-0.0045274850486401,0.4272576040363293,-0.7923591277520224,-1.321570246388337,-1.150239554596964,-0.9937615571485232,0.604742190358952,-0.6326062563754586,-0.9061324694476438,0.3573210222486138,1.0771738852651351,-0.3895741302801077,-1.0253664200919568,-0.3727561995299744,-0.5366616355357328,-0.7800310760396391,0.1181450487989331,-0.9937615571485232,0.604742190358952,-0.1231243327019042,0.0,0.0,0.0,0.0,其他,0,0,0.5,1.0,0,0.5655737704918032,0.03416370106761546,0.030604982206405618,0.5995893223819302,0.08008213552361396,0.5441478439425051,0.5646817248459959,0.28952772073921973,0.39835728952772076,0.5,0.5,0.5,0.5,0.5655737704918032,0.4774590163934426,0.5348360655737705
2025-01-27,14.19,14.45,14.09,14.25,2784702.0,14.053999999999998,14.114,14.120499999999998,15.740666666666668,0.0139462074854135,0.0096358225875017,0.0091710633476154,-0.0947016221252806,14.120499999999998,15.02955329587218,13.211446704127816,0.5712279469921682,0.128756530698735,0.0142348754448398,0.0077793493635076,0.0454878943506968,-0.1310975609756096,0.0087103057750534,0.0170420577982194,0.0251009949909237,54.205607441173896,-0.4382479808284572,-0.5273922993188291,0.0891443184903719,-5626820.0,49.65519542618036,0.3785714285714289,1.049830652865301,0.3499999999840908,0.1766055045831053,0.0203508771929823,0.0142348754448398,0.0251009949909237,54.205607441173896,0.4670997313102576,0.0,0.0,0.0,0.5,-0.8978094005051525,-0.8901028122532041,-0.8757566557865868,-0.8945633790745944,-0.7740247727530338,-1.0149824986377347,-1.0357790716185784,-1.1355519683216124,-0.3661740637298561,0.322917525717319,0.226252883191607,0.3113388454675921,-0.6511312923546704,-1.1355519683216124,-1.242227282634773,-0.6016216622330515,0.3900557371373927,-0.986166052706206,0.3419250459006466,0.0993693505287773,0.452993636750249,-0.7481321704100808,-1.182986739998478,-1.1366218211615824,-0.9732186619906056,0.5051995861613665,-0.5389236688790016,-0.8500517538550448,0.462067120431362,1.136721280112139,-0.3024811569083854,-1.0187663855762437,0.0955677507275452,-0.0520983088317539,-0.5786716830616706,0.3419250459006466,-0.9732186619906056,0.5051995861613665,0.1000181093887275,0.0,0.0,0.0,0.0,其他,0,0,0.5,1.0,0,0.3483606557377049,-0.008421052631578885,0.02947368421052632,0.8028747433264887,0.1273100616016427,0.5523613963039015,0.6303901437371663,0.728952772073922,0.6509240246406571,0.5,0.5,0.5,0.5,0.3483606557377049,0.26229508196721313,0.48770491803278687
2025-02-05,14.25,14.46,14.21,14.46,2206752.0,14.142,14.13,14.0595,15.696666666666664,0.0224862112855324,0.0233545647558386,0.0284860770297663,-0.0787853047356125,14.0595,14.627802180552104,13.491197819447896,0.85236535563323,0.0808424453996318,0.0147368421052631,0.0313837375178318,0.0111888111888112,-0.0778061224489795,0.0081749456449034,0.0082457076121684,0.0239236939951996,62.557077585579954,-0.3817507770174604,-0.4982639948585554,0.1165132178410949,-3420068.0,57.25448130072076,0.3635714285714288,0.8952411409493678,0.8235294116955024,0.2247706421966797,0.0096818810511756,0.0147368421052631,0.0239236939951996,62.557077585579954,-0.2075446493017924,0.0,0.0,0.0,0.5,-0.8736836391364259,-0.8839614090307474,-0.825299019609454,-0.8157502955615332,-0.8511336214811316,-0.9774704619852358,-1.0253272002978624,-1.1581523856134852,-0.3950544800629501,0.4883633219449711,0.4209449986293802,0.5388764338579541,-0.4894601631162433,-1.1581523856134852,-1.365150055402932,-0.4527457577026906,1.2796218752636803,-1.3236195872601562,0.3525492157064752,0.3304963155901976,0.1655663903777596,-0.3670606602014569,-1.2002715985823236,-1.578751095799403,-1.0462281109147935,1.0677501488130023,-0.4201608283761441,-0.7779465215413205,0.5919738904237675,1.1824821548195323,0.2363959195921227,-1.0418815421189815,-0.1031849893813385,1.4243141302166131,-0.3678417175138153,0.3525492157064752,-1.0462281109147935,1.0677501488130023,-0.1897218729575836,0.0,0.0,0.0,0.0,其他,0,0,0.5,1.0,0,0.16359918200409,0.0006915629322268302,0.11618257261410792,0.8831967213114754,0.2889344262295082,0.5122950819672131,0.819672131147541,0.5676229508196722,0.7971311475409836,0.5,0.5,0.5,0.5,0.16359918200409,0.25766871165644173,0.8159509202453987
2025-02-06,14.38,14.61,14.37,14.58,2361209.0,14.266,14.168,14.055,15.654333333333334,0.0220103743165569,0.0290796160361377,0.0373532550693702,-0.0686284947724804,14.055,14.604047021281575,13.505952978718426,0.9781011275470934,0.0781283559270962,0.0082987551867219,0.0444126074498567,0.0267605633802816,-0.0061349693251533,0.0056922129598242,0.0079828195885467,0.0193004954950654,65.06550214362807,-0.3235635002246972,-0.4633238959317838,0.1397603957070865,-1058859.0,58.67655955559099,0.3671428571428574,1.0308327483296835,0.9999999999090908,0.2522935779758647,-0.0171467764060356,0.0082987551867219,0.0193004954950654,65.06550214362807,0.0699929126607792,0.0,0.0,0.0,0.5,-0.8249653304861491,-0.8323944639681439,-0.759186538675241,-0.7698757101031516,-0.8272653097857998,-0.926424820588253,-1.0061375581267749,-1.1549287910542578,-0.4227662196337972,0.4779889937450571,0.501532204124167,0.6423361129736371,-0.3859854777776622,-1.1549287910542578,-1.3651815687061053,-0.4439028373212049,1.6675114300381488,-1.3358084516247084,0.2063826597818974,0.457636029001696,0.2955492451419587,0.1449245340199288,-1.2991918859111051,-1.5817078826678852,-1.3424381448474032,1.232042062425628,-0.298001021538195,-0.6922671586256723,0.7017833976935178,1.2313070604611225,0.3367968074280602,-1.0313151003270524,0.0715207908537115,1.9578545425978493,-0.2470744268109497,0.2063826597818974,-1.3424381448474032,1.232042062425628,-0.0700410375553254,0.0,0.0,0.0,0.0,其他,0,0,0.5,1.0,0,0.0838445807770961,-0.009602194787380003,0.08367626886145407,0.8258196721311475,0.6147540983606558,0.32786885245901637,0.7930327868852459,0.5840163934426229,0.7459016393442623,0.5,0.5,0.5,0.5,0.08384458077709611,0.2085889570552147,0.7423312883435583
2025-02-07,14.58,14.71,14.38,14.6,3529100.0,14.388,14.214,14.065,15.616666666666667,0.014734500973033,0.0271563247502462,0.0380376821898327,-0.0651013874066168,14.065,14.646812051402446,13.483187948597555,0.9597704693589764,0.0827318949730974,0.0013717421124828,0.0436025732666189,0.0325318246110324,0.0138888888888888,0.0059231916683126,0.0076340083178368,0.0188154845930627,79.47368415196674,-0.2726924030206419,-0.4251975973495554,0.1525051943289135,2470241.0,67.0422809021945,0.355714285714286,1.537321807333035,0.9999999999107144,0.2568807339390622,-0.0123287671232876,0.0013717421124828,0.0188154845930627,79.47368415196674,0.494615682051017,0.0,0.0,0.0,0.5,-0.7517215153348548,-0.7973441199732354,-0.753050314424031,-0.7604225623868168,-0.6641283326420946,-0.8764682459323938,-0.9838921191475236,-1.1451878066951988,-0.4472622397666421,0.3349957642057711,0.4729445419882374,0.6486770700065366,-0.3494375292232423,-1.1451878066951988,-1.3439464191807362,-0.4549036567329341,1.5982130120521685,-1.2960072494313266,0.049172569378472,0.4486646074789337,0.3433125886804503,0.2877158207513768,-1.2831036006124623,-1.588944268093675,-1.366543098626188,2.1845454287982813,-0.1911808071730882,-0.5992449381505107,0.7609080388820155,1.306222713453295,0.9293360666285302,-1.0479094135478744,0.723767398257058,1.939659521699506,-0.2264577731254319,0.049172569378472,-1.366543098626188,2.1845454287982813,0.1129967374284406,0.0,0.0,0.0,0.0,其他,0,0,0.5,1.0,0,0.2453987730061349,0.00273972602739736,0.0746575342465754,0.6680327868852459,0.5061475409836066,0.3483606557377049,0.8934426229508197,0.7479508196721312,0.6454918032786885,0.5,0.5,0.5,0.5,0.24539877300613497,0.5132924335378323,0.7505112474437627
2025-02-10,14.5,14.65,14.48,14.65,2245318.0,14.508,14.27,14.110499999999998,15.576,0.0097877033360904,0.0266292922214437,0.0382339392650863,-0.0594504365690806,14.110499999999998,14.726616017782082,13.494383982217917,0.9378233841804108,0.0873273119701948,0.0034246575342467,0.0427046263345194,0.0397444996451383,0.0662299854439592,0.0060901793290076,0.0072562545976902,0.0152722651391871,78.33333327240739,-0.225739920563285,-0.3853060619923013,0.1595661414290162,4715559.0,72.8591398785543,0.3314285714285717,1.018252043091856,0.99999999991453,0.2683486238470562,-0.0081911262798635,0.0034246575342467,0.0152722651391871,78.33333327240739,-0.3637703663823638,0.0,0.0,0.0,0.5,-0.7779355086887021,-0.8145234161744761,-0.7110962678526428,-0.7401426612764145,-0.8391472343515627,-0.8275607950312521,-0.9578002277851594,-1.119487199498318,-0.4737649498602396,0.237623820304307,0.4643457485831485,0.6492252698014218,-0.291485696721963,-1.119487199498318,-1.3111826826562103,-0.4479212576341876,1.5189897143753175,-1.2567872350615577,0.0956481032437599,0.4388464106587557,0.4031293955004005,0.6613732295181013,-1.2699050088280264,-1.5975053096096976,-1.5875116814238523,2.0863452659791584,-0.0925791963927985,-0.5022132203124664,0.7925667466452835,1.350987848606516,1.336646973696622,-1.0875587258248425,0.0523999446866806,1.9219629452604767,-0.1757570827618832,0.0956481032437599,-1.5875116814238523,2.0863452659791584,-0.2576086823573539,0.0,0.0,0.0,0.0,其他,0,0,0.5,1.0,0,0.3905930470347648,0.013651877133105783,0.07849829351535842,0.5635245901639344,0.569672131147541,0.24180327868852458,0.8422131147540983,0.3483606557377049,0.5081967213114754,0.5,0.5,0.5,0.5,0.39059304703476483,0.6605316973415133,0.7995910020449898
2025-02-11,14.64,14.68,14.47,14.54,2113300.0,14.566,14.31,14.147500000000004,15.5255,-0.0017849787175614,0.0160726764500349,0.0277434175649404,-0.0634762165469711,14.147500000000004,14.773897385219453,13.521102614780553,0.8132995197458873,0.0885523781890824,-0.0075085324232082,0.0203508771929823,0.0282885431400281,0.0536231884057969,0.0082677570371655,0.0081125353354968,0.0154591738992482,59.6774192874609,-0.1951561816477003,-0.3472760859233811,0.1521199042756808,2602259.0,64.76857593687325,0.2914285714285717,0.965121474441464,0.9059829059054704,0.2431192660494694,-0.028198074277854,-0.0075085324232082,0.0154591738992482,59.6774192874609,-0.0587970167254705,0.0,0.0,0.0,0.5,-0.7260884192142462,-0.8023326421859301,-0.713168411081717,-0.777998038926708,-0.8547586841485298,-0.8027350376868256,-0.9383277389188692,-1.0978961914640817,-0.5069340282761742,0.0104884875353196,0.3122892678973836,0.5230249256369436,-0.3315062389602909,-1.0978961914640817,-1.2892494246198385,-0.4327272397059334,1.1212460251562542,-1.2419024828064102,-0.1529590868002784,0.217566653061412,0.3059589228489858,0.5693724932919847,-1.172661652290795,-1.5441277972831071,-1.5647738659351795,0.8360819830787622,-0.0282959760081071,-0.4098072849742534,0.7545710865311067,1.2961343235024931,0.7588766282996924,-1.1551579792743172,-0.0164106695173471,1.6210668197754616,-0.285933149222433,-0.1529590868002784,-1.5647738659351795,0.8360819830787622,-0.1253089929830587,0.0,0.0,0.0,0.0,其他,0,0,0.5,1.0,0,0.3517382413087934,0.011691884456671353,0.09903713892709765,0.3463114754098361,0.49385245901639346,0.25614754098360654,0.47540983606557374,0.514344262295082,0.46311475409836067,0.5,0.5,0.5,0.5,0.35173824130879344,0.6462167689161554,0.8139059304703476
2025-02-12,14.5,14.63,14.42,14.6,2465967.0,14.594,14.368,14.173999999999998,15.4715,0.0004111278607648,0.0161469933184854,0.0300550303372373,-0.0563293798274245,14.173999999999998,14.83070308920216,13.517296910797835,0.8243474919808284,0.092663057598071,0.0041265474552958,0.0096818810511756,0.0413694721825963,0.0376687988628285,0.0058527047717913,0.0070726637734222,0.0149512541183709,66.66666658888889,-0.164184235984738,-0.3106577159356525,0.1464734799509144,5068226.0,56.464501680203625,0.2814285714285716,1.1181746900628582,0.9572649571831392,0.277227722765415,-0.0089041095890409,0.0041265474552958,0.0149512541183709,66.66666658888889,0.1668797615104338,0.0,0.0,0.0,0.5,-0.7737681385695255,-0.816269515154278,-0.7312054276194346,-0.7539904484103152,-0.8035504880358899,-0.789575650588073,-0.91175403572976,-1.0812720297065357,-0.542424588861059,0.0535691521285493,0.3127236460157261,0.5492176669222663,-0.2582036560686158,-1.0812720297065357,-1.2645712193005014,-0.4337656744181087,1.150919286028317,-1.2068063740281183,0.1121723767428475,0.1117626425263614,0.4154865254123906,0.453584434634262,-1.268693328461307,-1.586433754360334,-1.5869608912049646,1.2971673829121595,0.0368033243431271,-0.3208934450173599,0.7253699877180243,1.3459322457057337,0.1673802625549256,-1.1681124568185532,0.1819269264257014,1.7643484466189676,-0.1354051467850242,0.1121723767428475,-1.5869608912049646,1.2971673829121595,-0.027354886785072,0.0,0.0,0.0,0.0,其他,0,0,0.5,1.0,0,0.6114519427402862,0.026027397260274032,0.08150684931506835,0.16188524590163936,0.45081967213114754,0.24795081967213115,0.6536885245901639,0.680327868852459,0.4733606557377049,0.5,0.5,0.5,0.5,0.6114519427402862,0.6809815950920245,0.803680981595092
2025-02-13,14.56,14.65,14.33,14.33,2582400.0,14.544,14.405,14.195000000000002,15.421166666666666,-0.0147139713971397,-0.005206525511975,0.0095103909827403,-0.0707577247722286,14.195000000000002,14.84296036265978,13.547039637340225,0.604173038753039,0.0912941687432496,-0.0184931506849315,-0.0171467764060356,0.0265042979942693,0.0301941049604601,0.0096264789285009,0.0098307187314386,0.0153644413551154,56.737588596147056,-0.1595858826967084,-0.2804433492878637,0.1208574665911552,2485826.0,55.438058221002,0.2735714285714287,1.1612671014163376,0.7264957264336326,0.2103960395987525,0.0076762037683182,-0.0184931506849315,0.0153644413551154,56.737588596147056,0.0472159603109043,0.0,0.0,0.0,0.5,-0.7502755397990555,-0.8073340932693978,-0.7651542638369517,-0.849951164433207,-0.7851502030621824,-0.8065145128191529,-0.8938026756868559,-1.0673004263151784,-0.5753156326590211,-0.2438815089443043,0.0053946257194875,0.3032740913684709,-0.4041850664187555,-1.0673004263151784,-1.254409015944915,-0.416968273304157,0.4560649319606783,-1.210835585133618,-0.4037433302970615,-0.1539735943945994,0.28922175963164,0.3988617450704184,-1.1048581990790245,-1.43867686132626,-1.5499336118562048,0.6320126294346791,0.0464129434109479,-0.2474662967395766,0.6003283011923648,1.280668419861096,0.0939962127644093,-1.17709718731825,0.2374962536562536,1.054779295216159,-0.4292501052348556,-0.4037433302970615,-1.5499336118562048,0.6320126294346791,-0.079219815065016,0.0,0.0,0.0,0.0,其他,0,0,0.5,1.0,0,0.6584867075664622,0.03349616189811577,0.11304954640614095,0.08196721311475409,0.4036885245901639,0.26024590163934425,0.4713114754098361,0.6475409836065574,0.27049180327868855,0.5,0.5,0.5,0.5,0.6584867075664622,0.6748466257668712,0.852760736196319
2025-02-14,14.35,14.5,14.32,14.42,1768597.0,14.508,14.448000000000002,14.2215,15.3715,-0.0060656189688448,-0.0019379844961241,0.0139577400414865,-0.061900269980158,14.2215,14.860224881058707,13.582775118941294,0.6553877152910033,0.0898252478366157,0.0062805303558968,-0.0123287671232876,0.0307362401715511,0.0381569474442045,0.010451732994767,0.0098933369881086,0.0153810655157416,61.3793102855648,-0.1469850545367421,-0.2537516903376394,0.1067666358008972,4254423.0,55.00153961490116,0.2707142857142858,0.7896658699969614,0.8034188033501347,0.2326732673209733,0.015256588072122,0.0062805303558968,0.0153810655157416,61.3793102855648,-0.3151343711276332,0.0,0.0,0.0,0.5,-0.8227762856961222,-0.8538898566339805,-0.767002816844244,-0.8146642104318418,-0.8951244662244761,-0.8179907494892433,-0.8735513678495815,-1.050975201459086,-0.6076581181055973,-0.0731130908440732,0.0524261910174298,0.3557079145819432,-0.3129757909073965,-1.050975201459086,-1.242790270818931,-0.3970050549143895,0.6160758664869856,-1.215542313383053,0.1627734294147134,-0.1059220477224344,0.3244050173610301,0.4552572862714484,-1.065888336279009,-1.427466836003562,-1.5388545581288706,0.9392377018715852,0.0728903327416554,-0.1825701155403986,0.5310598371103972,1.314751852031927,0.062688315930513,-1.1770227154918858,-0.2462048481452151,1.2833100295661195,-0.3299175428140791,0.1627734294147134,-1.5388545581288706,0.9392377018715852,-0.2365380558011613,0.0,0.0,0.0,0.0,其他,0,0,0.5,1.0,0,0.6993865030674846,0.0,0.09986130374479885,0.24385245901639344,0.4959016393442623,0.26229508196721313,0.639344262295082,0.29918032786885246,0.4426229508196721,0.5,0.5,0.5,0.5,0.6993865030674846,0.5920245398773006,0.7955010224948875
2025-02-17,14.43,14.54,14.39,14.53,2265759.0,14.483999999999998,14.496,14.274,15.332333333333333,0.0031759182546258,0.0023454746136866,0.0179347064592965,-0.0523294997499836,14.274,14.82231416273145,13.725685837268552,0.7334428119195205,0.0768269809062081,0.007628294036061,-0.0081911262798635,0.0341637010676154,0.0778931750741838,0.0111842141402251,0.0099946633945619,0.0135051450223394,62.9139072264374,-0.1266626386929861,-0.2283338800087087,0.1016712413157226,6520182.0,55.33769040588058,0.2621428571428571,1.0064375992844028,0.8823529410899643,0.2599009900925765,0.0220233998623538,0.007628294036061,0.0135051450223394,62.9139072264374,0.281105305504872,0.0,0.0,0.0,0.5,-0.7919204898033869,-0.8382363114868816,-0.7368575348047184,-0.7722742948429645,-0.8237095747412335,-0.824797144821275,-0.851408366383644,-1.0230314400950538,-0.6326932725963517,0.109357168272589,0.1140904393852785,0.4024706499537756,-0.2145538965606885,-1.0230314400950538,-1.2488774726954055,-0.3198747217545096,0.8598597741121764,-1.3014699025207914,0.1933082196770862,-0.0646314893797597,0.352755268022717,0.7401726492056967,-1.0311289630840363,-1.4145123178081276,-1.6481254876393046,1.037906700789126,0.1156712195649522,-0.120767083484379,0.50529521147368,1.3596617017794226,0.0865909996653562,-1.1872219778687834,0.0366874824160751,1.514643224965846,-0.2087852679975212,0.1933082196770862,-1.6481254876393046,1.037906700789126,0.0234539138879509,0.0,0.0,0.0,0.0,其他,0,0,0.5,1.0,0,0.7586912065439673,-0.0034411562284927255,0.09497591190640065,0.38934426229508196,0.5163934426229508,0.22745901639344263,0.7090163934426229,0.4036885245901639,0.4057377049180328,0.5,0.5,0.5,0.5,0.7586912065439673,0.6196319018404908,0.7995910020449898
2025-02-18,14.52,14.53,14.05,14.13,2407367.0,14.402,14.484,14.299,15.298666666666666,-0.0188862657964171,-0.024440762220381,-0.0118190083222603,-0.0763900993550634,14.299,14.762755834123382,13.83524416587662,0.31779204961245,0.0648654918693807,-0.0275292498279421,-0.028198074277854,-0.0084210526315788,0.036683785766691,0.0162624243963773,0.013185342829716,0.0150818595474738,53.07262565681474,-0.1412059010429711,-0.2109082842155612,0.0697023831725901,4112815.0,54.33456603117161,0.2707142857142855,1.0537207776306816,0.2463768115584962,0.1608910891049285,0.0410474168435952,-0.0275292498279421,0.0150818595474738,53.07262565681474,0.0624991448781622,0.0,0.0,0.0,0.5,-0.7576503869808228,-0.8389918805727772,-0.8708941450998577,-0.9155996763205596,-0.8017284591840723,-0.8539414947920493,-0.8535798862405891,-1.0077707825461883,-0.6538682533985376,-0.326855380035592,-0.2730074343157204,0.0453296496096095,-0.4600129012205332,-1.0077707825461883,-1.2617871134994023,-0.2606316772394778,-0.4530774636175489,-1.378972309702166,-0.6123801670368021,-0.2635757197389017,-0.0090789291058405,0.4411725284496354,-0.8144148292415189,-1.2481614597167778,-1.5368154783962154,0.37869211282979,0.0847039575494767,-0.0783327001170208,0.3497902472712287,1.2985044726019468,0.0146203217683494,-1.166580231494751,0.0983386724025947,-0.420427167164768,-0.6464000771762797,-0.6123801670368021,-1.5368154783962154,0.37869211282979,-0.0719275262429348,0.0,0.0,0.0,0.0,其他,0,0,0.5,1.0,0,0.7689161554192229,0.03821656050955413,0.14578910120311406,0.35040983606557374,0.3975409836065574,0.27459016393442626,0.5430327868852459,0.5184426229508197,0.3237704918032787,0.5,0.5,0.5,0.5,0.7689161554192229,0.7014314928425358,0.8650306748466258
2025-02-19,14.12,14.47,14.09,14.47,2477509.0,14.376,14.485,14.3075,15.276333333333334,0.0065386755703951,-0.0010355540214013,0.0113576795387035,-0.0527831722271923,14.3075,14.777522395882198,13.8374776041178,0.6728641032388618,0.0657029384419239,0.0240622788393489,-0.0089041095890409,0.0006915629322268,0.0118881118881117,0.0209971470392773,0.014651867446549,0.0115821968313182,62.31884053756214,-0.1238685037343341,-0.1935003281193158,0.0696318243849817,6590324.0,60.09349040018007,0.2778571428571426,1.107552476841564,0.7391304346754886,0.2450495049444295,0.0352453351762267,0.0240622788393489,0.0115821968313182,62.31884053756214,0.0291363967355204,0.0,0.0,0.0,0.5,-0.8978503313721659,-0.8560824680083541,-0.8522085173690829,-0.7889542987639524,-0.7897297951793771,-0.861345948652871,-0.8505079684171791,-1.000111302353308,-0.6671751583172362,0.1770729940013118,0.0661490768147778,0.3233141955541059,-0.2170360661825567,-1.000111302353308,-1.250968676799623,-0.2589133935750874,0.6692543834878137,-1.36560056069603,0.5720800230560162,-0.0707845457071035,0.0683701138790777,0.261064255816136,-0.6130014098937914,-1.16940789841091,-1.7477729978903354,0.9946219304978844,0.121290778582253,-0.0359422991299407,0.3487616096528744,1.3482812890333318,0.4274850799341475,-1.1487203882895074,0.1685482131571051,1.0775257696629206,-0.2715604681881381,0.5720800230560162,-1.7477729978903354,0.9946219304978844,-0.086376417006592,0.0,0.0,0.0,0.0,其他,0,0,0.5,1.0,0,0.754601226993865,0.11541119557705604,0.13061506565307535,0.610655737704918,0.4098360655737705,0.1721311475409836,0.6434426229508197,0.735655737704918,0.5225409836065574,0.5,0.5,0.5,0.5,0.754601226993865,0.9284253578732107,0.869120654396728
2025-02-20,14.48,14.49,14.31,14.44,1977600.0,14.398,14.471,14.3195,15.244333333333335,0.0029170718155298,-0.0021422154654135,0.0084150982925381,-0.0527627752388867,14.3195,14.790220612185305,13.848779387814696,0.627995244756527,0.0657453978395916,-0.0020732550103663,0.0076762037683182,-0.00960219478738,0.0169014084507042,0.018873132285137,0.0143767310380143,0.0114628458202264,60.86956517622346,-0.1112666283068897,-0.1770535881568306,0.0657869598499409,4612724.0,60.11886418845003,0.2721428571428569,0.8969449852425427,0.6956521738122229,0.2376237623703556,0.025623268698061,-0.0020732550103663,0.0114628458202264,60.86956517622346,-0.2017788835479508,0.0,0.0,0.0,0.5,-0.7669188555493329,-0.8469585963212239,-0.7615369441550883,-0.7976475581319393,-0.8565957736456227,-0.8502007950792096,-0.8535159254679553,-0.9909382933043558,-0.6870996249266947,0.1049331748580482,0.0499876623859348,0.2872929792411942,-0.2163276173288986,-0.9909382933043558,-1.2409488686650716,-0.2523322932666492,0.5257928980228938,-1.3579999384308343,-0.0292924813900828,0.0949076888991868,-0.0193830279163036,0.2968301771067245,-0.7009146135960783,-1.1780897291527412,-1.742010274665884,0.8945421720128541,0.1478237576516556,0.0041111489405317,0.329445960606307,1.2971165320511386,0.428381789663912,-1.1540928296985575,-0.1077120904251307,0.9416622209255278,-0.3039146276460489,-0.0292924813900828,-1.742010274665884,0.8945421720128541,-0.1872795710516782,0.0,0.0,0.0,0.0,其他,0,0,0.5,1.0,0,0.6721311475409836,0.09418282548476453,0.24653739612188375,0.6570841889117043,0.41478439425051333,0.16837782340862423,0.5544147843942505,0.5174537987679672,0.48459958932238195,0.5,0.5,0.5,0.5,0.6721311475409836,0.8934426229508197,0.9692622950819673
2025-02-21,14.46,14.65,14.35,14.64,3095618.0,14.442000000000002,14.475,14.344500000000002,15.207833333333332,0.0137100124636475,0.01139896373057,0.0206002300533305,-0.0373382138590857,14.344500000000002,14.828016722618672,13.860983277381331,0.8055737124447813,0.0674149287343999,0.0138504155124654,0.015256588072122,0.0027397260273973,0.0353606789250353,0.0196237679458255,0.0151156003116195,0.0117464722791063,63.34841624946253,-0.0841709523682805,-0.1584770609991206,0.07430610863084,7708342.0,66.96142574314283,0.2714285714285712,1.3715762632021644,0.9855072462339848,0.28712871286418,-0.0150273224043716,0.0138504155124654,0.0117464722791063,63.34841624946253,0.5653408171521035,0.0,0.0,0.0,0.5,-0.7719260603404341,-0.7921112566940965,-0.7434059863327885,-0.7224596234241274,-0.699332548024229,-0.8306276487327229,-0.8492519228563681,-0.9759581771549806,-0.7100546537509084,0.319117999706569,0.2465200765775245,0.433337009401163,-0.0570990708298744,-0.9759581771549806,-1.223106987699678,-0.2452719177225155,1.0849237618124083,-1.339136610340556,0.3371285772332034,0.1705622023998118,0.0859082993606377,0.4300338037902972,-0.6674429377686913,-1.1362870504665858,-1.7112045332860542,1.0566066115934591,0.2051673739869753,0.0493529456645544,0.370160686623654,1.360705276259243,0.918418191776429,-1.150472075392893,0.5152783071367115,1.810650548436227,-0.0827189576881887,0.3371285772332034,-1.7112045332860542,1.0566066115934591,0.1493642811807534,0.0,0.0,0.0,0.0,其他,0,0,0.5,1.0,0,0.4233128834355828,0.07172131147540983,0.3524590163934427,0.6987704918032787,0.5922131147540983,0.1864754098360656,0.6782786885245902,0.7725409836065574,0.6168032786885246,0.5,0.5,0.5,0.5,0.4233128834355828,0.8445807770961146,0.9918200408997955
2025-02-24,14.61,15.01,14.57,14.85,4451226.0,14.506,14.495,14.3825,15.176833333333333,0.0237143251068523,0.0244912038634013,0.0325047801147229,-0.0215350149899518,14.3825,14.900060065163364,13.864939934836634,0.9516384004214798,0.0719708069055818,0.014344262295082,0.0220233998623538,0.0136518771331057,0.0539389638041163,0.0202243558530202,0.0157416926081018,0.0119963645639364,63.51351347345993,-0.045230796552639,-0.1358278081098243,0.0905970115571852,12159568.0,68.6208888519475,0.2742857142857141,1.8533422441356937,0.9999999998876404,0.3391089108826952,-0.0249158249158248,0.014344262295082,0.0119963645639364,63.51351347345993,0.4379119129039823,0.0,0.0,0.0,0.5,-0.7162978902459041,-0.672000853317946,-0.6530890798572685,-0.6438803810079105,-0.5095709314542931,-0.8034293386457941,-0.8385571234318787,-0.9552069139478004,-0.7291231219965659,0.5173900102343219,0.4363833692989035,0.5757484034983491,0.1060347761030068,-0.9552069139478004,-1.194631589402825,-0.2426588990343324,1.5385828573616114,-1.3003651992354013,0.3478511689072893,0.2380478648992293,0.1789760795501467,0.5638757237497083,-0.6404099274898986,-1.1004863829382685,-1.683167308677826,1.0635255353878228,0.2877114369529203,0.1045318863252344,0.4486043025598863,1.4538575826378335,1.034135114074296,-1.140506981935247,1.144792106445686,1.8394377604167964,0.1495207750680089,0.3478511689072893,-1.683167308677826,1.0635255353878228,0.0931391135213072,0.0,0.0,0.0,0.0,其他,0,0,0.5,1.0,0,0.3087934560327198,0.06397306397306401,0.19999999999999996,0.7581967213114754,0.6475409836065574,0.17827868852459017,0.6229508196721312,0.8811475409836066,0.6721311475409836,0.5,0.5,0.5,0.5,0.30879345603271985,0.8302658486707567,0.9550102249488752
2025-02-25,14.66,14.87,14.63,14.71,2481353.0,14.622,14.512,14.411,15.155,0.0060183285460266,0.0136438809261301,0.0207480396919019,-0.0293632464533156,14.411,14.935069099501115,13.886930900498886,0.7852677253878391,0.0727318159041675,-0.0094276094276093,0.0410474168435952,0.0116918844566713,0.0403111739745403,0.0135789499688837,0.0158744343198549,0.0122951637976015,55.81395345202813,-0.0253747679592297,-0.1137372000797054,0.0883624321204756,9678215.0,61.96455005568629,0.2735714285714283,1.024535750767111,0.8426966291187993,0.3044554455370186,-0.0027192386131883,-0.0094276094276093,0.0122951637976015,55.81395345202813,-0.4425461659327115,0.0,0.0,0.0,0.5,-0.6965742991762918,-0.716214199389977,-0.6273593823339235,-0.6934808772236563,-0.7818648298407687,-0.756245950131259,-0.8291389463313623,-0.9389132831992456,-0.7417828531524308,0.1638817820660738,0.2775395617466853,0.4325663657513738,0.024879256418161,-0.9389132831992456,-1.178193232278577,-0.2303194642918488,1.0083409681441402,-1.2885897105708055,-0.2014811691085034,0.4284508507145008,0.1618731324702441,0.4635048848109749,-0.9191272859987106,-1.0895353415666478,-1.6526804491399598,0.5463404748266694,0.3295131570774669,0.1583412839964696,0.4368002382492083,1.3904982047309524,0.5530341699542614,-1.1370418063428858,0.0538351763828711,1.3568984801204809,-0.0058488195537078,-0.2014811691085034,-1.6526804491399598,0.5463404748266694,-0.2943313291508411,0.0,0.0,0.0,0.0,其他,0,0,0.5,1.0,0,0.4151329243353783,0.0863358259687288,0.09041468388851115,0.7684426229508197,0.6516393442622951,0.19057377049180327,0.4610655737704918,0.6004098360655737,0.6290983606557377,0.5,0.5,0.5,0.5,0.41513292433537835,0.8425357873210634,0.8220858895705522
2025-02-26,14.71,14.99,14.71,14.98,3203303.0,14.724,14.55,14.459,15.132833333333334,0.017386579733768,0.0295532646048108,0.0360329206722456,-0.0100994526250867,14.459,15.00756367475658,13.91043632524342,0.9748765037474464,0.0758785081613925,0.0183548606390211,0.0352453351762267,0.026027397260274,0.0684736091298146,0.0120622248739751,0.0167705779510784,0.0125468781367147,58.69565213818527,0.0120095822789227,-0.0885878436079797,0.1005974258869025,12881518.0,62.91009836322443,0.2764285714285711,1.2865663508933027,0.9999999999019608,0.3712871287036811,0.0774365821094793,0.0183548606390211,0.0125468781367147,58.69565213818527,0.2909501388959974,0.0,0.0,0.0,0.5,-0.6769232002592527,-0.6749740560267438,-0.5936533326624043,-0.5929136013199637,-0.6794843238816477,-0.7146740066948277,-0.8112818703371972,-0.9138950767219288,-0.7546250764806934,0.390395666679964,0.5089707276857676,0.6161874620407454,0.2243816404393014,-0.9138950767219288,-1.1500761269191204,-0.2171683113373201,1.5977119293757789,-1.2603305601281782,0.4411193823523255,0.3692871226835342,0.2844561410687506,0.6672714461712776,-0.9800544682297812,-1.0407360049546317,-1.6257258726406083,0.7376089219792322,0.4087073039703556,0.2196285546268423,0.4955189706067402,1.4550882768533022,0.6197240905869473,-1.1272350428312747,0.3985026603720664,1.8168601806485345,0.2937827774414137,0.4411193823523255,-1.6257258726406083,0.7376089219792322,0.0293917108466482,0.0,0.0,0.0,0.0,其他,0,0,0.5,1.0,0,0.9468302658486708,0.05407209612817088,0.04339118825100141,0.7540983606557377,0.6577868852459017,0.1987704918032787,0.5389344262295082,0.7336065573770492,0.6639344262295082,0.5,0.5,0.5,0.5,0.9468302658486708,0.7811860940695297,0.6748466257668712
2025-02-27,14.97,14.97,14.55,14.81,2926134.0,14.798000000000002,14.598000000000004,14.501499999999998,15.116333333333332,0.0008109203946478,0.0145225373338813,0.0212736613453781,-0.0202650554587752,14.501499999999998,15.018058449333896,13.9849415506661,0.7986109319457961,0.0712420714174859,-0.0113484646194926,0.025623268698061,0.0334961618981157,0.060888252148997,0.0143117605053087,0.0158968179210134,0.0128697699206785,54.28571425469389,0.0276012004760186,-0.06535003479118,0.0929512352671987,9955384.0,54.210576768655166,0.2835714285714282,1.1419930546507442,0.8282828281991634,0.3292079207839306,0.0668467251856854,-0.0113484646194926,0.0128697699206785,54.28571425469389,-0.0865260014428856,0.0,0.0,0.0,0.5,-0.5821803229402461,-0.6798582451188648,-0.6567453979790193,-0.6538249991856301,-0.7162994155014012,-0.6841084684009936,-0.7894683479973101,-0.8915357920695048,-0.7634956635172423,0.0583803385351988,0.2883975903499066,0.436202178872032,0.1183571739419386,-0.8915357920695048,-1.141857118388881,-0.1764067954426759,1.0376053116980934,-1.286659172759298,-0.2473968456543183,0.2717347144990601,0.3480191205196848,0.6103002857669763,-0.8819063039660033,-1.0803219103932262,-1.594900793171478,0.4405589866681955,0.4412212099638604,0.276207510275673,0.4571579420915609,1.3820351699694398,-0.0088173969426478,-1.109867829728837,0.2071701941308995,1.294601953375227,0.1040877391649447,-0.2473968456543183,-1.594900793171478,0.4405589866681955,-0.137279494504357,0.0,0.0,0.0,0.0,其他,0,0,0.5,1.0,0,0.9366053169734152,0.07697501688048614,0.03781228899392297,0.6721311475409836,0.5737704918032787,0.20901639344262296,0.48565573770491804,0.5819672131147541,0.5532786885245902,0.5,0.5,0.5,0.5,0.9366053169734151,0.8711656441717791,0.7096114519427403
2025-02-28,14.81,14.86,14.4,14.42,3012600.0,14.754,14.598,14.523,15.091166666666668,-0.0226379286973025,-0.0121934511576927,-0.0070921985815602,-0.044474140501618,14.523,14.98256959269039,14.063430407309609,0.3879386259697734,0.0632885206482444,-0.0263335584064821,-0.0150273224043716,0.0,0.0307362401715511,0.0187899572912821,0.0183930095163889,0.014452020189798,45.87813617769556,0.0083912010573552,-0.050601787621473,0.0589929886788282,6942784.0,47.06696817222765,0.3042857142857139,1.153061950536375,0.3978494623228111,0.2326732673209733,0.0880721220527045,-0.0263335584064821,0.014452020189798,45.87813617769556,0.0295495695002347,0.0,0.0,0.0,0.5,-0.6381823715556233,-0.7143204666683804,-0.7156133847698611,-0.7951618726516206,-0.7024207984586881,-0.699442268060083,-0.7872077965983147,-0.8788502968489695,-0.7783367739683066,-0.4111480463200098,-0.1031257906207371,0.0914398388053995,-0.1337689409513192,-0.8788502968489695,-1.1482687490007015,-0.1334928772910544,-0.2573803410602506,-1.335748418387838,-0.5941582277860868,-0.1386644365352424,0.059276879028981,0.3889146642340376,-0.6901472905290057,-0.9520621428349152,-1.486959500775803,-0.1245599124746486,0.3991948575058391,0.3119121603667573,0.2902444493617053,1.3079877640936932,-0.5246902776525488,-1.068396851738567,0.2213894264588473,0.003213499128149,-0.3307215266324739,-0.5941582277860868,-1.486959500775803,-0.1245599124746486,-0.0857176732893084,0.0,0.0,0.0,0.0,其他,0,0,0.5,1.0,0,0.9059304703476484,0.09986130374479885,0.03952843273231621,0.42213114754098363,0.5286885245901639,0.26229508196721313,0.5307377049180327,0.610655737704918,0.48975409836065575,0.5,0.5,0.5,0.5,0.9059304703476483,0.8507157464212679,0.6789366053169734
2025-03-03,14.5,14.72,14.4,14.48,1983153.0,14.68,14.592999999999998,14.544500000000005,15.069166666666666,-0.0136239782016349,-0.0077434386349618,-0.004434666024958,-0.0390974948846982,14.544500000000005,14.947670330987757,14.14132966901225,0.4200089948533901,0.0554395587314765,0.0041608876560332,-0.0249158249158248,-0.0034411562284927,0.0306049822064056,0.0169142383411906,0.0182686879614484,0.0144508028593307,48.90510946406311,-0.0019686697249916,-0.0408751640421767,0.038906494317185,8925937.0,47.23706041752002,0.3121428571428568,0.7578112880982156,0.4117647058339098,0.2475247524691207,0.091160220994475,0.0041608876560332,0.0144508028593307,48.90510946406311,-0.3417138020314678,0.0,0.0,0.0,0.5,-0.7477902822198068,-0.7585323750772482,-0.7137697179360301,-0.7709563627225695,-0.8438642681789962,-0.7263807679553669,-0.7869937723743218,-0.8662474072871942,-0.7909189121153434,-0.2296557069083818,-0.0376989532354231,0.1235543112585811,-0.0774236063674484,-0.8662474072871942,-1.1544469020691956,-0.0909043411183019,-0.1557476198589818,-1.3834678900918091,0.1149040652897738,-0.2382910571902567,0.0295195204805706,0.3871373375950463,-0.7676690164674832,-0.9550476270698168,-1.478322510054701,0.0792000894704332,0.3761925578353183,0.3352470038061124,0.1913393776638694,1.346135170651437,-0.511209553035366,-1.050267535912213,-0.301851201242001,0.0449567226123532,-0.2629770737303676,0.1149040652897738,-1.478322510054701,0.0792000894704332,-0.2499895715942561,0.0,0.0,0.0,0.0,其他,0,0,0.5,1.0,0,0.9221311475409836,0.0987569060773481,0.04488950276243098,0.3080082135523614,0.5338809034907598,0.26078028747433263,0.5359342915811088,0.25667351129363447,0.5154004106776181,0.5,0.5,0.5,0.5,0.9221311475409836,0.8565573770491803,0.7581967213114754
2025-03-04,14.48,14.68,14.34,14.67,1756212.0,14.672,14.647,14.5655,15.048666666666666,-0.0001363140676118,0.0015702874308731,0.0071744876591945,-0.0251628051211624,14.5655,14.947267358202316,14.183732641797684,0.6368634558339247,0.0524207693796566,0.0131215469613259,-0.0027192386131883,0.0382165605095541,0.0294736842105263,0.0183561750853727,0.0158763947879742,0.0144016634512359,51.21951217013684,0.0050937525343357,-0.0316813807268742,0.03677513326121,10682149.0,52.9742017786423,0.321428571428571,0.684543236657106,0.6352941175723176,0.2945544554382535,0.0892978868438991,0.0131215469613259,0.0144016634512359,51.21951217013684,-0.1144344384926427,0.0,0.0,0.0,0.5,-0.7529831324557855,-0.7696673441999323,-0.7361647495721779,-0.699145993267038,-0.8729798316803687,-0.7275796550088496,-0.7628504552891773,-0.8539513557418791,-0.8024066986984103,0.0416622435806088,0.099164669019598,0.26458310866444,0.068341739542959,-0.8539513557418791,-1.1496885023836356,-0.0676475447681062,0.5295022398435079,-1.3970729125040398,0.3230628504559277,-0.0132865793036801,0.3889727634302348,0.378047154270929,-0.7045686897043542,-1.0708356502538436,-1.4727821716311753,0.2349397306057524,0.3906300309978923,0.3572543569335716,0.1805463639197774,1.378768885190892,-0.0946764272507315,-1.029737415080844,-0.3982789032479109,0.7160799697144892,-0.04982268312829,0.3230628504559277,-1.4727821716311753,0.2349397306057524,-0.1487254762961764,0.0,0.0,0.0,0.0,其他,0,0,0.5,1.0,0,0.903688524590164,0.10361281526925703,0.027266530334014938,0.41478439425051333,0.486652977412731,0.25667351129363447,0.6139630390143738,0.40451745379876797,0.5995893223819302,0.5,0.5,0.5,0.5,0.9036885245901639,0.8790983606557377,0.639344262295082
2025-03-05,14.7,16.14,14.51,16.14,14387802.0,14.904,14.813999999999998,14.6495,15.049166666666666,0.0829307568438004,0.0895099230457676,0.1017440868289021,0.0724846337006479,14.6495,15.446744596951108,13.852255403048892,1.4347821268131649,0.1088425675887458,0.100204498977505,0.0774365821094793,0.115411195577056,0.1161825726141079,0.0494441826544413,0.0342559158560135,0.0262918069091883,72.23587221102453,0.1278338981351865,0.0002216750455379,0.1276122230896486,25069951.0,70.42803570381287,0.4149999999999996,4.532195925922525,0.9999999999502488,0.6584158415678611,-0.0216852540272615,0.100204498977505,0.0262918069091883,72.23587221102453,7.192520037444227,0.0,0.0,0.0,0.5,-0.6720050265774602,-0.2860581329489672,-0.6655410567912535,-0.1565483570558972,0.8917902284577323,-0.635403842666515,-0.6929060321076854,-0.8130765623688667,-0.7992704183920667,1.704405001041423,1.3881750499758505,1.4118465744172193,1.0879275309794052,-0.8130765623688667,-0.9870882896222478,-0.2483400378225789,3.002576054193736,-0.998410126259908,2.3291252267662124,0.7983141392083043,1.0536064024915852,1.0115727667589485,0.6161192534763608,-0.1499579788895612,-0.7311552091428538,1.6446359802860349,0.6536548410780041,0.4352387685550942,0.6262897478031028,1.690639115150977,1.1693116818754508,-0.8584781536440447,4.529305634489432,1.801230162187072,1.5899804059650378,2.3291252267662124,-0.7311552091428538,1.6446359802860349,3.0490064151110987,0.0,0.0,0.0,0.0,其他,0,0,0.5,1.0,0,0.0840163934426229,0.013630731102850069,-0.06691449814126393,0.9486652977412731,0.8172484599589322,0.7186858316221766,0.9507186858316222,1.0,0.9486652977412731,0.5,0.5,0.5,0.5,0.08401639344262295,0.3073770491803279,0.17827868852459017
2025-03-06,16.0,16.23,15.68,15.8,17503286.0,15.102,14.95,14.7105,15.045166666666669,0.0462190438352536,0.05685618729097,0.0740627442982904,0.0501711513110523,14.7105,15.6579058764522,13.763094123547798,1.0749911558351355,0.1288067538759064,-0.0210656753407683,0.0668467251856854,0.0941828254847645,0.083676268861454,0.0509538797296183,0.0355916228273862,0.0269579047640398,65.97222220084235,0.1954185261943326,0.0392610452752968,0.1561574809190357,7566665.0,80.75845376992947,0.4414285714285711,4.451859029633183,0.830845771102943,0.5742574257283601,0.0094936708860757,-0.0210656753407683,0.0269579047640398,65.97222220084235,0.2165364799988212,0.0,0.0,0.0,0.5,-0.2024982994334894,-0.2557721438643914,-0.1899305584967846,-0.2816794351544098,1.321697982488811,-0.556717071912545,-0.6357998885362317,-0.7828728499922009,-0.7992907843224887,0.9636946953044372,0.90479123095872,1.0702185882371005,0.8507682212888701,-0.7828728499922009,-0.916784495780564,-0.2965724205070176,1.8637168934599488,-0.8559449479666881,-0.477991480945376,0.6889725071662247,0.8671249741729898,0.7704473871654951,0.6786873110539079,-0.0827929168356002,-0.6878473467987394,1.217160052151067,0.7972889283159658,0.5307245088039119,0.7649193432658088,1.293006023554779,1.904069129845128,-0.8084642600200398,4.269465702148247,1.2872938633917976,1.2029158173664565,-0.477991480945376,-0.6878473467987394,1.217160052151067,-0.0117585634766107,0.0,0.0,0.0,0.0,其他,0,0,0.5,1.0,0,0.5737704918032787,0.13924050632911378,-0.053797468354430444,0.9383983572895277,0.7433264887063655,0.7227926078028748,0.8685831622176592,0.9938398357289527,0.9055441478439425,0.5,0.5,0.5,0.5,0.5737704918032787,0.9487704918032787,0.2807377049180328
2025-03-07,15.63,15.96,15.55,15.69,9177906.0,15.356,15.055,14.764999999999995,15.038333333333332,0.0217504558478769,0.0421786781800064,0.0626481544192347,0.0433337027596143,14.764999999999995,15.8063857164978,13.723614283502194,0.944119784461986,0.1410613906523197,-0.0069620253164557,0.0880721220527045,0.0717213114754098,0.0746575342465754,0.047754767297592,0.0359215403011005,0.0270706571876904,63.42592590537123,0.2373675250883096,0.0788823412378994,0.1584851838504101,-1611241.0,69.39919480114007,0.4599999999999998,2.1778935842010214,0.7761194029464612,0.5470297029567566,0.0108349267049074,-0.0069620253164557,0.0270706571876904,63.42592590537123,-0.47564668714206,0.0,0.0,0.0,0.5,-0.3356146890975744,-0.3447421814508618,-0.2423938440072409,-0.3217948606381774,0.1575758443848998,-0.4563202826511521,-0.591480728251342,-0.7557709276542312,-0.8012944261902791,0.4710972143816937,0.6869818531034732,0.9279820299758464,0.7763824981752815,-0.7557709276542312,-0.866746453063659,-0.3175941261096865,1.4487162305739618,-0.7679012302299596,-0.1507201273699069,0.9020014238151428,0.6708496866811734,0.7022205856371155,0.5411581983708649,-0.0660947506871033,-0.6790258221559689,1.041869462647344,0.8851997488432289,0.6274456760400259,0.774307600332474,1.0838350596401405,1.0785276121788,-0.7727844160311769,1.4411401143796845,1.1186729098512322,1.074931795736972,-0.1507201273699069,-0.6790258221559689,1.041869462647344,-0.3153930777165529,0.0,0.0,0.0,0.0,其他,0,0,0.5,1.0,0,0.3565573770491803,0.2619502868068835,-0.14212874442319945,0.9075975359342916,0.7515400410677618,0.7248459958932238,0.8213552361396304,0.9383983572895277,0.8583162217659137,0.5,0.5,0.5,0.5,0.35655737704918034,0.9897540983606558,0.2889344262295082
2025-03-10,15.67,15.93,15.67,15.8,6720408.0,15.62,15.15,14.8225,15.032000000000002,0.0115236875800257,0.0429042904290428,0.0659470399730139,0.0510910058541775,14.8225,15.9597334852612,13.6852665147388,0.9297710244095174,0.153446919919518,0.007010834926705,0.091160220994475,0.063973063973064,0.0784982935153584,0.0475665427067284,0.0358411656878423,0.0270789337010332,70.71960295309988,0.2763034356157892,0.1183665601134774,0.1579368755023117,5109167.0,74.27548043929816,0.4442857142857142,1.5143301692814692,0.830845771102943,0.5742574257283601,0.0069620253164557,0.007010834926705,0.0270789337010332,70.71960295309988,-0.267762385014621,0.0,0.0,0.0,0.5,-0.3205409404667931,-0.3540461168166608,-0.1931537037266955,-0.2805121760363662,-0.186215461687399,-0.3521359118291366,-0.5513490576186556,-0.7274180327416611,-0.8029530718248149,0.2648684202835991,0.6958808053063634,0.9648413203231644,0.8547561220991551,-0.7274180327416611,-0.8154353701028783,-0.337983076978316,1.396744523332575,-0.6792956661426215,0.1734957740160647,0.930438560966639,0.6022372269372422,0.7284820003943019,0.5319610267196058,-0.0700196085883371,-0.6767304144439763,1.5239053332138444,0.966154575859408,0.723547861520436,0.769539272176566,1.2288183975348843,1.4234095507499402,-0.7988463032306536,0.6182428253262682,1.276593924897667,1.1918850250035335,0.1734957740160647,-0.6767304144439763,1.5239053332138444,-0.2234915466724777,0.0,0.0,0.0,0.0,其他,0,0,0.5,1.0,0,0.2868852459016393,0.1278481012658228,-0.16202531645569618,0.9219712525667351,0.8008213552361396,0.7412731006160165,0.8562628336755647,0.8706365503080082,0.8685831622176592,0.5,0.5,0.5,0.5,0.28688524590163933,0.9487704918032787,0.29508196721311475
2025-03-11,15.65,16.0,15.5,15.98,6666092.0,15.882,15.277,14.8945,15.029,0.0061705074927591,0.0460168881324867,0.0728792507301354,0.06327766318451,14.8945,16.134151479034742,13.654848520965254,0.9378246701853032,0.166457615767756,0.0113924050632912,0.0892978868438991,0.0863358259687288,0.0990371389270976,0.0476213295720515,0.035397576039162,0.0269813782752555,69.50904390250318,0.3180189958781554,0.158297047266413,0.1597219486117423,11775259.0,75.74585144875242,0.4528571428571427,1.428801015862216,0.9203980099044576,0.6188118811728018,0.0131414267834792,0.0113924050632912,0.0269813782752555,69.50904390250318,-0.0080822473873609,0.0,0.0,0.0,0.5,-0.3271864821058171,-0.3301301649398535,-0.2620788835666352,-0.2133128203169436,-0.1934980057181511,-0.248807408654541,-0.4982283687067741,-0.692556138995542,-0.8022956116021962,0.1567273823233867,0.739801119164745,1.0454286394077643,0.9788201693418116,-0.692556138995542,-0.7576818148618205,-0.3540064335174877,1.4140432311050672,-0.5865926216640522,0.27492784471715,0.9086565719916871,0.7941119007994056,0.8770103190424373,0.5331354626782755,-0.0922326497252764,-0.6810300866905469,1.43485781469646,1.0525420914133643,0.8203879525309477,0.7762680876479318,1.3710126159462772,1.5206139098940883,-0.7811577193898812,0.5111040436743277,1.535324062035014,1.384538798514905,0.27492784471715,-0.6810300866905469,1.43485781469646,-0.1088168842023438,0.0,0.0,0.0,0.0,其他,0,0,0.5,1.0,0,0.4106776180698152,0.003754693366708306,-0.1589486858573217,0.9053497942386831,0.8168724279835391,0.7283950617283951,0.8559670781893004,0.8477366255144033,0.8559670781893004,0.5,0.5,0.5,0.5,0.4106776180698152,0.5954825462012321,0.26899383983572894
2025-03-12,16.1,16.13,15.72,15.79,5594000.0,15.812,15.358,14.954000000000002,15.023666666666667,-0.0013913483430307,0.0281286625862742,0.0559047746422358,0.0510084089547602,14.954000000000002,16.247211424892715,13.660788575107292,0.8232263432822016,0.1729585963466715,-0.01188986232791,-0.0216852540272615,0.0540720961281708,0.0815068493150683,0.0134160983612419,0.0357855251361299,0.0272470839569561,66.74937962941706,0.3319212838812024,0.1930218945893709,0.1388993892918315,6181259.0,76.88507477700142,0.469285714285714,1.160119693078452,0.8258706467250804,0.5717821782036686,0.0360987967067765,-0.01188986232791,0.0272470839569561,66.74937962941706,-0.1608276633445803,0.0,0.0,0.0,0.5,-0.1635079192311781,-0.2862709138950761,-0.1718402905415825,-0.283454925329733,-0.3434670270452722,-0.2758373135458276,-0.4640198262607551,-0.663532828067842,-0.8032809190620922,0.0040921865100022,0.4748056777527777,0.8359757814716172,0.8468295712978637,-0.663532828067842,-0.7196533836629133,-0.3500340062786554,1.0557618657251986,-0.5396815068588438,-0.2670522829853284,-0.2204887740421574,0.5127456298878033,0.7457232107898832,-0.9269332294378866,-0.0725058833968576,-0.6627172601896925,1.2442976558555057,1.0786578537796847,0.9039044833251656,0.6717361488491741,1.2409960286305477,1.5927066206736435,-0.7494181675939289,0.1773920143295096,1.2473808991324915,1.1668568901167766,-0.2670522829853284,-0.6627172601896925,1.2442976558555057,-0.1759697355434498,0.0,0.0,0.0,0.0,其他,0,0,0.5,1.0,0,0.8172484599589322,-0.010132995566814351,-0.13046231792273588,0.0823045267489712,0.8065843621399177,0.7325102880658436,0.8436213991769548,0.7119341563786008,0.8189300411522634,0.5,0.5,0.5,0.5,0.8172484599589322,0.433264887063655,0.31006160164271046
2025-03-13,15.8,15.96,15.68,15.95,6126770.0,15.842000000000002,15.472,15.035,15.023,0.0068173210453224,0.0308945191313338,0.0608579980046557,0.0617053850762163,15.035,16.366030467443373,13.703969532556629,0.8437186534404234,0.1770575946038602,0.0101329955668143,0.0094936708860757,0.0769750168804861,0.1130495464061409,0.0106383457647143,0.0352810076905415,0.0267357730878276,66.41604007694673,0.3517943438952482,0.2247763844505464,0.1270179594447017,12308029.0,70.51545544694565,0.4678571428571426,1.2255660842108729,0.9054726367708712,0.6113861385987279,0.1285266457680252,0.0101329955668143,0.0267357730878276,66.41604007694673,0.0952395423668215,0.0,0.0,0.0,0.5,-0.2721328421656269,-0.3424020223240123,-0.1878973638360949,-0.223476845997705,-0.2680349433482552,-0.2635453283178304,-0.4163390316644842,-0.6247621531510011,-0.8010202849099879,0.1697634162450149,0.5145630523640213,0.8935253237654964,0.9555304807530128,-0.6247621531510011,-0.6799364487491202,-0.3255642335355182,1.114641126444997,-0.5097096362360721,0.2464287868362309,0.0971855508310646,0.7100981395132182,0.974994355383978,-1.0420774697381068,-0.0978710694869036,-0.6928744001984544,1.2166968684328652,1.1173708371993882,0.9796104099746726,0.6115667102090243,1.370864412930622,1.1308972827188726,-0.7499616107774625,0.2582520905126716,1.4764000633330143,1.337395555598937,0.2464287868362309,-0.6928744001984544,1.2166968684328652,-0.0625953311877206,0.0,0.0,0.0,0.0,其他,0,0,0.5,1.0,0,0.9753593429158112,-0.036363636363636376,-0.13855799373040745,0.5740740740740741,0.8559670781893004,0.7222222222222222,0.8024691358024691,0.7448559670781894,0.8621399176954733,0.5,0.5,0.5,0.5,0.9753593429158111,0.26283367556468173,0.2135523613963039
2025-03-14,15.95,15.97,15.71,15.86,4529240.0,15.876,15.616,15.107000000000005,15.021833333333332,-0.00100781053162,0.015625,0.0498444429734556,0.0557965627808412,15.107000000000005,16.453654333797736,13.76034566620227,0.7795817683215277,0.1782821650610735,-0.00564263322884,0.0108349267049074,0.0998613037447988,0.0998613037447988,0.0103755478865789,0.0336125069506761,0.0268547138895042,63.049095584426674,0.3561758656287175,0.2510562806861807,0.1051195849425368,7778789.0,65.29738495953302,0.4549999999999998,0.8816610571869876,0.860696517370114,0.5891089108765071,0.248423707440101,-0.00564263322884,0.0268547138895042,63.049095584426674,-0.260745874253481,0.0,0.0,0.0,0.5,-0.2171170339057215,-0.3384333091021269,-0.1752935648456249,-0.2565958873665118,-0.4921253971247006,-0.2496860207424284,-0.3563980835961212,-0.5902266280292426,-0.7991337441738707,0.0112737128032336,0.2880958904952991,0.7570416462174784,0.8900778574244353,-0.5902266280292426,-0.650285018357639,-0.2938370660981007,0.9135144363825024,-0.4999792946657342,-0.1220788849375061,0.1106929163566586,0.9064764384094012,0.8749535445002502,-1.049584621864271,-0.1821403806310685,-0.6836434292057981,0.988008469270642,1.1226015069413584,1.041307638763978,0.5020923348556923,1.264639066990207,0.7543975964767552,-0.7711018506567451,-0.1696175491361222,1.336497044225503,1.230831907408325,-0.1220788849375061,-0.6836434292057981,0.988008469270642,-0.2199433764657244,0.0,0.0,0.0,0.0,其他,0,0,0.5,1.0,0,0.9917864476386036,-0.054854981084489274,-0.1122320302648171,0.3559670781893004,0.7983539094650206,0.7078189300411523,0.6995884773662552,0.32098765432098764,0.7674897119341564,0.5,0.5,0.5,0.5,0.9917864476386037,0.31006160164271046,0.29774127310061604
2025-03-17,15.91,16.34,15.83,15.91,5960333.0,15.898,15.759,15.175999999999998,14.995,0.0007548119260285,0.0095818262580111,0.0483658408012652,0.0610203401133711,15.175999999999998,16.539484699699695,13.8125153003003,0.7691632697032634,0.1796896019624028,0.0031525851197982,0.0069620253164557,0.0987569060773481,0.0949759119064006,0.0100672714169795,0.0336336292770534,0.0268511805162901,65.87301584861842,0.3595383015662516,0.2727526848621949,0.0867856167040567,13739122.0,69.36671864472652,0.4742857142857142,1.119964284906303,0.885572139259424,0.6497326203034833,0.1200502828409806,0.0031525851197982,0.0268511805162901,65.87301584861842,0.3159675795497698,0.0,0.0,0.0,0.5,-0.2313087314037182,-0.2141483671087498,-0.1257841000020068,-0.2375020449017065,-0.289701580357143,-0.2405669662854642,-0.2969166450982891,-0.5571559055022662,-0.8151942063055867,0.0469511128066022,0.1981874794865895,0.7369797521248642,0.9413898784279456,-0.5571559055022662,-0.6212981976129106,-0.2644541974640156,0.8785646227247903,-0.4889853640506058,0.0836848584835829,0.0709601533561511,0.8941029057613848,0.836377709271145,-1.058978360916512,-0.1807493755129658,-0.682094499111549,1.1721429533470835,1.1256193343234095,1.0912510429450353,0.4104048571221376,1.3902951169108988,1.0428539872544105,-0.7342114917529118,0.1273655927377996,1.4030312421843227,1.4930533306024192,0.0836848584835829,-0.682094499111549,1.1721429533470835,0.0359349944413343,0.0,0.0,0.0,0.0,其他,0,0,0.5,1.0,0,0.973305954825462,-0.049025769956002496,-0.10056568196103077,0.28189300411522633,0.8004115226337448,0.7160493827160493,0.6872427983539094,0.6069958847736625,0.7345679012345679,0.5,0.5,0.5,0.5,0.973305954825462,0.4784394250513347,0.3675564681724846
2025-03-18,15.92,16.26,15.83,16.19,6864789.0,15.939999999999998,15.910999999999998,15.279,14.978333333333332,0.0156838143036388,0.0175350386525048,0.0596243209634139,0.0808946255702682,15.279,16.6208431942273,13.937156805772696,0.8394584418787673,0.1756454210640121,0.0175989943431804,0.0131414267834792,0.103612815269257,0.145789101203114,0.0118310346617162,0.033710323852433,0.0258626940679892,65.96306066164951,0.3804115684495528,0.2942844615796665,0.0861271068698863,20603911.0,70.68000085338272,0.485,1.2380663373988303,0.9999999999435027,0.7245989304619096,-0.0092649783817172,0.0175989943431804,0.0258626940679892,65.96306066164951,0.1517458839967498,0.0,0.0,0.0,0.5,-0.2272616462137411,-0.2405649133198871,-0.1255744532240618,-0.1325088311082168,-0.1616298496041228,-0.2235526845793692,-0.2337602321350267,-0.5085291938714545,-0.8240759431360516,0.3496504649740333,0.3156574501207603,0.8718519862512011,1.1451359746702223,-0.5085291938714545,-0.5938216581648128,-0.1949751833407233,1.0916693256383765,-0.5163965316074154,0.4216262687059532,0.1340430447337943,0.9334152087613172,1.2063305883277016,-0.9803325092101548,-0.176538680738245,-0.7420753329598591,1.1733405570348736,1.1660768624926288,1.1403944057491748,0.4063565019586224,1.5340526625391222,1.1326783653180066,-0.7129342384842733,0.2744011477897221,1.730261951658238,1.8122692216844,0.4216262687059532,-0.7420753329598591,1.1733405570348736,-0.0370045588718285,0.0,0.0,0.0,0.0,其他,0,0,0.5,1.0,0,0.6339468302658486,-0.06917850525015445,-0.13465101914762212,0.4077868852459016,0.860655737704918,0.7172131147540983,0.7561475409836066,0.8155737704918032,0.8258196721311475,0.5,0.5,0.5,0.5,0.6339468302658486,0.3047034764826176,0.2719836400817996
2025-03-19,16.23,16.66,15.93,16.36,8134005.0,16.054,15.933000000000002,15.373500000000002,14.969833333333334,0.0190606702379469,0.0267997238435948,0.0641688620027969,0.0928645386833519,15.373500000000002,16.741406968212246,14.005593031787756,0.8605873874607217,0.1779564794228181,0.0105003088326125,0.0360987967067765,0.01363073110285,0.1306150656530753,0.0087882747631557,0.0122779540304964,0.025571591431554,70.44854878664167,0.4059913465658145,0.3166258385768961,0.0893655079889184,28737916.0,75.15176154294207,0.5064285714285716,1.3957747381572645,0.9999999999484536,0.7700534759152393,-0.0446210268948654,0.0105003088326125,0.025571591431554,70.44854878664167,0.1848878385045775,0.0,0.0,0.0,0.5,-0.1136168647703034,-0.1060053829896717,-0.0842191132927485,-0.0686810941826787,0.017969104739829,-0.178055649751883,-0.2242672745065334,-0.4639034046379867,-0.8272117639547297,0.4175532231515655,0.4524729004679936,0.924397490894846,1.2643074911260903,-0.4639034046379867,-0.5538853082914473,-0.1566766805474608,1.152249880939014,-0.498963859832744,0.254492913078409,0.3689419486496224,0.1492177584958069,1.0901657479863478,-1.106318184577021,-1.2629662811615014,-0.7582504097628756,1.4651257410716172,1.2162283732025698,1.191108334775872,0.4216415305290487,1.7030910493810885,1.4458756320734034,-0.6723763437165795,0.4707524188851596,1.7182437500670775,1.9943456708119789,0.254492913078409,-0.7582504097628756,1.4651257410716172,-0.022211193900454,0.0,0.0,0.0,0.0,其他,0,0,0.5,1.0,0,0.2438524590163934,-0.0794621026894865,-0.12347188264058673,0.8151950718685832,0.8685831622176592,0.7186858316221766,0.8583162217659137,0.8624229979466119,0.8542094455852156,0.5,0.5,0.5,0.5,0.24385245901639344,0.20491803278688525,0.2807377049180328
2025-03-20,16.29,18.0,16.11,18.0,25990311.0,16.464,16.153,15.5515,14.997833333333334,0.0932944606413994,0.1143440846901504,0.1574446194900813,0.2001733583739873,15.5515,17.285461390937694,13.817538609062304,1.206042248886318,0.2229960313701629,0.1002444987775061,0.1285266457680252,0.1392405063291137,0.2465373961218837,0.0428453184548194,0.0318766998568495,0.0329470879247975,85.51587299211857,0.5522320120734054,0.363747073276198,0.1884849387972074,54728227.0,82.5523786837449,0.6085714285714288,3.697989665829023,0.999999999972067,0.999999999977876,-0.1461111111111112,0.1002444987775061,0.0329470879247975,85.51587299211857,2.19526616961755,0.0,0.0,0.0,0.5,-0.0914712527236426,0.3442853485642524,-0.0098919795470902,0.545827842872227,2.5184396683335164,-0.0152346701181135,-0.1329405356594378,-0.3808310972030567,-0.804804447034017,1.9152607434292528,1.7437374711486684,2.0461811771607943,2.3595615838342088,-0.3808310972030567,-0.378421832532081,-0.2608396971860959,2.1965912322304053,-0.179737643961755,2.3397852311898863,1.312860932694752,1.2400217281808856,1.9289928220624768,0.3487791156425918,-0.2649142808989326,-0.2942745796950194,2.4404631327386004,1.5228093465967658,1.3022370272870594,0.9123354360997096,2.253808894964959,1.9595598572731403,-0.4858385695114679,3.2858114050190084,1.706472764021441,2.9529569707921874,2.3397852311898863,-0.2942745796950194,2.4404631327386004,0.8718878359533686,0.0,0.0,0.0,0.0,其他,0,0,0.5,1.0,0,0.0245901639344262,-0.1694444444444445,-0.2088888888888889,0.9753593429158111,0.971252566735113,0.8357289527720739,0.9630390143737166,0.9958932238193019,0.9835728952772074,0.5,0.5,0.5,0.5,0.02459016393442623,0.036885245901639344,0.055327868852459015
2025-03-21,19.15,19.8,18.16,19.8,41882894.0,17.252,16.564,15.8095,15.047499999999998,0.147693021099003,0.1953634387829026,0.2524115247161518,0.3158331948828712,15.8095,18.329696107657515,13.289303892342485,1.2917042621694903,0.3188204696722317,0.1,0.248423707440101,0.2619502868068835,0.3524590163934427,0.0493982893681124,0.0408969880541306,0.0384353762724087,89.23303832965686,0.8041045333374601,0.4518185652884504,0.3522859680490097,96611121.0,88.5582752999267,0.7142857142857145,4.670473341231888,0.9999999999814126,0.9999999999841772,-0.242929292929293,0.1,0.0384353762724087,89.23303832965686,0.6114810630776986,0.0,0.0,0.0,0.5,0.9556746608032654,0.9479316992233956,0.8354993182411853,1.217385556667048,4.577828268852482,0.2976371679494258,0.0374694199664569,-0.2608621766919995,-0.767347273078198,2.969375399595485,2.898700521133509,3.139792886434124,3.4680347543678867,-0.2608621766919995,-0.0425146147027872,-0.5540120241824213,2.429663759559938,0.4988166249148832,2.309736281138915,2.512510388052326,2.2854972993982776,2.667794533371187,0.6278405828830822,0.1946024687688606,0.0510301650469148,2.649266835960332,2.0464632337092734,1.5123182591765494,1.7168283513649598,3.1157856346533706,2.3607413314672625,-0.2930474929555787,4.326539268654956,1.6949406318594928,2.8963387844090662,2.309736281138915,0.0510301650469148,2.649266835960332,0.1649695476077924,0.0,0.0,0.0,0.0,其他,0,0,0.5,1.0,0,0.0061475409836065,-0.32020202020202015,-0.2767676767676768,0.9938398357289527,0.9938398357289527,0.9055441478439425,0.9917864476386037,0.9958932238193019,0.9938398357289527,0.5,0.5,0.5,0.5,0.006147540983606557,0.010245901639344262,0.012295081967213115
2025-03-24,19.4,19.4,17.82,17.82,30894839.0,17.634,16.766,15.958000000000002,15.072,0.0105478053759782,0.062865322676846,0.1166812883820025,0.1823248407643312,15.958000000000002,18.587769651709465,13.32823034829054,0.8540234025258099,0.3295863706846701,-0.0999999999999999,0.1200502828409806,0.1278481012658228,0.1999999999999999,0.0824234710544567,0.0568123785564211,0.0463622948907831,68.37806299933146,0.8343282519038766,0.5283205026115357,0.3060077492923408,65716282.0,73.16537516436395,0.8314285714285717,3.0024805701467714,0.6319702602113016,0.686708860748628,-0.1509539842873175,-0.0999999999999999,0.0463622948907831,68.37806299933146,-0.2623518565837404,0.0,0.0,0.0,0.5,1.043922350659955,0.8109225247531999,0.693164378525715,0.4728762701355012,3.033823382562413,0.448909667897053,0.1211898573805441,-0.1916331693791173,-0.7477235659123805,0.2233025809937446,0.9548375152816992,1.5066925770684385,2.0873907240622693,-0.1916331693791173,0.0405581678454123,-0.5311089806161126,1.094333780112961,0.5739517596211031,-2.3012673498499905,1.2016812640834509,1.1204786708402248,1.5516129811857848,2.0256634423404565,1.003895831305205,0.5495221277827065,1.2788877525480398,2.092511641021187,1.6907891449060777,1.4793965823282054,2.4209576908450674,1.2665968885103314,-0.0795451020409873,2.311740961993911,0.6163957859753884,1.5407694111139871,-2.3012673498499905,0.5495221277827065,1.2788877525480398,-0.2251488950719385,0.0,0.0,0.0,0.0,其他,0,0,0.5,1.0,0,0.0245901639344262,-0.25701459034792373,-0.20145903479236815,0.9753593429158111,0.9548254620123203,0.9527720739219713,0.8336755646817249,0.973305954825462,0.9650924024640657,0.5,0.5,0.5,0.5,0.02459016393442623,0.04918032786885246,0.0389344262295082
2025-03-25,16.98,16.98,16.04,16.04,26453578.0,17.604,16.772,16.024499999999996,15.0665,-0.0888434446716655,-0.0436441688528499,0.0009672688695436,0.0646135466100288,16.024499999999996,18.58781590348363,13.46118409651636,0.5030234275706393,0.3199246033845224,-0.0998877665544333,-0.0092649783817172,0.0037546933667083,0.0904146838885111,0.1001414085928864,0.0672257580480437,0.0523940089721565,49.43693692914281,0.7065054872323522,0.5639574995356991,0.1425479876966531,39262704.0,62.3652044579186,0.8421428571428574,2.3026372445677787,0.3011152416300906,0.405063291132831,-0.0604738154613465,-0.0998877665544333,0.0523940089721565,49.43693692914281,-0.1437541396477256,0.0,0.0,0.0,0.5,0.1551012250603661,-0.0051815615146108,-0.043809725076774,-0.1961021802342909,2.411699207631317,0.4360926826525193,0.1234780529611947,-0.1604501701545532,-0.7492568184000841,-1.7577418344940152,-0.6041313733683623,0.12463496306202,0.8952479666262638,-0.1604501701545532,0.0405032076733713,-0.4558699006850568,0.0271457145038317,0.5041641595138269,-2.27546348071773,-0.1126815524541421,0.0467525123371475,0.755894997050689,2.741609187386524,1.5270358744025585,0.9272447401213524,0.0407832989113282,1.8081755274185511,1.7667243994495414,0.6680748576928491,1.840887579677122,0.5025911851110931,-0.0598953276121738,1.4754462321183872,-0.3522398683800843,0.3342707624942613,-2.27546348071773,0.9272447401213524,0.0407832989113282,-0.1717799229304364,0.0,0.0,0.0,0.0,其他,0,0,0.5,1.0,0,0.1045081967213114,-0.16209476309226933,-0.11471321695760595,0.6344969199178645,0.8213552361396304,0.9753593429158111,0.406570841889117,0.9383983572895277,0.5646817248459959,0.5,0.5,0.5,0.5,0.10450819672131148,0.16188524590163936,0.12704918032786885
2025-03-26,15.52,16.2,15.52,15.63,17496801.0,17.458000000000002,16.756,16.057000000000002,15.044166666666666,-0.1047084431206324,-0.0671998090236333,-0.0265927632808121,0.0389408962499309,16.057000000000002,18.580732407201168,13.533267592798836,0.4154030754561877,0.3143466908121627,-0.0255610972568577,-0.0446210268948654,-0.0101329955668143,0.0433911882510014,0.100688682497103,0.0676865547303573,0.0527519904997851,49.050279321936266,0.5656015492462103,0.5642863094778013,0.0013152397684089,21765903.0,54.41955383691945,0.8514285714285716,1.4338046661608617,0.2249070631928457,0.3401898734123388,-0.036468330134357,-0.0255610972568577,0.0527519904997851,49.050279321936266,-0.3385847086545344,0.0,0.0,0.0,0.5,-0.3811218324003075,-0.2681905476322701,-0.2590302721621805,-0.3498762840060728,1.2163166797210685,0.377078714368269,0.1166122463145712,-0.1450690993015324,-0.7626198654609699,-2.0569124866100847,-0.9465892917389972,-0.2046785924232029,0.6340730612737765,-0.1450690993015324,0.0381476239211675,-0.4147018040283416,-0.2392726941495356,0.4634850847676325,-0.5756773873050056,-0.4717330940689206,-0.0734814817154771,0.4142435361137608,2.7261042949330307,1.5417486018620852,0.946735779356688,0.0154416168595529,1.501835651258269,1.755834258632047,-0.0321476785396792,1.4600048591094736,-0.0593141440895328,-0.0428525506072538,0.4485331510884853,-0.5745337021862847,0.0559322699085733,-0.5756773873050056,0.946735779356688,0.0154416168595529,-0.2586740177462549,0.0,0.0,0.0,0.0,其他,0,0,0.5,1.0,0,0.3319672131147541,-0.12156110044785673,-0.11260396673064632,0.24229979466119098,0.6735112936344969,0.9794661190965093,0.42299794661190965,0.8501026694045175,0.25256673511293637,0.5,0.5,0.5,0.5,0.3319672131147541,0.2766393442622951,0.18032786885245902
2025-03-27,15.84,15.85,15.14,15.37,11596537.0,16.932,16.698,16.085,15.013333333333332,-0.0922513583746751,-0.0795304826925381,-0.0444513521914828,0.0237566607460035,16.085,18.56248174351965,13.607518256480349,0.3557002484668563,0.3080487091705628,-0.016634676903391,-0.1461111111111112,-0.0363636363636363,0.0378122889939229,0.0819605111738018,0.067816768004364,0.0528431588703684,48.24175823433643,0.4280203835969356,0.5370331243016282,-0.1090127407046925,10169366.0,53.88157408488927,0.872857142857143,0.9176960078542784,0.1765799256472753,0.2990506329066604,-0.0273259596616786,-0.016634676903391,0.0528431588703684,48.24175823433643,-0.3372195865975729,0.0,0.0,0.0,0.5,-0.2628244159125888,-0.3858803236424198,-0.4160857868036408,-0.447069583548185,0.4318781179328427,0.1664285983776589,0.0922411761151087,-0.1317853642120539,-0.7819068813878373,-1.7967997208865785,-1.1232228335234062,-0.4178202868965189,0.4792952869199775,-0.1317853642120539,0.0321821287447198,-0.3723709982786032,-0.4205494143316904,0.4177464791549582,-0.3707850160251695,-1.4984164784686134,-0.3006426692575316,0.3730206909259203,1.9298149935351487,1.5396616549899511,0.9493764544672466,-0.0375214627869094,1.2062958529992789,1.6786916649954555,-0.5788289759326821,1.2081430751891196,-0.0972656997656101,-0.0036174483009445,-0.1614864449693763,-0.7146447481206384,-0.1206144985106311,-0.3707850160251695,0.9493764544672466,-0.0375214627869094,-0.2576181441066549,0.0,0.0,0.0,0.0,其他,0,0,0.5,1.0,0,0.3360655737704918,-0.10605074821080018,-0.08327911515940134,0.022587268993839837,0.7084188911704312,0.9815195071868583,0.39014373716632444,0.6632443531827515,0.17453798767967146,0.5,0.5,0.5,0.5,0.3360655737704918,0.29098360655737704,0.26844262295081966
2025-03-28,15.3,15.5,14.99,14.99,9538857.0,15.970000000000002,16.611,16.1135,14.992,-0.0613650594865373,-0.0975859370296791,-0.0697241443510099,-0.0001334044823905,16.1135,18.52250306962718,13.704496930372816,0.2668122522980943,0.2990043217938043,-0.0247234873129472,-0.242929292929293,-0.0548549810844892,0.0395284327323162,0.0426664413204744,0.0682097208613925,0.0527970411366678,45.67769476371944,0.2850377565668403,0.4866340507546706,-0.2015962941878303,630509.0,50.316573672467335,0.8907142857142859,0.7358587877928292,0.0958646616523333,0.2389240506291309,-0.1020680453635757,-0.0247234873129472,0.0527970411366678,45.67769476371944,-0.1774391786099591,0.0,0.0,0.0,0.5,-0.4610916767410096,-0.5034336192760092,-0.4775339157689722,-0.589293527228946,0.1579790407562365,-0.2185607921900613,0.0557632117678267,-0.1182709414867919,-0.7944283605422703,-1.180567825399211,-1.381257626389062,-0.7192031718391811,0.2367527943706321,-0.1182709414867919,0.0191802553049239,-0.3173546711749745,-0.6903443953674961,0.3525015001174343,-0.554924921158363,-2.454802895516834,-0.4604833392282454,0.3847386345030614,0.297647767148181,1.550759984486323,0.9433964202332172,-0.2056083013755544,0.9017282537816386,1.5471656003370573,-1.03566597850252,1.001847188931679,-0.3496140311864004,0.0290799619089175,-0.3761383883807196,-0.9488599980252136,-0.3786516927902891,-0.554924921158363,0.9433964202332172,-0.2056083013755544,-0.185464586587711,0.0,0.0,0.0,0.0,其他,0,0,0.5,1.0,0,0.4476386036960985,-0.06070713809206141,-0.07271514342895258,0.00411522633744856,0.676954732510288,0.9794238683127572,0.44650205761316875,0.4403292181069959,0.12551440329218108,0.5,0.5,0.5,0.5,0.44763860369609854,0.3921971252566735,0.3408624229979466
2025-03-31,14.99,15.14,14.54,15.13,9590900.0,15.432,16.533,16.145999999999997,14.972833333333334,-0.0195697252462414,-0.0848605818665698,-0.0629258020562366,0.0104967886282933,16.145999999999997,18.4785378092495,13.813462190750498,0.2822114616964947,0.2889307332138058,0.0093395597064709,-0.1509539842873175,-0.0490257699560024,0.0448895027624309,0.0407643396868418,0.0683050739165158,0.0528144003010846,45.44480170807902,0.1809341284766432,0.4254940662990651,-0.2445599378224219,10221409.0,46.8554008558318,0.8978571428571431,0.7187813968951258,0.0896686159826576,0.2610759493629577,-0.1249173826834104,0.0093395597064709,0.0528144003010846,45.44480170807902,0.0054558947681047,0.0,0.0,0.0,0.5,-0.5743494967646379,-0.6241453639268842,-0.6634034492894276,-0.5352686680218312,0.1646408565421797,-0.433575518387309,0.0230496440814582,-0.1028905666774178,-0.805373637300539,-0.3528273949818922,-1.1902081249720229,-0.6360393804969543,0.3439005547676029,-0.1028905666774178,0.0048850631018774,-0.2556506675932659,-0.6417159142963531,0.2799639609568188,0.2259253120415519,-1.5185834073619384,-0.4089490673372265,0.422913827401123,0.2181764872882142,1.5468385812396368,0.9414483568881444,-0.2205474572492061,0.680233786603308,1.3916705512975218,-1.2441422122731185,1.2012973231359865,-0.5942699559804753,0.0421301088442363,-0.3956177545906769,-0.9639020668286734,-0.2825071002537688,0.2259253120415519,0.9414483568881444,-0.2205474572492061,-0.1029308250229567,0.0,0.0,0.0,0.0,其他,0,0,0.5,1.0,0,0.3292181069958848,-0.05419695968274951,-0.06345009914077993,0.02268041237113402,0.756701030927835,0.9814432989690721,0.5752577319587628,0.30721649484536084,0.22268041237113403,0.5,0.5,0.5,0.5,0.3292181069958848,0.3497942386831276,0.3168724279835391
2025-04-01,15.18,15.24,15.05,15.07,6287063.0,15.238,16.421,16.166000000000004,14.950666666666669,-0.0110250689066806,-0.0822726995919858,-0.0677966101694917,0.0079818068313564,16.166000000000004,18.45163845738872,13.880361542611292,0.2602420460499727,0.28277105745077,-0.0039656311962987,-0.0604738154613465,-0.0691785052501544,0.0272665303340149,0.0148889304347065,0.0679249080759876,0.0527890465098439,46.0869565147259,0.0925232047197983,0.3588998939832118,-0.2663766892634134,3934346.0,46.94725369328793,0.8821428571428575,0.4633121695923974,0.0166320166316708,0.2515822784770319,-0.1081619110816192,-0.0039656311962987,0.0527890465098439,46.0869565147259,-0.3444762222523434,0.0,0.0,0.0,0.5,-0.5031039781686317,-0.5889303754106401,-0.4499650129097031,-0.5568128593336021,-0.2756244812178137,-0.510473153051236,-0.0239076570954055,-0.093359132524458,-0.8183874203572712,-0.1831890080649304,-1.1479613616892008,-0.6928498226164854,0.3176412096503494,-0.093359132524458,-0.0038645239280394,-0.2176054905908221,-0.7071538877349927,0.235433060915793,-0.0795659616795259,-0.6062939282607704,-0.5833428573201357,0.2939017539400005,-0.8571308690162465,1.519304106102889,0.936841123870197,-0.177921308837523,0.4923448331087944,1.2248105009216623,-1.3464208844045702,1.063925077795462,-0.5864231834439894,0.0131949558417664,-0.6973408378874051,-1.1739305763496803,-0.3228302804451933,-0.0795659616795259,0.936841123870197,-0.177921308837523,-0.2603308328609843,0.0,0.0,0.0,0.0,其他,0,0,0.5,1.0,0,0.3668032786885246,-0.07033842070338425,-0.0517584605175847,0.10472279260780287,0.6386036960985626,0.9794661190965093,0.5215605749486653,0.12320328542094455,0.1457905544147844,0.5,0.5,0.5,0.5,0.3668032786885246,0.4057377049180328,0.4016393442622951
2025-04-02,15.05,15.16,14.93,15.06,4407063.0,15.124,16.291,16.112,14.940333333333331,-0.0042316847394868,-0.0755631944018169,-0.0652929493545182,0.0080096383391714,16.112,18.45064198110548,13.773358018894514,0.2750831447209756,0.2902981605127816,-0.0006635700066356,-0.036468330134357,-0.0794621026894865,-0.0669144981412639,0.0134419576265004,0.0677320564715586,0.0475365929573629,45.08287292120265,0.0214032706685269,0.2914005693202748,-0.2699972986517479,-472717.0,47.35287054959762,0.8785714285714289,0.3371689972741956,0.014553014552712,0.2499999999960443,-0.0883134130146082,-0.0006635700066356,0.0475365929573629,45.08287292120265,-0.2990267474653905,0.0,0.0,0.0,0.5,-0.5500817732017478,-0.6147714829437446,-0.4990562880386924,-0.559433998032671,-0.5257242584391738,-0.5551565918072929,-0.0784182156037969,-0.1185033151617828,-0.823005492137015,-0.0482728063180216,-1.0462609703702277,-0.6611176154489505,0.3172427343752991,-0.1185033151617828,-0.0041823856986228,-0.2774332465219898,-0.6600872974195672,0.2888933501080886,-0.0035911171698162,-0.3636963850554257,-0.6714871630957022,-0.3929690594864408,-0.9147026976724102,1.501505361503336,0.6035257753004547,-0.2437753658882168,0.3411996743011893,1.057218279739332,-1.3581989389368083,0.9672115016182316,-0.5563237188193011,0.0066018638502768,-0.8448682290229239,-1.1752818193401908,-0.3289672921874869,-0.0035911171698162,0.6035257753004547,-0.2437753658882168,-0.2393963154700659,0.0,0.0,0.0,0.0,其他,0,0,0.5,1.0,0,0.3374233128834356,-0.04780876494023911,-0.021248339973439556,0.32991803278688525,0.1762295081967213,0.9610655737704918,0.47540983606557374,0.07581967213114754,0.15368852459016394,0.5,0.5,0.5,0.5,0.3374233128834356,0.48466257668711654,0.4723926380368098
2025-04-03,14.92,15.13,14.85,14.95,5017589.0,15.04,15.986,16.0695,14.945,-0.0059840425531916,-0.0648067058676341,-0.0696661377143036,0.0003345600535296,16.0695,18.462282788655024,13.67671721134498,0.2660673577780377,0.2978042613199082,-0.0073041168658699,-0.0273259596616786,-0.1694444444444445,-0.0537974683544304,0.0124373278610854,0.0565744154116085,0.0473511421145903,44.98346195557036,-0.0433363160741766,0.2244531922413845,-0.2677895083155612,-5490306.0,47.30819723173187,0.8800000000000004,0.4031325677030257,0.0,0.2325949367051802,-0.0809364548494983,-0.0073041168658699,0.0473511421145903,44.98346195557036,0.1385335312882978,0.0,0.0,0.0,0.5,-0.5969686228205765,-0.6236041331690012,-0.5314044781120667,-0.5998629157582431,-0.4432247814614735,-0.5877112880808297,-0.2064695351990684,-0.1382487513307331,-0.8170335283914347,-0.0829767922193419,-0.8864263039707528,-0.7119742007655722,0.238431702073963,-0.1382487513307331,-0.0003795841310832,-0.3313889821075513,-0.6860286186330822,0.3421718972850855,-0.156357914226796,-0.2709601793025011,-1.4500577574031914,-0.2965153652524951,-0.9536342175641184,0.9378431813666844,0.5904464481952773,-0.2499099359049994,0.2036359718970034,0.8920267634272123,-1.341277381096716,0.8581215765164283,-0.5582991150624886,0.0092239069380909,-0.7643556289571205,-1.2129431307917964,-0.4035262380348937,-0.156357914226796,0.5904464481952773,-0.2499099359049994,-0.041366341508845,0.0,0.0,0.0,0.0,其他,0,0,0.5,1.0,0,0.3312883435582822,-0.04749163879598661,-0.00936454849498325,0.33401639344262296,0.2786885245901639,0.9590163934426229,0.5676229508196722,0.06967213114754098,0.13524590163934427,0.5,0.5,0.5,0.5,0.3312883435582822,0.4948875255623722,0.5132924335378323
2025-04-07,14.0,14.32,13.46,13.46,6938200.0,14.734,15.352,15.958000000000002,14.929333333333336,-0.0864666757160308,-0.1232412714955706,-0.1565359067552325,-0.0984192194337769,15.958000000000002,18.618135334903,13.297864665097006,0.0304750162092524,0.3333920710472899,-0.0996655518394648,-0.1020680453635757,-0.3202020202020201,-0.1421287444231994,0.0447173707118255,0.0447062871262075,0.0521847016999439,38.344433867394656,-0.2124247522250542,0.1370776033480968,-0.349502355573151,-12428506.0,44.6385807612725,0.9500000000000004,0.5625029335875426,0.0,0.0,0.0460624071322435,-0.0996655518394648,0.0521847016999439,38.344433867394656,0.3827756717419461,0.0,0.0,0.0,0.5,-0.9354359946724702,-0.8968627617542216,-1.10895332145929,-1.1612513843612915,-0.1857058130366597,-0.7093493505115208,-0.4728552036206009,-0.1904294877502547,-0.8254532581460018,-1.6752771139202185,-1.7296257922941942,-1.74702399721231,-0.7687919566919178,-0.1904294877502547,0.0505268288701414,-0.5444707681497187,-1.4020074377097431,0.5968481755395517,-2.265634726894516,-1.0230466283707589,-2.7261797439882165,-0.9403781817933504,0.3912376807974316,0.3406312494522586,0.893842667793221,-0.6878635336712461,-0.1550764575114182,0.6781166774512707,-1.7344243966523798,0.7088014024816609,-0.7469680996796866,0.1384318512282644,-0.5733617093702582,-1.207924994420492,-1.4055776169430882,-2.265634726894516,0.893842667793221,-0.6878635336712461,0.0692016327918524,0.0,0.0,0.0,0.0,其他,0,0,0.5,1.0,0,0.4580777096114519,0.0638930163447251,0.1277860326894502,0.44672131147540983,0.28688524590163933,0.9631147540983607,0.7909836065573771,0.16188524590163936,0.125,0.5,0.5,0.5,0.5,0.45807770961145194,0.5460122699386503,0.6748466257668712
2025-04-08,13.11,13.56,12.88,13.24,7278115.0,14.356,14.894,15.830000000000002,14.921,-0.0777375313457787,-0.1110514301060829,-0.1636133922931144,-0.1126600093827491,15.830000000000002,18.75529440713589,12.904705592864111,0.05730951495211,0.3695886806212773,-0.0163447251114413,-0.1249173826834104,-0.2570145903479237,-0.1620253164556961,0.0418209763164645,0.039058457200768,0.0521317866402309,35.88516745930724,-0.3600305098673342,0.0376559807050105,-0.3976864905723448,-19706621.0,41.71462501880545,0.9678571428571432,0.5887299963175431,0.0,0.0,0.0808157099697886,-0.0163447251114413,0.0521317866402309,35.88516745930724,0.048991813438644,0.0,0.0,0.0,0.5,-1.2604523272121213,-1.1515008717491049,-1.345500763029908,-1.2397546432576791,-0.1398891823667029,-0.8594506393043575,-0.6646611597608945,-0.2503651944422303,-0.8286626143271287,-1.4942066213430094,-1.5434196122736203,-1.818764029433969,-0.9112612893884068,-0.2503651944422303,0.0953169215538355,-0.7650591851276721,-1.3137543092701924,0.855062804484324,-0.3547664426949973,-1.2488371927171973,-2.160903545162367,-1.082146112896939,0.2698742077868481,0.0562210256099313,0.8878156132028491,-0.8484521849351631,-0.4680201960645403,0.435475036420049,-1.9569669690608016,0.5526742529153827,-0.9528725397164262,0.1712170477910643,-0.5409349391833049,-1.2029686956388754,-1.3975313501047686,-0.3547664426949973,0.8878156132028491,-0.8484521849351631,-0.0821610889499664,0.0,0.0,0.0,0.0,其他,0,0,0.5,1.0,0,0.621676891615542,0.07477341389728087,0.1419939577039273,0.32581967213114754,0.2930327868852459,0.9590163934426229,0.7192622950819673,0.02459016393442623,0.21106557377049182,0.5,0.5,0.5,0.5,0.621676891615542,0.4887525562372188,0.6421267893660532
2025-04-09,13.05,13.58,12.31,13.44,7306725.0,14.03,14.634,15.703,14.915,-0.0420527441197434,-0.081590815908159,-0.1441125899509647,-0.0988937311431444,15.703,18.815434146418028,12.590565853581971,0.1364581717145661,0.3964126786471638,0.0151057401812688,-0.1081619110816192,-0.1620947630922693,-0.1589486858573217,0.0450325268029806,0.0320111410070134,0.0522091534704677,36.068702285258,-0.4556187187341596,-0.0609989591828235,-0.3946197595513361,-12399896.0,38.38601865994473,1.0064285714285717,0.5895168018793474,0.0304878048775839,0.0304878048775839,0.0424107142857144,0.0151057401812688,0.0522091534704677,36.068702285258,0.0039309628935513,0.0,0.0,0.0,0.5,-1.2773848484003008,-1.1405545633420142,-1.5748757919928191,-1.1596396728516003,-0.1358291121712181,-0.9879042843501372,-0.7725326427704106,-0.3098025172190594,-0.8302184719169403,-0.7851048083546232,-1.110950939987571,-1.5762033156147337,-0.7680087492606517,-0.3098025172190594,0.1148653971987449,-0.94009671116824,-1.0677215172346968,1.0446832938799258,0.3666215319725646,-1.0759313583884016,-1.340934859362213,-1.0558632371356091,0.4033829151929099,-0.2986007539183976,0.8900402999909662,-0.8339639903926783,-0.6699871452181927,0.1948891359107699,-1.927481041654488,0.7067800041077598,-1.1860214094902786,0.2423519676629221,-0.5388357414491501,-1.1094857434140946,-1.259299408987875,0.3666215319725646,0.8900402999909662,-0.8339639903926783,-0.102482175687984,0.0,0.0,0.0,0.0,其他,0,0,0.5,1.0,0,0.623721881390593,0.05654761904761907,0.14583333333333348,0.36475409836065575,0.26639344262295084,0.9610655737704918,0.6475409836065574,0.014344262295081968,0.17827868852459017,0.5,0.5,0.5,0.5,0.623721881390593,0.5010224948875256,0.7116564417177914
2025-04-10,13.79,13.95,13.57,13.73,6592198.0,13.764,14.444,15.6,14.909333333333334,-0.0024702121476314,-0.0494322902243145,-0.1198717948717947,-0.0791003398318727,15.6,18.834270437541875,12.365729562458124,0.2109085285022832,0.4146500560924542,0.0215773809523809,-0.0883134130146082,-0.1215611004478567,-0.1304623179227358,0.0485965370666276,0.0340246205886925,0.0525895974653997,26.615553117495978,-0.5021836263227026,-0.1492358926107993,-0.3529477337119032,-5807698.0,31.359035400861885,0.9078571428571428,0.5297346275168374,0.0746951219500808,0.0746951219500808,0.0444282592862343,0.0215773809523809,0.0525895974653997,26.615553117495978,-0.0977903232980575,0.0,0.0,0.0,0.5,-1.000243818172636,-1.0114375502354138,-1.046456728859809,-1.046308389671363,-0.2315839404776629,-1.0914546654011597,-0.8505074103244238,-0.3578695091368823,-0.8315423991910664,-0.0003126735858709,-0.6419937439905852,-1.281242659513247,-0.5638399165862911,-0.3578695091368823,0.1208555448028944,-1.0637336145648426,-0.8375745532408302,1.1714265446745586,0.5143804577461021,-0.8731103743686691,-0.9906701822131628,-0.844895523516061,0.551429693033116,-0.1965951071642225,0.9113666718445972,-1.4536415657142052,-0.7672919221239145,-0.020301415649923,-1.7131501564178733,0.8451569497444533,-1.677258548273049,0.0591122906715424,-0.6088610885718027,-0.9768178666447196,-1.0638666443284464,0.5143804577461021,0.9113666718445972,-1.4536415657142052,-0.1485572181320895,0.0,0.0,0.0,0.0,其他,0,0,0.5,1.0,0,0.7586912065439673,0.010196649672250535,0.11070648215586298,0.3360655737704918,0.3073770491803279,0.9590163934426229,0.23975409836065573,0.010245901639344262,0.14549180327868852,0.5,0.5,0.5,0.5,0.7586912065439673,0.33537832310838445,0.7034764826175869
2025-04-11,13.6,13.9,13.59,13.74,4401500.0,13.522,14.281,15.489499999999998,14.9065,0.0161218754622096,-0.0378825012254043,-0.112947480551341,-0.0782544527555092,15.489499999999998,18.822912823613507,12.156087176386489,0.237581257918236,0.4304093513143728,0.0007283321194464,-0.0809364548494983,-0.1060507482108001,-0.1385579937304074,0.049140396996672,0.0342228692051686,0.052483105379974,8.719346047383226,-0.5321454926519245,-0.2258178126190244,-0.3063276800329,-1406198.0,7.680821873270446,0.8014285714285715,0.356163831429807,0.07621951219396,0.07621951219396,0.0363901018922852,0.0007283321194464,0.052483105379974,8.719346047383226,-0.3323167781064828,0.0,0.0,0.0,0.5,-1.0670217957369768,-1.025159918153131,-1.0347708341880248,-1.039136462442514,-0.5257228462423102,-1.184575321785126,-0.9167460266027876,-0.4094403260993962,-0.8308670344470727,0.3682341372354323,-0.4730038155557384,-1.1938695285903247,-0.5537808570166846,-0.4094403260993962,0.1169187431453601,-1.1778342321784263,-0.7539687404349049,1.2792656718246092,0.0344627794434753,-0.7965458646810301,-0.8554634742414273,-0.9014654806502294,0.5730147454764121,-0.1862586832998616,0.9018853950610348,-2.605029259704996,-0.8289862623993333,-0.2070526218727713,-1.4785778450899971,0.936358807115226,-3.297332210581575,-0.1387226054754185,-0.8141728112015874,-0.9692257903151584,-1.053015590002884,0.0344627794434753,0.9018853950610348,-2.605029259704996,-0.2550754153247071,0.0,0.0,0.0,0.0,其他,0,0,0.5,1.0,0,0.7627811860940695,0.02547307132459964,0.09970887918486171,0.32991803278688525,0.21106557377049182,0.9569672131147541,0.0020491803278688526,0.006147540983606557,0.11065573770491803,0.5,0.5,0.5,0.5,0.7627811860940695,0.4601226993865031,0.6871165644171779
2025-04-14,13.9,14.09,13.9,14.08,4775889.0,13.646,14.19,15.4005,14.909666666666665,0.0318041917045286,-0.0077519379844962,-0.0857439693516444,-0.0556462250441546,15.4005,18.786890564100805,12.014109435899194,0.305028396011206,0.4397767038834865,0.024745269286754,0.0460624071322435,-0.0607071380920614,-0.1122320302648171,0.0169854922818771,0.0355044785595627,0.0529351858431654,17.192982451917516,-0.522433046127917,-0.2851408593208029,-0.237292186807114,3369691.0,13.17462104264493,0.6849999999999999,0.3860736443053666,0.1280487804858529,0.1280487804858529,0.0170454545454545,0.024745269286754,0.0529351858431654,17.192982451917516,0.0850594115642395,0.0,0.0,0.0,0.5,-0.9531294426459254,-0.9576511857480764,-0.9030890628404196,-0.9077562231093832,-0.4743157135780367,-1.1305050474642098,-0.9523374811088972,-0.4507775713140187,-0.8259601384312167,0.6785228835001416,-0.0339703171480692,-0.8672816139987441,-0.3209203130206173,-0.4507775713140187,0.1048602203567073,-1.2528774948839774,-0.5462014345303198,1.3404020212981311,0.5868754761987351,0.4857756466802469,-0.4661064675648546,-0.7068254691553194,-0.7739664617025255,-0.1211412033270274,0.927692291823034,-2.0321645911172848,-0.8061966057203008,-0.3515807900325356,-1.1387263765512348,1.0349749683645846,-2.8686608546667443,-0.3550967011869304,-0.7763261928285392,-0.815147596937992,-0.8264663520046779,0.5868754761987351,0.927692291823034,-2.0321645911172848,-0.0643744047098389,0.0,0.0,0.0,0.0,其他,0,0,0.5,1.0,0,0.6666666666666666,-0.01278409090909094,0.06321022727272729,0.4569672131147541,0.29508196721311475,0.9590163934426229,0.00819672131147541,0.006147540983606557,0.10655737704918032,0.5,0.5,0.5,0.5,0.6666666666666666,0.44785276073619634,0.656441717791411
2025-04-15,14.08,14.49,13.94,14.31,6373506.0,13.86,14.108,15.3205,14.9235,0.0324675324675325,0.0143181173802098,-0.0659573773701902,-0.0411096592622373,15.3205,18.73171663741367,11.909283362586336,0.3518856895583542,0.445314008993362,0.0163352272727272,0.0808157099697886,-0.0541969596827495,-0.1005656819610307,0.0092367200335668,0.0358992535440555,0.0531183965981626,29.15662649618816,-0.490522348183406,-0.3262171570933236,-0.1643051910900824,9743197.0,21.79286227950385,0.5971428571428571,0.5143629286610442,0.1631097560950745,0.1631097560950745,-0.0055904961565338,0.0163352272727272,0.0531183965981626,29.15662649618816,0.3345171966936417,0.0,0.0,0.0,0.5,-0.8840396505211928,-0.8194112469406212,-0.8839760784643115,-0.8184811915727241,-0.2581145800482266,-1.040841536481338,-0.983941585616224,-0.4877957368633867,-0.8135346855335271,0.6901243011426864,0.2875936476190587,-0.630021019093481,-0.1710396907659765,-0.4877957368633867,0.0864853110638618,-1.306318683910886,-0.4017394647631065,1.3735986148352957,0.3921038243709809,0.8351315544691478,-0.4095009089506243,-0.6198608079756158,-1.0954330750153465,-0.1009491188394016,0.9364036295240016,-1.2463788102154176,-0.7363286223441571,-0.4513751579346537,-0.7819510197660792,1.1667379059775769,-2.24992193138834,-0.5180329965765991,-0.6213086073598943,-0.7106175676748749,-0.6730602943288573,0.3921038243709809,0.9364036295240016,-1.2463788102154176,0.0496442746160141,0.0,0.0,0.0,0.0,其他,0,0,0.5,1.0,0,0.3231083844580777,-0.009783368273934334,0.060097833682739354,0.6201232032854209,0.3675564681724846,0.9548254620123203,0.14168377823408623,0.16632443531827515,0.1868583162217659,0.5,0.5,0.5,0.5,0.3231083844580777,0.4458077709611452,0.65439672801636
2025-04-16,14.26,14.26,13.86,14.01,4276400.0,13.974,14.002,15.2115,14.929833333333333,0.0025762129669386,0.0005713469504355,-0.078986293264964,-0.0616104220855334,15.2115,18.6449777520298,11.778022247970206,0.3250316316565318,0.4514318445922128,-0.0209643605870021,0.0424107142857144,-0.0703384207033842,-0.1346510191476221,0.0188736827230424,0.0362484744846366,0.0529955944141584,29.950495039126068,-0.4838627147714618,-0.3577462686289512,-0.1261164461425105,5466797.0,25.255727792941784,0.5807142857142857,0.3487622402485277,0.1173780487786984,0.1173780487786984,0.0135617416131335,-0.0209643605870021,0.0529955944141584,29.950495039126068,-0.3290349142214661,0.0,0.0,0.0,0.5,-0.8152734459236012,-0.8952176808793069,-0.9147164843463222,-0.9295313176786464,-0.5406825954740145,-0.9918144301043867,-1.0254466124031367,-0.5385124686000277,-0.8064987429533789,0.0945763997718536,0.0865594675216635,-0.7833710815596377,-0.3815101976910648,-0.5385124686000277,0.0576813968159617,-1.3739285629664508,-0.4832271165364931,1.4105036828458826,-0.4688666429166278,0.4455732940952989,-0.5470067455920347,-0.8675433463787483,-0.6894266869367517,-0.0830697880592918,0.925770537037264,-1.189974627199349,-0.7204121551951304,-0.5276741805504186,-0.5949433487595909,1.0719293978005344,-1.99567788245284,-0.5475895692487578,-0.8175366082105481,-0.8424005083579938,-0.8680535003313486,-0.4688666429166278,0.925770537037264,-1.189974627199349,-0.2539026521176569,0.0,0.0,0.0,0.0,其他,0,0,0.5,1.0,0,0.4314928425357873,0.019985724482512346,0.09493219129193431,0.62217659137577,0.27104722792607805,0.9486652977412731,0.22176591375770022,0.01026694045174538,0.16632443531827515,0.5,0.5,0.5,0.5,0.43149284253578735,0.5746421267893661,0.6728016359918201
2025-04-17,13.9,14.41,13.89,14.34,4572606.0,14.096,13.93,15.110499999999998,14.9305,0.0173098751418843,0.0294328786791098,-0.050991032725588,-0.0395499146043334,15.110499999999998,18.520488269774447,11.700511730225548,0.3870230717700293,0.4513402296087995,0.0235546038543896,0.0444282592862343,-0.0478087649402391,-0.1234718826405867,0.0192338681069494,0.0374805957356093,0.0532872483690849,37.46958636193251,-0.4468061619302776,-0.3755582472892166,-0.071247914641061,10039403.0,32.78809584251782,0.5671428571428573,0.3784148860438367,0.167682926826712,0.167682926826712,-0.0327754532775453,0.0235546038543896,0.0532872483690849,37.46958636193251,0.0692652698531475,0.0,0.0,0.0,0.5,-0.9459035352601332,-0.8419129112855931,-0.8996953212999864,-0.8023614649428038,-0.4996133053134231,-0.9398820766512126,-1.0523879318749931,-0.585333451089354,-0.8035280431652073,0.3878148780331283,0.5079988870692028,-0.4483083239141595,-0.1534750317688947,-0.585333451089354,0.0163830002508355,-1.4107091157775649,-0.2921000708664961,1.402985495426199,0.5599148499044941,0.4651351423723406,-0.3526530612143898,-0.7833741009094826,-0.6727688899471996,-0.0203256847890633,0.9413597266356482,-0.6984698771048952,-0.6398190484475551,-0.5702517411783478,-0.3272204117926418,1.1652090126213706,-1.4728859641381904,-0.5717634701179694,-0.7799226833101338,-0.6930818909016325,-0.6485507861095448,0.5599148499044941,0.9413597266356482,-0.6984698771048952,-0.0710703809873464,0.0,0.0,0.0,0.0,其他,0,0,0.5,1.0,0,0.1551020408163265,0.02789400278940035,0.08158995815899583,0.7561475409836066,0.2786885245901639,0.9508196721311475,0.4180327868852459,0.06557377049180328,0.2827868852459016,0.5,0.5,0.5,0.5,0.15510204081632653,0.5142857142857142,0.6183673469387755
2025-04-18,14.26,14.54,14.23,14.24,4516616.0,14.196000000000002,13.859,14.9225,14.931166666666666,0.003099464637926,0.0274911609784256,-0.0457363042385658,-0.0462901983546719,14.9225,18.065906633440417,11.779093366559582,0.3914394350418234,0.421297588664011,-0.00697350069735,0.0363901018922852,-0.0474916387959866,-0.2088888888888889,0.0203272232468851,0.0374777218239572,0.0471615361417658,40.20887726989755,-0.4206586500240608,-0.3845783278361855,-0.0360803221878752,5522787.0,40.5875571299883,0.5528571428571428,0.4102324765385112,0.1524390243879201,0.1524390243879201,-0.0105337078651686,-0.00697350069735,0.0471615361417658,40.20887726989755,-0.0122446587350845,0.0,0.0,0.0,0.5,-0.810417451241204,-0.7956215966905542,-0.7560813416942354,-0.838105975701583,-0.5062269939605069,-0.8970533673005648,-1.0787271488615062,-0.6733785388107167,-0.800582695343756,0.1037801501934784,0.4786153719691611,-0.3847800411588082,-0.2227488025620358,-0.6733785388107167,-0.1343481444109118,-1.3600827033204508,-0.2780126845805176,1.1835637046103566,-0.1468542519156935,0.3828889967896946,-0.3493021641014568,-1.4041281204166094,-0.6254518661969166,-0.0204398640224932,0.5512785395845127,-0.5188172966685239,-0.5826825285768997,-0.5912002975620413,-0.1555019772996365,1.0654190708057314,-0.937558235506424,-0.5972239032485086,-0.7398743255169532,-0.7360055323806528,-0.7125946831903193,-0.1468542519156935,0.5512785395845127,-0.5188172966685239,-0.1083526399375111,0.0,0.0,0.0,0.0,其他,0,0,0.5,1.0,0,0.2372188139059304,0.040028089887640395,0.101123595505618,0.7618069815195072,0.053388090349075976,0.891170431211499,0.44763860369609854,0.12320328542094455,0.2464065708418891,0.5,0.5,0.5,0.5,0.23721881390593047,0.5623721881390593,0.7229038854805726
2025-04-21,14.22,14.41,14.16,14.32,3288916.0,14.244,13.945,14.6485,14.934166666666666,0.0053355798932883,0.0268913589100037,-0.0224255043178481,-0.0411249372244851,14.6485,16.8009162677031,12.496083732296896,0.4236904113364377,0.2938753138803849,0.0056179775280897,0.0170454545454545,0.0638930163447251,-0.2767676767676768,0.0178858477641533,0.0167112847180382,0.039637733341488,39.25729441512991,-0.3889971104961827,-0.3854620843681849,-0.0035350261279977,8811703.0,44.23902729169031,0.5278571428571428,0.3622076438028879,0.2358078602568601,0.1646341463389537,-0.0293296089385475,0.0056179775280897,0.039637733341488,39.25729441512991,-0.27181854733721,0.0,0.0,0.0,0.5,-0.8231314318447696,-0.837751630003706,-0.7833532978747522,-0.8057018191892578,-0.6713548761718268,-0.8752991729299894,-1.0389358291648243,-0.8019984035150234,-0.7960047036150102,0.1482840851562875,0.4689146847725096,-0.1055896089462573,-0.1689074910617873,-0.8019984035150234,-0.5539145996632846,-0.9538159341089212,-0.1782510278780219,0.272797736156195,0.1449659694060916,0.1860405646629,0.6098089122209983,-1.8878686877209003,-0.7264448659474921,-1.0770795672648723,0.0729474655524847,-0.5796971963381841,-0.5138855399069654,-0.5921501286518048,0.0034197740701074,1.1315477875598856,-0.6865974260295653,-0.6426480329404148,-0.7954274944100429,-0.489950456531017,-0.657932878786922,0.1449659694060916,0.0729474655524847,-0.5796971963381841,-0.2274328102766676,0.0,0.0,0.0,0.0,其他,0,0,0.5,1.0,0,0.3415132924335378,0.06005586592178758,0.0817039106145252,0.6652977412731006,0.008213552361396304,0.7515400410677618,0.2669404517453799,0.022587268993839837,0.32854209445585214,0.5,0.5,0.5,0.5,0.34151329243353784,0.7137014314928425,0.7505112474437627
2025-04-22,14.33,14.35,14.17,14.23,2794300.0,14.228,14.044,14.469,14.9365,0.0001405678942929,0.013244090002848,-0.0165180731218466,-0.0473002376728148,14.469,16.023523450416228,12.91447654958377,0.4231275668506906,0.2148764186060523,-0.0062849162011172,-0.0055904961565338,0.0747734138972808,-0.2014590347923681,0.0166501834566505,0.0154492410417407,0.0342720895837404,38.9473684067036,-0.3669375326837105,-0.3817571740312901,0.0148196413475795,6017403.0,37.277453432893765,0.527142857142857,0.3640702090434385,0.3535714285588012,0.1509146341440409,-0.0042164441321153,-0.0062849162011172,0.0342720895837404,38.9473684067036,-0.1503887603088677,0.0,0.0,0.0,0.5,-0.7804027844951016,-0.8559464450628458,-0.7772716340195888,-0.8377015551831719,-0.736801985088179,-0.8793370025897217,-0.9939534849725966,-0.8851497204589969,-0.7919328915842423,0.0441201236151964,0.2679801469518276,-0.034710621565272,-0.2325512290825046,-0.8851497204589969,-0.8105915468359042,-0.7166827354572013,-0.1796896216411137,-0.2919015345409972,-0.1313226947090878,-0.044228231541782,0.702068257597753,-1.3317003360445856,-0.7765409555766655,-1.1373766775467269,-0.2681810865114635,-0.5986562449761417,-0.4657273086722291,-0.5818350262620874,0.0930451156454535,1.0685126335935384,-1.15805490015565,-0.6425445730504171,-0.7911016579053003,-0.1431119746050992,-0.7154901174640146,-0.1313226947090878,-0.2681810865114635,-0.5986562449761417,-0.171204027294883,0.0,0.0,0.0,0.0,其他,0,0,0.5,1.0,0,0.6020408163265306,0.06254392129304276,0.07027406886858745,0.3231083844580777,0.036885245901639344,0.6147540983606558,0.3319672131147541,0.018442622950819672,0.319672131147541,0.5,0.5,0.5,0.5,0.6020408163265306,0.7938775510204081,0.7918367346938775
2025-04-23,14.14,14.25,14.02,14.2,4186094.0,14.266,14.12,14.377,14.9375,-0.0046263844104865,0.0056657223796034,-0.0123113305974822,-0.0493723849372385,14.377,15.74687283312963,13.00712716687037,0.4353954630813561,0.1905644895485987,-0.0021082220660576,0.0135617416131335,0.056547619047619,-0.1147132169576059,0.0126573566448982,0.0154473489932367,0.0270850603075784,38.74345548318302,-0.3478659257629868,-0.3749789243776295,0.0271129986146426,1831309.0,37.5388926246171,0.527142857142857,0.637949646009523,0.4016736401505571,0.1463414634124031,0.0063380281690139,-0.0021082220660576,0.0270850603075784,38.74345548318302,0.4980832408832265,0.0,0.0,0.0,0.5,-0.8487063020688291,-0.8876452217706247,-0.8377663639075394,-0.846882392216411,-0.5465399243493122,-0.8616873240451269,-0.9589211118391096,-0.9263095254328388,-0.7888391290069544,-0.051466951762571,0.1562378012571292,0.0157795599397025,-0.2535983581581417,-0.9263095254328388,-0.9001235262557049,-0.6629768378720012,-0.1415028314152019,-0.4651910276456649,-0.0341035219076064,0.1507247763767015,0.5435260913743013,-0.6971528030947708,-0.9420106659123282,-1.1333911627734212,-0.7246318948321006,-0.6106655742351202,-0.4240298790285277,-0.5639903325826627,0.1530224777980699,0.9764418887264488,-1.1360550251327672,-0.6411103045015275,-0.4609289588279015,-0.0013095360083579,-0.7332715439206169,-0.0341035219076064,-0.7246318948321006,-0.6106655742351202,0.1278844925554222,0.0,0.0,0.0,0.0,其他,0,0,0.5,1.0,0,0.6973415132924335,0.08450704225352124,0.0880281690140845,0.4344262295081967,0.12525667351129363,0.2299794661190965,0.28952772073921973,0.2299794661190965,0.3141683778234086,0.5,0.5,0.5,0.5,0.6973415132924335,0.8445807770961146,0.8179959100204499
2025-04-24,14.2,14.2,13.85,13.87,3369883.0,14.172,14.134,14.288999999999998,14.935,-0.0213096246119108,-0.0186783642281025,-0.0293232556512,-0.0713090056913291,14.288999999999998,15.541011434284112,13.036988565715884,0.3326692598167663,0.1752412953006301,-0.0232394366197182,-0.0327754532775453,0.0101966496722505,-0.1126039667306463,0.0105660381310401,0.0167504851825835,0.0270003436135536,36.63366335364179,-0.3552842858589073,-0.3710399966738851,0.0157557108149777,-1538574.0,38.61439753665545,0.5321428571428569,0.575512426432079,0.2957746478734375,0.0960365853643895,0.0627253064167268,-0.0232394366197182,0.0270003436135536,36.63366335364179,-0.1949815269317889,0.0,0.0,0.0,0.5,-0.8243197354768605,-0.9022212866717644,-0.9063123497561436,-0.9694585812979029,-0.6561783190638206,-0.8971344058467708,-0.9501708308296988,-0.965343931025704,-0.7882619038338656,-0.3861132101474708,-0.2021320487126619,-0.1885214746335708,-0.4810055650496444,-0.965343931025704,-0.9657162196183976,-0.6446790563632754,-0.4589260638388387,-0.5738977060464261,-0.5254352282141779,-0.3216923866959491,0.1424684999765338,-0.6801433596196116,-1.0268752859171786,-1.0633734721042831,-0.7282352089324103,-0.7469675537327563,-0.4391788535256174,-0.5531718143724864,0.0971607989132419,0.9021733335927556,-1.0590623653993505,-0.6303174481218095,-0.5349819880006729,-0.3134417179075044,-0.9487530852066328,-0.5254352282141779,-0.7282352089324103,-0.7469675537327563,-0.192162246441061,0.0,0.0,0.0,0.0,其他,0,0,0.5,1.0,0,0.8650306748466258,0.09949531362653219,0.12472963229992784,0.15368852459016394,0.17864476386036962,0.21971252566735114,0.21765913757700206,0.17453798767967146,0.20944558521560575,0.5,0.5,0.5,0.5,0.8650306748466258,0.8732106339468303,0.8711656441717791
2025-04-25,13.95,14.35,13.88,14.09,3536989.0,14.142,14.169,14.225,14.937166666666666,-0.0036769905246781,-0.0055755522619804,-0.0094903339191564,-0.05671535208596,14.225,15.37069216036202,13.07930783963798,0.4410836502532014,0.1610814988195384,0.0158615717375631,-0.0105337078651686,0.0254730713245996,-0.0832791151594013,0.0145477707052976,0.0173807980906519,0.0272772882171707,61.37184112421637,-0.3394977100269702,-0.3647315393445022,0.0252338293175319,1998415.0,45.8380148327499,0.4599999999999999,0.6486947581715,0.4497354497116538,0.129573170729732,0.0511000709723208,0.0158615717375631,0.0272772882171707,61.37184112421637,0.049588071752046,0.0,0.0,0.0,0.5,-0.9146593680451004,-0.8487975568513536,-0.891344333511914,-0.8834411900300858,-0.6320813769638761,-0.9067104694541194,-0.932644662156804,-0.9927523387388428,-0.7843726853374052,-0.0311912155525386,-0.008765364457192,0.0503145984191842,-0.3281069435097942,-0.9927523387388428,-1.019137865948077,-0.6194326404277952,-0.1223555803230312,-0.6740216742230216,0.3859428933834135,-0.0942106998390713,0.2743188202677041,-0.4649250667149939,-0.8568171481416752,-1.027925664374754,-0.7088336559537999,0.8715234398222084,-0.4044979269601535,-0.5365391562278238,0.1435047595484131,0.9746499890460516,-0.5647950580761733,-0.7641806491329123,-0.4459275575625099,0.1415862455602327,-0.800420786218614,0.3859428933834135,-0.7088336559537999,0.8715234398222084,-0.0788305028073094,0.0,0.0,0.0,0.0,其他,0,0,0.5,1.0,0,0.7775510204081633,0.07239176721078766,0.0979418026969483,0.23517382413087934,0.26639344262295084,0.23155737704918034,0.4385245901639344,0.3012295081967213,0.3176229508196721,0.5,0.5,0.5,0.5,0.7775510204081633,0.7816326530612245,0.8428571428571429
2025-04-28,14.15,14.15,13.81,13.9,2267694.0,14.057999999999998,14.151,14.1705,14.935666666666666,-0.0112391520842223,-0.0177372623842837,-0.0190889524011149,-0.0693418439083178,14.1705,15.26555058763186,13.07544941236814,0.3764897242680686,0.1545535567021816,-0.013484740951029,-0.0293296089385475,-0.0127840909090909,-0.0727151434289525,0.0145453099852312,0.0161422251991183,0.0269409046808369,62.04379558873674,-0.3384170855428348,-0.3594686485841687,0.0210515630413339,-269279.0,49.245877861066255,0.4357142857142856,0.4456146748687337,0.3492063491878726,0.1006097560960273,0.0920863309352517,-0.013484740951029,0.0269409046808369,62.04379558873674,-0.3588631460261822,0.0,0.0,0.0,0.5,-0.8381752051880164,-0.914567378560224,-0.9180619439183536,-0.9529432924069782,-0.8031082342718531,-0.9379348908484614,-0.9375229226932548,-1.0154843709137342,-0.783125644156718,-0.1833322574706142,-0.1882096328420879,-0.0653959878402541,-0.4590160409870121,-1.0154843709137342,-1.0506300724997946,-0.6202365982047688,-0.3225170652881294,-0.7192000674460372,-0.298969313299989,-0.2861465652064272,-0.0574183580607042,-0.3869117566087814,-0.8546516020216054,-1.0873679444830255,-0.7285394153563604,0.9129341046316768,-0.4014673065903268,-0.522518107305945,0.1227396246044228,0.923741915201748,-0.3313429786997384,-0.8078167955749211,-0.6893607219979305,-0.1558909772953443,-0.9233684239280544,-0.298969313299989,-0.7285394153563604,0.9129341046316768,-0.267756039983011,0.0,0.0,0.0,0.0,其他,0,0,0.5,1.0,0,0.8384458077709611,0.07697841726618715,0.12446043165467624,0.33811475409836067,0.33675564681724846,0.19096509240246407,0.4784394250513347,0.06981519507186858,0.3839835728952772,0.5,0.5,0.5,0.5,0.8384458077709611,0.7607361963190185,0.8159509202453987
2025-04-29,13.84,14.24,13.84,14.17,3078194.0,14.045999999999998,14.137,14.122500000000002,14.937666666666669,0.0088281361241635,0.0023343000636626,0.0033634271552485,-0.0513913373351483,14.122500000000002,15.120305486792333,13.124694513207674,0.5238022342913331,0.1413072029435671,0.0194244604316546,-0.0042164441321153,-0.0097833682739343,-0.0634500991407799,0.0183897935673693,0.0165391072458876,0.0272842186373645,62.98932381203379,-0.3121753759267154,-0.3500099940526781,0.0378346181259627,2808915.0,57.71513462247489,0.3735714285714286,0.6462345145999278,0.508196721283705,0.1417682926807656,0.0670430486944249,0.0194244604316546,0.0272842186373645,62.98932381203379,0.3574115378882689,0.0,0.0,0.0,0.5,-0.9507059228321298,-0.8814603599386721,-0.9030413252153248,-0.8480589315377971,-0.6910301739658126,-0.940079509422852,-0.9407001780814956,-1.0349894662119954,-0.7793968178706642,0.2214083145645715,0.1087166604007924,0.2056031326492417,-0.2706576037304298,-1.0349894662119954,-1.0951720467517765,-0.5911325003647528,0.1357060070294711,-0.8123408216293807,0.4698467875504205,-0.0286626176246487,-0.0313023834339417,-0.3184630906187747,-0.6909711215661887,-1.0636121321208607,-0.7048923818857998,0.9719602998154194,-0.3442785685069289,-0.4981612060487627,0.2051180841593385,0.9864106255894476,0.2478029548581496,-0.9222317272748736,-0.4462117602789582,0.3151693571042457,-0.742025629419466,0.4698467875504205,-0.7048923818857998,0.9719602998154194,0.0646808241196157,0.0,0.0,0.0,0.0,其他,0,0,0.5,1.0,0,0.8136645962732919,0.07057163020465773,0.08962597035991537,0.5975103734439834,0.3097713097713098,0.22245322245322247,0.6112266112266113,0.40124740124740127,0.5675675675675675,0.5,0.5,0.5,0.5,0.8136645962732919,0.7619047619047619,0.7929606625258799
2025-04-30,14.18,14.44,14.18,14.29,3522200.0,14.063999999999998,14.165,14.083499999999995,14.938333333333333,0.0160693970420933,0.0088245675961877,0.0146625483722087,-0.0434006471047639,14.083499999999995,14.981340098293924,13.185659901706073,0.6149982053212443,0.1275024103791744,0.0084685956245589,0.0063380281690139,0.0199857244825123,-0.0517584605175847,0.0187925546410649,0.0151219703233503,0.0274001363683342,60.606060573921006,-0.2784854282112761,-0.3357050808843977,0.0572196526731216,6331115.0,55.52262020908405,0.3564285714285714,0.7615511830253956,0.5769230768913772,0.1600609756073159,0.0776766969909028,0.0084685956245589,0.0274001363683342,60.606060573921006,0.1442423706887869,0.0,0.0,0.0,0.5,-0.8222046652763051,-0.8110925221908818,-0.7589776932251672,-0.800428799827463,-0.6291090250284375,-0.9301683453664872,-0.9261899470212012,-1.05009964666307,-0.7766465714023605,0.3671667655773961,0.2046040058788379,0.3417580951139491,-0.1865524636559248,-1.05009964666307,-1.137298663383996,-0.5554855458994061,0.4191752299673242,-0.9090609535710128,0.2129747017865325,0.0795775284960344,0.2273373048045767,-0.232280901680409,-0.6724858160203042,-1.131819927613166,-0.6958241957109362,0.8135775730831678,-0.2710680627286219,-0.4618584070827152,0.3002867878442245,1.058106012293872,0.0973935162990324,-0.9517032587023054,-0.3062292205972504,0.5182809224032277,-0.6605700750096304,0.2129747017865325,-0.6958241957109362,0.8135775730831678,-0.0343817377477235,0.0,0.0,0.0,0.0,其他,0,0,0.5,1.0,0,0.852760736196319,0.07347795661301615,0.08117564730580829,0.6987704918032787,0.39835728952772076,0.23819301848049282,0.6694045174537988,0.47638603696098564,0.6262833675564682,0.5,0.5,0.5,0.5,0.852760736196319,0.7402862985685071,0.7361963190184049
2025-05-06,14.34,14.8,14.34,14.74,4964076.0,14.238,14.205000000000002,14.0675,14.943,0.0352577609214777,0.0376627947905665,0.0478052248089568,-0.0135849561667671,14.0675,14.901182383038444,13.233817616961558,0.9033310608403822,0.1185260185580262,0.0314905528341498,0.0627253064167268,0.0278940027894003,-0.0212483399734395,0.0166676258612248,0.0165177755927787,0.0284242020272536,66.23376620365997,-0.213019111018923,-0.3111678869113028,0.0981487758923798,11295191.0,63.8763015767958,0.3707142857142858,1.066881415173749,0.877192982404843,0.2286585365818801,0.0345997286295793,0.0314905528341498,0.0284242020272536,66.23376620365997,0.4093680086309692,0.0,0.0,0.0,0.5,-0.7608804976089887,-0.6864912703002432,-0.6904602156991986,-0.6278096504314399,-0.4313586796713579,-0.857603922901637,-0.9067106855685654,-1.0542025863344882,-0.7710595208594679,0.7538007794792092,0.6313936144548068,0.7416475711141512,0.1262801196846873,-1.0542025863344882,-1.159658972299326,-0.527142832432075,1.3133673723226755,-0.9706935856308786,0.7510605966065559,0.6579478760734149,0.2957504233155799,-0.0080477127532401,-0.7604164667308504,-1.057261546429437,-0.6288258879917643,1.1783813698538868,-0.1292585316748688,-0.4002629578427947,0.5015969978063614,1.1598040681270847,0.6692643070117521,-0.9221152141507702,0.0634357870488411,1.4046324761691138,-0.3605511726540528,0.7510605966065559,-0.6288258879917643,1.1783813698538868,0.0889416692257924,0.0,0.0,0.0,0.0,其他,0,0,0.5,1.0,0,0.7807377049180327,0.052238805970149294,0.04070556309362283,0.8706365503080082,0.4732510288065844,0.257201646090535,0.7242798353909465,0.6502057613168725,0.6934156378600823,0.5,0.5,0.5,0.5,0.7807377049180327,0.735655737704918,0.6086065573770492
2025-05-07,14.86,14.94,14.66,14.81,4596786.0,14.382,14.262,14.0605,14.946833333333334,0.0297594214990961,0.0384237834805778,0.053305358984389,-0.0091546704430146,14.0605,14.864816643590745,13.256183356409256,0.965923467999733,0.1144079717769671,0.0047489823609225,0.0511000709723208,0.0400280898876403,-0.0093645484949832,0.0168228402528145,0.0161529391819591,0.0284039768424038,62.98932381203379,-0.1537162230646149,-0.2796775541419652,0.1259613310773503,15891977.0,63.92542348731787,0.3657142857142857,0.992431017246942,0.9999999999363056,0.2393292682890346,0.0202565833896015,0.0047489823609225,0.0284039768424038,62.98932381203379,-0.0739896004815398,0.0,0.0,0.0,0.5,-0.5661846099580217,-0.6372490057955779,-0.5552882725976205,-0.599921154797251,-0.4807169237900879,-0.7974239847449465,-0.8801739317269598,-1.054018163019716,-0.7661021150776435,0.6410618921837203,0.6413154582336528,0.8062556059360119,0.1725610296928146,-1.054018163019716,-1.167383189593103,-0.5134363065308732,1.5007255864108646,-0.997193999425884,0.123392225642061,0.5372612939486915,0.4009145497838988,0.0793000972317555,-0.7520727600998155,-1.0722872485839254,-0.6287319993535614,0.9627785952098048,-0.0007870330933493,-0.321476746760311,0.6378469655263627,1.2528849928135928,0.6711286833073704,-0.9288527163777186,-0.0268268443688793,1.7578253504205563,-0.3133015658949852,0.123392225642061,-0.6287319993535614,0.9627785952098048,-0.1362660103106782,0.0,0.0,0.0,0.0,其他,0,0,0.5,1.0,0,0.6687116564417178,0.05874409182984475,0.03241053342336242,0.7807377049180327,0.5154004106776181,0.2587268993839836,0.680327868852459,0.5195071868583162,0.6611909650924025,0.5,0.5,0.5,0.5,0.6687116564417178,0.8077709611451943,0.6421267893660532
2025-05-08,14.75,15.31,14.7,15.18,6149270.0,14.638,14.348,14.1465,14.9565,0.0370269162453886,0.0579871759130192,0.0730569398791221,0.0149433356734529,14.1465,15.043002561125432,13.249997438874567,1.076406607581213,0.1267454933897564,0.0249831195138419,0.0920863309352517,0.0600558659217875,0.1277860326894502,0.0111699239678038,0.0174690618864994,0.0166394215764759,64.74576268113759,-0.0759864251169233,-0.2389393283369568,0.1629529032200335,22041247.0,64.00870240910697,0.3700000000000001,1.3390107305271908,0.9999999999484536,0.295731707312565,-0.0138339920948615,0.0249831195138419,0.0166394215764759,64.74576268113759,0.3377324939642612,0.0,0.0,0.0,0.5,-0.605944978369361,-0.5095736328876511,-0.5374806951915603,-0.4579806663365172,-0.2676911100222758,-0.6923425246641202,-0.8415417187114842,-1.0097296615333249,-0.7569994321396174,0.7864858726264676,0.9296421676016864,1.042524122838775,0.4255860950826301,-1.0097296615333249,-1.1042478784771923,-0.5159196927984124,1.831760544208048,-0.9057538748540024,0.5976715568930182,0.9567492348855772,0.574725775959874,1.0866731426323726,-0.9881993668156124,-1.002192490596496,-1.3774877631006075,1.0743597920176255,0.1675986614645471,-0.2197585046396991,0.8189687525650667,1.377771540191565,0.675333702514678,-0.9181489572350162,0.3935099996286268,1.74657623404474,-0.0663129108653858,0.5976715568930182,-1.3774877631006075,1.0743597920176255,0.0559406246623122,0.0,0.0,0.0,0.0,其他,0,0,0.5,1.0,0,0.3803680981595092,0.020421607378129147,0.0039525691699604515,0.8422131147540983,0.6796714579055442,0.21149897330595482,0.6905737704918032,0.86652977412731,0.7741273100616016,0.5,0.5,0.5,0.5,0.3803680981595092,0.7423312883435583,0.4621676891615542
2025-05-09,15.17,15.27,15.06,15.12,4365300.0,14.828,14.437,14.2405,14.964333333333334,0.0196924736984083,0.0473089977142064,0.0617604718935429,0.0104025126411688,14.2405,15.131022614151377,13.349977385848623,0.9938111542168626,0.1250690093950524,-0.0039525691699605,0.0670430486944249,0.0625439212930427,0.1419939577039273,0.0146747153854825,0.0173017947455776,0.0159746638984265,70.47970476063777,-0.0190073933901722,-0.1949529413475999,0.1759455479574277,17675947.0,71.81228782845879,0.3528571428571428,0.981681684389732,0.9655172413238206,0.2865853658492897,0.0033068783068783,-0.0039525691699605,0.0159746638984265,70.47970476063777,-0.2901108586872913,0.0,0.0,0.0,0.5,-0.448486867559372,-0.5223038957247238,-0.38565866908876,-0.4800171337275785,-0.511374418382605,-0.6141676872097391,-0.8018124358914446,-0.961928682346044,-0.7492567385350333,0.4340736849588674,0.768921319050165,0.902869972429722,0.3768951949329567,-0.961928682346044,-1.0713589957465417,-0.4582264760991654,1.5671856949587382,-0.9151822936515756,-0.0828265930196746,0.6971506314957956,0.5952552498651525,1.1868661697011709,-0.8378169386387456,-1.0075988184182505,-1.4133773716467644,1.4433452809000409,0.2909317976220167,-0.1099790234171938,0.8810081762116979,1.2799756387671115,1.2077281592058526,-0.9477051117061244,-0.0411160848273321,1.6353442155741822,-0.1062254940742779,-0.0828265930196746,-1.4133773716467644,1.4433452809000409,-0.2373517903950518,0.0,0.0,0.0,0.0,其他,0,0,0.5,1.0,0,0.556237218813906,0.007275132275132323,0.0,0.8094262295081968,0.6468172484599589,0.25051334702258726,0.7909836065573771,0.7002053388090349,0.7967145790554415,0.5,0.5,0.5,0.5,0.556237218813906,0.6707566462167689,0.36912065439672803
2025-05-12,15.28,15.55,15.18,15.4,5151400.0,15.05,14.557,14.3385,14.978666666666667,0.0232558139534884,0.0579102837123035,0.0740314537782893,0.0281288944276303,14.3385,15.287566577443478,13.389433422556522,1.059233685561588,0.1323801760905058,0.0185185185185186,0.0776766969909028,0.0845070422535212,0.1458333333333334,0.0145614202782182,0.0174277832264632,0.0160860985013056,69.92481199327266,0.0481870889414057,-0.1463249352897988,0.1945120242312046,22827347.0,72.3059963042842,0.3464285714285715,1.1872345847422103,0.9999999999401198,0.3292682926779074,-0.0038961038961039,0.0185185185185186,0.0160860985013056,69.92481199327266,0.1800792614482396,0.0,0.0,0.0,0.5,-0.4067085710971382,-0.4254551307854514,-0.3346571701583999,-0.372351684233982,-0.4027662924119332,-0.5232286441969667,-0.7491480103785999,-0.9125045629322056,-0.7368929819795318,0.5054981474085423,0.9241252431426278,1.048357143862282,0.5629247525296774,-0.9125045629322056,-1.016084599957635,-0.4349650358541519,1.7581281351572853,-0.8601627836317653,0.4457276328683496,0.8048104950315693,0.7855969536070126,1.2104377431113444,-0.8404568193856813,-0.9981424177378152,-1.3997022670252908,1.4006181716038095,0.4363591292823212,0.0113641733863176,0.9702227042783124,1.3833543834596462,1.236847269713751,-0.9570085440549077,0.2089916707141438,1.7259432873601568,0.0811189303226313,0.4457276328683496,-1.3997022670252908,1.4006181716038095,-0.017092675137308,0.0,0.0,0.0,0.0,其他,0,0,0.5,1.0,0,0.3435582822085889,0.0032467532467532756,-0.045454545454545525,0.8524590163934426,0.7104722792607803,0.2874743326488706,0.7561475409836066,0.8090349075975359,0.8357289527720739,0.5,0.5,0.5,0.5,0.34355828220858897,0.656441717791411,0.18404907975460122
2025-05-13,15.56,15.6,15.21,15.25,3759600.0,15.152,14.695,14.4145,14.9895,0.0064677930306229,0.0377679482817285,0.0579624683478443,0.0173788318489609,14.4145,15.401093821397788,13.42790617860221,0.923426531662208,0.1368890799390813,-0.0097402597402597,0.0345997286295793,0.0994953136265321,0.1107064821558629,0.0146738874760717,0.0150795273611332,0.0161117809307319,68.63468631140641,0.0883173860509032,-0.0993964710216584,0.1877138570725616,19067747.0,64.89187197219772,0.3521428571428572,0.8957056695350444,0.9096385541620696,0.3064024390197194,0.0170491803278687,-0.0097402597402597,0.0161117809307319,68.63468631140641,-0.2701789804713281,0.0,0.0,0.0,0.5,-0.301531092013144,-0.4075730355152437,-0.3215057349783775,-0.4290202428554321,-0.5928924003076713,-0.4809763210801974,-0.6890498369881649,-0.8737916741361696,-0.7270975869169538,0.1638966178802078,0.6229133822532505,0.8510521076670211,0.4482062593569892,-0.8737916741361696,-0.9753745664731126,-0.4122922542713751,1.3337409357709504,-0.8254963571377862,-0.2204084760884113,0.3597721853794078,0.9143360894376952,0.9490740202070332,-0.8335802793486895,-1.113894350814442,-1.3916251100307566,1.3108259605317978,0.5227946622240816,0.12846430646222,0.9339506345666636,1.2984807391586846,0.7257440524734394,-0.9434888288580788,-0.1465117402032908,1.4538237188550442,-0.0194668755980409,-0.2204084760884113,-1.3916251100307566,1.3108259605317978,-0.2279505143758647,0.0,0.0,0.0,0.0,其他,0,0,0.5,1.0,0,0.5676229508196722,0.022950819672131084,-0.027540983606557323,0.7802874743326489,0.6995884773662552,0.31893004115226337,0.7453798767967146,0.5617283950617284,0.7839506172839507,0.5,0.5,0.5,0.5,0.5676229508196722,0.7438524590163934,0.24180327868852458
2025-05-14,15.21,15.34,15.03,15.11,5673960.0,15.212,14.797,14.483,15.0025,-0.0067052327110176,0.0211529364060281,0.0432921356072635,0.007165472421263,14.483,15.462626137064698,13.503373862935304,0.8200200444818206,0.1352794499838338,-0.0091803278688524,0.0202565833896015,0.0723917672107876,0.0997088791848617,0.0164070017342509,0.0159823058137412,0.0164121012666815,64.25992776535597,0.1075839449139284,-0.058000387834541,0.1655843327484694,13393787.0,61.892875910166445,0.3564285714285716,1.331607925911103,0.8104575162868978,0.2850609756054105,0.0377233620119126,-0.0091803278688524,0.0164121012666815,64.25992776535597,0.5091924672837536,0.0,0.0,0.0,0.5,-0.431822430182771,-0.4961264819490131,-0.3967111054709555,-0.4818019251953415,-0.3289723877760623,-0.4557955859073118,-0.6443561750645065,-0.8388318505352359,-0.7157907039792905,-0.1041845541304171,0.3746558478556518,0.6714225986864444,0.3393003452273893,-0.8388318505352359,-0.9520914650998806,-0.36858608927127,1.012226425420618,-0.8348956343236291,-0.206866881353092,0.2112702412570606,0.6753701751801285,0.8657517097241785,-0.7583977784569823,-1.064501765952374,-1.366316956806607,1.022068309232277,0.5637172003639976,0.2317213539947264,0.8222335360265792,1.1741871184522916,0.5185374318348672,-0.9327316908696062,0.3855225971513433,1.1592160913185212,-0.1133439742118595,-0.206866881353092,-1.366316956806607,1.022068309232277,0.1379516094820501,0.0,0.0,0.0,0.0,其他,0,0,0.5,1.0,0,0.8114754098360656,0.023825281270681842,-0.02183984116479154,0.6673511293634496,0.6893004115226338,0.33539094650205764,0.6344969199178645,0.8168724279835391,0.6748971193415638,0.5,0.5,0.5,0.5,0.8114754098360656,0.7950819672131147,0.3463114754098361
2025-05-15,15.07,15.13,14.93,14.97,2886000.0,15.169999999999998,14.904000000000002,14.527499999999998,15.011666666666668,-0.0131839156229398,0.0044283413848631,0.0304594734124936,-0.0027756189630286,14.527499999999998,15.510896370265764,13.54410362973423,0.7249855771828385,0.1353841156784027,-0.0092653871608205,-0.0138339920948615,0.0769784172661871,0.0632102272727272,0.0121084246652436,0.0154236029306451,0.016003554204738,63.12056734455007,0.1102847081836966,-0.0243433686308934,0.1346280768145901,10507787.0,61.637206190069456,0.3578571428571431,0.692669452305112,0.718954248319023,0.2637195121911019,0.0347361389445557,-0.0092653871608205,0.016003554204738,63.12056734455007,-0.4913605312691664,0.0,0.0,0.0,0.5,-0.4834297394573139,-0.567365502137187,-0.4381543339986662,-0.5345095888441752,-0.7114848231947883,-0.4720155741719102,-0.5976550443206915,-0.8154489593878577,-0.7072894553584268,-0.2359338020518822,0.1248942259754146,0.5144786647001128,0.2333498928780927,-0.8154489593878577,-0.9333303293096056,-0.3447204427534518,0.7180050028991894,-0.8319539386872989,-0.2085596792906469,-0.141196417910881,0.7139635186811603,0.5957217770365723,-0.937937885258826,-1.0893238887172785,-1.3860098194060733,0.9449735594232046,0.5685111498156542,0.3155754788287401,0.6673059912024002,1.1094585540996311,0.499987840899244,-0.9274031356742282,-0.3956618170986981,0.8890025169907367,-0.2072085277196119,-0.2085596792906469,-1.3860098194060733,0.9449735594232046,-0.3321974927536434,0.0,0.0,0.0,0.0,其他,0,0,0.5,1.0,0,0.8463114754098361,0.044088176352705455,-0.030728122912491718,0.37782340862423,0.6584362139917695,0.34156378600823045,0.7002053388090349,0.34291581108829566,0.6735112936344969,0.5,0.5,0.5,0.5,0.8463114754098361,0.7909836065573771,0.3073770491803279
2025-05-16,15.1,15.29,15.08,15.17,3497600.0,15.179999999999998,15.004,14.5705,15.022333333333334,-0.0006587615283266,0.0110637163423088,0.0411447788339454,0.009829808951117,14.5705,15.588454088510405,13.552545911489595,0.7944631819288711,0.1397280928593277,0.0133600534402136,0.0033068783068783,0.0705716302046577,0.0600978336827393,0.0139973031337611,0.015018724314494,0.0158883514803321,66.22073575494682,0.1270983009655584,0.0059449652883968,0.1211533356771615,14005387.0,68.4012685680724,0.3642857142857144,0.8694670353018631,0.8496732025588447,0.2942073170686858,0.003955174686882,0.0133600534402136,0.0158883514803321,66.22073575494682,0.2119196119196118,0.0,0.0,0.0,0.5,-0.4713309785341033,-0.5112556503540966,-0.3741463839819539,-0.4568898165962717,-0.6258948196548222,-0.4671055857004316,-0.5540226409772478,-0.7928821115870192,-0.6977464855887774,0.0198167986496458,0.2237056235434161,0.6430636346775551,0.3666377625999924,-0.7928821115870192,-0.904992221106192,-0.3393068599684093,0.9293461623568556,-0.7985757361383072,0.3267903173321705,0.0363379240284495,0.6563275277148366,0.5716034838087924,-0.8556763078269369,-1.1062059217636495,-1.3870119794686335,1.1433310258949845,0.6040449161494433,0.3909365090067486,0.5992401797685697,1.1793366806039234,0.9632934071540794,-0.912722188777154,-0.1787395675798921,1.2664882253418772,-0.0722143931757819,0.3267903173321705,-1.3870119794686335,1.1433310258949845,-0.0009185039341074,0.0,0.0,0.0,0.0,其他,0,0,0.5,1.0,0,0.7392197125256673,0.017798286090968896,-0.03559657218193801,0.5555555555555556,0.654320987654321,0.3374485596707819,0.7716049382716049,0.6502057613168725,0.7695473251028807,0.5,0.5,0.5,0.5,0.7392197125256673,0.7248459958932238,0.2587268993839836
2025-05-19,15.4,15.55,15.13,15.34,5148000.0,15.168,15.109,14.637,15.0425,0.0113396624472572,0.0152889006552385,0.0480289676846348,0.0197772976566394,14.637,15.6743671126053,13.5996328873947,0.8388385805631349,0.1417458649447582,0.0112063282794989,-0.0038961038961039,0.0734779566130161,0.0949321912919343,0.0119001156453486,0.0150744707972552,0.0149296152027035,75.97173141118007,0.1523841836183663,0.0352328089543908,0.1171513746639755,19153387.0,74.94897359340261,0.3692857142857144,1.266023821020235,0.9607843136626936,0.3201219512146322,0.0071707953063884,0.0112063282794989,0.0149296152027035,75.97173141118007,0.4718664226898443,0.0,0.0,0.0,0.5,-0.358031793310203,-0.420789132059379,-0.3524151456372872,-0.3908669950318841,-0.3974914264610916,-0.471147950166663,-0.5083459486060897,-0.7592089128551396,-0.6813986921695043,0.264786625476667,0.2864768909293422,0.7251815412382505,0.4715488973165459,-0.7592089128551396,-0.8740378220617985,-0.3118063371476093,1.0625741424477888,-0.7820590305520421,0.275281229286415,-0.0383428596822787,0.6803608159840747,0.826495083207385,-0.9419696632069312,-1.0997147437397286,-1.4410186328015,1.7684205695370765,0.6579725656024412,0.4637153464845234,0.5782362453559217,1.2832404623202736,1.4081679410402743,-0.900806362320006,0.3073909031087661,1.5827822540670309,0.0425493802748592,0.275281229286415,-1.4410186328015,1.7684205695370765,0.121528807734852,0.0,0.0,0.0,0.0,其他,0,0,0.5,1.0,0,0.819672131147541,0.007170795306388422,-0.04889178617992174,0.33880903490759756,0.6735112936344969,0.30184804928131415,0.8993839835728953,0.7741273100616016,0.7433264887063655,0.5,0.5,0.5,0.5,0.819672131147541,0.6905737704918032,0.2336065573770492
2025-05-20,15.31,15.95,15.31,15.51,5400106.0,15.22,15.185999999999998,14.6955,15.059833333333334,0.0190538764783181,0.0213354405373371,0.05542513014188,0.0298918757401034,14.6955,15.79258657241245,13.598413427587552,0.871210449746835,0.1493091861324872,0.0110821382007821,0.0170491803278687,0.0522388059701492,0.0815899581589958,0.011595528538317,0.0126017484630552,0.0143475502522306,75.53956830728224,0.1840197420087825,0.0649901955652691,0.1190295464435134,24553493.0,75.89579549827778,0.3807142857142857,1.3146463432174296,0.9999999999390244,0.3460365853605786,0.0058027079303675,0.0110821382007821,0.0143475502522306,75.53956830728224,0.0489716394716395,0.0,0.0,0.0,0.5,-0.391234398503419,-0.2821107557853724,-0.2757287774291422,-0.3248978619439423,-0.3620675927851295,-0.4491428337732644,-0.4746479846906938,-0.7294740304484986,-0.6671546635188144,0.4220416786620928,0.3764539004246228,0.8132272407623523,0.5780485747712151,-0.7294740304484986,-0.8325358913865069,-0.3119808252995603,1.158112521090636,-0.7257022918700002,0.2719076070862054,0.1790333233539321,0.492750213476315,0.7262824324398244,-0.9522061700796274,-1.2208468201359894,-1.470715108717357,1.7298033240504551,0.7256082139267188,0.5375739322658815,0.5864317313142952,1.3913720419113995,1.466310957503038,-0.8768751477229559,0.3665054287662065,1.687130648966903,0.1573085848091284,0.2719076070862054,-1.470715108717357,1.7298033240504551,-0.0781408125692951,0.0,0.0,0.0,0.0,其他,0,0,0.5,1.0,0,0.8340163934426229,-0.010960670535138606,-0.05867182462927145,0.5646817248459959,0.6139630390143738,0.2751540041067762,0.8850102669404517,0.7967145790554415,0.7720739219712526,0.5,0.5,0.5,0.5,0.8340163934426229,0.4672131147540984,0.2540983606557377
2025-05-21,15.52,15.87,15.52,15.68,7714062.0,15.334,15.273,14.767500000000002,15.0805,0.0225642363375504,0.0266483336607084,0.0617910953106481,0.0397533238287854,14.767500000000002,15.926008569352184,13.60899143064782,0.8938253130146759,0.1568997554554714,0.0109606705351386,0.0377233620119126,0.0587440918298447,0.101123595505618,0.0094068907914613,0.0127307911955225,0.0141833621548451,82.24637676987501,0.2202695983885991,0.0960460761299351,0.1242235222586639,32267555.0,81.2322910362101,0.3821428571428571,1.8076211215338929,0.9999999999447514,0.371951219506525,-0.013392857142857,0.0109606705351386,0.0141833621548451,82.24637676987501,0.4285019590356189,0.0,0.0,0.0,0.5,-0.3116440622998071,-0.3093055001238602,-0.1863646632231841,-0.2589648408319371,-0.0419135405758888,-0.40189962319644,-0.4367373200160203,-0.6933940495824713,-0.6505546127889408,0.4931226090786806,0.4553617434665163,0.8883990840388333,0.6815792645673988,-0.6933940495824713,-0.786173325819622,-0.3053937260112336,1.2230431333299503,-0.6693271869387005,0.2686018097360169,0.3935047730054599,0.5489332892528704,0.868254151727108,-1.041836665773775,-1.209829379045611,-1.473876686814796,2.146327431479074,0.8030928447614839,0.6145600053589936,0.6110691327140184,1.5464887339326203,1.82097009078144,-0.8718634244007565,0.9702388668484936,1.677250430134565,0.2720378640741896,0.2686018097360169,-1.473876686814796,2.146327431479074,0.101268936080202,0.0,0.0,0.0,0.0,其他,0,0,0.5,1.0,0,0.6454918032786885,-0.024872448979591844,-0.0892857142857143,0.8090349075975359,0.7248459958932238,0.2648870636550308,0.9034907597535934,0.9219712525667351,0.839835728952772,0.5,0.5,0.5,0.5,0.6454918032786885,0.32991803278688525,0.19364754098360656
2025-05-22,15.6,15.96,15.46,15.49,6430200.0,15.438,15.304000000000002,14.826000000000002,15.094666666666663,0.0033683119575076,0.0121536853110297,0.0447861864292458,0.0261902658775727,14.826000000000002,16.007299908441336,13.644700091558668,0.7810463266682244,0.1593551744817706,-0.0121173469387755,0.0347361389445557,0.0204216073781291,0.0817039106145252,0.0106760895241508,0.0118969955818881,0.0146832583327718,74.62686563265761,0.2310035930065659,0.1230375795052613,0.1079660135013045,25837355.0,72.71036137436889,0.3892857142857142,1.4532886095979562,0.8950276242599435,0.3429878048728202,0.0090380890897352,-0.0121173469387755,0.0146832583327718,74.62686563265761,-0.1664313820656354,0.0,0.0,0.0,0.5,-0.2810357799167254,-0.2776886580810924,-0.2115350470450022,-0.3317769880759622,-0.219438525659987,-0.3587806699114801,-0.4227505215878987,-0.6638742271667043,-0.6387087701297329,0.0989376392866128,0.2372306064861451,0.6794975630373992,0.5354558135879371,-0.6638742271667043,-0.7572769451753574,-0.2843835468231244,0.8737233501138688,-0.6501433563259144,-0.2805002385672299,0.3617823803962138,0.2110108253612472,0.7230384904479679,-0.9851601285134928,-1.2473926739921524,-1.4355156955690018,1.645771384247705,0.8246136023938454,0.6811572821844036,0.5290994747762638,1.4050258037828591,1.232928402296002,-0.8561335064655778,0.5331354404451034,1.3667252655535282,0.1427804880696267,-0.2805002385672299,-1.4355156955690018,1.645771384247705,-0.1803342092559929,0.0,0.0,0.0,0.0,其他,0,0,0.5,1.0,0,0.625,-0.016139444803098812,-0.0819883795997417,0.8439425051334702,0.7474332648870636,0.27720739219712526,0.9075975359342916,0.9096509240246407,0.8151950718685832,0.5,0.5,0.5,0.5,0.625,0.2459016393442623,0.17827868852459017
2025-05-23,15.49,15.6,15.2,15.23,4473151.0,15.45,15.315,14.876,15.101,-0.0142394822006471,-0.0055501142670585,0.0237967195482657,0.0085424806304219,14.876,16.035535297117967,13.71646470288203,0.6526473583057826,0.155893425263535,-0.0167850225952227,0.003955174686882,0.0072751322751323,0.0702740688685874,0.0140829691652566,0.0132374085076642,0.0152485665644882,66.66666663356976,0.2160401575305854,0.1416380951103261,0.0744020624202592,21364204.0,66.77355809495245,0.3985714285714286,0.992153259769416,0.751381215428101,0.303353658531961,0.0137885751805646,-0.0167850225952227,0.0152485665644882,66.66666663356976,-0.3043527417498678,0.0,0.0,0.0,0.5,-0.3220660382359577,-0.4019280029168099,-0.3216289530440765,-0.4315343324327172,-0.4900526208437524,-0.3532895740159527,-0.4173203477841519,-0.6385032895214324,-0.6325720996518602,-0.262618289890271,-0.0290730025598102,0.4225516892531262,0.3459785696122227,-0.6385032895214324,-0.7460968993340433,-0.2426519167266517,0.4776718886724328,-0.6737278544046545,-0.3911466630245294,0.0406044218500689,0.0948925715356251,0.6371323977804136,-0.8385813980443559,-1.1752456967476876,-1.393554719512858,1.1299413101219071,0.7899582251680244,0.7264811949892779,0.3611275190348858,1.305861697451343,0.8247761847530813,-0.836446040392312,-0.0349284361522985,0.9478469223379056,-0.0339953643069529,-0.3911466630245294,-1.393554719512858,1.1299413101219071,-0.2453966795235481,0.0,0.0,0.0,0.0,其他,0,0,0.5,1.0,0,0.6454918032786885,-0.007222586999343528,-0.049901510177281616,0.7371663244353183,0.7905544147843943,0.3080082135523614,0.837782340862423,0.6858316221765913,0.7885010266940452,0.5,0.5,0.5,0.5,0.6454918032786885,0.1885245901639344,0.23770491803278687
2025-05-26,15.1,15.51,15.08,15.45,4250500.0,15.472,15.32,14.9385,15.113333333333337,-0.0014219234746639,0.0084856396866841,0.0342403855808817,0.022276135862373,14.9385,16.07921584173196,13.79778415826804,0.7242013221938624,0.1527216041402179,0.0144451739986868,0.0071707953063884,0.0032467532467532,0.0880281690140845,0.0147366203076246,0.0126827905559173,0.0153761902232349,63.70656367212772,0.2194045296501592,0.1571913820182928,0.0622131476318664,25614704.0,66.54336198041132,0.3928571428571427,0.9420959419380764,0.8729281767473518,0.3368902438973033,0.0,0.0144451739986868,0.0153761902232349,63.70656367212772,-0.0497749796508099,0.0,0.0,0.0,0.5,-0.468718694265018,-0.4324575303665254,-0.3721358084416582,-0.3458468824225936,-0.5200258231991395,-0.3437131064811919,-0.4144635819174702,-0.6072118912769796,-0.6221120637472138,0.0012291482465005,0.182125449926193,0.5490983394146831,0.492079737666744,-0.6072118912769796,-0.7298301674550501,-0.1954317921549235,0.6965738203695863,-0.6951573071939234,0.3538500238483804,0.074091862028586,0.0592147208482498,0.7667100563487983,-0.8088964036867404,-1.199022081580581,-1.3793838000539256,0.9370100344944622,0.7954723565216817,0.7640051750787051,0.2997963318735929,1.3892687738901883,0.807034057488286,-0.8450932411651655,-0.0965454284270693,1.2947256191668302,0.1156921478963175,0.3538500238483804,-1.3793838000539256,0.9370100344944622,-0.124265838812145,0.0,0.0,0.0,0.0,其他,0,0,0.5,1.0,0,0.4662576687116564,-0.04854368932038833,-0.046601941747572706,0.819672131147541,0.8176229508196722,0.3442622950819672,0.819672131147541,0.7274590163934426,0.8237704918032787,0.5,0.5,0.5,0.5,0.4662576687116564,0.08588957055214724,0.18200408997955012
2025-05-27,15.44,15.62,15.28,15.6,3719800.0,15.489999999999998,15.355,15.025,15.123666666666669,0.0071013557133634,0.0159557147508955,0.038269550748752,0.0314958894447994,15.025,16.08400648574096,13.96599351425904,0.7714808679951275,0.1409659215619184,0.0097087378640776,0.0058027079303675,0.022950819672131,0.1247296322999278,0.0145250447845185,0.0124445978623969,0.0139662853041999,64.79400745666231,0.231505909178006,0.1720542874502354,0.0594516217277706,29334504.0,66.21365047184659,0.3971428571428571,0.8212848924646239,0.955056179721626,0.3597560975554914,-0.0166666666666666,0.0097087378640776,0.0139662853041999,64.79400745666231,-0.1248558993059639,0.0,0.0,0.0,0.5,-0.3394678052941797,-0.3935500290220319,-0.2863975278302996,-0.287284125771617,-0.5926585152386067,-0.3357841130360849,-0.3987718335779608,-0.5644844535238193,-0.6131368937806232,0.1766731254430994,0.2943680371455955,0.5971649093865351,0.5896313846973189,-0.5644844535238193,-0.7265502348987267,-0.0981008627837869,0.8401937921206918,-0.778557112418158,0.2402687276913854,0.0596910556369429,0.2331936301972,1.0353145467566858,-0.815902327649428,-1.2067031542278903,-1.4610779966808631,1.0039290127534823,0.8200672268465766,0.7996685408065239,0.2855479597413475,1.4607071736534991,0.7825817340993955,-0.8348732813602162,-0.245443267151906,1.5247074929161415,0.2176728712516107,0.2402687276913854,-1.4610779966808631,1.0039290127534823,-0.1597528370983875,0.0,0.0,0.0,0.0,其他,0,0,0.5,1.0,0,0.1881390593047034,-0.049358974358974295,-0.05384615384615388,0.8340163934426229,0.8709016393442623,0.2827868852459016,0.8401639344262295,0.6434426229508197,0.8135245901639344,0.5,0.5,0.5,0.5,0.18813905930470348,0.07975460122699386,0.13496932515337423
2025-05-28,15.61,15.68,15.4,15.47,2280100.0,15.448000000000002,15.391000000000002,15.094000000000005,15.134666666666666,0.0014241325737958,0.0051328698590085,0.0249105604876107,0.022156638181658,15.094000000000005,16.07333167329313,14.114668326706877,0.6919676500742866,0.1297643664087237,-0.0083333333333333,-0.013392857142857,0.0238252812706818,0.0979418026969483,0.0138447419296056,0.0123600609036794,0.0141130103334869,55.96707815705603,0.2279784326351315,0.1832391164872147,0.0447393161479168,27054404.0,64.2738631998776,0.3735714285714283,0.5105006326179992,0.882022471860561,0.3399390243850619,-0.0116354234001293,-0.0083333333333333,0.0141130103334869,55.96707815705603,-0.3870369374697564,0.0,0.0,0.0,0.5,-0.2746104710518184,-0.372053222210755,-0.2347999062718091,-0.3371848697970994,-0.7911557028299451,-0.3524762173094642,-0.3826683655581875,-0.5302408953704837,-0.6037069944697927,0.0593868724667502,0.130654558728501,0.4327988046341857,0.4882804721422692,-0.5302408953704837,-0.7284319794872172,-0.012058017159748,0.5936849389799541,-0.8576298238164365,-0.1913014475308447,-0.1412321446776597,0.24056858384916,0.8347566269347649,-0.842706439723921,-1.2066114276733917,-1.4450680838188827,0.4355949495487659,0.8104032182026438,0.8259491821441234,0.211576771751851,1.406941431917903,0.6483268933932188,-0.8771997353955161,-0.6287156480393935,1.3083700832144605,0.1285804986789846,-0.1913014475308447,-1.4450680838188827,0.4355949495487659,-0.2842281164735955,0.0,0.0,0.0,0.0,其他,0,0,0.5,1.0,0,0.1857142857142857,-0.04460245636716231,-0.04848093083387206,0.6441717791411042,0.8445807770961146,0.2965235173824131,0.7321063394683026,0.2331288343558282,0.7832310838445807,0.5,0.5,0.5,0.5,0.18571428571428572,0.10408163265306122,0.15510204081632653
2025-05-29,15.56,15.78,15.42,15.63,3843500.0,15.476,15.457,15.1805,15.154833333333332,0.0099508917032826,0.0111923400401114,0.0296103553901387,0.0313541334447757,15.1805,16.00991894689778,14.35108105310222,0.7709728308016942,0.1092742593316842,0.0103425985778926,0.0090380890897352,0.0440881763527054,0.1244604316546762,0.013633446553102,0.0118437454066535,0.0134818897989803,60.079051350153925,0.2353802281341686,0.1936673388166055,0.041712889317563,30897904.0,64.05261122087269,0.384285714285714,0.8456191685265539,0.9668874171545114,0.3643292682871292,-0.0249520153550864,0.0103425985778926,0.0134818897989803,60.079051350153925,0.6856716810666199,0.0,0.0,0.0,0.5,-0.2931354048633246,-0.3366556769387893,-0.2259103931210219,-0.2746119631505043,-0.5724110125479699,-0.3404069994856365,-0.3537058305354733,-0.4876440281373124,-0.587642149659023,0.2353103816959592,0.221998184647729,0.4895104187363316,0.5858564414380186,-0.4876440281373124,-0.7478697540324231,0.1247496598817147,0.8355165863993201,-1.0034076827194185,0.2559537971605836,0.0939974361109352,0.4196313661060047,1.0280639073622555,-0.8495695923164935,-1.2281983097779785,-1.4774921715959564,0.6987736764086233,0.8246901350530278,0.850227495241662,0.1961152354843988,1.4805527352973795,0.6318500501872882,-0.8547171568293006,-0.2132922425874373,1.5453031984876175,0.2377142595240317,0.2559537971605836,-1.4774921715959564,0.6987736764086233,0.2271895137771501,0.0,0.0,0.0,0.0,其他,0,0,0.5,1.0,0,0.1673469387755102,-0.07165706973768404,-0.0511836212412029,0.6257668711656442,0.8159509202453987,0.3047034764826176,0.7607361963190185,0.523517382413088,0.7586912065439673,0.5,0.5,0.5,0.5,0.1673469387755102,0.09795918367346938,0.15918367346938775
2025-05-30,15.63,15.65,15.37,15.44,2494552.0,15.518,15.484,15.244,15.170833333333333,-0.0050264209305324,-0.0028416429863085,0.0128575177118865,0.0177423784674539,15.244,15.929685212415771,14.558314787584226,0.6429227263376219,0.0899613241158849,-0.0121561100447857,0.0137885751805646,0.0177982860909688,0.0896259703599153,0.0121229932198657,0.0124298926395363,0.0136709913067709,50.81967210198869,0.2233402647430189,0.1996019240018882,0.0237383407411307,28403352.0,58.45304598175062,0.3735714285714283,0.5523798711479295,0.827338129436882,0.3353658536534241,-0.0207253886010363,-0.0121561100447857,0.0136709913067709,50.81967210198869,-0.3509686483673735,0.0,0.0,0.0,0.5,-0.2661292894927557,-0.3814186056778793,-0.2469492220753264,-0.3479640011442311,-0.7587001412987885,-0.3225895789065532,-0.3415256309150251,-0.4561786337336873,-0.5746534342850309,-0.07464190838547,0.0093470898972102,0.2834121188644242,0.4384044386416437,-0.4561786337336873,-0.7728495365846857,0.2446290601421457,0.4391325601652716,-1.139726814979379,-0.2836041935136765,0.1437048417171719,0.1858091707128219,0.7681197022956797,-0.9113673179953984,-1.19432022712789,-1.458750984756776,0.1020807837288062,0.7963787536723925,0.8630975859111101,0.1057284843855781,1.42233878700171,0.2471806964484046,-0.8727498224544081,-0.5758815095643033,1.1395618624093662,0.1072141715840622,-0.2836041935136765,-1.458750984756776,0.1020807837288062,-0.26762530925701,0.0,0.0,0.0,0.0,其他,0,0,0.5,1.0,0,0.0816326530612244,-0.05246113989637302,-0.032383419689119175,0.6462167689161554,0.7852760736196319,0.31901840490797545,0.5869120654396728,0.1554192229038855,0.7280163599182005,0.5,0.5,0.5,0.5,0.08163265306122448,0.10612244897959183,0.1816326530612245
2025-06-03,15.44,15.56,15.35,15.45,2355109.0,15.518,15.495,15.302,15.183833333333332,-0.0043820079907205,-0.0029041626331074,0.0096719383087175,0.0175296093432708,15.302,15.8248102201709,14.7791897798291,0.6415427570328143,0.0683322729273929,0.0006476683937823,0.0,0.0071707953063884,0.0811756473058082,0.0102329746807758,0.011985952933726,0.0136600149846485,54.34782605387522,0.2121597775876385,0.2021134947190382,0.0100462828686002,30758461.0,59.794885623741095,0.3607142857142856,0.5283292986247294,0.7553191488558165,0.3368902438973033,-0.0485436893203883,0.0006476683937823,0.0136600149846485,54.34782605387522,-0.0558990151337794,0.0,0.0,0.0,0.5,-0.3378998741131986,-0.4121936665619268,-0.2551408699251475,-0.343526879075567,-0.7763820182392113,-0.3220817137539962,-0.336240619538902,-0.4274044900677059,-0.5638856482272473,-0.0611945081884985,0.0083862865637707,0.243869707761211,0.4352322793480371,-0.4274044900677059,-0.8059542919326098,0.372361466431467,0.4340936297531232,-1.291561640391459,0.0240694908785035,-0.0013881654967467,0.0911345100009092,0.7038890941586506,-0.9889100167359176,-1.212368332940576,-1.4526185373508058,0.3291817936193623,0.7700551374490388,0.8672988045109428,0.0368431081364506,1.4648743515057434,0.3388415435042082,-0.8947494054484327,-0.6045101906144908,0.929697989135156,0.113889107022503,0.0240694908785035,-1.4526185373508058,0.3291817936193623,-0.1262967077140376,0.0,0.0,0.0,0.0,其他,0,0,0.5,1.0,0,0.0470347648261758,-0.05566343042071198,-0.029126213592232997,0.47540983606557374,0.7377049180327869,0.3319672131147541,0.6270491803278688,0.16393442622950818,0.6434426229508197,0.5,0.5,0.5,0.5,0.04703476482617587,0.09406952965235174,0.1901840490797546
2025-06-04,15.44,15.55,15.32,15.34,3484600.0,15.466,15.478,15.332,15.1705,-0.0081469028837449,-0.0089158806047292,0.0005217845030003,0.0111730002307108,15.332,15.782945206146742,14.881054793853256,0.5088702572286693,0.0588240550670234,-0.0071197411003235,-0.0166666666666666,-0.0109606705351386,0.0407055630936228,0.0089450727368956,0.011624165730842,0.0122228567277675,55.06607926119274,0.1922074326358522,0.2001322823024011,-0.0079248496665488,27273861.0,61.95148869038346,0.3549999999999999,0.7949029488878271,0.609195402228828,0.3201219512146322,-0.0332464146023467,-0.0071197411003235,0.0122228567277675,55.06607926119274,0.4795918150709797,0.0,0.0,0.0,0.5,-0.3373705670239051,-0.4150074300745298,-0.2676171700165711,-0.3857964657210976,-0.6175915221001685,-0.3430186508449719,-0.3430253936873998,-0.41217609408176,-0.5723611901767746,-0.1391565086849693,-0.0828464220512375,0.1310398178240964,0.3658982621436418,-0.41217609408176,-0.8179333781597505,0.4308779190141039,0.0231822818000902,-1.3547577273114029,-0.162631275546581,-0.1767611104332716,-0.0702927290686398,0.4029154454032862,-1.0405582569603822,-1.2261562291886057,-1.5344979062277364,0.3749588388411426,0.7245937333011808,0.8601693841822624,-0.0535546182741834,1.3866042209366911,0.4863622905868429,-0.9031774450245136,-0.2727648606003473,0.508125609114666,0.0381239126843634,-0.162631275546581,-1.5344979062277364,0.3749588388411426,0.130028221846286,0.0,0.0,0.0,0.0,其他,0,0,0.5,1.0,0,0.0858895705521472,-0.04823989569752285,-0.014341590612777066,0.1885245901639344,0.6045081967213115,0.25614754098360654,0.6311475409836066,0.4364754098360656,0.45491803278688525,0.5,0.5,0.5,0.5,0.08588957055214724,0.19222903885480572,0.3231083844580777
2025-06-05,15.35,15.39,15.13,15.29,2989250.0,15.43,15.438999999999998,15.356,15.162,-0.0090732339598187,-0.0096508841246194,-0.004297994269341,0.0084421580266456,15.356,15.735384543146278,14.976615456853722,0.4130170150133725,0.0494118967366251,-0.0032594524119948,-0.0116354234001293,-0.0248724489795918,0.0324105334233624,0.0085120062341759,0.0108359518800794,0.0122615117656464,57.33944950446087,0.1703962514612573,0.1941850761341723,-0.023788824672915,24284611.0,61.79114600387757,0.3592857142857141,0.6946408375148113,0.4507042252886317,0.3124999999952361,-0.0333551340745584,-0.0032594524119948,0.0122615117656464,57.33944950446087,-0.1421540492452505,0.0,0.0,0.0,0.5,-0.3711119567038387,-0.4702543587629827,-0.3487491201229021,-0.4046555583135114,-0.6853456743845717,-0.357337862107566,-0.3592985288577933,-0.3998648775954442,-0.5772931195927994,-0.1581851104933593,-0.0938951389291308,0.0715180884949369,0.3357406820495726,-0.3998648775954442,-0.831770508034158,0.4856627989745677,-0.2736755083883959,-1.4165607497491075,-0.0694999410370394,-0.1234896781471625,-0.1941186176262619,0.3407258468349549,-1.0557736529150108,-1.2611660710332335,-1.524485615363387,0.5210476736208778,0.6751867853161364,0.8430788268959784,-0.1333419493690234,1.319361613775747,0.4744683233091367,-0.892702602725681,-0.3968656292670488,0.0513235958552416,0.0036499535291735,-0.0694999410370394,-1.524485615363387,0.5210476736208778,-0.1679738223833996,0.0,0.0,0.0,0.0,其他,0,0,0.5,1.0,0,0.0877551020408163,-0.06605624591236103,-0.003924133420536213,0.18404907975460122,0.6400817995910021,0.2556237218813906,0.6789366053169734,0.261758691206544,0.41513292433537835,0.5,0.5,0.5,0.5,0.08775510204081632,0.1673469387755102,0.3489795918367347
2025-06-06,15.29,15.32,15.12,15.24,2682795.0,15.352,15.413999999999998,15.359,15.1545,-0.007295466388744,-0.0112884390813544,-0.0077479002539228,0.0056418885479561,15.359,15.733441338247845,14.984558661752155,0.341096604623095,0.0487585569692567,-0.0032701111837801,-0.0249520153550864,-0.0161394448030988,0.0039525691699604,0.0048377788300058,0.0103084254671874,0.0109961369960613,51.724137895362674,0.147377277589868,0.1848235164253115,-0.0374462388354434,21601816.0,56.657355842654525,0.3507142857142857,0.6495904307509536,0.3802816900872842,0.3048780487758402,-0.0479002624671915,-0.0032701111837801,0.0109961369960613,51.724137895362674,-0.1025190265116667,0.0,0.0,0.0,0.5,-0.3933930351776821,-0.4939435974270562,-0.3524983367364745,-0.4234994809333048,-0.7266130843238875,-0.3890088108391943,-0.3695148858474502,-0.3977285023565196,-0.5814884909206385,-0.1209993758272317,-0.1186780357868495,0.0288840178660425,0.3048568902989791,-0.3977285023565196,-0.8303398648568602,0.4893978027139383,-0.4961329142956144,-1.4149533802176824,-0.069658935989068,-0.2638123819228549,-0.1159272194696851,0.1288384618250937,-1.207705336360563,-1.2828317222437788,-1.59462399525814,0.157193195746226,0.6232510711050516,0.8174499580443274,-0.2019965758968025,1.259072678657185,0.1202260079545509,-0.9065539674011942,-0.4521978705488489,-0.1516862248041247,-0.0308245119266974,-0.069658935989068,-1.59462399525814,0.157193195746226,-0.1487217724414558,0.0,0.0,0.0,0.0,其他,0,0,0.5,1.0,0,0.1206543967280163,-0.06692913385826771,-0.020341207349081403,0.16393442622950818,0.4569672131147541,0.19057377049180327,0.45081967213114754,0.2520491803278688,0.3135245901639344,0.5,0.5,0.5,0.5,0.12065439672801637,0.2147239263803681,0.2719836400817996
2025-06-09,15.2,15.24,14.92,15.12,5354400.0,15.288,15.403,15.359,15.143166666666666,-0.010989010989011,-0.0183730442121665,-0.0155609089133407,-0.0015298429434618,15.359,15.733441338247845,14.984558661752155,0.1808578866632894,0.0487585569692567,-0.0078740157480315,-0.0207253886010363,-0.0072225869993435,0.0,0.0034376372394096,0.0091701064265336,0.0111094811831225,44.44444441301907,0.118090306293606,0.1714768743989704,-0.0533865681053643,16247416.0,47.653435973429325,0.3435714285714286,1.2811303348054823,0.2112676056040451,0.2865853658492897,-0.0324074074074073,-0.0078740157480315,0.0111094811831225,44.44444441301907,0.9958289768692724,0.0,0.0,0.0,0.5,-0.4271045294534971,-0.5211048457668647,-0.437961983419935,-0.4696575122910638,-0.3524646734942651,-0.4148608029908143,-0.3736713176880557,-0.397050284997977,-0.5884864147785838,-0.1977143351244034,-0.2264574300813409,-0.0676158667855942,0.2266752848916773,-0.397050284997977,-0.8282735512233892,0.4885045322062133,-0.9914527773209016,-1.4087050660086218,-0.1806643185358846,-0.2187635027674316,-0.0360967086527888,0.099244800507336,-1.2625118698032722,-1.3347785263449672,-1.5793615130454304,-0.314375598548843,0.5576402240291267,0.7818622604431533,-0.2821539943436323,1.144282860720132,-0.5007381797545855,-0.9176490685077168,0.3351615506614986,-0.6388397147685275,-0.113634750302008,-0.1806643185358846,-1.5793615130454304,-0.314375598548843,0.378990206137472,0.0,0.0,0.0,0.0,其他,0,0,0.5,1.0,0,0.2556237218813906,-0.04298941798941791,-0.006613756613756627,0.0778688524590164,0.36885245901639346,0.1987704918032787,0.32172131147540983,0.7663934426229508,0.18032786885245902,0.5,0.5,0.5,0.5,0.2556237218813906,0.42535787321063395,0.37014314928425357
2025-06-10,15.22,15.22,14.5,14.7,6264789.0,15.138,15.328,15.324000000000002,15.121833333333337,-0.0289338089575902,-0.0409707724425887,-0.0407204385277997,-0.0278956475735968,15.324000000000002,15.799522980793272,14.848477019206731,-0.1561197094443571,0.0620625138071217,-0.0277777777777777,-0.0485436893203883,-0.0485436893203883,-0.0454545454545455,0.0102407735988376,0.0109720827612147,0.0118586260074915,31.83856500243317,0.0602946415311116,0.1492404278253987,-0.088945786294287,9982627.0,37.81528129095224,0.3492857142857145,1.479252798461582,0.0,0.2225609756063632,-0.0074829931972788,-0.0277777777777777,0.0118586260074915,31.83856500243317,0.1700263334827432,0.0,0.0,0.0,0.5,-0.4187616413052111,-0.5271945807955821,-0.6179813184927234,-0.6329577891543356,-0.2246716468803885,-0.4763112291934654,-0.4055368596400984,-0.4133517873862518,-0.6028022032600059,-0.5712787320346903,-0.5707170463704306,-0.378510654101662,-0.0596397612213866,-0.4133517873862518,-0.8041539705954024,0.4082493329542395,-2.0238755966240043,-1.3075318240885625,-0.6610215097238626,-0.5126082308493621,-0.4056503253729933,-0.2395036509225583,-0.9711048635958892,-1.2396140659545978,-1.5254898666485963,-1.129175297111335,0.4293478194994851,0.7239392106946837,-0.4613680025099452,1.0115114512426713,-1.1768906129375667,-0.9044185256094572,0.5815183117113623,-1.245277472241432,-0.4038428649474643,-0.6610215097238626,-1.5254898666485963,-1.129175297111335,-0.0186837563888073,0.0,0.0,0.0,0.0,其他,0,0,0.5,1.0,0,0.5378323108384458,0.0020408163265306367,0.027210884353741527,0.045081967213114756,0.18237704918032788,0.23770491803278687,0.15163934426229508,0.819672131147541,0.09836065573770492,0.5,0.5,0.5,0.5,0.5378323108384458,0.689161554192229,0.5398773006134969
2025-06-11,14.75,14.93,14.67,14.83,3030974.0,15.036,15.251,15.303,15.105833333333331,-0.0137004522479383,-0.0276047472296899,-0.0309089720969745,-0.0182600540629999,15.303,15.82691642563675,14.779083574363252,0.0485921257097511,0.0684723813152094,0.008843537414966,-0.0332464146023467,-0.0493589743589742,-0.0275409836065573,0.0133308742108677,0.0108467009989936,0.0119689096544693,30.593607286378514,0.0246963897481666,0.1243316202099523,-0.0996352304617856,13013601.0,32.04861162716655,0.3421428571428573,0.7218886617588931,0.1326530612109545,0.2423780487767929,-0.0155091031692515,0.008843537414966,0.0119689096544693,30.593607286378514,-0.5161889730045177,0.0,0.0,0.0,0.5,-0.5977810098026887,-0.6280009977585319,-0.5435915359922068,-0.5809063704155158,-0.6766698929081657,-0.5177808125479233,-0.4382404954204918,-0.4228411919562236,-0.61317656180949,-0.2525721834258058,-0.3656671758414918,-0.2564682225488283,0.0451325717914066,-0.4228411919562236,-0.7930605941598916,0.3670206084266228,-1.384319127977237,-1.2565805467220026,0.2256114362750109,-0.3497973138112195,-0.4122745416600151,-0.1055127444423862,-0.8379330728960379,-1.241381581518777,-1.5113234055720506,-1.2056929103079284,0.3501290988035703,0.6594218124147858,-0.5146304997950724,1.0711509210909156,-1.5675084529887977,-0.9155452133570396,-0.3649304873708501,-0.8596649476350656,-0.3130767787044036,0.2256114362750109,-1.5113234055720506,-1.2056929103079284,-0.3490777976261248,0.0,0.0,0.0,0.0,其他,0,0,0.5,1.0,0,0.6551020408163265,-0.004720161834120051,0.014834794335805812,0.08588957055214724,0.2392638036809816,0.2392638036809816,0.10429447852760736,0.28629856850715746,0.12065439672801637,0.5,0.5,0.5,0.5,0.6551020408163265,0.6040816326530613,0.5122448979591837
2025-06-12,14.83,14.9,14.67,14.78,1996000.0,14.934,15.182,15.2865,15.086333333333334,-0.0103120396410875,-0.0264787248056909,-0.0331338108788801,-0.020305353631322,15.2865,15.854905896483531,14.718094103516467,0.0544557127759142,0.0743670423549948,-0.0033715441672286,-0.0333551340745584,-0.0446024563671623,-0.0218398411647915,0.013323802367816,0.0107903979589068,0.0118380752139417,32.68292680694823,-0.0074640227854523,0.0979724916108713,-0.1054365143963237,11017601.0,35.08395726826657,0.322857142857143,0.4971636762454199,0.0816326530528946,0.2347560975573968,-0.03382949932341,-0.0033715441672286,0.0118380752139417,32.68292680694823,-0.3414658126397653,0.0,0.0,0.0,0.5,-0.5660534725598073,-0.6373207528123224,-0.5426175621839118,-0.5993984643376299,-0.8199748132564311,-0.559187909024529,-0.467438585860758,-0.4301357871103967,-0.6261008136280264,-0.1814091462356104,-0.3478671232404733,-0.2836415769733243,0.0228022869273136,-0.4301357871103967,-0.781814947531016,0.3307397805607124,-1.3604844667866876,-1.2097755088100233,-0.0705306657914316,-0.3503992841448341,-0.3689575260885799,-0.0627643200512428,-0.8362314014439289,-1.2397017871790408,-1.5120342523157817,-1.0668796366235445,0.2785513604699683,0.5913813126642231,-0.5430827600607349,1.0268367916917645,-1.3526642544167171,-0.949563025014785,-0.6449617886277504,-1.0042259044934816,-0.3471752672359284,-0.0705306657914316,-1.5120342523157817,-1.0668796366235445,-0.2643182325540991,0.0,0.0,0.0,0.0,其他,0,0,0.5,1.0,0,0.5623721881390593,-0.004059539918809141,0.021650879566982528,0.08811475409836066,0.3442622950819672,0.23975409836065573,0.10040983606557377,0.08811475409836066,0.13319672131147542,0.5,0.5,0.5,0.5,0.5623721881390593,0.5971370143149284,0.48466257668711654
2025-06-13,14.78,14.78,14.41,14.51,3179705.0,14.788,15.07,15.2635,15.063833333333331,-0.0187990262374898,-0.0371599203715991,-0.0493661348969763,-0.0367657634732195,15.2635,15.91672761407401,14.610272385925988,-0.076751490413074,0.0855934240599771,-0.0182679296346414,-0.0479002624671915,-0.071657069737684,-0.0307281229124917,0.0140308701864006,0.0101943340593975,0.0123284291109242,32.524271822556315,-0.0541143286418552,0.067555127560326,-0.1216694562021813,7837896.0,36.159750733719925,0.3207142857142858,0.7891144908226094,0.0,0.1935975609726584,-0.0199862164024809,-0.0182679296346414,0.0123284291109242,32.524271822556315,0.5930385771543085,0.0,0.0,0.0,0.5,-0.5841696965023259,-0.6782378949182473,-0.6538215529392897,-0.7039956387900392,-0.652534854881942,-0.618791907649276,-0.5152765501284952,-0.4405893739127636,-0.6412021711047804,-0.3586710160323766,-0.5107513416949913,-0.4845648919881027,-0.1566403102929043,-0.4405893739127636,-0.7592939770432511,0.2670486089436032,-1.7549660957278015,-1.125301620359607,-0.4315903866246204,-0.5041754745737754,-0.6110496639718244,-0.1291724239895382,-0.8043346169567336,-1.2649105542336876,-1.4749867401205563,-1.0738397967808282,0.1749457843215726,0.5131767847177058,-0.6243059243959364,0.9583733972934546,-1.2737549915739457,-0.951027638062842,-0.2786712012451602,-1.2356786657040078,-0.5339266086432338,-0.4315903866246204,-1.4749867401205563,-1.0738397967808282,0.1872342692920862,0.0,0.0,0.0,0.0,其他,0,0,0.5,1.0,0,0.6400817995910021,0.022053756030324,0.056512749827705155,0.11885245901639344,0.305327868852459,0.25,0.10655737704918032,0.2151639344262295,0.13729508196721313,0.5,0.5,0.5,0.5,0.6400817995910021,0.6523517382413088,0.621676891615542
2025-06-16,14.52,14.74,14.45,14.63,1982595.0,14.69,14.989,15.2365,15.0425,-0.0040844111640572,-0.0239508973247046,-0.039805729662324,-0.0274223034734916,15.2365,15.94803725352735,14.524962746472651,0.0738100872436819,0.0933990422370857,0.0082701585113715,-0.0324074074074073,-0.052461139896373,-0.035596572181938,0.0162372198645828,0.0111301309414188,0.0120553268830612,29.081632632288706,-0.0804743764935533,0.0379492267495501,-0.1184236032431035,9820491.0,32.81098026573699,0.3107142857142859,0.5014518770651176,0.1025641025553372,0.211890243899209,-0.0109364319890635,0.0082701585113715,0.0120553268830612,29.081632632288706,-0.3764846109937871,0.0,0.0,0.0,0.5,-0.6827192234545245,-0.6909353443499847,-0.6352705381017895,-0.6555339808839773,-0.8188131640944987,-0.6583221755039393,-0.5495672539539024,-0.4529833411458993,-0.6554100831443753,-0.0499099271058259,-0.3075011897504826,-0.3649777998963097,-0.0543778989434848,-0.4529833411458993,-0.7470715567317677,0.2165878506805445,-1.286618596955076,-1.065863045104404,0.2133274141338862,-0.3387351238777871,-0.4375389998126666,-0.165456811650705,-0.7090713048593063,-1.213717951546365,-1.4847537654827547,-1.2920847782215918,0.1163026169576142,0.4371365632584048,-0.6066660574706263,0.9967281611984372,-1.497196934659143,-0.9673363817853288,-0.6383292042923137,-0.9367895231885044,-0.449433942632984,0.2133274141338862,-1.4847537654827547,-1.2920847782215918,-0.2817271967398156,0.0,0.0,0.0,0.0,其他,0,0,0.5,1.0,0,0.6857142857142857,0.021189336978810536,0.06356801093643205,0.25357873210633947,0.25766871165644173,0.2392638036809816,0.081799591002045,0.14519427402862986,0.15950920245398773,0.5,0.5,0.5,0.5,0.6857142857142857,0.6653061224489796,0.6775510204081633
2025-06-17,14.71,14.71,14.48,14.59,1747500.0,14.668,14.903,15.198999999999998,15.015833333333337,-0.0053176983910554,-0.0210024827215997,-0.0400684255543126,-0.0283589544369833,15.198999999999998,15.964572369296931,14.433427630703063,0.1022583726673012,0.1007398341064407,-0.0027341079972659,-0.0074829931972788,-0.0556634304207119,-0.0488917861799217,0.0110524024196598,0.0109790837817151,0.0116639703771248,22.70270268552234,-0.1034006319158944,0.0096792550164612,-0.1130798869323556,8072991.0,25.66632058429209,0.3028571428571431,0.4618514165716358,0.0683760683702243,0.2057926829236921,0.0095956134338588,-0.0027341079972659,0.0116639703771248,22.70270268552234,-0.1185794375553251,0.0,0.0,0.0,0.5,-0.6084917438545394,-0.7000867441381977,-0.6210851148627803,-0.6699332958437549,-0.8498371431116066,-0.6661607685496417,-0.5859758230445031,-0.4704878378966403,-0.6735103546305248,-0.0757129496212749,-0.2617873347539374,-0.3676463788188135,-0.0645311319648337,-0.4704878378966403,-0.7398456084661736,0.1624817515800161,-1.1949253189522355,-1.010131252890578,-0.0545006398889944,-0.0729967675709018,-0.4655934044976968,-0.2649520428040708,-0.927173603416505,-1.2169958278518715,-1.501565115254179,-1.6958093453085656,0.0652802948208311,0.3645648299581688,-0.5784245763642221,0.95796582098372,-1.9740052464652973,-0.9795166609553416,-0.6865964757326735,-1.0324753183727795,-0.4763794479199826,-0.0545006398889944,-1.501565115254179,-1.6958093453085656,-0.1564857035722694,0.0,0.0,0.0,0.0,其他,0,0,0.5,1.0,0,0.7571428571428571,0.028101439342015144,0.06648389307745028,0.5337423312883436,0.2331288343558282,0.2331288343558282,0.049079754601226995,0.08997955010224949,0.1411042944785276,0.5,0.5,0.5,0.5,0.7571428571428571,0.6816326530612244,0.753061224489796
2025-06-18,14.59,14.61,14.4,14.6,2221700.0,14.622,14.829,15.1535,14.9865,-0.0015045821365066,-0.0154427136017263,-0.0365262150658263,-0.0257898775564674,15.1535,15.948835745058496,14.3581642549415,0.1520337458399457,0.1049705672027253,0.0006854009595613,-0.0155091031692515,-0.0482398956975228,-0.0586718246292714,0.0096680158709594,0.0111397330221186,0.011254161203785,24.855491309365533,-0.1193867222676914,-0.0161339404403693,-0.1032527818273221,10294691.0,20.395676502527703,0.2978571428571431,0.6129226450902004,0.0769230769165021,0.2073170731675712,0.0109589041095889,0.0006854009595613,0.011254161203785,24.855491309365533,0.2713590844062947,0.0,0.0,0.0,0.5,-0.6534082622007679,-0.7338527211887961,-0.6545014675025301,-0.6646812272312838,-0.7814380715029158,-0.6839705474352126,-0.6170907747896309,-0.491879524760828,-0.6935272891838303,0.0044973549259496,-0.1759610436186308,-0.3229343932528402,-0.0362858541885174,-0.491879524760828,-0.7434705940589315,0.117956920741575,-1.0388514257468162,-0.9769536782607156,0.028823963789601,-0.1584300429788139,-0.3979775707039021,-0.3379983750150223,-0.9833660951707194,-1.2047690446474284,-1.519277334115159,-1.54919935123947,0.0296765722985889,0.2982944085651415,-0.5274707043842705,1.001273061882072,-2.313320739251878,-0.9862402434990092,-0.495825424785051,-1.0048487992128026,-0.4684601446730992,0.028823963789601,-1.519277334115159,-1.54919935123947,0.0327490914486046,0.0,0.0,0.0,0.0,其他,0,0,0.5,1.0,0,0.5224489795918368,0.03561643835616435,0.07328767123287672,0.6503067484662577,0.25357873210633947,0.20449897750511248,0.081799591002045,0.27607361963190186,0.19631901840490798,0.5,0.5,0.5,0.5,0.5224489795918368,0.6612244897959184,0.746938775510204
2025-06-19,14.59,14.64,14.25,14.28,2543289.0,14.522,14.728,15.083499999999995,14.9245,-0.0166643712987192,-0.0304182509505703,-0.0532701296118273,-0.0431840262655366,15.083499999999995,15.92860416673384,14.238395833266154,0.0246148157641773,0.1120567728615031,-0.0219178082191781,-0.03382949932341,-0.066056245912361,-0.0892857142857143,0.0128426405309186,0.0123371839012875,0.0115123585550677,14.28571427513232,-0.1560779700103367,-0.0441227463543628,-0.1119552236559739,7751402.0,11.669231812919264,0.3000000000000003,0.7555313919927733,0.0,0.1585365853634368,0.0308123249299721,-0.0219178082191781,0.0115123585550677,14.28571427513232,0.144749066030517,0.0,0.0,0.0,0.5,-0.6521361714474911,-0.7217481200042593,-0.7181235653652219,-0.7890010850069679,-0.734651076830081,-0.7242188729634728,-0.6599037949746948,-0.5252202508715627,-0.7375709296115512,-0.314385841607693,-0.4061051884911378,-0.53113978717737,-0.2270457368413111,-0.5252202508715627,-0.7485981374758063,0.047209132293774,-1.4240471115448663,-0.9235459683361638,-0.5220685466287616,-0.3536694285503209,-0.5578581228182746,-0.567571043404388,-0.8462981427631854,-1.1411465721868304,-1.496457473329857,-2.2118745783785747,-0.0519887949838575,0.2265062917359693,-0.5707831901305374,0.9460817183114036,-2.868158498782312,-0.9794398614918356,-0.3158873784788681,-1.2226812095222808,-0.6906023852286656,-0.5220685466287616,-1.496457473329857,-2.2118745783785747,-0.0287539352597285,0.0,0.0,0.0,0.0,其他,0,0,0.5,1.0,0,0.5877551020408164,0.06652661064425769,0.10154061624649868,0.5623721881390593,0.19427402862985685,0.19427402862985685,0.028629856850715747,0.29243353783231085,0.20040899795501022,0.5,0.5,0.5,0.5,0.5877551020408164,0.7020408163265306,0.7224489795918367
2025-06-20,14.28,14.44,14.21,14.22,1765106.0,14.464,14.626,15.02,14.8315,-0.0168694690265485,-0.0277587857240529,-0.0532623169107855,-0.0412298149209452,15.02,15.925212972904776,14.114787027095222,0.0581150381447499,0.1205343505857191,-0.0042016806722687,-0.0199862164024809,-0.0669291338582677,-0.0819883795997417,0.0111265302521475,0.0123115504426346,0.0113756464929945,15.34090907870616,-0.1878323325436302,-0.0728646635922163,-0.1149676689514138,5986296.0,11.921836756937054,0.2964285714285716,0.5633968973377744,0.0,0.2139737991219657,0.0428973277074542,-0.0042016806722687,0.0113756464929945,15.34090907870616,-0.3059750582808324,0.0,0.0,0.0,0.5,-0.7699888213196441,-0.7907162000502089,-0.7339561933385386,-0.8108159870084025,-0.8422201070309825,-0.7468588882693974,-0.7030480202094103,-0.5553292472544125,-0.8043200335963447,-0.3182291600934073,-0.3644918121894342,-0.5300653913029237,-0.2051901050104886,-0.5553292472544125,-0.7480606498863458,-0.0258052104025859,-1.3160813541287828,-0.8604413604934431,-0.0890162779521196,-0.2052504493705018,-0.5647048129846957,-0.5116045336224125,-0.9169909541233372,-1.138746396820404,-1.4977290352086587,-2.1273967599439687,-0.1226548241552393,0.1528119878921974,-0.5850773307291101,0.9072175519547444,-2.81492022834705,-0.983481236260036,-0.5569060174845522,-1.218306727061979,-0.4351952292784606,-0.0890162779521196,-1.4977290352086587,-2.1273967599439687,-0.2477834099414117,0.0,0.0,0.0,0.0,其他,0,0,0.5,1.0,0,0.6081632653061224,0.04992967651195501,0.11322081575246123,0.6400817995910021,0.17791411042944785,0.20245398773006135,0.028629856850715747,0.29243353783231085,0.2310838445807771,0.5,0.5,0.5,0.5,0.6081632653061224,0.5612244897959183,0.7224489795918367
2025-06-23,14.22,14.51,14.04,14.47,2605289.0,14.432,14.560999999999998,14.982,14.775666666666666,0.0026330376940133,-0.0062495707712381,-0.0341743425443865,-0.0206871658357208,14.982,15.91352054529951,14.050479454700488,0.2251805112586681,0.1243519617265109,0.0175808720112518,-0.0109364319890635,-0.0429894179894179,-0.0499015101772816,0.0140770942824503,0.0145082621730967,0.0119562909971631,25.49999998215005,-0.1906275472629559,-0.0964172403263642,-0.0942103069365916,8591585.0,17.92518927664048,0.3150000000000001,0.8571220412809655,0.1773049645264322,0.4392857142700258,0.0324809951624049,0.0175808720112518,0.0119562909971631,25.49999998215005,0.4759957758910795,0.0,0.0,0.0,0.5,-0.791382723091377,-0.7643010630667006,-0.806033955743158,-0.710767531984072,-0.7224127706633012,-0.7585986055945384,-0.7299371095670159,-0.5728996722631224,-0.8433686656267428,0.0935119149376006,-0.0321479604612719,-0.290645574406924,0.0212280067262517,-0.5728996722631224,-0.7503198058889516,-0.0637734347567258,-0.802244564226217,-0.8309672591142154,0.4432867373991417,-0.1081380867857709,-0.3475308296217665,-0.2689373423569787,-0.7896254070732774,-1.025975931256875,-1.455845843890205,-1.4727781057260776,-0.1287209238995051,0.0923906300520517,-0.4783056062965022,0.95874687767336,-2.392077189501693,-0.9456629759565408,-0.1862005129828071,-0.7052342771130813,0.5994789075223627,0.4432867373991417,-1.455845843890205,-1.4727781057260776,0.1331444614251673,0.0,0.0,0.0,0.0,其他,0,0,0.5,1.0,0,0.5530612244897959,0.038009675190048275,0.20317899101589498,0.6850715746421268,0.23721881390593047,0.2331288343558282,0.08588957055214724,0.6625766871165644,0.2903885480572597,0.5,0.5,0.5,0.5,0.5530612244897959,0.48775510204081635,0.9306122448979591
2025-06-24,14.47,14.75,14.47,14.73,3196500.0,14.46,14.564000000000002,14.946000000000002,14.753833333333334,0.0186721991701246,0.0113979675913209,-0.0144520272982738,-0.0016153993877298,14.946000000000002,15.856786820050804,14.0352131799492,0.3814212089574951,0.1218769998721675,0.017968210089841,0.0095956134338588,0.0020408163265306,-0.0466019417475727,0.0166582954198488,0.0134528240232782,0.0122414489285489,35.81395346505141,-0.1699043958634263,-0.1111146714337766,-0.0587897244296496,11788085.0,25.75757268957946,0.3185714285714286,1.0701810969726195,0.3617021276339216,0.6106557376798913,0.0183299389002036,0.017968210089841,0.0122414489285489,35.81395346505141,0.2269272238127899,0.0,0.0,0.0,0.5,-0.6934922138959041,-0.6779976725206527,-0.6178893224736544,-0.6070357045235805,-0.6378891812857452,-0.7452875522707056,-0.7270758621689914,-0.5894602691422952,-0.8571553208906468,0.4320014279350467,0.2405193916984754,-0.0433483533833407,0.2314150200495495,-0.5894602691422952,-0.7677190431580149,-0.0727172489264806,-0.3227193452406345,-0.8466910681756356,0.4520352841295275,0.1119928703289311,0.0603650096351484,-0.2436228962522796,-0.678332665971886,-1.0754886602167284,-1.4322260299621905,-0.8140958742386916,-0.0822564622311581,0.0546399215601663,-0.2968450249826254,1.0222113219281164,-1.8621401263660085,-0.936398601758743,0.082752082171599,-0.172578028688581,1.3817307172577884,0.4520352841295275,-1.4322260299621905,-0.8140958742386916,0.0115759441076542,0.0,0.0,0.0,0.0,其他,0,0,0.5,1.0,0,0.5725971370143149,0.02511880515953835,0.30006788866259315,0.7581967213114754,0.18237704918032788,0.20901639344262296,0.2192622950819672,0.639344262295082,0.3114754098360656,0.5,0.5,0.5,0.5,0.5725971370143149,0.4601226993865031,0.9734151329243353
2025-06-25,14.74,14.79,14.62,14.76,2627100.0,14.492,14.557,14.904,14.739333333333333,0.0184929616340048,0.0139451810125712,-0.0096618357487923,0.0014021439232891,14.904,15.763850660227714,14.044149339772286,0.4162645290035068,0.1153852201049308,0.0020366598778003,0.0109589041095889,-0.00472016183412,-0.0538461538461538,0.0166421232389218,0.0131402672625651,0.0119619589368856,37.55868542132296,-0.1493389137599408,-0.1187595198990095,-0.0305793938609312,14415185.0,32.42998561937905,0.3121428571428572,0.895935402890344,0.382978723377093,0.6229508196466004,0.024390243902439,0.0020366598778003,0.0119619589368856,37.55868542132296,-0.1781323322383857,0.0,0.0,0.0,0.5,-0.5881318304070756,-0.662536590413734,-0.5516334070211134,-0.594098788339794,-0.716716709805392,-0.7303525217742945,-0.7285953847977065,-0.6089350661111785,-0.8654717343591445,0.427515568762122,0.2795610947143404,0.0167627690760012,0.2643296854611532,-0.6089350661111785,-0.7972396525781131,-0.0673170483165869,-0.215435323176382,-0.8911323062242077,0.0612496075359362,0.1264635324927095,-0.0009744556022344,-0.2979999659977716,-0.6776646223098352,-1.087794576318644,-1.4427671317600297,-0.7014725309383316,-0.0361457280352815,0.0349686605674887,-0.1522819050352206,1.0735677508156731,-1.416291827989893,-0.9460958909834256,-0.1374166438958572,-0.1109015832509761,1.4311651541205836,0.0612496075359362,-1.4427671317600297,-0.7014725309383316,-0.1861140909687811,0.0,0.0,0.0,0.0,其他,0,0,0.5,1.0,0,0.7177914110429447,0.019647696476964738,0.4275067750677508,0.5225409836065574,0.13524590163934427,0.19467213114754098,0.1864754098360656,0.42418032786885246,0.3135245901639344,0.5,0.5,0.5,0.5,0.7177914110429447,0.46421267893660534,0.9979550102249489
2025-06-26,14.79,15.08,14.7,14.72,4944985.0,14.580000000000002,14.550999999999998,14.866499999999998,14.7285,0.0096021947873798,0.0116143220397224,-0.0098543705646922,-0.000577112401127,14.866499999999998,15.68693056731741,14.046069432682588,0.4107176122654196,0.1103730625650815,-0.0027100271002709,0.0308123249299721,-0.0040595399188091,-0.048480930833872,0.0108732551522524,0.0131252751186992,0.0118883266459451,37.73584903168389,-0.1347153717841607,-0.1219506902760397,-0.0127646815081209,9470200.0,42.25816564314613,0.325,1.6131156848199222,0.3546099290528645,0.6065573770243217,0.0346467391304348,-0.0027100271002709,0.0118883266459451,37.73584903168389,0.8822979711468919,0.0,0.0,0.0,0.5,-0.5677886738612535,-0.5587340943409812,-0.515902025329106,-0.608785236729164,-0.3890293051529362,-0.6920774161466813,-0.7296787230666263,-0.626162965228353,-0.8710491320577389,0.2387307456536997,0.2430517906812805,0.0143219377154691,0.2419989566143888,-0.626162965228353,-0.8212688162017808,-0.0660815678222721,-0.2321392471797529,-0.9247733688601384,-0.05524033847028,0.3395310823975633,0.0050206329976005,-0.2569406312769249,-0.9213818197352488,-1.0852545152486812,-1.440861453978684,-0.6887563936320381,-0.0033435063184962,0.0267299364394698,-0.060920514051934,0.9684770856064686,-0.7676383213244019,-0.9192786724124876,0.7691298149096767,-0.1927558786272877,1.3497979326469982,-0.05524033847028,-1.440861453978684,-0.6887563936320381,0.3322959775193206,0.0,0.0,0.0,0.0,其他,0,0,0.5,1.0,0,0.7484662576687117,0.025815217391304213,0.3186141304347825,0.5881147540983607,0.15163934426229508,0.19262295081967212,0.22950819672131148,0.8729508196721312,0.3709016393442623,0.5,0.5,0.5,0.5,0.7484662576687117,0.4233128834355828,0.9754601226993865
2025-06-27,14.72,14.9,14.72,14.83,2295800.0,14.702000000000002,14.583000000000002,14.8265,14.725833333333334,0.0087062984627941,0.0169375300006855,0.0002360638046741,0.0070737366306377,14.8265,15.564014317434136,14.088985682565864,0.5023728352569075,0.0994859632993845,0.0074728260869565,0.0428973277074542,0.022053756030324,-0.0511836212412029,0.0092276650648196,0.011658385461143,0.0117426777837279,43.12796205669237,-0.1129480340905004,-0.1201501590389319,0.0072021249484314,11766000.0,45.59719538468104,0.315,0.7683138249067075,0.4959349593092736,0.6516393442355887,0.0067430883344572,0.0074728260869565,0.0117426777837279,43.12796205669237,-0.5357316554044147,0.0,0.0,0.0,0.5,-0.5937943274567455,-0.6214488255893522,-0.5063250185677444,-0.5642620940901424,-0.7616713254458668,-0.6396881747961751,-0.7141468394090583,-0.6445847182982091,-0.8705754329686807,0.2194052311440336,0.3252322879823858,0.1411535393614914,0.3262841618898493,-0.6445847182982091,-0.8606877352436145,-0.0404792487917602,0.0499202864889298,-1.000328844489724,0.1948867785813614,0.468920582769754,0.2422473535619629,-0.2770312005425245,-0.9889080037673575,-1.1547847704273384,-1.443293451168592,-0.3441986710621356,0.0454812263174812,0.0313222365003101,0.0414676476007115,1.0133203773701265,-0.5467284073136586,-0.9358373042696424,-0.3009461269222147,0.2166735089091091,1.5478865802338608,0.1948867785813614,-1.443293451168592,-0.3441986710621356,-0.3618858626160298,0.0,0.0,0.0,0.0,其他,0,0,0.5,1.0,0,0.5194274028629857,0.03371544167228602,0.23398516520566415,0.6086065573770492,0.1557377049180328,0.19057377049180327,0.39139344262295084,0.36475409836065575,0.44672131147540983,0.5,0.5,0.5,0.5,0.5194274028629857,0.5664621676891616,0.9570552147239264
2025-06-30,14.9,15.01,14.84,14.94,2402976.0,14.796,14.614,14.8015,14.722666666666669,0.0097323600973235,0.0223073764882988,0.0093571597473229,0.0147618185111393,14.8015,15.483240033798438,14.11975996620156,0.6015783092333339,0.0921176953408551,0.0074173971679027,0.0324809951624049,0.0211893369788105,-0.0323834196891191,0.0077141755617266,0.0116124458477916,0.0117162461024858,56.6666666225926,-0.0858317662781971,-0.1132864804867849,0.0274547142085878,14168976.0,57.14250891181459,0.2764285714285713,0.8054155840120695,0.5853658536109456,0.6967213114468556,0.0053547523427042,0.0074173971679027,0.0117162461024858,56.6666666225926,0.0466835090164647,0.0,0.0,0.0,0.5,-0.5231877123431038,-0.5813380742178992,-0.4532125680315791,-0.5198141129473698,-0.744964986584591,-0.5991314002203378,-0.6991005835847293,-0.6555912739791419,-0.8704822754661512,0.240863911714987,0.4080815381214612,0.2557606891938729,0.41091625426098,-0.6555912739791419,-0.8857606756349814,-0.02210430469348,0.3551602000527625,-1.0502563074990008,0.1932526512457347,0.356059721498921,0.2340326139162054,-0.1339510766016629,-1.0504604809245708,-1.1533570877668784,-1.4385860874904906,0.5197299876649516,0.1063180418439638,0.0489468631161924,0.1453191497609084,1.0601248510539516,0.2141189979104278,-1.0063593368403918,-0.2534886314003918,0.4754925026804323,1.7426561994830854,0.1932526512457347,-1.4385860874904906,0.5197299876649516,-0.0761054129457732,0.0,0.0,0.0,0.0,其他,0,0,0.5,1.0,0,0.4723926380368098,0.041499330655957234,0.2570281124497993,0.5512295081967213,0.17827868852459017,0.1987704918032787,0.7028688524590164,0.39139344262295084,0.5409836065573771,0.5,0.5,0.5,0.5,0.4723926380368098,0.6482617586912065,0.9652351738241309
2025-07-01,14.95,15.02,14.86,15.0,2489700.0,14.85,14.655,14.779,14.7215,0.0101010101010101,0.0235414534288638,0.0149536504499627,0.0189179091804503,14.779,15.397381588885834,14.160618411114166,0.6786922540258004,0.0836838201341971,0.0040160642570281,0.0183299389002036,0.0281014393420151,-0.0291262135922329,0.0042424649814375,0.0114919263161579,0.0117740077533753,54.91329475324935,-0.0588223625360466,-0.1023936568966373,0.0435712943605906,16658676.0,56.52186461586824,0.2692857142857142,0.8326052315345327,0.6964285713663902,0.7213114753802742,0.0066666666666665,0.0040160642570281,0.0117740077533753,54.91329475324935,0.0360902480923654,0.0,0.0,0.0,0.5,-0.5029609536015306,-0.5767544713522198,-0.443762765575091,-0.4952045767301655,-0.7311952232656556,-0.5754113669040407,-0.6797188249335426,-0.6653453744312112,-0.8689196341561382,0.2483515784182818,0.4266029315714791,0.325902833268774,0.4562667898165805,-0.6653453744312112,-0.9124383306733436,0.0022816674943646,0.5920340414539007,-1.1074920190078157,0.1092468679866886,0.2030057125451106,0.296640696391068,-0.1090050464014946,-1.194597879267197,-1.1556446065548336,-1.4289214746521772,0.4069540908003738,0.166910206733016,0.0769561744465184,0.2279089131996325,1.1084324371849517,0.1729002228567195,-1.0170637073976772,-0.218620727779455,0.7964543260259831,1.84170700914368,0.1092468679866886,-1.4289214746521772,0.4069540908003738,-0.0811989442610652,0.0,0.0,0.0,0.0,其他,0,0,0.5,1.0,0,0.4110429447852761,0.03733333333333344,0.2366666666666668,0.5717213114754098,0.1885245901639344,0.20901639344262296,0.6762295081967213,0.46311475409836067,0.5881147540983607,0.5,0.5,0.5,0.5,0.4110429447852761,0.7505112474437627,0.9550102249488752
2025-07-02,15.49,15.6,15.08,15.12,11081200.0,14.922,14.707,14.768,14.7225,0.0132689987937273,0.0280818657782009,0.0238353196099674,0.0269994905756494,14.768,15.35118905483856,14.18481094516144,0.801788928478143,0.0789800995171465,0.008,0.024390243902439,0.0356164383561643,-0.014341590612777,0.0045067207005689,0.011572421710145,0.0118731326552318,59.44444439820989,-0.0274181588915034,-0.0873985572956105,0.059980398404107,27739876.0,70.04117933893002,0.2957142857142856,3.2881092693676224,0.8411214952484931,0.7704918032471108,-0.0046296296296295,0.008,0.0118731326552318,59.44444439820989,3.450817367554324,0.0,0.0,0.0,0.5,-0.2929853084225567,-0.3698376651777246,-0.3470085668843911,-0.4468722745980008,0.4839413401847084,-0.5441874234867866,-0.6555673577757363,-0.6694163624180565,-0.8657705577172445,0.3153764787644529,0.4965227507880808,0.4374342128903389,0.5451474811758983,-0.6694163624180565,-0.92564347417014,0.016719619269821,0.9696509592142486,-1.1376639983581571,0.2073099942987521,0.2681268085844772,0.3647117169356999,0.0036721972105484,-1.1795008305290722,-1.1479656848181068,-1.4169127062376443,0.6956041707819975,0.23738617510593,0.1155519056043265,0.3119749902421947,1.333169826991159,1.0634476080492206,-0.9642308622294612,2.8674232352327675,1.2129819702085551,2.0478686842204183,0.2073099942987521,-1.4169127062376443,0.6956041707819975,1.590665289791882,0.0,0.0,0.0,0.0,其他,0,0,0.5,1.0,0,0.2862985685071574,0.036375661375661394,0.17724867724867743,0.7172131147540983,0.32172131147540983,0.20491803278688525,0.7766393442622951,0.9549180327868853,0.6639344262295082,0.5,0.5,0.5,0.5,0.28629856850715746,0.721881390593047,0.934560327198364
2025-07-03,15.08,15.27,15.03,15.23,5890267.0,15.024,14.802,14.765,14.727166666666667,0.0137113951011713,0.0289150114849343,0.0314933965458854,0.0341432500028291,14.765,15.33740030159185,14.19259969840815,0.9061842722795675,0.0775347513156753,0.0072751322751323,0.0346467391304348,0.0665266106442576,-0.0039241334205362,0.0016002609535848,0.0073362435608979,0.0119846441785083,71.95121945077338,0.00627366058945,-0.0686641137185984,0.0749377743080484,33630143.0,65.79467103724153,0.2864285714285714,1.6756879930733783,0.9901960783342948,0.8155737704583784,-0.0085357846355876,0.0072751322751323,0.0119846441785083,71.95121945077338,-0.4684450240046204,0.0,0.0,0.0,0.5,-0.4515606431297054,-0.4865819912462052,-0.3683496717932543,-0.4025542398568856,-0.2511167199211862,-0.5004190998029647,-0.6126058476509577,-0.6695390562556569,-0.8599316940760421,0.3243311680127202,0.508648330018844,0.5333816042201577,0.6234252680533942,-0.6695390562556569,-0.9278820598546952,0.0213521272724933,1.2873533435823863,-1.144342139875013,0.1891309789686274,0.3785515494499168,0.6461089379687636,0.0830648284526647,-1.2986073936877354,-1.3539003228984663,-1.4043104691296195,1.490183134048236,0.3129935513840369,0.1638076643443611,0.3885180478146601,1.449126249136232,0.7810484852877217,-0.9792360989460092,0.8351353513993093,1.6376725422029503,2.230094708486434,0.1891309789686274,-1.4043104691296195,1.490183134048236,-0.3324310788411828,0.0,0.0,0.0,0.0,其他,0,0,0.5,1.0,0,0.2535787321063394,0.03282994090610636,0.14970453053184518,0.7479508196721312,0.3483606557377049,0.2192622950819672,0.9036885245901639,0.8934426229508197,0.7254098360655737,0.5,0.5,0.5,0.5,0.25357873210633947,0.6952965235173824,0.9386503067484663
2025-07-04,15.24,15.24,14.91,14.93,4472000.0,15.044,14.873,14.7495,14.751666666666663,-0.0075777718691837,0.0038324480602434,0.0122377029729821,0.0120890294881934,14.7495,15.28322474672104,14.21577525327896,0.6690946513554021,0.0723719104671238,-0.0196979645436639,0.0067430883344572,0.049929676511955,-0.0203412073490814,0.0118980473756558,0.0107068520983874,0.0127498631993879,58.24175819695687,0.0086672666148217,-0.0531978376519143,0.0618651042667361,29158143.0,58.566682946086345,0.2892857142857142,1.2406391150181626,0.7029702969601012,0.6926229507912859,0.0267916945746817,-0.0196979645436639,0.0127498631993879,58.24175819695687,-0.240781445051642,0.0,0.0,0.0,0.5,-0.3887355403878746,-0.4964573794600697,-0.4203081620335128,-0.520978400254205,-0.451576275996165,-0.4911756670790187,-0.5802749463915523,-0.675831844232209,-0.8394443814062841,-0.1301467633808562,0.1167541074113757,0.2890306672326145,0.3766280459320779,-0.675831844232209,-0.9437167634101216,0.0351955206272767,0.5545469504233419,-1.1775254001131934,-0.477694584394514,0.0760914825910022,0.4933845849993885,-0.0423528154621743,-0.8582455140834564,-1.1821582351586344,-1.3530115313534443,0.6122281572062201,0.3179396861061888,0.2036008345221046,0.3205546489106339,1.3515593658587233,0.3026220492021451,-0.9711999504579694,0.2866741096715667,0.8031287329218233,1.6683616590453103,-0.477694584394514,-1.3530115313534443,0.6122281572062201,-0.2202528410108516,0.0,0.0,0.0,0.0,其他,0,0,0.5,1.0,0,0.621676891615542,0.06028131279303417,0.15941058271935704,0.5184426229508197,0.27049180327868855,0.2725409836065574,0.625,0.7561475409836066,0.5409836065573771,0.5,0.5,0.5,0.5,0.621676891615542,0.803680981595092,0.9447852760736196
2025-07-07,14.91,15.03,14.84,15.02,1915800.0,15.06,14.928,14.7445,14.781333333333333,-0.0026560424966799,0.0061629153269022,0.0186849333649836,0.0161464910698179,14.7445,15.265328287694166,14.223671712305832,0.7644825621350733,0.0706471277684064,0.0060281312793033,0.0053547523427042,0.0380096751900482,-0.0066137566137566,0.0117375950541784,0.0097734424729348,0.0127314187103256,61.49732615716778,0.0176233138812538,-0.0390336073452807,0.0566569212265345,31073943.0,58.32016628242878,0.2864285714285713,0.5581088447710615,0.7920792078423675,0.7053571428256536,0.0359520639147803,0.0060281312793033,0.0127314187103256,61.49732615716778,-0.5716010733452594,0.0,0.0,0.0,0.5,-0.5163670094901688,-0.570408957412317,-0.4503168392918369,-0.4843609870378633,-0.8127672169846087,-0.4836299605572077,-0.555040500703535,-0.6769305133390259,-0.8152263286604867,-0.0248650342998281,0.152987759310816,0.3702168922057869,0.4211922047639019,-0.6769305133390259,-0.9472621373511986,0.0398800917852319,0.8472204442800876,-1.1859260481527307,0.1594868268843386,0.0609456628347826,0.3835870547556145,0.0626268573797772,-0.8630530428197888,-1.2244360448252063,-1.348769916631965,0.8187405856002492,0.3377102155141455,0.2400126155268265,0.2932113579331692,1.3857396978105496,0.2858763814894197,-0.9740234679953264,-0.5731498459154729,1.0584514530501516,1.7146354994763386,0.1594868268843386,-1.348769916631965,0.8187405856002492,-0.3824388240534449,0.0,0.0,0.0,0.0,其他,0,0,0.5,1.0,0,0.7709611451942741,0.15912117177097218,0.15246338215712374,0.4733606557377049,0.3709016393442623,0.2459016393442623,0.7028688524590164,0.2069672131147541,0.5245901639344263,0.5,0.5,0.5,0.5,0.7709611451942741,0.9631901840490797,0.9406952965235174
2025-07-08,15.05,15.11,14.97,15.1,3426900.0,15.079999999999998,14.964999999999998,14.764499999999998,14.809,0.0013262599469496,0.0090210491146007,0.0227234244302212,0.0196502127084881,14.764499999999998,15.308344985653388,14.220655014346608,0.8084518647497296,0.0736692723288572,0.0053262316910784,0.0066666666666665,0.0251188051595383,0.0272108843537415,0.0118325318925995,0.0084643134596796,0.010998787080207,62.88659789276227,0.0308210909261088,-0.0250626676910028,0.0558837586171116,34500843.0,63.551575017673706,0.2814285714285712,1.0413674395224242,0.8712871286266044,0.7025641025280734,0.0304635761589404,0.0053262316910784,0.010998787080207,62.88659789276227,0.7887566551832133,0.0,0.0,0.0,0.5,-0.4610617838968144,-0.540906508688605,-0.3925966648686217,-0.4517653923929902,-0.5970243401086518,-0.4744117022895802,-0.5377739358253264,-0.6656811208380184,-0.7925975539568918,0.0603279605293334,0.1974678070843046,0.4208121414409199,0.4595265006040871,-0.6656811208380184,-0.9302794437391096,0.0380138318926429,0.9804380967523944,-1.1604139302150855,0.1418823988998908,0.0750985369533261,0.2649717936290631,0.3213826059019479,-0.8570156129270253,-1.2849077090811118,-1.446178196291073,0.9054501371507384,0.3670633430769214,0.2759123346006647,0.2887971377492666,1.4504501190118508,0.6314818614083206,-0.9808936794188152,0.0369125324304876,1.283408475530166,1.6918571996634308,0.1418823988998908,-1.446178196291073,0.9054501371507384,0.2872247333235757,0.0,0.0,0.0,0.0,其他,0,0,0.5,1.0,0,0.8565573770491803,0.26821192052980125,0.15165562913907293,0.4086242299794661,0.5400410677618069,0.16632443531827515,0.5708418891170431,0.5728952772073922,0.5010266940451745,0.5,0.5,0.5,0.5,0.8565573770491803,0.9959016393442623,0.9323770491803278
2025-07-09,15.1,15.14,15.01,15.05,4773400.0,15.066,14.994,14.7755,14.831,-0.001061993893535,0.003734827264239,0.0185780515041793,0.0147663677432405,14.7755,15.33363505251094,14.21736494748906,0.7459082248019446,0.0755487195028475,-0.0033112582781456,-0.0046296296296295,0.0196476964769647,0.0148347943358058,0.0113222402397643,0.0086645723817548,0.0109012784228363,73.05389215432616,0.0368213881444283,-0.0126858565239165,0.0495072446683449,29727443.0,69.68540906665194,0.2628571428571427,1.4131304311631645,0.8217821781364575,0.6752577319239562,0.0411960132890365,-0.0033112582781456,0.0109012784228363,73.05389215432616,0.3929207155154803,0.0,0.0,0.0,0.5,-0.4408599647335876,-0.5292868664252937,-0.3744390016150936,-0.4709521706959297,-0.4049516886111202,-0.479542814123001,-0.5240622898844458,-0.6589136627151561,-0.7742677350198983,0.009107542751818,0.1144236254292444,0.3675329475528276,0.4040789042618411,-0.6589136627151561,-0.9193576625204554,0.0359834538855872,0.7853566974817716,-1.14324723913452,-0.0725835920086578,-0.0477343937630053,0.2144259807896366,0.2260768756882921,-0.8766863666877247,-1.270441226159235,-1.44575266157721,1.549481050817208,0.3801014968525177,0.3076589873467981,0.2553976623304592,1.347105867655041,1.0355207738378982,-1.0134079632302864,0.5060360408209768,1.1363487725003285,1.561963622451214,-0.0725835920086578,-1.44575266157721,1.549481050817208,0.0918869823684301,0.0,0.0,0.0,0.0,其他,0,0,0.5,1.0,0,0.8852459016393442,0.3999999999999999,0.13953488372093004,0.28336755646817247,0.5112936344969199,0.15605749486652978,0.6837782340862423,0.7720739219712526,0.46406570841889117,0.5,0.5,0.5,0.5,0.8852459016393442,1.0,0.9118852459016393
2025-07-10,15.05,15.13,15.01,15.1,2960500.0,15.039999999999996,15.032,14.7915,14.853666666666664,0.0039893617021278,0.0045236828100052,0.0208565730318088,0.0165840084378716,14.7915,15.36821574682062,14.21478425317938,0.767462785283726,0.0779793458157348,0.0033222591362125,-0.0085357846355876,0.0258152173913042,0.0216508795669825,0.0107335025519155,0.0085102542234687,0.0108693914482713,76.50602403186241,0.045091462738334,-0.0011303926714664,0.0462218554098005,32687943.0,73.45201020218451,0.255,0.8640981057381718,0.8712871286266044,0.6795580110121792,0.0417218543046358,0.0033222591362125,0.0108693914482713,76.50602403186241,-0.3797921816734403,0.0,0.0,0.0,0.5,-0.4596581596785957,-0.5319693617414891,-0.3738796165159898,-0.4502760573917449,-0.6617527405656608,-0.4897351098264275,-0.5064037049768301,-0.6496927582976401,-0.7555172859201893,0.1174043142356567,0.1266365808586117,0.3959024928813361,0.4236926515930591,-0.6496927582976401,-0.9053620267476222,0.0343802936760384,0.8499871517227593,-1.122282441519928,0.0922931584369386,-0.0901669261637229,0.270745966946373,0.2780388990757574,-0.8996098538928631,-1.2735762697938835,-1.4414644526658016,1.760282358929224,0.3982762332459258,0.3372555683188381,0.2380225488762185,1.4025226820144463,1.280783355978539,-1.0254816309922945,-0.1885316135707771,1.275071900206458,1.5724856464329384,0.0922931584369386,-1.4414644526658016,1.760282358929224,-0.2892824755218285,0.0,0.0,0.0,0.0,其他,0,0,0.5,1.0,0,0.8773006134969326,0.2854304635761591,0.12913907284768222,0.2520491803278688,0.48565573770491804,0.14549180327868852,0.6721311475409836,0.4016393442622951,0.39344262295081966,0.5,0.5,0.5,0.5,0.8773006134969326,0.9938650306748467,0.8997955010224948
2025-07-11,15.1,15.65,15.02,15.33,8837087.0,15.12,15.082,14.8325,14.8745,0.0138888888888888,0.0164434425142554,0.0335412101803471,0.0306228780799353,14.8325,15.440685394171464,14.224314605828534,0.9090035741378228,0.0820071321985323,0.0152317880794701,0.0267916945746817,0.033715441672286,0.0565127498277051,0.0066564746314323,0.0093205384372278,0.0102888231053306,76.21951213005654,0.06940458143454,0.0129766021497348,0.0564279792848052,41525030.0,76.27146780024688,0.2664285714285714,2.3826161914337365,0.99999999990991,0.8066298342095787,0.0326157860404436,0.0152317880794701,0.0102888231053306,76.21951213005654,1.9849981422057088,0.0,0.0,0.0,0.5,-0.4394218936994626,-0.3451733121827865,-0.3689219546409338,-0.3578124060460751,0.1751158476390323,-0.455132831600708,-0.4834726373655606,-0.6281154425079776,-0.7382013996882966,0.3297466120161208,0.3135753738200698,0.5565433703935511,0.5801793683002742,-0.6281154425079776,-0.8786594384357447,0.0400779298164849,1.2831730119767877,-1.0900840553325697,0.388327048547856,0.2947728586582129,0.3429659462700934,0.5452935704093298,-1.070378841240862,-1.229205274791168,-1.4695846404734276,1.7325334920372029,0.4528354844093861,0.3734748673194119,0.2906269554095346,1.5768660729281854,1.4614125359862309,-1.0010192195274883,1.7262716269779237,1.6391246042821983,2.116823085851081,0.388327048547856,-1.4695846404734276,1.7325334920372029,0.8778686850211298,0.0,0.0,0.0,0.0,其他,0,0,0.5,1.0,0,0.8548057259713702,0.19373776908023488,0.12589693411611225,0.6209016393442623,0.6209016393442623,0.15163934426229508,0.7418032786885246,0.9323770491803278,0.5922131147540983,0.5,0.5,0.5,0.5,0.8548057259713702,0.9734151329243353,0.8957055214723927
2025-07-14,15.31,15.63,15.23,15.56,6870505.0,15.228,15.144,14.879,14.895333333333332,0.0218019437877594,0.0274696249339672,0.0457692049196856,0.0446224768383833,14.879,15.559863229174113,14.198136770825888,1.000100439207184,0.0915200254277218,0.0150032615786039,0.0359520639147803,0.0414993306559572,0.063568010936432,0.0079749350308902,0.0099732345145657,0.0105830766556886,75.77639744963547,0.1060099641004068,0.0315832745398692,0.0744266895605375,48395535.0,77.70641429138709,0.2750000000000001,1.7378811681203843,0.9999999999253733,0.9337016574069784,0.1188946015424163,0.0150032615786039,0.0105830766556886,75.77639744963547,-0.2225373587472885,0.0,0.0,0.0,0.5,-0.3567012384271057,-0.3518303778075524,-0.2758418226995154,-0.2654009606537277,-0.1052369182296465,-0.4087237753849732,-0.4552668052925602,-0.6038612605216058,-0.7209495530254132,0.4992440963569018,0.4863330130099081,0.7110452901073985,0.7358343870781066,-0.6038612605216058,-0.8363143244395915,0.0242208708445801,1.557361713322789,-1.018987565116738,0.3820557287182765,0.3942162677633006,0.414064985864389,0.5985094098746933,-1.0114582932389211,-1.1929511175689418,-1.4458844332316654,1.6954047728051709,0.5352419930861565,0.421388604409628,0.3836611321522052,1.7089476961035486,1.5492028437052627,-0.9820999754651591,0.9091879335506876,1.6308534558555692,2.643052511433809,0.3820557287182765,-1.4458844332316654,1.6954047728051709,-0.2136140396743776,0.0,0.0,0.0,0.0,其他,0,0,0.5,1.0,0,0.9877300613496932,0.2069408740359897,0.12339331619537264,0.7704918032786885,0.680327868852459,0.1680327868852459,0.8360655737704918,0.8790983606557377,0.7438524590163934,0.5,0.5,0.5,0.5,0.9877300613496932,0.9856850715746421,0.8813905930470347
2025-07-15,15.62,15.71,15.34,15.56,7993400.0,15.32,15.2,14.9275,14.921166666666666,0.0156657963446475,0.0236842105263159,0.0423714620666555,0.0428138997174036,14.9275,15.658062148369924,14.196937851630077,0.9328858272482254,0.0978813797842949,0.0,0.0304635761589404,0.0373333333333334,0.0664838930774502,0.008604393483588,0.0100583535004287,0.0105206857919213,75.31645562946647,0.1334813042049969,0.0519628804728948,0.0815184237321021,48395535.0,79.48955294415512,0.2892857142857145,1.8738885698564205,0.9999999999253733,0.9337016574069784,0.2307197943444729,0.0,0.0105206857919213,75.31645562946647,0.1634370399264682,0.0,0.0,0.0,0.5,-0.2349033184517954,-0.3226403211706319,-0.2269191051490146,-0.2650316945901811,0.0550563065649532,-0.3691313804620134,-0.4297491106445939,-0.5786656266816326,-0.7000363515138789,0.3664908975188862,0.4260145920960935,0.666354806460003,0.7138226173072364,-0.5786656266816326,-0.8012158409105814,0.0234630204858376,1.344807114541046,-0.9707701620038492,0.0075342222048154,0.333716487051687,0.3750491628725323,0.6198060967462479,-0.9820718643534324,-1.1849052627356726,-1.4434303183755397,1.657790744875638,0.5967643738432864,0.4738788512349094,0.4199420206823648,1.7002566268341484,1.6585280447762945,-0.9524719122330708,1.0779030194105728,1.6227063564237705,2.6109978453305684,0.0075342222048154,-1.4434303183755397,1.657790744875638,-0.0224548647101511,0.0,0.0,0.0,0.0,其他,0,0,0.5,1.0,0,0.9979591836734694,0.19215938303341895,0.10989717223650386,0.8548057259713702,0.7505112474437627,0.13496932515337423,0.9304703476482618,0.8977505112474438,0.803680981595092,0.5,0.5,0.5,0.5,0.9979591836734694,0.9693877551020408,0.8346938775510204
2025-07-16,15.69,15.83,15.54,15.67,5681800.0,15.444,15.255,14.981,14.943333333333332,0.0146335146335145,0.0272041953457882,0.0459915893465054,0.0486281507918806,14.981,15.765317336420551,14.196682663579448,0.9392354777280052,0.1047082753374698,0.0070694087403597,0.0411960132890365,0.0363756613756613,0.0732876712328767,0.0068558941114989,0.0100185585712633,0.010534777547138,78.78787872102848,0.1622582082276231,0.0740219460238404,0.0882362622037826,54077335.0,79.78714094807349,0.282857142857143,1.2800651869445336,0.9999999999310344,0.9944751380666036,0.3446075303126994,0.0070694087403597,0.010534777547138,78.78787872102848,-0.2891885805789776,0.0,0.0,0.0,0.5,-0.2071590414900178,-0.2791098638183917,-0.1382408970528651,-0.2206046693028325,-0.2751186750109911,-0.3159955659660166,-0.4047009497361641,-0.55103443861382,-0.6819230082005598,0.3437200469494619,0.480752285016087,0.711132518501379,0.7773748751193865,-0.55103443861382,-0.7631823852858743,0.0232765471937146,1.359051548356362,-0.9194769777145804,0.1839847775682011,0.4504883256915196,0.3656487514449501,0.6709619897990418,-1.0536687425016322,-1.1830706753883486,-1.436522075235387,1.8660274090009568,0.6611350012272009,0.5306874218407044,0.4542452423060826,1.806105624415568,1.6695624606859127,-0.9622001318311696,0.3269479473161554,1.6146802356788312,2.8334978160624305,0.1839847775682011,-1.436522075235387,1.8660274090009568,-0.2465429606092907,0.0,0.0,0.0,0.0,其他,0,0,0.5,1.0,0,1.0,0.13592852584556492,0.10082961072112306,0.8834355828220859,0.7464212678936605,0.1492842535787321,0.950920245398773,0.8220858895705522,0.8323108384458078,0.5,0.5,0.5,0.5,1.0,0.9448979591836735,0.7979591836734694
2025-07-17,15.64,15.73,15.58,15.73,4222528.0,15.57,15.305,15.053500000000003,14.968166666666663,0.0102761721258832,0.0277687030382227,0.0449397150164412,0.050896903428387,15.053500000000003,15.833034949082736,14.27396505091727,0.9339125530565588,0.1035685985422066,0.0038289725590299,0.0417218543046358,0.0328299409061063,0.1015406162464986,0.0067703576054647,0.0099379860775357,0.0086591335319245,78.12499993164064,0.1877414440490259,0.0967658456288775,0.0909755984201483,58299863.0,83.41490596792568,0.2807142857142859,0.9336418535788864,0.9999999999337748,0.9999999999462366,0.2339478703115065,0.0038289725590299,0.0086591335319245,78.12499993164064,-0.2568326938646204,0.0,0.0,0.0,0.5,-0.2264921911429639,-0.3146549901791992,-0.1203611018830967,-0.1962418156706952,-0.483273651803022,-0.2620362131500141,-0.381894172252219,-0.5140011342881815,-0.6618773183030243,0.2492760147502011,0.4888621768005819,0.6962752883733002,0.8009209414866623,-0.5140011342881815,-0.7386413792890759,0.0700888253397198,1.3375531999273798,-0.9253047756572536,0.1027537501920144,0.455528315189492,0.3323623266910734,0.8869270799605516,-1.0543798453893984,-1.1832621075126553,-1.540410997388829,1.8137010315225368,0.7178632495601006,0.5891974561027208,0.4677991536351691,1.880845628573704,1.8962305205930885,-0.9637752217710356,-0.1112373337560064,1.6067721285771095,2.817696890708248,0.1027537501920144,-1.540410997388829,1.8137010315225368,-0.2301653481169524,0.0,0.0,0.0,0.0,其他,0,0,0.5,1.0,0,0.9959183673469388,0.11315956770502233,0.07883026064844234,0.8752556237218814,0.7239263803680982,0.09611451942740286,0.9427402862985685,0.6134969325153374,0.8098159509202454,0.5,0.5,0.5,0.5,0.9959183673469387,0.9591836734693877,0.8061224489795918
2025-07-18,15.73,15.84,15.66,15.83,3893100.0,15.670000000000002,15.395,15.134,14.993333333333334,0.0102105934907466,0.0282559272491069,0.0459891634729747,0.0558025789239662,15.134,15.8830457086744,14.3849542913256,0.9645911403292496,0.098988464208993,0.0063572790845518,0.0326157860404436,0.0602813127930341,0.1132208157524612,0.005523196921029,0.005797154464856,0.0083939285537874,77.98742131497966,0.2135446465410133,0.1201216058113047,0.0934230407297085,62192963.0,83.78568684755021,0.2807142857142859,0.8410163757754751,0.9999999999264706,0.9999999999489796,0.1560328490208464,0.0063572790845518,0.0083939285537874,77.98742131497966,-0.0780167709959531,0.0,0.0,0.0,0.5,-0.190838433090259,-0.2746346785032116,-0.0847619864386084,-0.1558205150460761,-0.5296086585877311,-0.219150350512105,-0.3413372437124534,-0.4730378163738463,-0.6416408583817103,0.2475152465850718,0.495745878195949,0.7082513822840236,0.8539656361888442,-0.4730378163738463,-0.7201689237764486,0.1373578062306479,1.4259532332601494,-0.95567582242837,0.1658889878014998,0.3551137623243777,0.5855269962000551,0.9745356223988628,-1.1043048967331497,-1.3827223213235411,-1.5488515127447606,1.7948238656963034,0.7751633584303717,0.6491963893383437,0.4798188844312376,1.9475973281264705,1.908543169730864,-0.9612931550223572,-0.228271044290755,1.5989791708268402,2.7798666091137085,0.1658889878014998,-1.5488515127447606,1.7948238656963034,-0.1410969014820469,0.0,0.0,0.0,0.0,其他,0,0,0.5,1.0,0,0.9775510204081632,0.09349336702463673,0.08654453569172449,0.852760736196319,0.7259713701431493,0.09611451942740286,0.9304703476482618,0.5132924335378323,0.8159509202453987,0.5,0.5,0.5,0.5,0.9775510204081632,0.9510204081632653,0.8122448979591836
2025-07-21,16.49,17.41,16.46,17.41,24297680.0,16.04,15.634,15.281,15.046333333333331,0.0854114713216958,0.1135985672252781,0.1393233427131732,0.1570925363876028,15.281,16.492539255831353,14.069460744168648,1.3786343445393463,0.1585680591353215,0.0998104864181932,0.1188946015424163,0.1591211717709721,0.2031789910158949,0.0427968726128776,0.0302669834297312,0.0226690300911492,88.74598066744555,0.3573671596439443,0.1675707165778327,0.1897964430661115,86490643.0,87.81706719932619,0.3821428571428574,4.252558613291295,0.9999999999628252,0.9999999999717514,0.0786904078116026,0.0998104864181932,0.0226690300911492,88.74598066744555,5.241216511263517,0.0,0.0,0.0,0.5,0.108313381869192,0.2913902468212277,0.2702105611504955,0.4796233306568026,2.3767409406685647,-0.0613049144528796,-0.234523744459063,-0.3989680148132698,-0.6006572793733114,1.8645155123975288,1.8353809396175624,1.891109016539119,1.9812911335902432,-0.3989680148132698,-0.5121784689689437,-0.0545812059362392,2.667211091700722,-0.5271979435436153,2.487199285335043,1.298078437114306,1.4951707075534026,1.6607803602945328,0.482878412056703,-0.1735097246174937,-0.7055086791118076,2.4458305030272096,1.1005219275387244,0.7720168547519829,0.9811872902899966,2.4168758625556066,2.1552409032834565,-0.7666747872976362,4.003906675522725,1.5912985946965963,2.74352083682343,2.487199285335043,-0.7055086791118076,2.4458305030272096,2.482897694618166,0.0,0.0,0.0,0.0,其他,0,0,0.5,1.0,0,0.9489795918367347,-0.005743825387708346,-0.011487650775416358,0.9877300613496932,0.9304703476482618,0.7239263803680982,0.9959100204498977,0.9754601226993865,0.9815950920245399,0.5,0.5,0.5,0.5,0.9489795918367347,0.5959183673469388,0.29591836734693877
2025-07-22,19.15,19.15,19.15,19.15,4337915.0,16.758,16.039,15.502,15.128833333333333,0.1427377968731351,0.193964711016896,0.2353244742613855,0.2657948949577517,15.502,17.587585617619283,13.416414382380715,1.3745745005728345,0.2690731025165565,0.0999425617461229,0.2307197943444729,0.2682119205298012,0.3000678886625931,0.0515682690673546,0.0400295958438755,0.0303768640830748,92.60042280557282,0.6047794743582617,0.2550124681339185,0.3497670062243432,90828558.0,87.08584829146382,0.4635714285714287,0.7517096422505071,0.9999999999774266,0.9999999999810606,-0.0313315926892949,0.0999425617461229,0.0303768640830748,92.60042280557282,-0.8214679343871514,0.0,0.0,0.0,0.5,1.153705166694026,0.9177191405415048,1.460571897239879,1.1773226663617156,-0.4683848412041477,0.2449070640898471,-0.0537778600745218,-0.2880060714515644,-0.5376870858085357,3.0593932173119494,3.060242962765192,3.07128556197455,3.1482120629634527,-0.2880060714515644,-0.1395025121564242,-0.4518368023490536,2.6263074084691893,0.2662186231880342,2.4675916005668435,2.501053633356052,2.4808026166420656,2.385341129754892,0.8550067334386611,0.3090049230600147,-0.2502517938988678,2.6567366562785057,1.657435199333256,0.9988350727036016,1.8075724365925203,2.4807902488300924,2.092591554183735,-0.6105366861310217,-0.3448423543729266,1.583727724374577,2.708564958496269,2.4675916005668435,-0.2502517938988678,2.6567366562785057,-0.5132530097795256,0.0,0.0,0.0,0.0,其他,0,0,0.5,1.0,0,0.1779141104294478,-0.09190600522193204,-0.09765013054830274,0.9979508196721312,0.9733606557377049,0.8729508196721312,0.9979508196721312,0.1680327868852459,1.0,0.5,0.5,0.5,0.5,0.17791411042944785,0.022494887525562373,0.014314928425357873
2025-07-23,21.07,21.07,21.07,21.07,8621300.0,17.838,16.641,15.8175,15.248833333333332,0.1811862316403183,0.2661498708010337,0.3320689110162793,0.3817450515339973,15.8175,19.03332190525457,12.601678094745424,1.3166652499141622,0.406615698464896,0.1002610966057442,0.3446075303126994,0.3999999999999999,0.4275067750677508,0.0519931610434988,0.0450532587943163,0.0358522103285095,94.64831802255236,0.9448913508511368,0.3929882446773622,0.5519031061737745,99449858.0,93.7211620694334,0.5835714285714289,1.4202095641418804,0.999999999984252,0.999999999986053,-0.1551969625059326,0.1002610966057442,0.0358522103285095,94.64831802255236,0.9874294447908732,0.0,0.0,0.0,0.5,1.899120552035048,1.603979693526426,2.294482088699833,1.9388552312637075,0.1427680905724663,0.7052063134757995,0.2148400967101735,-0.1298239729493056,-0.4467161220003274,3.801278240967535,4.087404914074156,4.18243956601341,4.299354682254412,-0.1298239729493056,0.3523904893977083,-0.9464771460646328,2.428497518081368,1.25113732940511,2.4530058706849247,3.6708403724278056,3.622452447715532,3.306180870501616,0.8711367910072616,0.5568647828263854,0.0732020832709745,2.751278653864829,2.410938795253638,1.3558331636527765,2.8280491761766,2.625679356261142,2.497236893591729,-0.3813127717617622,0.4858500149009826,1.5762639726167658,2.674912591563112,2.4530058706849247,0.0732020832709745,2.751278653864829,0.3812358650258056,0.0,0.0,0.0,0.0,其他,0,0,0.5,1.0,0,0.0020449897750511,-0.18604651162790709,-0.1794019933554818,1.0,0.9979508196721312,0.9200819672131147,1.0,0.7090163934426229,1.0,0.5,0.5,0.5,0.5,0.002044989775051125,0.002044989775051125,0.002044989775051125
2025-07-24,20.5,20.96,19.0,19.41,53796054.0,18.574,17.072,16.052,15.3375,0.0450091525788736,0.1369493908153702,0.2091951158734115,0.2655256723716381,16.052,19.597907054916227,12.506092945083772,0.9735036688633656,0.4418025236598726,-0.0787850023730422,0.2339478703115065,0.2854304635761591,0.3186141304347825,0.0804538875501396,0.0573014783827935,0.041771478313028,78.35443036586125,1.0681711247318797,0.5280248206882657,0.5401463040436137,45653804.0,56.68825419120209,0.7078571428571431,6.319286010203037,0.7339743589625966,0.7684797768372597,-0.0978876867594022,-0.0787850023730422,0.041771478313028,78.35443036586125,5.239900479046083,0.0,0.0,0.0,0.5,1.6670940248048816,1.5574442149486087,1.3752408424674134,1.2682449635709387,6.250317986867026,1.017345557171491,0.4069882643988813,-0.0122122283777227,-0.3793625101933724,0.9443816292113616,2.099615887841077,2.639604889453088,3.00083209266942,-0.0122122283777227,0.5439711942083366,-1.002090915214353,1.3936161973170316,1.4974460436865795,-1.9384038923693327,2.4620260809696006,2.560854906707347,2.4601547147598097,2.0712988993174943,1.1604772597144513,0.4227883025456866,1.7448747923274393,2.662038715059873,1.70115473482076,2.737043538968814,1.5542413294505082,0.1195228710464182,-0.144038462904938,6.223229264130313,0.819614133319832,1.7236926937048669,-1.9384038923693327,0.4227883025456866,1.7448747923274393,2.464984307170188,0.0,0.0,0.0,0.0,其他,0,0,0.5,1.0,0,0.0286298568507157,-0.12158681092220502,-0.10819165378670792,0.9959016393442623,0.9774590163934426,0.9610655737704918,0.9036885245901639,0.9979508196721312,0.9938524590163934,0.5,0.5,0.5,0.5,0.028629856850715747,0.00408997955010225,0.0081799591002045
2025-07-25,19.69,20.23,18.25,18.3,33834125.0,19.068,17.369,16.2255,15.410833333333334,-0.040276903713027,0.0536012435949104,0.1278543034112971,0.1874763423998269,16.2255,19.858161631134287,12.592838368865714,0.7855344387351721,0.4477719184138422,-0.0571870170015456,0.1560328490208464,0.1937377690802348,0.2339851652056641,0.0923287659286135,0.063207865332674,0.0447580719182381,68.38565021348208,1.0640379433024734,0.6352274452111073,0.428810498091366,11819679.0,45.63055845149841,0.8357142857142861,3.353262694757834,0.5488599348444813,0.5985507246290066,-0.0540983606557378,-0.0571870170015456,0.0447580719182381,68.38565021348208,-0.371066788653309,0.0,0.0,0.0,0.5,1.3448030635128143,1.2903171832436393,1.041636593117351,0.8212616853158972,3.4813466393221817,1.2246777653824552,0.5390611514893694,0.074809978561509,-0.3235889809465728,-0.8417942522056444,0.8308876833756201,1.6373189464597373,2.151767532971609,0.074809978561509,0.6316185472790226,-0.9467455647134376,0.8286353109708772,1.533332830933589,-1.403764975834346,1.6248463667934456,1.72891879518929,1.814936213210155,2.5507112394699907,1.447247166891656,0.5986145961117381,1.133147314946671,2.625852960817171,1.9690117110099457,2.1511175545759413,0.8838911500361645,-0.5902718567529781,0.1000382645304511,2.693698677468999,0.2937238600499618,1.0320310917337574,-1.403764975834346,0.5986145961117381,1.133147314946671,-0.2957007267284747,0.0,0.0,0.0,0.0,其他,0,0,0.5,1.0,0,0.0961145194274028,-0.05683060109289617,-0.060109289617486406,0.9795081967213115,0.9590163934426229,0.9713114754098361,0.7438524590163934,0.9877049180327869,0.9569672131147541,0.5,0.5,0.5,0.5,0.09611451942740286,0.049079754601226995,0.0408997955010225
2025-07-28,18.05,18.95,18.05,18.78,20204819.0,19.342,17.691,16.4175,15.487666666666666,-0.0290559404404922,0.0615567237578431,0.1439013248058473,0.2125777500376644,16.4175,20.1680866207834,12.6669133792166,0.8149507315505007,0.456901065419285,0.0262295081967214,0.0786904078116026,0.2069408740359897,0.2570281124497993,0.0845126882841475,0.0632162512037905,0.0448654025289878,69.74248925990995,1.086964505506753,0.7255748572702365,0.3613896482365164,32024498.0,39.86518189144193,0.8900000000000003,1.8401467795458,0.6270358306086804,0.6656934306472163,-0.0782747603833866,0.0262295081967214,0.0448654025289878,69.74248925990995,-0.402827204782154,0.0,0.0,0.0,0.5,0.7014135007352619,0.8282786699857392,0.9511143014716896,1.0112586069512373,1.65043420732074,1.336979579122683,0.6820672976991373,0.1711165016702179,-0.2652128701978293,-0.6053920311955764,0.949500194130784,1.822361976734353,2.392906602942296,0.1711165016702179,0.7359716736959597,-0.8993585254578834,0.9145420606161184,1.5911372771142085,0.6366979842109401,0.8015294489004791,1.8364986070309195,1.9740889995546853,2.204137658596128,1.4418262364958914,0.6038718662231269,1.2119519904042615,2.649453081559745,2.187996451120898,1.7976154832647349,1.2788019580334975,-0.9587897202552316,0.203582346971945,0.9214831997346956,0.5150335908133867,1.2987636663447129,0.6366979842109401,0.6038718662231269,1.2119519904042615,-0.3109130971159988,0.0,0.0,0.0,0.0,其他,0,0,0.5,1.0,0,0.0204081632653061,-0.06922257720979774,-0.07880724174653886,0.9488752556237219,0.9652351738241309,0.9775051124744376,0.8609406952965235,0.950920245398773,0.9775051124744376,0.5,0.5,0.5,0.5,0.02040816326530612,0.022448979591836733,0.0163265306122449
2025-07-29,18.61,18.9,18.18,18.55,16621387.0,19.222,17.990000000000002,16.595000000000002,15.558666666666666,-0.0349599417334304,0.0311284046692605,0.1178065682434466,0.1922615476904621,16.595000000000002,20.398762680072885,12.791237319927118,0.7569823835443438,0.4584227393853524,-0.0122470713525026,-0.0313315926892949,0.1921593830334189,0.2366666666666668,0.0711921193705482,0.0637790994525219,0.0451723706193116,68.42105262149585,1.0741922735527645,0.7952983405267422,0.2788939330260223,15403111.0,35.37097467341614,0.9321428571428572,1.4222616988130672,0.5895765472216682,0.63211678831194,-0.0625336927223719,-0.0122470713525026,0.0451723706193116,68.42105262149585,-0.1773553131062446,0.0,0.0,0.0,0.5,0.9186372967254854,0.8085912173865073,1.005879297185222,0.9168210651010078,1.1686580341846884,1.2813729537558805,0.8143989665687648,0.2601136101541893,-0.2112572352217548,-0.7278871638624691,0.485964838215176,1.4986246577123077,2.1608788491339053,0.2601136101541893,0.8130157323964841,-0.8216293101478543,0.7392470774451578,1.5944194087760777,-0.3053019058213402,-0.3672474050321428,1.695980093769388,1.811989878354004,1.6372360867821092,1.4636055596287718,0.6209354070566607,1.1280187253869312,2.595294089179068,2.3489924810547502,1.3731726866830043,0.9483582277272518,-1.2437990688921354,0.2838813366804441,0.4318913267539411,0.4078320189982089,1.1588126240948569,-0.3053019058213402,0.6209354070566607,1.1280187253869312,-0.1994385189273224,0.0,0.0,0.0,0.0,其他,0,0,0.5,1.0,0,0.0265306122448979,-0.0690026954177898,-0.05283018867924527,0.17586912065439672,0.9550102249488752,0.9815950920245399,0.8159509202453987,0.8936605316973415,0.9591002044989775,0.5,0.5,0.5,0.5,0.026530612244897958,0.030612244897959183,0.036734693877551024
2025-07-30,18.38,18.5,17.61,17.8,16276900.0,18.568,18.203,16.729,15.609666666666667,-0.0413614821197759,-0.0221392078228862,0.0640205630940284,0.1403190330777937,16.729,20.502681156865755,12.955318843134242,0.6419038805103151,0.4511544212855758,-0.0404312668463612,-0.1551969625059326,0.1359285258455649,0.1772486772486774,0.040847246681265,0.0665200300863378,0.0466507453718431,63.23529410896772,0.9921149718959086,0.8346616668005756,0.1574533050953329,-873789.0,32.016339733375986,0.990714285714286,1.3624971799495953,0.4674267100901071,0.5226277372186479,-0.0365168539325844,-0.0404312668463612,0.0466507453718431,63.23529410896772,-0.0207255266964182,0.0,0.0,0.0,0.5,0.826750259952439,0.6634287917239519,0.752960163504463,0.6147444038391227,1.1194962001986777,0.9997726818385912,0.907814904713283,0.3271822063247505,-0.1724175992652387,-0.8604170439024765,-0.3244723986373314,0.8439839869933943,1.6094437490164608,0.3271822063247505,0.8466146262869743,-0.719971576253862,0.3934719154477362,1.5356702827186255,-0.9939133347158472,-1.676891324156634,1.1917558750587944,1.365658283027248,0.3658476258209865,1.5914699546593742,0.7073169365676633,0.8102549372197934,2.3943764325854047,2.4288862823246555,0.7550039490362839,0.6258649260411605,-1.4535395583210264,0.395579684865667,0.3613497865413612,0.0598628990554138,0.7143610279423654,-0.9939133347158472,0.7073169365676633,0.8102549372197934,-0.1219313301967201,0.0,0.0,0.0,0.0,其他,0,0,0.5,1.0,0,0.0835030549898167,-0.030898876404494402,-0.05224719101123598,0.0,0.934560327198364,0.9775051124744376,0.7525562372188139,0.83640081799591,0.918200408997955,0.5,0.5,0.5,0.5,0.0835030549898167,0.10183299389002037,0.0835030549898167
2025-07-31,17.98,18.01,17.49,17.51,9030108.0,18.188,18.381000000000004,16.843,15.654666666666666,-0.0372773257092589,-0.0473858876013275,0.0396010211957491,0.1185163103653863,16.843,20.56339103773833,13.12260896226167,0.5896411147612206,0.4417729665399563,-0.0162921348314606,-0.0978876867594022,0.1131595677050223,0.1497045305318451,0.0316675443314178,0.0671889656794278,0.0469983114983547,60.62378166814101,0.8933693370149456,0.8464032008434497,0.0469661361714959,-9903897.0,28.407530801285887,0.9828571428571432,0.7460824077904811,0.4201954397325703,0.4802919707959083,-0.0262707024557395,-0.0162921348314606,0.0469983114983547,60.62378166814101,-0.4452194213885936,0.0,0.0,0.0,0.5,0.6687322575312312,0.4862040201943205,0.6986847200950642,0.497480456040364,0.1529018863095281,0.8358272732318007,0.9851796049941308,0.3841340809325564,-0.1381222180289371,-0.7730307889261399,-0.7078785174677048,0.5465879821555748,1.3762165135526838,0.3841340809325564,0.8653702202709762,-0.61661524477073,0.2362054537199382,1.4627492100256487,-0.4013800672899824,-1.065637316364156,0.9866906281099596,1.1578052427560348,-0.0190067290940517,1.616774718160339,0.7264931185589021,0.6498381589774656,2.163177519863026,2.437268786084421,0.1934008118714894,0.4467497600496316,-1.6768285473550244,0.3799309544486746,-0.3609126805650228,-0.0747337537611936,0.5419620333002896,-0.4013800672899824,0.7264931185589021,0.6498381589774656,-0.3313616012467784,0.0,0.0,0.0,0.0,其他,0,0,0.5,1.0,0,0.046938775510204,-0.030839520274129173,-0.018846373500856717,0.02663934426229508,0.9385245901639344,0.9774590163934426,0.8442622950819673,0.2459016393442623,0.8975409836065574,0.5,0.5,0.5,0.5,0.04693877551020408,0.07142857142857142,0.1469387755102041
2025-08-01,17.62,17.65,17.25,17.31,6496255.0,17.990000000000002,18.529000000000003,16.962,15.690166666666666,-0.0377987770983881,-0.0657887635598254,0.0205164485320126,0.1032387588829522,16.962,20.575469538444,13.348530461556006,0.5481531664018173,0.426066447166925,-0.0114220445459738,-0.0540983606557378,0.0934933670246367,0.159410582719357,0.0238842816394125,0.0676112973741533,0.0467773102521201,58.553274674293775,0.789869260261888,0.8350964127271374,-0.0452271524652494,-16400152.0,25.68482901242953,0.9828571428571432,0.5322801755339654,0.3785123966879583,0.4510948905043633,-0.0028885037550546,-0.0114220445459738,0.0467773102521201,58.553274674293775,-0.2806005199494845,0.0,0.0,0.0,0.5,0.5266708773624691,0.3559255259632276,0.5916885591434818,0.416457268536013,-0.1851777720957272,0.7498231449154314,1.048751169750296,0.4435599334932846,-0.1110261300877581,-0.7823833232585763,-0.9860203479834376,0.3142281559093467,1.212716107114743,0.4435599334932846,0.8674864378358498,-0.477671107726303,0.1113188086323191,1.3460678288028216,-0.2814442496317396,-0.5998595077655063,0.8100136193127012,1.2256494500341348,-0.3452627444371262,1.629762162063191,0.7119252206437904,0.5226491202220973,1.9268143609691588,2.3880448551198787,-0.2752027344128219,0.3178105324286577,-1.8406018903186552,0.3793657408685071,-0.6107950788764087,-0.1934994087134821,0.4229222247782684,-0.2814442496317396,0.7119252206437904,0.5226491202220973,-0.2495372022358182,0.0,0.0,0.0,0.0,其他,0,0,0.5,1.0,0,0.1795918367346938,-0.006354708261120723,-0.020797227036395083,0.0942622950819672,0.9426229508196722,0.9733606557377049,0.7909836065573771,0.26024590163934425,0.8094262295081968,0.5,0.5,0.5,0.5,0.17959183673469387,0.19795918367346937,0.16122448979591836
2025-08-04,17.2,17.52,17.2,17.31,5315400.0,17.696,18.519,17.0765,15.726666666666668,-0.0218128390596746,-0.0652843026081322,0.0136737621878018,0.1006782534972445,17.0765,20.574139956192944,13.578860043807056,0.5333796506889202,0.409643657209904,0.0,-0.0782747603833866,-0.0057438253877083,0.1524633821571237,0.0148995258149428,0.0599783839561806,0.0468130542053286,58.553274674293775,0.6997780974466785,0.8080327496710455,-0.108254652224367,-16400152.0,22.74361719786457,0.9792857142857144,0.4295426095678414,0.3754152823857901,0.4510948905043633,0.0098209127671866,0.0,0.0468130542053286,58.553274674293775,-0.181774730209944,0.0,0.0,0.0,0.5,0.3612584452294095,0.3085865899341486,0.5686429276359234,0.415844246270042,-0.342557568658514,0.6231683915654507,1.0414616756255772,0.5006495432775562,-0.0831735066533333,-0.4455058199994842,-0.9758687344810786,0.2306603861139565,1.181877300885896,0.5006495432775562,0.865029980107503,-0.3361696588260087,0.0667540618409639,1.2253942120992043,-0.0007243725666561,-0.8547661918227007,-0.0730408445859783,1.170508126653903,-0.7214784510934249,1.2513900360073993,0.7126278071223633,0.5217861266663464,1.723139325488448,2.3011467112482373,-0.5951770258335609,0.3173716587656147,-2.015006113153216,0.3719453708954672,-0.7300246750976569,-0.2020775404395863,0.4221881400388962,-0.0007243725666561,0.7126278071223633,0.5217861266663464,-0.2002959215276607,0.0,0.0,0.0,0.0,其他,0,0,0.5,1.0,0,0.3169734151329243,-0.005777007510109677,-0.01097631426920842,0.018480492813141684,0.9404517453798767,0.973305954825462,0.6406570841889117,0.1437371663244353,0.7145790554414785,0.5,0.5,0.5,0.5,0.3169734151329243,0.21063394683026584,0.2249488752556237
2025-08-05,17.38,17.47,17.19,17.39,6099000.0,17.464,18.343,17.191000000000003,15.759833333333336,-0.004237288135593,-0.0519544240309655,0.0115758245593622,0.1034380651233621,17.191000000000003,20.5639131559965,13.818086844003508,0.5294997218640595,0.3924045321362195,0.0046216060080879,-0.0625336927223719,-0.091906005221932,0.1516556291390729,0.0176414829643246,0.0490949695212537,0.0468155446895573,58.43137254099962,0.6276009402843705,0.7719463877937106,-0.14434544750934,-10301152.0,23.06997422896769,0.9785714285714284,0.4876015708189735,0.3887043189304202,0.4627737226209814,-0.0069005175388154,0.0046216060080879,0.0468155446895573,58.43137254099962,0.1474207021108478,0.0,0.0,0.0,0.5,0.4313656049231026,0.290127873324403,0.5632883958927326,0.4474011591498372,-0.2373724866581365,0.5231693971891496,0.96011927951162,0.5576602969089468,-0.0578542661605115,-0.0754018137629954,-0.7709799957695805,0.2048243744270116,1.2061892030897068,0.5576602969089468,0.8595552910510966,-0.1892849901823783,0.0549854254486984,1.0998602054584063,0.1128607619423398,-0.6862289109707267,-0.8389750795041027,1.16091478070982,-0.605117514421872,0.7168162635016361,0.7113597392937545,0.5134934212292579,1.560529892379263,2.194185109058169,-0.7775635761353092,0.4376327186093832,-1.9814653576876984,0.3700246936471243,-0.6605169256468774,-0.1638109976492051,0.4687827751118782,0.1128607619423398,0.7113597392937545,0.5134934212292579,-0.0368990684444931,0.0,0.0,0.0,0.0,其他,0,0,0.5,1.0,0,0.1697341513292433,-0.006325474410580734,-0.02817711328349637,0.024640657084188913,0.9322381930184805,0.971252566735113,0.5831622176591376,0.16632443531827515,0.6057494866529775,0.5,0.5,0.5,0.5,0.16973415132924335,0.23721881390593047,0.2229038854805726
2025-08-06,17.32,17.36,17.11,17.15,6477002.0,17.334,17.951,17.296,15.7915,-0.0106149763470636,-0.0446214695560136,-0.0084412580943571,0.0860272931640437,17.296,20.51554164766541,14.076458352334583,0.477325964993557,0.3722874245660039,-0.0138010350776309,-0.0365168539325844,-0.186046511627907,0.13953488372093,0.0091582872503123,0.0308854441961491,0.0470084810770286,56.84007706362464,0.5447544389146479,0.7265079980178981,-0.1817535591032502,-16778154.0,21.156184566862947,0.9878571428571428,0.5143194997087053,0.3433835845838627,0.4277372262711276,0.0058309037900874,-0.0138010350776309,0.0470084810770286,56.84007706362464,0.061977701262502,0.0,0.0,0.0,0.5,0.4071650164878994,0.2500080266479592,0.527026678834899,0.3501219518872888,-0.1864824399421701,0.4668389259540986,0.782600585597731,0.6097730599121464,-0.0336766687698405,-0.2095612746628752,-0.6578711905896691,-0.0392640153277452,1.0222208398920325,0.6097730599121464,0.8410950199560763,-0.0306819351084915,-0.1023649159555449,0.9547542894332997,-0.3405726583898982,-0.4090009669374424,-1.6699828799158103,1.0682090398206987,-0.9598154021786516,-0.1755910519917972,0.721409084048877,0.4155010719027029,1.376961723422923,2.0666684521668146,-0.9659837795363012,0.3086706425246311,-2.0880697425580976,0.3873520673243986,-0.6279317066948503,-0.2933091106429815,0.3257817572586316,-0.3405726583898982,0.721409084048877,0.4155010719027029,-0.0792503935125565,0.0,0.0,0.0,0.0,其他,0,0,0.5,1.0,0,0.4151329243353783,0.008163265306122547,-0.03848396501457729,0.08196721311475409,0.9137577002053389,0.9753593429158111,0.5626283367556468,0.1437371663244353,0.28542094455852157,0.5,0.5,0.5,0.5,0.41513292433537835,0.310838445807771,0.29243353783231085
2025-08-07,17.2,17.22,16.94,17.05,5770700.0,17.241999999999997,17.715,17.3935,15.823833333333331,-0.0111355991184315,-0.0375388089189951,-0.019748756719464,0.0774885984222113,17.3935,20.44684518882238,14.34015481117762,0.443750218399503,0.3510903715531464,-0.0058309037900873,-0.0262707024557395,-0.121586810922205,0.1291390728476822,0.0076901924043715,0.0230652458132736,0.0470965433900753,55.87668592695304,0.4656609755746679,0.6743385935292522,-0.2086776179545842,-22548854.0,19.442528311907537,0.995,0.4531778313056969,0.2996515679390306,0.4131386861253556,-0.004692082111437,-0.0058309037900873,0.0470965433900753,55.87668592695304,-0.1090476735996067,0.0,0.0,0.0,0.5,0.3593954407446911,0.1990513818415825,0.451015679505983,0.3093266832943817,-0.2808575819862455,0.4268079031304833,0.6753917571611954,0.6579889237116913,-0.0089911033622748,-0.2202580422382369,-0.548798886506247,-0.1771193784596798,0.9309637464200312,0.6579889237116913,0.8157701781734981,0.131187353465133,-0.2035678247947666,0.8026424918172054,-0.1437972450177652,-0.2995316210924201,-1.0936214413890055,0.9887276988140866,-1.018977756464517,-0.5584811762660329,0.725203989486903,0.3559762774254377,1.2030015685453683,1.9252022501062256,-1.100248241439062,0.193767452768978,-2.179789485851882,0.4005396763429195,-0.6985606638867042,-0.4181786768454744,0.2659238002801601,-0.1437972450177652,0.725203989486903,0.3559762774254377,-0.1641177402417541,0.0,0.0,0.0,0.0,其他,0,0,0.5,1.0,0,0.5428571428571428,0.015249266862169986,-0.02521994134897354,0.044989775051124746,0.8995901639344263,0.9774590163934426,0.5512295081967213,0.05737704918032787,0.13114754098360656,0.5,0.5,0.5,0.5,0.5428571428571428,0.35918367346938773,0.3816326530612245
2025-08-08,17.09,17.47,16.98,17.26,10068501.0,17.232000000000003,17.611,17.490000000000002,15.862,0.0016248839368615,-0.0199307251149849,-0.0131503716409376,0.0881351658050688,17.490000000000002,20.38672773642034,14.593272263579664,0.4603000314537229,0.3312438806636678,0.0123167155425221,-0.0028885037550546,-0.0568306010928961,0.1258969341161122,0.0099508494263361,0.0180825977941763,0.0470746169410213,49.16759155728806,0.4151386213843757,0.6224985991002769,-0.2073599777159012,-12480353.0,14.31723451561514,0.9171428571428568,0.7868829543549435,0.3085299455479398,0.4437956204314776,-0.003476245654693,0.0123167155425221,0.0470746169410213,49.16759155728806,0.7447625071481796,0.0,0.0,0.0,0.5,0.3155917252818277,0.2893037638960632,0.4680488010828406,0.3936396522987408,0.2959723052690889,0.4218967315538377,0.6275539514018709,0.7055877625696644,0.0201459739050994,0.0493089438917314,-0.2792794576563238,-0.096306258424501,1.0384288988166588,0.7055877625696644,0.7934670715320004,0.2865265966521017,-0.1532794515737586,0.6605377390799613,0.3039700508499927,-0.0503071428367921,-0.5170186477737146,0.9623076693909548,-0.9216730362464446,-0.8015699680497171,0.7224536061118751,-0.0553497893755098,1.0913127878028,1.787006136882428,-1.0905477822491274,0.3934847552573955,-2.4783635292225528,0.2497593276380187,-0.304935110228878,-0.3920789465312269,0.3902661652418999,0.3039700508499927,0.7224536061118751,-0.0553497893755098,0.2607885177433986,0.0,0.0,0.0,0.0,其他,0,0,0.5,1.0,0,0.4448979591836735,-0.0034762456546930665,-0.013904982618771822,0.17791411042944785,0.8934426229508197,0.9795081967213115,0.47540983606557374,0.4959016393442623,0.1864754098360656,0.5,0.5,0.5,0.5,0.4448979591836735,0.22244897959183674,0.4020408163265306
2025-08-11,17.75,17.86,17.27,17.48,9065586.0,17.266000000000002,17.481,17.586000000000002,15.9005,0.0123943009382601,-5.720496539107778e-05,-0.0060275218924145,0.0993364988522373,17.586000000000002,20.337010532035084,14.83498946796492,0.4807343521928175,0.3128637020379209,0.0127462340672073,0.0098209127671866,-0.0692225772097977,0.1233933161953726,0.0116166281065529,0.0157966237765345,0.0470570530248845,38.85180239594227,0.3883745134417324,0.5756737819685681,-0.1872992685268356,-3414767.0,15.995221638723294,0.8357142857142854,0.7024766337976895,0.3484573502659082,0.4759124087521764,-0.0154462242562928,0.0127462340672073,0.0470570530248845,38.85180239594227,-0.0996091672434655,0.0,0.0,0.0,0.5,0.5751660728776815,0.4302346641433666,0.5958100532698756,0.4819166273007234,0.1609143007113333,0.4358357663065814,0.5681498394473998,0.752808064666323,0.0495381001552958,0.276779834187629,0.0248101575918033,-0.0090817155197167,1.1508953918553106,0.752808064666323,0.7747952891040863,0.4347615010865494,-0.0912414252560058,0.5291021878866196,0.31416036480914,0.0851877137175188,-0.6261918688627279,0.941457696438346,-0.849704050386656,-0.9117882134599238,0.7199749235572803,-0.6874213599619806,1.0310923846434066,1.663161108046377,-0.9858710265730458,0.5730621288229559,-2.3537261257495525,0.0921095907690033,-0.4038938088270811,-0.2768458249887521,0.5204168505121659,0.31416036480914,0.7199749235572803,-0.6874213599619806,-0.1600506841734592,0.0,0.0,0.0,0.0,其他,0,0,0.5,1.0,0,0.2810590631364562,-0.010297482837528626,-0.016018306636155666,0.3142857142857143,0.8773006134969326,0.9775051124744376,0.18813905930470348,0.22085889570552147,0.18200408997955012,0.5,0.5,0.5,0.5,0.28105906313645623,0.18126272912423624,0.36863543788187375
2025-08-12,17.47,17.54,17.23,17.27,6097587.0,17.242,17.353,17.6715,15.932666666666668,0.0016239415381045,-0.004783034633781,-0.0227201991907874,0.0839365663835305,17.6715,20.258807277338345,15.084192722661658,0.4224096798322152,0.2928225987973519,-0.0120137299771168,-0.0069005175388154,-0.0690026954177898,0.1098971722365038,0.0129836362619658,0.0157882377206263,0.0472255979877276,17.128027677512264,0.3462274258690989,0.5297845107486743,-0.1835570848795753,-9512354.0,11.53462734242072,0.7207142857142852,0.475987714766486,0.2962962962908092,0.4452554744460545,0.0005790387955992,-0.0120137299771168,0.0472255979877276,17.128027677512264,-0.3273918531024911,0.0,0.0,0.0,0.5,0.4638501209196657,0.31353566362427,0.5770819760289088,0.3962995046313891,-0.2383395334298811,0.4248996455865635,0.5097365943449247,0.7945713733066002,0.0740834146280046,0.0485900121605049,-0.0475402620600721,-0.2134457439778459,0.9881318196887904,0.7945713733066002,0.7464441025031004,0.5874168692546152,-0.2678283145395498,0.3860417349838781,-0.298303227227625,-0.0933264730310237,-0.6231339741654178,0.8397205420606693,-0.7905222910507533,-0.9100820853696416,0.7285871136531167,-2.0090427179327106,0.9382489965448456,1.5432150207982147,-0.9644831562478324,0.4508675370115943,-2.6038361948725712,-0.1304824701040484,-0.6701023765721875,-0.4264055085543724,0.3944693971073675,-0.298303227227625,0.7285871136531167,-2.0090427179327106,-0.2734075322633039,0.0,0.0,0.0,0.0,其他,0,0,0.5,1.0,0,0.4765784114052953,0.01737116386797921,-0.0028951939779965352,0.1673469387755102,0.8302658486707567,0.9754601226993865,0.00408997955010225,0.05112474437627812,0.049079754601226995,0.5,0.5,0.5,0.5,0.47657841140529533,0.395112016293279,0.4684317718940937
2025-08-13,17.3,17.46,17.18,17.25,5001039.0,17.262,17.298000000000002,17.7505,15.961666666666668,-0.0006951685783802,-0.0027748872702048,-0.0281963888341172,0.0807142111308343,17.7505,20.17163914033077,15.329360859669224,0.3966395628193253,0.2727967257617685,-0.0011580775911985,0.0058309037900874,-0.0308988764044944,0.100829610721123,0.0110282926806288,0.0105750920870878,0.0472539897998907,23.91304347017436,0.3076651501256542,0.4853606386240702,-0.177695488498416,-14513393.0,15.532413334313432,0.5928571428571424,0.3914294202961404,0.2846441947512238,0.4423357664169001,0.0023188405797101,-0.0011580775911985,0.0472539897998907,23.91304347017436,-0.1798331044723101,0.0,0.0,0.0,0.5,0.3960579134063882,0.2840559448255157,0.5539502830744767,0.3876404293695051,-0.3855878810915431,0.4328579808163953,0.484208186351272,0.8329058580440083,0.096201596958093,-0.0005922768988035,-0.016710651572446,-0.2802764036100238,0.9520349032451766,0.8329058580440083,0.7151091387402185,0.7372629384724503,-0.3456094311884057,0.2431742642045643,-0.0292594221948968,0.0427971846930847,-0.2831096846212539,0.7709971720020338,-0.8709849880580541,-1.1629248125423113,0.7288315658405996,-1.5866329167227458,0.8534683526734269,1.428192403886099,-0.9324420871423376,0.350613800474523,-2.3383461446112115,-0.377910859104239,-0.7684460468650406,-0.4592763892701191,0.3818901242524352,-0.0292594221948968,0.7288315658405996,-1.5866329167227458,-0.1993968483997108,0.0,0.0,0.0,0.0,其他,0,0,0.5,1.0,0,0.3727087576374745,-0.0220289855072463,-0.0028985507246377384,0.4122448979591837,0.7955010224948875,0.9754601226993865,0.03067484662576687,0.0081799591002045,0.034764826175869123,0.5,0.5,0.5,0.5,0.3727087576374745,0.26883910386965376,0.47657841140529533
2025-08-14,17.27,17.31,16.94,16.97,6014234.0,17.246000000000002,17.244,17.8125,15.983166666666667,-0.0160037110054507,-0.0158895847831129,-0.0472982456140351,0.0617420411057465,17.8125,20.07403068797024,15.550969312029766,0.3137323529340355,0.2539262526829517,-0.016231884057971,-0.004692082111437,-0.0308395202741291,0.0788302606484423,0.0134121630259842,0.0105667441659805,0.0475112987489959,29.90936554626191,0.2516102030317739,0.438610551505611,-0.187000348473837,-20527627.0,19.188234653855588,0.4778571428571422,0.4674541093967631,0.2175572519042448,0.4014598540087375,0.0200353565114908,-0.016231884057971,0.0475112987489959,29.90936554626191,0.2025969003641043,0.0,0.0,0.0,0.5,0.3836398882141814,0.2291328870313089,0.4464614543620758,0.2736406723200738,-0.2485580315242116,0.4253463285396828,0.4591612360758708,0.8624927060842621,0.1125631110478221,-0.3252107824972375,-0.2178809754185149,-0.5141988269643483,0.7532800479839435,0.8624927060842621,0.6802827451843048,0.8721358951781745,-0.5966997209921294,0.1085576338256718,-0.4026805703164283,-0.0698119072810537,-0.2821953604106972,0.6069828180398457,-0.7689875287406979,-1.1598837090123109,0.7427239451324662,-1.2165240732106204,0.7314581299723533,1.3085774659088834,-0.977522433669994,0.230204707718899,-2.100124596539592,-0.6001586231893471,-0.6772738185699133,-0.6516777483476283,0.2141060690159053,-0.4026805703164283,0.7427239451324662,-1.2165240732106204,-0.0080091039035304,0.0,0.0,0.0,0.0,其他,0,0,0.5,1.0,0,0.3156822810590631,0.012374779021803173,0.01591043017088989,0.5408163265306123,0.8077709611451943,0.9754601226993865,0.09815950920245399,0.014314928425357873,0.018404907975460124,0.5,0.5,0.5,0.5,0.31568228105906315,0.45417515274949083,0.4480651731160896
2025-08-15,16.93,17.24,16.9,17.2,4783195.0,17.233999999999998,17.232999999999997,17.881,16.011666666666667,-0.0019728443773934,-0.0019149306562987,-0.0380851182819753,0.0742167169772041,17.881,19.965780942676453,15.796219057323547,0.3366734878247215,0.2331839318455112,0.013553329404832,-0.003476245654693,-0.0063547082611207,0.0865445356917244,0.0137238570587322,0.0113012854697116,0.0475505913888366,24.18300652488361,0.2231727350461838,0.3955229882137256,-0.1723502531675417,-15744432.0,26.13252104770044,0.4378571428571423,0.3704904899305383,0.0560975609742416,0.4350364963440138,0.0,0.013553329404832,0.0475505913888366,24.18300652488361,-0.2046875794989021,0.0,0.0,0.0,0.5,0.2485805603649899,0.20335075995585,0.4280165465045242,0.3665816487217158,-0.4142516807684799,0.4195636344572702,0.4535095238489156,0.8952613391570691,0.1343042097564445,-0.0269093688852612,-0.0029509828914002,-0.4002621437893791,0.880671138144606,0.8952613391570691,0.6418922767552208,1.020948273314009,-0.5260067054419267,-0.0393950989222311,0.3366319318941267,-0.0567039001567267,-0.0633604533113906,0.6629299140547275,-0.7543689782987512,-1.1206015771832734,0.7435799730206308,-1.5592275568732834,0.6690366119237481,1.1988718280462975,-0.9008108566542964,0.3253999754372768,-1.6691858838557652,-0.6766332774133275,-0.7903474313108562,-1.1147372298330671,0.3512867113269641,0.3366319318941267,0.7435799730206308,-1.5592275568732834,-0.2118050331118754,0.0,0.0,0.0,0.0,其他,0,0,0.5,1.0,0,0.1812627291242362,-0.014534883720930258,-0.005232558139534826,0.44285714285714284,0.8139059304703476,0.9693251533742331,0.022494887525562373,0.018404907975460124,0.034764826175869123,0.5,0.5,0.5,0.5,0.18126272912423624,0.31160896130346233,0.3564154786150713
2025-08-18,17.21,17.32,17.15,17.21,5914770.0,17.18,17.223000000000003,17.871000000000002,16.044666666666668,0.0017462165308499,-0.0007548046217268,-0.0369872978568631,0.0726305729837537,17.871000000000002,19.967180988569847,15.774819011430155,0.3423323168088618,0.2345902287010369,0.0005813953488373,-0.0154462242562928,-0.0057770075101096,-0.0114876507754163,0.0116891766217498,0.0113060940025863,0.0420142771864927,26.408450691207165,0.1991471093019576,0.356247812431372,-0.1571007031294143,-9829662.0,34.86474234028184,0.3985714285714282,0.4932553629314988,0.0585365853644264,0.4364963503585913,0.0052295177222545,0.0005813953488373,0.0420142771864927,26.408450691207165,0.2365730437500457,0.0,0.0,0.0,0.5,0.3591703139191877,0.2322534432145167,0.5386665968280417,0.3701332635005883,-0.260899656201272,0.3957070769297229,0.4483168210192041,0.8881235109856079,0.1595072510491676,0.0521841159793438,0.0148952882236274,-0.3861717429282488,0.8620216509913704,0.8881235109856079,0.6412090796029628,1.005121262272443,-0.5079445322081396,-0.0293100396133413,0.0140780133287989,-0.1849793837105592,-0.0581193785013802,-0.0641802080614781,-0.8384338694242601,-1.1171958384071008,0.4114716529843122,-1.41819111631804,0.6162276048452677,1.0992262875827152,-0.8213456313392705,0.4431429333762968,-1.135377003009371,-0.7515346772299423,-0.6438426193381519,-1.104529465092475,0.3567071438842482,0.0140780133287989,0.4114716529843122,-1.41819111631804,0.0095364319372145,0.0,0.0,0.0,0.0,其他,0,0,0.5,1.0,0,0.2382892057026476,-0.00522951772225444,-0.013945380592678802,0.2795918367346939,0.29243353783231085,0.9611451942740287,0.022448979591836733,0.0081799591002045,0.032719836400818,0.5,0.5,0.5,0.5,0.23828920570264767,0.4317718940936864,0.3727087576374745
2025-08-19,17.23,17.32,17.08,17.28,5648574.0,17.182,17.212,17.7775,16.075166666666668,0.0057036433476895,0.0039507320474088,-0.0279848122626915,0.0749499745985007,17.7775,19.79896247215112,15.756037527848878,0.3769455265948412,0.2274180815232457,0.0040674026728646,0.0005790387955992,-0.0063254744105807,-0.0976501305483027,0.0107849177574453,0.0112794083715331,0.0349087060314247,37.96296293835739,0.1836381762054628,0.3217258851861902,-0.1380877089807273,-4181088.0,41.70059887928742,0.3485714285714282,0.468495906402172,0.0756097560957173,0.446715328460632,0.0167824074074074,0.0040674026728646,0.0349087060314247,37.96296293835739,-0.0450053002906283,0.0,0.0,0.0,0.5,0.3666050756755857,0.2319547048494216,0.5066396067965555,0.3980718134539022,-0.2965413554914494,0.3960048180780578,0.4426803178206616,0.8386877981940773,0.1827807146569497,0.1363488512311309,0.0873376916981646,-0.274804025136622,0.8838860807694119,0.8386877981940773,0.5822800952495374,0.9909915166788876,-0.4017930430425524,-0.0805141788989933,0.1007370466349804,-0.0127053100130747,-0.0629527419100075,-0.7027967313910385,-0.8746813588928273,-1.115355305805113,-0.0144147744385151,-0.7137299912409345,0.5818333481938368,1.0117759324662112,-0.7229889594834942,0.5554299537897087,-0.7188571191759702,-0.846974477032227,-0.6719229854401458,-1.0523965094017926,0.3980770947069538,0.1007370466349804,-0.0144147744385151,-0.7137299912409345,-0.1317241307636087,0.0,0.0,0.0,0.0,其他,0,0,0.5,1.0,0,0.3991853360488798,-0.02199074074074092,-0.0023148148148149916,0.47551020408163264,0.012269938650306749,0.9202453987730062,0.11632653061224489,0.010224948875255624,0.05112474437627812,0.5,0.5,0.5,0.5,0.39918533604887985,0.38085539714867617,0.4215885947046843
2025-08-20,17.28,17.29,17.1,17.29,4705506.0,17.189999999999998,17.226,17.5885,16.103333333333335,0.0058173356602677,0.0037153140601415,-0.0169713164852034,0.0736907472572965,17.5885,18.893765046687754,16.283234953312245,0.3856554073841014,0.1484225541325677,0.0005787037037034,0.0023188405797101,0.0081632653061225,-0.1794019933554818,0.0107596939410865,0.0102784020007233,0.0248125795418792,44.14893613733586,0.1701922807457521,0.2914191642981026,-0.1212268835523505,524418.0,46.6950407150697,0.3249999999999993,0.3967196089454943,0.1311475409782317,0.4481751824752089,-0.0242914979757083,0.0005787037037034,0.0248125795418792,44.14893613733586,-0.166956828395981,0.0,0.0,0.0,0.5,0.3859434329608975,0.2206960880163884,0.5147808899245513,0.401578894264354,-0.4237415512315332,0.398892795538427,0.4483458926984861,0.7409641772228107,0.2042499749278832,0.138600795778755,0.0835984714184095,-0.1386797599054854,0.868608042734152,0.7409641772228107,0.2699292302352474,1.3120717520533676,-0.3746570991598989,-0.6451834906458976,0.0137637442022439,0.0060119483179822,0.0668989428287711,-1.3058458997144973,-0.8738380363979131,-1.1610580400891173,-0.6192535119806751,-0.3366046198049793,0.5519381452548758,0.9350671946903376,-0.6358208430905181,0.6486651158990357,-0.4147476416746248,-0.8908335590460955,-0.7554966636106528,-0.8900769870775387,0.4034200075802095,0.0137637442022439,-0.6192535119806751,-0.3366046198049793,-0.1928048479386093,0.0,0.0,0.0,0.0,其他,0,0,0.5,1.0,0,0.3177189409368635,-0.04626951995373052,-0.0046269519953729965,0.37142857142857144,0.0,0.787321063394683,0.07142857142857142,0.00408997955010225,0.06952965235173825,0.5,0.5,0.5,0.5,0.31771894093686354,0.4175152749490835,0.4623217922606925
2025-08-21,17.35,17.52,17.23,17.31,8435200.0,17.258,17.252000000000002,17.4835,16.134,0.0030130953760574,0.0033619290517039,-0.0099236422913032,0.0728895500185942,17.4835,18.4709853763072,16.496014623692805,0.4121505977688312,0.1129619785857004,0.0011567379988433,0.0200353565114908,0.0152492668621699,-0.1081916537867079,0.0055395426532801,0.010006854531774,0.0187741093506433,49.99999995882353,0.1593136756904734,0.2649980665765767,-0.1056843908861033,8959618.0,56.27484949255247,0.3171428571428564,0.8793083419291895,0.1878453038570248,0.4510948905043633,-0.0075101097631425,0.0011567379988433,0.0187741093506433,49.99999995882353,0.7926233650536201,0.0,0.0,0.0,0.5,0.4132146600616713,0.3045420856737306,0.5719934062386938,0.4091579312926351,0.082135266079636,0.4276910245160622,0.4594345791874222,0.6861698790582799,0.2276471609859985,0.0785976681087395,0.0780386335626178,-0.0515123113226713,0.8581466431838459,0.6861698790582799,0.1238823484595125,1.4377298421869866,-0.2932772877014425,-0.8973027795289557,0.0281547031504039,0.1966714882743639,0.130360709938068,-0.7754810902991834,-1.0913230533643892,-1.1709006047356505,-0.9794880949330208,0.0200310369030023,0.5276209031371448,0.8681952536438539,-0.5555304020342354,0.8162794812784515,0.1677810140498729,-0.9040594651559408,-0.1828058952292978,-0.7249992448098508,0.4147663605742539,0.0281547031504039,-0.9794880949330208,0.0200310369030023,0.2899210534572405,0.0,0.0,0.0,0.0,其他,0,0,0.5,1.0,0,0.5723014256619144,-0.03986135181975725,-0.02541883304448278,0.3142857142857143,0.006134969325153374,0.6728016359918201,0.12448979591836734,0.24130879345603273,0.08997955010224949,0.5,0.5,0.5,0.5,0.5723014256619144,0.4745417515274949,0.4623217922606925
2025-08-22,17.34,17.38,17.13,17.2,5874500.0,17.258000000000003,17.246,17.4285,16.160166666666665,-0.0033607602271412,-0.002667285167575,-0.0131107094701208,0.0643454584833078,17.4285,18.344447022140432,16.512552977859567,0.3752657116000245,0.1051091054462721,-0.0063547082611207,0.0,-0.003476245654693,-0.0601092896174864,0.0038385175684119,0.0095061141788138,0.0143283750235151,46.96132593052717,0.1402000828330294,0.2400384698278672,-0.0998383869948378,3085118.0,55.9035409897954,0.3121428571428564,0.716838386037245,0.1270718231973994,0.4350364963440138,-0.0145348837209302,-0.0063547082611207,0.0143283750235151,46.96132593052717,-0.3035731221547799,0.0,0.0,0.0,0.5,0.4086516507667284,0.2528756915567628,0.5264191363963213,0.3637304397573604,-0.2653310864477872,0.4270719010824564,0.4560292889872092,0.65692618716028,0.2475565531202009,-0.0576609426218551,-0.0152512037003357,-0.0908348870655898,0.7674655672924807,0.65692618716028,0.0800608391984708,1.4422326115745,-0.405534417687624,-0.9512947132838772,-0.1593300773654961,-0.0194598644071418,-0.0379401293776687,-0.4176370583665617,-1.159781560693609,-1.1918472975282772,-1.2424788896447974,-0.1652171639127024,0.4855737249422496,0.805144361724819,-0.5248254127612095,0.6970857336964144,0.1449810000098027,-0.9116969871160298,-0.3752227404439619,-0.8984620966287252,0.3479310033818601,-0.1593300773654961,-1.2424788896447974,-0.1652171639127024,-0.2622468641090641,0.0,0.0,0.0,0.0,其他,0,0,0.5,1.0,0,0.5356415478615071,-0.010465116279069764,-0.02034883720930225,0.18979591836734694,0.03885480572597137,0.46421267893660534,0.11836734693877551,0.130879345603272,0.08588957055214724,0.5,0.5,0.5,0.5,0.5356415478615071,0.6435845213849287,0.5213849287169042
2025-08-25,17.17,17.35,17.17,17.3,5823232.0,17.276,17.228,17.354499999999998,16.191166666666668,0.0013892104653856,0.0041792430926399,-0.0031403958627443,0.0684838440713557,17.354499999999998,18.01392478921487,16.695075210785127,0.4586761061024456,0.0759946744891608,0.0058139534883721,0.0052295177222545,-0.0102974828375286,-0.0788072417465388,0.0046600203896953,0.0086638648580465,0.0127802614661391,47.54098357018723,0.131604531929522,0.2183516822481982,-0.0867471503186761,8908350.0,55.735096324535895,0.3049999999999994,0.7789303859271735,0.2088607594804527,0.4496350364897863,-0.0104046242774565,0.0058139534883721,0.0127802614661391,47.54098357018723,-0.0087272108264533,0.0,0.0,0.0,0.5,0.3403945133119241,0.2415523002076556,0.5434847356478453,0.4040476418851536,-0.2719489953381357,0.4342439684362313,0.4471924826715875,0.6180796989798822,0.2712051759996771,0.0440062429055722,0.0907252467194562,0.0326597411663462,0.8086790899135767,0.6180796989798822,-0.0342362740468699,1.5478475001738532,-0.1498535436235551,-1.1566238962891244,0.1449026356983395,0.0369840087947184,-0.099217389319766,-0.5557700023772171,-1.1219937038638472,-1.2292734497571869,-1.3306857341377063,-0.1296306648321383,0.4662874809016684,0.7503181799016138,-0.4571585220582251,0.8124270443651499,0.134538079943845,-0.9234632396110436,-0.3009801140939159,-0.6609618556561778,0.4075918255006595,0.1449026356983395,-1.3306857341377063,-0.1296306648321383,-0.113329303622579,0.0,0.0,0.0,0.0,其他,0,0,0.5,1.0,0,0.6191446028513238,-0.005780346820809301,-0.04104046242774573,0.23673469387755103,0.014314928425357873,0.34151329243353784,0.12244897959183673,0.07157464212678936,0.1165644171779141,0.5,0.5,0.5,0.5,0.6191446028513238,0.6476578411405295,0.4786150712830957
2025-08-26,17.3,17.87,17.17,17.57,11708646.0,17.334,17.258,17.3055,16.2265,0.013614860966886,0.018078572256345,0.0152841582155962,0.0827966597849196,17.3055,17.671040695408173,16.939959304591824,0.8617928225727002,0.0422456092463162,0.015606936416185,0.0167824074074074,0.0173711638679792,-0.0528301886792452,0.0081082499330982,0.0091517997463985,0.0133415811774777,61.29032253451271,0.1449088207438187,0.2036631099473223,-0.0587542892035035,20616996.0,66.19130591390129,0.3349999999999993,1.6193866455066317,0.722891566177965,0.4890510948833715,-0.0381331815594764,0.015606936416185,0.0133415811774777,61.29032253451271,1.0106782625181343,0.0,0.0,0.0,0.5,0.3917492726380423,0.4320600767803649,0.5426355358586763,0.5137682971349031,0.5284355771723177,0.4587355551565431,0.4601377197813734,0.5920427519148446,0.2982068823490637,0.3057327935945334,0.3059531482504524,0.2608852287138504,0.9552605725841488,0.5920427519148446,-0.1528064860304127,1.689974976535543,1.0834395719337009,-1.3933093607394336,0.3896334528033146,0.1617288695294096,0.1499600928229912,-0.3618847616740645,-0.9741931994232512,-1.201723309146041,-1.2926192914570962,0.7102684674371538,0.4943583437330868,0.7128277847638101,-0.3133454504245738,1.045078313980462,0.7714081230559204,-0.8631386424101538,0.6981459645817927,0.8234130358533222,0.5696181430162031,0.3896334528033146,-1.2926192914570962,0.7102684674371538,0.4011144518026247,0.0,0.0,0.0,0.0,其他,0,0,0.5,1.0,0,0.4236252545824847,-0.019920318725099695,-0.06659077973819016,0.3979591836734694,0.034764826175869123,0.3537832310838446,0.39591836734693875,0.8244897959183674,0.2755102040816326,0.5,0.5,0.5,0.5,0.42362525458248473,0.5824847250509165,0.4378818737270876
2025-08-27,17.62,17.7,16.81,16.87,10481312.0,17.25,17.22,17.259,16.252,-0.0220289855072463,-0.0203252032520323,-0.0225389651775884,0.0380260890967267,17.259,17.595101488431403,16.922898511568597,-0.0786942536428594,0.0389479678346898,-0.0398406374501991,-0.0242914979757083,-0.0220289855072463,-0.0522471910112359,0.0211826341190905,0.0160774840583263,0.0132538573666128,46.34146338826097,0.0978405704331564,0.1824986020444891,-0.0846580316113327,10135684.0,62.7193242342549,0.3785714285714281,1.5101629275517914,0.0,0.3868613138629656,-0.0225251926496741,-0.0398406374501991,0.0132538573666128,46.34146338826097,-0.1048228804594485,0.0,0.0,0.0,0.5,0.518841776333264,0.3690093050229172,0.3805652258578132,0.2267295307303339,0.3607171703455318,0.4216440174409588,0.4421996665097906,0.5673283692158443,0.3175585730573353,-0.4586912725330727,-0.2901438546127846,-0.2086359632203958,0.4877673687269639,0.5673283692158443,-0.1789099126427789,1.6714442862424763,-1.7906190681730243,-1.4115493797255718,-0.9981187602867356,-0.2826555269695738,-0.205306100436631,-0.3570306528588029,-0.4219822471438257,-0.8608688075635018,-1.2934733569929917,-0.2046579001920958,0.3917799849335903,0.6595098227437173,-0.4455425151269329,0.8327617076944291,0.5584056640823158,-0.7766805423793524,0.5670987220180274,-1.2632468644602737,0.1461778854748758,-0.9981187602867356,-1.2934733569929917,-0.2046579001920958,-0.1628141227544044,0.0,0.0,0.0,0.0,其他,0,0,0.5,1.0,0,0.5743380855397149,0.01956135151155891,-0.023710729104920114,0.3163265306122449,0.07959183673469387,0.2653061224489796,0.26326530612244897,0.7142857142857143,0.15306122448979592,0.5,0.5,0.5,0.5,0.5743380855397149,0.6517311608961304,0.5010183299389002
2025-08-28,17.17,17.5,16.62,17.18,9068513.0,17.224,17.241,17.2425,16.2835,-0.0025545750116117,-0.0035380778377124,-0.0036247643903146,0.0550557312617066,17.2425,17.55851965295234,16.926480347047658,0.4011137448949466,0.0366558971089469,0.0183758150563129,-0.0075101097631425,0.0123747790218031,-0.0188463735008567,0.0236353511042206,0.0164202619196562,0.0136298967695622,48.437499973510704,0.0845780886178708,0.1629144993591655,-0.0783364107412946,19204197.0,52.10473681678712,0.406428571428571,1.306243357520419,0.4428571427938761,0.4321167883148595,-0.0325960419091966,0.0183758150563129,0.0136298967695622,48.437499973510704,-0.1347921901380285,0.0,0.0,0.0,0.5,0.33838899903359,0.2949640957984722,0.2948318990912688,0.3533874165274182,0.1678101235357794,0.409758042818593,0.4510949760638181,0.5579653330507859,0.3415669623569401,-0.0402185495503335,-0.0290765429263495,0.0265463290309041,0.6641154285819272,0.5579653330507859,-0.1913626840264145,1.665650199187353,-0.3231547362149021,-1.4224853891961564,0.4607980894004989,-0.1006149343252699,0.1053764201151506,-0.1077156339607851,-0.3179727678440089,-0.842306987601056,-1.2667734222560962,-0.076086942786735,0.3625073219948989,0.6101892313323168,-0.4125118535035297,1.012578947151856,-0.0904434472579199,-0.7210074159222357,0.3235448054362422,0.0166348767716418,0.3333486986178591,0.4607980894004989,-1.2667734222560962,-0.076086942786735,-0.1777672161147558,0.0,0.0,0.0,0.0,其他,0,0,0.5,1.0,0,0.384928716904277,0.0034924330616996624,-0.051222351571594826,0.5714285714285714,0.1469387755102041,0.32448979591836735,0.3673469387755102,0.5795918367346938,0.4326530612244898,0.5,0.5,0.5,0.5,0.384928716904277,0.4847250509164969,0.31568228105906315
2025-08-29,17.12,17.19,16.94,16.95,5295508.0,17.174,17.216,17.2245,16.312,-0.0130429719343193,-0.0154507434944238,-0.0159366019332927,0.0391123099558605,17.2245,17.564436526582167,16.88456347341783,0.0962481543693809,0.0394712794658996,-0.0133876600698487,-0.0145348837209302,-0.0145348837209302,-0.020797227036395,0.0242150438637663,0.0164064027196122,0.0137168609497871,39.68871593168706,0.054875824077488,0.14130676430283,-0.0864309402253419,13908689.0,43.65424003668341,0.3814285714285712,0.76942749733278,0.1142857142693854,0.3985401459795832,0.0041297935103246,-0.0133876600698487,0.0137168609497871,39.68871593168706,-0.4160555319267889,0.0,0.0,0.0,0.5,0.3179479120878241,0.1804421959069877,0.4381081410497247,0.2586304985953584,-0.3469491593387386,0.3874560166214014,0.4390575782284379,0.5478537182716255,0.3632254629993865,-0.2655006356411188,-0.2142664668576114,-0.1265949019892598,0.4967618301596356,0.5478537182716255,-0.1890597282494011,1.6324981919086756,-1.2522759839251207,-1.3971665022077095,-0.3358781738696952,-0.1766374496717528,-0.1378581929862095,-0.1221316490158429,-0.2930780113458558,-0.8412162586951523,-1.2574612794123317,-0.6119634418454272,0.297597393458747,0.5559703464912169,-0.4534485529631349,0.9041581648060174,-0.6067057443845081,-0.7682614064239828,-0.3167098329621362,-0.9319761513254156,0.1936404813532107,-0.3358781738696952,-1.2574612794123317,-0.6119634418454272,-0.3199183873881129,0.0,0.0,0.0,0.0,其他,0,0,0.5,1.0,0,0.6741344195519349,0.00943952802359882,-0.017699115044247815,0.5346938775510204,0.15918367346938775,0.3122448979591837,0.26326530612244897,0.2816326530612245,0.3122448979591837,0.5,0.5,0.5,0.5,0.6741344195519349,0.5173116089613035,0.5926680244399185
2025-09-01,16.93,17.2,16.9,17.12,4872661.0,17.137999999999998,17.207,17.215,16.345333333333333,-0.0010502975843154,-0.0050560818271633,-0.0055184432181236,0.0473937515294886,17.215,17.555494995711754,16.874505004288245,0.3604972154767427,0.0395579431553617,0.0100294985250739,-0.0104046242774565,-0.0052295177222544,-0.0109763142692084,0.024654394193246,0.0167967636358078,0.0139353978543025,47.03557309650208,0.0445407071404062,0.1219535528703452,-0.077412845729939,18781350.0,50.14114897504477,0.3807142857142856,0.7102731756665958,0.3571428570918371,0.4233576642273963,0.0046728971962615,0.0100294985250739,0.0139353978543025,47.03557309650208,-0.0798501295815246,0.0,0.0,0.0,0.5,0.241478986290571,0.1839062069995115,0.419512433992688,0.3280674458009562,-0.4041898092708919,0.3712606225935106,0.4343197775105637,0.5421056279801,0.388637227404868,-0.007214326213779,-0.0521813703711774,0.0032853448040869,0.582244038537509,0.5421056279801,-0.19192284382135,1.6189691317334485,-0.4433377364546024,-1.3913966137703169,0.2520987279622266,-0.1315947033187706,-0.0535203651189101,-0.0486210205435479,-0.27412547515844,-0.8204026008945658,-1.2404217270770377,-0.1605283536643676,0.2747685957889129,0.5073875503825067,-0.406499265090775,0.999724619478438,-0.2090335722687555,-0.7681441569747701,-0.3868334867384691,-0.2287900954179793,0.2963859563035573,0.2520987279622266,-1.2404217270770377,-0.1605283536643676,-0.1491253737943063,0.0,0.0,0.0,0.0,其他,0,0,0.5,1.0,0,0.6272912423625254,-0.008761682242990787,-0.008761682242990787,0.6183673469387755,0.22448979591836735,0.3020408163265306,0.39387755102040817,0.23265306122448978,0.42244897959183675,0.5,0.5,0.5,0.5,0.6272912423625254,0.4317718940936864,0.6272912423625254
2025-09-02,17.11,17.11,16.69,16.9,5103073.0,17.003999999999998,17.169,17.1905,16.381999999999998,-0.0061162079510702,-0.0156677733123654,-0.0168988685611239,0.0316200708094249,17.1905,17.548063391508204,16.832936608491796,0.0937783244754884,0.0416001153551234,-0.0128504672897197,-0.0381331815594764,-0.0219907407407409,-0.0281771132834963,0.022836615217152,0.0171456901653111,0.0141462290392218,43.58974356738986,0.0183859493447968,0.1012400321652355,-0.0828540828204387,13678277.0,50.15021707663574,0.3914285714285712,0.7492985484644338,0.042857142851017,0.3912408759066969,0.0189349112426036,-0.0128504672897197,0.0141462290392218,43.58974356738986,0.0472866879103635,0.0,0.0,0.0,0.5,0.3133047347526491,0.1504620100422242,0.3244629527502683,0.2372494566566729,-0.3721550528600099,0.3124030619753216,0.4163684499263866,0.5286932588649397,0.4166303284487829,-0.1163055625479449,-0.2175101768044582,-0.1385977943824642,0.4165231931499017,0.5286932588649397,-0.1942608907214124,1.5866823082261223,-1.2559219342980632,-1.3718758362913326,-0.3229254311379669,-0.4326416507389253,-0.2052397631675844,-0.1771967692676506,-0.3506749337182349,-0.8016848563755626,-1.2239769222730246,-0.3718997072755309,0.2175559295975205,0.4555050882943489,-0.4338975024354514,0.8951962082013606,-0.2082099399363683,-0.7457893066225824,-0.3396801121739797,-1.1362211362484511,0.1624382387977684,-0.3229254311379669,-1.2239769222730246,-0.3718997072755309,-0.0844310950104675,0.0,0.0,0.0,0.0,其他,0,0,0.5,1.0,0,0.7230142566191446,0.020118343195266286,-0.0011834319526626835,0.42244897959183675,0.22040816326530613,0.30612244897959184,0.35918367346938773,0.21224489795918366,0.3979591836734694,0.5,0.5,0.5,0.5,0.7230142566191446,0.5804480651731161,0.6109979633401222
2025-09-03,16.85,16.97,16.41,16.49,4060754.0,16.928,17.089,17.1575,16.409666666666666,-0.025874291115312,-0.0350517876996898,-0.0389042692699985,0.0048954884316154,17.1575,17.63313254281951,16.681867457180488,-0.2016971505176504,0.0554431056758547,-0.0242603550295857,-0.0225251926496741,-0.0462695199537305,-0.0384839650145772,0.0178435462837836,0.0184650328813514,0.0148092439015124,41.60839158802387,-0.0350217492055513,0.0739876758910781,-0.1090094250966295,9617523.0,51.411325725283845,0.4049999999999998,0.6070199843129419,0.0,0.3313868613090305,0.0430563978168587,-0.0242603550295857,0.0148092439015124,41.60839158802387,-0.2042532019432212,0.0,0.0,0.0,0.5,0.2085916037897391,0.0985442102965963,0.1979209315050286,0.0682825577950604,-0.5141561568195575,0.2788580999029052,0.3792661390585798,0.5109482689842478,0.437567481761829,-0.5420020547247406,-0.5195674509262508,-0.4130220513329102,0.1363864201889539,0.5109482689842478,-0.1643677897240135,1.4890558229988222,-2.1448015936667577,-1.2692179112324462,-0.6092044383183213,-0.2623324219835445,-0.425031888023254,-0.2541335017289239,-0.5615812910915418,-0.7355992101632683,-1.1808477785409208,-0.4931142028218419,0.1010292468464554,0.3875137108407927,-0.5677923529849862,0.8119268809779718,-0.1306053122518213,-0.717933786114832,-0.5092535252946564,-1.256300911541088,-0.0869775752178205,-0.6092044383183213,-1.1808477785409208,-0.4931142028218419,-0.212115430962011,0.0,0.0,0.0,0.0,其他,0,0,0.5,1.0,0,0.7209775967413442,0.043662825955124385,0.027289266221952824,0.573469387755102,0.29183673469387755,0.29183673469387755,0.336734693877551,0.21020408163265306,0.35306122448979593,0.5,0.5,0.5,0.5,0.7209775967413442,0.6130346232179226,0.5845213849287169
2025-09-04,16.51,16.82,16.42,16.62,5093300.0,16.816,17.02,17.136,16.44033333333333,-0.0116555661274975,-0.0235017626321973,-0.030112044817927,0.0109284077776201,17.136,17.667666694164385,16.604333305835613,0.0147335674162714,0.0620526020262935,0.0078835657974531,-0.0325960419091966,-0.0398613518197572,-0.0252199413489735,0.014860251798871,0.0188160757273703,0.0149324624225684,39.49275360315589,-0.066095909047501,0.0459709589033623,-0.1120668679508634,14710823.0,45.469380626931766,0.4092857142857141,0.7652441213710862,0.1203703703592271,0.3503649634985349,0.0373044524669072,0.0078835657974531,0.0149324624225684,39.49275360315589,0.2542744524785298,0.0,0.0,0.0,0.5,0.0717560112373285,0.0429280933170941,0.2021868712239462,0.1217486016970954,-0.3720916655356371,0.2296115154697744,0.3472154841320821,0.4991247348437403,0.4608305610705834,-0.2344883149400813,-0.3384882186063744,-0.30261036705229,0.1993823541338016,0.4991247348437403,-0.1521098194580646,1.4365990212134168,-1.4797011029179297,-1.2184379243358137,0.2004733452858083,-0.3716193664981252,-0.366294252797005,-0.1543737288948932,-0.6870145476719851,-0.7170510339831557,-1.1700233728922629,-0.6224105104809315,0.0331817057353171,0.3176751839523964,-0.5826334382875937,0.9124026817703468,-0.4951715619797819,-0.708249363422183,-0.3191724155276209,-0.905831716297758,-0.0077360872535426,0.2004733452858083,-1.1700233728922629,-0.6224105104809315,0.0213615886579346,0.0,0.0,0.0,0.0,其他,0,0,0.5,1.0,0,0.6089613034623218,0.01504211793020449,0.026474127557159832,0.3836734693877551,0.3795918367346939,0.2938775510204082,0.35714285714285715,0.37755102040816324,0.4530612244897959,0.5,0.5,0.5,0.5,0.6089613034623218,0.5112016293279023,0.5458248472505092
2025-09-05,16.61,17.03,16.53,17.02,5097889.0,16.83,17.002000000000002,17.124000000000002,16.482166666666664,0.0112893642305407,0.0010586989765908,-0.0060733473487504,0.0326312276905342,17.124000000000002,17.654715505113522,16.593284494886483,0.4020190676189504,0.0619849924212123,0.0240673886883271,0.0041297935103246,-0.0104651162790697,-0.0139049826187718,0.019306328779273,0.0207361846867775,0.0157023391119254,46.98412696324513,-0.057779699133956,0.0252208272958986,-0.0830005264298547,19808712.0,44.84211226019018,0.4328571428571425,0.7956433504559313,0.490740740695302,0.4087591240816238,0.0052878965922444,0.0240673886883271,0.0157023391119254,46.98412696324513,0.0009009875719081,0.0,0.0,0.0,0.5,0.1118901530473588,0.1206668158191742,0.2516005429806818,0.2865372527647117,-0.3709617485201454,0.2354409362163031,0.338511984253829,0.4921937468665736,0.4928092729721751,0.2615017577317518,0.0459512858124718,-0.001515462114298,0.4266419119766,0.4921937468665736,-0.1564410809306058,1.4245290950554543,-0.3014889281485922,-1.2151653515977765,0.6077330780347169,0.029158079542404,-0.0987621385805579,-0.0692507431491083,-0.4973989663828215,-0.6217330377167996,-1.1209511270987471,-0.1602772909295926,0.0512895502834613,0.2658656964269862,-0.4319952239146928,1.012544295780271,-0.532935678848046,-0.6609761345793439,-0.2823176091949673,0.1662298319333229,0.2360462104360551,0.6077330780347169,-1.1209511270987471,-0.1602772909295926,-0.1076921850359253,0.0,0.0,0.0,0.0,其他,0,0,0.5,1.0,0,0.3285714285714285,-0.00998824911868379,0.006462984723854204,0.6748466257668712,0.40081799591002043,0.32719836400818,0.49693251533742333,0.5828220858895705,0.5828220858895705,0.5,0.5,0.5,0.5,0.32857142857142857,0.4204081632653061,0.5489795918367347
2025-09-08,17.08,17.2,17.0,17.2,4054089.0,16.846,16.991999999999997,17.11,16.525,0.0210138905378129,0.0122410546139359,0.0052600818234951,0.0408472012102874,17.11,17.615339906451197,16.6046600935488,0.5890489735642781,0.0590695390354464,0.0105757931844887,0.0046728971962615,-0.0057803468208093,-0.0160183066361556,0.0193718229374725,0.0209598456600654,0.0156126220020397,48.77300611402384,-0.0362467175876268,0.0129273183191935,-0.0491740359068204,23862801.0,47.47474816615359,0.4299999999999994,0.658486325850571,0.657407407346536,0.4350364963440138,-0.0133720930232558,0.0105757931844887,0.0156126220020397,48.77300611402384,-0.2047514176946575,0.0,0.0,0.0,0.5,0.3009855409534369,0.1835652401232445,0.4636562418828447,0.3604570821905768,-0.5135919979766332,0.2421448636736625,0.3334779943215943,0.4842461265759267,0.5255299601133846,0.471401381234435,0.2209442125106241,0.1404394100050732,0.5121467555061997,0.4842461265759267,-0.1700140590132619,1.4260101368093,0.2675916972391474,-1.232010761275251,0.266802933188734,0.0350504938840735,-0.0560263778226517,-0.0850467550457012,-0.4938787998903067,-0.6097299056225274,-1.1231342313231627,-0.0497788362184855,0.0982720738833968,0.2350439017784824,-0.2569018543925075,1.091280609516433,-0.3702699057871829,-0.6653963855271041,-0.4464208694900792,0.6481963496510263,0.3455148817533546,0.266802933188734,-1.1231342313231627,-0.0497788362184855,-0.2124052325647758,0.0,0.0,0.0,0.0,其他,0,0,0.5,1.0,0,0.2688391038696537,-0.035465116279069786,0.013953488372093092,0.6244897959183674,0.3673469387755102,0.3040816326530612,0.49183673469387756,0.2857142857142857,0.5612244897959183,0.5,0.5,0.5,0.5,0.26883910386965376,0.3319755600814664,0.6496945010183299
2025-09-09,17.22,17.32,17.08,17.22,3670075.0,16.91,16.957,17.107499999999998,16.568833333333334,0.0183323477232406,0.0155098189538243,0.006576063130206,0.0393006950801202,17.107499999999998,17.60999378105552,16.605006218944478,0.6119416838378509,0.0587454369197817,0.0011627906976743,0.0189349112426036,-0.0199203187250996,-0.0028951939779965,0.0178020749125482,0.0202203707805305,0.0153860146861764,48.92966358761421,-0.0173676383979106,0.0068683269757726,-0.0242359653736833,27532876.0,49.659187251395,0.4335714285714283,0.6081011501741379,0.6759259258633394,0.4379562043731683,0.0011614401858304,0.0011627906976743,0.0153860146861764,48.92966358761421,-0.0947226368242039,0.0,0.0,0.0,0.5,0.3570135660255004,0.2278908730709763,0.4991620800539907,0.3682392033116098,-0.565513101746466,0.2698708824083934,0.3169879422930715,0.4822235792509212,0.5589864210554236,0.4127024288816486,0.2718863251538446,0.1567649797174195,0.4950231362204415,0.4822235792509212,-0.1716704473284161,1.420888854013027,0.3369085902466052,-1.230471980236051,0.0288775978657997,0.190839213061595,-0.1847353097127302,0.0138064373059324,-0.5598049217137988,-0.6449854707235915,-1.1334197728028574,-0.0400469009015702,0.1394478350227054,0.2197091120204315,-0.1277596441218186,1.1618763824746716,-0.2352793910744443,-0.6572535320956103,-0.506222817211801,0.7006215788832262,0.3572001049850215,0.0288775978657997,-1.1334197728028574,-0.0400469009015702,-0.155988071861154,0.0,0.0,0.0,0.0,其他,0,0,0.5,1.0,0,0.3727087576374745,-0.04761904761904767,0.07200929152148672,0.7224489795918367,0.4673469387755102,0.2857142857142857,0.5551020408163265,0.34285714285714286,0.5897959183673469,0.5,0.5,0.5,0.5,0.3727087576374745,0.3380855397148676,0.7983706720977597
2025-09-10,17.3,17.3,17.06,17.2,2695295.0,17.052,16.990000000000002,17.105,16.612166666666667,0.0086793338024864,0.0123602118893464,0.0055539315989476,0.0353857112758719,17.105,17.604999999999475,16.605000000000526,0.5949999999405987,0.0584624378832564,-0.0011614401858304,0.0430563978168587,0.0195613515115589,-0.0028985507246377,0.0099273663168189,0.0152219497897574,0.0153860276628021,48.31804279276904,-0.0039738568287823,0.0046998902148616,-0.008673747043644,24837581.0,42.8421735222656,0.43,0.4552850639955164,0.657407407346536,0.4350364963440138,0.0005813953488373,-0.0011614401858304,0.0153860276628021,48.31804279276904,-0.2656022015898858,0.0,0.0,0.0,0.5,0.3888074909277864,0.2201763105255752,0.4893794457759886,0.3594777363055829,-0.6984292771580708,0.3317841898338483,0.3317133226861029,0.4802058383329683,0.5919944971723653,0.2030103078788298,0.2221268653677892,0.1437347521359678,0.4530246832246145,0.4802058383329683,-0.1732038823903486,1.4156144608649226,0.2848320968171245,-1.228662148940466,-0.0298961923287222,0.4543769694070341,0.175493986193968,0.0137641306490475,-0.8932901836850986,-0.8890106486815507,-1.1302267884841055,-0.0778030203617679,0.1686090339715958,0.214048803354873,-0.0471166650503411,1.1047802090909489,-0.6549513912548935,-0.6630938588556762,-0.6888988584734445,0.6457418182590255,0.3444219331042871,-0.0298961923287222,-1.1302267884841055,-0.0778030203617679,-0.2431107886383924,0.0,0.0,0.0,0.0,其他,0,0,0.5,1.0,0,0.4032586558044806,-0.04244186046511633,0.0627906976744188,0.7204081632653061,0.47551020408163264,0.2816326530612245,0.563265306122449,0.19795918367346937,0.573469387755102,0.5,0.5,0.5,0.5,0.40325865580448067,0.27494908350305497,0.8126272912423625
2025-09-11,17.18,17.24,16.91,17.24,3671900.0,17.176,16.996,17.118499999999997,16.6615,0.0037261294829995,0.0143563191339137,0.0070975844846219,0.0347207634366653,17.118499999999997,17.617732041818652,16.619267958181343,0.6216869008399576,0.0583266106044032,0.0023255813953488,0.0373044524669072,0.0034924330616996,0.0159104301708898,0.0103179224109434,0.0141143883508331,0.0149098318657587,50.62499997785155,0.0097560159883798,0.0057111153695653,0.0040449006188145,28509481.0,44.03294310388885,0.4357142857142855,0.6327698656030513,0.6944444443801429,0.4408759124023226,-0.0214617169373548,0.0023255813953488,0.0149098318657587,50.62499997785155,0.3623369612602702,0.0,0.0,0.0,0.5,0.3398329505561544,0.1975811792796543,0.4207233156768846,0.3755593245499672,-0.5630846762476726,0.3857638706359007,0.3340288625599774,0.486435949064629,0.6296527398527992,0.0953040161814759,0.2531981028283536,0.1629587485702603,0.4452831211853436,0.486435949064629,-0.1685161830711161,1.418911668026022,0.3658496058919856,-1.2258366407018757,0.058369995396949,0.3907838657419265,0.0285867149773874,0.1556278473869364,-0.8748121733206664,-0.9413810269794832,-1.1552492320157015,0.0650603318112333,0.19850347828659,0.2163028083118554,0.0188012043212218,1.1752966174818136,-0.5804542619810512,-0.6507616011329954,-0.4744251437790696,0.7518723842717938,0.3683849676589469,0.058369995396949,-1.1552492320157015,0.0650603318112333,0.0784237839053937,0.0,0.0,0.0,0.0,其他,0,0,0.5,1.0,0,0.4244897959183673,-0.054524361948955824,0.012180974477958184,0.6073619631901841,0.4458077709611452,0.2883435582822086,0.558282208588957,0.2229038854805726,0.5276073619631901,0.5,0.5,0.5,0.5,0.42448979591836733,0.3020408163265306,0.7489795918367347
2025-09-12,17.29,17.39,17.07,17.11,4245953.0,17.194,17.012,17.113999999999997,16.709666666666667,-0.0048854251483074,0.0057606395485538,-0.0002337267734017,0.0239581878752817,17.113999999999997,17.611759189293164,16.61624081070683,0.495981992763131,0.058169824621977,-0.0075406032482597,0.0052878965922444,0.0094395280235988,-0.0052325581395348,0.0065396288700939,0.0135893281720999,0.0147121268823437,47.058823509014736,0.0100314888110801,0.0065751900578682,0.0034562987532118,24263528.0,42.890842943659926,0.4457142857142856,0.7350978936684535,0.574074074020919,0.3999999999939392,-0.0151957919345411,-0.0075406032482597,0.0147121268823437,47.058823509014736,0.1563367738772842,0.0,0.0,0.0,0.5,0.3838489159891825,0.2532146646422306,0.4926891949005869,0.3211896679086992,-0.4832785716602245,0.3931471763107971,0.3409435229083847,0.4833792122061522,0.6663135464047969,-0.0918653552313298,0.1177125929627392,0.0704845357233036,0.3311307557967173,0.4833792122061522,-0.1704031608136941,1.411880536174131,-0.0185604595570691,-1.2231863391092002,-0.191626510854764,0.0393885717084532,0.0829097865387496,-0.0042478074935806,-1.033281181174347,-0.9649846141258293,-1.1636373682483565,-0.1559797563848894,0.1988668241732088,0.2181906734411797,0.015727588017307,1.0871896481147187,-0.6499428158942839,-0.630067566192297,-0.3505830071104097,0.4014801843485147,0.1961729960456852,-0.191626510854764,-1.1636373682483565,-0.1559797563848894,-0.0271804698972777,0.0,0.0,0.0,0.0,其他,0,0,0.5,1.0,0,0.5661914460285132,-0.02688486265341905,0.05201636469900639,0.32857142857142857,0.35306122448979593,0.2897959183673469,0.5244897959183673,0.42244897959183675,0.45918367346938777,0.5,0.5,0.5,0.5,0.5661914460285132,0.5906313645621182,0.8329938900203666
2025-09-15,17.12,17.14,16.96,16.97,2610648.0,17.148,16.997,17.102,16.751333333333335,-0.0103802192675531,-0.0015885156204036,-0.0077183955092972,0.013053687268675,17.102,17.60158298399186,16.60241701600814,0.3678898158399436,0.0584239251536591,-0.0081823495032145,-0.0133720930232558,-0.0087616822429907,-0.0139453805926788,0.0048997505086126,0.0134680248813212,0.0148190509582443,40.32258062695107,-0.0010350950322326,0.0050531330398481,-0.0060882280720807,21652880.0,31.449915071089123,0.4085714285714285,0.4652871943362974,0.4444444444032918,0.354330708655837,-0.0223924572775485,-0.0081823495032145,0.0148190509582443,40.32258062695107,-0.3851443951452123,0.0,0.0,0.0,0.5,0.3145542368501304,0.1596726312938694,0.4420572479716728,0.2626952898311391,-0.7075924039996063,0.372386695796834,0.3335844691364649,0.4764570861006017,0.6977761339345329,-0.2112432690619088,0.0018575666061756,-0.0239217615524541,0.2155334908172812,0.4764570861006017,-0.1737695719442377,1.3984998076391923,-0.4101899571702146,-1.217673027341484,-0.2076676034614926,-0.1654279591492466,-0.0837516469001179,-0.0701281541500509,-1.1002708825904026,-0.9687024067364892,-1.15396235672705,-0.5734477256754336,0.1743114165053332,0.21412809996599,-0.0338330758686595,1.0322427957493685,-1.353096148207889,-0.7017658081333593,-0.6749959832273869,0.0243316907407194,0.0038181357601197,-0.2076676034614926,-1.15396235672705,-0.5734477256754336,-0.3047870503542297,0.0,0.0,0.0,0.0,其他,0,0,0.5,1.0,0,0.539714867617108,0.0,0.06953447259870349,0.2673469387755102,0.37142857142857144,0.2816326530612245,0.39183673469387753,0.08163265306122448,0.40408163265306124,0.5,0.5,0.5,0.5,0.539714867617108,0.6934826883910387,0.8370672097759674
2025-09-16,16.96,17.24,16.86,17.24,3951100.0,17.151999999999997,17.031,17.099999999999998,16.793166666666668,0.0051305970149253,0.0122717397686571,0.008187134502924,0.0266080449389134,17.099999999999998,17.596895626019556,16.60310437398044,0.6408746551639022,0.0581164474873277,0.0159104301708898,0.0011614401858304,0.0201183431952662,-0.0023148148148149,0.009789601964728,0.0136775588540802,0.0152457066359073,56.92883892146048,0.0118447620139754,0.0064114588346735,0.0054333031793018,25603980.0,40.97211998186644,0.3721428571428569,0.7150072828100005,0.6944444443801429,0.3968503936945374,-0.0487238979118329,0.0159104301708898,0.0152457066359073,56.92883892146048,0.513455663115058,0.0,0.0,0.0,0.5,0.2493386662133963,0.1968174509007823,0.396012713444175,0.3744979693553878,-0.5218221132380148,0.373649186480487,0.3488130677051478,0.4747117468725331,0.7292888615700188,0.1267041010146132,0.2203388719855495,0.1767854537854854,0.3584810482062886,0.4747117468725331,-0.1752028066203136,1.3938782450741152,0.4259231939326237,-1.2161532152301564,0.4042141236442375,-0.0055571203550059,0.1809442482768118,0.0180151976667327,-0.8900761240435898,-0.9561950959840512,-1.1254529520676022,0.4581348917837498,0.202432858083618,0.2172589564002365,0.026080821435272,1.108719715252391,-0.7631443180514804,-0.7718851688268835,-0.3729065540836822,0.7510887260642506,0.1828908414499339,0.4042141236442375,-1.1254529520676022,0.4581348917837498,0.1568588055689234,0.0,0.0,0.0,0.0,其他,0,0,0.5,1.0,0,0.4195519348268839,-0.02088167053364265,0.05336426914153147,0.3693877551020408,0.4204081632653061,0.32040816326530613,0.6040816326530613,0.42448979591836733,0.5408163265306123,0.5,0.5,0.5,0.5,0.4195519348268839,0.5682281059063137,0.8085539714867617
2025-09-17,17.3,17.35,17.18,17.21,4394297.0,17.154,17.103,17.096,16.834,0.0032645447126036,0.0062562123604046,0.0066682264857276,0.0223357490792444,17.096,17.58771664925785,16.60428335074215,0.6159204189145003,0.0575241751585135,-0.0017401392111368,0.0005813953488373,0.0436628259551243,-0.0046269519953729,0.0098141512791604,0.010294713654678,0.0152498543101397,50.62761503310519,0.019407672668251,0.009010701601389,0.0103969710668619,21209683.0,51.79527531409698,0.3214285714285714,0.79745557364308,0.6666666666049393,0.3921259842457933,-0.0429982568274259,-0.0017401392111368,0.0152498543101397,50.62761503310519,0.1121705347877806,0.0,0.0,0.0,0.5,0.3868999526454795,0.2376930892718157,0.5409758059974277,0.3615321690629198,-0.4599560653548824,0.3740313297246931,0.3815639587180763,0.4719363619115471,0.7599261036266465,0.0858798532052924,0.1251370153259851,0.1573787013083828,0.3127358294536654,0.4719363619115471,-0.1782207251186569,1.3895986794771669,0.3488830421899765,-1.2166515457513003,-0.0448459045259949,-0.0119309558082708,0.3966233782970904,0.0004659888102855,-0.8871595093765791,-1.119737671682376,-1.122101213128673,0.065996436096854,0.2188417445447813,0.2234917804669304,0.0518755785632717,1.0180518105908898,-0.0937954699960866,-0.8697795057695276,-0.272877329257376,0.668955321161712,0.1627143734546804,-0.0448459045259949,-1.122101213128673,0.065996436096854,-0.0495588968096815,0.0,0.0,0.0,0.0,其他,0,0,0.5,1.0,0,0.3156822810590631,-0.01568855316676343,0.04532248692620544,0.4020408163265306,0.46122448979591835,0.3306122448979592,0.45102040816326533,0.5775510204081633,0.5346938775510204,0.5,0.5,0.5,0.5,0.31568228105906315,0.539714867617108,0.7515274949083504
2025-09-18,17.25,17.29,16.69,16.87,5405106.0,17.080000000000002,17.128,17.074,16.869833333333332,-0.0122950819672131,-0.015063054647361,-0.0119479910975752,9.879568065418454e-06,17.074,17.56477382506394,16.583226174936062,0.2921649550048443,0.0574878558112996,-0.019755955839628,-0.0214617169373548,0.0150421179302044,-0.0254188330444827,0.0130333012654397,0.0126708191110631,0.0158623289230315,48.39999997289604,-0.0020106471629404,0.0068064318485231,-0.0088170790114635,15804577.0,51.720220956640205,0.3464285714285712,1.0086236940876898,0.3518518518192747,0.3269230769178379,-0.0337877889745109,-0.019755955839628,0.0158623289230315,48.39999997289604,0.2300274651440264,0.0,0.0,0.0,0.5,0.3660923999087332,0.2149525101364383,0.3171655778718196,0.2195639497197152,-0.319798167913344,0.3408935292243177,0.3925908540699003,0.4598480800727685,0.7865335806412599,-0.2537580861691615,-0.2118606804938195,-0.0782580291770062,0.0757102416645836,0.4598480800727685,-0.1860989165515507,1.3721765219617093,-0.6444128201509838,-1.2132503037456632,-0.5030536821179288,-0.2546538786452588,0.1333532183444659,-0.1573372841283963,-0.7485819108814585,-1.0003964737691236,-1.0828220530143655,-0.0726834775361342,0.1713594507246386,0.2177041824614495,-0.0482687574270143,0.9075828113314452,-0.0983232117343717,-0.8189610294722065,-0.017284415585096,-0.2488140718886025,-0.1128510958406141,-0.5030536821179288,-1.0828220530143655,-0.0726834775361342,0.0111405599513279,0.0,0.0,0.0,0.0,其他,0,0,0.5,1.0,0,0.2993890020366598,0.011262596324836949,0.04208654416123281,0.42244897959183675,0.46122448979591835,0.3306122448979592,0.5306122448979592,0.4673469387755102,0.5142857142857142,0.5,0.5,0.5,0.5,0.29938900203665986,0.570264765784114,0.6639511201629328
2025-09-19,16.85,16.99,16.7,16.85,3662812.0,17.028,17.110999999999997,17.0565,16.903499999999998,-0.010453370918487,-0.0152533458009465,-0.0121068214463693,-0.0031650249948232,17.0565,17.553280158938797,16.559719841061202,0.2921615866560252,0.0582511252526467,-0.0011855364552459,-0.0151957919345411,-0.0099882491186837,-0.0203488372093022,0.0129431668012389,0.0099019745845869,0.0158153807456537,44.2553191225713,-0.0203639103108734,0.0013723634166438,-0.0217362737275173,12141765.0,44.36765650096587,0.3457142857142855,0.6979033805398792,0.3333333333024713,0.3127035830567966,-0.0118694362017806,-0.0011855364552459,0.0158153807456537,44.2553191225713,-0.3223422445369249,0.0,0.0,0.0,0.5,0.2030770688383566,0.1023091968436217,0.3213193393187905,0.2109643795766725,-0.5600775965489472,0.3174884789451338,0.384198173536888,0.4501061071621324,0.8113492424772418,-0.2132149187846312,-0.2146091334247808,-0.0801740610707554,0.041916499031919,0.4501061071621324,-0.1899293082524928,1.3534670571450385,-0.6433202809143626,-1.2042697497256265,-0.0295376318219406,-0.1852671248060746,-0.0969036671524601,-0.1186181343449903,-0.7510471219598747,-1.1336001078619753,-1.0827456635556685,-0.3307432333235773,0.1306478384563324,0.2038275190665129,-0.1155845896790224,0.8323777269388655,-0.553180307624434,-0.8187306237468536,-0.3932504011884731,-0.3024814129029669,-0.172821770868754,-0.0295376318219406,-1.0827456635556685,-0.3307432333235773,-0.2733965827675003,0.0,0.0,0.0,0.0,其他,0,0,0.5,1.0,0,0.5437881873727087,0.016617210682492445,0.053412462908011715,0.5653061224489796,0.5204081632653061,0.3224489795918367,0.46122448979591835,0.4061224489795918,0.5306122448979592,0.5,0.5,0.5,0.5,0.5437881873727087,0.6130346232179226,0.6741344195519349
2025-09-22,16.85,16.86,16.52,16.59,3124594.0,16.952,17.05,17.021,16.931,-0.021354412458707,-0.0269794721407624,-0.0253216614769991,-0.0201405705510602,17.021,17.54522976079647,16.49677023920353,0.0889207059190336,0.0615979978606885,-0.0154302670623146,-0.0223924572775485,-0.0354651162790697,-0.0410404624277457,0.0140301929988048,0.0099508183537422,0.0160518221160424,43.5146443259747,-0.0552519209218118,-0.0099524934510473,-0.0452994274707645,9017171.0,45.97125249934138,0.339285714285714,0.6110627982832282,0.0925925925840203,0.2703583061845218,0.0229053646775165,-0.0154302670623146,0.0160518221160424,43.5146443259747,-0.1469412025514823,0.0,0.0,0.0,0.5,0.2028332952400164,0.0534310064541424,0.2387891492032388,0.102244751875561,-0.6335990098329556,0.2834854652409324,0.3554530810090665,0.4310384902288441,0.8312221978398908,-0.4512815611140176,-0.3999841655071381,-0.2475978617241937,-0.1385246407514638,0.4310384902288441,-0.1925412637083353,1.3115684413785251,-1.264466937533646,-1.1772372359904937,-0.3926272742667301,-0.2644626477760165,-0.3312276994851125,-0.2758727546137349,-0.7034385577098792,-1.1281529152902394,-1.0659297638382352,-0.3764754866291095,0.0534008257076477,0.1751797499955033,-0.2384583160316942,0.7681822905077482,-0.4530546224604431,-0.8297142076326293,-0.4978368730829929,-1.0036867946480486,-0.3518286100682903,-0.3926272742667301,-1.0659297638382352,-0.3764754866291095,-0.1826198133938173,0.0,0.0,0.0,0.0,其他,0,0,0.5,1.0,0,0.7678207739307535,0.05123568414707669,0.03375527426160341,0.5387755102040817,0.47551020408163264,0.32448979591836735,0.43673469387755104,0.336734693877551,0.3979591836734694,0.5,0.5,0.5,0.5,0.7678207739307535,0.7739307535641547,0.5417515274949084
2025-09-23,16.58,16.63,16.0,16.4,3938895.0,16.784,16.968,16.9625,16.954333333333334,-0.0228789323164919,-0.0334747760490335,-0.0331613854089903,-0.0326956726893814,16.9625,17.489891794838154,16.435108205161843,-0.0332847472241102,0.0621832624713393,-0.0114526823387584,-0.0487238979118329,-0.0476190476190476,-0.0665907797381901,0.0082561932899806,0.0100843667492281,0.0156271133430297,47.926267250185816,-0.0971128760053439,-0.0273845699619066,-0.0697283060434372,5078276.0,46.12376986623342,0.344285714285714,0.8336482084752599,0.0,0.2394136807778595,0.0292682926829268,-0.0114526823387584,0.0156271133430297,47.926267250185816,0.2606101784743875,0.0,0.0,0.0,0.5,0.0926108575458448,-0.0329981975601974,0.0009495844966169,0.0227656521815992,-0.5199708387745697,0.2087765894708308,0.3169971726270468,0.4000456151929659,0.8477422203291005,-0.4839999459964962,-0.5023314759521832,-0.3467557320007108,-0.2719050188377929,0.4000456151929659,-0.2119089939995415,1.2707787168217284,-1.632808146711151,-1.1697546293911207,-0.2906308379739958,-0.5549062148452001,-0.4427146255359646,-0.4700218214796495,-0.9478277200761018,-1.1186015539756429,-1.0882762949977849,-0.1006323028890839,-0.0392729003742709,0.1312008628230389,-0.365809817659198,0.6878319486951409,-0.4429549579789933,-0.8182407955845248,-0.2273074224710401,-1.2702958329492438,-0.482388510601044,-0.2906308379739958,-1.0882762949977849,-0.1006323028890839,0.0280003811475674,0.0,0.0,0.0,0.0,其他,0,0,0.5,1.0,0,0.670061099796334,0.1256097560975611,0.027439024390244038,0.41836734693877553,0.43673469387755104,0.27755102040816326,0.5387755102040817,0.42857142857142855,0.4714285714285714,0.5,0.5,0.5,0.5,0.670061099796334,0.890020366598778,0.4378818737270876
2025-09-24,16.41,16.55,16.32,16.47,3348800.0,16.636,16.895,16.942500000000003,16.976833333333335,-0.0099783601827362,-0.0251553714116602,-0.0278884462151396,-0.0298544094403159,16.942500000000003,17.51321976716339,16.371780232836617,0.0860490321221507,0.0673713757898795,0.0042682926829269,-0.0429982568274259,-0.0424418604651163,-0.0237107291049201,0.0099968877813193,0.0104431155154009,0.0131123174988643,46.44549759951478,-0.1232191755607594,-0.0465514910816772,-0.0766676844790822,8427076.0,53.64671508231259,0.332142857142857,0.7666204904187205,0.083333333323413,0.2508143322434719,0.0285367334547663,0.0042682926829269,0.0131123174988643,46.44549759951478,-0.1498123204604337,0.0,0.0,0.0,0.5,0.0231731190457994,-0.0630358086601747,0.1473081070839937,0.0520116948694068,-0.6008889142524098,0.1429423669155512,0.2827330879667279,0.3890917887585021,0.8635469321515655,-0.2007581717505606,-0.3696830227927627,-0.2793149057994058,-0.2412555310827549,0.3890917887585021,-0.2033679959644772,1.229319674119012,-1.2628095510087372,-1.130061164614537,0.1113572366852508,-0.4908066123235783,-0.3943768899838067,-0.1425415229997447,-0.8717197144151888,-1.0980991780672211,-1.2338631387476644,-0.1930511742051486,-0.097050721970854,0.0828635359553765,-0.4016217233176042,0.7538299289545863,0.0245746066880629,-0.8404604536890736,-0.3083734327979423,-1.0243778542381663,-0.433260779768809,0.1113572366852508,-1.2338631387476644,-0.1930511742051486,-0.1841626376443627,0.0,0.0,0.0,0.0,其他,0,0,0.5,1.0,0,0.7081632653061225,0.10989678202792974,0.00910746812386165,0.3149284253578732,0.5030674846625767,0.18609406952965235,0.36809815950920244,0.6257668711656442,0.3496932515337423,0.5,0.5,0.5,0.5,0.7081632653061225,0.9081632653061225,0.46530612244897956
2025-09-25,16.48,16.59,16.24,16.3,3022700.0,16.522000000000002,16.801,16.898500000000002,16.994666666666667,-0.0134366299479482,-0.0298196535920479,-0.0354173447347399,-0.0408755688058999,16.898500000000002,17.52507884789628,16.271921152103726,0.0224064760471153,0.074157925010216,-0.0103217972070429,-0.0337877889745109,-0.0545243619489558,-0.0512223515715948,0.0081018261145179,0.0103195842141858,0.0124187496612623,30.851063806813016,-0.1558298754909479,-0.0684071679635313,-0.0874227075274165,5404376.0,46.0756904952464,0.3214285714285714,0.7434137926832238,0.0,0.223127035826985,0.0466257668711656,-0.0103217972070429,0.0124187496612623,30.851063806813016,-0.0973781653129479,0.0,0.0,0.0,0.5,0.0517276827964514,-0.0479083110070086,0.1105056803140692,-0.0192197855364602,-0.6451103193295796,0.0921972335103014,0.2387308906953511,0.3656577107783664,0.8756140349857434,-0.2763627098180205,-0.443230009970238,-0.3746868519669378,-0.3584386386364449,0.3656577107783664,-0.1989027091763576,1.16654465313855,-1.4524324373089967,-1.079404365232113,-0.2619390262394646,-0.3882250561634247,-0.5053018436951267,-0.352311674057815,-0.9505463579657278,-1.1012999361754412,-1.2710116500385742,-1.1666865698918685,-0.1692476050210089,0.0277598033285277,-0.4573760007736522,0.6918242814343837,-0.4458995547487985,-0.8598041436825877,-0.3361632118602768,-1.26379158161092,-0.5500844046890984,-0.2619390262394646,-1.2710116500385742,-1.1666865698918685,-0.1568144923431988,0.0,0.0,0.0,0.0,其他,0,0,0.5,1.0,0,0.7189409368635438,0.07055214723926362,0.025766871165644023,0.3,0.3142857142857143,0.16122448979591836,0.1489795918367347,0.5142857142857142,0.3224489795918367,0.5,0.5,0.5,0.5,0.7189409368635438,0.8655804480651731,0.49287169042769857
2025-09-26,16.37,17.25,16.26,16.65,8427718.0,16.482,16.755,16.8835,17.023333333333333,0.0101929377502729,-0.0062667860340197,-0.0138300707791632,-0.0219306833757588,16.8835,17.519185291219745,16.247814708780258,0.3163399379718221,0.0753025487862088,0.0214723926380366,-0.0118694362017806,-0.026884862653419,-0.0176991150442478,0.0152380576168701,0.0133338063284926,0.0132373094715651,36.58536582867335,-0.1516835022112843,-0.0850624348130819,-0.0666210673982023,13832094.0,50.13812278835738,0.3778571428571428,1.9958679556549623,0.3723404254923028,0.2694214875988523,0.0288288288288287,0.0214723926380366,0.0132373094715651,36.58536582867335,1.7881423892546398,0.0,0.0,0.0,0.5,0.0067035106069801,0.2008340312874533,0.1195459955848167,0.1274992985735152,0.105619954775074,0.0743229418200399,0.2170533148103488,0.3573480385360086,0.8961825328229379,0.2428380701885312,-0.0682743852578403,-0.0993573566441544,-0.1556380717337005,0.3573480385360086,-0.2007513361243914,1.1489943619263878,-0.5518333996143708,-1.068587949786134,0.5522831756064139,-0.1449317452348189,-0.2493153153093249,-0.0957376123553217,-0.6446877235960885,-0.9510266341242668,-1.218813674936989,-0.8060473223304532,-0.1598447905271172,-0.0142401036617516,-0.347767090977687,0.8598144362903436,-0.1926392626316234,-0.7471821952219687,1.1860482322306798,-0.176963144972336,-0.3524520019775903,0.5522831756064139,-1.218813674936989,-0.8060473223304532,0.8195053175054893,0.0,0.0,0.0,0.0,其他,0,0,0.5,1.0,0,0.6415478615071283,0.08108108108108114,0.008408408408408397,0.5408163265306123,0.5877551020408164,0.2,0.39183673469387753,0.9653061224489796,0.6040816326530613,0.5,0.5,0.5,0.5,0.6415478615071283,0.869653767820774,0.31160896130346233
2025-09-29,16.52,17.2,16.28,16.97,6943084.0,16.558,16.755,16.875999999999998,17.055833333333332,0.0248822321536417,0.0128319904506117,0.0055700402939085,-0.0050324913275028,16.875999999999998,17.503422463231804,16.24857753676819,0.57490965453988,0.0743567744996549,0.0192192192192193,0.0229053646775165,0.0,-0.0087616822429907,0.0156432972813228,0.0148032776807413,0.0137816434551392,44.68085103721141,-0.1211792667105662,-0.0922858011925788,-0.0288934655179873,20775178.0,52.805742976006655,0.4264285714285711,1.604927629919955,0.7127659573709821,0.3189368770711137,0.0276959340011786,0.0192192192192193,0.0137816434551392,44.68085103721141,-0.1761608539820625,0.0,0.0,0.0,0.5,0.0680821342702043,0.1817367840768835,0.1285862274163267,0.2616106556712263,-0.1007400825206512,0.1080333395971689,0.2167888518189702,0.3529564294479902,0.9196921643740396,0.5652752519640998,0.2357732237038872,0.1480823631421511,0.0252661149787363,0.3529564294479902,-0.2061137030706606,1.1462688270918182,0.2400122026829086,-1.0724898399705656,0.4937732795297507,0.240940820439681,-0.000344893668249,-0.027250607315002,-0.6263590473084056,-0.8769783123059166,-1.1831366777077947,-0.2985367895504323,-0.0918674085882703,-0.0324463413430676,-0.149406045506437,0.9973873117673664,-0.0262687083606097,-0.6502858909205995,0.7087967841008441,0.8160386408316825,-0.1411948217569526,0.4937732795297507,-1.1831366777077947,-0.2985367895504323,-0.1993950674037143,0.0,0.0,0.0,0.0,其他,0,0,0.5,1.0,0,0.6714285714285714,0.06953447259870349,-0.01119622863877412,0.7689161554192229,0.6278118609406953,0.2249488752556237,0.5276073619631901,0.9243353783231084,0.6871165644171779,0.5,0.5,0.5,0.5,0.6714285714285714,0.810204081632653,0.26326530612244897
2025-09-30,17.09,17.09,16.86,16.88,3717833.0,16.654,16.719,16.874999999999996,17.085500000000003,0.013570313438213,0.0096297625456067,0.0002962962962964,-0.0120277428228617,16.874999999999996,17.502325148630838,16.247674851369155,0.5039851741640812,0.0743496472446962,-0.0053034767236299,0.0292682926829268,-0.0208816705336426,-0.0011834319526626,0.0142409849358083,0.0137694915428104,0.0135222325937222,43.38842972696535,-0.103078463777404,-0.0944443337095438,-0.0086341300678601,17057345.0,58.1251874137115,0.4257142857142852,0.8733781786268277,0.6170212765301037,0.3039867109584053,0.0936018957345972,-0.0053034767236299,0.0135222325937222,43.38842972696535,-0.4645271467261522,0.0,0.0,0.0,0.5,0.3015092553162437,0.139985628756706,0.3948584926629979,0.2234945567372031,-0.5489876653787228,0.1506457180974568,0.1997526299402764,0.3519625218298919,0.9408661265464496,0.3157157839611765,0.1844678531298838,0.0805936506118414,-0.0496693299815947,0.3519625218298919,-0.2062493974505689,1.1425820528092645,0.0224574597850609,-1.069797975043325,-0.13576136016266,0.3112835930909756,-0.1937144105328342,0.030826293929435,-0.6851750805020395,-0.925796961657518,-1.1950262640015756,-0.379076460215684,-0.051488731288456,-0.0378610018361585,-0.0428137135722553,0.9205574436328986,0.3054252906032021,-0.6506072136914701,-0.1821864314200614,0.5353671662224049,-0.2047245209889551,-0.13576136016266,-1.1950262640015756,-0.379076460215684,-0.3487263343073572,0.0,0.0,0.0,0.0,其他,0,0,0.5,1.0,0,0.924643584521385,0.07582938388625604,0.002962085308056972,0.6728016359918201,0.6114519427402862,0.2229038854805726,0.49079754601226994,0.6789366053169734,0.6155419222903885,0.5,0.5,0.5,0.5,0.924643584521385,0.8594704684317719,0.3319755600814664
2025-10-09,16.8,16.95,16.73,16.94,3473800.0,16.748,16.692,16.8975,17.117,0.011464055409601,0.0148574167265755,0.0025151649652315,-0.0103405970672431,16.8975,17.498407208879755,16.296592791120247,0.5353631969449119,0.0711238004291993,0.0035545023696683,0.0285367334547663,-0.0156885531667634,0.0272892662219528,0.0142645748550658,0.0138829040470137,0.0122646665634058,43.85245899123225,-0.0829359148835884,-0.0921426499443528,0.0092067350607643,20531145.0,58.37071388129729,0.4178571428571424,0.82171605005556,0.6808510637573585,0.3082077051874674,0.0791027154663517,0.0035545023696683,0.0122646665634058,43.85245899123225,-0.0656385050108491,0.0,0.0,0.0,0.5,0.1822199999068818,0.0868958190350582,0.3345797295775503,0.2484548706521464,-0.5821056378030245,0.1923622315367299,0.1869181016175971,0.3632523705064102,0.9633925019566126,0.2689437089466903,0.2676235916017069,0.108851099298727,-0.0315150518404482,0.3632523705064102,-0.207392338378345,1.1683656709516557,0.1186671624387295,-1.0896799795720262,0.0918437741430476,0.302762527645799,-0.1453398852825378,0.2491152495069008,-0.6830122403605525,-0.918245862930778,-1.2655518874123786,-0.3494882148031515,-0.0065621646073199,-0.0319982028940535,0.0510600501368727,0.9883136218019996,0.3203559290317402,-0.6650014492977065,-0.2448881385305923,0.7207899120974629,-0.1864326111437192,0.0918437741430476,-1.2655518874123786,-0.3494882148031515,-0.1411706127103837,0.0,0.0,0.0,0.0,其他,0,0,0.5,1.0,0,0.9489795918367347,0.06198347107438007,-0.007083825265643551,0.7049180327868853,0.5860655737704918,0.19057377049180327,0.48770491803278687,0.35655737704918034,0.5778688524590164,0.5,0.5,0.5,0.5,0.9489795918367347,0.8061224489795918,0.2836734693877551
2025-10-10,16.91,17.16,16.8,17.06,4307700.0,16.9,16.711,16.9195,17.14966666666667,0.0094674556213016,0.0208844473699958,0.0083040278968054,-0.0052284786876325,16.9195,17.509753290857297,16.3292467091427,0.6190167019094737,0.0697719543548934,0.0070838252656433,0.0466257668711656,0.0112625963248369,0.0264741275571598,0.0111545608479511,0.012483912806425,0.0122437640078318,48.971193387424,-0.0566369274040035,-0.0850415054362829,0.0284045780322794,24838845.0,58.381860077589664,0.4207142857142852,1.0285290074930262,0.8085106382118604,0.3013937282177455,0.0228604923798358,0.0070838252656433,0.0122437640078318,48.971193387424,0.2400541194081409,0.0,0.0,0.0,0.5,0.2271655677517921,0.1662777187706536,0.3663712790454652,0.2986601738225597,-0.4651768779453972,0.2599462404341211,0.1955669906215273,0.3742751416420024,0.9867340853414558,0.2246033069260746,0.363506116469777,0.1827773368079563,0.023409418273922,0.3742751416420024,-0.2030836472946277,1.18438149140668,0.3753366720029104,-1.0963287892919265,0.182460187170055,0.503553357522265,0.1049810124147464,0.2425449381841765,-0.8146352831579994,-0.9847964316703652,-1.2628765714132848,-0.027800835173248,0.0520939015188693,-0.013986216228484,0.1520751098841672,1.0724747034588544,0.3206401493426958,-0.6582505077775342,0.0076258246785413,1.091609325892511,-0.2152951332817182,0.182460187170055,-1.2628765714132848,-0.027800835173248,0.0179240949893116,0.0,0.0,0.0,0.0,其他,0,0,0.5,1.0,0,0.8879837067209776,0.030480656506447712,-0.01758499413833514,0.7177914110429447,0.5419222903885481,0.18609406952965235,0.5439672801635992,0.5296523517382413,0.5705521472392638,0.5,0.5,0.5,0.5,0.8879837067209776,0.7270875763747454,0.27494908350305497
2025-10-13,16.82,17.15,16.36,17.13,4828784.0,16.996,16.738999999999997,16.925,17.179666666666666,0.0078842080489527,0.0233586235736902,0.0121122599704577,-0.0028910145714895,16.925,17.521216138837232,16.32878386116277,0.6719175199891495,0.0704539011915756,0.0041031652989449,0.0288288288288287,0.0166172106824924,0.0064629847238542,0.0088446149890595,0.0124840978937398,0.0110524752081544,53.38983047680266,-0.0298028269296395,-0.0739937697349542,0.0441909428053147,29667629.0,56.32428931312904,0.4642857142857138,1.1566616962801315,0.8829787233103217,0.2849364791236851,0.0507880910683011,0.0041031652989449,0.0110524752081544,53.38983047680266,0.1209657125612275,0.0,0.0,0.0,0.5,0.1899079452744763,0.1622958621381501,0.1631873995900568,0.3277816640382867,-0.3919356333665704,0.3025004063417005,0.2084225115770793,0.3766517063322063,1.0078581407667122,0.1893946195308133,0.4025622530454451,0.2313253496789533,0.048506672276179,0.3766517063322063,-0.1987348706655921,1.1807495093657767,0.5373171944191086,-1.0887033530592194,0.1055444508293007,0.3047407296882015,0.1546130186085821,0.0884556312732432,-0.9116771545183174,-0.9825447035234784,-1.3289364804318915,0.249876917026725,0.1119437083658325,0.0140276025068861,0.2350966240725073,1.166612101204333,0.1915490289857222,-0.5711925329666997,0.1640656127443364,1.3053358050363586,-0.2854017738550898,0.1055444508293007,-1.3289364804318915,0.249876917026725,-0.0440828712983592,0.0,0.0,0.0,0.0,其他,0,0,0.5,1.0,0,0.920570264765784,0.036193812025685945,-0.01926444833625207,0.6400817995910021,0.5501022494887525,0.13496932515337423,0.6830265848670757,0.656441717791411,0.6400817995910021,0.5,0.5,0.5,0.5,0.9205702647657841,0.7209775967413442,0.21384928716904278
2025-10-14,17.27,17.81,17.18,17.44,11146862.0,17.09,16.824,16.937,17.211,0.0204798127559977,0.0366143604374702,0.0296982936765661,0.0133054441926676,16.937,17.5653177204999,16.308682279500104,0.9002751979601815,0.0741946886102836,0.018096906012843,0.0276959340011786,0.0512356841470766,0.013953488372093,0.0084208300835765,0.0118527274363695,0.0115350537763978,54.166666635069504,0.0162900190480499,-0.0559370119783534,0.0722270310264033,40814491.0,61.03627300892848,0.4857142857142852,2.461003094053696,0.9999999999122808,0.3411978221353686,0.0407110091743116,0.018096906012843,0.0115350537763978,54.166666635069504,1.3084200908551715,0.0,0.0,0.0,0.5,0.3748037208214357,0.4123992884835619,0.5411230743618807,0.4580735596920601,0.4900628430703622,0.3441424115520139,0.247951275502045,0.3824357174432093,1.029926647071694,0.4673765370270994,0.6139367755635281,0.4564476502462651,0.2227706377123073,0.3824357174432093,-0.1827022000519642,1.1655597429385565,1.2369611894381958,-1.0597062580224526,0.4658483364074026,0.2917347160883041,0.4763662436559168,0.1459861895355023,-0.9278584377502396,-1.011230363813764,-1.2962990582842628,0.2984252784878282,0.2148296085158941,0.0598244658375429,0.3827019084372727,1.386452930733021,0.4862800687858325,-0.5279926516488296,1.7519518956548024,1.6403017571039575,-0.0440076532501922,0.4658483364074026,-1.2962990582842628,0.2984252784878282,0.5745376330180217,0.0,0.0,0.0,0.0,其他,0,0,0.5,1.0,0,0.8306122448979592,-0.01662844036697264,-0.03555045871559637,0.6721311475409836,0.6495901639344263,0.1721311475409836,0.7274590163934426,0.9651639344262295,0.7725409836065574,0.5,0.5,0.5,0.5,0.8306122448979592,0.20816326530612245,0.1306122448979592
2025-10-15,17.41,18.68,17.26,18.46,21062996.0,17.406,17.029999999999998,16.999000000000002,17.259333333333334,0.06055383201195,0.0839694656488552,0.0859462321313018,0.0695662250376607,16.999000000000002,17.92098641387381,16.077013586126196,1.2923110242656657,0.1084753707710315,0.0584862385321101,0.0936018957345972,0.1256097560975611,0.0720092915214867,0.0232365620073804,0.0193081731647206,0.0173150247240276,68.43657814282855,0.1335845277878533,-0.018032704025112,0.1516172318129654,61877487.0,69.06858432943599,0.5749999999999993,3.9012455881424266,0.9999999999537036,0.5166666666570989,-0.0162513542795232,0.0584862385321101,0.0173150247240276,68.43657814282855,0.8895897338641134,0.0,0.0,0.0,0.5,0.4319556752337026,0.7418122446230844,0.5772339342780178,0.8874293829049352,1.8670999978702525,0.4850654967663379,0.3441474221598055,0.4144526944714977,1.0652795156753292,1.3503010000905116,1.368541104764926,1.1759350446201815,0.8280951164089138,0.4144526944714977,-0.054986631752868,1.0256043939850592,2.4238085952539152,-0.8168130647427453,1.5029868999689708,1.0257013449612329,1.1665032339622978,0.5928207107875042,-0.2925723343625047,-0.6434730936836242,-0.952974914886726,1.194740305770303,0.4769172383252789,0.1560310933167736,0.8010019192701174,1.801421740336218,0.9880634036594852,-0.3506617999163161,3.4563152738749103,1.6332016477517368,0.7082760386810392,1.5029868999689708,-0.952974914886726,1.194740305770303,0.3554190361851887,0.0,0.0,0.0,0.0,其他,0,0,0.5,1.0,0,0.3306122448979592,-0.0872156013001083,-0.09534127843987006,0.9243353783231084,0.7991803278688525,0.45491803278688525,0.9077868852459017,0.9897540983606558,0.8954918032786885,0.5,0.5,0.5,0.5,0.3306122448979592,0.030612244897959183,0.0673469387755102
2025-10-16,18.3,18.4,17.73,18.28,20643591.0,17.674,17.211,17.052999999999997,17.302833333333336,0.0342876541812833,0.0621114403579108,0.0719521491819623,0.0564743731758767,17.052999999999997,18.1368547193379,15.969145280662094,1.0660352711491352,0.1271160170446898,-0.0097508125677139,0.0791027154663517,0.1098967820279297,0.0627906976744188,0.0259462427843162,0.0204144922556133,0.0175449181561883,71.82662535586462,0.2096006297602031,0.0274939627319509,0.1821066670282521,41233896.0,79.19847079024312,0.5842857142857137,3.2786034416346084,0.9166666666242286,0.4775280898786981,-0.0158643326039388,-0.0097508125677139,0.0175449181561883,71.82662535586462,-0.0199119346554498,0.0,0.0,0.0,0.5,0.7978168510201475,0.6343217730443247,0.7931908453385326,0.8098163259336145,1.7999739807920712,0.6043285379716332,0.4285624194003639,0.4422431249964553,1.0966176368465246,0.7679030913906395,1.0161136409495837,0.993863046367718,0.6854482168532788,0.4422431249964553,0.0225540254042582,0.95943047921619,1.723250378791741,-0.6843765971236604,-0.2558069406776211,0.8619990574826717,1.017696975997571,0.5208840081892651,-0.1761219939364782,-0.5881093895520536,-0.9373254600779364,1.4035169485295738,0.646315812966607,0.2716005228589013,0.9602029996801604,1.382714015955871,1.6169516947774754,-0.331821752963682,2.679915555943698,1.3857367111559562,0.5391579239884372,-0.2558069406776211,-0.9373254600779364,1.4035169485295738,-0.1197549887818667,0.0,0.0,0.0,0.0,其他,0,0,0.5,1.0,0,0.1938775510204081,-0.0908096280087527,-0.08205689277899342,0.9488752556237219,0.8135245901639344,0.45286885245901637,0.9200819672131147,0.9918032786885246,0.8995901639344263,0.5,0.5,0.5,0.5,0.19387755102040816,0.036734693877551024,0.06326530612244897
2025-10-17,18.43,18.59,17.43,17.45,10695321.0,17.752000000000002,17.326,17.0635,17.331500000000002,-0.0170121676430826,0.007156874062103,0.0226506871392151,0.0068372616334417,17.0635,18.158988835850533,15.968011164149472,0.6764052664362756,0.1284014224331597,-0.0454048140043764,0.0228604923798358,0.0705521472392636,0.0121809744779581,0.0380502509623151,0.0265225082644549,0.0206419728898121,57.42574255435738,0.200557967433582,0.0621067636722772,0.1384512037613048,30538575.0,73.81566235877406,0.646428571428571,1.6088924146903067,0.5324074073827583,0.3091603053376113,0.0074498567335243,-0.0454048140043764,0.0206419728898121,57.42574255435738,-0.481905982345804,0.0,0.0,0.0,0.5,0.849848903963519,0.7054446801615435,0.6533127208687651,0.4581398211116743,0.4158325002368895,0.6383195125055313,0.4819368200761989,0.4471441731448178,1.1160814741372755,-0.3669124247975888,0.1359074136046654,0.3601330814511723,0.1490014497543935,0.4471441731448178,0.0304810567138931,0.9566052753665872,0.5328608243685055,-0.674169821585939,-1.1727679619852862,0.2331776903398475,0.6500303237757937,0.1297443784374841,0.3432733611093151,-0.2868912255765157,-0.753083130263979,0.496334184493556,0.6250528597361658,0.3593512938791164,0.7280060302156379,1.1652695992817406,1.2758981795895734,-0.2082135551314498,0.6816214161693687,0.2675647584548542,-0.1848991322433404,-1.1727679619852862,-0.753083130263979,0.496334184493556,-0.3610061904744759,0.0,0.0,0.0,0.0,其他,0,0,0.5,1.0,0,0.2408163265306122,-0.04183381088825222,-0.04699140401146129,0.8875255623721882,0.7520491803278688,0.5840163934426229,0.7581967213114754,0.944672131147541,0.819672131147541,0.5,0.5,0.5,0.5,0.24081632653061225,0.06326530612244897,0.08979591836734693
2025-10-20,18.0,18.21,17.45,18.0,11731962.0,17.926,17.461000000000002,17.108,17.36766666666667,0.0041280821153633,0.0308687933108067,0.0521393500116904,0.0364086520929696,17.108,18.28100513751264,15.93499486248736,0.8802199885515702,0.1371294292150787,0.0315186246418337,0.0507880910683011,0.0810810810810811,0.0520163646990063,0.039804454779374,0.0273038101524618,0.0216345516493415,66.28175517487426,0.2350623434747341,0.0966978796327686,0.1383644638419655,42270537.0,78.35975390798112,0.676428571428571,1.670760282342028,0.7870370370005998,0.3563941299715639,-0.0138888888888888,0.0315186246418337,0.0216345516493415,66.28175517487426,0.0969247206325083,0.0,0.0,0.0,0.5,0.6711557898957643,0.5599206941445952,0.6615087451229416,0.6898324878174477,0.5593193459975574,0.7152458985045835,0.5446409112903143,0.4699307894288857,1.141329694863572,0.1012744177394509,0.5153155099512929,0.7379539413248628,0.4681427159710069,0.4699307894288857,0.0743406355108494,0.9349577733802172,1.1525067477977748,-0.6116520453319093,0.8100008582639451,0.5448222958597257,0.746867826609419,0.4372386543968459,0.4181308150428747,-0.2480648061197587,-0.6932461217489013,1.0517039128670074,0.7013437043679062,0.4469879466055896,0.7263036046921314,1.395672418399966,1.55415925374307,-0.1484209682740107,0.7542819730177842,1.0067316150624273,0.0185276147985427,0.8100008582639451,-0.6932461217489013,1.0517039128670074,-0.0578068819709779,0.0,0.0,0.0,0.0,其他,0,0,0.5,1.0,0,0.120162932790224,-0.0672222222222223,-0.0855555555555555,0.9183673469387755,0.8343558282208589,0.5991820040899796,0.8548057259713702,0.9243353783231084,0.8936605316973415,0.5,0.5,0.5,0.5,0.12016293279022404,0.034623217922606926,0.04684317718940937
2025-10-21,18.2,18.26,17.91,18.15,11764724.0,18.068,17.579,17.166999999999998,17.38,0.0045384104494132,0.0324819386768302,0.0572610240577853,0.0443037974683544,17.166999999999998,18.4263080806954,15.907691919304597,0.8902936918216826,0.1467126557567502,0.0083333333333333,0.0407110091743116,0.0695344725987034,0.0695344725987034,0.0395829409362587,0.0270295378711065,0.0215097711305268,70.39627037329726,0.271382725347717,0.1316348487757583,0.1397478765719587,54035261.0,82.74149605267527,0.6564285714285713,1.5729010374899428,0.8564814814418286,0.3878406708514075,-0.0550964187327823,0.0083333333333333,0.0215097711305268,70.39627037329726,0.0027925422874708,0.0,0.0,0.0,0.5,0.7524944572588455,0.578113075660208,0.8729340120396812,0.7520531137913191,0.5630551043372644,0.7776494381312905,0.5992701715209275,0.5003301621502437,1.1476616136201654,0.1102486715746775,0.5404034626397063,0.8023011295125413,0.5527032254707556,0.5003301621502437,0.126585910984851,0.9167795216292036,1.179971702885135,-0.5432176464483757,0.2114477940259249,0.431415495767528,0.6381265290091005,0.5719724072436048,0.4080615464104952,-0.2612848884343541,-0.6994026307055049,1.3067981291757311,0.7815223801869258,0.5354174871190074,0.7323716823446681,1.624463076628296,1.818878852321584,-0.1879875677394829,0.6360582125675165,1.2055037350261093,0.1539503508278523,0.2114477940259249,-0.6994026307055049,1.3067981291757311,-0.1070382716158659,0.0,0.0,0.0,0.0,其他,0,0,0.5,1.0,0,0.0325865580448065,-0.07548209366391168,-0.10082644628099169,0.8285714285714286,0.83640081799591,0.5705521472392638,0.7975460122699386,0.8773006134969326,0.852760736196319,0.5,0.5,0.5,0.5,0.032586558044806514,0.048879837067209775,0.05295315682281059
2025-10-22,17.97,18.58,17.9,18.16,11514907.0,18.008000000000003,17.707,17.213,17.3635,0.008440693025322,0.0255831027277346,0.0550165572532388,0.0458720880006913,17.213,18.5484455199826,15.877554480017409,0.8545633220316186,0.1551670853395499,0.0005509641873278,-0.0162513542795232,0.075829383886256,0.0533642691415314,0.0281794194773256,0.0267940918658222,0.0213199073483799,69.97635931490146,0.297543905158772,0.1648166600523611,0.1327272451064109,65550168.0,83.87342269150588,0.6885714285714284,1.4654065248061094,0.8611111110712445,0.3899371069100641,-0.0721365638766519,0.0005509641873278,0.0213199073483799,69.97635931490146,-0.021234412299005,0.0,0.0,0.0,0.5,0.6563458370166876,0.6989901532424435,0.8666049558554082,0.7549684147598441,0.527473604515199,0.7493572424720101,0.6585062268835665,0.5238445851843335,1.1312787673183142,0.1966568386556894,0.4290401111504608,0.7719794116459091,0.5687337791960497,0.5238445851843335,0.1704745240368769,0.8970003523249349,1.0682139657491527,-0.4828261793297694,0.0103935186928157,-0.2067142082696167,0.6957116863217063,0.4460636712185054,-0.0830052720213161,-0.2725859264722195,-0.7093865210458085,1.2764998519502375,0.838719021453144,0.6192478120799647,0.6940255627021095,1.8453426417108023,1.8795613036561127,-0.1238236866558354,0.5065092927214241,1.2154607822817218,0.1627892937821158,0.0103935186928157,-0.7093865210458085,1.2764998519502375,-0.1195140878591766,0.0,0.0,0.0,0.0,其他,0,0,0.5,1.0,0,0.0306122448979591,-0.06773127753303965,-0.11453744493392082,0.3292433537832311,0.8094262295081968,0.555327868852459,0.8709016393442623,0.8729508196721312,0.860655737704918,0.5,0.5,0.5,0.5,0.030612244897959183,0.04897959183673469,0.04693877551020408
2025-10-23,18.6,18.6,17.85,17.99,9828063.0,17.95,17.811999999999998,17.252,17.312166666666666,0.0022284122562674,0.0099932629687851,0.0427776489682354,0.0391535817777477,17.252,18.631894732827,15.872105267173,0.7674117026344879,0.1599692479502665,-0.0093612334801762,-0.0158643326039388,0.06198347107438,0.0453224869262054,0.0281564453479658,0.027319962958237,0.0214732022072444,69.9763593149014,0.3010884887126295,0.1920710257844148,0.1090174629282147,55722105.0,79.5277610443451,0.7171428571428569,1.2089363143369751,0.7824074073711837,0.5434083601111438,-0.0761534185658697,-0.0093612334801762,0.0214732022072444,69.9763593149014,-0.1464921948566323,0.0,0.0,0.0,0.5,0.9151324487337156,0.7054459034083276,0.8418221419396877,0.6817784820643431,0.2917487898363238,0.7220350127210321,0.7068077338849601,0.5436390226808518,1.08761087098853,0.058517835343097,0.1782473692300286,0.6134116938783588,0.4950680263147837,0.5436390226808518,0.2003927271806531,0.8919015263562471,0.8006494371545809,-0.4482618019281267,-0.2456660787049381,-0.2021358734803257,0.5655345970485005,0.3831872643850997,-0.0839010170787468,-0.2462758244361374,-0.6991025916442912,1.2726658971306717,0.8450737782161434,0.6878080035180316,0.5674913146624689,1.64275735356722,1.6029379007297972,-0.0667760031323753,0.198680726624584,0.9842563930920564,0.8245815171310786,-0.2456660787049381,-0.6991025916442912,1.2726658971306717,-0.1851176960850629,0.0,0.0,0.0,0.0,其他,0,0,0.5,1.0,0,0.0305498981670061,-0.06503613118399099,-0.09949972206781543,0.19387755102040816,0.7505112474437627,0.5439672801635992,0.7505112474437627,0.7505112474437627,0.7341513292433538,0.5,0.5,0.5,0.5,0.03054989816700611,0.05295315682281059,0.07128309572301425
2025-10-24,17.88,18.03,17.51,17.58,9611412.0,17.976,17.864,17.2875,17.28166666666667,-0.0220293724966622,-0.0158978952082401,0.0169197396963121,0.0172629954672578,17.2875,18.662538755434497,15.912461244565504,0.606360638485035,0.159078959413049,-0.0227904391328516,0.0074498567335243,0.0304806565064477,0.0420865441612328,0.0203506258479073,0.0288246348454526,0.021648264838864,60.83916081930655,0.2677278235344609,0.207202385334424,0.0605254382000368,46110693.0,73.00192464362945,0.6835714285714284,1.1524712638254802,0.5925925925651566,0.5161290322372518,-0.0489192263936291,-0.0227904391328516,0.021648264838864,60.83916081930655,-0.0220441199857998,0.0,0.0,0.0,0.5,0.6162376390444079,0.4871517231660505,0.6830304762998093,0.5071311898388108,0.2611783811300399,0.7324748326860306,0.7300701341563889,0.5615610534381761,1.0605962352000595,-0.4805745991762178,-0.2380899602654345,0.2798768271908313,0.2570373306019126,0.5615610534381761,0.2112250661801792,0.9139232990912364,0.3084335605216206,-0.4539258248839397,-0.5924471033379962,0.0596429272935303,0.270724490328418,0.3575990577548205,-0.4203051646447753,-0.1715641051564265,-0.6875599898107536,0.6972122462447495,0.7686958170237311,0.7252913584221341,0.3098353465239468,1.446662602036406,1.1948451217329057,-0.1336382568793747,0.1307316525839393,0.4314745882929601,0.7052351427952759,-0.5924471033379962,-0.6875599898107536,0.6972122462447495,-0.1195211887551288,0.0,0.0,0.0,0.0,其他,0,0,0.5,1.0,0,0.0773930753564154,-0.04664391353811126,-0.10978384527872576,0.24081632653061225,0.6625766871165644,0.5766871165644172,0.5766871165644172,0.7116564417177914,0.5501022494887525,0.5,0.5,0.5,0.5,0.07739307535641547,0.09979633401221996,0.11812627291242363
2025-10-27,17.55,17.8,17.42,17.75,8235518.0,17.926,17.926,17.332500000000003,17.272499999999997,-0.0098181412473501,-0.0098181412473501,0.0240876965238712,0.027645100593429,17.332500000000003,18.706160112714443,15.958839887285563,0.6519662673722807,0.1585068642961503,0.0096700796359501,-0.0138888888888888,0.0361938120256859,0.0534124629080117,0.0135399221336254,0.0288938658651583,0.0216927314482437,59.42028983497865,0.2521007744799455,0.2161820631635283,0.0359187113164171,54346211.0,67.59160310782914,0.6449999999999998,0.961142950348436,0.6712962962652174,0.5846774193312626,-0.0540845070422535,0.0096700796359501,0.0216927314482437,59.42028983497865,-0.1431521195845105,0.0,0.0,0.0,0.5,0.4789308877543221,0.3987520451389752,0.640267070702971,0.5784572574845122,0.0687220747737887,0.7087704452754785,0.7579841639452913,0.5844763580484417,1.0505226070949931,-0.2083880800806787,-0.1399931114218507,0.3718477845680583,0.3693637393016618,0.5844763580484417,0.2267504714773561,0.9394259437659634,0.447232433446952,-0.4573376983657973,0.2482454316329479,-0.1800772647171464,0.3237813381317529,0.4449927414490127,-0.7133732943834784,-0.1679367354009473,-0.6837620287094304,0.6070370496051909,0.7322919416959763,0.7469875246396902,0.1789462467590896,1.6038282257326055,0.8577346052240102,-0.21047345204352,-0.0991351966019872,0.6595528780505515,0.9993806176331896,0.2482454316329479,-0.6837620287094304,0.6070370496051909,-0.1830864604650745,0.0,0.0,0.0,0.0,其他,0,0,0.5,1.0,0,0.0712830957230142,-0.05352112676056331,-0.10647887323943661,0.11836734693877551,0.6728016359918201,0.5705521472392638,0.563265306122449,0.45194274028629855,0.588957055214724,0.5,0.5,0.5,0.5,0.07128309572301425,0.08757637474541752,0.10590631364562118
2025-10-28,17.58,17.6,17.0,17.15,8772408.0,17.726,17.897,17.3605,17.245333333333335,-0.0324946406408666,-0.0417388389115493,-0.0121252268079836,-0.0055280655636309,17.3605,18.692636787665634,16.028363212334362,0.4209915971125729,0.1534675599963092,-0.0338028169014085,-0.0550964187327823,-0.0166284403669726,0.0337552742616034,0.0174802591985089,0.0306737537354018,0.0228639675448402,52.90322579052374,0.1891211688163778,0.2107698842940982,-0.0216487154777203,45573803.0,62.931674757467285,0.6821428571428569,0.991136911660015,0.393518518500299,0.3777777777609867,-0.0215743440233234,-0.0338028169014085,0.0228639675448402,52.90322579052374,0.0651920134228349,0.0,0.0,0.0,0.5,0.4906922166489357,0.3218640259452999,0.4446556019763401,0.3231187691903777,0.1437121392890779,0.6177133265170834,0.7429885061217063,0.5983727742382764,1.0263528558965178,-0.7127355350771524,-0.653707102510666,-0.0956199074067168,0.008340345927116,0.5983727742382764,0.2215789018232904,0.978517592058969,-0.2592059195786115,-0.4923467031508358,-0.877500522301069,-0.6428933654015832,-0.1708132132004947,0.2917335657958184,-0.5422431169538912,-0.0795114312453256,-0.6133490818456396,0.1966740598967511,0.5896521360987692,0.7318838441002762,-0.1269772745083387,1.4251290847735345,0.5679032766673572,-0.1360045595960493,-0.0629673731832717,-0.1496456056771,0.1037296198812297,-0.877500522301069,-0.6133490818456396,0.1966740598967511,-0.0731739491270175,0.0,0.0,0.0,0.0,其他,0,0,0.5,1.0,0,0.2428571428571428,-0.01924198250728848,-0.06880466472303193,0.03067484662576687,0.5430327868852459,0.6045081967213115,0.4274028629856851,0.6413934426229508,0.21311475409836064,0.5,0.5,0.5,0.5,0.24285714285714285,0.18979591836734694,0.19795918367346937
2025-10-29,17.02,17.1,16.73,16.85,7072879.0,17.464,17.736,17.383000000000003,17.217,-0.0351580393953273,-0.049954894000902,-0.0306621411724098,-0.0213161410234069,17.383000000000003,18.66092759864083,16.105072401359177,0.2914592342336007,0.1470318815662974,-0.0174927113702622,-0.0721365638766519,-0.0872156013001083,0.027439024390244,0.0162831193718154,0.0225715327411017,0.0230885259932847,49.07975458717553,0.1136913219994326,0.1913541718351651,-0.0776628498357324,38500924.0,61.50970310520818,0.6964285714285712,0.7852164646134587,0.2546296296178415,0.2546296296178415,0.004747774480712,-0.0174927113702622,0.0230885259932847,49.07975458717553,-0.1937357450770643,0.0,0.0,0.0,0.5,0.2580961777347479,0.1302883908420355,0.318785278586697,0.1952967856012371,-0.0943350714906667,0.4989007555004407,0.665840453538415,0.6093399262786963,1.0013988058424974,-0.7707774638542183,-0.784860022908981,-0.3348135942584602,-0.1634827879632305,0.6093399262786963,0.2098161420551695,1.0216860045207048,-0.6549109612617254,-0.537200765613727,-0.4537866682552613,-0.8332470614786672,-0.8311531854958225,0.2422582444756449,-0.5931440995967637,-0.4814056066890657,-0.5990873862997107,-0.0441578260123977,0.4192004315585039,0.6810341732194721,-0.4245573967696027,1.2813313980414442,0.4789861035964282,-0.1072682310016399,-0.3106680616576875,-0.553957570584061,-0.4293173073624665,-0.4537866682552613,-0.5990873862997107,-0.0441578260123977,-0.2095802603184715,0.0,0.0,0.0,0.0,其他,0,0,0.5,1.0,0,0.4663951120162933,-0.008902077151335397,-0.06468842729970337,0.02857142857142857,0.4376278118609407,0.6094069529652352,0.35306122448979593,0.3312883435582822,0.07566462167689161,0.5,0.5,0.5,0.5,0.4663951120162933,0.2606924643584521,0.2668024439918534
2025-10-30,16.79,16.92,16.62,16.62,4476800.0,17.19,17.57,17.3905,17.197333333333333,-0.0331588132635253,-0.0540694365395559,-0.0443057991432103,-0.033571096293999,17.3905,18.64745496716198,16.13354503283802,0.1935053282938909,0.1445565069612436,-0.0136498516320474,-0.0761534185658697,-0.0908096280087527,0.0091074681238616,0.016039065227836,0.0226223842345664,0.0233262194348097,45.59999998723203,0.0349506577183618,0.1600734690118044,-0.1251228112934426,34024124.0,58.75550450072267,0.692142857142857,0.4939125291811141,0.1481481481412895,0.1481481481412895,0.0120336943441636,-0.0136498516320474,0.0233262194348097,45.59999998723203,-0.3670469974108139,0.0,0.0,0.0,0.5,0.1624086152423417,0.0612312725347608,0.2672969091057245,0.0972592042446623,-0.457908568096997,0.3747935244361366,0.5864777615131803,0.6123522540247731,0.9833953182517308,-0.7249340858726369,-0.849640107127377,-0.5106233072753315,-0.2967770280101581,0.6123522540247731,0.2046754459044853,1.0361293972773655,-0.9530675358894052,-0.5539428148308363,-0.3535710970520372,-0.8767781197132707,-0.863170763231231,0.0992535925191588,-0.6027966135569899,-0.4782161990689524,-0.5840736224068812,-0.2633159913222606,0.2413917635931787,0.5999367654252821,-0.6763044890486093,1.1895779026760271,0.307527003525686,-0.1157292976332647,-0.6609052136502098,-0.8630852555028147,-0.8892408231357236,-0.3535710970520372,-0.5840736224068812,-0.2633159913222606,-0.3007800140950299,0.0,0.0,0.0,0.0,其他,0,0,0.5,1.0,0,0.3971486761710794,0.00962695547533099,-0.042117930204572884,0.030612244897959183,0.4662576687116564,0.6175869120654397,0.39387755102040817,0.034764826175869123,0.08588957055214724,0.5,0.5,0.5,0.5,0.3971486761710794,0.26883910386965376,0.3380855397148676
2025-10-31,16.53,16.81,16.52,16.72,3612000.0,17.018,17.497,17.411499999999997,17.184166666666666,-0.0175108708426373,-0.0444076127336114,-0.0397151308043532,-0.0270112991610494,17.411499999999997,18.604131323454023,16.21886867654597,0.2100948187331157,0.1369935184730985,0.0060168471720816,-0.0489192263936291,-0.0418338108882522,0.025766871165644,0.0178841947044882,0.0190517020538895,0.023205300893944,45.924453267535945,-0.019161836037103,0.1242264080020229,-0.143388244039126,37636124.0,59.22237927052538,0.6564285714285713,0.3972103735118041,0.0543478260840016,0.1944444444354415,0.0023923444976077,0.0060168471720816,0.023205300893944,45.924453267535945,-0.1931736954967834,0.0,0.0,0.0,0.5,0.0542714526984602,0.0190037844998234,0.2204742901351141,0.1397277469092322,-0.5784824582690028,0.2967529572318652,0.5511363434934676,0.6225123009075033,0.9706003818081388,-0.3750747497735209,-0.6924650241099184,-0.4505491643087846,-0.2248293028431598,0.6225123009075033,0.1886899028451723,1.0841089416538412,-0.9003415157550865,-0.6067255591060559,0.1573790595900686,-0.569010111371709,-0.4030866918540723,0.2289812102936132,-0.5221143046688178,-0.6548848922153481,-0.5903442014041297,-0.2425405151280493,0.1191310654570343,0.5072647329501856,-0.7723127432459795,1.2574398658360824,0.3361346794530601,-0.1872048398956498,-0.7761823784944973,-1.134024819161822,-0.6870681534547862,0.1573790595900686,-0.5903442014041297,-0.2425405151280493,-0.208590644266765,0.0,0.0,0.0,0.0,其他,0,0,0.5,1.0,0,0.2973523421588595,-0.005382775119617267,-0.037679425837320535,0.07755102040816327,0.49284253578732107,0.6073619631901841,0.3183673469387755,0.00408997955010225,0.065439672801636,0.5,0.5,0.5,0.5,0.2973523421588595,0.2240325865580448,0.319755600814664
2025-11-03,16.73,16.84,16.67,16.79,3296302.0,16.826,17.375999999999998,17.4185,17.1755,-0.002139545940806,-0.0337246777163903,-0.0360823262623074,-0.0224447614334372,17.4185,18.593830188768703,16.2431698112313,0.2326283260529135,0.1349519406104949,0.0041866028708135,-0.0540845070422535,-0.0672222222222223,0.0084084084084083,0.0165025615257375,0.0148770673902589,0.0227406034520788,43.21503130260937,-0.055755250392103,0.0882300763231977,-0.1439853267153008,40932426.0,56.97746097596749,0.6199999999999998,0.3730178748251087,0.0923913043428038,0.2268518518413487,0.0005955926146516,0.0041866028708135,0.0227406034520788,43.21503130260937,-0.0874025470653377,0.0,0.0,0.0,0.5,0.1373462034481911,0.0304939800930601,0.2900571962025398,0.1694066277392801,-0.6218953587142529,0.209707214998802,0.4931608026550115,0.6252373397924994,0.9614137643216164,-0.0315028784815374,-0.5191113551996343,-0.4029229134571641,-0.1746647016693463,0.6252373397924994,0.1847200015449684,1.0957787407141062,-0.8296467040877118,-0.6202593346515803,0.1096391825232706,-0.6263012427662413,-0.6405283491711897,0.0932667356378605,-0.5811646159674391,-0.8611155680419399,-0.6169998403827571,-0.4132483651977564,0.036412691373909,0.4143028527342811,-0.7741394852858965,1.3186203826024356,0.1961775552174115,-0.2601001713237743,-0.8038777739159864,-1.0205791278777934,-0.5454568094956148,0.1096391825232706,-0.6169998403827571,-0.4132483651977564,-0.1524252229569771,0.0,0.0,0.0,0.0,其他,0,0,0.5,1.0,0,0.2708757637474542,-0.01965455628350199,-0.03573555687909458,0.06938775510204082,0.30879345603271985,0.5930470347648262,0.19183673469387755,0.00408997955010225,0.08588957055214724,0.5,0.5,0.5,0.5,0.2708757637474542,0.1975560081466395,0.3319755600814664
2025-11-04,16.79,16.86,16.69,16.78,3613400.0,16.752,17.239,17.409,17.166666666666668,0.001671442215855,-0.0266256743430592,-0.0361307369751277,-0.0225242718446602,17.409,18.602524634279103,16.215475365720895,0.2364947559697554,0.1371158175969037,-0.0005955926146514,-0.0215743440233234,-0.0754820936639116,-0.0111962286387741,0.0106495248236787,0.0141139912656769,0.0223173210235996,27.777777767489724,-0.0845876377028034,0.0536665335179975,-0.1382541712208009,37319026.0,50.7317698206331,0.5307142857142855,0.4167530192593664,0.0869565217344046,0.2222222222119343,0.00238379022646,-0.0005955926146514,0.0223173210235996,27.777777767489724,0.0961981032077765,0.0,0.0,0.0,0.5,0.16215983101327,0.0381431119822286,0.2990345314872475,0.1649501051050372,-0.5764715906919412,0.1760162223926092,0.4276757993194143,0.619209403029655,0.9521443573767512,0.0537047207222665,-0.4037869003660237,-0.4030173022236621,-0.1753089327259554,0.619209403029655,0.1876690379898865,1.076675358500171,-0.8162345674911341,-0.6039234794580153,-0.0149003106499646,-0.2590807126623624,-0.7169445231739888,-0.0599933140351,-0.8335911641319641,-0.8973177112275226,-0.6411524758376964,-1.3853270105546442,-0.0287707215894931,0.3250782217211345,-0.7423035906972631,1.243784703080123,-0.1927635746437364,-0.4391318169955086,-0.7497148308511071,-1.033998225491286,-0.5646433827844628,-0.0149003106499646,-0.6411524758376964,-1.3853270105546442,-0.0550634826078786,0.0,0.0,0.0,0.0,其他,0,0,0.5,1.0,0,0.2612244897959184,-0.027413587604290912,-0.038140643623361226,0.24130879345603273,0.26434426229508196,0.5799180327868853,0.05112474437627812,0.024539877300613498,0.11860940695296524,0.5,0.5,0.5,0.5,0.2612244897959184,0.17346938775510204,0.3183673469387755
2025-11-05,16.65,16.95,16.61,16.93,3558465.0,16.768,17.116,17.4115,17.159,0.0096612595419847,-0.0108670250058424,-0.0276541366338339,-0.0133457660702838,17.4115,18.6005602215724,16.2224397784276,0.2975291783821416,0.1365833181018949,0.0089392133492252,0.004747774480712,-0.0677312775330396,0.0029620853080569,0.0088813886563552,0.01488862857431,0.0223773421536862,31.99999998805332,-0.0942473412914957,0.0240837585560988,-0.1183310998475945,40877491.0,42.5712441404112,0.5028571428571426,0.410794603944796,0.1684782608604081,0.2916666666531631,-0.0135853514471352,0.0089392133492252,0.0223773421536862,31.99999998805332,-0.015203132783528,0.0,0.0,0.0,0.5,0.1036612933220942,0.0727100499172666,0.2613613075961092,0.2288304421412735,-0.5833485176031702,0.1830574946300565,0.3688697703869885,0.6195639210958948,0.9438413539439908,0.2323965064989274,-0.1485394087110458,-0.2925648950644319,-0.074595877090577,0.6195639210958948,0.1867324547200531,1.078150554307627,-0.6279577599058273,-0.6067703746027029,0.2334447212473313,0.0382602161796456,-0.6430457780004007,0.0508079649977253,-0.90851284029735,-0.8570586658916063,-0.6365583283417936,-1.115664957843289,-0.0505883269126554,0.2486850386457989,-0.634986858728197,1.3101221860201442,-0.7006207668546486,-0.494533910692455,-0.7555638912794627,-0.7945704852968685,-0.2622220118519362,0.2334447212473313,-0.6365583283417936,-1.115664957843289,-0.1140404785447932,0.0,0.0,0.0,0.0,其他,0,0,0.5,1.0,0,0.2260692464358452,-0.050206733608978205,-0.037212049616066056,0.46530612244897956,0.3346938775510204,0.5836734693877551,0.06938775510204082,0.04285714285714286,0.1306122448979592,0.5,0.5,0.5,0.5,0.22606924643584522,0.16089613034623218,0.3971486761710794
2025-11-06,16.95,16.95,16.74,16.82,2916915.0,16.808,16.999000000000002,17.405499999999996,17.1535,0.0007139457401237,-0.0105300311783047,-0.0336387923357557,-0.0194420963651733,17.405499999999996,18.60573638022705,16.205263619772943,0.2560897129635232,0.1379146109241513,-0.0064973419964559,0.0120336943441636,-0.0650361311839909,-0.0070838252656435,0.0060656949238197,0.0148632912226583,0.0224152489125007,39.60396037774075,-0.1095163701283183,-0.0026362671807845,-0.1068801029475337,37960576.0,48.79403508754134,0.4349999999999997,0.3378189770146053,0.1086956521680053,0.2407407407295951,-0.0023781212841854,-0.0064973419964559,0.0224152489125007,39.60396037774075,-0.1802884108737896,0.0,0.0,0.0,0.5,0.228644728964457,0.0726307283472476,0.3217620213907589,0.1815400452725321,-0.6726187406504831,0.200970377480487,0.3129409439922332,0.6154060873011975,0.937287319417082,0.0317450692036311,-0.1429170662166943,-0.3698960018324956,-0.1413306688145747,0.6154060873011975,0.1884028734593845,1.06536630466056,-0.7538568241820278,-0.5963667944220351,-0.1692805706879286,0.1205319380255284,-0.616738122750678,-0.0279092708886404,-1.0284294779235557,-0.8566669544027551,-0.6332899810810213,-0.6342347543433133,-0.0851071324696491,0.1796722123414179,-0.5729960284463508,1.2491037478514362,-0.3118561172391798,-0.630299338825606,-0.8421599298509039,-0.967012842866768,-0.4832559441322709,-0.1692805706879286,-0.6332899810810213,-0.6342347543433133,-0.2014915842070386,0.0,0.0,0.0,0.0,其他,0,0,0.5,1.0,0,0.2810590631364562,-0.03686087990487519,-0.041617122473246115,0.39591836734693875,0.2857142857142857,0.5897959183673469,0.08775510204081632,0.012244897959183673,0.08979591836734693,0.5,0.5,0.5,0.5,0.28105906313645623,0.3054989816700611,0.4419551934826884
2025-11-07,16.8,16.84,16.7,16.76,2798148.0,16.816,16.916999999999998,17.3905,17.148666666666667,-0.0033301617507134,-0.0092806053082695,-0.03625542681349,-0.0226645414609493,17.3905,18.61614655332755,16.16485344667245,0.242788816925846,0.1409558728409767,-0.0035671819262781,0.0023923444976077,-0.0466439135381112,-0.0175849941383351,0.0061545961360713,0.0137373484962566,0.0223616010892491,25.590551166997315,-0.125017559443453,-0.0271125256333182,-0.0979050338101347,35162428.0,40.618900701043536,0.3907142857142854,0.3269218581309306,0.0760869565176042,0.2129629629531039,-0.0077565632458235,-0.0035671819262781,0.0223616010892491,25.590551166997315,-0.0407166475540082,0.0,0.0,0.0,0.5,0.1657728682451452,0.0301601888870792,0.3026817859142274,0.1556564799432911,-0.6882498994032974,0.2043697582312401,0.2736455213775168,0.6064744267602294,0.9312927875153338,-0.0589668871961787,-0.1225114922333565,-0.4034181168121402,-0.1765179347519627,0.6064744267602294,0.1919861474062598,1.0389302993241052,-0.7932527072866445,-0.5738172861922587,-0.0926167285207168,0.0113542635478296,-0.4429657310244246,-0.1101944082064271,-1.0222697153973417,-0.9109513129395194,-0.6354758425974335,-1.5146203481183165,-0.1201512570802566,0.1164447215047917,-0.5242972622134108,1.1908173449020854,-0.8210686218358609,-0.7183905046839543,-0.8536658376438521,-1.0596857154677466,-0.603316737136996,-0.0926167285207168,-0.6354758425974335,-1.5146203481183165,-0.1271446523967738,0.0,0.0,0.0,0.0,其他,0,0,0.5,1.0,0,0.2484725050916497,-0.06622911694510747,-0.01730310262529844,0.29591836734693877,0.27346938775510204,0.6,0.0163265306122449,0.00816326530612245,0.08979591836734693,0.5,0.5,0.5,0.5,0.2484725050916497,0.3665987780040733,0.5376782077393075
2025-11-10,16.86,16.88,16.73,16.8,2686433.0,16.818,16.822,17.374,17.141000000000002,-0.0010702818408847,-0.0013078111996194,-0.0330378726833198,-0.0198938218306984,17.374,18.62307376209629,16.124926237903708,0.2702297424518427,0.1437865502577532,0.0023866348448686,0.0005955926146516,-0.0535211267605633,-0.019264448336252,0.0059332093325339,0.0130688388290696,0.0223456839725422,22.2222222094193,-0.1325467811639349,-0.0481993767394416,-0.0843474044244932,37848861.0,33.63075852963169,0.3764285714285709,0.3178475163019378,0.0978260869512049,0.2314814814707647,-0.0202380952380952,0.0023866348448686,0.0223456839725422,22.2222222094193,-0.0399246215711248,0.0,0.0,0.0,0.5,0.1906605234092018,0.0455595252315663,0.3163604312182876,0.1726228528627975,-0.7028599901721848,0.2050455871713571,0.228185960644397,0.5967623162089073,0.9230973984737214,-0.0081757159980189,0.006956306403146,-0.3610443197358422,-0.1458471203896398,0.5967623162089073,0.1942956213897978,1.0129115767744727,-0.7077161003161411,-0.5528023758116236,0.0630506323128348,-0.0090022000575124,-0.5070750956429836,-0.1232478517594743,-1.0295521830596874,-0.9423144238580666,-0.6354150992760164,-1.719633898165312,-0.1371042627813719,0.0619573791760602,-0.4511843770128591,1.240317971217365,-1.2542080113910703,-0.7459200697152709,-0.862940538769449,-0.9939721704051095,-0.5217046229633776,0.0630506323128348,-0.6354150992760164,-1.719633898165312,-0.1265836726713582,0.0,0.0,0.0,0.0,其他,0,0,0.5,1.0,0,0.2484725050916497,-0.055952380952380976,-0.017857142857142905,0.2693877551020408,0.21224489795918366,0.5836734693877551,0.014285714285714285,0.004081632653061225,0.07346938775510205,0.5,0.5,0.5,0.5,0.2484725050916497,0.47657841140529533,0.5845213849287169
2025-11-11,16.8,16.85,16.69,16.82,2947745.0,16.826,16.788999999999998,17.342999999999996,17.13,-0.0003565909901342,0.0018464470784442,-0.0301562590093983,-0.0180969060128428,17.342999999999996,18.615727696513737,16.070272303486256,0.2945357826886093,0.1467713425020357,0.0011904761904761,0.00238379022646,-0.0192419825072884,-0.0355504587155963,0.0059321321959088,0.0085110746979095,0.0219112941520995,22.540983593623963,-0.1353397978262585,-0.065627460956805,-0.0697123368694534,40796606.0,21.324431949841,0.3392857142857138,0.3665437952746938,0.1086956521680053,0.2407407407295951,-0.0297265160523186,0.0011904761904761,0.0219112941520995,22.540983593623963,0.0972709909385418,0.0,0.0,0.0,0.5,0.1653494469154831,0.0339237679189903,0.2972523650092666,0.1810094325345328,-0.6649654209171223,0.2084486097543503,0.212226092896227,0.5793490935769191,0.91231511427233,0.0078707899667192,0.0581728972723672,-0.3230685272248634,-0.1258934287664125,0.5793490935769191,0.1913789876346665,0.9783154789358532,-0.6319756157508807,-0.5307197018949781,0.0316940637454284,0.0112770988329122,-0.1835318038455506,-0.2510435924003989,-1.0272859918243515,-1.1665743802180335,-0.660278907662654,-1.6922342871954643,-0.143298053614494,0.0169127714680614,-0.3723701806206287,1.2945958719038906,-2.0114536706031925,-0.8193767129822422,-0.802520065855955,-0.9601493009320972,-0.4805414699668113,0.0316940637454284,-0.660278907662654,-1.6922342871954643,-0.0534259676650168,0.0,0.0,0.0,0.0,其他,0,0,0.5,1.0,0,0.2967479674796748,-0.05053507728894169,-0.024970273483947758,0.25865580448065173,0.12830957230142567,0.5763747454175153,0.014256619144602852,0.006109979633401222,0.09775967413441955,0.5,0.5,0.5,0.5,0.2967479674796748,0.4573170731707317,0.6117886178861789
2025-11-12,16.82,16.82,16.61,16.7,2418900.0,16.78,16.774,17.255000000000003,17.1205,-0.0047675804529202,-0.0044115893644928,-0.0321645899739208,-0.0245611985631261,17.255000000000003,18.44310773922212,16.06689226077789,0.2664353232855712,0.1377117055016199,-0.0071343638525565,-0.0135853514471352,-0.0089020771513353,-0.09534127843987,0.0043543681122235,0.0068771252500844,0.0167479213453784,23.01255228777501,-0.1455583744383233,-0.0816136436531086,-0.0639447307852146,38377706.0,23.93103975575525,0.3007142857142852,0.3402207966723764,0.0481927710814331,0.1851851851766111,-0.0371257485029941,-0.0071343638525565,0.0167479213453784,23.01255228777501,-0.1794066311706067,0.0,0.0,0.0,0.5,0.1735416123591314,0.0222880923839422,0.2593995825795864,0.1292835076371192,-0.7383709284175126,0.1872867351562422,0.2048405874120797,0.5315924644529303,0.9027648862112664,-0.0913665350938518,-0.0436321840905469,-0.3488423946780373,-0.1969411308551917,0.5315924644529303,0.1278761226926294,0.974169351897084,-0.7172228947605325,-0.5945665868587353,-0.1863261523786873,-0.1699411931273835,-0.0858023078475137,-0.7205897315732107,-1.0931476302403655,-1.244522753474136,-0.9666465466627692,-1.6556730846960812,-0.1663768014976312,-0.0244068065123476,-0.3410512700365319,1.243577697751448,-1.8401797070887649,-0.8954771454655708,-0.8327998115259839,-1.133903747547212,-0.7219977631428226,-0.1863261523786873,-0.9666465466627692,-1.6556730846960812,-0.2007778928518549,0.0,0.0,0.0,0.0,其他,0,0,0.5,1.0,0,0.2810590631364562,-0.05628742514970053,-0.014371257485029876,0.22244897959183674,0.0653061224489796,0.4163265306122449,0.026530612244897958,0.006122448979591836,0.09795918367346938,0.5,0.5,0.5,0.5,0.28105906313645623,0.4460285132382892,0.6313645621181263
2025-11-13,16.7,16.82,16.6,16.78,2489978.0,16.772000000000002,16.79,17.18,17.112666666666666,0.0004769854519437,-0.0005955926146514,-0.0232828870779976,-0.019439791187814,17.18,18.28192176625513,16.07807823374486,0.3184989115011125,0.128279600261784,0.0047904191616767,-0.0023781212841854,0.0096269554753309,-0.0820568927789934,0.0048113351555468,0.0053795457650137,0.0168399302564346,30.58252425106045,-0.1455238304798207,-0.0943956810184511,-0.0511281494613696,40867684.0,31.174342931027283,0.2792857142857138,0.401472465678638,0.1038961038893575,0.2222222222119343,-0.0345649582836711,0.0047904191616767,0.0168399302564346,30.58252425106045,0.0293844309396833,0.0,0.0,0.0,0.5,0.1230461965734193,0.0222641535824856,0.2544093227829244,0.1635291772848504,-0.7271371619382617,0.1834336328728753,0.2122332949619452,0.4908286023711407,0.8945724891339336,0.0268420620009146,0.0185234046100586,-0.2325251511975501,-0.1402094780646951,0.4908286023711407,0.0685730112171396,0.9786530898775252,-0.556109655901696,-0.6609636949007264,0.1264602135685014,-0.042446209261846,0.0892509169168971,-0.6149807677356351,-1.0708088746179896,-1.3151716710583623,-0.9590738297603468,-1.177614874686414,-0.1661146024726264,-0.0574394450786371,-0.2719874924574444,1.288831208159607,-1.3860191184614965,-0.9368096121974674,-0.7572804517304386,-0.9691796937760454,-0.5591203386008637,0.1264602135685014,-0.9590738297603468,-1.177614874686414,-0.0891978877112925,0.0,0.0,0.0,0.0,其他,0,0,0.5,1.0,0,0.473469387755102,-0.05125148986889161,-0.03694874851013119,0.278118609406953,0.06339468302658487,0.4110429447852761,0.049079754601226995,0.022494887525562373,0.09815950920245399,0.5,0.5,0.5,0.5,0.47346938775510206,0.5183673469387755,0.6510204081632653
2025-11-14,16.72,16.82,16.63,16.63,2747802.0,16.746000000000002,16.781,17.139,17.107000000000003,-0.006927027349815,-0.0089982718550741,-0.0296983487951455,-0.0278833226164729,17.139,18.259486736340623,16.018513263659376,0.272866566145343,0.1307528719685029,-0.0089392133492254,-0.0077565632458235,-0.0053827751196172,-0.0469914040114612,0.0061031431652698,0.0058770370789196,0.0138441050422617,22.549019592368225,-0.1558041868601414,-0.1066773821867891,-0.0491268046733522,38119882.0,34.62112175135347,0.2657142857142854,0.473372265265269,0.0064935064930835,0.1527777777707039,-0.0589296452194827,-0.0089392133492254,0.0138441050422617,22.549019592368225,0.1035446899530838,0.0,0.0,0.0,0.5,0.1313053953195777,0.0222402917506339,0.2682122540407042,0.0988053655723057,-0.6896198694970481,0.1713758456537678,0.2076966559863105,0.4682601714886001,0.8881265689676402,-0.1401070237725824,-0.1184048901576895,-0.3160457873192214,-0.2332623314338955,0.4682601714886001,0.0602526809501015,0.9413087913736516,-0.6955576792762932,-0.6422461568719121,-0.2339447919947141,-0.1035630735031907,-0.0527310293642781,-0.3381162337598852,-1.012525700752017,-1.2866403745144082,-1.1351602366735818,-1.6743328691060324,-0.1893569853357022,-0.0891763863973476,-0.2609423063864124,1.2315009470998537,-1.1691988896123606,-0.9621749404456492,-0.6690770501419397,-1.2499381202020912,-0.8612288374465673,-0.2339447919947141,-1.1351602366735818,-1.6743328691060324,-0.049504484920497,0.0,0.0,0.0,0.0,其他,0,0,0.5,1.0,0,0.5836734693877551,-0.03247143716175582,-0.025856885147324093,0.24539877300613497,0.08997955010224949,0.3231083844580777,0.03067484662576687,0.03067484662576687,0.11042944785276074,0.5,0.5,0.5,0.5,0.5836734693877551,0.5959183673469388,0.6959183673469388
2025-11-17,16.63,16.67,16.41,16.46,3347294.0,16.678,16.747999999999998,17.061999999999998,17.09466666666667,-0.013071111644082,-0.0171960831144015,-0.0352830852186142,-0.0371265891896108,17.061999999999998,18.14436777483417,15.97963222516583,0.2219059851840003,0.1268746659040938,-0.010222489476849,-0.0202380952380952,-0.0196545562835019,-0.0855555555555555,0.0066545489345213,0.0063417821454346,0.0114073908995093,28.571428546583817,-0.1756443044018709,-0.1204707666298055,-0.0551735377720654,34772588.0,38.75578522052513,0.2307142857142854,0.6215376677838352,0.0,0.0740740740706447,-0.0364520048602674,-0.010222489476849,0.0114073908995093,28.571428546583817,0.2181714694144629,0.0,0.0,0.0,0.5,0.0933535804112583,-0.0359675690889654,0.1644446819911918,0.0254676049754242,-0.6039961359238787,0.1401522485102344,0.1916977420970305,0.4264767836893975,0.8764505077447291,-0.2785984081099042,-0.2519751056335758,-0.3886643649237359,-0.3351218067934187,0.4264767836893975,0.0178388854046288,0.9163427127657532,-0.8510287115758136,-0.668938637886717,-0.2673828166046254,-0.2455291894677295,-0.1877232649215139,-0.6414292413813966,-0.9864875434658495,-1.259937080929494,-1.2769384972600375,-1.2935850272520686,-0.2344009208941473,-0.1248304292827707,-0.2931019752323642,1.1628282931302292,-0.9110510051370468,-1.0305388529838848,-0.488763217268022,-1.2651929595583054,-1.2022014353236306,-0.2673828166046254,-1.2769384972600375,-1.2935850272520686,0.0118190029294911,0.0,0.0,0.0,0.0,其他,0,0,0.5,1.0,0,0.7285714285714285,-0.01640340218712022,-0.0236938031591738,0.24539877300613497,0.044989775051124746,0.1983640081799591,0.05725971370143149,0.16768916155419222,0.09611451942740286,0.5,0.5,0.5,0.5,0.7285714285714285,0.6428571428571429,0.689795918367347
2025-11-18,16.41,16.43,16.25,16.32,2346500.0,16.578,16.702,16.9705,17.079833333333333,-0.0155627940644226,-0.0228715123937254,-0.03833122182611,-0.0444871632236848,16.9705,17.97198258518085,15.969017414819152,0.1752314969610499,0.1180262909372084,-0.008505467800729,-0.0297265160523186,-0.0274135876042909,-0.1008264462809916,0.0061332223121186,0.0066383609370019,0.0110334460171558,31.724137900404187,-0.2003550027106122,-0.1364476138459669,-0.0639073888646453,32426088.0,43.10562219744902,0.2157142857142857,0.4774555665433526,0.0,0.0092592592588303,-0.0214460784313724,-0.008505467800729,0.0110334460171558,31.724137900404187,-0.2989859868897085,0.0,0.0,0.0,0.5,0.0007294615481695,-0.1291216450456805,0.0889343267460193,-0.0349332332633407,-0.7443198994872324,0.094311008855977,0.1694854864372275,0.376969432999527,0.8628497773502747,-0.3345493058986852,-0.3443251452276191,-0.4280457165717273,-0.4160900855525405,0.376969432999527,-0.0456641352434923,0.9081900412698636,-0.9927692660072313,-0.7310962305063585,-0.2219371358901624,-0.3533466121477391,-0.2610026113811304,-0.7606753273793612,-1.0069108564222895,-1.2417310181146015,-1.2953684563478642,-1.0937665314804714,-0.2905531403141115,-0.1661470972827997,-0.3396865963117303,1.1140888742450128,-0.6403621371203804,-1.0583672168234337,-0.6625357329776183,-1.2615346754435768,-1.4800152383110736,-0.2219371358901624,-1.2953684563478642,-1.0937665314804714,-0.2649036449365541,0.0,0.0,0.0,0.0,其他,0,0,0.5,1.0,0,0.6755102040816326,-0.011029411764705843,-0.03431372549019607,0.294478527607362,0.05112474437627812,0.1901840490797546,0.12474437627811862,0.05521472392638037,0.12678936605316973,0.5,0.5,0.5,0.5,0.6755102040816326,0.6020408163265306,0.6326530612244898
2025-11-19,16.29,16.36,16.0,16.08,3276200.0,16.454,16.616999999999997,16.8665,17.059833333333334,-0.0227300352497874,-0.0323163025816933,-0.0466308955622091,-0.0574351058529295,16.8665,17.775618138347895,15.957381861652102,0.0674379561736504,0.1078016349974809,-0.0147058823529413,-0.0371257485029941,-0.0502067336089782,-0.1145374449339208,0.0073053409827848,0.0062068634171985,0.0111388104788713,31.506849284856315,-0.2365772876794452,-0.1564735486126625,-0.0801037390667826,29149888.0,44.455231062781934,0.2199999999999999,0.7276146505549689,0.0,0.0,-0.0199004975124377,-0.0147058823529413,0.0111388104788713,31.506849284856315,0.3962071169827403,0.0,0.0,0.0,0.5,-0.0497933509590403,-0.1561906567768244,-0.0289954845132427,-0.1385020992156536,-0.6118539132660755,0.0374937965090781,0.1286066650459762,0.320797285439742,0.8452229858152537,-0.4961337324883434,-0.4981805219276608,-0.5361439312242848,-0.5588213564154398,0.320797285439742,-0.1180064984911369,0.8994677743472022,-1.3211552305183525,-0.8029355838609246,-0.3848425563228507,-0.4372777401264753,-0.4767469239531286,-0.8673006620510877,-0.9540836707511088,-1.2596038350690155,-1.2852693394545986,-1.1046529154132414,-0.3729857633177134,-0.2179742734562754,-0.426370658269315,1.047444277845711,-0.5558317989538264,-1.0472938744260212,-0.358341825301805,-1.257907964570247,-1.5143489311074767,-0.3848425563228507,-1.2852693394545986,-1.1046529154132414,0.1077466581237722,0.0,0.0,0.0,0.0,其他,0,0,0.5,1.0,0,0.6293279022403259,0.013681592039801238,-0.02487562189054715,0.2816326530612245,0.044897959183673466,0.17346938775510204,0.11632653061224489,0.3979591836734694,0.1326530612244898,0.5,0.5,0.5,0.5,0.6293279022403259,0.7209775967413442,0.6293279022403259
2025-11-20,16.1,16.5,16.1,16.2,3015825.0,16.338,16.555,16.777,17.041666666666668,-0.0084465662871833,-0.0214436726064632,-0.0343923228229123,-0.0493887530562348,16.777,17.564750962517234,15.98924903748277,0.1337675055517577,0.0939084416179932,0.0074626865671643,-0.0345649582836711,-0.0368608799048751,-0.0994997220678154,0.0084403752713174,0.0073308888815565,0.011501314685852,32.43243240175312,-0.2526878837356037,-0.1757164156372508,-0.0769714680983528,32165713.0,52.2874310710518,0.2292857142857143,0.7246015193199922,0.0718562874208474,0.0504201680651087,-0.0172839506172839,0.0074626865671643,0.011501314685852,32.43243240175312,-0.0794746962944875,0.0,0.0,0.0,0.5,-0.1298171288120421,-0.1015456545301095,0.0182198786954345,-0.0864953669474457,-0.6477464707026859,-0.0156604902659921,0.0987527932545641,0.2724227359921751,0.8291100129295454,-0.1723359102285661,-0.319758918404123,-0.3750101483323654,-0.4687950221043807,0.2724227359921751,-0.1956948995774241,0.9165196457757117,-1.1139862306187671,-0.900774074755131,0.1995995931881412,-0.4074991048250092,-0.3495174120331961,-0.7471680607940184,-0.9030629966636609,-1.2005930648119267,-1.2600230606167548,-1.044396927194754,-0.4093761337205027,-0.2677544788037638,-0.4089797863489443,1.10400703508766,-0.0694645521490467,-1.0262262045990422,-0.3615506364449332,-1.0462435087837294,-1.2901834280483635,0.1995995931881412,-1.2600230606167548,-1.044396927194754,-0.1474265991860816,0.0,0.0,0.0,0.0,其他,0,0,0.5,1.0,0,0.5804480651731161,-0.004938271604938205,-0.021604938271604923,0.47346938775510206,0.06938775510204082,0.18979591836734694,0.1469387755102041,0.45510204081632655,0.2510204081632653,0.5,0.5,0.5,0.5,0.5804480651731161,0.6211812627291242,0.6069246435845214
2025-11-21,16.07,16.2,15.61,15.65,3275600.0,16.142,16.444,16.6805,17.014,-0.0304794944864328,-0.0482850887861833,-0.0617787236593626,-0.0801692723639355,16.6805,17.524886416904064,15.836113583095935,-0.1102064051239112,0.1012423388866043,-0.0339506172839505,-0.0589296452194827,-0.0662291169451074,-0.1097838452787257,0.0148603300925825,0.0120414065450274,0.0126180675225714,20.918367331997104,-0.3063051554749236,-0.2018341636047854,-0.1044709918701382,28890113.0,44.49929020619407,0.2592857142857144,0.8518549456114178,0.0,0.0,0.0281150159744407,-0.0339506172839505,0.0126180675225714,20.918367331997104,0.0861372924489982,0.0,0.0,0.0,0.5,-0.1423338197627443,-0.2182891180138961,-0.213240821904244,-0.3243065433414715,-0.6100468274644019,-0.105483884395746,0.0453916498930745,0.2203056332107224,0.8055455624572541,-0.6709939952266428,-0.758421164059345,-0.7336128604141422,-0.8092152222699306,0.2203056332107224,-0.2101975479428121,0.8240177716389071,-1.856363149023062,-0.8465473360399828,-0.8920288627116197,-0.6851342263200105,-0.6278707308192696,-0.826931463488525,-0.6234944218784543,-0.964790797710016,-1.1903030058862,-1.7561789812430737,-0.5315636553318739,-0.3354051181829016,-0.5565585039685694,1.0374517514221058,-0.5527598211077503,-0.9636034146013176,-0.2065009469512586,-1.2518749403164502,-1.5039688468376908,-0.8920288627116197,-1.1903030058862,-1.7561789812430737,-0.0583750014628044,0.0,0.0,0.0,0.0,其他,0,0,0.5,1.0,0,0.516260162601626,0.052396166134185185,0.019169329073482455,0.5804480651731161,0.11608961303462322,0.15274949083503056,0.09164969450101833,0.285132382892057,0.3604887983706721,0.5,0.5,0.5,0.5,0.516260162601626,0.6849593495934959,0.5426829268292683
2025-11-24,15.8,15.9,15.65,15.86,2205083.0,16.022,16.35,16.586,16.991666666666667,-0.0101110972412931,-0.0299694189602447,-0.0437718557819847,-0.0666012751348701,16.586,17.34515188134313,15.826848118656866,0.0218348147160592,0.0915412855828476,0.0134185303514375,-0.0364520048602674,-0.0559523809523809,-0.1064788732394366,0.0187998700008577,0.0134013370235944,0.01288375331796,28.703703685099413,-0.3280701956641358,-0.2270813700166555,-0.1009888256474803,31095196.0,37.06015212597174,0.2650000000000003,0.6222484795239349,0.1399999999906662,0.0747330960827493,0.0208070617906683,0.0134185303514375,0.01288375331796,28.703703685099413,-0.3268155452436194,0.0,0.0,0.0,0.5,-0.2562007598915967,-0.3349992652500627,-0.1940942360781032,-0.2330137567365255,-0.7605655299769267,-0.160430455390361,0.0001954427178933,0.1692730708498601,0.7862765169820455,-0.208538690913532,-0.4574730377207549,-0.496201132378453,-0.6572360346584398,0.1692730708498601,-0.2764211616549842,0.8170046093852388,-1.445746951684394,-0.9143087900206636,0.3583873999869326,-0.427315869570922,-0.5293363349371213,-0.7993393161481204,-0.4518156259772018,-0.8955434270037262,-1.1713983978652938,-1.267068600511154,-0.5806723959489023,-0.4007531350237927,-0.5370256622886297,1.0782285081417533,-1.0132580047607669,-0.9500869135467892,-0.4854656635736004,-0.842939892523232,-1.1753083922543257,0.3583873999869326,-1.1713983978652938,-1.267068600511154,-0.2801848906526997,0.0,0.0,0.0,0.0,其他,0,0,0.5,1.0,0,0.4613821138211382,0.04035308953341743,0.016393442622950838,0.725050916496945,0.10386965376782077,0.14663951120162932,0.15682281059063136,0.2729124236252546,0.46435845213849286,0.5,0.5,0.5,0.5,0.4613821138211382,0.6605691056910569,0.5548780487804879
2025-11-25,15.94,16.07,15.81,15.97,2163845.0,15.951999999999998,16.265,16.527,16.9695,0.0011283851554666,-0.018137104211497,-0.0337024263326677,-0.0588997908011431,16.527,17.285005693631913,15.768994306368093,0.1325885117402953,0.0917293754011404,0.0069356872635562,-0.0214460784313724,-0.0505350772889416,-0.0688046647230319,0.0197857401138199,0.0138434877942486,0.011302502273552,27.35849054797086,-0.332608957115351,-0.2481868874363946,-0.0844220696789563,33259041.0,34.5463397292764,0.2592857142857146,0.6734015378617727,0.2499999999804691,0.1138790035546663,0.010644959298685,0.0069356872635562,0.011302502273552,27.35849054797086,-0.0187013368657777,0.0,0.0,0.0,0.5,-0.1967339623168489,-0.2682732560610816,-0.1181569595001067,-0.1850797891700858,-0.7651306239795279,-0.1924060840441581,-0.0406737011017169,0.1373432105467979,0.7672004050771725,0.0467321582574969,-0.2629711023307395,-0.3632591518214188,-0.5706435007194187,0.1373432105467979,-0.2983570224417398,0.7812241846514719,-1.1031995830132115,-0.9111171086105956,0.1868355673826612,-0.2551182918400569,-0.4771084049228996,-0.5005557133068873,-0.4084528774936805,-0.8719321507206095,-1.2618704316597753,-1.3467601582834483,-0.5902500420313119,-0.4552609258984459,-0.4469515779795556,1.1179987151502675,-1.166615281153738,-0.9596198102372432,-0.42256724206281,-0.5220529329739966,-1.0025791417633416,0.1868355673826612,-1.2618704316597753,-1.3467601582834483,-0.1141626216454544,0.0,0.0,0.0,0.0,其他,0,0,0.5,1.0,0,0.4908722109533469,0.026925485284909012,0.018159048215403928,0.6741344195519349,0.1955193482688391,0.09368635437881874,0.13238289205702647,0.37678207739307534,0.439918533604888,0.5,0.5,0.5,0.5,0.4908722109533469,0.7363083164300203,0.6369168356997972
2025-11-26,15.99,16.15,15.74,15.76,2087400.0,15.888,16.171,16.4725,16.939333333333334,-0.0080563947633434,-0.0254158679116937,-0.0432539080285324,-0.0696210004329175,16.4725,17.28733288567558,15.657667114324422,0.0627937872097873,0.0989325100222348,-0.013149655604258,-0.0199004975124377,-0.0562874251497005,-0.0646884272997033,0.0195897970902663,0.0140712430865783,0.0110585345449562,26.12612610965021,-0.3491266880857857,-0.2683748475662729,-0.0807518405195127,31171641.0,27.50733475768115,0.2735714285714287,0.7042434683771521,0.0859374999932857,0.0391459074719163,0.0342639593908629,-0.013149655604258,0.0110585345449562,26.12612610965021,-0.0353283160300298,0.0,0.0,0.0,0.5,-0.1753607624185681,-0.2367214048016849,-0.1511957653588569,-0.2759840312759535,-0.7746694925097316,-0.2216184102638498,-0.0858745767385812,0.107839310444976,0.7418468677024985,-0.1619591525326199,-0.3820838509895764,-0.4883886876284014,-0.688787022606958,0.107839310444976,-0.2971382252918161,0.7138295456237289,-1.313356976673279,-0.8577646888712607,-0.3441749448443122,-0.2371274688406494,-0.5312056841784012,-0.467332038995396,-0.4164564753757782,-0.8590101466008934,-1.2726894767534889,-1.4188281442046826,-0.6272737576998423,-0.5073259396159525,-0.426573147819886,1.0746182951900978,-1.5980787062669983,-0.928878734337533,-0.3844552891968115,-0.9977450488955112,-1.3232690241814655,-0.3441749448443122,-1.2726894767534889,-1.4188281442046826,-0.1229926614591627,0.0,0.0,0.0,0.0,其他,0,0,0.5,1.0,0,0.7606490872210954,0.04441624365482233,0.03870558375634525,0.6293279022403259,0.2668024439918534,0.09164969450101833,0.17718940936863545,0.4439918533604888,0.3604887983706721,0.5,0.5,0.5,0.5,0.7606490872210954,0.7829614604462475,0.6997971602434077
2025-11-27,15.9,16.03,15.82,15.92,2030100.0,15.832,16.085,16.4375,16.9235,0.0055583628094997,-0.0102580043518807,-0.0314828897338402,-0.0592962448666056,16.4375,17.28513137469531,15.589868625304687,0.1947375855421267,0.1031338554756081,0.0101522842639594,-0.0172839506172839,-0.0512514898688916,-0.0421179302045728,0.0200107271207027,0.0146067956224205,0.0111640292302896,31.89655170489003,-0.3453257458194834,-0.283765027216915,-0.0615607186025683,33201741.0,33.51580419962629,0.282857142857143,0.7143971291095716,0.2109374999835202,0.0960854092492494,0.0125628140703517,0.0101522842639594,0.0111640292302896,31.89655170489003,-0.0274504167864328,0.0,0.0,0.0,0.5,-0.2132939002761325,-0.283378405176231,-0.1130910004476242,-0.2061908087569907,-0.7814772394007234,-0.2471434051417773,-0.1272193770604984,0.0888500862645201,0.727920561755311,0.1478112123220916,-0.1326792082563356,-0.3328267563198201,-0.5728433217057659,0.0888500862645201,-0.297600678053161,0.6724143912676542,-0.9070988216522704,-0.8260665367460492,0.2726147846316008,-0.2068626415600795,-0.4825254228885616,-0.2881005537120978,-0.3976370806922433,-0.8308957500453443,-1.262802053954162,-1.0575082522750976,-0.617636807921208,-0.5468139801227929,-0.3223348417765209,1.1117904526370672,-1.2218134453751004,-0.908318618751048,-0.3715924593354135,-0.6326668453771427,-1.0730139618542482,0.2726147846316008,-1.262802053954162,-1.0575082522750976,-0.1186152036137326,0.0,0.0,0.0,0.0,其他,0,0,0.5,1.0,0,0.6483739837398373,0.015075376884422065,0.03643216080402012,0.5816326530612245,0.336734693877551,0.09795918367346938,0.2979591836734694,0.5551020408163265,0.46938775510204084,0.5,0.5,0.5,0.5,0.6483739837398373,0.7195121951219512,0.6544715447154471
2025-11-28,15.97,16.09,15.84,16.09,1558396.0,15.919999999999998,16.031,16.406,16.90533333333333,0.010678391959799,0.0036803692845113,-0.0192612458856514,-0.0482293556274152,16.406,17.25624826095829,15.555751739041709,0.3141719221658494,0.103650891253579,0.010678391959799,0.0281150159744407,-0.0324714371617558,-0.0376794258373205,0.0107351778184071,0.0153403511073797,0.0113885778200819,35.51020406134113,-0.3248512099034961,-0.2919822637542312,-0.0328689461492648,34760137.0,31.218972157490825,0.2900000000000003,0.5689618779411902,0.3437499999731443,0.1565836298876658,0.0236171535114977,0.010678391959799,0.0113885778200819,35.51020406134113,-0.2323550564011625,0.0,0.0,0.0,0.5,-0.1833788593588395,-0.2595749873738791,-0.103475228027616,-0.1320600072705364,-0.8469456044631923,-0.2063269564790606,-0.1531269992823078,0.0717506817342306,0.7121830899003564,0.2641872985516735,0.0966651161550483,-0.1713798345180167,-0.448800259655825,0.0717506817342306,-0.3079698608717426,0.6510854576430362,-0.540168496203773,-0.8208456134473907,0.2862352397003905,0.3144391228106544,-0.3028704708031142,-0.2525918135759162,-0.8005053442363813,-0.7930592502752671,-1.2459625775214291,-0.8312680658979147,-0.5697452813731541,-0.5675242648166428,-0.1667259715908599,1.1395718930981729,-1.3600961421635795,-0.8921493945231994,-0.5485759261171371,-0.245265269869207,-0.8085197242994685,0.2862352397003905,-1.2459625775214291,-0.8312680658979147,-0.2290361724368924,0.0,0.0,0.0,0.0,其他,0,0,0.5,1.0,0,0.7464503042596349,0.006836544437538894,0.019888129272840338,0.5173116089613035,0.31771894093686354,0.12219959266802444,0.3645621181262729,0.2892057026476578,0.4745417515274949,0.5,0.5,0.5,0.5,0.7464503042596349,0.6876267748478702,0.6206896551724138
2025-12-01,16.17,16.25,16.09,16.19,2153419.0,15.986,16.004,16.375999999999998,16.892666666666667,0.0127611660202677,0.0116220944763809,-0.0113580850024423,-0.0415959587986897,16.375999999999998,17.211411023955755,15.54058897604424,0.3886775523034547,0.102028703462464,0.0062150403977627,0.0208070617906683,-0.0164034021871202,-0.0357355568790945,0.0098735569934362,0.0153835146645985,0.0114540700687928,37.54940709384624,-0.2971306907681388,-0.2930119491570128,-0.004118741611126,36913556.0,38.13319652839886,0.2900000000000003,0.8029535633388076,0.4218749999670419,0.1921708184984995,0.0191476219888819,0.0062150403977627,0.0114540700687928,37.54940709384624,0.3818175868007873,0.0,0.0,0.0,0.5,-0.0982855146134005,-0.196599554231832,0.015457107279901,-0.0883982154754655,-0.7611422980936574,-0.1756631342246432,-0.1659961912430098,0.0554622300482994,0.70085088730942,0.3113355710775066,0.2272829579975508,-0.0669199847780259,-0.3742560831028362,0.0554622300482994,-0.3242646518844638,0.6410630236546555,-0.3111962165973104,-0.8309658624388895,0.1676220411233487,0.2301279411483188,-0.1491497179734034,-0.2368800276315072,-0.8365626627585697,-0.789538583132045,-1.238625136848034,-0.703281295671387,-0.5052685271184109,-0.5694289879651334,-0.0108095400959792,1.1787995292627784,-0.9296764068725824,-0.8904245596522076,-0.2620435745988336,-0.0172953928954184,-0.652700919479335,0.1676220411233487,-1.238625136848034,-0.703281295671387,0.1029182727150003,0.0,0.0,0.0,0.0,其他,0,0,0.5,1.0,0,0.7464503042596349,-0.0074119827053737986,0.009882643607164843,0.46028513238289204,0.329938900203666,0.12016293279022404,0.395112016293279,0.4725050916496945,0.505091649694501,0.5,0.5,0.5,0.5,0.7464503042596349,0.6470588235294118,0.6450304259634888
2025-12-02,16.23,16.24,16.08,16.14,1424989.0,16.020000000000003,15.986,16.344,16.876333333333335,0.0074906367041196,0.0096334292505944,-0.0124816446402349,-0.043631120504059,16.344,17.16312405075529,15.524875949244713,0.375476736490983,0.1002354442915169,-0.003088326127239,0.010644959298685,-0.0110294117647058,-0.0381406436233612,0.0101834845688662,0.0152055210406499,0.0114543531994205,38.6178861568842,-0.2760148345707129,-0.2896125262397528,0.0135976916690398,35488567.0,39.33411957457427,0.2864285714285716,0.553941952305152,0.3828124999700931,0.1743772241930827,0.0161090458488226,-0.003088326127239,0.0114543531994205,38.6178861568842,-0.3382667283979569,0.0,0.0,0.0,0.5,-0.0726857426486981,-0.2003082446043096,0.0106829914094178,-0.1100886837967196,-0.8631040158093107,-0.1597762781967374,-0.174514522304022,0.0380921870365899,0.6866375520086858,0.1907880732570041,0.1942632042504325,-0.0816868406722229,-0.3964458479825188,0.0380921870365899,-0.3418361835968853,0.6307338639331936,-0.3513093250839584,-0.842284777341151,-0.0794061979445678,0.1130069620067424,-0.0976328250433702,-0.2557035886228097,-0.8215873370156619,-0.7969941165913487,-1.2351868363915377,-0.6358170686527104,-0.4560461374666656,-0.5597524977474627,0.0852734680042738,1.1480960183561448,-0.8536412123630215,-0.895903697451533,-0.5661387796853388,-0.1312503887065431,-0.7287717863264117,-0.0794061979445678,-1.2351868363915377,-0.6358170686527104,-0.2864896381787517,0.0,0.0,0.0,0.0,其他,0,0,0.5,1.0,0,0.8073022312373225,-0.023543990086741018,0.009293680297397744,0.4898373983739837,0.31771894093686354,0.12423625254582485,0.4215885947046843,0.2708757637474542,0.48879837067209775,0.5,0.5,0.5,0.5,0.8073022312373225,0.6105476673427992,0.6490872210953347
2025-12-03,16.22,16.37,16.08,16.3,2325696.0,16.128,16.008000000000003,16.3125,16.866333333333333,0.0106646825396825,0.0182408795602198,-0.0007662835249041,-0.0335777386904879,16.3125,17.083797607930578,15.54120239206942,0.4918967724516052,0.0945652239602575,0.009913258983891,0.0342639593908629,0.0136815920398012,-0.037212049616066,0.0057898605446158,0.014725886147901,0.01150473408117,40.551181080011176,-0.2435620716289079,-0.2804024353175838,0.0368403636886758,37814263.0,38.90588642020169,0.2914285714285719,0.926271940399872,0.5555555555080726,0.2313167259704158,0.0098159509202453,0.009913258983891,0.01150473408117,40.551181080011176,0.6320799669330781,0.0,0.0,0.0,0.5,-0.0768634141135802,-0.1490525723888412,0.0106718563148349,-0.0401920207728918,-0.7338603867373229,-0.1096926658136372,-0.1636792282283917,0.0209929929099002,0.677491203739986,0.2630371889024187,0.3359995638292413,0.0733089592638039,-0.2836485041826812,0.0209929929099002,-0.3709559383568829,0.6394926953440557,0.0065819100574547,-0.8813524780115229,0.2659993716714975,0.3847600329586775,0.13887151056411,-0.2480267776252721,-1.0111148084769803,-0.8193903089153374,-1.2288248077278834,-0.5147110681667391,-0.3807654696143886,-0.534885204469619,0.2113462992642489,1.1906126524628415,-0.8785204243352156,-0.8840985964492323,-0.109767982034853,0.3734064570620513,-0.4802326150823711,0.2659993716714975,-1.2288248077278834,-0.5147110681667391,0.2389362262956782,0.0,0.0,0.0,0.0,其他,0,0,0.5,1.0,0,0.6842105263157895,-0.038036809815951034,0.0012269938650306678,0.7601626016260162,0.395112016293279,0.12423625254582485,0.5193482688391039,0.6354378818737271,0.6517311608961304,0.5,0.5,0.5,0.5,0.6842105263157895,0.4473684210526316,0.5991902834008097
2025-12-04,16.3,16.32,16.12,16.12,1513452.0,16.168,16.0,16.2775,16.860166666666668,-0.0029688273132111,0.0075,-0.0096759330363999,-0.0439003173159616,16.2775,17.01460314924779,15.540396850752211,0.3931628495957153,0.0905671201650451,-0.011042944785276,0.0125628140703517,-0.0049382716049382,-0.0416171224732461,0.0093578659007196,0.0150468305012674,0.0116458092255473,40.07782098984093,-0.2297194559721731,-0.2702658394485017,0.0405463834763286,36300811.0,40.48277261128359,0.2921428571428575,0.6201044992190061,0.4017094016750681,0.1672597864709162,0.0024813895781636,-0.011042944785276,0.0116458092255473,40.07782098984093,-0.3492477090728969,0.0,0.0,0.0,0.5,-0.0427166709088543,-0.1685447894139123,0.0297326353050107,-0.118735346081556,-0.8478796105460669,-0.0910707136278938,-0.1673757819872221,0.0019963820499211,0.6714158588190957,-0.0488215451559926,0.1582960568303318,-0.0447072226847894,-0.3986695849063381,0.0019963820499211,-0.3962833761499267,0.6380367731273733,-0.296926586772897,-0.9083067337501988,-0.2914256026761971,0.1342756258343166,-0.0395943044888209,-0.2827878851426049,-0.8538907596485208,-0.8020142196866439,-1.2171681549262567,-0.5434611631573407,-0.348413299375498,-0.5076219503318702,0.231251662738297,1.1581586743261365,-0.7793737450333155,-0.8809742623644938,-0.4846978253449747,-0.0767949188762414,-0.7578832430050592,-0.2914256026761971,-1.2171681549262567,-0.5434611631573407,-0.29289707242627,0.0,0.0,0.0,0.0,其他,0,0,0.5,1.0,0,0.7044534412955465,-0.01674937965260559,0.011166253101736912,0.6463414634146342,0.439918533604888,0.12627291242362526,0.5356415478615071,0.3319755600814664,0.6558044806517311,0.5,0.5,0.5,0.5,0.7044534412955465,0.5364372469635628,0.5445344129554656
2025-12-05,16.09,16.49,16.07,16.47,3278200.0,16.244,16.082,16.263,16.857666666666667,0.0139128293523762,0.0241263524437258,0.0127282789153291,-0.02299646056196,16.263,16.97097264294415,15.555027357055852,0.6461920894814207,0.0870654421619376,0.0217121588089328,0.0236171535114977,0.0523961661341851,-0.0173031026252984,0.0125237429158913,0.0110061810379055,0.0127891196600915,50.18181815627104,-0.1883359883667879,-0.253879869232159,0.0655438808653711,39579011.0,50.80681290819098,0.3035714285714287,1.3300912949720078,0.7008547007947975,0.2918149466088316,-0.0163934426229508,0.0217121588089328,0.0127891196600915,50.18181815627104,1.166041605548111,0.0,0.0,0.0,0.5,-0.1321885830361458,-0.1014831235568637,0.0058369408202522,0.0343534930443971,-0.5959320561182821,-0.0557767623769369,-0.1274362541675287,-0.0058749583310566,0.6682740628814883,0.3374125494258115,0.4328465995518787,0.2522107920112622,-0.1641988540536753,-0.0058749583310566,-0.4120603193591326,0.6457840990907177,0.4819142440180793,-0.9316092771534272,0.580386851453887,0.2616352341317919,0.5099722689842625,-0.0887986932376715,-0.7145936636684525,-1.001029626897017,-1.1465714661068032,0.0867035680363797,-0.2525441615493064,-0.4640064235404609,0.3669284483252144,1.2191252676547673,-0.1386295633842636,-0.8562639129112288,0.3864961509516446,0.7982894802539048,-0.2147048876250946,0.580386851453887,-1.1465714661068032,0.0867035680363797,0.5289120706418469,0.0,0.0,0.0,0.0,其他,0,0,0.5,1.0,0,0.5841784989858012,-0.031572556162720034,0.011536126290224713,0.7474541751527495,0.536734693877551,0.16122448979591836,0.736734693877551,0.863265306122449,0.7224489795918367,0.5,0.5,0.5,0.5,0.5841784989858012,0.3671399594320487,0.5517241379310345
2025-12-08,16.58,16.79,16.36,16.5,3269437.0,16.306,16.146,16.248,16.849,0.0118974610572795,0.0219249349684131,0.0155096011816837,-0.0207133954537361,16.248,16.919858381066987,15.576141618933017,0.6875395224891299,0.0827004408004494,0.0018214936247724,0.0191476219888819,0.0403530895334174,-0.0178571428571429,0.0125486451163626,0.0106460861150154,0.0127823444433301,53.4090908807679,-0.151373602198845,-0.2333786158254961,0.0820050136266511,42848448.0,59.32009384323134,0.3192857142857143,1.311029798563277,0.7264957264336326,0.302491103192082,-0.026060606060606,0.0018214936247724,0.0127823444433301,53.4090908807679,-0.0026731132938807,0.0,0.0,0.0,0.5,0.0770392765398895,0.0167776021248054,0.1443885081381707,0.04744283352397,-0.5963402439745511,-0.0269737801044133,-0.0962358509523313,-0.0140180182118155,0.6602328799386307,0.290883046922631,0.395906827490297,0.2888067238051417,-0.1384160924283674,-0.0140180182118155,-0.4306204980732213,0.6573858373340935,0.6084941291319776,-0.9610134302011848,0.0500647981255948,0.2097418716391518,0.3938195352212369,-0.0931200572332396,-0.7123787722908341,-1.016757888525168,-1.1441019700825208,0.2878933923645035,-0.1669050268908649,-0.4096303537580261,0.4560672768783462,1.2795354893963369,0.3896853752291112,-0.8229886073167701,0.362628906514237,0.8717865054781441,-0.1679127478538183,0.0500647981255948,-1.1441019700825208,0.2878933923645035,-0.1058446130215179,0.0,0.0,0.0,0.0,其他,0,0,0.5,1.0,0,0.4807302231237322,-0.023030303030302957,-0.018787878787878687,0.7474541751527495,0.5816326530612245,0.17142857142857143,0.7346938775510204,0.826530612244898,0.7183673469387755,0.5,0.5,0.5,0.5,0.48073022312373226,0.40365111561866124,0.38336713995943206
2025-12-09,16.66,16.75,16.36,16.4,2581900.0,16.357999999999997,16.189,16.227,16.835666666666665,0.0025675510453602,0.0130335412934707,0.0106612436063349,-0.0258776011245965,16.227,16.84790256884589,15.606097431154112,0.6393133227469433,0.0765270929736935,-0.0060606060606061,0.0161090458488226,0.026925485284909,-0.0249702734839477,0.0130217593977178,0.0110360148718956,0.0128250086608146,56.399999968416,-0.1286666204182758,-0.2124362167440521,0.0837695963257763,40266548.0,60.46937835314208,0.3214285714285715,1.0429808788589363,0.663716814100554,0.2669039145812483,-0.0390243902439023,-0.0060606060606061,0.0128250086608146,56.399999968416,-0.2102921695692561,0.0,0.0,0.0,0.5,0.1111310020691566,0.000989746992894,0.1442361512971884,0.0035981486815009,-0.6932375085947067,-0.0028118569443558,-0.0752402896024065,-0.0254244668552241,0.6484934926945166,0.0767218348422144,0.2482554690289096,0.2241067722630429,-0.1961859990725642,-0.0254244668552241,-0.4569530632062811,0.674242878261397,0.459103538133327,-1.003258375183146,-0.1601143374650254,0.1743953447906767,0.2644359244576133,-0.1498008124097581,-0.6906416940148818,-0.9952467114410136,-1.1387413932668833,0.4742211260527194,-0.1142310276201224,-0.3541310011922415,0.465105951839428,1.2258957242333786,0.460542578409898,-0.8171975300074329,0.0328866445180291,0.6866326831038593,-0.322965109386879,-0.1601143374650254,-1.1387413932668833,0.4742211260527194,-0.2185061218816508,0.0,0.0,0.0,0.0,其他,0,0,0.5,1.0,0,0.3995943204868154,-0.008536585365853444,0.006707317073170849,0.8085539714867617,0.610204081632653,0.17142857142857143,0.8122448979591836,0.710204081632653,0.7510204081632653,0.5,0.5,0.5,0.5,0.3995943204868154,0.5030425963488844,0.44016227180527384
2025-12-10,16.4,16.59,16.3,16.46,2199681.0,16.39,16.259,16.215,16.823,0.0042708968883464,0.0123623839104496,0.0151094665433242,-0.0215776020923734,16.215,16.805967093214658,15.624032906785343,0.7072873453888573,0.0728914083516513,0.003658536585366,0.0098159509202453,0.0444162436548223,-0.0143712574850298,0.0125144118961947,0.0095282641948742,0.0127885151231971,55.32786882071355,-0.1046236390184773,-0.1908737011989371,0.0862500621804598,42466229.0,52.50509115115732,0.3121428571428571,0.8925321292735436,0.7168141592286005,0.288256227747749,-0.0473876063183476,0.003658536585366,0.0127885151231971,55.32786882071355,-0.1480378790812967,0.0,0.0,0.0,0.5,-0.0001593536496011,-0.0621587556209585,0.1153595050292521,0.0298991558312123,-0.7465228839020632,0.0120582333521873,-0.0411121659394905,-0.0319308065612768,0.6373118801958318,0.1157247845174165,0.2368568418551812,0.2829665525161454,-0.1476512442049616,-0.0319308065612768,-0.4720390116634818,0.6838947486406578,0.6679610213602998,-1.027141896233993,0.0994194304257008,0.101398476154032,0.432205719093109,-0.0649365439760257,-0.7116966627339759,-1.0678826563343562,-1.1380742803899215,0.4066491513608507,-0.0584670250202752,-0.2970276963193164,0.4780391974920397,1.2654383959218254,-0.0349789130867642,-0.8344954371304624,-0.1522016122505103,0.8408521019991704,-0.2292985480011758,0.0994194304257008,-1.1380742803899215,0.4066491513608507,-0.1844226304025048,0.0,0.0,0.0,0.0,其他,0,0,0.5,1.0,0,0.2961460446247465,-0.005467800729040073,0.0036452004860265674,0.6849593495934959,0.6306122448979592,0.1836734693877551,0.7346938775510204,0.6244897959183674,0.7285714285714285,0.5,0.5,0.5,0.5,0.2961460446247465,0.5111561866125761,0.40365111561866124
2025-12-11,16.5,16.53,16.16,16.16,2024800.0,16.398,16.282999999999998,16.184,16.805666666666667,-0.0145139651176972,-0.0075538905607073,-0.0014829461196244,-0.0384195806969871,16.184,16.71185165380102,15.656148346198982,0.4772663400077414,0.0652312968113886,-0.0182260024301337,0.0024813895781636,0.015075376884422,-0.0369487485101311,0.014623185356478,0.0116197809977037,0.0132990321940615,61.6438355770313,-0.1085258770782537,-0.1744041363748005,0.0658782592965467,40441429.0,54.48693233576351,0.2964285714285714,0.8294006472298896,0.5204081632122037,0.1814946619152491,-0.0191831683168317,-0.0182260024301337,0.0132990321940615,61.6438355770313,-0.0795028915556391,0.0,0.0,0.0,0.5,0.0426450508092718,-0.0857990265132704,0.0481439458636995,-0.1017907817931043,-0.770197581426286,0.0157663995622815,-0.0293827492979071,-0.0487933583866946,0.6224309027866816,-0.3158386724713017,-0.0938102276257983,0.0619008894892616,-0.3368330111378533,-0.0487933583866946,-0.5066359841473075,0.7019979182224872,-0.04270149490737,-1.0797391183793996,-0.4851870012582442,0.016340566105543,0.149458916837744,-0.2454752845061597,-0.6185831239395806,-0.9618282492444908,-1.1052316592092244,0.8007099534334337,-0.067447361829702,-0.2533480386984963,0.3663167864249745,1.2227609891012177,0.0883733311672986,-0.8647232224257373,-0.2297612828877023,0.264190441135481,-0.6955211107841931,-0.4851870012582442,-1.1052316592092244,0.8007099534334337,-0.146925346795249,0.0,0.0,0.0,0.0,其他,0,0,0.5,1.0,0,0.3407707910750507,0.021039603960395947,0.026608910891089188,0.7052845528455285,0.6510204081632653,0.1836734693877551,0.8020408163265306,0.48367346938775513,0.7326530612244898,0.5,0.5,0.5,0.5,0.3407707910750507,0.5598377281947262,0.3813387423935091
2025-12-12,16.14,16.44,16.1,16.2,2155880.0,16.344,16.294000000000004,16.1625,16.788333333333334,-0.0088105726872247,-0.0057689947219838,0.0023201856148491,-0.0350441775042192,16.1625,16.647121393188804,15.677878606811197,0.5386899964314206,0.0599686178729535,0.0024752475247524,-0.0163934426229508,0.0068365444375388,-0.025856885147324,0.0091978967274326,0.0111858346520641,0.0132210518559829,58.41584154367216,-0.1071555407766169,-0.1609544172551638,0.0537988764785468,42597309.0,54.46749584977741,0.3028571428571429,0.8939310623442362,0.6470588234532862,0.1957295373595821,-0.015432098765432,0.0024752475247524,0.0132210518559829,58.41584154367216,0.0647372580007901,0.0,0.0,0.0,0.5,-0.1116523442510998,-0.1213030023137414,0.0193090110648938,-0.0841128938754953,-0.7502859664028445,-0.0093908041019784,-0.0239901213958454,-0.0604723869461458,0.6075795594761589,-0.1843784506014294,-0.0640685750230823,0.1124883166989018,-0.2984094954424416,-0.0604723869461458,-0.5301926800195846,0.7138604447731367,0.1471256728047881,-1.1149101655210023,0.0687635103804681,-0.202514158346543,0.0699537969451216,-0.1563808858795918,-0.8544561273662078,-0.9813984369550012,-1.107188007874632,0.59766323789703,-0.0641996878751214,-0.2176356272171144,0.2999300091573151,1.2614382496198888,0.0870686874205065,-0.8501453696253375,-0.1499724859634418,0.6352664348946514,-0.6321210078505316,0.0687635103804681,-1.107188007874632,0.59766323789703,-0.0681836917749749,0.0,0.0,0.0,0.0,其他,0,0,0.5,1.0,0,0.2206477732793522,0.012962962962963065,0.0185185185185186,0.5821501014198783,0.6965376782077393,0.17311608961303462,0.741869918699187,0.5173116089613035,0.7291242362525459,0.5,0.5,0.5,0.5,0.22064777327935223,0.46558704453441296,0.3522267206477733
2025-12-15,16.13,16.33,16.0,16.07,1814023.0,16.258,16.282,16.143,16.771,-0.0115635379505473,-0.013020513450436,-0.004522083875364,-0.0417983423767217,16.143,16.60821528689125,15.677784713108752,0.4215417011229683,0.057636782120841,-0.0080246913580246,-0.026060606060606,-0.0074119827053737,-0.0236938031591738,0.0088850021947451,0.01131670230495,0.0131512845239397,52.45098035616108,-0.1152311400756005,-0.1518097618192511,0.0365786217436506,40783286.0,48.06357772390935,0.3078571428571428,0.7768764250673003,0.4941176470006921,0.1494661921654993,0.0031113876789048,-0.0080246913580246,0.0131512845239397,52.45098035616108,-0.1585695864333821,0.0,0.0,0.0,0.5,-0.1158255266155297,-0.1647221154726447,-0.0287361660100744,-0.1411937538644425,-0.7977422864514602,-0.0494619112438033,-0.0298205064843845,-0.0710590441400454,0.592756367409442,-0.247529265855591,-0.1845532968782228,0.0211370396966773,-0.3741165202700242,-0.0710590441400454,-0.5440461935684915,0.712654116930789,-0.2153631741375135,-1.1289265308853331,-0.2123045537679039,-0.3144714378988464,-0.0674906102264059,-0.1388699279523615,-0.8665745540746683,-0.9728930603886342,-1.108656030298058,0.2235467636585826,-0.0828817167359636,-0.1932841380924843,0.2054608389029047,1.2229267290708488,-0.3123035076242059,-0.8385012238483369,-0.2942175002841206,0.185514471817334,-0.8332888668901252,-0.2123045537679039,-1.108656030298058,0.2235467636585826,-0.1899021820050817,0.0,0.0,0.0,0.0,其他,0,0,0.5,1.0,0,0.4068825910931174,0.017423771001866983,0.02426882389545737,0.4787018255578093,0.6904276985743381,0.1690427698574338,0.6402439024390244,0.48268839103869654,0.6334012219959266,0.5,0.5,0.5,0.5,0.4068825910931174,0.5870445344129555,0.4190283400809717
2025-12-16,16.02,16.06,15.7,15.76,2207423.0,16.130000000000003,16.244,16.115,16.750833333333333,-0.0229386236825792,-0.0297956168431421,-0.0220291653738752,-0.0591512860056713,16.115,16.60224791052933,15.627752089470668,0.1357090586310476,0.0604713509806151,-0.0192906036092097,-0.0390243902439023,-0.023543990086741,-0.034313725490196,0.0109273915361898,0.0127658938321031,0.0136807111060692,49.99999996728972,-0.1449743459072756,-0.150442678636856,0.0054683327295804,38575863.0,47.88815917770636,0.3050000000000001,0.9481782840956776,0.1294117646906568,0.0391459074719163,0.0317258883248732,-0.0192906036092097,0.0136807111060692,49.99999996728972,0.2168660485561648,0.0,0.0,0.0,0.5,-0.1629322865697607,-0.2715310921010197,-0.1729263072903952,-0.2774937092705094,-0.7403877697383988,-0.1091268520227709,-0.0483511135026839,-0.0862936021880791,0.5756935943184629,-0.5091807266638299,-0.4634301238562031,-0.2125562868444209,-0.5692230345799008,-0.0862936021880791,-0.5455329937823825,0.6815827992244903,-1.0987047904173406,-1.1059156244495056,-0.5137518390624519,-0.4646443515919862,-0.2231020301634704,-0.2239370807481127,-0.7758613040154643,-0.8990463699884351,-1.0748842056003152,0.0696946364930403,-0.1519163816737886,-0.1894698560704637,0.0349850345387227,1.1770263805500627,-0.3228882975968614,-0.842773246154274,-0.0823289360695519,-0.8859021345142015,-1.3129221390419503,-0.5137518390624519,-1.0748842056003152,0.0696946364930403,0.0152661164219069,0.0,0.0,0.0,0.0,其他,0,0,0.5,1.0,0,0.694331983805668,0.03362944162436543,0.05520304568527923,0.3975659229208925,0.6313645621181263,0.1934826883910387,0.6463414634146342,0.6272912423625254,0.5723014256619144,0.5,0.5,0.5,0.5,0.694331983805668,0.6153846153846154,0.5242914979757085
2025-12-17,15.69,15.84,15.34,15.68,2830014.0,15.973999999999998,16.182,16.095,16.724833333333333,-0.01840490797546,-0.0310221233469286,-0.0257844050947498,-0.062471972814876,16.095,16.619695400358438,15.57030459964156,0.1045324585207419,0.065199801224626,-0.0050761421319797,-0.0473876063183476,-0.038036809815951,-0.0248756218905471,0.0091797353261661,0.0120304943159904,0.0133629761898116,44.17475725153172,-0.1730070644830057,-0.154955555806086,-0.0180515086769197,35745849.0,40.405015543161525,0.3214285714285714,1.2273681001626298,0.0352941176429058,0.0106761565832497,0.0440051020408163,-0.0050761421319797,0.0133629761898116,44.17475725153172,0.282044266096711,0.0,0.0,0.0,0.5,-0.3045681557683157,-0.3584734148409878,-0.3459500733731644,-0.3124297196355711,-0.6504919763669907,-0.1818634790629384,-0.0786170880745647,-0.0971489514437408,0.5539893466504076,-0.4040663326823409,-0.483258559694724,-0.2624867331408755,-0.6057926704462692,-0.0971489514437408,-0.5382332641332401,0.6461351015992963,-1.1922305514782323,-1.069479433730829,-0.1321404151031756,-0.5612177160282107,-0.3628326751984762,-0.1478749834789079,-0.8508933017620975,-0.9338324052679172,-1.0911008080969098,-0.2958367798184044,-0.216964275602756,-0.2011953876826383,-0.0939056085824589,1.1193170697345052,-0.7895270361299939,-0.8080483511645715,0.2629335031594521,-1.1599898700322335,-1.432557779940572,-0.1321404151031756,-1.0911008080969098,-0.2958367798184044,0.0508719336104651,0.0,0.0,0.0,0.0,其他,0,0,0.5,1.0,0,0.7894736842105263,0.04081632653061229,0.07334183673469385,0.29411764705882354,0.6272912423625254,0.18737270875763748,0.4898373983739837,0.8126272912423625,0.4725050916496945,0.5,0.5,0.5,0.5,0.7894736842105263,0.6862348178137652,0.6417004048582996
2025-12-18,15.67,15.97,15.6,15.85,2106993.0,15.912,16.154999999999998,16.0775,16.702166666666667,-0.0038964303670186,-0.0188796038378209,-0.0141502099206967,-0.0510213245786475,16.0775,16.610727511430884,15.544272488569115,0.2866764231479859,0.0663321426126657,0.0108418367346938,-0.0191831683168317,-0.0167493796526055,-0.0216049382716049,0.0113269188747717,0.0125470594684742,0.013498588477052,44.17475725153172,-0.1794371765923905,-0.1598518799633469,-0.0195852966290436,37852842.0,41.36984812788928,0.33,0.9321672223299874,0.2352941176193764,0.0711743772216661,0.0410094637223974,0.0108418367346938,0.013498588477052,44.17475725153172,-0.2554831884223895,0.0,0.0,0.0,0.5,-0.3128303282614951,-0.3064657111563074,-0.2203535589966721,-0.2371206551642072,-0.7526438934487668,-0.2106513016897226,-0.0917508973797908,-0.1066343325905824,0.5349886697954428,-0.0688768998367529,-0.2803275335308323,-0.1066023762656324,-0.4755931585856338,-0.1066343325905824,-0.5408651343222963,0.6295700935238517,-0.6271304151886749,-1.0589482478349537,0.295154159190701,-0.2324708521411463,-0.1566087183269202,-0.1214136640033119,-0.755589417774486,-0.9063845711908516,-1.0805885612207364,-0.295500003014376,-0.231703725284537,-0.2139338972969094,-0.1022204125546527,1.1575703559608015,-0.7279939689284533,-0.7893126490425691,-0.1026983247081576,-0.5707924868497367,-1.1645911587535485,0.295154159190701,-1.0805885612207364,-0.295500003014376,-0.2432396980271296,0.0,0.0,0.0,0.0,其他,0,0,0.5,1.0,0,0.705050505050505,0.028391167192429068,0.07760252365930587,0.33874239350912777,0.604887983706721,0.1934826883910387,0.5426829268292683,0.714867617107943,0.5254582484725051,0.5,0.5,0.5,0.5,0.705050505050505,0.5696969696969697,0.597979797979798
2025-12-19,15.88,16.04,15.88,15.95,1795306.0,15.862,16.102999999999998,16.0925,16.686833333333333,0.0055478502080443,-0.00950133515494,-0.0088550567034333,-0.0441565705496349,16.0925,16.59082878599051,15.594171214009492,0.3570221066474593,0.0619330478157417,0.0063091482649841,-0.015432098765432,-0.03157255616272,0.0191693290734824,0.0119706597303045,0.0100648508073794,0.0111190086508271,44.17475725153168,-0.1744529376286046,-0.1627720914963984,-0.0116808461322061,39648148.0,40.65870656023788,0.3321428571428572,0.821161085327719,0.3292682926427715,0.1067615658324991,0.0288401253918495,0.0063091482649841,0.0111190086508271,44.17475725153168,-0.1479297748022893,0.0,0.0,0.0,0.5,-0.2220769861431758,-0.2783146150267248,-0.0851308068468525,-0.1927253559581382,-0.7958932747871522,-0.2338197224203031,-0.1171340229242336,-0.0982921743783645,0.5218963072310581,0.149335531025261,-0.1235560996497957,-0.0355932821602374,-0.3973407629072608,-0.0982921743783645,-0.5476040358464189,0.6585486118486878,-0.4085962588697434,-1.088033839491521,0.1730915285082489,-0.1885389591797005,-0.2998998357813718,0.206951795433243,-0.7262285315630472,-1.0278100688540424,-1.217911990250886,-0.2951643739773548,-0.2198396332898027,-0.2214384378318085,-0.0587228030788879,1.189579339078489,-0.7712184944546947,-0.783637637468632,-0.24010647872719,-0.2937871638378147,-1.0065563766520251,0.1730915285082489,-1.217911990250886,-0.2951643739773548,-0.1840874456865835,0.0,0.0,0.0,0.0,其他,0,0,0.5,1.0,0,0.7212121212121212,0.04451410658307209,0.0614420062695924,0.21906693711967545,0.5417515274949084,0.17515274949083504,0.491869918699187,0.42362525458248473,0.43380855397148677,0.5,0.5,0.5,0.5,0.7212121212121212,0.6747474747474748,0.602020202020202
2025-12-22,15.96,16.21,15.96,16.12,1647580.0,15.872,16.064999999999998,16.1055,16.674666666666667,0.015625,0.003423591658886,0.0009003135574805,-0.0332640332640332,16.1055,16.59170874875698,15.61929125124302,0.5149112906602161,0.0603779763129316,0.0106583072100314,0.0031113876789048,-0.0230303030303029,0.0163934426229508,0.0129080853490056,0.0109035291637716,0.0109730397551074,49.54128437185424,-0.1549985858748854,-0.1612173903720959,0.0062188044972104,41295728.0,45.54438995690356,0.3392857142857144,0.763324508541337,0.5365853657882227,0.1672597864709162,0.0142679900744417,0.0106583072100314,0.0109730397551074,49.54128437185424,-0.0822845798989141,0.0,0.0,0.0,0.5,-0.1873641315404599,-0.2104022237698136,-0.0464342320735357,-0.1174044442088819,-0.8156449123122573,-0.2288841098151919,-0.1356493941384237,-0.0910488582790508,0.511364407255924,0.3821236691664113,0.0924484834787419,0.0951960795519224,-0.2735601066874576,-0.0910488582790508,-0.5465214434282318,0.6726160551049651,0.0811113481907247,-1.0966435092404612,0.2898335785420536,0.0278332501599323,-0.2168146862508117,0.1843566141110878,-0.6840848437608658,-0.9840258036180088,-1.2232798221629797,0.042821129218046,-0.1742213081326068,-0.2170822088007036,0.03970163101316,1.2185464564417778,-0.464681408595725,-0.7678577201840918,-0.3115497731588332,0.3167947723761219,-0.7405762656820245,0.2898335785420536,-1.2232798221629797,0.042821129218046,-0.1479129233647672,0.0,0.0,0.0,0.0,其他,0,0,0.5,1.0,0,0.7191919191919192,0.004342431761786614,0.058312655086848464,0.4056795131845842,0.5539714867617108,0.17311608961303462,0.5598377281947262,0.3556910569105691,0.4817073170731707,0.5,0.5,0.5,0.5,0.7191919191919192,0.4505050505050505,0.5858585858585859
2025-12-23,16.49,16.76,16.21,16.26,4336600.0,15.972,16.051000000000002,16.119999999999997,16.669166666666666,0.0180315552216379,0.0130209955765996,0.0086848635235734,-0.024546318052292,16.119999999999997,16.606491196436206,15.633508803563789,0.6438874957668156,0.0603587092348873,0.0086848635235732,0.0317258883248732,-0.0085365853658534,0.0181590482154039,0.006609199002745,0.0113234423254316,0.0110307436513099,49.07407404226683,-0.1268221155735425,-0.1543383354123852,0.0275162198388427,45632328.0,48.866298738416965,0.3642857142857142,1.9128701877002217,0.7073170730844756,0.2170818505260829,0.0018450184501843,0.0086848635235732,0.0110307436513099,49.07407404226683,1.6321028417436485,0.0,0.0,0.0,0.5,0.0414860867319053,0.008796658023408,0.0743919402623225,-0.0553564512208613,-0.4302824514473259,-0.1817577793360415,-0.142380514354156,-0.0829814842149195,0.5062034320998586,0.4373396590196162,0.2528018057724572,0.1995348437617718,-0.1744524293190144,-0.0829814842149195,-0.5402094672352447,0.680117439612113,0.4810097289785353,-1.0942362494431452,0.23641301804365,0.3616865459662561,-0.0760242302260303,0.1983966304575196,-0.9585856358835344,-0.9611921926537532,-1.2166712791348384,0.0133475106440767,-0.1082386086647686,-0.1986021199553991,0.1568137477991895,1.2993233982976014,-0.256204609033035,-0.7159443664464208,1.114342679397876,0.8189640649211182,-0.5217473141597746,0.23641301804365,-1.2166712791348384,0.0133475106440767,0.7924280285455914,0.0,0.0,0.0,0.0,其他,0,0,0.5,1.0,0,0.5333333333333333,0.015375153751537418,0.05781057810578094,0.6937119675456389,0.6361788617886179,0.16666666666666666,0.59026369168357,0.9573170731707317,0.6626016260162602,0.5,0.5,0.5,0.5,0.5333333333333333,0.4484848484848485,0.494949494949495
2025-12-24,16.26,16.44,16.15,16.37,2850280.0,16.110000000000003,16.042,16.1505,16.668666666666667,0.0161390440720048,0.0204463283879814,0.0135909104981268,-0.017917849858017,16.1505,16.618079433161043,15.68292056683896,0.734719476905359,0.0579027811099528,0.0067650676506765,0.0440051020408163,-0.00546780072904,0.0387055837563452,0.002113717186581,0.0115005470281312,0.0105798515174865,55.98086120651999,-0.0945263383793424,-0.1423759360057766,0.0478495976264342,48482608.0,46.975518693267176,0.3707142857142859,1.236452174205764,0.8414634145315301,0.2562277579979992,-0.0030543677458766,0.0067650676506765,0.0105798515174865,55.98086120651999,-0.3427385509385232,0.0,0.0,0.0,0.5,-0.0578867219734543,-0.1187503915329504,0.0453001689187722,-0.0065925890751941,-0.6422573936098601,-0.1168032697895196,-0.1466542103252135,-0.0661099719578897,0.5050713449484316,0.3929993409682626,0.3767560849510754,0.2651982580778063,-0.0990545941069354,-0.0661099719578897,-0.5351105103969052,0.7087343022472934,0.7620389781244503,-1.1092592808035762,0.184448259506344,0.5046117594755297,-0.0461525988331439,0.3640516903354043,-1.1531029902906804,-0.9504964767863324,-1.2399275958818807,0.448746159998165,-0.0326277101664631,-0.1666256312907977,0.2685999615075334,1.3508339700688592,-0.3743765341661035,-0.7017885704043196,0.2736677244098272,1.2116382261367364,-0.3498161724222422,0.184448259506344,-1.2399275958818807,0.448746159998165,-0.2923735379625099,0.0,0.0,0.0,0.0,其他,0,0,0.5,1.0,0,0.5728744939271255,0.00916310323762981,0.054367745876603646,0.7886178861788617,0.6985743380855397,0.15478615071283094,0.6747967479674797,0.8370672097759674,0.6496945010183299,0.5,0.5,0.5,0.5,0.5728744939271255,0.36639676113360325,0.4797570850202429
2025-12-25,16.4,16.52,16.28,16.5,2306892.0,16.240000000000002,16.076,16.179499999999997,16.669166666666666,0.0160098522167486,0.0263747200796218,0.0198090175839797,-0.0101484777283407,16.179499999999997,16.658686811170142,15.70031318882985,0.8344207232393559,0.059233821955831,0.0079413561392791,0.0410094637223974,0.0210396039603959,0.0364321608040201,0.0017246284085839,0.0098788383424694,0.0105009354199383,50.802138999399496,-0.0577757854393894,-0.1254559058924992,0.0676801204531097,50789500.0,45.47438990638343,0.3578571428571431,0.9947581724320028,0.9999999998780488,0.302491103192082,-0.012121212121212,0.0079413561392791,0.0105009354199383,50.802138999399496,-0.1906437262304054,0.0,0.0,0.0,0.5,0.0026953886837622,-0.0867130027325727,0.1081861275452064,0.0510364140085243,-0.7190328149703441,-0.0556095321146379,-0.1297732883021519,-0.0500651302233275,0.5047476750280572,0.3895444820395908,0.4755633624133799,0.3484727284628188,-0.0107007383185182,-0.0500651302233275,-0.5190797350649125,0.7180627695029422,1.0696231106255312,-1.0971536837462377,0.2159718424310111,0.4689747734507498,0.2114974798762838,0.3452505823812859,-1.167346018005031,-1.029088033147509,-1.2412442870074962,0.1214629744870427,0.0534083015794142,-0.1214731829306828,0.377573029524177,1.391479683373516,-0.4680402185962303,-0.7267786899971693,-0.0268722622858372,1.672492842500355,-0.1467811518883978,0.2159718424310111,-1.2412442870074962,0.1214629744870427,-0.2085035036546616,0.0,0.0,0.0,0.0,其他,0,0,0.5,1.0,0,0.3515151515151515,0.005454545454545379,0.029696969696969555,0.7044534412955465,0.6524390243902439,0.15447154471544716,0.5983772819472617,0.7154471544715447,0.6869918699186992,0.5,0.5,0.5,0.5,0.3515151515151515,0.32525252525252524,0.39595959595959596
2025-12-26,16.45,16.57,16.36,16.41,2303500.0,16.332,16.097,16.195500000000003,16.671,0.0047759000734752,0.0194446170093804,0.0132444197462255,-0.0156559294583408,16.195500000000003,16.683394509736477,15.707605490263528,0.7198221087216915,0.0602506263756551,-0.0054545454545454,0.0288401253918495,0.012962962962963,0.0198881292728403,0.0064045754058999,0.0101621095704919,0.0104057382484066,47.66839374780532,-0.0355036908518009,-0.1074654628843595,0.0719617720325586,48486000.0,43.827553642045714,0.3421428571428574,0.9775906390656636,0.8902439023304582,0.2704626334423322,0.0152346130408287,-0.0054545454545454,0.0104057382484066,47.66839374780532,-0.0014703765932692,0.0,0.0,0.0,0.5,0.0243302335480872,-0.0666572138978183,0.1468408638046941,0.0110521363563951,-0.7184193856434336,-0.012286812397041,-0.1192959847836586,-0.0411893711688369,0.5055006565655517,0.1285049883526605,0.3588503347333407,0.2597521323401197,-0.0733109901355937,-0.0411893711688369,-0.5090676548660985,0.721304885095402,0.7122288702916627,-1.0873584845952449,-0.1458321336840873,0.3260965906438429,0.1327071885641412,0.2110363678469096,-0.9602385219999168,-1.0128604395788778,-1.2435108573472349,-0.0766284058400176,0.1055270666325939,-0.0734743376061979,0.4007472804404996,1.3429804644238736,-0.5707450391006789,-0.7575119809943175,-0.0481935172938421,1.3454218284036834,-0.2870276547112141,-0.1458321336840873,-1.2435108573472349,-0.0766284058400176,-0.1042535007410596,0.0,0.0,0.0,0.0,其他,0,0,0.5,1.0,0,0.5882352941176471,0.005484460694698434,0.034734917733089565,0.7195121951219512,0.6183673469387755,0.15510204081632653,0.4745417515274949,0.5714285714285714,0.5877551020408164,0.5,0.5,0.5,0.5,0.5882352941176471,0.3488843813387424,0.49290060851926976
2025-12-29,16.51,16.51,16.29,16.35,1892272.0,16.378000000000004,16.125,16.2035,16.666,-0.0017096104530469,0.013953488372093,0.0090412565186535,-0.0189607584303371,16.2035,16.69623778657132,15.710762213428676,0.6486591894591099,0.0608186856627618,-0.0036563071297988,0.0142679900744417,0.0174237710018669,0.0098826436071648,0.006829945402498,0.0098025692125886,0.0103812680148463,48.67724864119154,-0.0224357684159173,-0.0904595239906711,0.0680237555747537,46593728.0,44.79557639201507,0.3300000000000004,0.8075430751847257,0.8170731706320661,0.2491103202758327,-0.0097859327217125,-0.0036563071297988,0.0103812680148463,48.67724864119154,-0.1785231169958758,0.0,0.0,0.0,0.5,0.0502970561362476,-0.0905755379358942,0.1127372898412871,-0.0156078816976247,-0.776161050592387,0.0093808788755116,-0.1053686756626647,-0.0367300141138961,0.500746072641507,-0.0222485052277159,0.2663264085865094,0.202856009949049,-0.1108467436468339,-0.0367300141138961,-0.503548270545804,0.7220566878106799,0.4902448502013387,-1.0808216217511806,-0.0970971628486745,0.1551303010784176,0.1760049626143961,0.1297865085625066,-0.939780449083358,-1.0285884003644232,-1.2416287024019028,-0.0127515873628288,0.1360615929731854,-0.0280986684149913,0.3785476269773128,1.3027512802718328,-0.5092079775421557,-0.780925483209834,-0.2598178628369283,1.1275254710387967,-0.3803639211521635,-0.0970971628486745,-1.2416287024019028,-0.0127515873628288,-0.201610763572001,0.0,0.0,0.0,0.0,其他,0,0,0.5,1.0,0,0.2424242424242424,0.006727828746177389,0.021406727828745975,0.7186234817813765,0.6422764227642277,0.1483739837398374,0.4827586206896552,0.3130081300813008,0.6178861788617886,0.5,0.5,0.5,0.5,0.24242424242424243,0.33131313131313134,0.37373737373737376
2025-12-30,16.3,16.44,16.28,16.29,2120426.0,16.384,16.178,16.211000000000002,16.654666666666667,-0.0057373046875001,0.0069229818271725,0.004873234223675,-0.0218957649507646,16.211000000000002,16.704234224278302,15.717765775721702,0.5800836560536543,0.0608517949880029,-0.0036697247706423,0.0018450184501843,0.0336294416243654,0.0092936802973977,0.0064163273877327,0.006883005374225,0.0103927795531261,45.50264546893981,-0.0167280141608436,-0.0757132220247056,0.0589852078638619,44473302.0,44.92756887787506,0.3207142857142862,0.8916779532028304,0.7439024389336695,0.2277580071093319,0.0135052179251076,-0.0036697247706423,0.0103927795531261,45.50264546893981,0.1205714611852841,0.0,0.0,0.0,0.5,-0.0408149603064178,-0.1184948400482057,0.1077675040975304,-0.0422680303184263,-0.7422588100909217,0.0121988749412542,-0.0791048481478509,-0.0325470782638256,0.4908886604261294,-0.1158613716657244,0.1479711612691309,0.1464419355252878,-0.14416613954981,-0.0325470782638256,-0.4998682204150064,0.7251236182070967,0.2764645682345828,-1.0781418127856264,-0.0973615954637685,0.0093620463937094,0.333755678420353,0.1248744146186919,-0.9560605669459104,-1.1711427968903232,-1.2376591376382131,-0.2136918612557322,0.1493192820288001,0.0112516373912771,0.328186264882867,1.2584016483585243,-0.5002560162770325,-0.7984818601197461,-0.1547004924599851,0.910636678269897,-0.4736284186752575,-0.0973615954637685,-1.2376591376382131,-0.2136918612557322,-0.0365915051220483,0.0,0.0,0.0,0.0,其他,0,0,0.5,1.0,0,0.3785425101214575,0.020871700429711426,0.005524861878453136,0.5334685598377282,0.6496945010183299,0.15071283095723015,0.4634146341463415,0.5020325203252033,0.5975609756097561,0.5,0.5,0.5,0.5,0.3785425101214575,0.451417004048583,0.27530364372469635
2025-12-31,16.25,16.35,16.16,16.32,2121200.0,16.374000000000002,16.242,16.212,16.645333333333333,-0.0032979113228289,0.004802364240857,0.006661732050333,-0.0195450176225568,16.212,16.706074360479903,15.717925639520097,0.6092952889056714,0.0609516852303055,0.0018416206261511,-0.0030543677458766,0.0408163265306122,0.0012269938650306,0.0055056132682478,0.0062635425513138,0.0101627445876163,54.93827155746075,-0.0096723318907905,-0.0625050439979226,0.052832712107132,46594502.0,44.794595186359615,0.3078571428571434,0.8958553576232245,0.7804878047828677,0.2384341636925823,0.0122549019607842,0.0018416206261511,0.0101627445876163,54.93827155746075,0.000365020991065,0.0,0.0,0.0,0.5,-0.0624770803870617,-0.1544235786762636,0.0493353610377348,-0.0288743399511239,-0.7409955079412464,0.0074693118273894,-0.0474075729362446,-0.0319599985861288,0.4826593326174423,-0.0589756832830133,0.1121665587177505,0.1704243681631977,-0.1171803554738066,-0.0319599985861288,-0.4985222005818545,0.724068419268678,0.367051880799746,-1.0750027813368976,0.0519478149570382,-0.0481321648279525,0.4034676840801697,0.0592827569268812,-0.994001797919194,-1.1989831402658466,-1.2478402655817744,0.3843681662835452,0.1657430077392784,0.0464964457821783,0.2938036136144221,1.2959680517224426,-0.5079730417154078,-0.823246734983847,-0.1493252069108383,1.0160703537939355,-0.426051817239893,0.0519478149570382,-1.2478402655817744,0.3843681662835452,-0.1028606529549823,0.0,0.0,0.0,0.0,其他,0,0,0.5,1.0,0,0.281947261663286,0.031249999999999778,0.013480392156862697,0.573170731707317,0.5987780040733197,0.15274949083503056,0.5885947046843177,0.5682281059063137,0.6130346232179226,0.5,0.5,0.5,0.5,0.281947261663286,0.5273833671399595,0.3407707910750507
2026-01-05,16.32,16.39,16.2,16.3,3617489.0,16.334,16.287,16.221,16.634666666666664,-0.0020815476919309,0.0007981825996195,0.0048702299488319,-0.0201186277653092,16.221,16.714575568788288,15.727424431211714,0.5800282722014986,0.0608563675217611,-0.0012254901960784,-0.012121212121212,0.028391167192429,0.0111662531017369,0.0028233918780846,0.0059596055531971,0.0098272298602335,53.12499995351567,-0.0056295912872919,-0.0511299534557964,0.0455003621685045,42977013.0,53.57247998869326,0.2971428571428577,1.462796848582132,0.7560975608834036,0.2313167259704158,0.0177914110429446,-0.0012254901960784,0.0098272298602335,53.12499995351567,0.7053974165566661,0.0,0.0,0.0,0.5,-0.0319996898727055,-0.1382283120229812,0.0687467144942497,-0.0377553337422436,-0.525384880451689,-0.0114264067002367,-0.0251061925590591,-0.0269428375836926,0.4733628512637745,-0.0305808936897801,0.0446648226012932,0.1460391761859496,-0.1235974503984796,-0.0269428375836926,-0.4946581579211845,0.7286412369662262,0.2754675429414753,-1.073277208645176,-0.0312254576848263,-0.1545698588615434,0.2817009371361674,0.1399598675888556,-1.1091477934463907,-1.2110473885863122,-1.2641213945704506,0.2689527442541257,0.1750800663607946,0.0768432545047228,0.2529022448158781,1.2229248837522464,0.0452531818033923,-0.843592234245586,0.558576956813103,0.9424899077075332,-0.4567909574740044,-0.0312254576848263,-1.2641213945704506,0.2689527442541257,0.2865091250267728,0.0,0.0,0.0,0.0,其他,0,0,0.5,1.0,0,0.3582995951417004,0.047852760736196265,0.004907975460122671,0.3509127789046653,0.5447154471544715,0.11991869918699187,0.43902439024390244,0.7723577235772358,0.516260162601626,0.5,0.5,0.5,0.5,0.3582995951417004,0.6255060728744939,0.4716599190283401
2026-01-06,16.28,16.76,16.24,16.66,5064000.0,16.384,16.358,16.2305,16.628,0.016845703125,0.0184619146594937,0.026462524259881,0.001924464758239,16.2305,16.750843004281485,15.710156995718515,0.9127085368446568,0.064119158901855,0.022085889570552,0.0152346130408287,0.044514106583072,0.0115361262902247,0.0108654402876996,0.0085230398358504,0.0098697484403179,66.12021852865118,0.0263199016788355,-0.03563998242887,0.0619598841077056,48041013.0,62.61074668803819,0.3107142857142867,1.9763610977202848,0.9999999998979592,0.3594306049694151,-0.0096038415366146,0.022085889570552,0.0098697484403179,66.12021852865118,0.3998660396755871,0.0,0.0,0.0,0.5,-0.0493651247845773,0.0104111751324673,0.0881579379775838,0.122819280885139,-0.3170965615875976,0.0122192514723615,0.0100657577034182,-0.021648568323016,0.4673141659705877,0.4107398884580258,0.3421507790548881,0.4378333715199733,0.1286026581087886,-0.021648568323016,-0.480281468193634,0.7170835541771521,1.3103012677287864,-1.0475898501876786,0.6009819208400514,0.1671933966453345,0.4389186881165443,0.14281931928931,-0.7552748007983768,-1.08114538790997,-1.2582303475708532,1.092306754849221,0.2501037425150645,0.1181948480802958,0.3438148958586743,1.3172242355255093,0.61465495430288,-0.8145397058308282,1.197942998753846,1.653376920287768,0.1081719694870664,0.6009819208400514,-1.2582303475708532,1.092306754849221,0.1173632608074901,0.0,0.0,0.0,0.0,其他,0,0,0.5,1.0,0,0.2530364372469635,0.016206482593037252,0.006602641056422609,0.59026369168357,0.5508130081300813,0.10975609756097561,0.7357723577235772,0.8943089430894309,0.6036585365853658,0.5,0.5,0.5,0.5,0.25303643724696356,0.4777327935222672,0.4797570850202429
2026-01-07,16.6,16.6,16.18,16.19,6383000.0,16.351999999999997,16.365000000000002,16.214999999999996,16.612333333333332,-0.0099070450097844,-0.0106935533150015,-0.0015417823003388,-0.0254228785841842,16.214999999999996,16.719777178564378,15.710222821435616,0.4752365983357041,0.0622605215616735,-0.0282112845138055,-0.0097859327217125,0.0043424317617866,-0.0187878787878786,0.0179246519898617,0.0130247613334381,0.0117776002903254,60.80402005772586,0.0135587363197728,-0.0258002386791414,0.0393589749989143,41658013.0,56.17325535735947,0.3185714285714295,2.3484499669136403,0.5204081632122046,0.1921708184984995,0.0166769610870907,-0.0282112845138055,0.0117776002903254,60.80402005772586,0.2604660347551342,0.0,0.0,0.0,0.5,0.0900021120615058,-0.0538804266185625,0.058820340014364,-0.0871017417267571,-0.1271871488664434,-0.0029341739891621,0.0135242484443823,-0.0302275953360634,0.4539846587455861,-0.2140276442007928,-0.1498032360693526,0.0583066843365293,-0.1846022845143832,-0.0302275953360634,-0.4914480772157039,0.716000260895178,-0.0542947691629522,-1.0585865723913273,-0.7645139449616146,-0.1274196885531347,0.0454980266732425,-0.1041702322325572,-0.4450300492728057,-0.8557578504832424,-1.1434995481816526,0.7533324998284698,0.219774464618887,0.1444179277325946,0.218115747507673,1.19102086931826,0.2079992680650361,-0.79718390193668,1.6567012316364325,0.2451521742928376,-0.6294149087103479,-0.7645139449616146,-1.1434995481816526,0.7533324998284698,0.0401275797211041,0.0,0.0,0.0,0.0,其他,0,0,0.5,1.0,0,0.5688259109311741,0.05373687461395904,0.0401482396541073,0.2413793103448276,0.3821138211382114,0.18902439024390244,0.491869918699187,0.9491869918699187,0.3008130081300813,0.5,0.5,0.5,0.5,0.5688259109311741,0.6923076923076923,0.5566801619433198
2026-01-08,16.19,16.65,16.16,16.51,5062330.0,16.396,16.39,16.2205,16.596833333333333,0.0069529153452061,0.0073215375228798,0.0178477852100737,-0.0052319217521413,16.2205,16.736046720532727,15.704953279467276,0.7807698976561976,0.0635673031693902,0.0197652872143299,0.0135052179251076,0.0153751537515374,0.0067073170731708,0.0202396654295882,0.0142144550060392,0.012569077444857,68.6098654277786,0.0289332223054685,-0.0148535464822194,0.043786768787688,46720343.0,64.77988074710824,0.3178571428571436,1.7812659038299803,0.8469387754237833,0.3060498220531659,0.007268322228952,0.0197652872143299,0.012569077444857,68.6098654277786,-0.2069042769857434,0.0,0.0,0.0,0.5,-0.0887661438981492,-0.0337189114135627,0.0490022035354124,0.0559687425342447,-0.3170481777609435,0.0179088905590097,0.0259113605726251,-0.0271411008694783,0.440804265319501,0.1800437429106851,0.1544124478492917,0.3209470475089088,0.0470009186462158,-0.0271411008694783,-0.4846454662903706,0.7117047938484434,0.8980943378854708,-1.0469420236579017,0.5389839779658492,0.1470729492486238,0.1534847827026149,0.1036858844901579,-0.342996562688514,-0.7952571901465283,-1.094558591474469,1.246235470038348,0.2558020093277409,0.1736053404465633,0.2424654286053006,1.285382607556831,0.7507158744720246,-0.7973072985161306,0.9469792792361756,1.2016497943609437,-0.1260640740782517,0.5389839779658492,-1.094558591474469,1.246235470038348,-0.2187188151267557,0.0,0.0,0.0,0.0,其他,0,0,0.5,1.0,0,0.5496957403651116,0.041792852816474824,0.007268322228952018,0.3780487804878049,0.439918533604888,0.2158859470468432,0.7276422764227642,0.879837067209776,0.5336048879837068,0.5,0.5,0.5,0.5,0.5496957403651116,0.5963488843813387,0.4421906693711968
2026-01-09,16.54,16.6,16.33,16.52,4358045.0,16.436,16.404999999999998,16.2235,16.5645,0.0051107325383303,0.007010057909174,0.0182759577156592,-0.0026864680491411,16.2235,16.74557178373078,15.70142821626922,0.7839647814355923,0.0643599449844438,0.0006056935190792,0.0122549019607842,0.0091631032376298,0.0036452004860265,0.0202626120213462,0.0140996357425429,0.0125460613078408,66.18357483446522,0.0414467572252554,-0.0035934857407244,0.0450402429659799,51078388.0,66.58725379724662,0.3107142857142867,1.4773521424512095,0.8571428570553931,0.3307984790748742,0.0187651331719127,0.0006056935190792,0.0125460613078408,66.18357483446522,-0.1391226964658566,0.0,0.0,0.0,0.5,0.0640041611102913,-0.0538134275181564,0.1319910016920605,0.0603857899897793,-0.4180855137339582,0.0368556175425009,0.0333332359374646,-0.0254448918085378,0.4139780289932804,0.1367844769361097,0.1489908209279602,0.3263879691633676,0.0761525166563017,-0.0254448918085378,-0.4804122256926866,0.7084736484031635,0.9063663118901744,-1.0390242653848476,0.0177643640694031,0.1321802988191825,0.0924375835279154,0.0786008379854078,-0.341605851156346,-0.7996414131151764,-1.093419850007529,1.0896650370163898,0.2850676356036662,0.2036299822034352,0.2491749031747134,1.3655916223463131,0.8634496580494512,-0.8105112553754457,0.5668738093450228,1.228430403901092,-0.016564834428604,0.0177643640694031,-1.093419850007529,1.0896650370163898,-0.1809244283528957,0.0,0.0,0.0,0.0,其他,0,0,0.5,1.0,0,0.7606490872210954,0.04479418886198561,0.013922518159806385,0.28252032520325204,0.40325865580448067,0.20977596741344195,0.6158536585365854,0.745417515274949,0.4439918533604888,0.5,0.5,0.5,0.5,0.7606490872210954,0.6288032454361054,0.5415821501014199
2026-01-12,16.61,16.65,16.44,16.59,4326917.0,16.494,16.413999999999998,16.244999999999997,16.53633333333333,0.0058202982902872,0.0107225539173876,0.0212373037857804,0.0032453788627064,16.244999999999997,16.79093232663268,15.699067673367312,0.8159732288124142,0.0672123516933609,0.0042372881355932,0.0177914110429446,0.0054545454545453,0.0266089108910891,0.0201514752585172,0.0139448907995397,0.0117868388691472,65.68627446472513,0.056362526666966,0.0083977167408136,0.0479648099261524,55405305.0,68.39738523733772,0.312142857142858,1.4117145188993767,0.928571428476676,0.3745019920169519,0.0295358649789028,0.0042372881355932,0.0117868388691472,65.68627446472513,-0.0071426522672436,0.0,0.0,0.0,0.5,0.0945069081947092,-0.0336120966111685,0.1856383405667792,0.0916654006220685,-0.4220838562198662,0.0643449922558441,0.037772992097467,-0.0134505374737582,0.3905574409661763,0.1532531594595702,0.2116172468524728,0.3662037410836005,0.1441984146226995,-0.0134505374737582,-0.4625655289561259,0.7059549685411425,1.0042735123685578,-1.0164428154073746,0.1165366837243105,0.1973893279845158,0.0559557540539498,0.2660081674994078,-0.3461067577559759,-0.8059990644988398,-1.1352611743267609,1.0558025990654092,0.3199988232680366,0.2356127260251174,0.2651759070477927,1.4445892074195417,0.975983574635034,-0.8062405793925094,0.4842747243508511,1.4335914242888546,0.1767801180237835,0.1165366837243105,-1.1352611743267609,1.0558025990654092,-0.1075165945024923,0.0,0.0,0.0,0.0,其他,0,0,0.5,1.0,0,0.7647058823529411,0.024110910186859513,0.02350813743218816,0.35772357723577236,0.38289205702647655,0.21181262729124237,0.6544715447154471,0.5315682281059063,0.4256619144602851,0.5,0.5,0.5,0.5,0.7647058823529411,0.5679513184584178,0.5841784989858012
2026-01-13,16.62,16.69,16.33,16.5,4979345.0,16.462,16.423,16.259999999999998,16.520500000000002,0.002308346494958,0.0046885465505694,0.014760147601476,-0.0012408825398748,16.259999999999998,16.817097742533804,15.702902257466192,0.7154020574889497,0.0685237075683123,-0.0054249547920434,-0.0096038415366146,0.0054844606946984,0.0185185185185186,0.0174498847590817,0.0139434588496656,0.0118802163018889,59.69387750838191,0.0602268756407617,0.0187635485208032,0.0414633271199585,50425960.0,60.793255449663896,0.3192857142857152,1.5530451447426523,0.8367346937921698,0.3386454183132013,0.0260606060606061,-0.0054249547920434,0.0118802163018889,59.69387750838191,0.1507835717671497,0.0,0.0,0.0,0.5,0.0987837073474161,-0.0174444258821967,0.1316170289065103,0.0512406651718544,-0.3275219841158431,0.0490787427279217,0.0422128624430946,-0.0050781944516144,0.3771814509587914,0.0708166207101597,0.1092570067152509,0.2777967551021746,0.0924493959206557,-0.0050781944516144,-0.4520371108793233,0.7071859972313719,0.6890647924936784,-1.0049618966749116,-0.1466792676768856,-0.126470492725537,0.056193079036969,0.1996018238205068,-0.4644812542617689,-0.804731052932258,-1.1271432411990183,0.674247500441403,0.3287873430872215,0.263221176258067,0.2287089268658471,1.3449258431446964,0.4944367748031071,-0.7903509824121226,0.6599668693845842,1.1614708710136077,0.0177894922726299,-0.1466792676768856,-1.1271432411990183,0.674247500441403,-0.0197006317641166,0.0,0.0,0.0,0.0,其他,0,0,0.5,1.0,0,0.6829268292682927,0.029090909090909056,0.019999999999999796,0.2525458248472505,0.35306122448979593,0.21428571428571427,0.5458248472505092,0.6959183673469388,0.42653061224489797,0.5,0.5,0.5,0.5,0.6829268292682927,0.6117886178861789,0.5548780487804879
2026-01-14,16.5,16.62,16.3,16.46,5255400.0,16.516000000000002,16.434,16.279500000000002,16.494833333333336,-0.0033906514894648,0.0015820859194353,0.0110875641143768,-0.0021117723731675,16.279500000000002,16.835897245442737,15.723102754557267,0.6622042537163813,0.0683555693282124,-0.0024242424242423,0.0166769610870907,0.0067278287461773,0.0242688238954573,0.0098504040950497,0.0139067239519771,0.0117216172946204,55.37634404434038,0.0593772701285999,0.0268862928423626,0.0324909772862373,45170560.0,51.48661605180382,0.2964285714285723,1.555657238690345,0.7959183672657234,0.3227091633337568,0.0364520048602672,-0.0024242424242423,0.0117216172946204,55.37634404434038,0.0554400227339137,0.0,0.0,0.0,0.5,0.0461826970187637,-0.0456905745964309,0.116788995566613,0.0332461146793977,-0.2873206475642456,0.074708852428551,0.0476489380944084,0.0058043403974201,0.3558120937699512,-0.0629119493525357,0.0565071893832964,0.2275510283212068,0.0823203074307416,0.0058043403974201,-0.4443231224144526,0.718306841206324,0.5221146480128941,-1.00409476657139,-0.0647449723573386,0.1844539283529433,0.068360947953682,0.2464272132819027,-0.7980098008284698,-0.8052229929929614,-1.1337696256546437,0.3994331367001209,0.3264179650762763,0.2847898267341344,0.1784823729900818,1.2406574716420251,-0.0945165066329812,-0.8356003348200103,0.6622564199989079,1.0395980336634971,-0.0528843276226638,-0.0647449723573386,-1.1337696256546437,0.3994331367001209,-0.0726857658303974,0.0,0.0,0.0,0.0,其他,0,0,0.5,1.0,0,0.7195121951219512,0.014580801944106936,0.019441069258809174,0.570264765784114,0.4204081632653061,0.21224489795918366,0.3625254582484725,0.6081632653061224,0.4,0.5,0.5,0.5,0.5,0.7195121951219512,0.5,0.5142276422764228
2026-01-15,16.46,16.63,16.45,16.63,4007859.0,16.54,16.468,16.323,16.4695,0.0054413542926239,0.0098372601408791,0.0188078171904673,0.0097452867421596,16.323,16.843246904944845,15.802753095055156,0.7950522117503427,0.063744030501949,0.0103280680437423,0.007268322228952,0.0208717004297114,0.0552030456852792,0.0061150561316408,0.014114453366208,0.0108245917177272,56.77083329193791,0.0715962142985162,0.0358282771335933,0.0357679371649229,49178419.0,57.83500624276303,0.2885714285714292,1.1555779182742394,0.9693877550031226,0.3904382469963964,0.0342754058929646,0.0103280680437423,0.0108245917177272,56.77083329193791,-0.2373826920881379,0.0,0.0,0.0,0.5,0.0286187569519363,-0.0416039722822024,0.1902235289815421,0.1095499133557108,-0.4672145411613823,0.0860585508160085,0.0645516066816599,0.0300882230050871,0.3347271593502746,0.1444904979649744,0.1964707290250692,0.3323838329693234,0.2188646684002629,0.0300882230050871,-0.4409794203220585,0.7653434710688705,0.935839173850206,-1.0349534829098244,0.2832251588713831,0.0728933379907507,0.2074841965823226,0.4993770081566399,-0.9608064164819696,-0.7935697448643928,-1.1834137203581268,0.487507780967128,0.3550030403497103,0.3085573562030633,0.1965768527376332,1.31420990137434,0.307360009362953,-0.8501716613305463,0.161400737634431,1.542699859767662,0.2477738999339387,0.2832251588713831,-1.1834137203581268,0.487507780967128,-0.2355529476542378,0.0,0.0,0.0,0.0,其他,0,0,0.5,1.0,0,0.6064908722109533,-0.015033072760072153,-0.0024052916416115178,0.5487804878048781,0.5254582484725051,0.1955193482688391,0.49390243902439024,0.7107942973523421,0.5417515274949084,0.5,0.5,0.5,0.5,0.6064908722109533,0.31237322515212984,0.4178498985801217
2026-01-16,16.67,16.89,16.67,16.83,6550610.0,16.602,16.519000000000002,16.3805,16.447333333333333,0.0137332851463678,0.0188268054967004,0.0274411647996091,0.0232661829678568,16.3805,16.853585059670717,15.907414940329287,0.9750731297827898,0.0577619803629714,0.0120264582080575,0.0187651331719127,0.0312499999999997,0.0733418367346938,0.0076535815706283,0.0144525190132816,0.0108496350015655,58.29145724542308,0.0963079658356456,0.0479242148740038,0.0483837509616418,55729029.0,61.01293715909012,0.2900000000000009,1.792574790338905,0.9999999998979592,0.5042735042519536,0.025549613784908,0.0120264582080575,0.0108496350015655,58.29145724542308,0.634441231590233,0.0,0.0,0.0,0.5,0.1206521701346539,0.0636226853195511,0.297996044079217,0.1993315996958553,-0.0990284207427664,0.1155140341123644,0.0899378499793563,0.0621975607935562,0.3162360988117536,0.3391631374297464,0.3488640363954012,0.4495931638928066,0.3745520884412158,0.0621975607935562,-0.4365002702843235,0.8273856267922272,1.494026998652786,-1.0754574306910951,0.329291970292193,0.2090437203813213,0.309486341135065,0.6472477759409756,-0.8913986850143166,-0.7754694159321636,-1.1790536568200136,0.5834993921113324,0.4131849346107046,0.3408133458591443,0.2667975435750848,1.435787593866965,0.5082444941562616,-0.8457860662593242,0.9575004064554048,1.626214006593575,0.7528131345970344,0.329291970292193,-1.1790536568200136,0.5834993921113324,0.2502751199205794,0.0,0.0,0.0,0.0,其他,0,0,0.5,1.0,0,0.4129554655870445,-0.01723113487819361,-0.02852049910873422,0.7586206896551724,0.6422764227642277,0.1910569105691057,0.6044624746450304,0.9107505070993914,0.6369168356997972,0.5,0.5,0.5,0.5,0.41295546558704455,0.31376518218623484,0.3016194331983806
2026-01-19,16.92,17.09,16.81,17.08,5354576.0,16.7,16.597,16.442,16.432166666666667,0.022754491017964,0.0291016448755796,0.0388030653205204,0.0394247056079031,16.442,16.943643614320877,15.940356385679124,1.1359096195713858,0.0610197803573562,0.0148544266191326,0.0295358649789028,0.0478527607361962,0.0776025236593058,0.009149681854259,0.0147987431453169,0.0110262369497512,65.58139530613303,0.1345145179990865,0.0652422754990203,0.0692722425000661,61083605.0,63.062971544372026,0.2950000000000009,1.402940279517964,0.9999999999115043,0.6809523809199538,-0.0052693208430912,0.0148544266191326,0.0110262369497512,65.58139530613303,-0.1825836067175423,0.0,0.0,0.0,0.5,0.2302277821181817,0.1445494051508546,0.3664355824208061,0.3115844498198906,-0.2720485388403584,0.1621372657273788,0.1288106221699885,0.0965446206371753,0.3034689341255507,0.5508410795019185,0.5229820118177732,0.6038588948817819,0.5605392946767174,0.0965446206371753,-0.4015989293162257,0.845886804679148,1.986426428332232,-1.0498546784622698,0.4061985220097342,0.3365489021787682,0.4727786794539659,0.6812041867522599,-0.8240656393225241,-0.7570091375271344,-1.1658951860905906,1.045571562788187,0.503329403317704,0.3871342690892422,0.3832053284696096,1.5335386967412152,0.6374426332867237,-0.8341377891764568,0.4687747558893766,1.6201942249314252,1.5333461129722257,0.4061985220097342,-1.1658951860905906,1.045571562788187,-0.2054725475663011,0.0,0.0,0.0,0.0,其他,0,0,0.5,1.0,0,0.3002028397565923,-0.040983606557376984,-0.01990632318501173,0.7621951219512195,0.5955284552845529,0.18292682926829268,0.7134146341463414,0.8089430894308943,0.6585365853658537,0.5,0.5,0.5,0.5,0.3002028397565923,0.38336713995943206,0.35699797160243407
2026-01-20,17.06,17.13,16.87,16.93,4044122.0,16.785999999999998,16.624000000000002,16.491,16.421333333333333,0.008578577385917,0.018407122232916,0.0266205809229276,0.0309759662227995,16.491,16.981623663256073,16.000376336743926,0.947389753881614,0.05950199057099,-0.0087822014051521,0.0260606060606061,0.0162064825930372,0.0614420062695924,0.0102437370413661,0.0139858815952218,0.0113570390300898,62.94642853208705,0.1509496854433862,0.0823837574878935,0.0685659279554927,57039483.0,60.79636653079329,0.2978571428571435,1.0292685861140765,0.8437499999121104,0.6095238094947844,0.0029533372711163,-0.0087822014051521,0.0113570390300898,62.94642853208705,-0.2447353441243527,0.0,0.0,0.0,0.5,0.2914710744436591,0.1606181333905267,0.3955189387993651,0.2437190770431886,-0.4615594942072559,0.2030269931826538,0.1421806775528009,0.1238896005407104,0.2942493624570588,0.216640772350802,0.3405488449552994,0.4369140473632853,0.4621701762996235,0.1238896005407104,-0.3866162842904572,0.8807123015309709,1.3950272972680398,-1.0584427543788395,-0.2407680860810055,0.2949355639576622,0.1600193471103682,0.5477454731932294,-0.7745886040095576,-0.7962652949928408,-1.1438339097288526,0.8762132311774219,0.5417152268790824,0.4329504290312494,0.3788273219724642,1.4515503746974574,0.4928956595719967,-0.8268939096357293,0.00025689852958,1.1616042857775633,1.2126220036591857,-0.2407680860810055,-1.1438339097288526,0.8762132311774219,-0.2399416506049427,0.0,0.0,0.0,0.0,其他,0,0,0.5,1.0,0,0.5111111111111111,-0.00945067926757237,-0.012404016538688722,0.6781376518218624,0.6012145748987854,0.19230769230769232,0.5688259109311741,0.5425101214574899,0.5404858299595142,0.5,0.5,0.5,0.5,0.5111111111111111,0.5474747474747474,0.3393939393939394
2026-01-21,16.85,17.08,16.78,17.06,4128073.0,16.906,16.711000000000002,16.538,16.409833333333335,0.0091091920028392,0.0208844473699956,0.0315636715443221,0.0396205527173745,16.538,17.05818620147979,16.017813798520212,1.0017434126615394,0.0629079938900281,0.0076786769049024,0.0364520048602672,0.053736874613959,0.0583126550868484,0.0093183612520384,0.0092668910096519,0.0112711615245358,66.66666662626267,0.1724763871682029,0.1004022834239554,0.0720741037442474,61167556.0,58.80774209541333,0.3078571428571433,1.018485932954612,0.9775280897778064,0.9399999999373332,-0.0211019929660023,0.0076786769049024,0.0112711615245358,66.66666662626267,0.0207587703832872,0.0,0.0,0.0,0.5,0.1988572700578166,0.1401718509321934,0.3508009472813164,0.3020490626533587,-0.4488475487862846,0.2601543037442162,0.1855791990523645,0.1501118740225779,0.2844889209028853,0.2289164838125701,0.3823223198179145,0.5038524421388257,0.5614557520744647,0.1501118740225779,-0.3568904663583059,0.8896748015630959,1.5587088911014133,-1.0318706837488367,0.210165393141514,0.4180440307875721,0.5304213189864138,0.521350101133988,-0.8140780778129104,-1.0296832183515847,-1.146153587671741,1.1106850744759509,0.5921451694418205,0.4810996861621699,0.3980326958973634,1.5256399815391928,0.3661038569212779,-0.8051046422327804,-0.0132629652975593,1.546365072445395,2.6563499592605067,0.210165393141514,-1.146153587671741,1.1106850744759509,-0.091409546330754,0.0,0.0,0.0,0.0,其他,0,0,0.5,1.0,0,0.2767676767676768,-0.01289566236811246,-0.01992966002344665,0.7145748987854251,0.5850202429149798,0.1862348178137652,0.6356275303643725,0.6194331983805668,0.6133603238866396,0.5,0.5,0.5,0.5,0.2767676767676768,0.41818181818181815,0.32727272727272727
2026-01-22,17.06,17.28,17.02,17.2,3951684.0,17.02,16.779999999999998,16.585,16.410666666666668,0.0105757931844887,0.0250297973778308,0.0370817003316248,0.0480987975300617,16.585,17.165761750226174,16.004238249773827,1.0294770184654407,0.0700345794661045,0.0082063305978898,0.0342754058929646,0.0417928528164748,0.0578105781057809,0.0091889123383956,0.0078768680235075,0.0112587322350011,68.1818181423742,0.1985445849620823,0.1200307437315808,0.0785138412305015,65119240.0,63.12957283526272,0.3128571428571433,0.979618488406136,0.99999999990099,0.9999999999354838,-0.0476744186046511,0.0082063305978898,0.0112587322350011,68.1818181423742,-0.0427291377841428,0.0,0.0,0.0,0.5,0.2910485430805343,0.2212507776896926,0.4685671499309935,0.3648658118490174,-0.4739036158604455,0.3143957705627342,0.2199545979245329,0.1763320426353505,0.2848331898248737,0.2632572621167663,0.4524707298605915,0.5785671466087051,0.6586638028657827,0.1763320426353505,-0.3153096648437002,0.8798500811764911,1.6387304864556074,-0.9788657930361122,0.2244103908147353,0.3916901361828493,0.4117619003787333,0.5165561477892922,-0.8184432454412076,-1.096649202936084,-1.1441907825207365,1.2042097218012016,0.6532908746183332,0.5335530071765021,0.4336409955441944,1.5956889603390236,0.6400888524127366,-0.7935766589838791,-0.0620321508198414,1.6059476809464115,2.890713285281931,0.2244103908147353,-1.1441907825207365,1.2042097218012016,-0.1268154166795247,0.0,0.0,0.0,0.0,其他,0,0,0.5,1.0,0,0.1797979797979798,-0.0331395348837209,-0.0348837209302324,0.6032388663967612,0.4939271255060729,0.19230769230769232,0.6133603238866396,0.5607287449392713,0.5931174089068826,0.5,0.5,0.5,0.5,0.1797979797979798,0.3696969696969697,0.21818181818181817
2026-01-23,17.28,17.38,17.17,17.26,3877087.0,17.106,16.854000000000003,16.6295,16.4175,0.0090026891149304,0.0240892369763854,0.037914549445263,0.0513171920207096,16.6295,17.273810320787383,15.985189679212615,0.9892828653827606,0.077490041286089,0.0034883720930234,0.025549613784908,0.0447941888619856,0.0543677458766036,0.0087572822785914,0.0077857577907726,0.0112229197276024,69.5121950823915,0.221492095085928,0.1403230140024502,0.0811690810834777,68996327.0,63.39204842746799,0.3142857142857144,0.9490472331579626,0.999999999906542,0.9999999999378882,-0.0417149478563153,0.0034883720930234,0.0112229197276024,69.5121950823915,-0.0188772685265319,0.0,0.0,0.0,0.5,0.387605145075714,0.2616691910435592,0.5418932469233453,0.3915435864900003,-0.4841659528494041,0.3552151097449616,0.2568303874940486,0.2011449634748019,0.2900970099490232,0.2258593992259667,0.435905123098801,0.5891672519630547,0.6948491819697223,0.2011449634748019,-0.2735635943268025,0.8667473020526394,1.5090287700813192,-0.9237144936102624,0.0947689821448895,0.2874303291753592,0.4409605701456006,0.4876051705633297,-0.8361005887139873,-1.0987810437579193,-1.1436034954977992,1.2854734496978415,0.7069151417734135,0.5877398325667152,0.4480184604207052,1.6636105109266075,0.6558560363543516,-0.7893709341756415,-0.1003776841720557,1.600156362717551,2.861329376214282,0.0947689821448895,-1.1436034954977992,1.2854734496978415,-0.1133417642805917,0.0,0.0,0.0,0.0,其他,0,0,0.5,1.0,0,0.3373737373737374,-0.029548088064889955,-0.06141367323290858,0.4109311740890688,0.4797570850202429,0.18016194331983806,0.6639676113360324,0.47368421052631576,0.5566801619433198,0.5,0.5,0.5,0.5,0.3373737373737374,0.48282828282828283,0.24646464646464647
2026-01-26,17.28,17.32,16.88,16.99,5417600.0,17.088,16.894,16.654,16.42366666666667,-0.0057350187265918,0.0056824908251449,0.0201753332532723,0.0344827586206895,16.654,17.314634463781825,15.993365536218173,0.7543009927162481,0.0793364313411624,-0.0156431054461183,-0.0052693208430912,0.0241109101868595,0.0296969696969695,0.0106677562832033,0.0100470404745678,0.0118650480592363,56.96202528280722,0.2154083255808316,0.1553400763181265,0.0600682492627051,63578727.0,55.51131508402713,0.3085714285714286,1.2775018161472425,0.7476635513319912,0.8322981365942653,-0.0359034726309593,-0.0156431054461183,0.0118650480592363,56.96202528280722,0.3973377435172334,0.0,0.0,0.0,0.5,0.3871727996832327,0.236989827134319,0.3982632835979771,0.2691353800826127,-0.2597871913894823,0.3462026267958965,0.276634133006319,0.214709403546246,0.2948129393802884,-0.1225280234475845,0.1213974487274973,0.3457463838556027,0.4988474832836526,0.214709403546246,-0.2576112593706391,0.8701677047529639,0.779824445154238,-0.9088062623200384,-0.4305659259915845,-0.0799821268476149,0.2357291366834868,0.2840601063992561,-0.7505786263444622,-0.9840447154841278,-1.10358561510008,0.4865489854352258,0.6914238862188505,0.62758567481672,0.3291557114308,1.5551145628372816,0.1538655667544,-0.7997647273524043,0.3127711700944844,0.8661807115359847,2.1205656608750854,-0.4305659259915845,-1.10358561510008,0.4865489854352258,0.1199285930582599,0.0,0.0,0.0,0.0,其他,0,0,0.5,1.0,0,0.5636363636363636,-0.0005885815185402432,-0.08181283107710413,0.29959514170040485,0.39271255060728744,0.20242914979757085,0.4311740890688259,0.6700404858299596,0.44534412955465585,0.5,0.5,0.5,0.5,0.5636363636363636,0.5898989898989899,0.24242424242424243
2026-01-27,16.96,17.05,16.52,16.98,4174403.0,17.098000000000003,16.942,16.682499999999997,16.428,-0.0069013919756697,0.0022429465234328,0.0178330585943355,0.0336011687363038,16.682499999999997,17.34797569056751,16.017024309432486,0.7235243181264408,0.0797812906415132,-0.0005885815185402,0.0029533372711163,0.029090909090909,0.0347349177330895,0.0097667012142758,0.0097385379773196,0.0117637171889303,70.68062822044354,0.2073893229705063,0.1657499256486025,0.0416393973219038,59404324.0,57.22104670857421,0.3121428571428572,0.9631040555617246,0.7383177569403432,0.8260869564704288,-0.0123674911660778,-0.0005885815185402,0.0117637171889303,70.68062822044354,-0.229473752215003,0.0,0.0,0.0,0.5,0.245609668728396,0.1268001193366787,0.2201510431587621,0.2643340358332431,-0.4402987493898384,0.3506183960997777,0.3004507615264766,0.2305230582237722,0.298022291672528,-0.1499867283826836,0.062530989437587,0.3132820943923485,0.4879491418507897,0.2305230582237722,-0.2445362932195967,0.8829552887531028,0.6834351450313418,-0.9039611151328688,-0.0164451795094938,0.0181446330652866,0.2848263063454248,0.325238255997481,-0.789132278779557,-0.9974639267357968,-1.1070153365423765,1.3560189242358955,0.6713598837367195,0.6549049788085584,0.2253345331206939,1.471091546544489,0.2625660773841464,-0.7911667857832632,-0.08330436002287,0.837609294998476,2.0814448880724954,-0.0164451795094938,-1.1070153365423765,1.3560189242358955,-0.2316512595450836,0.0,0.0,0.0,0.0,其他,0,0,0.5,1.0,0,0.602020202020202,-0.008833922261484273,-0.08892815076560656,0.5101214574898786,0.4939271255060729,0.18016194331983806,0.8137651821862348,0.5101214574898786,0.5242914979757085,0.5,0.5,0.5,0.5,0.602020202020202,0.4404040404040404,0.24242424242424243
2026-01-28,16.92,16.93,16.66,16.7,3110288.0,17.026,16.966,16.7,16.4265,-0.019147186655703,-0.0156784156548391,0.0,0.0166499254253795,16.7,17.346805917363397,16.0531940826366,0.4999999999613485,0.0774617865101227,-0.0164899882214371,-0.0211019929660023,0.0145808019441069,0.0214067278287459,0.0112700795807317,0.011459093058876,0.0124079374925011,55.08021386250673,0.1764070351935238,0.1678813475575868,0.008525687635937,56294036.0,51.09428914602584,0.3000000000000002,0.7076519694895096,0.4766355139741442,0.6521739130029695,0.0083832335329341,-0.0164899882214371,0.0124079374925011,55.08021386250673,-0.2549142955292049,0.0,0.0,0.0,0.5,0.2276981023393141,0.0777599599821151,0.2890910221510848,0.1373184442515772,-0.594586125932401,0.3156881355463128,0.3121942337005711,0.2401376053153572,0.2964352036641416,-0.4396146123390016,-0.2439114397506489,0.0684566079394627,0.2906046219110959,0.2401376053153572,-0.2447259332725957,0.903281529972965,-0.0096449923160677,-0.9188824906133052,-0.4537407181831707,-0.2689766361578643,0.1406140292352108,0.215014209127577,-0.7216143639012041,-0.9099797741646504,-1.0670698850480522,0.3633365969632999,0.5966690568887929,0.6597706903361698,0.0389870638267975,1.4078526098032629,-0.1281910869752153,-0.8147053139166395,-0.4050383703162426,0.0775410112180016,1.328297573804336,-0.4537407181831707,-1.0670698850480522,0.3633365969632999,-0.2456912933666303,0.0,0.0,0.0,0.0,其他,0,0,0.5,1.0,0,0.6303030303030303,0.004790419161676773,-0.06586826347305386,0.27530364372469635,0.3724696356275304,0.20040485829959515,0.4716599190283401,0.2935222672064777,0.39473684210526316,0.5,0.5,0.5,0.5,0.6303030303030303,0.5636363636363636,0.26262626262626265
2026-01-29,16.7,16.76,16.32,16.38,3578100.0,16.862000000000002,16.941,16.7045,16.419833333333333,-0.0285849839876647,-0.0331149282805028,-0.0194259031997365,-0.0024259279935849,16.7045,17.34045680091579,16.06854319908421,0.2448726080472746,0.0761419738288463,-0.0191616766467066,-0.0476744186046511,-0.0150330727600721,0.0055248618784531,0.010342831656697,0.0126678317210377,0.0131828971844086,46.78899079564009,0.1245957608931114,0.1592242302246917,-0.0346284693315803,52715936.0,44.908549697796985,0.3121428571428572,0.8008090407157716,0.1775700934413464,0.4534161490401593,0.0152625152625152,-0.0191616766467066,0.0131828971844086,46.78899079564009,0.150407936499771,0.0,0.0,0.0,0.5,0.1302408979545229,0.0083186016741738,0.1206620294470481,-0.0078181692503773,-0.5257240207242481,0.2365831219486857,0.299278652898872,0.2424207551996919,0.2905973415751937,-0.6624720332602244,-0.5418986626518009,-0.1982224578702936,0.0686153079114486,0.2424207551996919,-0.2469083308365144,0.9109351294655796,-0.800206666895605,-0.9266147942163292,-0.5267080023657297,-0.5859732918634918,-0.1535528430371908,0.0837300613767929,-0.7614404347950547,-0.8482262077012725,-1.019700507743756,-0.1643204553873187,0.4724392028301324,0.6354082476954765,-0.203844230136608,1.3362520405476492,-0.5225677323290884,-0.7885423171885254,-0.2871269012117303,-0.7905989530244583,0.4722546658524635,-0.5267080023657297,-1.019700507743756,-0.1643204553873187,-0.0177571185919606,0.0,0.0,0.0,0.0,其他,0,0,0.5,1.0,0,0.7191919191919192,0.012820512820512775,-0.022588522588522397,0.17813765182186234,0.2732793522267207,0.22064777327935223,0.31781376518218624,0.3360323886639676,0.2732793522267207,0.5,0.5,0.5,0.5,0.7191919191919192,0.6707070707070707,0.402020202020202
2026-01-30,16.35,16.57,16.22,16.54,3552261.0,16.718,16.912,16.7155,16.413333333333334,-0.0106472066036608,-0.021996215704825,-0.0104992372349017,0.0077173030056862,16.7155,17.330726958549267,16.10027304145073,0.3573697091805168,0.0736115531746687,0.0097680097680097,-0.0417149478563153,-0.0172311348781936,0.0134803921568626,0.0124981633354612,0.0124187334876086,0.0133479494505169,48.89867838393913,0.0953465202202146,0.1464486882237963,-0.0511021680035817,56268197.0,38.60252669410868,0.3221428571428575,0.7824950393580734,0.3271028037077453,0.5527950310215644,0.0126964933494559,0.0097680097680097,0.0133479494505169,48.89867838393913,-0.0072214303680724,0.0,0.0,0.0,0.5,-0.0247249399102306,-0.0692914676468867,0.0710428288130147,0.0647615694049278,-0.5288419002748307,0.167107887737177,0.2843537293249531,0.2483725608282391,0.2848999645353233,-0.2366621742233299,-0.3509231793621769,-0.0753879904290826,0.1865327832555501,0.2483725608282391,-0.2503924642567269,0.928487954457432,-0.4503636316650451,-0.9429731647574416,0.2707288407420911,-0.5140290158328208,-0.1752422775741836,0.1493632250036759,-0.6651633377598452,-0.8591890093427437,-1.0080157102750584,-0.0298571743795616,0.402119590304238,0.5999212038411271,-0.2963965338989421,1.3996906536010278,-0.9238792726550664,-0.7668279004881331,-0.309927851726906,-0.3553203899291622,0.8985544664539813,0.2707288407420911,-1.0080157102750584,-0.0298571743795616,-0.1063759784178479,0.0,0.0,0.0,0.0,其他,0,0,0.5,1.0,0,0.7151515151515152,-0.011487303506650393,-0.038694074969770176,0.3360323886639676,0.340080971659919,0.20850202429149797,0.45951417004048584,0.3259109311740891,0.3866396761133603,0.5,0.5,0.5,0.5,0.7151515151515152,0.503030303030303,0.33535353535353535
2026-02-02,16.52,16.87,16.37,16.38,3003200.0,16.595999999999997,16.842,16.7195,16.406,-0.0130151843817786,-0.0274314214463839,-0.0203056311492568,-0.0015847860538826,16.7195,17.324304448604753,16.114695551395247,0.2193307681473409,0.0723471932295984,-0.0096735187424426,-0.0359034726309593,-0.0409836065573769,0.0049079754601226,0.0119071810814234,0.0111505383842163,0.0135461095682335,47.43589740751697,0.0585803456734161,0.1288750197137203,-0.0702946740403041,53264997.0,44.76691964358728,0.3321428571428573,0.6660538108138379,0.1775700934413464,0.4534161490401593,0.0366300366300367,-0.0096735187424426,0.0135461095682335,47.43589740751697,-0.1545666267202775,0.0,0.0,0.0,0.5,0.0505797423230532,0.0534231035426459,0.1452973754219174,-0.0079430829434151,-0.6082129099333418,0.1082265113719875,0.2487649726041391,0.2503693672688907,0.2785183114214839,-0.2925854832269294,-0.4436501728066458,-0.2101602300024573,0.0780022874462254,0.2503693672688907,-0.2526020853511725,0.9355001733845832,-0.8777596358607249,-0.9502308077013886,-0.2655659115897338,-0.4439222013649084,-0.4112912534606266,0.078327486358349,-0.6903289644691133,-0.9208318049721436,-0.9944557258060148,-0.1230378986523497,0.3138912842756415,0.5514669327829516,-0.4042285390495082,1.3391074524060742,-0.5291973942894547,-0.7451657264956346,-0.4566395037394336,-0.789298952195615,0.4697730805233049,-0.2655659115897338,-0.9944557258060148,-0.1230378986523497,-0.1892007979071782,0.0,0.0,0.0,0.0,其他,0,0,0.5,1.0,0,0.593939393939394,0.0219780219780219,-0.007936507936507908,0.562753036437247,0.46963562753036436,0.1680161943319838,0.5344129554655871,0.2651821862348178,0.5384615384615384,0.5,0.5,0.5,0.5,0.593939393939394,0.41414141414141414,0.3090909090909091
2026-02-03,16.51,16.78,16.41,16.77,3375000.0,16.554000000000002,16.826,16.725,16.406166666666667,0.0130482058716925,-0.003328182574587,0.002690582959641,0.02217662057966,16.725,17.32952678317707,16.120473216822933,0.5372191945820667,0.0722901982868105,0.0238095238095239,-0.0123674911660778,-0.0094506792675723,0.0066026410564226,0.018489000182006,0.0140281287809483,0.0136964413714909,55.76208175536544,0.0602184670891858,0.1151437091888134,-0.0549252420996275,56639997.0,51.89238893700527,0.3378571428571431,0.7627989182946302,0.542056074715694,0.6956521738698342,0.0035778175313059,0.0238095238095239,0.0136964413714909,55.76208175536544,0.1238012786361215,0.0,0.0,0.0,0.5,0.0460986093810539,0.0165419818187138,0.1649927549882489,0.1692970265857056,-0.5531963120676189,0.0878873256977488,0.2404337082188625,0.253214607614695,0.2783315659297884,0.3265282976501312,-0.0297782864427536,0.1065928143180196,0.3548842805960231,0.253214607614695,-0.2503205571262662,0.9372546432480856,0.1101809602500123,-0.948838761583263,0.658457147115088,-0.1617048262792026,-0.0969427876915776,0.0922759982592929,-0.398423854094157,-0.7759266464958304,-0.9837360059687262,0.4080987293807437,0.3174755484194484,0.513499408970808,-0.3171091324640935,1.3990908254474177,-0.0733575338471644,-0.7323272185075171,-0.3338199047971472,0.2717549637089308,1.508911498126169,0.658457147115088,-0.9837360059687262,0.4080987293807437,-0.0321925466210449,0.0,0.0,0.0,0.0,其他,0,0,0.5,1.0,0,0.3474747474747475,-0.0029815146094216427,-0.03935599284436497,0.6012145748987854,0.4777327935222672,0.17813765182186234,0.6781376518218624,0.5101214574898786,0.6275303643724697,0.5,0.5,0.5,0.5,0.3474747474747475,0.21616161616161617,0.22626262626262628
2026-02-04,16.82,17.05,16.74,16.84,3538751.0,16.582,16.804,16.7575,16.40683333333333,0.0155590399228078,0.0021423470602237,0.0049231687304192,0.02640160095895,16.7575,17.308437000887434,16.206562999112567,0.5748724444080028,0.0657540803680914,0.0041741204531902,0.0083832335329341,-0.0128956623681124,0.0401482396541073,0.0167673558608231,0.0138335203686238,0.0119346060600894,54.05405402483566,0.0663996907956843,0.1053949055101876,-0.0389952147145033,60178748.0,51.56153826478208,0.3471428571428576,0.8263702730218024,0.5227272726678713,0.7391304347366991,-0.0035629453681709,0.0041741204531902,0.0119346060600894,54.05405402483566,0.0485188148148147,0.0,0.0,0.0,0.5,0.1835904510406568,0.1271205169877705,0.3286257278352455,0.200968905244267,-0.5286068447935498,0.1013039630007294,0.2290744704494521,0.2713406489554901,0.2785591061377649,0.3858284698828322,0.0641776582573131,0.13724663550754,0.4037327403791954,0.2713406489554901,-0.2581983771831567,0.987657318746197,0.2270919314354017,-0.9937518269473812,0.1156424638032552,0.0871237252448958,-0.1311781453651003,0.3700787086270764,-0.4741624656677397,-0.7844080913697724,-1.0843056087450564,0.2986363295608768,0.3319256459770959,0.4863908461758258,-0.2268529059592728,1.4616920249674945,-0.0944470035985834,-0.7122022669670679,-0.25301879202154,0.2151956860305211,1.6890491896290991,0.1156424638032552,-1.0843056087450564,0.2986363295608768,-0.0746147901101293,0.0,0.0,0.0,0.0,其他,0,0,0.5,1.0,0,0.4363636363636363,-0.0071258907363420665,-0.05344418052256539,0.6295546558704453,0.5546558704453441,0.1214574898785425,0.5222672064777328,0.5344129554655871,0.5323886639676113,0.5,0.5,0.5,0.5,0.43636363636363634,0.34545454545454546,0.2727272727272727
2026-02-05,16.78,16.85,16.62,16.63,2285300.0,16.631999999999998,16.747,16.7635,16.403666666666666,-0.00012025012025,-0.006986325909118,-0.0079637307244907,0.0137977281502101,16.7635,17.305631271731254,16.221368728268747,0.3768748391774494,0.0646799620279798,-0.0124703087885986,0.0152625152625152,-0.0331395348837209,0.007268322228952,0.0148332012471728,0.0138147587115462,0.0115861075110251,46.1538461289941,0.053733701496835,0.0950626647075171,-0.041328963210682,57893448.0,43.45865106495719,0.3450000000000003,0.5515477324040423,0.2840909090586252,0.6086956521361045,-0.0024052916416115,-0.0124703087885986,0.0115861075110251,46.1538461289941,-0.3542071764868452,0.0,0.0,0.0,0.5,0.1656469716496126,0.0449982549205165,0.268669525985819,0.1051628311111509,-0.7109692705729955,0.1253391098416663,0.200023399924138,0.2744508425266937,0.2756165463015941,0.0125275020142899,-0.092773210891912,-0.040628509856302,0.2560683624259489,0.2744508425266937,-0.2590096967838856,0.994691344679454,-0.3890643611970135,-0.9994684016023014,-0.3444602877966473,0.1695546752163168,-0.332955939104604,0.0970453811415369,-0.5592363789198728,-0.7841091742514641,-1.102226177890096,-0.2064288141718703,0.3012524794890767,0.4577207184930344,-0.2398115951474282,1.4143839435352945,-0.612921371435067,-0.7155425178966058,-0.6006830387091382,-0.4804059593112613,1.1257702224885664,-0.3444602877966473,-1.102226177890096,-0.2064288141718703,-0.3018412104744045,0.0,0.0,0.0,0.0,其他,0,0,0.5,1.0,0,0.4484848484848485,-0.0018039687312084718,-0.0360793746241731,0.7186234817813765,0.4392712550607287,0.11336032388663968,0.3360323886639676,0.25708502024291496,0.4716599190283401,0.5,0.5,0.5,0.5,0.4484848484848485,0.2868686868686869,0.3595959595959596
2026-02-06,16.58,16.86,16.5,16.75,3009100.0,16.674,16.695999999999998,16.775,16.4045,0.0045579944824276,0.0032343076185914,-0.0014903129657226,0.0210612941570911,16.775,17.305004965219542,16.244995034780455,0.4764153152439955,0.0631898617247551,0.0072158749248347,0.0126964933494559,-0.0295480880648899,0.0139225181598063,0.014589216100791,0.0140656458909621,0.0116853626586872,43.319838032126455,0.0527705053054674,0.0866042328271071,-0.0338337275216397,60902548.0,40.78040270318633,0.350714285714286,0.7382512167982611,0.4204545454067664,0.683229813622159,-0.0238805970149252,0.0072158749248347,0.0116853626586872,43.319838032126455,0.3167199054828689,0.0,0.0,0.0,0.5,0.076586423384459,0.0490592395877768,0.208727785215911,0.1597467111736701,-0.6042350143026032,0.145508102400412,0.1740131566023564,0.2806793859562922,0.2759881804072044,0.1238928053838495,0.0831426933865335,0.0487834077756405,0.3406743505812122,0.2806793859562922,-0.2589786543657689,1.0070437185143608,-0.0787368721441942,-1.008137977430843,0.2004243849283182,0.1385795540661664,-0.2967495175299781,0.1521819883371968,-0.5693377858083738,-0.7703710193006176,-1.0940372364659474,-0.3874189883922601,0.2986314338692613,0.4341735307164908,-0.1971802742434683,1.466817650322647,-0.7834322137539619,-0.7027677228868389,-0.3633844225729196,-0.0821975287058601,1.441176626841193,0.2004243849283182,-1.0940372364659474,-0.3874189883922601,0.0774919841395556,0.0,0.0,0.0,0.0,其他,0,0,0.5,1.0,0,0.2323232323232323,-0.032835820895522394,-0.028059701492537226,0.7145748987854251,0.5384615384615384,0.11336032388663968,0.3441295546558704,0.5303643724696356,0.5566801619433198,0.5,0.5,0.5,0.5,0.23232323232323232,0.20202020202020202,0.3878787878787879
2026-02-09,16.8,16.98,16.8,16.98,3256720.0,16.794,16.695,16.7945,16.407833333333333,0.0110753840657378,0.0170709793351302,0.0110452826818303,0.0348715552530805,16.7945,17.324543692339553,16.264456307660446,0.674985574409655,0.0631211042110688,0.0137313432835821,0.0366300366300367,-0.0005885815185402,0.0235081374321881,0.0133657168832437,0.0141769022150253,0.0120221976339024,50.980392128873525,0.0697620694825396,0.0832358001581936,-0.013473730675654,64159268.0,47.94444260810673,0.348571428571429,0.8096310977974139,0.6818181817407021,0.8260869564704288,-0.0141342756183746,0.0137313432835821,0.0120221976339024,50.980392128873525,0.0822903858296499,0.0,0.0,0.0,0.5,0.1743942848248292,0.0983064808581807,0.3578149372106153,0.264493718892973,-0.5672528537942191,0.2033934411216751,0.1733331382393907,0.2914468241544116,0.2784329124927809,0.2790661666969677,0.3212942803059692,0.2219624667699276,0.5017933159272087,0.2914468241544116,-0.2511417833090891,1.016827636579204,0.5400907219001768,-1.0066225395072086,0.380579187180127,0.4260075211295835,-0.0070683618999119,0.2316666021486682,-0.6228415026039191,-0.7636312912145686,-1.0720817225542372,0.1032981264887849,0.3390693946882586,0.4245079562532931,-0.0817233290513182,1.5234520007577363,-0.3234951583739329,-0.7061396086190486,-0.272449661522059,0.6806457610761335,2.0427321434001096,0.380579187180127,-1.0720817225542372,0.1032981264887849,-0.0551509986681505,0.0,0.0,0.0,0.0,其他,0,0,0.5,1.0,0,0.3218623481781376,-0.08127208480565373,-0.042991755005889254,0.592292089249493,0.5780933062880325,0.1257606490872211,0.486815415821501,0.6369168356997972,0.563894523326572,0.5,0.5,0.5,0.5,0.32186234817813764,0.1659919028340081,0.39878542510121456
2026-02-10,16.94,17.04,16.81,16.83,3176824.0,16.805999999999997,16.68,16.811,16.411166666666666,0.0014280614066406,0.0089928057553956,0.001130212360954,0.0255212406186844,16.811,17.322670123994893,16.299329876005107,0.5185666497388963,0.0608732525122657,-0.0088339222614842,0.0035778175313059,-0.0088339222614842,0.0199999999999997,0.0110529932887153,0.0144540395027973,0.0121450710197913,45.525291803994016,0.070313727234005,0.0806513855733559,-0.0103376583393508,60982444.0,48.89187757801384,0.3435714285714292,0.8078695173435697,0.5113636363055246,0.7329192546128603,-0.0065359477124182,-0.0088339222614842,0.0121450710197913,45.525291803994016,-0.0245326586258567,0.0,0.0,0.0,0.5,0.2365648801645253,0.1228821684717768,0.3624116716981055,0.1957506915605409,-0.5782282061971717,0.2089987781106397,0.1655554498458809,0.3005074966215991,0.2808778481233177,0.0486935229720642,0.1817523565933095,0.0845906684949741,0.3916781243554188,0.3005074966215991,-0.2516048484531799,1.035907878989709,0.051687155426549,-1.0206839604181928,-0.2450623752312398,0.0280601329600053,-0.0895372534472873,0.2022530514500737,-0.724548615256007,-0.7486321806572331,-1.0626655168657075,-0.2462996237108822,0.3400344590818359,0.4169873387188127,-0.0638736294222759,1.459193969570856,-0.2623886084102079,-0.7153717416909509,-0.2743978005417393,0.1820463490032779,1.6378180459765583,-0.2450623752312398,-1.0626655168657075,-0.2462996237108822,-0.1155630062272237,0.0,0.0,0.0,0.0,其他,0,0,0.5,1.0,0,0.2677484787018255,-0.08080808080808066,-0.0148544266191325,0.34552845528455284,0.5508130081300813,0.13211382113821138,0.34552845528455284,0.725609756097561,0.49390243902439024,0.5,0.5,0.5,0.5,0.26774847870182555,0.20892494929006086,0.5415821501014199
2026-02-11,16.86,16.9,16.75,16.78,2134400.0,16.794,16.688,16.826999999999998,16.4165,-0.0008336310587113,0.0055129434324066,-0.0027931300885479,0.0221423567751957,16.826999999999998,17.31176147145787,16.342238528542126,0.4515225499421381,0.0576171000719072,-0.0029708853238262,-0.0035629453681709,0.0047904191616767,0.0194410692588091,0.0109633092799886,0.0134178401933583,0.0121539383879269,41.53225804107057,0.0659560376975889,0.0777123159982025,-0.0117562783006135,58848044.0,42.34861054896225,0.3357142857142862,0.5652096461987282,0.4545454544938027,0.7018633539936731,-0.0035756853396902,-0.0029708853238262,0.0121539383879269,41.53225804107057,-0.3281340105715645,0.0,0.0,0.0,0.5,0.2006730534406423,0.0651461752931712,0.3321177866866913,0.1727110805767452,-0.7300381723777942,0.202977227092271,0.1694514768892646,0.3092815859323675,0.2849840304508179,-0.0053501264372826,0.1215442696902883,0.0301834887248037,0.3516029275068826,0.3092815859323675,-0.2555728951558293,1.0597746383177231,-0.1576775175754954,-1.0418926227650958,-0.0822156232931405,-0.0579356076439206,0.0469622638208608,0.197393281105888,-0.7274683892494154,-0.7992261813709715,-1.0599210787607924,-0.5020085607511684,0.3292074292807742,0.4085052940577243,-0.0718596210419334,1.4149460152017803,-0.6819303603022983,-0.7304546069299102,-0.5823492515810235,0.0157339154646426,1.5000152896652357,-0.0822156232931405,-1.0599210787607924,-0.5020085607511684,-0.2874429644780137,0.0,0.0,0.0,0.0,其他,0,0,0.5,1.0,0,0.3719512195121951,-0.07032181168057217,-0.03933253873659115,0.43380855397148677,0.5071283095723014,0.1425661914460285,0.29124236252545826,0.4073319755600815,0.45213849287169044,0.5,0.5,0.5,0.5,0.3719512195121951,0.16666666666666666,0.540650406504065
2026-02-12,16.78,16.88,16.55,16.59,2599900.0,16.786,16.709,16.825,16.421,-0.011676396997498,-0.0071219103477168,-0.013967310549777,0.0102916996528834,16.825,17.313499313148796,16.336500686851203,0.2594674202189049,0.0580682690218001,-0.0113230035756853,-0.0024052916416115,0.0128205128205127,-0.0024052916416115,0.010662344890803,0.0123219795392857,0.012246364506461,37.16475093791929,0.0466335625599647,0.071496565310555,-0.0248630027505902,56248144.0,34.99280464195343,0.3442857142857148,0.7015569861782156,0.2386363636092461,0.5838509316407539,0.0006027727546715,-0.0113230035756853,0.012246364506461,37.16475093791929,0.2180940779610194,0.0,0.0,0.0,0.5,0.164786392777492,0.0568452500778118,0.2319884499304253,0.0856396827849373,-0.6608411668150513,0.1988967126531131,0.1799511952961724,0.3078111057722617,0.2883970389252918,-0.2644435664913365,-0.096744246094024,-0.1247189160446252,0.2121619788383175,0.3078111057722617,-0.254631140797632,1.0540934276440466,-0.7572863260822413,-1.036538159447074,-0.3139773472421345,-0.043929615644848,0.1273939730278731,0.0151592434592152,-0.7397582528297283,-0.8526700723195988,-1.0523370613485787,-0.781348060197285,0.2824061394828849,0.3910830636512553,-0.1462047103103669,1.362326570216805,-1.152297352448788,-0.7117591153907905,-0.4083025082458248,-0.6159828286912115,0.994838893696252,-0.3139773472421345,-1.0523370613485787,-0.781348060197285,0.0225787127929408,0.0,0.0,0.0,0.0,其他,0,0,0.5,1.0,0,0.2449392712550607,-0.03496081977094623,-0.07112718505123572,0.4462474645030426,0.41379310344827586,0.14807302231237324,0.2738336713995943,0.460446247464503,0.3894523326572008,0.5,0.5,0.5,0.5,0.24493927125506074,0.24898785425101214,0.44534412955465585
2026-02-13,16.59,16.65,16.35,16.35,2244100.0,16.706,16.69,16.801,16.425500000000003,-0.0213097090865556,-0.0203714799281006,-0.0268436402595081,-0.0045965115217193,16.801,17.333635947558044,16.268364052441953,0.0766339071974563,0.0634052672525296,-0.0144665461121156,-0.0238805970149252,-0.0114873035066503,-0.0285204991087342,0.0111693420750386,0.0128525691247448,0.0123041278189566,37.596899204404856,0.0118181354571511,0.0595608793398742,-0.047742743882723,54004044.0,37.69589979794661,0.3342857142857145,0.6429027749286367,0.0,0.4347826086686474,-0.0091743119266056,-0.0144665461121156,0.0123041278189566,37.596899204404856,-0.1368514173622061,0.0,0.0,0.0,0.5,0.0797818412222172,-0.0380484437871391,0.1318740118103233,-0.0243227372194771,-0.7120551678302499,0.1598721608398711,0.170112287385917,0.2938123846809981,0.291809879980514,-0.494495014518426,-0.3256246114919324,-0.3032094890170175,0.0370583060225714,0.2938123846809981,-0.2465410208283416,1.0106669492657876,-1.325859363262498,-0.9963136731004408,-0.4009643038771965,-0.3029030348801509,-0.1165767216773056,-0.2026739349823975,-0.7161634102022506,-0.8247592774203333,-1.0468042545456946,-0.7524329831222174,0.1983313106314459,0.3580403408188922,-0.2760720077232034,1.3167203941725596,-0.9766890280940504,-0.7312745648154869,-0.4824508552069145,-1.3120304040440691,0.3589587281706528,-0.4009643038771965,-1.0468042545456946,-0.7524329831222174,-0.1789078724378792,0.0,0.0,0.0,0.0,其他,0,0,0.5,1.0,0,0.3259109311740891,-0.02752293577981657,-0.13149847094801237,0.22920892494929007,0.3002028397565923,0.13995943204868155,0.3002028397565923,0.45841784989858014,0.3103448275862069,0.5,0.5,0.5,0.5,0.3259109311740891,0.32388663967611336,0.37044534412955465
2026-02-24,16.57,16.74,16.45,16.74,2728048.0,16.658,16.726000000000003,16.784,16.4345,0.00492255973106,0.0008370202080589,-0.0026215443279313,0.0185889439897775,16.784,17.300604297310308,16.26739570268969,0.457414214056264,0.0615591393359426,0.023853211009174,-0.0141342756183746,0.0219780219780219,-0.0199063231850117,0.015456127941993,0.0146141414876924,0.0130695275536763,45.94594592421472,0.0155175229354931,0.050752208058998,-0.0352346851235048,56732092.0,45.59391887538576,0.3242857142857142,0.8121007914256287,0.4285714285243294,0.6770186334983201,-0.068100358422939,0.023853211009174,0.0130695275536763,45.94594592421472,0.2156534913773895,0.0,0.0,0.0,0.5,0.0707664897512316,-0.0008660506151398,0.1817373756332327,0.1544238422637871,-0.6401283018293101,0.1363973564400999,0.1882657878203543,0.2838095061681741,0.2989708507526458,0.1338739060505437,0.0415735061028649,0.0334334148318409,0.3096168593796594,0.2838095061681741,-0.25913267781558,1.0080836240597015,-0.1349725002030233,-1.0075599678161955,0.6647226071236697,-0.1849432959361426,0.219561134620655,-0.1305545885794782,-0.5246917189979751,-0.7354176777893469,-1.0001757200923662,-0.2154533152860852,0.2070486344785741,0.3335666002488706,-0.2046582967387731,1.3642719789097324,-0.468432766321691,-0.7507513765908939,-0.2664325780250616,-0.0565115871947132,1.3881870510692167,0.6647226071236697,-1.0001757200923662,-0.2154533152860852,0.0215307228963202,0.0,0.0,0.0,0.0,其他,0,0,0.5,1.0,0,0.1983805668016194,-0.02927120669056149,-0.11051373954599752,0.31643002028397565,0.35294117647058826,0.16024340770791076,0.38336713995943206,0.5456389452332657,0.45030425963488846,0.5,0.5,0.5,0.5,0.19838056680161945,0.32186234817813764,0.38866396761133604
2026-02-25,16.74,16.85,16.63,16.72,3068120.0,16.636000000000003,16.721,16.773500000000002,16.452333333333332,0.0050492906948782,-5.9805035584115096e-05,-0.003189554952753,0.0162692221974594,16.773500000000002,17.286130984544698,16.260869015455306,0.4478182146048954,0.0611239138571723,-0.0011947431302269,-0.0065359477124182,-0.0029815146094216,-0.0124040165386887,0.0150770837035385,0.0125068303958439,0.0129388859984328,50.37037034425239,0.0166436239748186,0.0439304912421621,-0.0272868672673434,53663972.0,53.05389672850889,0.3171428571428572,0.926799045428278,0.4065934065487231,0.6582278480596045,-0.0747607655502391,-0.0011947431302269,0.0129388859984328,50.37037034425239,0.1246576306575251,0.0,0.0,0.0,0.5,0.1467574439890541,0.0445790720262964,0.2716179722228581,0.1451017727134179,-0.5894075850768677,0.1255676004387892,0.1855323532867767,0.2775193108023173,0.3134949422870706,0.1367809443166647,0.0260045912088646,0.0255056818836641,0.2819624345002787,0.2775193108023173,-0.2644972727752052,1.0021491535517666,-0.1648441401748125,-1.008687784911776,-0.0328009531089794,-0.0929488814343647,-0.0315066006955994,-0.0677301572645377,-0.5409120818713259,-0.8396583309794594,-1.0058129812930303,0.0691898303499543,0.2095607172742972,0.3145429901314505,-0.1592139857886971,1.303352740196478,0.0114644485606531,-0.7643111174238882,-0.1199322741048821,-0.1208376567226887,1.3043401380083846,-0.0328009531089794,-1.0058129812930303,0.0691898303499543,-0.0302363997458292,0.0,0.0,0.0,0.0,其他,0,0,0.5,1.0,0,0.2510121457489878,-0.03648325358851667,-0.09509569377990423,0.2657200811359026,0.3367139959432049,0.15415821501014199,0.43204868154158216,0.5862068965517241,0.3225152129817444,0.5,0.5,0.5,0.5,0.25101214574898784,0.3785425101214575,0.4271255060728745
2026-02-26,16.8,16.8,16.66,16.72,2073447.0,16.624000000000002,16.709,16.7565,16.466666666666665,0.0057747834456205,0.0006583278472678,-0.0021782591830036,0.0153846153846153,16.7565,17.251369467105377,16.26163053289462,0.4631215881434244,0.0590659704714498,0.0,-0.0035756853396902,-0.007125890736342,-0.0199296600234466,0.0150493664179394,0.01241287053142,0.0127951630608678,57.1428571092437,0.0173362259403866,0.038611638181807,-0.0212754122414204,53663972.0,54.98232730035439,0.2957142857142857,0.6463934400190865,0.4065934065487231,0.6582278480596045,-0.0669856459330142,0.0,0.0127951630608678,57.1428571092437,-0.3241962504726021,0.0,0.0,0.0,0.5,0.1734845210995058,0.0238611664059713,0.286365794660696,0.1449627178693947,-0.7345960097419464,0.1196061318091586,0.179230692248092,0.267519569640738,0.3250931463181344,0.154046257540622,0.0384266324231859,0.0395511871427127,0.2712216393507681,0.267519569640738,-0.277766219257634,1.0006544212317474,-0.1167812671949587,-1.0214048488933305,0.0005021506836084,-0.0570549842924972,-0.0731695418773158,-0.1306151080900424,-0.5414827486527292,-0.8429846807335407,-1.012191926410055,0.5048064727263483,0.2110268176853578,0.2996448660317362,-0.124807084176143,1.300051665309649,0.1355096731693862,-0.8072335612940027,-0.4775684683691862,-0.1207183326540591,1.3006216189685926,0.0005021506836084,-1.012191926410055,0.5048064727263483,-0.2856787296231328,0.0,0.0,0.0,0.0,其他,0,0,0.5,1.0,0,0.1680161943319838,-0.046650717703349276,-0.10346889952153104,0.37322515212981744,0.32454361054766734,0.15212981744421908,0.6430020283975659,0.2616632860040568,0.36511156186612576,0.5,0.5,0.5,0.5,0.1680161943319838,0.3157894736842105,0.4352226720647773
2026-02-27,16.72,16.78,16.49,16.6,2851500.0,16.625999999999998,16.706,16.7265,16.477166666666665,-0.001563815710333,-0.0063450257392552,-0.007562849370759,0.0074547606283443,16.7265,17.179107649305667,16.273892350694336,0.3602542398144551,0.0541186320273768,-0.0071770334928228,0.0006027727546715,-0.0018039687312084,-0.0348837209302324,0.014413429962406,0.0119571055464169,0.0126789821570022,51.282051251369765,0.0081086494069673,0.0325110404268391,-0.0244023910198717,50812472.0,55.90260903812156,0.2914285714285715,0.9044607040846748,0.274725274695085,0.5822784809758056,-0.0355421686746988,-0.0071770334928228,0.0126789821570022,51.282051251369765,0.3752461480809492,0.0,0.0,0.0,0.5,0.1374604170472074,0.0155605801195189,0.2008749754617041,0.0896804080262507,-0.6193396040718006,0.1204660152989075,0.1775233799094059,0.250091938882475,0.3334852642293157,-0.0222505265900878,-0.0831103986797748,-0.0354775136627587,0.1774121545588279,0.250091938882475,-0.3056560249853274,1.0061321846165374,-0.4388801661620984,-1.0547060727383233,-0.1995523684801899,-0.0064127212670406,-0.019508548625757,-0.2556854071594121,-0.5691361712514034,-0.8643931521858164,-1.0169485037092978,0.1269063547918888,0.1885313184433558,0.2826084512704729,-0.1425227736540624,1.243612797171774,0.1946317555160502,-0.8147722659512238,-0.1475014393248291,-0.5075179117586416,0.9753530878792086,-0.1995523684801899,-1.0169485037092978,0.1269063547918888,0.1130647829199269,0.0,0.0,0.0,0.0,其他,0,0,0.5,1.0,0,0.3577235772357723,-0.034337349397590367,-0.13915662650602423,0.24439918533604887,0.2158859470468432,0.14052953156822812,0.3564154786150713,0.5987780040733197,0.2525458248472505,0.5,0.5,0.5,0.5,0.35772357723577236,0.4634146341463415,0.25609756097560976
2026-03-02,16.56,16.56,16.05,16.2,4439368.0,16.596,16.651,16.673499999999997,16.4845,-0.0238611713665943,-0.0270854603327127,-0.0283983566737636,-0.0172586369013316,16.673499999999997,17.111066235587007,16.235933764412987,-0.0410609428772258,0.0524864288343042,-0.0240963855421687,-0.0091743119266056,-0.0328358208955223,-0.0614136732329085,0.0172315496681606,0.0137839373807157,0.0135552245903292,46.51162788173789,-0.031122171517012,0.0197843980380688,-0.0509065695550808,46373104.0,46.74783844802936,0.2950000000000002,1.395667125615191,0.0,0.3291139240298023,-0.0185185185185184,-0.0240963855421687,0.0135552245903292,46.51162788173789,0.5568535858320183,0.0,0.0,0.0,0.5,0.0655469880873662,-0.0755999417936078,-0.0200687079388041,-0.0943940398873245,-0.3852144135571292,0.1057212658582494,0.1492537110186702,0.2195086408303708,0.3392270185036035,-0.5577859655395067,-0.443116086431414,-0.325865592331369,-0.1145208785472662,0.2195086408303708,-0.3318888297466416,0.9811851763432649,-1.692071308304525,-1.064198196679468,-0.6711394563260253,-0.1248879988136897,-0.3322421679773583,-0.4776753890012516,-0.4428450344683861,-0.7715831062022679,-0.964009279107244,-0.1806987409096585,0.0934962737690376,0.2473894164435772,-0.2936770798345178,1.1578857824160622,-0.3955426103225748,-0.8061202996067702,0.4804957865221074,-1.3117487810556263,-0.1021076284818184,-0.6711394563260253,-0.964009279107244,-0.1806987409096585,0.2165087114290455,0.0,0.0,0.0,0.0,其他,0,0,0.5,1.0,0,0.4685598377281947,0.004938271604938427,-0.1098765432098765,0.3252032520325203,0.24390243902439024,0.14634146341463414,0.22764227642276422,0.6971544715447154,0.22154471544715448,0.5,0.5,0.5,0.5,0.4685598377281947,0.6592292089249493,0.3103448275862069
2026-03-03,16.2,16.28,15.55,15.6,4253500.0,16.368,16.512999999999998,16.604,16.479166666666668,-0.0469208211143694,-0.055289771695028,-0.0604673572633099,-0.0533501896333755,16.604,17.230616646006233,15.977383353993766,-0.3011277759447671,0.0754777940258323,-0.0370370370370369,-0.068100358422939,-0.0812720848056537,-0.0818128310771041,0.0161176966899351,0.0160057319947946,0.0153273669168769,29.03225804994796,-0.1093671489187997,-0.0060459113533048,-0.1033212375654948,42119604.0,37.87161040643194,0.3185714285714286,1.362158945871195,0.0,0.0,0.0416666666666667,-0.0370370370370369,0.0153273669168769,29.03225804994796,-0.0418681217686841,0.0,0.0,0.0,0.5,-0.0961801427044424,-0.1916358214470427,-0.2711262270414725,-0.3705027386177646,-0.4121425912540346,-0.0056715036376297,0.0785459939128336,0.1794806121468728,0.33436689927882,-1.1103631226870874,-0.9320805577129322,-0.7725474983389727,-0.5407493715212689,0.1794806121468728,-0.2848297502753965,0.8226880187956004,-2.489269449967616,-0.8978011492845537,-1.030719385502946,-0.8389712059805603,-0.8200312559499574,-0.6480392048940787,-0.4920242399463295,-0.6591936717114615,-0.8591522586477028,-1.3061047461413873,-0.0959587705874803,0.1761745144474516,-0.5926983327270092,1.076036935596473,-0.9668543997969457,-0.7563007505789048,0.4370803228800152,-1.308295778218744,-1.4992668897387345,-1.030719385502946,-0.8591522586477028,-1.3061047461413873,-0.1254123837996628,0.0,0.0,0.0,0.0,其他,0,0,0.5,1.0,0,0.7145748987854251,0.04166666666666674,0.016666666666666607,0.19675456389452334,0.2413793103448276,0.1926977687626775,0.09127789046653144,0.6490872210953347,0.2028397565922921,0.5,0.5,0.5,0.5,0.7145748987854251,0.7894736842105263,0.7874493927125507
2026-03-04,15.51,15.64,15.35,15.47,2909862.0,16.118000000000002,16.377,16.5285,16.468833333333333,-0.0402034991934484,-0.0553825486963422,-0.0640408990531506,-0.060649914484936,16.5285,17.30927626689522,15.74772373310478,-0.1778510341966284,0.0944763610600473,-0.0083333333333333,-0.0747607655502391,-0.0808080808080806,-0.0889281507656065,0.0149873119003922,0.0160047449664418,0.0153305781256533,25.96491226794704,-0.1797942149866536,-0.0407955720799746,-0.138998642906679,39209742.0,29.866537961363093,0.3171428571428571,0.9511250684348146,0.0,0.0,0.0413703943115706,-0.0083333333333333,0.0153305781256533,25.96491226794704,-0.3158899729634419,0.0,0.0,0.0,0.5,-0.4061775309986319,-0.4570092989847996,-0.3713511036655626,-0.4299846377154813,-0.6094381017525667,-0.1278119056749922,0.0088626442602266,0.1360172218624843,0.3253218297341371,-0.9470570934071604,-0.932037997318244,-0.8211431714102773,-0.6262544566761856,0.1360172218624843,-0.2537743021899827,0.6820797509057298,-2.094011958386723,-0.7604147480467781,-0.228529762573164,-0.9182616647577482,-0.8140552178020043,-0.7067800558406011,-0.5418944027138889,-0.658345028435453,-0.8575196718145146,-1.4993755346515214,-0.2664580050365057,0.0804346943636594,-0.7956545727616654,1.0195952562259738,-1.4792143631834758,-0.7581088824107073,-0.0896191789390366,-1.3048699175198075,-1.4941740037185185,-0.228529762573164,-0.8575196718145146,-1.4993755346515214,-0.2818172389435388,0.0,0.0,0.0,0.0,其他,0,0,0.5,1.0,0,0.6707070707070707,0.07175177763413032,-0.011635423400129352,0.25101214574898784,0.2408906882591093,0.20040485829959515,0.11740890688259109,0.5323886639676113,0.1902834008097166,0.5,0.5,0.5,0.5,0.6707070707070707,0.8585858585858586,0.6383838383838384
2026-03-05,15.7,15.85,15.57,15.6,2661395.0,15.894,16.259,16.4735,16.459,-0.0184975462438656,-0.0405313979949566,-0.0530245545876711,-0.0521902910261863,16.4735,17.352237731066253,15.59476226893375,0.0029802584325114,0.1066850069579528,0.0084033613445377,-0.0669856459330142,-0.0703218116805721,-0.0658682634730538,0.0174111849136066,0.0168075837897483,0.0153193073845709,31.407942222393075,-0.2225528084587686,-0.0771470193557334,-0.1454057891030352,41871137.0,35.84268337129615,0.3278571428571427,0.8763396028798417,0.0860927152260859,0.0726256983199644,0.0217948717948717,0.0084033613445377,0.0153193073845709,31.407942222393075,-0.0853878981202544,0.0,0.0,0.0,0.5,-0.3202987326059838,-0.369309046504901,-0.2603220103937997,-0.3695903768431064,-0.6452361271449834,-0.2372256443273172,-0.0515991888690283,0.1043209007299695,0.3167010243260888,-0.4243098942198481,-0.6727063375481093,-0.6662491554717531,-0.5253367539696915,0.1043209007299695,-0.2366989339987566,0.5882610374307569,-1.5272814358732516,-0.6718978364650693,0.2392634391625508,-0.8225233089739078,-0.7070925825252506,-0.5123545458705415,-0.4329860581256269,-0.6172062424099114,-0.8567377201717401,-1.145991813290966,-0.3698339290920458,-0.0197139886950427,-0.8310224403102738,1.0673037499377112,-1.091482975076523,-0.7348823869173439,-0.1853725285566584,-1.0501411143355304,-1.182559653338055,0.2392634391625508,-0.8567377201717401,-1.145991813290966,-0.1497567270212197,0.0,0.0,0.0,0.0,其他,0,0,0.5,1.0,0,0.5737373737373738,0.03333333333333344,-0.03012820512820502,0.1680161943319838,0.2611336032388664,0.1902834008097166,0.1680161943319838,0.5931174089068826,0.18421052631578946,0.5,0.5,0.5,0.5,0.5737373737373738,0.8424242424242424,0.6505050505050505
2026-03-06,15.6,16.05,15.57,16.01,2973771.0,15.776,16.201,16.455000000000002,16.456833333333332,0.0148326572008115,-0.0117893957163137,-0.027043451838347,-0.0271518416868371,16.455000000000002,17.3572894855804,15.552710514419603,0.2534050838799846,0.1096675157186161,0.0262820512820514,-0.0355421686746988,-0.0349608197709462,-0.0225885225885223,0.0252053401407736,0.0197212844943463,0.0161867463471818,37.90849671468239,-0.2208103639316903,-0.1058796882709248,-0.1149306756607654,44844908.0,35.55388152485608,0.3364285714285713,0.9890388002627508,0.3576158940160526,0.3016759776367782,0.0012492192379762,0.0262820512820514,0.0161867463471818,37.90849671468239,0.1173730318122638,0.0,0.0,0.0,0.5,-0.364978327546442,-0.2858028567305917,-0.2600640047333487,-0.1800246734989695,-0.5983782226900353,-0.2947384109488455,-0.0812926612179576,0.093592538751098,0.3145193356594255,0.3778783786700579,-0.172177739107904,-0.3026242494174968,-0.2282457032912478,0.093592538751098,-0.2344793646869214,0.5619498176770311,-0.7491647010403647,-0.6496015055292255,0.7386040949298163,-0.4399893651592275,-0.3492589128741271,-0.1482174064230386,-0.0839908008956733,-0.4702113300392365,-0.8048015954633639,-0.7260502875858091,-0.3652171656072838,-0.0988685374460924,-0.6556406326984718,1.1206300121763526,-1.1077487194282385,-0.7161253660958519,-0.0406222212648986,-0.2533305925310584,-0.2093540222918975,0.7386040949298163,-0.8048015954633639,-0.7260502875858091,-0.0335779722041258,0.0,0.0,0.0,0.0,其他,0,0,0.5,1.0,0,0.6262626262626263,-0.03747657713928798,-0.08806995627732683,0.3582995951417004,0.4008097165991903,0.18016194331983806,0.17408906882591094,0.611336032388664,0.25708502024291496,0.5,0.5,0.5,0.5,0.6262626262626263,0.6606060606060606,0.6121212121212121
2026-03-09,16.03,16.04,15.72,15.9,2862726.0,15.716,16.156,16.423,16.450166666666668,0.0117078136930517,-0.0158455063134438,-0.0318455824149057,-0.0334444433187101,16.423,17.35742016921246,15.488579830787538,0.2201473077883136,0.113794089899138,-0.0068707058088695,-0.0185185185185184,-0.0275229357798165,-0.0386940749697701,0.0233886489143976,0.0193901877873114,0.0160300914030833,31.63265304616128,-0.2257037721918848,-0.1298445050551168,-0.095859267136768,41982182.0,34.62476461128263,0.3428571428571426,0.96315062964387,0.2847682119016708,0.2402234636737302,0.0238993710691823,-0.0068707058088695,0.0160300914030833,31.63265304616128,-0.0373414765292956,0.0,0.0,0.0,0.5,-0.170883296626778,-0.2896761179863423,-0.1842306691432796,-0.2306579712102542,-0.6139914338785546,-0.3238255239253813,-0.1043130036156306,0.0751024136736926,0.3085592592683161,0.3022631492227532,-0.242612046809133,-0.3694300138036613,-0.3025769663967941,0.0751024136736926,-0.2341905794243565,0.5222460389897253,-0.8509826998378934,-0.6191443107534502,-0.1895165795377526,-0.2327638441078044,-0.2737289151929876,-0.2835014655871928,-0.1652345686621238,-0.4862968378601299,-0.8126499411948972,-1.128190654898639,-0.3767126420737306,-0.1648696448855815,-0.5457166431505303,1.0649239613985928,-1.1650292828791446,-0.7018292417488887,-0.0738246035375249,-0.4666859075336986,-0.4700600895248112,-0.1895165795377526,-0.8126499411948972,-1.128190654898639,-0.1221705322678562,0.0,0.0,0.0,0.0,其他,0,0,0.5,1.0,0,0.7919191919191919,-0.10691823899371078,-0.05786163522012577,0.4676113360323887,0.3340080971659919,0.17408906882591094,0.18218623481781376,0.4676113360323887,0.29959514170040485,0.5,0.5,0.5,0.5,0.7919191919191919,0.494949494949495,0.6606060606060606
2026-03-10,16.03,16.26,16.02,16.25,2247758.0,15.845999999999998,16.107,16.4165,16.452333333333332,0.025495393159157,0.0088781275221954,-0.0101422349465476,-0.0122981542638328,16.4165,17.353983192831514,15.479016807168485,0.4111984079745296,0.1142123099108584,0.022012578616352,0.0416666666666667,-0.0292712066905614,-0.0079365079365079,0.0159547622153163,0.0191178203509552,0.0167650288318856,40.76433119201591,-0.1990452883821589,-0.1436846617205252,-0.0553606266616336,44229940.0,41.13788108805758,0.352142857142857,0.7659818376649079,0.5165562913565191,0.4357541899197897,0.0,0.022012578616352,0.0167650288318856,40.76433119201591,-0.2148190221488189,0.0,0.0,0.0,0.5,-0.1707206673858353,-0.1977886070275944,-0.0327509144906823,-0.068628748129201,-0.7038820911922234,-0.2597668122356547,-0.1293876186915243,0.0712890308572681,0.3100303541659504,0.6339888901545223,0.1883905843047587,-0.0653588956582151,-0.0513388530583325,0.0712890308572681,-0.235302754107407,0.5157896572898951,-0.2575409217084201,-0.6153242900143379,0.6191694547110876,0.4991135395478065,-0.2911344400328847,-0.024325826622664,-0.4980566643388265,-0.499417808898749,-0.7685275056716423,-0.5389907934168469,-0.3115446169672559,-0.2029163100000753,-0.3132163939025043,1.104718850247688,-0.744170263682152,-0.6816618652792291,-0.3271386252661341,0.21421002357351,0.3616142446650985,0.6191694547110876,-0.7685275056716423,-0.5389907934168469,-0.2238052922987291,0.0,0.0,0.0,0.0,其他,0,0,0.5,1.0,0,0.7176113360323887,-0.08369230769230762,-0.05415384615384622,0.7119675456389453,0.30628803245436104,0.2434077079107505,0.2961460446247465,0.42190669371196754,0.42190669371196754,0.5,0.5,0.5,0.5,0.7176113360323887,0.5040485829959515,0.5748987854251012
2026-03-11,16.25,16.32,16.07,16.11,1794756.0,15.974,16.046,16.3835,16.44633333333333,0.0085138349818454,0.0039885329677178,-0.0166936246833705,-0.0204503536755912,16.3835,17.315035800368342,15.45196419963166,0.3531994154560797,0.1137163366023932,-0.0086153846153846,0.0413703943115706,-0.0364832535885166,-0.0393559928443649,0.0160285964403119,0.0191924118662754,0.0158576921313981,39.62848295495976,-0.1870587806864243,-0.1523594855137051,-0.0346992951727192,42435184.0,41.57674651177508,0.3592857142857142,0.6285332001525635,0.4238410595745793,0.3575418994213655,0.0291744258224704,-0.0086153846153846,0.0158576921313981,39.62848295495976,-0.2015350406938825,0.0,0.0,0.0,0.5,-0.0712543155318077,-0.1725937291915631,-0.0074790139498463,-0.1333494219053847,-0.7697134771956392,-0.1967032727184479,-0.1606314330237273,0.0522093899049901,0.3046282397876719,0.2239464958709141,0.1029394197817098,-0.1570609297883319,-0.1481179562434884,0.0522093899049901,-0.2503649726087633,0.498690938296252,-0.4372797847181915,-0.6180709898232974,-0.2394660194203726,0.4949302028863787,-0.3638407285371064,-0.2890099044612689,-0.494169031296178,-0.4950796766312292,-0.8202476608880048,-0.6114495936451207,-0.2820794030359561,-0.2266871500257624,-0.1944777012933272,1.069007909657363,-0.7148496508254052,-0.6659591093302603,-0.5035160980022226,-0.0584284886727852,0.0284431803077375,-0.2394660194203726,-0.8202476608880048,-0.6114495936451207,-0.2159657539989202,0.0,0.0,0.0,0.0,其他,0,0,0.5,1.0,0,0.9171717171717172,-0.0608317815021725,-0.07076350093109862,0.6700404858299596,0.22469635627530365,0.2125506072874494,0.25101214574898784,0.23076923076923078,0.3562753036437247,0.5,0.5,0.5,0.5,0.9171717171717172,0.5434343434343434,0.5737373737373738
2026-03-12,16.17,16.24,15.8,15.94,2682400.0,16.042,15.967999999999998,16.3385,16.436999999999998,-0.006358309437726,-0.0017535070140279,-0.024390243902439,-0.0302366611912148,16.3385,17.26411842769236,15.41288157230764,0.2847385120551423,0.1133051905238173,-0.010552451893234,0.0217948717948717,-0.0466507177033492,-0.0534441805225653,0.0180901827063303,0.0192659117963608,0.0159033348302359,39.87538939070853,-0.1890971717431959,-0.1597070227596032,-0.0293901489835926,39752784.0,41.605747170196935,0.367142857142857,0.9536914434511442,0.3112582781250815,0.2625698323875651,0.0112923462986198,-0.010552451893234,0.0159033348302359,39.87538939070853,0.4945764215302803,0.0,0.0,0.0,0.5,-0.1073330688933981,-0.205800128850207,-0.143901010263166,-0.2119585098911174,-0.6376174148792673,-0.1631162336291705,-0.2006216538715699,0.0262101115829182,0.2964208878326136,-0.1351601367359629,0.0026096228831358,-0.2648044415970293,-0.2643106510606953,0.0262101115829182,-0.2701304571427367,0.4742779333583913,-0.6493110146428698,-0.6202067428199899,-0.2935382028470255,0.2561038198714154,-0.46643868358718,-0.407475979901637,-0.4011443700893394,-0.4908019479607012,-0.8162732555737182,-0.5947544207248294,-0.286760278028823,-0.2467838639171808,-0.1638321483170234,1.0169022133573864,-0.7119633651794501,-0.6488077083229387,-0.0844523968241685,-0.3894459597617064,-0.3760622217608627,-0.2935382028470255,-0.8162732555737182,-0.5947544207248294,0.1840575843163052,0.0,0.0,0.0,0.0,其他,0,0,0.5,1.0,0,0.898989898989899,-0.0595984943538268,-0.046424090338770374,0.5728744939271255,0.2732793522267207,0.23279352226720648,0.2591093117408907,0.6032388663967612,0.3360323886639676,0.5,0.5,0.5,0.5,0.898989898989899,0.6080808080808081,0.6505050505050505
2026-03-13,15.88,16.23,15.82,16.03,2571700.0,16.046,15.910999999999998,16.3085,16.430833333333332,-0.0009971332419292,0.0074791025076992,-0.0170769843946406,-0.0243951919663233,16.3085,17.233230970834498,15.3837690291655,0.3494156631395107,0.1134047853363374,0.00564617314931,0.0012492192379762,-0.0343373493975903,-0.0360793746241731,0.0136811326667782,0.0195005343367754,0.0158286453963181,44.77124180958178,-0.1813597610698032,-0.1640375704216432,-0.0173221906481599,42324484.0,47.69699925419805,0.3750000000000001,0.909701987437255,0.3708609271277579,0.3128491619936956,-0.0386774797255147,0.00564617314931,0.0158286453963181,44.77124180958178,-0.0412690128243363,0.0,0.0,0.0,0.5,-0.2383695247196562,-0.2097777439526786,-0.133651257750367,-0.1700358676015378,-0.6531380504168738,-0.1609947276076357,-0.2297883588931531,0.0088689097176172,0.2908878802908242,-0.0055380322816117,0.1639199515798038,-0.1619200904018873,-0.1945046069515049,0.0088689097176172,-0.2820089939076935,0.4559677066328564,-0.4475394804907926,-0.6186726458707623,0.161334169861359,0.0054846163398872,-0.3410907373904659,-0.2605126752794025,-0.5985645156790717,-0.4784147959902735,-0.8193303173532084,-0.2783382670885596,-0.2676257088347071,-0.2585274347347674,-0.0943758400301315,1.0629303252014286,-0.3185287550357184,-0.6316851516570018,-0.1410517456597906,-0.2136185227802001,-0.1613149014223762,0.161334169861359,-0.8193303173532084,-0.2783382670885596,-0.124163242596397,0.0,0.0,0.0,0.0,其他,0,0,0.5,1.0,0,0.6639676113360324,-0.10854647535870254,-0.041796631316282085,0.6267748478701826,0.36105476673427994,0.2434077079107505,0.3671399594320487,0.5010141987829615,0.4340770791075051,0.5,0.5,0.5,0.5,0.6639676113360324,0.14777327935222673,0.6133603238866396
2026-03-16,16.17,16.6,16.0,16.28,3503607.0,16.121999999999996,15.919,16.285,16.427833333333332,0.0098002729189929,0.0226773038507444,-0.0003070310101319,-0.0089989550255155,16.285,17.186075380922553,15.383924619077446,0.4972255373104293,0.1106632337632202,0.0155957579538366,0.0238993710691823,0.0049382716049384,-0.0280597014925372,0.0143979693228265,0.0188288493062013,0.0161844426094001,42.123287651036826,-0.1532878893334412,-0.1618876342040028,0.0085997448705615,45828091.0,48.62421131173755,0.3900000000000004,1.2286050496772951,0.5364238410240783,0.4525139664551668,-0.1277641277641278,0.0155957579538366,0.0161844426094001,42.123287651036826,0.3623700276081969,0.0,0.0,0.0,0.5,-0.1068874599030454,-0.0549590094254394,-0.0424087503998971,-0.0538777301799514,-0.5145773831076567,-0.123446340131903,-0.2254379818952956,-0.0047169129287091,0.288030744712714,0.2555014389237516,0.429486647741046,0.0737883857048032,-0.0108735667221875,-0.0047169129287091,-0.3002918989017615,0.4555387027480317,0.0127468802101563,-0.6375629805691587,0.4405887522375838,0.2817447456034888,0.0578659781268538,-0.1925116886259881,-0.5656319314822931,-0.5117169469217423,-0.7972652765575667,-0.4489621219311759,-0.1989134213833744,-0.2523194053354289,0.0547138406889274,1.1261228143190425,-0.2583800313195473,-0.5998037049994067,0.2703715799986167,0.2743638819310299,0.4347993175777517,0.4405887522375838,-0.7972652765575667,-0.4489621219311759,0.1082102922226539,0.0,0.0,0.0,0.0,其他,0,0,0.5,1.0,0,0.2489878542510121,-0.11425061425061434,-0.05343980343980348,0.7931034482758621,0.38742393509127787,0.24543610547667344,0.39553752535496955,0.7910750507099391,0.59026369168357,0.5,0.5,0.5,0.5,0.24898785425101214,0.08502024291497975,0.4898785425101215
2026-03-17,16.44,16.7,16.25,16.25,5027892.0,16.121999999999996,15.984,16.2485,16.429333333333332,0.0079394616052601,0.0166416416416417,9.231621380445532e-05,-0.0109154358058756,16.2485,17.088080722428252,15.408919277571748,0.5008933029962697,0.1033425513029615,-0.0018427518427519,0.0,0.0416666666666667,-0.0429917550058892,0.0107711543122927,0.0135505190687561,0.0157932293249432,41.9795221642419,-0.1319405494906149,-0.1558982172613253,0.0239576677707103,40800199.0,50.94093349032552,0.4064285714285716,1.710019785027394,0.5735294117225351,0.4357541899197897,-0.0836923076923076,-0.0018427518427519,0.0157932293249432,41.9795221642419,0.4350616379063063,0.0,0.0,0.0,0.5,0.0155316568339472,-0.0130793463714099,0.0843014790754016,-0.0677611357596534,-0.2884784810148312,-0.1233306677369027,-0.19167445391761,-0.0258208920282952,0.2889776356701549,0.2102288716591452,0.3234192306981744,0.0793325384900914,-0.0337189874814583,-0.0258208920282952,-0.3386085282553572,0.4702845277566683,0.0241567103658565,-0.6893503156409976,-0.0500254161414789,-0.0102899926401692,0.4308708425040148,-0.3185522475836773,-0.7278169251993207,-0.7771884774253354,-0.8188584276705636,-0.4577398144134534,-0.1466219435066008,-0.2354695155488875,0.1430219915091522,1.0301272688390428,-0.1085064004056761,-0.5650061625771581,0.8908994268663395,0.3834707877025834,0.3627192413720843,-0.0500254161414789,-0.8188584276705636,-0.4577398144134534,0.1499740641806368,0.0,0.0,0.0,0.0,其他,0,0,0.5,1.0,0,0.2591093117408907,-0.02400000000000002,-0.0492307692307693,0.7281947261663286,0.3995943204868154,0.22515212981744423,0.4969574036511156,0.9249492900608519,0.6734279918864098,0.5,0.5,0.5,0.5,0.2591093117408907,0.708502024291498,0.49190283400809715
2026-03-18,16.48,16.68,16.26,16.58,3845756.0,16.216,16.095000000000002,16.235999999999997,16.435666666666666,0.0224469659595458,0.0301335818577195,0.0211874846021187,0.0087817145638549,16.235999999999997,17.046052629868793,15.4259473701312,0.712331882673158,0.0997847536171234,0.0203076923076921,0.0291744258224704,0.0717517776341303,-0.0148544266191325,0.0125724226210389,0.0136400763389316,0.0164668683348697,47.85276071564604,-0.0873870433517538,-0.142195982479411,0.0548089391276571,44645955.0,57.73085122038285,0.4271428571428573,1.2932560823294803,0.8473282442101255,0.6201117318089306,-0.0874547647768394,0.0203076923076921,0.0164668683348697,47.85276071564604,-0.2351156309642291,0.0,0.0,0.0,0.5,0.0336557819215794,-0.0214409508508895,0.0892952478091289,0.0857045051413138,-0.4632359834915753,-0.076876741056012,-0.1341543986522545,-0.0330322267212761,0.2940127536450048,0.561237490053294,0.5592880183573403,0.3760783673262055,0.2014651275646751,-0.0330322267212761,-0.3548306226199699,0.4801493580267973,0.6829088721981422,-0.7139775746948154,0.5730867662869265,0.3461869080142382,0.735972729265448,-0.0801360017613774,-0.645872184117873,-0.7715126480599594,-0.7782265467395615,-0.0775216525261363,-0.0376398387159129,-0.1972222099468595,0.3205223580062958,1.09982169868242,0.3305104787613225,-0.5213650243837596,0.3519060513861995,1.189568507178639,1.1489138044023877,0.5730867662869265,-0.7782265467395615,-0.0775216525261363,-0.2364834255369224,0.0,0.0,0.0,0.0,其他,0,0,0.5,1.0,0,0.1093117408906882,-0.0778045838359469,-0.06513872135102527,0.9168356997971603,0.5415821501014199,0.24746450304259635,0.6348884381338742,0.8985801217038539,0.8174442190669371,0.5,0.5,0.5,0.5,0.10931174089068826,0.2125506072874494,0.3117408906882591
2026-03-19,16.36,16.57,16.0,16.12,3357589.0,16.252,16.147,16.203,16.436500000000002,-0.0081220772827957,-0.0016721372391155,-0.0051225081774979,-0.0192559243147872,16.203,16.97250017954205,15.433499820457948,0.4460688884478234,0.0949824328256867,-0.0277442702050662,0.0112923462986198,0.0333333333333334,-0.0393325387365911,0.0189210782035679,0.0174853692134867,0.0175492713729496,43.33333331648148,-0.0881797431762763,-0.131392734618784,0.0432129914425077,41288366.0,57.166849077368255,0.4478571428571427,1.1063407460591876,0.5118110235817483,0.3631284915998252,-0.0700992555831265,-0.0277442702050662,0.0175492713729496,43.33333331648148,-0.1269365503167647,0.0,0.0,0.0,0.5,-0.0208400475951867,-0.0675181240237597,-0.0427659966019004,-0.1284033794578254,-0.5350382137956315,-0.0590423101199852,-0.1071422742452458,-0.052121651476768,0.2943913301553181,-0.1801136872485304,0.0012821843140096,0.0051598187145239,-0.1338025036930261,-0.052121651476768,-0.3834915015661135,0.4842104841478067,-0.1481289287731587,-0.7475129241834206,-0.7798605741441594,0.1271718329745102,0.3444801053630918,-0.28738124408799,-0.3595103142451276,-0.5764038545645497,-0.7138036292812865,-0.3699211599598711,-0.0395438360085956,-0.1670314127698171,0.2533827934597618,1.0350715503503545,0.2936858470597667,-0.4777671340713545,0.1100330952156409,0.1986104340241567,0.049491879504534,-0.7798605741441594,-0.7138036292812865,-0.3699211599598711,-0.17384683183466,0.0,0.0,0.0,0.0,其他,0,0,0.5,1.0,0,0.1376518218623481,-0.06141439205955335,-0.0508684863523573,0.8985801217038539,0.5436105476673428,0.27586206896551724,0.6713995943204868,0.8174442190669371,0.7586206896551724,0.5,0.5,0.5,0.5,0.13765182186234817,0.2834008097165992,0.3097165991902834
2026-03-20,16.23,16.28,15.36,15.41,4380300.0,16.127999999999997,16.087,16.144,16.430666666666667,-0.0445188492063489,-0.042083670044135,-0.045465807730426,-0.0621196137304228,16.144,16.967609514016445,15.320390485983554,0.0544004849907654,0.1020328932125054,-0.044044665012407,-0.0386774797255147,-0.0374765771392879,-0.0711271850512357,0.02776697157709,0.0210489968846232,0.0198523207388605,39.89769819543305,-0.1444340835723956,-0.1340010044095063,-0.0104330791628892,36908066.0,57.44624883265131,0.4742857142857142,1.4021986601756995,0.0,0.0,-0.0726800778715121,-0.044044665012407,0.0198523207388605,39.89769819543305,0.3045968401731123,0.0,0.0,0.0,0.5,-0.0798786501680957,-0.1890900760689637,-0.3678527153173614,-0.4588494893155528,-0.3827937051356786,-0.1202285045891462,-0.1380920709307363,-0.0862899651636363,0.2891220694773124,-1.0617079324037857,-0.7073792984598063,-0.5634310876162837,-0.64614991844619,-0.0862899651636363,-0.3850085608461929,0.4143973282774194,-1.3681872499872825,-0.6956573732396506,-1.2364990430654432,-0.4845183867473287,-0.3766211461970781,-0.5565002933972107,0.0392547010369276,-0.3957121462743579,-0.5781142700062201,-0.5919331328082774,-0.1771892939868945,-0.1741254395628925,-0.0562973721117473,0.951510063560273,0.3114765423275581,-0.4223385828924741,0.4924939510580766,-1.3107346265791666,-1.5005428031498358,-1.2364990430654432,-0.5781142700062201,-0.5919331328082774,0.0755131957342663,0.0,0.0,0.0,0.0,其他,0,0,0.5,1.0,0,0.0505050505050505,-0.0525632706035043,-0.0064892926670993,0.6619433198380567,0.44534412955465585,0.3441295546558704,0.6376518218623481,0.8825910931174089,0.5870445344129555,0.5,0.5,0.5,0.5,0.050505050505050504,0.40404040404040403,0.44242424242424244
2026-03-23,15.06,15.1,14.14,14.2,7321000.0,15.711999999999998,15.916999999999998,16.0365,16.406,-0.0962321792260691,-0.1078720864484512,-0.114520001247155,-0.1344630013409727,16.0365,17.22660437401603,14.84639562598397,-0.2715709815331317,0.1484244534666054,-0.0785204412719013,-0.1277641277641278,-0.1069182389937107,-0.1314984709480123,0.0381259222245791,0.0317542664624568,0.0259469484320334,34.51327432559323,-0.2833862410500085,-0.1638780517376068,-0.1195081893124017,29587066.0,54.52103426798207,0.5128571428571427,2.1674353423854327,0.0,0.0,0.0154929577464788,-0.0785204412719013,0.0259469484320334,34.51327432559323,0.6713467114124603,0.0,0.0,0.0,0.5,-0.6116035895250869,-0.6840106187940744,-0.98698739077173,-1.021369647168112,0.0541096057801326,-0.325730577104354,-0.2260133715230602,-0.1486109315704819,0.2678824925949329,-2.303642130264912,-1.8555058094726176,-1.5336235957180366,-1.5078998166518685,-0.1486109315704819,-0.2821669087285116,0.12341649002107,-2.370887276038426,-0.3603330687840643,-2.1961205294208206,-1.5717575061583458,-1.0825586484050644,-1.066984245178073,0.506115413869758,0.1461017182213592,-0.2205260224494864,-0.9396064602230034,-0.5172991339260005,-0.2570843121620577,-0.6857101023141237,0.8133766723045114,0.1215954452611829,-0.3417041273746486,1.4794633859346409,-1.307378576929163,-1.4955746996351702,-2.1961205294208206,-0.2205260224494864,-0.9396064602230034,0.2874066775904705,0.0,0.0,0.0,0.0,其他,0,0,0.5,1.0,0,0.1717171717171717,0.05492957746478888,0.06971830985915495,0.24696356275303644,0.37044534412955465,0.4676113360323887,0.6093117408906883,0.9574898785425101,0.402834008097166,0.5,0.5,0.5,0.5,0.1717171717171717,0.7171717171717171,0.5797979797979798
2026-03-24,14.6,14.92,14.32,14.89,4055000.0,15.44,15.781,15.944,16.39,-0.0356217616580311,-0.0564603003611938,-0.0661063723030606,-0.0915192190359975,15.944,17.190137611729888,14.697862388270108,0.0770932559588893,0.1563143015205813,0.0485915492957746,-0.0836923076923076,-0.0836923076923076,-0.1105137395459975,0.0508014659242237,0.0356740800833876,0.0279892073138971,44.2913385704709,-0.3339796836202211,-0.1978983781141297,-0.1360813055060914,33642066.0,61.1850116030078,0.5435714285714284,1.177385254406749,0.2738095237986589,0.2254901960710626,0.0651443922095365,0.0485915492957746,0.0279892073138971,44.2913385704709,-0.4461139188635432,0.0,0.0,0.0,0.5,-0.8198300544328261,-0.7585950737612603,-0.8939098049591857,-0.6985737555156862,-0.4311558766155616,-0.4599136636523521,-0.2962906327342124,-0.2022108160154635,0.254007256800938,-0.8368131240959455,-0.9526436640153372,-0.8495049746403369,-0.9920125719639312,-0.2022108160154635,-0.2963157427164637,0.0321551542664319,-1.2839411795883342,-0.303011122142422,1.3692253797954306,-1.0301801755823987,-0.8444104181754947,-0.8873149530827033,1.0763505695837832,0.3443655695076317,-0.1005705811472875,-0.3048515326354505,-0.640613710422162,-0.3515536207934653,-0.7803869695377053,0.8877807565277465,0.5536290007252505,-0.2774476704146783,0.1980069983335766,-0.4986105119339925,-0.5317194108146853,1.3692253797954306,-0.1005705811472875,-0.3048515326354505,-0.3592558853199916,0.0,0.0,0.0,0.0,其他,0,0,0.5,1.0,0,0.8767676767676768,0.03223640026863661,0.008059100067159042,0.25708502024291496,0.3866396761133603,0.5020242914979757,0.6619433198380567,0.7550607287449392,0.5141700404858299,0.5,0.5,0.5,0.5,0.8767676767676768,0.5959595959595959,0.4202020202020202
2026-03-25,14.96,15.19,14.95,15.13,3329696.0,15.15,15.683000000000002,15.864499999999998,16.376333333333335,-0.0013201320132012,-0.0352611107568705,-0.0462983390589049,-0.0761057623806713,15.864499999999998,17.105051235709553,14.623948764290445,0.2039622472342776,0.1563933607364537,0.0161182001343183,-0.0874547647768394,-0.0608317815021725,-0.0950956937799042,0.0500764728959544,0.0364839765699821,0.0283928650737048,45.472061644766704,-0.3506670852507838,-0.2284521195414606,-0.1222149657093232,36971762.0,61.607267677468656,0.5378571428571427,0.9631328962865856,0.3690476190329749,0.3039215686175192,0.0105750165234632,0.0161182001343183,0.0283928650737048,45.472061644766704,-0.1788665844636251,0.0,0.0,0.0,0.5,-0.6549937672056734,-0.6442139252239688,-0.5725180588396087,-0.5858591051219624,-0.5384747903048444,-0.6028726458268764,-0.3468307672553079,-0.2482422822224808,0.2421191166548539,-0.0071862931376629,-0.5803032640583665,-0.5693858061347994,-0.8062136866902319,-0.2482422822224808,-0.3297222331093188,-0.0132739256248382,-0.8883481752045953,-0.3021294995962228,0.4576938480194324,-1.074120672069616,-0.6104927000856882,-0.7552639813715907,1.0416231704429215,0.3850286708853992,-0.0767851191475733,-0.2279532005362436,-0.6806751362663939,-0.4363158563162719,-0.6992416974316785,0.9484371530797632,0.5803431392872896,-0.2890697839139122,-0.0794419513040251,-0.2170908705115516,-0.1962547004476695,0.4576938480194324,-0.0767851191475733,-0.2279532005362436,-0.2041979062654364,0.0,0.0,0.0,0.0,其他,0,0,0.5,1.0,0,0.6376518218623481,-0.010575016523463376,-0.016523463317911435,0.1075050709939148,0.4259634888438134,0.49290060851926976,0.6227180527383367,0.6430020283975659,0.4949290060851927,0.5,0.5,0.5,0.5,0.6376518218623481,0.4979757085020243,0.46963562753036436
2026-03-26,15.13,15.33,14.88,14.99,2638750.0,14.924,15.588,15.778,16.3575,0.0044224068614311,-0.0383628432127276,-0.0499429585498796,-0.0836007947424729,15.778,17.008602762021194,14.547397237978808,0.1798316953540148,0.1559897023720869,-0.0092531394580304,-0.0700992555831265,-0.0595984943538268,-0.103468899521531,0.04977759984796,0.0364668653815332,0.0283894581592264,39.6341463301854,-0.3709131453858312,-0.2569443247103347,-0.1139688206754964,34333012.0,56.120997062384944,0.5357142857142855,0.7570831639250669,0.3291666666529514,0.258169934632086,0.0093395597064709,-0.0092531394580304,0.0283894581592264,39.6341463301854,-0.207510235168616,0.0,0.0,0.0,0.5,-0.5768188333718376,-0.5845921335774658,-0.6074193572772263,-0.6503920608684898,-0.6405580616882488,-0.7139486105119842,-0.3957897780811205,-0.298336074385713,0.2258395088064513,0.1317080739994039,-0.6338911510698118,-0.6200230074765987,-0.8942979453840249,-0.298336074385713,-0.3676197899597194,-0.0603248409039613,-0.9615795110717632,-0.3047388447107523,-0.2543571458684951,-0.860288157417147,-0.5971596698597058,-0.8250932091582778,1.0261990408073074,0.3837539984202118,-0.0769127637602742,-0.6066287320783083,-0.7293884242361306,-0.5152661735350667,-0.6506861161040827,0.8975929055495868,0.2234383391533936,-0.2932456453802906,-0.3462273495053106,-0.3346445082992283,-0.3915553044901888,-0.2543571458684951,-0.0769127637602742,-0.6066287320783083,-0.2206009755377528,0.0,0.0,0.0,0.0,其他,0,0,0.5,1.0,0,0.6646464646464646,0.014009339559706513,0.0013342228152100066,0.13765182186234817,0.4352226720647773,0.49190283400809715,0.6032388663967612,0.5364372469635628,0.5060728744939271,0.5,0.5,0.5,0.5,0.6646464646464646,0.5353535353535354,0.5111111111111111
2026-03-27,14.5,14.51,13.95,14.29,8482373.0,14.7,15.414,15.6625,16.324666666666666,-0.027891156462585,-0.0729207214220839,-0.0876296887470071,-0.1246375627884183,15.6625,16.99745318269947,14.32754681730053,-0.0140629715654892,0.1704648916444944,-0.046697798532355,-0.0726800778715121,-0.1085464753587025,-0.1391566265060242,0.0501980146875778,0.038392700960632,0.0298810545190003,35.390199628031525,-0.4383889686211439,-0.2932332534924965,-0.1451557151286474,25850639.0,45.81975409043617,0.5871428571428571,2.251782103497012,0.0378151260488312,0.0294117647049211,0.0216934919524143,-0.046697798532355,0.0298810545190003,35.390199628031525,2.214542112742776,0.0,0.0,0.0,0.5,-0.862753522008005,-0.9282801113716744,-1.079277414121321,-0.9756981733521496,0.2299789648956933,-0.8238056371317383,-0.4857526680561483,-0.3653011973866669,0.1976430208625119,-0.6504050292472728,-1.2375102283323074,-1.149765620418198,-1.3815480333106742,-0.3653011973866669,-0.3716535375563878,-0.1955515082715388,-1.55900336004899,-0.1996808450974364,-1.3033065101190004,-0.8904294863822624,-1.094718241078252,-1.1259684866893862,1.0431844320271288,0.4810262449150416,0.0108649763526668,-0.8811813413880508,-0.893731525091982,-0.6158722570824563,-0.8299711187376098,0.7378221168688345,-0.4463882282976452,-0.1856662261768136,1.588028964925131,-1.193984502804074,-1.367201833558088,-1.3033065101190004,0.0108649763526668,-0.8811813413880508,1.1827950716624998,0.0,0.0,0.0,0.0,其他,0,0,0.5,1.0,0,0.9251012145748988,0.07487753673897823,0.06927921623512945,0.0486815415821501,0.2535496957403651,0.5436105476673428,0.33468559837728196,0.973630831643002,0.11156186612576065,0.5,0.5,0.5,0.5,0.9251012145748988,0.9089068825910931,0.805668016194332
2026-03-30,14.02,14.66,13.98,14.42,5260928.0,14.744,15.228,15.5735,16.292166666666667,-0.0219750406945198,-0.0530601523509325,-0.0740681285517064,-0.1149120743097398,15.5735,16.992280425131487,14.15471957486851,0.0934888938496439,0.1822044402507308,0.0090972708187544,0.0154929577464788,-0.1142506142506143,-0.1098765432098765,0.0350222515615336,0.0379496753273665,0.0298051361353094,32.70321360193111,-0.4758883860434384,-0.329764280002685,-0.1461241060407534,31111567.0,48.199393579550495,0.6099999999999998,1.381532450326552,0.0924369747860323,0.0718954248342519,0.0388349514563106,0.0090972708187544,0.0298051361353094,32.70321360193111,-0.3797811060654843,0.0,0.0,0.0,0.5,-1.079581484541047,-0.8637519734157442,-1.0619447418910817,-0.9134451904031397,-0.2502196681189515,-0.8007753255419848,-0.5818630100590594,-0.4167857184936617,0.1697351110480205,-0.5064033780375666,-0.887658943895365,-0.956577069950968,-1.2618927342950736,-0.4167857184936617,-0.3733128208358367,-0.3017927749838681,-1.2224140013927902,-0.1144501856937105,0.2632107772645821,0.1892408612311177,-1.150483768038144,-0.8757537734643613,0.3577916429451584,0.4579984116689276,0.0063866163764463,-1.0539035425430898,-0.9841377604699588,-0.7169996956615763,-0.8342995239741086,0.8350339203901046,-0.2911333358943498,-0.1377596686532703,0.4598922203545297,-1.0304409328537103,-1.1825544017381864,0.2632107772645821,0.0063866163764463,-1.0539035425430898,-0.3223102506201058,0.0,0.0,0.0,0.0,其他,0,0,0.5,1.0,0,0.9433198380566802,0.0686546463245492,0.02843273231622745,0.16835699797160245,0.30831643002028397,0.5598377281947262,0.29006085192697767,0.8803245436105477,0.13793103448275862,0.5,0.5,0.5,0.5,0.9433198380566802,0.8805668016194332,0.7105263157894737
2026-03-31,14.53,15.86,14.53,15.86,7440700.0,14.938,15.189000000000002,15.5865,16.2815,0.0617217833712679,0.0441767068273091,0.017547236390466,-0.025888278107054,15.5865,17.011055701742784,14.16194429825722,0.5959948423237512,0.1827935330874336,0.0998613037447988,0.0651443922095365,-0.024,0.0166666666666666,0.0539107257765716,0.051870275206073,0.0370015148764185,48.10318663621481,-0.3849732471458829,-0.3408060734313246,-0.0441671737145583,38552267.0,55.71213762634694,0.6949999999999997,1.8754609680634635,0.6974789915673332,0.5424836601129903,-0.0308953341740226,0.0998613037447988,0.0370015148764185,48.10318663621481,0.4143322242767815,0.0,0.0,0.0,0.5,-0.8456789688736117,-0.3579596726550622,-0.7805774443477339,-0.2403351163835728,0.0750741774496173,-0.7035230873096917,-0.601426761008991,-0.4087476980752071,0.1604586474053708,1.519426308205751,0.8171400203916305,0.3366670916270988,-0.1974260854832329,-0.4087476980752071,-0.365454595079034,-0.2970333793247391,0.335763965891302,-0.1100708981641347,2.7916374749398454,0.7966679868501104,-0.2292095848298422,0.1993932929371158,1.2083730014584022,1.1635558387308989,0.4302497120262026,-0.0522152933049817,-0.7596158623610778,-0.7468266537291972,-0.2434652178008562,0.9726647406898656,0.1983244520631645,0.040035199991377,1.09810036119809,0.7578374842050632,0.8286781238676881,2.7916374749398454,0.4302497120262026,-0.0522152933049817,0.1387426356758099,0.0,0.0,0.0,0.0,其他,0,0,0.5,1.0,0,0.1156186612576064,-0.025851197982345586,-0.04035308953341732,0.8780487804878049,0.7845528455284553,0.8089430894308943,0.8313008130081301,0.9410569105691057,0.8678861788617886,0.5,0.5,0.5,0.5,0.11561866125760649,0.26369168356997974,0.25963488843813387
2026-04-01,15.86,15.86,15.22,15.29,8954800.0,14.97,15.06,15.5775,16.262833333333333,0.0213760855043421,0.0152722443559096,-0.0184561065639544,-0.0598194246594997,15.5775,17.00741902604731,14.147580973952694,0.3994698319265395,0.1835877420687694,-0.0359394703656998,0.0105750165234632,-0.0778045838359469,-0.0116354234001293,0.0582123834982488,0.052323148157932,0.0378907719110799,45.3505007062245,-0.3548263634267599,-0.3436101314304117,-0.0112162319963481,29597467.0,63.65548998048471,0.7092857142857142,2.0973172979480954,0.4579831932580681,0.3562091503151562,-0.0209287115761934,-0.0359394703656998,0.0378907719110799,45.3505007062245,0.2034889190533149,0.0,0.0,0.0,0.5,-0.2387302192939898,-0.3575969244508818,-0.4284316366106329,-0.5063382323825931,0.3009829562682837,-0.6867152432574715,-0.6677764658422218,-0.4135573482866754,0.1443511807116489,0.5412097814342084,0.3095383798079158,-0.1719511529838101,-0.6026324614493163,-0.4135573482866754,-0.3665158365113627,-0.3055924571191099,-0.2739918489131808,-0.1042034708244024,-0.9995679334787776,0.127432378258237,-0.7776464269679544,-0.0412905949494145,1.3988492647694502,1.1839704100047008,0.482170796863017,-0.2311956119639923,-0.6845906430386515,-0.753606595748714,-0.0523820853454418,0.8037700634738496,0.7155001643330716,0.0698858840627653,1.3819628038868503,0.0492085329783796,0.0317229041884249,-0.9995679334787776,0.482170796863017,-0.2311956119639923,0.0161723192531944,0.0,0.0,0.0,0.0,其他,0,0,0.5,1.0,0,0.3765182186234818,0.01373446697187708,-0.0065402223675604665,0.6348884381338742,0.6348884381338742,0.821501014198783,0.716024340770791,0.9574036511156186,0.6044624746450304,0.5,0.5,0.5,0.5,0.3765182186234818,0.5789473684210527,0.48785425101214575
2026-04-02,15.3,15.39,14.97,15.13,4779439.0,14.998,14.961,15.553999999999998,16.2425,0.0088011734897988,0.011296036361206,-0.027259868844027,-0.0684931506849314,15.553999999999998,16.997743671665134,14.11025632833486,0.3531595295076535,0.1856427506308157,-0.0104643557880966,0.0093395597064709,-0.0614143920595533,-0.030128205128205,0.0582807524189443,0.0518396552658209,0.0379078175580579,43.62606231429511,-0.3399269375678848,-0.3428734926579063,0.0029465550900215,24818028.0,58.11923185138068,0.7099999999999999,1.0923066179804877,0.3907563025045908,0.3039215686175192,0.004626569729015,-0.0104643557880966,0.0379078175580579,43.62606231429511,-0.4662707151471836,0.0,0.0,0.0,0.5,-0.4938576009618127,-0.5552156202904307,-0.5552965373946472,-0.5805192680140588,-0.323000335455145,-0.671920791273299,-0.7184051352182006,-0.4268351576872328,0.1268204605066906,0.2360968295483531,0.2394645862500455,-0.2961753460927554,-0.7054300262109816,-0.4268351576872328,-0.3699814509112143,-0.3283240523637721,-0.4174114180139254,-0.0891779280779886,-0.2877506072184395,0.1121670638238568,-0.6094050742230761,-0.1985351789570326,1.398174279836582,1.156912939716258,0.4826230459604645,-0.3432050107204105,-0.6471159069002586,-0.7504902458833201,0.0297750204463865,0.7132663103015844,0.3538217022483295,0.0713171718861415,0.0800613820367976,-0.1497350933179958,-0.1920006608638235,-0.2877506072184395,0.4826230459604645,-0.3432050107204105,-0.3731046919280816,0.0,0.0,0.0,0.0,其他,0,0,0.5,1.0,0,0.4512195121951219,0.011235955056179803,0.007931262392597338,0.6619144602851323,0.6476578411405295,0.8167006109979633,0.6965376782077393,0.8044806517311609,0.6374745417515275,0.5,0.5,0.5,0.5,0.45121951219512196,0.483739837398374,0.4451219512195122
2026-04-03,15.21,15.22,14.57,14.6,4542413.0,15.06,14.88,15.483499999999998,16.214333333333332,-0.0305444887118193,-0.0188172043010752,-0.0570607420802788,-0.0995621158234483,15.483499999999998,16.970542632029467,13.99645736797053,0.2029338698869313,0.1920809419084657,-0.0350297422339722,0.0216934919524143,-0.0525632706035043,-0.0880699562773268,0.0559726411789071,0.0511615935715701,0.0380767910553042,38.55585830327272,-0.3666589892446286,-0.3476305919752508,-0.0190283972693777,20275615.0,52.46642229455209,0.7135714285714283,1.0198550210995037,0.1680672268836948,0.1307189542440941,0.0520547945205478,-0.0350297422339722,0.0380767910553042,38.55585830327272,-0.0495928497047456,0.0,0.0,0.0,0.5,-0.5343608666036627,-0.6261934240904432,-0.7583795566544475,-0.8274504265054213,-0.3581071611013221,-0.6402857004193095,-0.7595688612624559,-0.4675785615801778,0.1025875222998928,-0.7177006828324417,-0.2896504176504635,-0.7170394413873126,-1.0753093114569805,-0.4675785615801778,-0.3804284554316975,-0.3982912784424094,-0.8830253812132891,-0.0422830340012113,-0.972742258670454,0.2636651224362879,-0.518310962430273,-0.6913089351357348,1.2910050054098696,1.1201458543193996,0.4920402745705278,-0.6729430805978295,-0.7119431294551087,-0.7627256344612054,-0.0977675903719277,0.6273485146474187,-0.0153807091568469,0.0787370924353326,-0.0138618718560783,-0.8085652607204352,-0.9327143047712784,-0.972742258670454,0.4920402745705278,-0.6729430805978295,-0.1303785814488256,0.0,0.0,0.0,0.0,其他,0,0,0.5,1.0,0,0.6260162601626016,0.048630136986301364,0.049315068493150704,0.924643584521385,0.6109979633401222,0.8268839103869654,0.6496945010183299,0.7983706720977597,0.570264765784114,0.5,0.5,0.5,0.5,0.6260162601626016,0.49796747967479676,0.49796747967479676
2026-04-07,14.62,15.14,14.54,14.98,3524478.0,15.172,14.958000000000002,15.4375,16.192,-0.0126548905879251,0.0014707848642865,-0.0296356275303643,-0.0748517786561264,15.4375,16.927210321540635,13.947789678459364,0.3464466569710331,0.1929989080525973,0.026027397260274,0.0388349514563106,0.0549295774647888,-0.0578616352201257,0.0567509575772869,0.0445466897504588,0.038648784222211,41.74252274922763,-0.3531110640427108,-0.3487266863887429,-0.0043843776539679,23800093.0,51.15135903053451,0.7242857142857142,0.7854748316369485,0.3277310924232052,0.2549019607759837,0.028704939919893,0.026027397260274,0.038648784222211,41.74252274922763,-0.2240956513641537,0.0,0.0,0.0,0.5,-0.8029101463400258,-0.6591344263535112,-0.7725916254765504,-0.648632648875413,-0.5099765852959162,-0.5838763046719179,-0.717871386552254,-0.4939582393455083,0.0833526378223789,-0.2831175249383305,0.0672563711812849,-0.3282868516448045,-0.7780717725896044,-0.4939582393455083,-0.3973023241036618,-0.4279514239336026,-0.4362497677139428,-0.0355631340310689,0.7331043251261902,0.4738807399455126,0.5807218466355477,-0.4332995758851781,1.3227715683076575,0.7829426649302393,0.5252442324253854,-0.4645136100055012,-0.6777000344766971,-0.7647096803700608,-0.0126277831984855,0.6925222410678827,-0.1012602210781842,0.1011418407497907,-0.3177031361071449,-0.3348086050413024,-0.3998476086078571,0.7331043251261902,0.5252442324253854,-0.4645136100055012,-0.2318524054003042,0.0,0.0,0.0,0.0,其他,0,0,0.5,1.0,0,0.4989858012170385,0.014018691588784993,0.02603471295060067,0.943089430894309,0.6585365853658537,0.8292682926829268,0.6382113821138211,0.6565040650406504,0.6422764227642277,0.5,0.5,0.5,0.5,0.49898580121703856,0.37322515212981744,0.4259634888438134
2026-04-08,15.3,15.45,15.09,15.37,4679627.0,15.074000000000002,15.006,15.3935,16.1765,0.0196364601300249,0.024256963881114,-0.0015266183778868,-0.0498562729885946,15.3935,16.833313949969146,13.953686050030852,0.4918392233768509,0.1870677818507542,0.0260347129506006,-0.0308953341740226,0.0322364002686366,-0.0541538461538462,0.0308663501595278,0.0426960360034397,0.0387919992498303,42.19354837947473,-0.3073614239096667,-0.3404536338929276,0.0330922099832609,28479720.0,51.51514489902586,0.727142857142857,1.015398575056586,0.491596638634807,0.3823529411639751,0.0052049446974626,0.0260347129506006,0.0387919992498303,42.19354837947473,0.3277503789213609,0.0,0.0,0.0,0.5,-0.4913881090255323,-0.5275380468074147,-0.4911253988972411,-0.4653555345527,-0.3365337041138563,-0.6318498459185012,-0.6918801606839666,-0.5191440872169045,0.0699778858342029,0.5009108183792964,0.4680263168443415,0.0700796838896166,-0.4779653752670484,-0.5191440872169045,-0.4343413359345441,-0.42383609381028,0.0162155415744872,-0.0787354512605927,0.7323011186195376,-0.3835987228220051,0.3480566192652996,-0.4012346321706515,0.1573189646346312,0.6879697208506452,0.5330849275578441,-0.4345930542989247,-0.5643368890869885,-0.7405054104610881,0.2052353907043113,0.7791961015716057,-0.0773847199777962,0.1070479056998334,-0.0190545563849464,0.1513191501912123,0.1468766198476721,0.7323011186195376,0.5330849275578441,-0.4345930542989247,0.0899320980936236,0.0,0.0,0.0,0.0,其他,0,0,0.5,1.0,0,0.6693711967545639,-0.02342225113858165,0.007807417046193921,0.11382113821138211,0.5711382113821138,0.7987804878048781,0.42886178861788615,0.573170731707317,0.6117886178861789,0.5,0.5,0.5,0.5,0.6693711967545639,0.32454361054766734,0.46247464503042596
2026-04-09,15.37,15.37,14.93,14.97,3331600.0,15.01,14.99,15.3365,16.148333333333333,-0.0026648900732844,-0.0013342228152101,-0.0238972386137645,-0.0729693466818041,15.3365,16.746841877179342,13.926158122820658,0.3700669653339659,0.1839196527460823,-0.0260247234873128,-0.0209287115761934,-0.0105750165234633,-0.0707635009310986,0.0286940358754355,0.0434377253051289,0.0391403378352554,42.52275681930666,-0.2999238263819599,-0.3323476723907341,0.0324238460087742,25148120.0,51.71496462721808,0.7171428571428571,0.7110443482005259,0.3235294117511129,0.2516339869198815,0.0354041416165664,-0.0260247234873128,0.0391403378352554,42.52275681930666,-0.2880629161255801,0.0,0.0,0.0,0.5,-0.4588587293208575,-0.5607073559961941,-0.572225981028182,-0.6521155127610594,-0.5380878933812162,-0.6628590190159107,-0.6992934833996665,-0.5519186646711595,0.045730983331463,-0.0412803479430093,0.0170036482089353,-0.2470638023083575,-0.7539622872164926,-0.5519186646711595,-0.4683901282648517,-0.44041865333307,-0.3627279186591973,-0.1016158244955886,-0.7232489952250333,-0.2606368520646291,-0.0904730570101076,-0.5424032730999199,0.0593830936558396,0.7246759991907283,0.5530442472602197,-0.4126418515560794,-0.5453730363909509,-0.7168168735553346,0.2011567495476625,0.7157044110148847,-0.0642387455554875,0.0859324165185944,-0.4142762786964452,-0.3475125889831468,-0.4140859879619136,-0.7232489952250333,0.5530442472602197,-0.4126418515560794,-0.269304332231738,0.0,0.0,0.0,0.0,其他,0,0,0.5,1.0,0,0.7342799188640974,-0.006012024048096198,0.014028056112224352,0.37398373983739835,0.5711382113821138,0.8109756097560976,0.4105691056910569,0.37601626016260165,0.46747967479674796,0.5,0.5,0.5,0.5,0.7342799188640974,0.4178498985801217,0.45841784989858014
2026-04-10,15.05,15.38,15.03,15.2,3133606.0,15.024,15.011,15.2995,16.131833333333333,0.0117145899893502,0.0125907667710345,-0.0065034805058988,-0.0577636350487131,15.2995,16.681725132092783,13.917274867907215,0.4640073104821384,0.1806889286687471,0.0153640614562458,0.004626569729015,0.0140093395597065,-0.0464240903387703,0.0295276794602674,0.0435674659612351,0.0393037753005901,48.54368931096238,-0.2723311351407975,-0.3203443649407468,0.0480132297999493,28281726.0,57.20127105642728,0.6807142857142855,0.6655828946373208,0.4201680672092368,0.3267973856102351,0.0065789473684212,0.0153640614562458,0.0393037753005901,48.54368931096238,-0.0594291031336294,0.0,0.0,0.0,0.5,-0.6046681837443858,-0.5558286197077524,-0.5204949866251085,-0.5435693158866812,-0.5671338717993457,-0.6550448391600492,-0.687402328161196,-0.5729375038562603,0.0315084252854985,0.3083496987405966,0.2623806403976552,-7.372789962076641e-05,-0.5707807541775335,-0.5729375038562603,-0.493879896125632,-0.4454387977977193,-0.0698028265819492,-0.1250982923988387,0.4347721769493303,0.0542220240001245,0.161476475266383,-0.3341079446401764,0.0968922471959763,0.7302596600240702,0.5620457716846885,-0.0189185026561216,-0.476797002073823,-0.6822678036295706,0.2917362147237143,0.7734382333621637,0.2951209822301111,0.0092212914854306,-0.4728897351883941,-0.0601886008586029,-0.0908962661605668,0.4347721769493303,0.5620457716846885,-0.0189185026561216,-0.1356005185589754,0.0,0.0,0.0,0.0,其他,0,0,0.5,1.0,0,0.5253549695740365,-0.012499999999999956,0.0052631578947368585,0.45121951219512196,0.6504065040650406,0.823170731707317,0.4634146341463415,0.29878048780487804,0.5345528455284553,0.5,0.5,0.5,0.5,0.5253549695740365,0.4300202839756592,0.4300202839756592
2026-04-13,15.18,15.86,15.08,15.36,4381731.0,15.175999999999998,15.118,15.266,16.112666666666666,0.0121244069583552,0.0160074083873529,0.0061574741255077,-0.0467127311845753,15.266,16.60549558455863,13.92650441544137,0.5350878349395474,0.1754874341084573,0.0105263157894737,0.0520547945205478,0.0748775367389782,-0.041796631316282,0.0214480598977887,0.0400435496185508,0.0393665270918475,59.41558440208088,-0.2348459082693352,-0.3032446736064645,0.0683987653371293,32663457.0,65.91138315355128,0.6457142857142856,0.91313375662314,0.4873949579627147,0.3790849673078728,-0.0032552083333332,0.0105263157894737,0.0393665270918475,59.41558440208088,0.3983031051127679,0.0,0.0,0.0,0.5,-0.5444732947742046,-0.3522671847922279,-0.4943606666545755,-0.4679410725534967,-0.3793262184133326,-0.578593041598853,-0.6306603649893084,-0.5918799965141761,0.0149923757887107,0.3180177082300617,0.3223783496144928,0.1797064683614624,-0.437592385180101,-0.5918799965141761,-0.5237897258142998,-0.4392260175935705,0.1518528168922622,-0.1629743936933938,0.2989746038369639,0.6383800437843914,0.7850506894564776,-0.2942446637781862,-0.2675627357091337,0.5502863650050477,0.5650793673604244,0.6917082451939168,-0.3838877506918206,-0.6335066016381028,0.4102224252067498,0.8544219807105458,0.8652056649927216,-0.0644819766282044,-0.1504472823662997,0.1397033564752375,0.1339551481476058,0.2989746038369639,0.5650793673604244,0.6917082451939168,0.131947782569,0.0,0.0,0.0,0.0,其他,0,0,0.5,1.0,0,0.3582995951417004,-0.00520833333333337,-0.02083333333333337,0.6267748478701826,0.6146044624746451,0.8194726166328601,0.5172413793103449,0.6572008113590264,0.6267748478701826,0.5,0.5,0.5,0.5,0.3582995951417004,0.5141700404858299,0.39271255060728744
2026-04-14,15.5,15.52,15.2,15.41,3420700.0,15.262,15.217000000000002,15.2225,16.09416666666667,0.0096972873804219,0.0126831832818556,0.0123172934800459,-0.0425102262724591,15.2225,16.477164979397187,13.967835020602813,0.5747211419069871,0.1648434855495412,0.0032552083333334,0.028704939919893,0.0686546463245492,-0.0534398034398034,0.0196375729764766,0.0400674840177042,0.0391823675361643,54.71014491366047,-0.1988122301419022,-0.2823581849135521,0.0835459547716498,36084157.0,60.52647842480051,0.6171428571428569,0.7134754120045705,0.5084033613231769,0.3954248365883848,-0.0142764438676185,0.0032552083333334,0.0391823675361643,54.71014491366047,-0.2193267911699736,0.0,0.0,0.0,0.5,-0.3973457427837771,-0.4957718441490745,-0.4324537086485805,-0.4439779302394435,-0.5231564498924516,-0.5350880415572583,-0.5781738791891501,-0.6166653263368439,-0.0009497627742125,0.2586103922001452,0.2633896789414591,0.2670718774523363,-0.3866587237858623,-0.6166653263368439,-0.5745084481288413,-0.4130992476104345,0.275363517519352,-0.2406321147272586,0.0950563925206315,0.3498861245415333,0.7201710536616317,-0.3934704119851513,-0.3490055972125009,0.5508565637376359,0.5534882182560029,0.3831954730276189,-0.2946009863581166,-0.5742024148117091,0.4980923083222733,0.9171855695815544,0.5112405473256794,-0.1246358141542407,-0.410188769794752,0.2020740895080073,0.2041217452108175,0.0950563925206315,0.5534882182560029,0.3831954730276189,-0.2293255307474506,0.0,0.0,0.0,0.0,其他,0,0,0.5,1.0,0,0.3157894736842105,-0.037637897469175896,-0.0240103828682674,0.49898580121703856,0.4908722109533469,0.8235294117647058,0.513184584178499,0.3022312373225152,0.6004056795131846,0.5,0.5,0.5,0.5,0.3157894736842105,0.32793522267206476,0.46558704453441296
2026-04-15,15.54,15.77,15.37,15.45,4056870.0,15.278,15.175999999999998,15.1825,16.075166666666668,0.0112580180651917,0.018054823405377,0.0176189692079697,-0.0388902136836322,15.1825,16.347008028039244,14.017991971960754,0.6148553696057042,0.1534013539313782,0.0025957170668395,0.0052049446974626,-0.0258511979823455,-0.0492307692307693,0.016085258888586,0.0234970105406794,0.0391959846857026,53.007518783043125,-0.1651241663082476,-0.2589113811924912,0.0937872148842435,40141027.0,61.0134434711828,0.6242857142857142,0.8548215354839847,0.525210084011546,0.4084967320127939,-0.0284789644012944,0.0025957170668395,0.0391959846857026,53.007518783043125,0.1859765545063876,0.0,0.0,0.0,0.5,-0.3786089124413749,-0.3893829445953444,-0.3449925240840386,-0.4247272821199543,-0.4270456914320877,-0.5265036557499307,-0.5989030305138544,-0.6393628598031739,-0.0173228893965647,0.2963976080256214,0.3580164734339472,0.3422063940201316,-0.3427486830591493,-0.6393628598031739,-0.6258941856909022,-0.381507479343093,0.4003915008988126,-0.3241089598962935,0.0764841884327663,0.0596090491110496,-0.2503132068796122,-0.3570516139154334,-0.50904370160312,-0.2931572752668154,0.5536324810470556,0.2713564585392738,-0.2111290097902722,-0.5077843120890722,0.5572685285596392,0.9916668431036344,0.5425820245421824,-0.1094548572918956,-0.2256379935545026,0.2519238826127352,0.2602025120549713,0.0764841884327663,0.5536324810470556,0.2713564585392738,0.0080842473010346,0.0,0.0,0.0,0.0,其他,0,0,0.5,1.0,0,0.1538461538461538,-0.014886731391585695,-0.03365695792880252,0.6693711967545639,0.49290060851926976,0.8255578093306288,0.6308316430020284,0.5091277890466531,0.6713995943204868,0.5,0.5,0.5,0.5,0.15384615384615385,0.3562753036437247,0.4149797570850202
2026-04-16,15.45,15.55,15.18,15.5,3057610.0,15.384,15.197,15.1285,16.0585,0.0075403016120645,0.0199381456866487,0.0245563010212512,-0.0347790889560045,15.1285,16.1051597209498,14.151840279050196,0.690189065834362,0.1291152091672467,0.0032362459546926,0.0354041416165664,0.013734466971877,-0.0651387213510252,0.0057004241853899,0.0203297236903472,0.0388738343386535,54.87571700251892,-0.1328600232327854,-0.23370110960055,0.1008410863677645,43198637.0,60.582256615114765,0.6185714285714285,0.6496623099248363,0.6770833332980684,0.4248366012933059,-0.0399999999999999,0.0032362459546926,0.0388738343386535,54.87571700251892,-0.2463130442927675,0.0,0.0,0.0,0.5,-0.4195001478531364,-0.4822008162826979,-0.4419706432017956,-0.4007906105072694,-0.5767384268489598,-0.4730559877777595,-0.5871946194718207,-0.6702475611899887,-0.031683283721433,0.2054382006035963,0.390941961124121,0.4405783007734273,-0.2929544665820804,-0.6702475611899887,-0.7219081804660825,-0.2979084605721066,0.6352389592240998,-0.5015584133099428,0.0943878218061881,0.4324427100100957,0.1564942010290979,-0.4928477112693929,-0.9771775984305194,-0.4541776253407406,0.5338664548771458,0.3934738495650245,-0.1311866045469382,-0.4364731044555751,0.5977805774659847,1.047173445056426,0.5136612546469292,-0.1214188632792603,-0.4928652140191768,0.7040316740070466,0.3303503283592575,0.0943878218061881,0.5338664548771458,0.3934738495650245,-0.245135834490294,0.0,0.0,0.0,0.0,其他,0,0,0.5,1.0,0,0.2186234817813765,-0.020000000000000018,-0.039999999999999925,0.7342799188640974,0.31237322515212984,0.8012170385395537,0.4969574036511156,0.2515212981744422,0.6247464503042597,0.5,0.5,0.5,0.5,0.21862348178137653,0.4200404858299595,0.41700404858299595
2026-04-17,15.49,15.49,15.19,15.3,2590522.0,15.404,15.214000000000002,15.0875,16.039166666666667,-0.0067514931186704,0.0056526883133953,0.0140845070422535,-0.0460851041720786,15.0875,15.95122205568291,14.22377794431709,0.6230141100019055,0.1144950529480941,-0.0129032258064515,0.0065789473684212,0.0112359550561798,-0.0508684863523573,0.008603755795163,0.0205037810451843,0.0385095573280335,60.67653275159682,-0.122022190074146,-0.2113653256952692,0.0893431356211232,40608115.0,65.70265401528226,0.5664285714285714,0.554940560865232,0.6626506023697206,0.3594771241712591,-0.0189542483660131,-0.0129032258064515,0.0385095573280335,60.67653275159682,-0.1527624517188262,0.0,0.0,0.0,0.5,-0.4007089059499441,-0.5071128116478753,-0.4363800383343421,-0.4944202471089864,-0.6462602269492055,-0.4625629040172688,-0.5775946578005611,-0.6934459756205029,-0.0483464359050896,-0.1436675755585155,0.1378060615777007,0.2909630816652249,-0.4286544755698467,-0.6934459756205029,-0.7825352627609674,-0.2528541224036784,0.4245261285122334,-0.6080407064165994,-0.3588952637976442,0.0758086837256913,0.1306669536714753,-0.3700585798640609,-0.8445273166672379,-0.4448168592521512,0.5116219223426741,0.77310316489235,-0.1042565217635147,-0.3732795673952581,0.5299384285495127,0.9967456705697328,0.849027252913273,-0.2314849507347748,-0.6158123779457686,0.660089972399739,0.0480176687312866,-0.3588952637976442,0.5116219223426741,0.77310316489235,-0.190067738788847,0.0,0.0,0.0,0.0,其他,0,0,0.5,1.0,0,0.4101010101010101,-0.0032679738562092497,-0.04117647058823537,0.5242914979757085,0.3097165991902834,0.8076923076923077,0.7894736842105263,0.13765182186234817,0.5708502024291497,0.5,0.5,0.5,0.5,0.4101010101010101,0.4262626262626263,0.4484848484848485
2026-04-20,15.3,15.4,15.26,15.31,2119200.0,15.394,15.285000000000002,15.0825,16.017166666666665,-0.0054566714304273,0.0016355904481517,0.0150837062821151,-0.0441505468091525,15.0825,15.939492906682831,14.225507093317166,0.6327315536468751,0.1136406970564762,0.0006535947712418,-0.0032552083333332,0.0486301369863013,-0.0064892926670993,0.0069413184690494,0.0161117554600779,0.0372105979750672,59.65292839837005,-0.1113427231826271,-0.1913608051927408,0.0800180820101136,42727315.0,60.55352028958536,0.5278571428571429,0.4652416548073988,0.6686746987548998,0.3627450980273614,-0.0019595035924233,0.0006535947712418,0.0372105979750672,59.65292839837005,-0.1819409370003419,0.0,0.0,0.0,0.5,-0.4875521645958577,-0.5447274390724036,-0.4000193597062964,-0.4891745267500287,-0.7163094528586984,-0.467058852726507,-0.5397398300791677,-0.6954498451392919,-0.0673145471784534,-0.1118991530918508,0.0665366459110316,0.3049200338048,-0.4048677158974001,-0.6954498451392919,-0.7860838496194776,-0.2515326000771227,0.4544646280936593,-0.6135413241869236,0.022428080425733,-0.0459064377757463,0.5151837416060278,0.0109000103219314,-0.9182564177185594,-0.6682395682471878,0.4338838050723042,0.7049407802580501,-0.0777195556565409,-0.3166681731006769,0.4748557626990261,1.034670391634306,0.509786200992724,-0.3128269877472902,-0.7320156212564753,0.677178024911549,0.0620846494513309,0.022428080425733,0.4338838050723042,0.7049407802580501,-0.2070135589012403,0.0,0.0,0.0,0.0,其他,0,0,0.5,1.0,0,0.5898989898989899,0.0006531678641410466,-0.07054212932723714,0.3582995951417004,0.4433198380566802,0.7975708502024291,0.7449392712550608,0.0728744939271255,0.5445344129554656,0.5,0.5,0.5,0.5,0.5898989898989899,0.45454545454545453,0.45252525252525255
2026-04-21,15.26,15.32,15.08,15.19,2261610.0,15.35,15.306,15.132,15.989833333333332,-0.0104234527687296,-0.0075787272964851,0.0038329368226275,-0.0500213677440873,15.132,15.882062453539673,14.381937546460328,0.5386634470719215,0.0991359309456405,-0.0078380143696931,-0.0142764438676185,0.0140186915887849,0.0697183098591549,0.0071575315319604,0.0146663327510395,0.0323695532955437,39.817629162387625,-0.1112794061230886,-0.1753445253788104,0.0640651192557218,40465705.0,52.66077804447619,0.4421428571428572,0.5257011973026599,0.5732484076067996,0.3235294117541328,-0.0236998025016458,-0.0078380143696931,0.0323695532955437,39.817629162387625,0.0671998867497167,0.0,0.0,0.0,0.5,-0.5054013310957094,-0.5780585920850313,-0.4919988745580261,-0.5451319010606599,-0.693941521684644,-0.4885408514604696,-0.5281173891567632,-0.6654078127243427,-0.0908968710298581,-0.2332629410805392,-0.0968609344317958,0.1440834916437034,-0.475135462263066,-0.6654078127243427,-0.8079325958782909,-0.1537843632752439,0.1594513986096531,-0.7190666240441491,-0.2164462388672037,-0.1823139006688032,0.1583598397191812,0.6648207096687084,-0.9070012024411628,-0.7410619672069754,0.1455689949027483,-0.5973162024971936,-0.077494014780648,-0.2712970602212697,0.3810517840525866,0.9904529859674874,-0.0096632300755038,-0.493869775627312,-0.652120784770195,0.3916702328455959,-0.1075133245173302,-0.2164462388672037,0.1455689949027483,-0.5973162024971936,-0.0605190445400661,0.0,0.0,0.0,0.0,其他,0,0,0.5,1.0,0,0.4101010101010101,0.011849901250822859,-0.0427913100724161,0.31376518218623484,0.5769230769230769,0.7408906882591093,0.17611336032388664,0.06680161943319839,0.47368421052631576,0.5,0.5,0.5,0.5,0.4101010101010101,0.47878787878787876,0.5111111111111111
2026-04-22,15.13,15.2,14.98,15.01,2800406.0,15.262,15.27,15.138,15.955333333333334,-0.0165115974315293,-0.0170268500327439,-0.0084555423437706,-0.0592487360548197,15.138,15.881805294273242,14.394194705726758,0.4139559767677763,0.0982699556438537,-0.0118499012508228,-0.0284789644012944,-0.0234222511385816,0.008059100067159,0.007322830851933,0.0123283623594741,0.0307547769620817,45.172413771296085,-0.1243206317189091,-0.1651397466468302,0.040819114927921,37665299.0,40.81652508345993,0.4121428571428572,0.6605739208385563,0.4585987260854399,0.2647058823442906,0.0139906728847436,-0.0118499012508228,0.0307547769620817,45.172413771296085,0.2382355932278332,0.0,0.0,0.0,0.5,-0.564609823720352,-0.6283330811347705,-0.5428145120093942,-0.6292818564751493,-0.6119613918713376,-0.5320028283158201,-0.5463863974908383,-0.6610075006339324,-0.1206851167764258,-0.3820323722755663,-0.2643907018794478,-0.0315698399112704,-0.5857897127489835,-0.6610075006339324,-0.8068249010944174,-0.1459944111274813,-0.231581037908198,-0.7244249997997347,-0.3291718075180197,-0.358104294234637,-0.2276013264459672,0.1346349206387831,-0.8980792145023297,-0.8592276254338276,0.04931311975695,-0.2451217078064383,-0.1097748970415932,-0.2423034395095985,0.2445934439896689,0.936296126679979,-0.7887412960497794,-0.5568162133210823,-0.4751580046913999,0.0488323435745507,-0.3619171051452908,-0.3291718075180197,0.04931311975695,-0.2451217078064383,0.0400662567998708,0.0,0.0,0.0,0.0,其他,0,0,0.5,1.0,0,0.6336032388663968,0.0319786808794138,-0.03797468354430378,0.15212981744421908,0.4178498985801217,0.7241379310344828,0.3509127789046653,0.2434077079107505,0.3630831643002028,0.5,0.5,0.5,0.5,0.6336032388663968,0.5789473684210527,0.5263157894736842
2026-04-23,15.03,15.1,14.86,14.88,2220310.0,15.138,15.261,15.1255,15.921166666666666,-0.0170432025366626,-0.0249655985846274,-0.0162308684010444,-0.0653951238916745,15.1255,15.87822067930412,14.372779320695876,0.3369249000434987,0.0995300227164914,-0.0086608927381744,-0.0399999999999999,-0.0060120240480961,-0.0165234633179114,0.00534180348827,0.0095177716681125,0.0306055877404492,45.644599280870224,-0.1434917271946254,-0.1608101427563892,0.0173184155617638,35444989.0,43.10246479820788,0.3992857142857144,0.5306815833657325,0.3757961783200139,0.2222222222149603,0.0208333333333332,-0.0086608927381744,0.0306055877404492,45.644599280870224,-0.2071471065266964,0.0,0.0,0.0,0.5,-0.609951692655811,-0.6700412571522952,-0.6038495758851011,-0.6897540105942485,-0.6985669450653422,-0.5934261356864207,-0.5504761678966411,-0.6675055785250024,-0.1501828955505684,-0.3946639314535997,-0.4050663473303008,-0.1426988826524211,-0.6591335496500342,-0.6675055785250024,-0.8070560186151196,-0.1592325673183913,-0.4729399478995635,-0.7141850934935661,-0.2390203194768147,-0.5005521829046524,-0.047832864503886,-0.0768113526224552,-0.986052372573318,-1.0011290374302484,0.0403794153550402,-0.2138591093889549,-0.1572725205034673,-0.229875712542962,0.1066614944317493,0.8931690642839895,-0.6373022375514589,-0.5833897331761947,-0.6443696056339832,-0.1987784515373676,-0.5454078045708217,-0.2390203194768147,0.0403794153550402,-0.2138591093889549,-0.2219793354356833,0.0,0.0,0.0,0.0,其他,0,0,0.5,1.0,0,0.6202020202020202,0.020161290322580516,-0.04905913978494625,0.21862348178137653,0.46558704453441296,0.7226720647773279,0.3299595141700405,0.05263157894736842,0.3623481781376518,0.5,0.5,0.5,0.5,0.6202020202020202,0.5272727272727272,0.494949494949495
2026-04-24,14.82,15.07,14.67,15.01,2318310.0,15.080000000000002,15.242,15.126499999999998,15.887,-0.0046419098143237,-0.0152210995932291,-0.0077017155323437,-0.0552023667149241,15.126499999999998,15.878515537353104,14.374484462646892,0.4225414939880753,0.0994302102070055,0.0087365591397847,-0.0189542483660131,-0.0124999999999999,0.00133422281521,0.0083924702556921,0.0084572257525244,0.0305960714407735,58.29959510865611,-0.1465062125138345,-0.1579493567078783,0.0114431441940437,37763299.0,45.20533564114802,0.3814285714285715,0.5562348740630583,0.4585987260854399,0.2647058823442906,0.0159893404397069,0.0087365591397847,0.0305960714407735,58.29959510865611,0.0441379807324202,0.0,0.0,0.0,0.5,-0.7058377417272127,-0.6819408031462976,-0.7007719304143589,-0.6275956294981794,-0.6828989473822881,-0.6217446326155214,-0.5598110930994528,-0.6660449666072485,-0.179678264710923,-0.0903019817119393,-0.2315317287773844,-0.0205239312230225,-0.5352319941272359,-0.6660449666072485,-0.805733789912267,-0.1580194066662913,-0.2037160364722563,-0.7139430768285366,0.2517595571154657,-0.2389323945193947,-0.1147645657071403,0.076910977855972,-0.8466388424012272,-1.053366966274362,0.039775318296799,0.618585342780362,-0.1646219480895636,-0.2215942118251693,0.0721082910163285,0.9352000201035736,-0.4981003751864767,-0.6205243214890346,-0.6101428998703171,0.0491911558143249,-0.3607013916698305,0.2517595571154657,0.039775318296799,0.618585342780362,-0.0738291233346209,0.0,0.0,0.0,0.0,其他,0,0,0.5,1.0,0,0.5020325203252033,0.017988007994670152,-0.0826115922718188,0.4093686354378819,0.505091649694501,0.7291242362525459,0.4989816700610998,0.10183299389002037,0.48676171079429736,0.5,0.5,0.5,0.5,0.5020325203252033,0.4634146341463415,0.4186991869918699
2026-04-27,15.0,15.3,14.87,15.28,2571262.0,15.074000000000002,15.234,15.175999999999998,15.855,0.01366591482022,0.003019561507155,0.0068529256721139,-0.0362661620939765,15.175999999999998,15.818541008316084,14.533458991683911,0.580928686726519,0.0846785725239656,0.0179880079946701,-0.0019595035924233,-0.0052083333333333,0.0692792162351294,0.0130022493942809,0.0098273890349665,0.0287048367424629,56.35593216995834,-0.1256599407552237,-0.1514914735173474,0.0258315327621237,40334561.0,44.07544491351068,0.3692857142857144,0.6640131057821075,0.5972222221807483,0.352941176459054,0.0026178010471205,0.0179880079946701,0.0287048367424629,56.35593216995834,0.1091105158499079,0.0,0.0,0.0,0.5,-0.6220661726368164,-0.5832783221955944,-0.5970324115616027,-0.4994747332293803,-0.6439062779000768,-0.62399171947365,-0.5633608320233177,-0.6360105040358529,-0.2072885092507481,0.3589416159944134,0.0930913829797963,0.1879442560579708,-0.305809311154688,-0.6360105040358529,-0.8285872640451553,-0.058421237522718,0.2941266375849545,-0.8212218722105022,0.5125151291318488,-0.0276501155822368,-0.0393242446999637,0.6617280107076845,-0.6370741723912282,-0.9816077591807948,-0.0731484426425879,0.4900000826432936,-0.1126324730758257,-0.2031585921018461,0.156506903573151,0.9818389395333768,-0.5719676744415039,-0.645495929230268,-0.4683823860897236,0.4642690363524221,0.0223981368253308,0.5125151291318488,-0.0731484426425879,0.4900000826432936,-0.0354755660814572,0.0,0.0,0.0,0.0,其他,0,0,0.5,1.0,0,0.3785425101214575,-0.015706806282722474,-0.09816753926701571,0.592292089249493,0.8052738336713996,0.6713995943204868,0.5212981744421906,0.1663286004056795,0.5821501014198783,0.5,0.5,0.5,0.5,0.3785425101214575,0.4008097165991903,0.3603238866396761
2026-04-28,14.88,14.91,14.52,14.83,3671405.0,15.002,15.175999999999998,15.1965,15.8145,-0.0114651379816025,-0.0227991565629941,-0.0241173954529003,-0.062252995668532,15.1965,15.75861162030654,14.634388379693462,0.173997132617953,0.0739790899618779,-0.0294502617801046,-0.0236998025016458,-0.0376378974691758,0.0284327323162274,0.0185381913761751,0.0132817530495165,0.0296057130321684,38.842975184140414,-0.1437928054371671,-0.1499517399013114,0.0061589344641442,36663156.0,34.05417096583338,0.3900000000000002,0.9679856593623448,0.1825396825251956,0.2258064516048101,0.0364126770060686,-0.0294502617801046,0.0296057130321684,38.842975184140414,0.4278611047804541,0.0,0.0,0.0,0.5,-0.6765808975085813,-0.7484949045757078,-0.7763545311198785,-0.711306614848181,-0.477183928543913,-0.6592970139271831,-0.593178679094752,-0.6231195554798207,-0.2422827256496325,-0.2584534640004315,-0.3665508738091911,-0.2561634782164148,-0.6196524633220605,-0.6231195554798207,-0.8513674592691104,0.004830521598662,-0.984987143035745,-0.8984908216434749,-0.8271009281059497,-0.2978524915498102,-0.374607834520738,0.3091508150296942,-0.3858321877218849,-0.803839318591104,-0.0192604093360355,-0.6636303691737504,-0.15766661124966,-0.1986235958625246,0.0407869716033199,0.9113776877621512,-1.2307603038610675,-0.6007505345085662,-0.0696778679806666,-0.778685686671632,-0.529505950217346,-0.8271009281059497,-0.0192604093360355,-0.6636303691737504,0.1525604331162794,0.0,0.0,0.0,0.0,其他,0,0,0.5,1.0,0,0.5838383838383838,0.014160485502360043,-0.09372892784895481,0.4068825910931174,0.7105263157894737,0.6902834008097166,0.340080971659919,0.4777327935222672,0.3623481781376518,0.5,0.5,0.5,0.5,0.5838383838383838,0.6141414141414141,0.3656565656565657
2026-04-29,14.71,15.26,14.71,15.22,2386755.0,15.044,15.153,15.1645,15.784999999999998,0.0116990162190906,0.0044215666864646,0.0036598634969831,-0.0357934748178648,15.1645,15.632574443021577,14.696425556978426,0.5592854414201734,0.0617329213648307,0.026298044504383,0.0139906728847436,-0.0148867313915856,-0.0403530895334173,0.0223010185486055,0.0163096576176528,0.0196922317970073,55.186721959642576,-0.1252496902399738,-0.1450113299690438,0.01976163972907,39049911.0,40.60202202192638,0.397857142857143,0.674199303319901,0.6888888888123466,0.3669064748069461,0.0177398160315374,0.026298044504383,0.0196922317970073,55.186721959642576,-0.3499069157447898,0.0,0.0,0.0,0.5,-0.7540357577000638,-0.5985444393130634,-0.6775242785155409,-0.5262449667631318,-0.6705559826980005,-0.6374213882665464,-0.6045616492711102,-0.6412199440504885,-0.2676992861030939,0.3110124110305375,0.1187051327978306,0.1425826986790751,-0.2987445537703184,-0.6412199440504885,-0.9006067644131086,0.0437072465113342,0.2275703658659202,-0.98686686816873,0.7480309021266961,0.1713048918515742,-0.1388166255181991,-0.2842862793294416,-0.215000514473801,-0.648183334871285,-0.6118454990477049,0.4138837501819479,-0.1113323643301691,-0.184471894050752,0.1207407264154018,0.9546532318446408,-0.7975364481540764,-0.5833490332807312,-0.4548134371423425,0.7399136141396903,0.0841015528186126,0.7480309021266961,-0.6118454990477049,0.4138837501819479,-0.3066897096904138,0.0,0.0,0.0,0.0,其他,0,0,0.5,1.0,0,0.4826175869120654,-0.01905387647831802,-0.099868593955322,0.6270491803278688,0.25614754098360654,0.3073770491803279,0.5368852459016393,0.13524590163934427,0.4733606557377049,0.5,0.5,0.5,0.5,0.48261758691206547,0.5030674846625767,0.30879345603271985
2026-04-30,15.25,15.29,15.13,15.19,1838900.0,15.106,15.122,15.1595,15.755166666666666,0.0055607043558849,0.0044967596878719,0.002011939707774,-0.0358718304048407,15.1595,15.62405298264422,14.69494701735578,0.5328272566167935,0.0612886945665958,-0.0019710906701708,0.0208333333333332,-0.02,-0.0065402223675604,0.0216180669788849,0.016228859712179,0.017990694455136,49.77375562457772,-0.1116874240286129,-0.1383465487809577,0.0266591247523447,37211011.0,38.665881960812015,0.38,0.5774827211322467,0.6555555554827156,0.3561151079008591,-0.0006583278472679,-0.0019710906701708,0.017990694455136,49.77375562457772,-0.2295396888243661,0.0,0.0,0.0,0.5,-0.5040878719769865,-0.5850627194782628,-0.4603733581998117,-0.5398388280399615,-0.7523980830768798,-0.6055484619061451,-0.6201390160026384,-0.6433594773028504,-0.2933994236855062,0.1597665071065942,0.1199397937259914,0.1187897691676239,-0.2993793046608708,-0.6433594773028504,-0.90256230745153,0.0427404998911497,0.1440846763518597,-0.9883778617182084,-0.0514731816325392,0.2563415062394476,-0.1916526234149129,0.0077995105260488,-0.2457684064290487,-0.6514965167170771,-0.7127757059346822,0.0565593018421659,-0.0774188648398902,-0.1654410739850123,0.1612279875942283,0.9186094679255152,-0.9238101413994836,-0.6205736866564483,-0.5811576925279675,0.6390256773422184,0.0370852065557106,-0.0514731816325392,-0.7127757059346822,0.0565593018421659,-0.2352988321293598,0.0,0.0,0.0,0.0,其他,0,0,0.5,1.0,0,0.4390243902439024,-0.020408163265306034,-0.12310730743910459,0.6191446028513238,0.48676171079429736,0.2158859470468432,0.46028513238289204,0.09164969450101833,0.4786150712830957,0.5,0.5,0.5,0.5,0.43902439024390244,0.49390243902439024,0.2703252032520325
2026-05-06,15.29,15.3,15.16,15.25,1998500.0,15.154,15.117,15.1655,15.731,0.0063349610663852,0.0087980419395383,0.0055718571758267,-0.0305765685588964,15.1655,15.631546078588643,14.699453921411356,0.5906562717970197,0.0614613535439742,0.0039499670836076,0.0159893404397069,-0.0032679738562092,0.0079312623925973,0.0214791429503399,0.0158293735721573,0.0178448849050195,47.39336489746413,-0.0950026009396118,-0.1296777592126885,0.0346751582730766,39209511.0,34.64248657582739,0.3342857142857144,0.6562591765663098,0.7222222221419754,0.3776978417130325,0.0019672131147541,0.0039499670836076,0.0178448849050195,47.39336489746413,0.086791016368481,0.0,0.0,0.0,0.5,-0.4850823608253827,-0.5801213371719404,-0.444425209155126,-0.5108637926804995,-0.7272834807603815,-0.5807416242280251,-0.6220149828928305,-0.6390018508074392,-0.3141531157532005,0.1786813040336368,0.1965885437655244,0.1698436795012071,-0.2348674110264134,-0.6390018508074392,-0.8980894727016869,0.0455319163276731,0.3261062176837268,-0.9853622270209568,0.1160384517596672,0.1957467003352615,-0.018020501137312,0.132803078998947,-0.2518446671241614,-0.6710869043851947,-0.7205274878672782,-0.1006039990763076,-0.0357132970107983,-0.1407346686227942,0.2082995512136389,0.954600233310664,-1.1868714918384242,-0.7169147233866132,-0.4770935572628813,0.8380097123222274,0.1310085827467046,0.1160384517596672,-0.7205274878672782,-0.1006039990763076,-0.0480517548787647,0.0,0.0,0.0,0.0,其他,0,0,0.5,1.0,0,0.5191919191919192,-0.03803278688524592,-0.14098360655737707,0.5040485829959515,0.44534412955465585,0.21052631578947367,0.3866396761133603,0.058704453441295545,0.4433198380566802,0.5,0.5,0.5,0.5,0.5191919191919192,0.5131313131313131,0.2545454545454545
2026-05-07,15.27,15.4,15.2,15.32,2501152.0,15.162,15.118,15.2015,15.713333333333331,0.0104207888141405,0.013361555761344,0.0077952833601946,-0.0250318201103096,15.2015,15.588078786140898,14.814921213859105,0.6532675927688938,0.0508606106158409,0.0045901639344263,0.0026178010471205,0.000653167864141,0.0493150684931507,0.0199820367519584,0.0159021394828731,0.0157655890602537,47.88732391218674,-0.0752637497907979,-0.1187949573283104,0.0435312075375124,41710663.0,42.47097701206866,0.3257142857142859,0.8497990148706469,0.7313432834729342,0.4028776978272348,-0.0182767624020888,0.0045901639344263,0.0157655890602537,47.88732391218674,0.2515146359769826,0.0,0.0,0.0,0.5,-0.4937998711001761,-0.5368090498120338,-0.423329796496682,-0.4771829297291163,-0.650392876931421,-0.5760489923620602,-0.6207310477380605,-0.616925949289101,-0.3292302155947554,0.2791685185550308,0.2779070502310933,0.2016685560165227,-0.1673392135064742,-0.616925949289101,-0.914082631652038,0.1180533076659226,0.5230927334741357,-1.0613646351022337,0.1340585371770936,0.0288030639015987,0.0226823839492315,0.4903911181552075,-0.3195960414551998,-0.6665117924974974,-0.8438600005580243,-0.0678830325598345,0.0136205292903822,-0.1097519770926971,0.2603148523674868,0.9998959538973936,-0.6694034759673511,-0.7341658081141189,-0.2223312114051688,0.8640637169204749,0.240595148971092,0.1340585371770936,-0.8438600005580243,-0.0678830325598345,0.0494738121457691,0.0,0.0,0.0,0.0,其他,0,0,0.5,1.0,0,0.5070707070707071,-0.07114882506527409,-0.15600522193211497,0.3785425101214575,0.5020242914979757,0.18016194331983806,0.4149797570850202,0.20242914979757085,0.4574898785425101,0.5,0.5,0.5,0.5,0.5070707070707071,0.46464646464646464,0.27474747474747474
2026-05-08,15.34,15.39,15.16,15.37,2020805.0,15.27,15.136,15.221,15.693833333333334,0.0065487884741322,0.0154598308668076,0.009789107154589,-0.0206344317831845,15.221,15.599801433887494,14.842198566112506,0.6966729618750408,0.0497735278739905,0.0032637075718013,0.0364126770060686,0.0118499012508228,0.0260347129506006,0.0109739366565439,0.0156660095854982,0.014770040219469,48.13084109000786,-0.0549525273831434,-0.106026471339277,0.0510739439561335,43731468.0,35.06464049636274,0.3135714285714287,0.7045934318895835,0.8059701491334361,0.4208633093373788,-0.0214703968770332,0.0032637075718013,0.014770040219469,48.13084109000786,-0.192050303220276,0.0,0.0,0.0,0.5,-0.4609238765815691,-0.5404795389578774,-0.4435493881510653,-0.4529998016488833,-0.722191597690904,-0.5211199544401296,-0.6104947364401829,-0.6046368963958919,-0.3459022229616993,0.1834500482857276,0.3151443440558324,0.2301836652288005,-0.1137548939170961,-0.6046368963958919,-0.9078809735643536,0.135103036264396,0.6593108899325698,-1.06732056854345,0.0963606971272475,0.4505650504095957,0.1389438079226489,0.2885070578939158,-0.7284551420570063,-0.677740900987736,-0.9020802424250292,-0.0517216211962504,0.064385261048905,-0.0734187644079233,0.3045698686003786,1.0360336497151346,-1.1559995189414565,-0.7589756677186931,-0.413044214973475,1.0862305447768557,0.3187801452312202,0.0963606971272475,-0.9020802424250292,-0.0517216211962504,-0.2132919840107299,0.0,0.0,0.0,0.0,其他,0,0,0.5,1.0,0,0.6383838383838384,-0.054001301236174415,-0.14118412491867272,0.582995951417004,0.4271255060728745,0.1680161943319838,0.3340080971659919,0.13562753036437247,0.43724696356275305,0.5,0.5,0.5,0.5,0.6383838383838384,0.5616161616161616,0.35555555555555557
2026-05-11,15.37,15.54,15.36,15.49,2459200.0,15.324000000000002,15.184,15.227,15.679,0.010832680762203,0.0201527924130662,0.0172719511394234,-0.0120543402002678,15.227,15.619299563303166,14.834700436696837,0.835203024064082,0.0515268356604175,0.0078074170461939,0.0177398160315374,0.0319786808794138,0.0078074170461939,0.0035330407363709,0.0150555113764247,0.0136923465841565,49.77375562457772,-0.0288402872930113,-0.0905892345300239,0.0617489472370125,46190668.0,43.6459069640926,0.3000000000000001,0.8919766964559268,0.985074626718646,0.4640287769617257,-0.0361523563589413,0.0078074170461939,0.0136923465841565,49.77375562457772,0.216940773602599,0.0,0.0,0.0,0.5,-0.446569686909143,-0.4758268672740783,-0.3397599645877681,-0.3956585554759816,-0.6549610273409183,-0.4933936178739128,-0.584458977971019,-0.6003520549372496,-0.35849035070103,0.2889857010213243,0.3987699696901887,0.337769275238813,-0.0093100981486059,-0.6003520549372496,-0.898579033399162,0.130260399838756,1.0948247621652822,-1.0524356803663155,0.2251112268534187,0.2169058381207921,0.3480134806515696,0.130413086604368,-1.0651413618313814,-0.7081039067821894,-0.9650345735870544,0.0570497500008417,0.1296632177063225,-0.0295053303271888,0.3672995128223826,1.0802478055934526,-0.5889070346413015,-0.7867728747278311,-0.1660425728530368,1.619176510471284,0.5067861836363619,0.2251112268534187,-0.9650345735870544,0.0570497500008417,0.0293456872738214,0.0,0.0,0.0,0.0,其他,0,0,0.5,1.0,0,0.591919191919192,-0.0677856681730149,-0.16720464816010328,0.48582995951417,0.46558704453441296,0.15384615384615385,0.3866396761133603,0.242914979757085,0.4757085020242915,0.5,0.5,0.5,0.5,0.591919191919192,0.498989898989899,0.35555555555555557
2026-05-12,15.5,15.56,15.18,15.18,2460760.0,15.322,15.214,15.2375,15.6525,-0.0092677196188486,-0.0022347837518075,-0.0037735849056604,-0.0301868711068519,15.2375,15.611658705419956,14.863341294580044,0.4231609485368262,0.0491102484551273,-0.0200129115558425,-0.0006583278472679,0.0201612903225805,0.0140280561122243,0.0112778960404891,0.0164199738237075,0.013134523825169,47.41379307483648,-0.0327826600167746,-0.079027919627374,0.0462452596105994,43729908.0,43.831900835100015,0.3050000000000001,0.9068647512399848,0.5223880596235236,0.3525179855988303,-0.0197628458498022,-0.0200129115558425,0.013134523825169,47.41379307483648,0.0006343526350032,0.0,0.0,0.0,0.5,-0.3859465479299466,-0.4667784473720823,-0.4325056080836511,-0.5422737144866666,-0.6539202283890844,-0.4938688026673837,-0.5679498392243525,-0.5934106123669604,-0.3812740395228526,-0.2076805785329001,-0.0023876560474246,0.0339702553818013,-0.2299977277505134,-0.5934106123669604,-0.9002030994316761,0.1481883371426498,-0.2065379558422841,-1.0681762747538222,-0.5644628186516634,-0.0133008555541183,0.2247681916349129,0.184205004844299,-0.7117476755384017,-0.6373390953025068,-0.9967102044096676,-0.0993167888324219,0.1196777088209544,0.0033889112387173,0.2753496053686398,1.0321476419484077,-0.5759479611607614,-0.7750198056096647,-0.1462798401024181,0.2306288099506194,0.0191568852263565,-0.5644628186516634,-0.9967102044096676,-0.0993167888324219,-0.0990183746118528,0.0,0.0,0.0,0.0,其他,0,0,0.5,1.0,0,0.5373737373737374,-0.06785243741765479,-0.1429512516469038,0.4392712550607287,0.46356275303643724,0.13765182186234817,0.3825910931174089,0.33805668016194335,0.4149797570850202,0.5,0.5,0.5,0.5,0.5373737373737374,0.4707070707070707,0.4080808080808081
2026-05-13,15.2,15.39,15.11,15.28,1916200.0,15.328,15.241,15.241499999999998,15.6265,-0.0031315240083507,0.0025588872121251,0.0025259980973002,-0.0221738713083544,15.241499999999998,15.615681211375986,14.867318788624011,0.5514456615863731,0.0491003131415585,0.0065876152832673,0.0019672131147541,0.0179880079946701,0.0052631578947368,0.0115714143988489,0.0163376138211786,0.0127629442437883,49.37759333231175,-0.0275206140309265,-0.0687264585080845,0.041205844477158,45646108.0,44.13012970215396,0.3150000000000001,0.722382751722605,0.67164179094453,0.3884892086191189,-0.0399214659685863,0.0065876152832673,0.0127629442437883,49.37759333231175,-0.2212974853297354,0.0,0.0,0.0,0.5,-0.5244924398815456,-0.538980771335624,-0.4682799130641316,-0.494226032450094,-0.7355347019063735,-0.4903169209315461,-0.5530439013712205,-0.5903294489385644,-0.4036081860366946,-0.0558277839036896,0.0835113993329114,0.1248661654877801,-0.132153174421407,-0.5903294489385644,-0.8971416188394238,0.1505622717392303,0.1988491391615858,-1.06621997686406,0.1913799926887762,0.0195645093073043,0.2019381895394877,0.1080100900633743,-0.6974845431006036,-0.6407743100188814,-1.0171467241513732,0.0309608473285385,0.1327615845457655,0.0326984079207638,0.2452973357310843,1.0662059198911318,-0.5556014294009276,-0.7526561890534693,-0.3893329215503843,0.6779761224978959,0.1764279933253406,0.1913799926887762,-1.0171467241513732,0.0309608473285385,-0.2307129289395956,0.0,0.0,0.0,0.0,其他,0,0,0.5,1.0,0,0.5434343434343434,-0.09882198952879584,-0.168848167539267,0.5182186234817814,0.4331983805668016,0.12550607287449392,0.42105263157894735,0.1862348178137652,0.4473684210526316,0.5,0.5,0.5,0.5,0.5434343434343434,0.39191919191919194,0.34545454545454546
2026-05-14,15.35,15.39,15.02,15.04,2116100.0,15.272,15.217000000000002,15.225500000000002,15.6,-0.0151911995809325,-0.0116317276729974,-0.0121835079307742,-0.0358974358974358,15.225500000000002,15.60566478421512,14.845335215784884,0.2560268497664957,0.0499379047272827,-0.0157068062827224,-0.0182767624020888,-0.0157068062827224,-0.0208333333333333,0.0132002351390266,0.0161253478706626,0.0130066748909923,47.03557309650205,-0.042229602343653,-0.0634270872751982,0.0211974849315452,43530008.0,44.345783101375766,0.3242857142857144,0.8333304290226136,0.3134328357741131,0.3021582733704258,-0.0538563829787233,-0.0157068062827224,0.0130066748909923,47.03557309650205,0.1043210520822461,0.0,0.0,0.0,0.5,-0.4544182013250651,-0.5383847715223004,-0.5143795486812818,-0.6076318424054303,-0.7043003975474349,-0.5180055520392125,-0.5650907628323666,-0.5991066015935883,-0.4263669775525796,-0.3540880266082262,-0.1710589963399115,-0.0877463688446997,-0.299354299173217,-0.5991066015935883,-0.899730384472582,0.1365506740137555,-0.7349081745499377,-1.0580645797210002,-0.4423220574957245,-0.2339782099062986,-0.1493351897267159,-0.1186553244113437,-0.6225454680049249,-0.6508626121917543,-1.0007476217669071,-0.1244662119314343,0.0957498499741566,0.0477624779853653,0.1266592758312384,1.024625576043239,-0.5407288241907333,-0.7318586849471872,-0.2425827071045883,-0.3978779304868055,-0.2015909820670228,-0.4423220574957245,-1.0007476217669071,-0.1244662119314343,-0.0369938765886087,0.0,0.0,0.0,0.0,其他,0,0,0.5,1.0,0,0.4383838383838384,-0.08377659574468088,-0.07247340425531912,0.5060728744939271,0.39068825910931176,0.11538461538461539,0.46153846153846156,0.27125506072874495,0.4676113360323887,0.5,0.5,0.5,0.5,0.4383838383838384,0.3696969696969697,0.7434343434343434
2026-05-15,15.11,15.23,14.92,15.04,2211406.0,15.206,15.238,15.207,15.571500000000002,-0.0109167433907668,-0.0129938312114451,-0.0109817847044124,-0.0341328709501334,15.207,15.585367685277944,14.828632314722054,0.279315191907503,0.0497623048958318,0.0,-0.0214703968770332,0.01416048550236,-0.0240103828682674,0.0128513071921308,0.0127908245047684,0.0129713183478797,50.63829784217292,-0.0532724894565497,-0.0613961677114685,0.0081236782549188,43530008.0,45.19403170053929,0.330714285714286,0.8921045552254245,0.3134328357741131,0.3021582733704258,-0.0332446808510638,0.0,0.0129713183478797,50.63829784217292,0.0450385142479088,0.0,0.0,0.0,0.5,-0.5652212934336511,-0.6062758799428561,-0.5656146886668766,-0.6069201271387616,-0.688963048830494,-0.5507095765814687,-0.5533454512973397,-0.6093565509109843,-0.4508633448704405,-0.247943058103312,-0.1953533918956342,-0.0702923311766022,-0.2775123009900374,-0.6093565509109843,-0.9064442883576732,0.1258761324480136,-0.6603490533017309,-1.057368504826846,0.0047577161995541,-0.2737887917042128,0.1622752689498426,-0.146155077204949,-0.6376717733534363,-0.8209446749458593,-1.0010861405450868,0.1149027501202488,0.0679431496108172,0.053510369922218,0.0491035400438403,1.022828922379296,-0.4840836741068425,-0.7171859522726798,-0.1647482629247893,-0.397470516593807,-0.2013914565358276,0.0047577161995541,-1.0010861405450868,0.1149027501202488,-0.0722249338713937,0.0,0.0,0.0,0.0,其他,0,0,0.5,1.0,0,0.4230769230769231,-0.10638297872340419,-0.07513297872340419,0.6389452332657201,0.46247464503042596,0.11561866125760649,0.6125760649087221,0.3894523326572008,0.565922920892495,0.5,0.5,0.5,0.5,0.4230769230769231,0.22469635627530365,0.6376518218623481
2026-05-18,14.9,14.99,14.78,14.93,2202000.0,15.094,15.209,15.181,15.537333333333333,-0.0108652444680005,-0.0183444013413111,-0.0165338251762071,-0.0390886467004204,15.181,15.560523246634872,14.80147675336513,0.1693219687562203,0.0499997690049893,-0.007313829787234,-0.0361523563589413,-0.019053876478318,-0.0336569579288025,0.0109367268522013,0.0095504978145022,0.0130105431650952,51.07296134270292,-0.0700921589671494,-0.0631353659626047,-0.0069567930045447,41328008.0,45.23073933135223,0.3321428571428574,0.9228368230248544,0.1492537313210064,0.2775665399134008,-0.0328198258539852,-0.007313829787234,0.0130105431650952,51.07296134270292,-0.0042534025864088,0.0,0.0,0.0,0.5,-0.6619754222329242,-0.7083238221933089,-0.6375146850214233,-0.6584741037389389,-0.6895207724978355,-0.606577360140859,-0.5680530855071787,-0.6240440495204346,-0.4803106331185645,-0.2464409861774988,-0.2912847544244563,-0.1505774290516344,-0.3377518115729943,-0.6240440495204346,-0.9149682682891228,0.1085933546138762,-1.0069089126192643,-1.0536522211738015,-0.2034233630222254,-0.4576467884575282,-0.1845460571766789,-0.2299139598769574,-0.724017268121849,-0.9857403800797384,-0.9969701372495684,0.1436914499143108,0.0256210832924631,0.0485029924110274,-0.0403495010948802,0.979798253547942,-0.481135197110504,-0.7131938398948422,-0.1239816225110297,-0.8900833222450665,-0.3090048070581757,-0.2034233630222254,-0.9969701372495684,0.1436914499143108,-0.1015077522631787,0.0,0.0,0.0,0.0,其他,0,0,0.5,1.0,0,0.4242424242424242,-0.08238446081714668,-0.05492297387809786,0.5890688259109311,0.4149797570850202,0.11133603238866396,0.5769230769230769,0.5465587044534413,0.5465587044534413,0.5,0.5,0.5,0.5,0.42424242424242425,0.24242424242424243,0.6505050505050505
2026-05-19,14.91,15.05,14.71,14.88,1440000.0,15.034,15.178,15.15,15.504833333333332,-0.010243448184116,-0.0196336803267888,-0.0178217821782178,-0.0402992615206009,15.15,15.521001489569231,14.77899851043077,0.1361200593465164,0.0489770943322484,-0.0033489618218351,-0.0197628458498022,-0.020408163265306,-0.0399999999999999,0.0083147868730843,0.0095618814143317,0.0129641602277842,47.11111108179755,-0.086459795661014,-0.0678002519022866,-0.0186595437587274,39888008.0,46.5520100767826,0.3278571428571431,0.6246637687617926,0.0757575757460984,0.2635658914626528,-0.0490591397849462,-0.0033489618218351,0.0129641602277842,47.11111108179755,-0.3460490463215259,0.0,0.0,0.0,0.5,-0.6565245047893314,-0.6817201941485108,-0.673031339184147,-0.6814339556187905,-0.8041560157781772,-0.636137469645571,-0.5838035724842795,-0.6416805046605093,-0.5082699786701077,-0.2307994897296271,-0.3141859044765538,-0.1690962606762651,-0.3521915856807138,-0.6416805046605093,-0.9293668281664952,0.0942714094605496,-1.1098689595081292,-1.0591851742544391,-0.0902981837034362,-0.2515020321620704,-0.198527000641544,-0.2849042227626523,-0.8423759726152086,-0.9834717731349588,-0.9979871691983252,-0.1199986576698299,-0.0155642394186926,0.0351421867400482,-0.1097583571076854,0.9511839383431718,-0.3932036251304777,-0.7213901160011248,-0.5181965000769478,-1.109090310498641,-0.3701084821407681,-0.0902981837034362,-0.9979871691983252,-0.1199986576698299,-0.305054775184116,0.0,0.0,0.0,0.0,其他,0,0,0.5,1.0,0,0.4239350912778905,-0.10483870967741937,0.021505376344086002,0.5365853658536586,0.4166666666666667,0.10975609756097561,0.4695121951219512,0.24390243902439024,0.5223577235772358,0.5,0.5,0.5,0.5,0.4239350912778905,0.22718052738336714,0.8681541582150102
2026-05-20,14.93,14.94,14.55,14.67,2275222.0,14.912,15.12,15.1185,15.469666666666663,-0.0162285407725322,-0.0297619047619047,-0.0296656414326819,-0.0516925596328297,15.1185,15.539490061139665,14.697509938860335,-0.0326729077434722,0.0556920410274668,-0.0141129032258064,-0.0399214659685863,-0.0380327868852459,-0.0411764705882353,0.0067605264801905,0.0100049785703125,0.013020606295868,36.07305933767021,-0.1150502825788688,-0.077250258037603,-0.0378000245412658,37612786.0,38.36680585520711,0.325,0.993774490192654,0.0,0.1850393700714554,-0.0613496932515337,-0.0141129032258064,0.013020606295868,36.07305933767021,0.5800152777777778,0.0,0.0,0.0,0.5,-0.6464416425653878,-0.7280010434727914,-0.7551490090787797,-0.7804201573654697,-0.676385672349294,-0.6969480067419647,-0.6138282685692734,-0.6595895775137769,-0.5385438590262592,-0.3790959460188133,-0.4960487721337575,-0.3406155521210827,-0.491160482324593,-0.6595895775137769,-0.9204139214948864,0.0425723578101446,-1.6389808407166926,-1.0080159379542564,-0.3970712758453969,-0.5044318808748167,-0.3825788497979749,-0.2948796750288549,-0.9118537321493804,-0.9591044909242138,-0.9928591665629124,-0.854301713760669,-0.0875151801195749,0.0081070159136858,-0.2233316787551356,0.9070065245948064,-0.934353596095794,-0.7265274977186889,-0.0291351049332693,-1.3337680044340858,-0.7143252244768865,-0.3970712758453969,-0.9928591665629124,-0.854301713760669,0.2474149160920975,0.0,0.0,0.0,0.0,其他,0,0,0.5,1.0,0,0.3724696356275304,-0.1070211315610089,0.051806407634628515,0.5415821501014199,0.4462474645030426,0.11561866125760649,0.3184584178498986,0.7139959432048681,0.4847870182555781,0.5,0.5,0.5,0.5,0.3724696356275304,0.20242914979757085,0.8906882591093117
2026-05-21,14.75,14.92,14.21,14.23,3004639.0,14.75,15.011,15.0645,15.430333333333332,-0.0352542372881355,-0.0520285124242222,-0.0553951342560323,-0.0777904992331121,15.0645,15.63320952718872,14.49579047281128,-0.2336785828978327,0.0755032728845888,-0.0299931833674164,-0.0538563829787233,-0.071148825065274,-0.0705421293272371,0.011869569637372,0.0124511425562051,0.0144178367826821,36.23853208681931,-0.1712388374851237,-0.0960479739271071,-0.0751908635580165,34608147.0,39.31588236270432,0.3214285714285714,1.2874741226245123,0.0,0.0118110236215826,-0.0316233309908644,-0.0299931833674164,0.0144178367826821,36.23853208681931,0.3205915730421032,0.0,0.0,0.0,0.5,-0.7292433304309821,-0.735626486145688,-0.930384095106588,-0.9884685096472376,-0.5648499971462311,-0.77784275331427,-0.6708194928132645,-0.6908389873750113,-0.5724454093532244,-0.8507799748001326,-0.8959097342321878,-0.7132938130000595,-0.8097719436628387,-0.6908389873750113,-0.8812513103131704,-0.085349466299186,-2.262212605630837,-0.8610246413841524,-0.849318068604363,-0.6789098748725488,-0.7284111518640141,-0.5505045996301718,-0.6778621706129077,-0.8321833748653258,-0.9076119892551356,-0.842018028397697,-0.2289822238239598,-0.045663973621939,-0.4453131611154388,0.8492758863962956,-0.8700909205948317,-0.7331810562692886,0.3599742349960077,-1.3305156066687838,-1.4718452956655224,-0.849318068604363,-0.9076119892551356,-0.842018028397697,0.0923819565653376,0.0,0.0,0.0,0.0,其他,0,0,0.5,1.0,0,0.3878787878787879,-0.09135628952916375,0.06254392129304276,0.4392712550607287,0.4493927125506073,0.13360323886639677,0.3825910931174089,0.7975708502024291,0.46558704453441296,0.5,0.5,0.5,0.5,0.3878787878787879,0.2080808080808081,0.8848484848484849
2026-05-22,14.31,14.6,14.19,14.54,1729169.0,14.65,14.928,15.032,15.400166666666667,-0.0075085324232082,-0.0259914255091104,-0.0327301756253326,-0.0558543738704127,15.032,15.643214494178732,14.420785505821268,0.0975226334653298,0.0813217794271774,0.021784961349262,-0.0332446808510638,-0.0540013012361744,-0.0427913100724161,0.0188445583936617,0.0152559193537301,0.0154397196502782,33.80952378698409,-0.1885804250899063,-0.114554464159667,-0.0740259609302393,36337316.0,31.83903468089791,0.3114285714285715,0.7494908002494274,0.2460317460122187,0.1338582677112654,-0.0756533700137551,0.021784961349262,0.0154397196502782,33.80952378698409,-0.4245002477835108,0.0,0.0,0.0,0.5,-0.9325708098979169,-0.8718291616163084,-0.9392759902112487,-0.8394953897694042,-0.7578723821901167,-0.82726265213484,-0.7139473422163295,-0.7092594144834806,-0.5982473842806221,-0.1607714625803782,-0.4261906926475881,-0.3836410726721661,-0.5401556239394344,-0.7092594144834806,-0.875856397640193,-0.1328655555817961,-1.2162382733179258,-0.8170343903212179,0.6289181795884432,-0.4190306239581562,-0.548149592576832,-0.307894344289912,-0.3590761614215006,-0.6871420325000882,-0.8450485873908566,-1.0022214786486363,-0.272493581250206,-0.0986008070147316,-0.4379352802222912,0.8804612443029246,-1.3625706774936013,-0.7535413039354816,-0.3536282902150037,-0.5905246801640175,-0.9339609794753826,0.6289181795884432,-0.8450485873908566,-1.0022214786486363,-0.3527006648171734,0.0,0.0,0.0,0.0,其他,0,0,0.5,1.0,0,0.2101010101010101,-0.09215955983493807,0.02751031636863832,0.42105263157894735,0.5080971659919028,0.1680161943319838,0.3805668016194332,0.46558704453441296,0.5425101214574899,0.5,0.5,0.5,0.5,0.2101010101010101,0.2606060606060606,0.8424242424242424
2026-05-25,14.61,14.7,14.24,14.44,2106527.0,14.551999999999998,14.823,15.0035,15.361833333333331,-0.0076965365585485,-0.0258382243810294,-0.0375579031559302,-0.0600080285556193,15.0035,15.669715549123676,14.337284450876322,0.0770888260196556,0.0888080180116955,-0.0068775790921595,-0.0328198258539852,-0.0677856681730149,-0.0379746835443037,0.0188414181522275,0.0145295246417293,0.0153134807712279,32.71889398810761,-0.2079952823290991,-0.1332426277935535,-0.0747526545355456,34230789.0,32.23986364642745,0.332857142857143,0.9269926819783446,0.1666666666534384,0.095238095234316,-0.0512465373961219,-0.0068775790921595,0.0153134807712279,32.71889398810761,0.2182308380499535,0.0,0.0,0.0,0.5,-0.7918180398689367,-0.827665140245378,-0.911864655174854,-0.8858279925795858,-0.6995601339299335,-0.8755543639395583,-0.7686533643022125,-0.7252707368597843,-0.6311976660469972,-0.1653050349731753,-0.4229981897440621,-0.4533500297987882,-0.5903670597706268,-0.7252707368597843,-0.8638443705600141,-0.18577355592821,-1.277623262590226,-0.7609061249048209,-0.1900489927509092,-0.4132651581771413,-0.6917656594413129,-0.2655537288538348,-0.3588733583227462,-0.7235444117793265,-0.8513311485386961,-1.072931888792978,-0.3212233979700543,-0.1520559653142457,-0.4418165825160678,0.8396275885323189,-1.33278752363303,-0.7067743105734242,-0.117781718072985,-0.8279181945384497,-1.1013613593722291,-0.1900489927509092,-0.8513311485386961,-1.072931888792978,0.0317873017639934,0.0,0.0,0.0,0.0,其他,0,0,0.5,1.0,0,0.2424242424242424,-0.10664819944598336,0.018005540166204925,0.4230769230769231,0.5263157894736842,0.15587044534412955,0.38461538461538464,0.6437246963562753,0.48380566801619435,0.5,0.5,0.5,0.5,0.24242424242424243,0.31717171717171716,0.8525252525252526
2026-05-26,14.48,14.5,14.05,14.15,1953500.0,14.406,14.720000000000002,14.967000000000002,15.319,-0.0177703734555046,-0.0387228260869566,-0.0545867575332399,-0.0763104641295122,14.967000000000002,15.734061378179195,14.19993862182081,-0.0325519073428617,0.1025003511958398,-0.0200831024930747,-0.0490591397849462,-0.0678524374176547,-0.0490591397849462,0.0196102169162373,0.0145365788268072,0.0157876083692194,27.08333331753471,-0.2439699393418095,-0.1553880901032047,-0.0885818492386048,32277289.0,25.24255767142253,0.355,0.8647284885342801,0.0,0.0,-0.0586572438162543,-0.0200831024930747,0.0157876083692194,27.08333331753471,-0.0726442148617131,0.0,0.0,0.0,0.5,-0.8511121014388771,-0.9122309102646424,-1.0089249237348716,-1.0223374834318752,-0.7219282040059931,-0.9479474004373276,-0.8221845913880311,-0.7460119221639017,-0.6680579550072313,-0.4157826554149894,-0.6547508048487427,-0.7001827244506301,-0.7893009540734075,-0.7460119221639017,-0.8366409744805667,-0.2728932011789985,-1.6175224911830277,-0.6593098283104964,-0.5671179131945283,-0.6172454938904072,-0.6915849277737658,-0.3621384449197779,-0.3234170117245789,-0.7222344053031895,-0.8216735409551805,-1.4447491934682295,-0.4117352660557301,-0.2154185348562737,-0.5236897395721912,0.8017619796616197,-1.7896463345980684,-0.6585604260490061,-0.2003649189862548,-1.3259434375792616,-1.5150493628240962,-0.5671179131945283,-0.8216735409551805,-1.4447491934682295,-0.142254253521519,0.0,0.0,0.0,0.0,其他,0,0,0.5,1.0,0,0.2121212121212121,-0.08056537102473504,0.0007067137809186885,0.4230769230769231,0.4979757085020243,0.1720647773279352,0.31781376518218624,0.4939271255060729,0.39271255060728744,0.5,0.5,0.5,0.5,0.21212121212121213,0.41818181818181815,0.8323232323232324
2026-05-27,14.26,14.26,13.77,13.77,2461300.0,14.226,14.569,14.905,15.269833333333333,-0.032053985660059,-0.0548424737456242,-0.076148943307615,-0.098221984522861,14.905,15.839586877490998,13.970413122509004,-0.1072201671803451,0.125405820527974,-0.0268551236749117,-0.0613496932515337,-0.0988219895287958,-0.0826115922718188,0.0210749220938506,0.0149288385093271,0.0164587172501045,21.40221401108369,-0.2996883180344856,-0.1842481356894609,-0.1154401823450246,29815989.0,16.34576064597485,0.3757142857142857,1.086072036233054,0.0,0.0,-0.0486564996368917,-0.0268551236749117,0.0164587172501045,21.40221401108369,0.2599436908113641,0.0,0.0,0.0,0.5,-0.9520485706378988,-1.0136845013541815,-1.152231162497275,-1.2010426575087991,-0.6438139748169703,-1.037265332258031,-0.9010203100874844,-0.7818834575730987,-0.7104304383373939,-0.7707269452619014,-0.9443055380792772,-1.012229332449197,-1.0562944918827375,-0.7818834575730987,-0.7929308497308705,-0.4186005652349791,-1.845031630659424,-0.4901232828452207,-0.7599072737539793,-0.7712095748945589,-1.0147510478724349,-0.654989349647049,-0.2561630082219392,-0.7011465924355225,-0.7802929065992882,-1.8163339608999391,-0.5520436903436232,-0.2980342831085308,-0.683048086835702,0.7544444627574608,-2.3641348485439315,-0.6134704504624999,0.0940231757782735,-1.3227566482122126,-1.51037527507448,-0.7599072737539793,-0.7802929065992882,-1.8163339608999391,0.0570037376646389,0.0,0.0,0.0,0.0,其他,0,0,0.5,1.0,0,0.1696969696969697,-0.07770515613652873,-0.005809731299927345,0.37044534412955465,0.41700404858299595,0.1882591093117409,0.23481781376518218,0.7267206477732794,0.3582995951417004,0.5,0.5,0.5,0.5,0.1696969696969697,0.35353535353535354,0.793939393939394
2026-05-28,13.82,13.89,13.52,13.78,2081500.0,14.136,14.442999999999998,14.829999999999998,15.222833333333334,-0.0251839275608375,-0.0459045904590458,-0.0708024275118003,-0.0947808664615654,14.829999999999998,15.872406123502357,13.787593876497642,-0.0036424750037747,0.1405807314221615,0.0007262164124908,-0.0316233309908644,-0.0837765957446808,-0.0981675392670157,0.0190456409593839,0.0151641008739217,0.0156691094050791,20.22471909051885,-0.3391293461494342,-0.2152243777814556,-0.1239049683679786,31897489.0,15.30203129665324,0.3857142857142857,0.9285148401785748,0.0058139534880339,0.0035587188610832,-0.0616835994194484,0.0007262164124908,0.0156691094050791,20.22471909051885,-0.1543086986551822,0.0,0.0,0.0,0.5,-1.1547313533382697,-1.1704248764261205,-1.279320952354401,-1.1938267913260625,-0.7008086201931827,-1.0808440987528058,-0.96638136586034,-0.8254126354339049,-0.7508138581353386,-0.5987541013377754,-0.7818091621284455,-0.9328887103818968,-1.012114667737838,-0.8254126354339049,-0.77859228877849,-0.5344848927024811,-1.5158462980934853,-0.3779379386827121,0.0296866203563864,-0.395769948194236,-0.855621779266411,-0.7900901439041589,-0.3487596675008648,-0.6881624259729251,-0.82648700307097,-1.8871285367509805,-0.6510700782455437,-0.386695869509799,-0.7326112821562684,0.7925380505064737,-2.418425074991244,-0.5913549786350838,-0.1156674039746557,-1.3022247460127525,-1.4902609861999512,0.0296866203563864,-0.82648700307097,-1.8871285367509805,-0.1912833428915065,0.0,0.0,0.0,0.0,其他,0,0,0.5,1.0,0,0.2004048582995951,0.012336719883889735,-0.02467343976777936,0.385395537525355,0.3630831643002028,0.16835699797160245,0.2535496957403651,0.6470588235294118,0.36511156186612576,0.5,0.5,0.5,0.5,0.20040485829959515,0.8866396761133604,0.8238866396761133
2026-05-29,13.85,13.85,13.36,13.44,2032005.0,13.916,14.282999999999998,14.7605,15.176833333333333,-0.03420523138833,-0.0590212140306657,-0.0894617391009788,-0.1144397711424209,14.7605,15.974184689824837,13.546815310175162,-0.0440045553290198,0.1644503492180636,-0.0246734397677793,-0.0756533700137551,-0.1063829787234041,-0.0937289278489548,0.011955313294453,0.0156087741461353,0.0153096626606088,14.532871965278131,-0.3932882217819529,-0.2508371465815551,-0.1424510752003978,29865484.0,6.969069982549286,0.4078571428571429,0.9408380105029118,0.0,0.0,-0.0178571428571429,-0.0246734397677793,0.0153096626606088,14.532871965278131,-0.0237785251020898,0.0,0.0,0.0,0.5,-1.138553031176288,-1.1852109557952564,-1.35916949828766,-1.352590858841464,-0.707459551022826,-1.189787062349212,-1.0495306330011105,-0.8655642401822731,-0.7902304467095678,-0.8226215899383333,-1.0169982965630169,-1.2019368789563285,-1.250505608029372,-0.8655642401822731,-0.7365062806035065,-0.6871120034845228,-1.6370059004017306,-0.2017519139080607,-0.6972141602174572,-0.9501473856024248,-1.090810355405201,-0.750185906226557,-0.6728680130850391,-0.6644354232441504,-0.8468060645216883,-2.2527319301995776,-0.7871156742764229,-0.4886231618454852,-0.8421150986319924,0.7532790093621954,-2.9399776215593265,-0.5432773328491078,-0.099157510613591,-1.3165340747698222,-1.501249904627514,-0.6972141602174572,-0.8468060645216883,-2.2527319301995776,-0.1128355777216923,0.0,0.0,0.0,0.0,其他,0,0,0.5,1.0,0,0.537525354969574,0.03497023809523814,-0.007440476190476164,0.2073170731707317,0.36585365853658536,0.17073170731707318,0.13821138211382114,0.5060975609756098,0.25609756097560976,0.5,0.5,0.5,0.5,0.537525354969574,0.8945233265720081,0.847870182555781
2026-06-01,13.41,13.83,13.32,13.7,1886100.0,13.768,14.16,14.6845,15.145166666666666,-0.0049389889599071,-0.0324858757062147,-0.0670434812216963,-0.0954209813912029,14.6845,15.965527137228252,13.403472862771748,0.1157380388749104,0.1744733749490317,0.0193452380952381,-0.0512465373961219,-0.0823844608171466,-0.099868593955322,0.0198544343393753,0.0183571423619685,0.0146302819584489,23.943661960027725,-0.4104977315022182,-0.2827692635656877,-0.1277284679365305,31751584.0,13.207083981596142,0.4171428571428571,0.8835229711405216,0.126829268286496,0.0828025477680635,-0.0583941605839415,0.0193452380952381,0.0146302819584489,23.943661960027725,-0.0718034650505289,0.0,0.0,0.0,0.5,-1.340243143655344,-1.191374284178173,-1.3765715946693096,-1.226207793469474,-0.728773619806108,-1.2619154442695293,-1.1127674379928911,-0.9094778323632696,-0.8169291573841913,-0.0922897760647018,-0.537040658444072,-0.8743932076827585,-1.0151623125308211,-0.9094778323632696,-0.7390101224398153,-0.7774570762984475,-1.1351137656092936,-0.1276723433055923,0.5639727836820009,-0.6411981321419007,-0.8377815645608039,-0.8028386203765214,-0.3104061931319389,-0.5222251339051504,-0.8862404016539034,-1.625690511837488,-0.8295220944093055,-0.5798804417509503,-0.7532081861274836,0.7877336615763619,-2.5176928469835245,-0.522785498795251,-0.1754492043327542,-0.9345664668410876,-1.1367699929867885,0.5639727836820009,-0.8862404016539034,-1.625690511837488,-0.1415653674858143,0.0,0.0,0.0,0.0,其他,0,0,0.5,1.0,0,0.5870445344129555,0.029927007299270114,-0.035036496350364876,0.2413793103448276,0.30831643002028397,0.13387423935091278,0.16024340770791076,0.4685598377281947,0.27586206896551724,0.5,0.5,0.5,0.5,0.5870445344129555,0.8481781376518218,0.8016194331983806
2026-06-02,13.7,13.74,13.28,13.32,1896200.0,13.602,14.004,14.591,15.109333333333332,-0.0207322452580502,-0.0488431876606683,-0.0871084915358781,-0.1184256971408399,14.591,15.984698600656934,13.197301399343065,0.0440190585664283,0.1910353780614601,-0.0277372262773721,-0.0586572438162543,-0.1048387096774193,-0.1231073074391045,0.0210552949523651,0.0192104428603777,0.0154477293996536,18.58974358140202,-0.4496163191006914,-0.3161386746726884,-0.1334776444280029,29855384.0,13.32442665546222,0.43,0.8870636972971152,0.0,0.0,-0.0232732732732733,-0.0277372262773721,0.0154477293996536,18.58974358140202,0.0053549652722548,0.0,0.0,0.0,0.5,-1.2028405522159042,-1.2274416303206677,-1.3938649180822404,-1.4035485243560983,-0.7263005442417242,-1.342698118613081,-1.193184987388095,-0.963675497303903,-0.8472333836961911,-0.4861876629636835,-0.8315187952519055,-1.1640295151411586,-1.294249978638402,-0.963675497303903,-0.7302910638341427,-0.9075694341444586,-1.356023909162441,-0.0053403293508002,-0.7853727397203388,-0.7338622466038864,-1.0714764760535005,-1.0047886011508689,-0.2550748363044526,-0.4777205490085038,-0.8358889105702629,-1.9706943660870904,-0.9271712243926196,-0.6751544410359892,-0.7864811673069062,0.7510159692602413,-2.4944706504688248,-0.4946589442495688,-0.1705704227152115,-1.3119460868115624,-1.4941898807534073,-0.7853727397203388,-0.8358889105702629,-1.9706943660870904,-0.0950929808502225,0.0,0.0,0.0,0.0,其他,0,0,0.5,1.0,0,0.758130081300813,0.14114114114114096,0.0045045045045044585,0.20977596741344195,0.2729124236252546,0.15885947046843177,0.1079429735234216,0.5417515274949084,0.21384928716904278,0.5,0.5,0.5,0.5,0.758130081300813,0.9654471544715447,0.8211382113821138
2026-06-03,13.3,13.36,12.97,13.1,2108600.0,13.468,13.847,14.483499999999998,15.067666666666666,-0.0273240273240273,-0.0539467032570232,-0.0955224911105739,-0.1305886777426277,14.483499999999998,15.990260554441369,12.976739445558628,0.0409025024161784,0.208065806528942,-0.0165165165165165,-0.0486564996368917,-0.1070211315610089,-0.140983606557377,0.0196743288569133,0.0192707799512733,0.01540154201084,18.70967741090527,-0.4926908100214291,-0.3514491017424366,-0.1412417082789924,27746784.0,13.46325648532742,0.4314285714285712,0.9838929868228284,0.0,0.0,-0.0305343511450382,-0.0165165165165165,0.01540154201084,18.70967741090527,0.1120135006855815,0.0,0.0,0.0,0.5,-1.3854717742224627,-1.3871806593438634,-1.5501035363255915,-1.504038180064014,-0.6930199000705262,-1.406888530277215,-1.2737241992622947,-1.0260216204993204,-0.8825970165985902,-0.6501302983678969,-0.922340540298991,-1.2834953539336935,-1.4392962752499916,-1.0260216204993204,-0.7270796823661025,-1.0464208704506,-1.3623817371353029,0.1204505216941219,-0.4629659793987198,-0.6067699188535629,-1.0923320653489583,-1.1591264661753118,-0.3181948397431496,-0.474112122153863,-0.8374278788969044,-1.954673206565706,-1.0345058211286535,-0.7758478160616532,-0.8316940539362377,0.7103719074030638,-2.4703327481108177,-0.491068377072964,-0.0411626933115662,-1.308861929835626,-1.4897096025101908,-0.4629659793987198,-0.8374278788969044,-1.954673206565706,-0.0308846680452679,0.0,0.0,0.0,0.0,其他,0,0,0.5,1.0,0,0.694331983805668,0.1778625954198474,0.003053435114503955,0.1643002028397566,0.2535496957403651,0.15212981744421908,0.08519269776876268,0.6612576064908722,0.17849898580121704,0.5,0.5,0.5,0.5,0.694331983805668,0.9696356275303644,0.8157894736842105
2026-06-04,13.1,13.13,12.8,12.93,1721100.0,13.297999999999998,13.717000000000002,14.364,15.016333333333334,-0.0276733343359902,-0.0573740613836846,-0.0998329156223892,-0.1389376012786077,14.364,15.96742265498705,12.760577345012948,0.0528315645456366,0.2232557302946099,-0.0129770992366412,-0.0616835994194484,-0.0913562895291637,-0.1560052219321149,0.0187806031660812,0.0181336820817316,0.0151776731105597,17.737003050510125,-0.5343851740189116,-0.3880363161977317,-0.1463488578211799,26025684.0,13.828602468197772,0.4328571428571426,0.8179679581928122,0.0,0.0,0.0788863109048723,-0.0129770992366412,0.0151776731105597,17.737003050510125,-0.1837712226121597,0.0,0.0,0.0,0.5,-1.4744849439317056,-1.4818744994710518,-1.633079211577878,-1.5801499033052746,-0.7512089983303845,-1.4887064707733937,-1.3395460692795822,-1.0952679992224674,-0.92637538993777,-0.6580687387768452,-0.9826745172369176,-1.3429084440075518,-1.5367720466130634,-1.0952679992224674,-0.7353362921723865,-1.1818999504688776,-1.321986119463878,0.2326255105112808,-0.361007172226792,-0.7704589897873549,-0.9265057540088724,-1.2877899694415718,-0.3589255937806513,-0.5322472765515693,-0.8496181217290142,-2.009824785176201,-1.1379454968792109,-0.8799894246899341,-0.8609633020040496,0.6770885599280352,-2.432335963656846,-0.4874819801303929,-0.2628019306432856,-1.3057994336006589,-1.485269407073374,-0.361007172226792,-0.8496181217290142,-2.009824785176201,-0.2088419526501932,0.0,0.0,0.0,0.0,其他,0,0,0.5,1.0,0,0.9676113360323888,0.16937354988399078,0.025522041763341052,0.19878296146044624,0.2738336713995943,0.1460446247464503,0.07910750507099391,0.48073022312373226,0.20081135902636918,0.5,0.5,0.5,0.5,0.9676113360323887,0.9635627530364372,0.8299595141700404
2026-06-05,12.93,13.34,12.82,13.2,2343200.0,13.25,13.582999999999998,14.255499999999998,14.971333333333332,-0.0037735849056603,-0.0281970109695942,-0.0740415979797269,-0.1183150020038295,14.255499999999998,15.865958908117882,12.645041091882112,0.17229837573106,0.2259421147075286,0.0208816705336427,-0.0178571428571429,-0.092159559834938,-0.1411841249186727,0.0221529331862152,0.0179625988716231,0.0163520902337665,24.78134109775685,-0.5394233774469228,-0.41831372844757,-0.1211096489993528,28368884.0,21.51041477761126,0.4514285714285712,1.1051597831260704,0.1054687499958799,0.0739726027376992,0.0537878787878789,0.0208816705336427,0.0163520902337665,24.78134109775685,0.3614548835047353,0.0,0.0,0.0,0.5,-1.5489924428400028,-1.388465611150496,-1.6178286772426564,-1.4482912685671905,-0.6553937439040182,-1.5087524481328678,-1.4070648045290763,-1.157680331728821,-0.9644328502756212,-0.0602053644901602,-0.4545789287762088,-0.9665251321901778,-1.2812705550913328,-1.157680331728821,-0.7753160849229952,-1.252813048130013,-0.9476627209321732,0.2522864286740683,0.6110889045290138,-0.2158989994575965,-0.9334486339655096,-1.1556467617801394,-0.2036527849526593,-0.5404936184952704,-0.7779191754578797,-1.543966439796577,-1.148476151602139,-0.9657082954722118,-0.709186434443459,0.7203822763929122,-1.93303602579878,-0.4470820394203588,0.121446327019062,-0.9882964018116636,-1.160501204571997,0.6110889045290138,-0.7779191754578797,-1.543966439796577,0.1196891021192816,0.0,0.0,0.0,0.0,其他,0,0,0.5,1.0,0,0.931174089068826,0.13181818181818183,-0.020454545454545392,0.5354969574036511,0.3509127789046653,0.17647058823529413,0.18661257606490872,0.7626774847870182,0.3367139959432049,0.5,0.5,0.5,0.5,0.9311740890688259,0.9129554655870445,0.7186234817813765
2026-06-08,13.05,13.25,12.71,12.9,1893300.0,13.09,13.428999999999998,14.126,14.9155,-0.014514896867838,-0.0393923598183035,-0.0867903157298597,-0.1351278870973148,14.126,15.735019315575215,12.516980684424784,0.1190225971359414,0.2278096156822632,-0.0227272727272725,-0.0583941605839415,-0.1066481994459833,-0.1672046481601032,0.0191384559294992,0.018401677802984,0.0162775005110344,23.09782607816928,-0.561155036799958,-0.4468819901180476,-0.1142730466819104,26475584.0,21.346724774745383,0.4657142857142854,0.9050444720870288,0.0,0.0,0.0937984496124031,-0.0227272727272725,0.0162775005110344,23.09782607816928,-0.1920023898941618,0.0,0.0,0.0,0.5,-1.4893336870666356,-1.423402365842753,-1.6693220796014023,-1.5858212759342334,-0.7232342663487257,-1.584706009520209,-1.4846503882767623,-1.232265878864929,-1.0119013669718788,-0.3288014286667169,-0.6563738600926624,-1.1494803958263426,-1.4824791922750111,-1.232265878864929,-0.8271108113979931,-1.3312710189550343,-1.1117661946769115,0.2658811874394256,-0.6417431215536639,-0.7281351203345569,-1.0834991984751283,-1.3800004504079255,-0.3420804183359983,-0.5172374123158207,-0.7813193211274099,-1.648847410769973,-1.2010504775231268,-1.0462351620388857,-0.6674936044165982,0.6838103456987108,-1.935601838911256,-0.4159206755840484,-0.1464713671170621,-1.3010898733423182,-1.4782600253801643,-0.6417431215536639,-0.7813193211274099,-1.648847410769973,-0.2139936885659643,0.0,0.0,0.0,0.0,其他,0,0,0.5,1.0,0,0.8967611336032388,0.13953488372093004,-0.012403100775193798,0.5862068965517241,0.35496957403651114,0.17038539553752535,0.22718052738336714,0.45030425963488846,0.3975659229208925,0.5,0.5,0.5,0.5,0.8967611336032388,0.9008097165991903,0.7327935222672065
2026-06-09,12.95,13.07,12.81,13.01,1213206.0,13.028,13.314999999999998,14.017500000000002,14.863833333333332,-0.0013816395455941,-0.0229064964325946,-0.0718744426609596,-0.1247210791294304,14.017500000000002,15.61990444332865,12.415095556671352,0.1856286800086182,0.2286291340563177,0.0085271317829456,-0.0232732732732733,-0.080565371024735,-0.1429512516469038,0.018455400522258,0.0190556956211547,0.0165087863725914,26.81564244761396,-0.5630114076685757,-0.4701078736281532,-0.0929035340404224,27688790.0,26.36121838472557,0.4564285714285712,0.5977668993587144,0.0462184873930158,0.0298913043470136,0.1683320522674865,0.0085271317829456,0.0165087863725914,26.81564244761396,-0.3592109016003803,0.0,0.0,0.0,0.5,-1.5313754689011991,-1.4963683958161016,-1.612913806034828,-1.5294782380707188,-0.8260584402151294,-1.6110394244210922,-1.5406038229495875,-1.2939884541159803,-1.0555180766129917,0.0002276005725655,-0.3575620551612964,-0.9312923464640496,-1.3518097856219635,-1.2939884541159803,-0.8723917952993367,-1.3926538306511025,-0.9025516466764631,0.271708730427628,0.2569143599307718,-0.2830940061283484,-0.80867761328767,-1.1654424793328049,-0.3731863873739407,-0.4828997757177935,-0.7663539333885061,-1.402438725510656,-1.203290483533684,-1.1111147410858857,-0.5390501776376907,0.705837932969118,-1.6113611290326493,-0.4354787951966841,-0.5577761880392733,-1.160427183496914,-1.3447349790540004,0.2569143599307718,-0.7663539333885061,-1.402438725510656,-0.3146535507008248,0.0,0.0,0.0,0.0,其他,0,0,0.5,1.0,0,0.9777327935222672,0.08839354342813222,-0.039200614911606424,0.7565922920892495,0.4077079107505071,0.1643002028397566,0.2961460446247465,0.19675456389452334,0.45030425963488846,0.5,0.5,0.5,0.5,0.9777327935222672,0.8765182186234818,0.7004048582995951
2026-06-10,12.95,12.96,12.52,12.7,1646100.0,12.948,13.207999999999998,13.8885,14.809833333333334,-0.0191535372258263,-0.0384615384615384,-0.0855743960830902,-0.1424616527307307,13.8885,15.478313295890077,12.298686704109922,0.1262139701922593,0.2289395249132202,-0.0238278247501921,-0.0305343511450382,-0.0777051561365287,-0.168848167539267,0.0198744284525177,0.018747973287675,0.0165384519039725,27.826086945229942,-0.5827790896007539,-0.4926421168226734,-0.0901369727780804,26042690.0,27.9767400579251,0.4407142857142855,0.8164940832327948,0.0,0.0,0.2149606299212598,-0.0238278247501921,0.0165384519039725,27.826086945229942,0.3568182155380042,0.0,0.0,0.0,0.5,-1.5271286052484512,-1.5390584468396178,-1.7562154941576544,-1.6707750570383155,-0.7588592243040415,-1.6461229071846342,-1.5924235309939565,-1.3674962761220577,-1.1010074414919495,-0.4449422345082231,-0.6386301148225013,-1.1281353978827144,-1.5633730226293778,-1.3674962761220577,-0.9282404603279656,-1.462804723606982,-1.085913613449979,0.2737603069966374,-0.6735343157986311,-0.3747642741512959,-0.777600909616152,-1.3884280178224762,-0.3074943192142792,-0.498303517848663,-0.7635282659010673,-1.3333324092933256,-1.2506343151453734,-1.173734122621061,-0.5219347517443126,0.6739273105566861,-1.5044492329914163,-0.4688605781790783,-0.2641362103038497,-1.2957126811306787,-1.4703602257340047,-0.6735343157986311,-0.7635282659010673,-1.3333324092933256,0.1178575527190225,0.0,0.0,0.0,0.0,其他,0,0,0.5,1.0,0,0.979757085020243,0.07795275590551176,0.03464566929133861,0.6937119675456389,0.34685598377281945,0.1643002028397566,0.2413793103448276,0.5050709939148073,0.38742393509127787,0.5,0.5,0.5,0.5,0.979757085020243,0.8562753036437247,0.8582995951417004
2026-06-11,12.62,13.97,12.33,13.95,7822853.0,13.151999999999996,13.225,13.833999999999998,14.775166666666667,0.0606751824817519,0.054820415879017,0.0083851380656354,-0.0558482137821345,13.833999999999998,15.3295428516268,12.338457148373196,0.5387819044502611,0.2162126429978301,0.0984251968503937,0.0788863109048723,0.0123367198838897,-0.0724734042553191,0.0498981906027987,0.0386423736565851,0.0290713545280444,43.2801822185439,-0.4919101328285205,-0.4924957200238429,0.0005855871953224,33865543.0,46.46099780632246,0.5285714285714285,3.399176765010512,0.5341880341652057,0.3221649484453051,0.0838709677419355,0.0984251968503937,0.0290713545280444,43.2801822185439,3.752355871453739,0.0,0.0,0.0,0.5,-1.674346617981277,-1.1058039197466658,-1.8470587237425635,-1.0786417813771727,0.185953552614857,-1.539365365904562,-1.5787786685775902,-1.3964133315114535,-1.129279338747177,1.5535938508831344,1.0504371205893188,0.2364812042098737,-0.5069632895046348,-1.3964133315114535,-0.9868168780562316,-1.433743062570642,0.2010823447200509,0.1790593243663566,2.8254955747925385,1.0113402354152603,0.1676587292872876,-0.5456090739848287,1.0755603338223692,0.5316205383159922,-0.0088560113762639,-0.3250426766054464,-1.0190966118357108,-1.1710024802386891,0.0215350280342151,0.8206315069468841,-0.3300747140476383,-0.2791296725726414,3.17248032637627,0.3012232116984886,-0.0714551787097478,2.8254955747925385,-0.0088560113762639,-0.3250426766054464,2.160803689325142,0.0,0.0,0.0,0.0,其他,0,0,0.5,1.0,0,0.8638211382113821,-0.03655913978494618,-0.08530465949820787,0.9674134419551935,0.7433808553971487,0.5621181262729125,0.7494908350305499,0.9959266802443992,0.9124236252545825,0.5,0.5,0.5,0.5,0.8638211382113821,0.6849593495934959,0.39634146341463417
2026-06-12,13.81,14.14,13.63,13.91,6408308.0,13.294,13.272,13.7775,14.735666666666669,0.0463366932450728,0.0480711271850511,0.0096171293776083,-0.0560318501594769,13.7775,15.16250047501395,12.39249952498605,0.547833918592657,0.2010525095269674,-0.0028673835125447,0.0537878787878789,0.0349702380952381,-0.0751329787234041,0.0504747727178222,0.0375785828045133,0.0290609408219772,43.879907607059614,-0.4183015754391253,-0.4776568911068994,0.0593553156677741,27457235.0,52.66662411050304,0.5321428571428571,2.5518486085836147,0.5426008968366549,0.3118556700950555,0.0740474478792234,-0.0028673835125447,0.0290609408219772,43.879907607059614,-0.180822137396676,0.0,0.0,0.0,0.5,-1.12304150858443,-1.0314705837658011,-1.1779812839758947,-1.0955242613761695,-0.0306039710979995,-1.464310289160923,-1.5495334978830175,-1.4263204429066845,-1.1616711996689022,1.1918417207796166,0.9266523321620652,0.2541600476522787,-0.5086156507688199,-1.4263204429066845,-1.052564589097766,-1.3958707068059533,0.229140998861638,0.0662903950142899,-0.0741911476756209,0.6921592121591669,0.4051001874418104,-0.5682208181541606,1.1001189565136018,0.4759927113144466,-0.0094754988695366,-0.2856348236413225,-0.8317773006460315,-1.1261422010364133,0.373544462035774,0.6986257419916169,0.0643318045351857,-0.2711750962581407,2.034876843248887,0.3260888751088334,-0.1161511374878486,-0.0741911476756209,-0.0094754988695366,-0.2856348236413225,-0.2100188564379443,0.0,0.0,0.0,0.0,其他,0,0,0.5,1.0,0,0.8319838056680162,-0.040977713874910116,-0.12293314162473046,0.9310344827586207,0.6369168356997972,0.5598377281947262,0.7261663286004056,0.9756592292089249,0.8519269776876268,0.5,0.5,0.5,0.5,0.8319838056680162,0.7064777327935222,0.39068825910931176
2026-06-15,13.96,14.25,13.95,14.11,3451400.0,13.535999999999998,13.313,13.7365,14.7,0.042405437352246,0.059866296101555,0.0271903323262838,-0.0401360544217687,13.7365,15.022886616190943,12.45011338380906,0.6451740850046441,0.1872946698477162,0.0143781452192666,0.0937984496124031,0.0299270072992701,-0.0549229738780978,0.0467754819144326,0.0373863221990883,0.0293152219287869,49.52830187043876,-0.3399096677928561,-0.4501074464440908,0.1101977786512346,30908635.0,59.82809561827836,0.5242857142857142,1.3410205716728656,0.6467889907960185,0.3634020618463042,0.041814316087881,0.0143781452192666,0.0293152219287869,49.52830187043876,-0.4614178968925962,0.0,0.0,0.0,0.5,-1.0519936437965676,-0.9829174217847356,-1.0122154991918313,-0.9994670270535,-0.4832227605693754,-1.3399558009588242,-1.5236635574634625,-1.4468612337750255,-1.190533136952862,1.0913593407432076,1.138271828216367,0.5092877430049184,-0.3142637095680174,-1.4468612337750255,-1.1069921504370563,-1.355993810501158,0.5327467237177325,-0.0360524364845726,0.4195041983326542,1.1974007818587638,0.3517351253916399,-0.3910125176925482,0.9280805567797042,0.4655451476361278,0.0058572799458218,0.0832752078445602,-0.6327445913992962,-1.0449994237007534,0.6777766061080248,0.7629004769025397,0.5193786509801597,-0.2878834296534218,0.4260516134115178,0.6373268096064942,0.1079718450328215,0.4195041983326542,0.0058572799458218,0.0832752078445602,-0.3789436652583757,0.0,0.0,0.0,0.0,其他,0,0,0.5,1.0,0,0.8417849898580122,-0.06307583274273554,-0.12473423104181436,0.8963414634146342,0.6483739837398373,0.5548780487804879,0.7967479674796748,0.7865853658536586,0.8556910569105691,0.5,0.5,0.5,0.5,0.8417849898580122,0.6835699797160243,0.3265720081135903
2026-06-16,14.11,15.2,13.89,15.2,8156487.0,13.974,13.501,13.7525,14.676999999999998,0.0877343638185199,0.1258425301829493,0.1052535902563169,0.0356339851468285,13.7525,15.105031739096187,12.399968260903815,1.0351075904746467,0.1966961263895802,0.0772501771793054,0.1683320522674865,0.1411411411411409,0.021505376344086,0.0526797871011699,0.0420700326008743,0.0342982014115667,64.44444442621773,-0.1876663251321861,-0.3976192221817098,0.2099528970495237,39065122.0,71.07882964614224,0.5828571428571427,2.80336368433755,0.99999999996,0.7309941520254092,-0.0684210526315789,0.0772501771793054,0.0342982014115667,64.44444442621773,1.363240134438199,0.0,0.0,0.0,0.5,-0.9811957557961506,-0.5767759059346783,-1.041182458918692,-0.4844825671991959,0.2380273003739523,-1.1185956422129215,-1.421104585967361,-1.4336094228427343,-1.2081166893981108,2.2158039102535,2.3214280295594083,1.640574725280468,0.6106394784704061,-1.4336094228427343,-1.071767163530535,-1.3843541138413118,1.7459846067547369,0.0339357148140467,2.211236639119067,2.132857252042249,1.5178608563054292,0.2779103226643301,1.1979583603196686,0.7077276936231606,0.3063934087544898,1.0565997673015983,-0.2472231777812341,-0.8925406695559124,1.2738005982421474,0.915818911793046,1.232950105667451,-0.1611301489350852,2.356623254645046,1.6900123227123558,1.702318537705993,2.211236639119067,0.3063934087544898,1.0565997673015983,0.7217478377942652,0.0,0.0,0.0,0.0,其他,0,0,0.5,1.0,0,0.2732793522267207,-0.11973684210526303,-0.1947368421052631,0.9776876267748479,0.8661257606490872,0.6592292089249493,0.947261663286004,0.9939148073022313,0.9594320486815415,0.5,0.5,0.5,0.5,0.2732793522267207,0.18421052631578946,0.14979757085020243
2026-06-17,15.2,15.43,14.86,15.43,5099076.0,14.52,13.734,13.7905,14.6655,0.06267217630854,0.1234891510120868,0.1188861897683186,0.0521291466366642,13.7905,15.28664909192318,12.29435090807682,1.0479066253309568,0.2169825737880903,0.0151315789473684,0.2149606299212598,0.1778625954198474,0.0518064076346285,0.0444762165204431,0.040682229110025,0.0342161912596195,65.95744679064984,-0.0479011270347129,-0.3276756031523105,0.2797744761175975,44164198.0,77.54760508064868,0.597142857142857,1.6714289718013255,0.99999999996337,0.8639240506055721,-0.1127673363577447,0.0151315789473684,0.0342161912596195,65.95744679064984,-0.3748440964841849,0.0,0.0,0.0,0.5,-0.4778069132474719,-0.478062379741279,-0.5433179381690861,-0.3754986248550996,-0.2309483573372362,-0.8441254545322872,-1.2956630145578396,-1.407474209369061,-1.215509337832509,1.5854483004588815,2.267192095015085,1.831925490666084,0.8110448732697482,-1.407474209369061,-0.9965526434663228,-1.4474820401710204,1.779590968556929,0.1849847392459302,0.4355890467894874,2.703654829831281,1.8965196978369303,0.5428253413878485,0.8186016304019924,0.6349264501909545,0.3011588423969546,1.15324073256994,0.10668745156746,-0.6902729225113406,1.6873180461975068,1.0106130414192491,1.639441183917038,-0.1301119274665249,0.8565867425739918,1.6844839751044034,2.2672412766142,0.4355890467894874,0.3011588423969546,1.15324073256994,-0.3277015359162156,0.0,0.0,0.0,0.0,其他,0,0,0.5,1.0,0,0.1052631578947368,-0.14841218405703172,-0.20414776409591706,0.9797160243407708,0.8884381338742393,0.6511156186612576,0.9655172413793104,0.9432048681541582,0.9614604462474645,0.5,0.5,0.5,0.5,0.10526315789473684,0.0728744939271255,0.1460446247464503
2026-06-18,15.4,15.54,15.01,15.12,3008600.0,14.754,13.953,13.835,14.660666666666666,0.024806832045547,0.0836379273274563,0.0928803758583303,0.0313309990450638,13.835,15.43549334499329,12.234506655006708,0.901438720107656,0.2313687524368229,-0.0200907323395982,0.0838709677419355,0.1693735498839907,0.0625439212930427,0.0367783808078215,0.0413260092642534,0.0337815227017433,66.34241243329197,0.0374180581075798,-0.2546568709003324,0.2920749290079122,41155598.0,75.46355465535193,0.5999999999999998,0.9861266571625594,0.8864468864144157,0.7658227847858916,-0.111111111111111,-0.0200907323395982,0.0337815227017433,66.34241243329197,-0.4099715320971878,0.0,0.0,0.0,0.5,-0.3851081902602775,-0.4306331727398994,-0.4659070084551028,-0.5214723502881748,-0.5514021351945697,-0.726062988490995,-1.1782061334871858,-1.3776833983910943,-1.2170132569397534,0.6405325541741183,1.5457528907238391,1.450793623827905,0.5560683292477606,-1.3776833983910943,-0.9348077437527206,-1.4813481577254042,1.3201626207987476,0.2920361065689607,-0.571041486137124,1.0527720817374475,1.801049050597782,0.6362091400683185,0.4631350931677525,0.6675602126479492,0.2746260759879211,1.1760373051323725,0.3226687153192069,-0.4794139355891281,1.755077538285296,0.9521911248476888,1.502887623628449,-0.1238198125265366,-0.0509695866514045,1.342134581933572,1.835139236224852,-0.571041486137124,0.2746260759879211,1.1760373051323725,-0.3486109950919876,0.0,0.0,0.0,0.0,其他,0,0,0.5,1.0,0,0.1399594320486815,-0.12301587301587302,-0.21693121693121686,0.8638211382113821,0.8841463414634146,0.6483739837398373,0.9451219512195121,0.6666666666666666,0.9390243902439024,0.5,0.5,0.5,0.5,0.13995943204868155,0.08316430020283976,0.17276422764227642
2026-06-22,15.09,15.15,14.66,14.94,2595100.0,14.96,14.127,13.855,14.673,-0.0013368983957219,0.0575493735400298,0.07831107903284,0.018196687793907,13.855,15.50191098407688,12.20808901592312,0.8294045672192836,0.2377352557293386,-0.0119047619047618,0.0740474478792234,0.1318181818181818,0.0275103163686383,0.0381795206351557,0.0422311324227312,0.033664717859968,62.25296440965334,0.0894781825568653,-0.1858298602088928,0.2753080427657581,38560498.0,70.33710038188016,0.5985714285714284,0.8386919482308822,0.8205128204827651,0.7088607594712386,-0.107095046854083,-0.0119047619047618,0.033664717859968,62.25296440965334,-0.1374393405570697,0.0,0.0,0.0,0.5,-0.5277735541713886,-0.5967492815835773,-0.644809532441857,-0.6059185256882379,-0.6142467162575104,-0.6221824627949678,-1.0848128425866412,-1.3625210732020232,-1.2034483043349335,-0.0116669861986124,1.074952468322434,1.2369612030764634,0.3949498095431428,-1.3625210732020232,-0.9065154212852464,-1.493951237211416,1.0938301571950066,0.3392463828299995,-0.3365084124183441,0.9277765684313783,1.404382490467526,0.3285759788126059,0.5272353026656765,0.71369888860123,0.2673149481922622,0.907467220521749,0.4542824647522392,-0.280742252860191,1.6497437412693092,0.9017405872481592,1.1751499550985025,-0.1268075781494381,-0.2461735408313679,1.1431051441248972,1.5839643710842657,-0.3365084124183441,0.2673149481922622,0.907467220521749,-0.1836129070912271,0.0,0.0,0.0,0.0,其他,0,0,0.5,1.0,0,0.2004048582995951,-0.13453815261044177,-0.22891566265060237,0.8296146044624746,0.8417849898580122,0.640973630831643,0.9046653144016227,0.20892494929006086,0.896551724137931,0.5,0.5,0.5,0.5,0.20040485829959515,0.10931174089068826,0.19066937119675456
2026-06-23,14.83,14.96,14.61,14.7,2100219.0,15.078,14.307,13.868,14.669833333333331,-0.0250696378830083,0.0274690710840848,0.059994231323911,0.0020563741919357,13.868,15.53829275719445,12.197707242805553,0.7490581355697739,0.2408844472429196,-0.0160642570281124,0.041814316087881,0.13953488372093,0.0180055401662049,0.040641997270776,0.0416493470970918,0.0338525953024867,64.0243902256841,0.1101010358142069,-0.1266436810042728,0.2367447168184798,36460279.0,69.78360255941115,0.5907142857142855,0.6788240644670815,0.7326007325738972,0.6329113923850345,-0.1006802721088434,-0.0160642570281124,0.0338525953024867,64.0243902256841,-0.1906982389888636,0.0,0.0,0.0,0.5,-0.6472111198425107,-0.6772339953012476,-0.6696905239905989,-0.7185858278375414,-0.6894959144359641,-0.5624457175799304,-0.9886244381675748,-1.3515784335581202,-1.2035557376266524,-0.6035397077183088,0.5338486886936602,0.9699963009088188,0.1971290906080911,-1.3515784335581202,-0.8904303008201813,-1.496392483945839,0.8424793849504127,0.36242827457728,-0.4551596830476255,0.5217429930967508,1.4811423003875093,0.2449142666594473,0.6401924892638367,0.6826162810249137,0.2784384131195512,1.021465450141205,0.5061103986234244,-0.1098924595383757,1.415961042830927,0.8607627927278835,1.137836535819904,-0.1437258672813057,-0.4577794696745625,0.8794681204451721,1.2533572782743747,-0.4551596830476255,0.2784384131195512,1.021465450141205,-0.2156671446720527,0.0,0.0,0.0,0.0,其他,0,0,0.5,1.0,0,0.2064777327935222,-0.1333333333333333,-0.22585034013605432,0.8397565922920892,0.8519269776876268,0.6369168356997972,0.9290060851926978,0.15821501014198783,0.896551724137931,0.5,0.5,0.5,0.5,0.20647773279352227,0.1396761133603239,0.16835699797160245
2026-06-24,14.71,14.79,13.9,14.16,2424800.0,14.87,14.422,13.868499999999996,14.653666666666664,-0.0477471418964356,-0.0181666897795035,0.0210188556801387,-0.0336889515707102,13.868499999999996,15.53915414229196,12.197845857708035,0.5872412765042354,0.2409278786141134,-0.036734693877551,-0.0684210526315789,0.0883935434281322,0.0007067137809186,0.0187832416399548,0.0446489609733124,0.0346055977773471,60.11450380073278,0.0819269061917324,-0.0849295635650717,0.1668564697568042,34035479.0,69.09877838456455,0.6264285714285712,0.7778095378349263,0.5347985347789453,0.4620253164410754,-0.0550847457627118,-0.036734693877551,0.0346055977773471,60.11450380073278,0.1545462639848511,0.0,0.0,0.0,0.5,-0.7018520407231831,-0.7490460191752986,-1.0327184289768296,-0.9726483718165588,-0.6388357466763401,-0.6659329763341698,-0.9267772518770482,-1.3480618671042908,-1.215065413613605,-1.167762306596297,-0.2864417854189214,0.4049085606313106,-0.2407176332466205,-1.3480618671042908,-0.8887351614879253,-1.4922189248569078,0.3382785802679661,0.3624066726378823,-1.0456222586871275,-0.864577218251691,0.9452245947277396,0.0928485924647306,-0.3692740069012358,0.8374515925543724,0.3237727262142852,0.7649745502739883,0.4341267279832055,0.0105464826898411,0.997338838170183,0.8137543312462375,1.0923856115227484,-0.0661470373111658,-0.3260764145747,0.2888826888084146,0.5158894531252037,-1.0456222586871275,0.3237727262142852,0.7649745502739883,-0.0065090007402928,0.0,0.0,0.0,0.0,其他,0,0,0.5,1.0,0,0.2352941176470588,-0.11723163841807915,-0.2097457627118644,0.27235772357723576,0.8333333333333334,0.6483739837398373,0.9065040650406504,0.2865853658536585,0.8252032520325203,0.5,0.5,0.5,0.5,0.23529411764705882,0.20892494929006086,0.18661257606490872
2026-06-25,14.17,14.28,13.58,13.69,3085400.0,14.522,14.521,13.864499999999998,14.632,-0.0572923839691502,-0.0572274636733007,-0.0125861011936959,-0.0643794423182068,13.864499999999998,15.536529652217366,12.19247034778263,0.4478179110599605,0.2411958097595021,-0.0331920903954803,-0.1127673363577447,0.0779527559055117,-0.0058097312999273,0.0108444608085043,0.0455124231346625,0.0348978337347011,56.85920576180453,0.0214266404625362,-0.0636583227595501,0.0850849632220864,30950079.0,67.15241194649329,0.6528571428571427,0.9799034051659208,0.3626373626240792,0.3132911392305921,-0.0401753104455806,-0.0331920903954803,0.0348978337347011,56.85920576180453,0.272434839986803,0.0,0.0,0.0,0.5,-0.9502220556187264,-0.965906501053684,-1.1947394523068642,-1.192769187128594,-0.5366156021950401,-0.8393029492836277,-0.873483949065415,-1.347216228307396,-1.2313368293916174,-1.4027008726683674,-0.9876840797303748,-0.0822473577070544,-0.6163974465770323,-1.347216228307396,-0.8884550298449646,-1.4915346458182068,-0.0961164505817952,0.3640637378799158,-0.9426653006336252,-1.4193550510307955,0.834930107597335,0.0355173026681935,-0.7353507126301996,0.8810726488320751,0.3411758984391553,0.5515957109422787,0.2801090497118771,0.0719575294527208,0.508921528321058,0.7543653767130865,0.967371278543164,-0.008724616638942,-0.057554993467183,-0.2251147822634014,-0.125777359786236,-0.9426653006336252,0.3411758984391553,0.5515957109422787,0.0649145399661869,0.0,0.0,0.0,0.0,其他,0,0,0.5,1.0,0,0.2231237322515213,-0.04017531044558065,-0.15558802045288522,0.10365853658536585,0.7947154471544715,0.6585365853658537,0.8516260162601627,0.5386178861788617,0.7784552845528455,0.5,0.5,0.5,0.5,0.2231237322515213,0.45841784989858014,0.2032520325203252
2026-06-26,13.65,13.77,13.41,13.44,1922900.0,14.186000000000002,14.47,13.847500000000002,14.617833333333332,-0.0525870576624842,-0.0711817553559087,-0.0294276945296986,-0.0805750966285472,13.847500000000002,15.530027860096052,12.164972139903952,0.3789024509779499,0.2430081762172087,-0.0182615047479912,-0.111111111111111,-0.0365591397849461,-0.0246734397677793,0.0110217379121339,0.0331576636206775,0.0351421234805799,52.17391303024574,-0.0461610508120475,-0.0601588683700496,0.013997817558002,29027179.0,63.326346285718806,0.6414285714285712,0.6122427471649505,0.2710622710523421,0.2341772151824628,-0.013392857142857,-0.0182615047479912,0.0351421234805799,52.17391303024574,-0.3767744862902703,0.0,0.0,0.0,0.5,-1.1884915241904048,-1.1819891515235086,-1.2792840441747229,-1.3081694709662892,-0.7147269532355138,-1.006206842008474,-0.8989359553441928,-1.3540180404607876,-1.2409528915047068,-1.282492442269016,-1.2361878081272892,-0.326328471170567,-0.8139414511949828,-1.3540180404607876,-0.8897445039658219,-1.5047057812045457,-0.3107667078234916,0.3772716947980338,-0.5143285988314225,-1.3951262611412294,-0.3617820214248473,-0.1303861211932417,-0.7262385679514399,0.2379612922253166,0.3556659530942549,0.2449536811417142,0.1081054856689597,0.0820112579119231,0.0844499997883473,0.7170566259608182,0.7237715664292826,-0.0335455948909416,-0.5457908554461126,-0.4983193954643061,-0.4669420853068204,-0.5143285988314225,0.3556659530942549,0.2449536811417142,-0.3287307686447066,0.0,0.0,0.0,0.0,其他,0,0,0.5,1.0,0,0.1869918699186991,-0.050595238095238027,-0.19122023809523814,0.1384928716904277,0.824847250509165,0.6496945010183299,0.8553971486761711,0.11608961303462322,0.790224032586558,0.5,0.5,0.5,0.5,0.18699186991869918,0.21544715447154472,0.15885947046843177
2026-06-29,13.41,13.47,12.97,13.34,1923803.0,13.866,14.413,13.8425,14.599833333333333,-0.0379345160825039,-0.0744466800804829,-0.0363012461621817,-0.0862909393942853,13.8425,15.530711448467354,12.154288551532648,0.3511738560678182,0.243917131797747,-0.0074404761904761,-0.107095046854083,-0.0409777138749101,-0.0074404761904761,0.0122779268523098,0.0331835475140189,0.034731784022987,54.13533833161852,-0.1065655263028233,-0.0694401999566043,-0.0371253263462189,27103376.0,63.23993138811561,0.6385714285714285,0.613587193927697,0.2344322344236473,0.2025316455632111,-0.0307346326836581,-0.0074404761904761,0.034731784022987,54.13533833161852,0.0004696032034947,0.0,0.0,0.0,0.5,-1.2966654808784848,-1.3075224968672108,-1.5011381783452211,-1.352335945012292,-0.7137094584440474,-1.1644924167163822,-0.9274650042652316,-1.3537346681838718,-1.2538746132848595,-0.9156755935813814,-1.2920513876772168,-0.425721735637919,-0.8826948535137258,-1.3537346681838718,-0.8881297464945118,-1.5072657151883408,-0.3969278419550342,0.3837127808128501,-0.203914478751204,-1.34155046717493,-0.4076114218731599,0.0213853285622838,-0.6673273338967951,0.2391000545920473,0.3304322220377702,0.372981300438356,-0.0456248446606887,0.05510119353907,-0.220823069485811,0.6797927343125652,0.717383070673717,-0.0397299275738663,-0.5434103358668079,-0.6071812502227487,-0.6029686683706544,-0.203914478751204,0.3304322220377702,0.372981300438356,-0.0995682373282894,0.0,0.0,0.0,0.0,其他,0,0,0.5,1.0,0,0.1417004048582996,-0.08545727136431791,-0.1709145427286356,0.20081135902636918,0.8438133874239351,0.6450304259634888,0.8336713995943205,0.11359026369168357,0.744421906693712,0.5,0.5,0.5,0.5,0.1417004048582996,0.23279352226720648,0.13995943204868155
2026-06-30,13.33,13.43,13.04,13.22,1909000.0,13.57,14.324000000000002,13.818499999999997,14.555833333333334,-0.0257921886514368,-0.0770734431722982,-0.0433115026956613,-0.0917730577660731,13.818499999999997,15.52874498091245,12.108255019087544,0.3250250675452397,0.2475297580634767,-0.0089955022488754,-0.1006802721088434,-0.0630758327427355,-0.0350364963503648,0.0135246759026475,0.0325870703830666,0.034485966302509,51.96998122462328,-0.1622491976838826,-0.08800199950206,-0.0742471981818226,25194376.0,60.26579522650505,0.6478571428571428,0.6086435805510287,0.1904761904692138,0.1857142857076535,-0.0363086232980333,-0.0089955022488754,0.034485966302509,51.96998122462328,-0.0076946548061314,0.0,0.0,0.0,0.5,-1.330641193643846,-1.321673638087857,-1.461501728570047,-1.405635222393947,-0.7151106759422164,-1.3100267199937374,-0.9726813693935016,-1.364604793593927,-1.2894709285193178,-0.6121170887454078,-1.3361885101825914,-0.5270278294361403,-0.9483861970428502,-1.364604793593927,-0.8875927159553485,-1.5318849028480015,-0.4781091403046454,0.4104003473025208,-0.2483176675752646,-1.2582994142971098,-0.6381982425070525,-0.2216925336242789,-0.6089344749152933,0.2078334537868786,0.3151981254389124,0.2309484163608918,-0.1873328756393162,0.0013287188791459,-0.4423689719332022,0.6428643979878852,0.528027372657547,-0.0194902778829413,-0.5493905868102825,-0.7377669806366305,-0.6748085612686155,-0.2483176675752646,0.3151981254389124,0.2309484163608918,-0.1044440293235182,0.0,0.0,0.0,0.0,其他,0,0,0.5,1.0,0,0.2469635627530364,-0.06580937972768541,-0.16641452344931928,0.20486815415821502,0.7991886409736308,0.6450304259634888,0.8154158215010142,0.16835699797160245,0.7139959432048681,0.5,0.5,0.5,0.5,0.24696356275303644,0.24696356275303644,0.1663286004056795
2026-07-01,13.3,13.48,13.08,13.38,1866600.0,13.414,14.142,13.8215,14.524,-0.0025346652750858,-0.0538820534577851,-0.0319429873747422,-0.0787661801156706,13.8215,15.528270110625831,12.11472988937417,0.3706621362512674,0.2469732099429848,0.0121028744326778,-0.0550847457627118,-0.119736842105263,0.0045045045045044,0.0165493623461194,0.0167531789470246,0.0340222047077718,56.56370654841909,-0.1912634792766354,-0.1086542954569751,-0.0826091838196603,27060976.0,63.32564138463734,0.6414285714285713,0.5954062047667839,0.2490842490751256,0.2428571428484698,-0.0657698056801195,0.0121028744326778,0.0340222047077718,56.56370654841909,-0.0222105814562598,0.0,0.0,0.0,0.5,-1.3414416396462356,-1.2974578896670426,-1.4374172566431571,-1.3270909738850272,-0.7207568025415737,-1.3849063198803002,-1.0664690842434186,-1.3595792925063033,-1.3142197153945112,-0.0316752346173464,-0.9181637917017922,-0.3613806451437711,-0.7875122108960289,-1.3595792925063033,-0.8864566598395973,-1.5235602174587572,-0.3351594914115161,0.405828076043741,0.3571873268295856,-0.6850171743452517,-1.2290792838865443,0.1270530156914417,-0.468391481052015,-0.6173545335672136,0.2867250253996946,0.5315090371682717,-0.2610845561538089,-0.0584997548244686,-0.4919074164865256,0.677463232679001,0.7214683848619394,-0.0334750179009574,-0.5663948552086729,-0.5616899451150908,-0.4271278610502582,0.3571873268295856,0.2867250253996946,0.5315090371682717,-0.1131798928070674,0.0,0.0,0.0,0.0,其他,0,0,0.5,1.0,0,0.2479674796747967,-0.08520179372197312,-0.17488789237668168,0.23421588594704684,0.8167006109979633,0.6008146639511202,0.8370672097759674,0.06924643584521385,0.6415478615071283,0.5,0.5,0.5,0.5,0.24796747967479674,0.25,0.1673469387755102
2026-07-02,13.31,13.64,13.1,13.14,2319100.0,13.303999999999998,13.913,13.8235,14.490833333333336,-0.012327119663259,-0.0555595486235894,-0.0494447860527362,-0.093219851630341,13.8235,15.526800511236448,12.120199488763554,0.2993601259669161,0.2464354919121966,-0.0179372197309417,-0.0401753104455806,-0.1484121840570317,0.0030534351145039,0.0123432157422954,0.0136615941193046,0.0340616239156026,40.2877697706468,-0.2309611246353231,-0.1331156612926447,-0.0978454633426783,24741876.0,54.55134160507245,0.5628571428571428,0.7372690037753921,0.1611721611662578,0.1571428571372453,0.0,-0.0179372197309417,0.0340616239156026,40.2877697706468,0.2424193721204328,0.0,0.0,0.0,0.5,-1.3338091179233236,-1.2265843847226472,-1.4236734423560289,-1.436775058168086,-0.6502229381762743,-1.4363974919965794,-1.184483521735279,-1.3551738906422377,-1.3399809730050858,-0.2760139995284816,-0.946823471312131,-0.6153429732890171,-0.9633975559010388,-1.3551738906422377,-0.8857281999746152,-1.515928800671844,-0.5575664998132951,0.4014004543982067,-0.5055014326870162,-0.4972389308268857,-1.5250830965401685,0.1141434280778144,-0.6625261349621188,-0.7776638009258967,0.2888628330553179,-0.5354707891007923,-0.3620469346218329,-0.1293702628592025,-0.5824983803700902,0.632740934227471,0.16379118347082,-0.2047048565804306,-0.3769751544529543,-0.8238692445291389,-0.7970714635751351,-0.5055014326870162,0.2888628330553179,-0.5354707891007923,0.0478666656639309,0.0,0.0,0.0,0.0,其他,0,0,0.5,1.0,0,0.7793522267206477,-0.06544901065449016,,0.22515212981744423,0.8133874239350912,0.5963488843813387,0.4543610547667343,0.18255578093306288,0.4421906693711968,0.5,0.5,0.5,0.5,0.7793522267206477,0.3157894736842105,0.5
2026-07-03,13.22,13.42,13.12,13.26,2213290.0,13.268,13.727,13.84,14.4685,-0.000602954476937,-0.0340205434545056,-0.041907514450867,-0.0835262812316411,13.84,15.512980322028364,12.167019677971636,0.3266566580623438,0.2417601621410803,0.009132420091324,-0.013392857142857,-0.123015873015873,0.025522041763341,0.0127806823188396,0.0156368437954326,0.0339535346734149,42.35294116251902,-0.249858583253836,-0.156464245684883,-0.0933943375689529,26955166.0,45.1614077756493,0.5478571428571428,0.6981685429314713,0.2051282051206914,0.1999999999928572,-0.037707390648567,0.009132420091324,0.0339535346734149,42.35294116251902,-0.0456254581518692,0.0,0.0,0.0,0.5,-1.3721238275813836,-1.317634220706361,-1.4100220038309843,-1.3769513093316097,-0.6657700425715087,-1.4507292190979515,-1.279432637402107,-1.3423077688622007,-1.3561247905194196,0.0170217645473146,-0.559194879385541,-0.5050799966982754,-0.843018271326973,-1.3423077688622007,-0.8899981055171359,-1.4826149303833354,-0.4716575215413523,0.3659213952021697,0.2725804397657287,-0.1604939172528894,-1.2568258950125313,0.3124164650305419,-0.6415051050757415,-0.6737424131255608,0.2820225720021483,-0.3995515060921721,-0.4099130988551482,-0.1970070804276956,-0.5552458426087398,0.6739633535685059,-0.4329226167941628,-0.23724684332306,-0.4286978197956007,-0.6913110842850216,-0.6107032233088591,0.2725804397657287,0.2820225720021483,-0.3995515060921721,-0.1275093411940024,0.0,0.0,0.0,0.0,其他,0,0,0.5,1.0,0,0.4210526315789473,-0.10708898944193057,,0.18661257606490872,0.8255578093306288,0.5943204868154158,0.537525354969574,0.22718052738336714,0.3448275862068966,0.5,0.5,0.5,0.5,0.42105263157894735,0.2975708502024291,0.5
2026-07-06,13.3,13.41,12.91,12.93,2107196.0,13.185999999999998,13.526,13.8265,14.434333333333331,-0.0194145305627179,-0.0440632855241757,-0.0648392579466966,-0.1042191072212086,13.8265,15.525382295107867,12.127617704892137,0.23615005506703,0.2457429277251045,-0.0248868778280543,-0.0307346326836581,-0.1345381526104417,-0.0204545454545453,0.0163157923553555,0.0160750761826971,0.0341408593525954,36.52968035362065,-0.2881416795133127,-0.182799732450569,-0.1053419470627437,24847970.0,38.41721730781084,0.5592857142857143,0.6671853151574805,0.0842490842459983,0.0821428571399236,-0.0564578499613303,-0.0248868778280543,0.0341408593525954,36.52968035362065,-0.0479349746305274,0.0,0.0,0.0,0.5,-1.3322392822202047,-1.318973473329967,-1.513292369391004,-1.5283076769126265,-0.6813398357326661,-1.4878225584749103,-1.3816794745445145,-1.347078144786344,-1.3824815326462625,-0.4531198630510364,-0.7388133398747416,-0.8379556036907568,-1.0951408493082346,-1.347078144786344,-0.8836542824991432,-1.503176883602472,-0.754104813088654,0.3954902888024595,-0.705438503525631,-0.3782726273705661,-1.3739910331036858,-0.0941163900735072,-0.4770556298551843,-0.6500947397108268,0.2931790555731077,-0.7809566286038605,-0.507217475520074,-0.2733055586274644,-0.6261531437032744,0.6332261066354444,-0.8608590635082614,-0.2120928379204315,-0.4695690871198922,-1.0518046533861722,-1.1191800873178954,-0.705438503525631,0.2931790555731077,-0.7809566286038605,-0.1288115460492897,0.0,0.0,0.0,0.0,其他,0,0,0.5,1.0,0,0.4534412955465587,-0.10904872389791187,,0.13995943204868155,0.7139959432048681,0.592292089249493,0.4178498985801217,0.2028397565922921,0.1926977687626775,0.5,0.5,0.5,0.5,0.4534412955465587,0.3117408906882591,0.5
2026-07-07,12.93,13.04,12.71,12.74,1423600.0,13.09,13.330000000000002,13.8185,14.3905,-0.0267379679144385,-0.0442610652663166,-0.0780475449578463,-0.1146937215524129,13.8185,15.537144202485273,12.099855797514728,0.1862352316846495,0.2487454068781467,-0.0146945088940447,-0.0363086232980333,-0.1333333333333333,-0.0124031007751937,0.0167601764063758,0.0160635201139848,0.0339120843522852,14.65517240789734,-0.3300085876423804,-0.2122415034889312,-0.1177670841534491,23424370.0,21.44460383333073,0.4892857142857142,0.4541203365938914,0.0146520146514782,0.0142857142852044,-0.0306122448979592,-0.0146945088940447,0.0339120843522852,14.65517240789734,-0.324410258941266,0.0,0.0,0.0,0.5,-1.4987923221101909,-1.473054571296381,-1.6106932092686757,-1.6130278133530924,-0.7858781335844862,-1.5315937066411682,-1.480645814617365,-1.3486064418502468,-1.417077818631323,-0.6357145834209894,-0.7414288876961288,-1.0286538535896794,-1.221111694861741,-1.3486064418502468,-0.8775882224394631,-1.516354419691084,-0.909092254712628,0.4176764025006221,-0.4116538875352784,-0.447995784844768,-1.3582271774741184,-0.0228321519089586,-0.4559823681840729,-0.6499399652910949,0.27896815166896,-2.2072668142408456,-0.6135770896098638,-0.3586063943295412,-0.6998222530219761,0.6055079869999459,-1.9335649478975867,-0.3648216180519822,-0.7531195435909139,-1.2576973428105085,-1.4094038320585045,-0.4116538875352784,0.27896815166896,-2.2072668142408456,-0.29725203416516,0.0,0.0,0.0,0.0,其他,0,0,0.5,1.0,0,0.332657200811359,-0.1067503924646781,,0.2459349593495935,0.7317073170731707,0.6016260162601627,0.036585365853658534,0.03861788617886179,0.2845528455284553,0.5,0.5,0.5,0.5,0.332657200811359,0.25963488843813387,0.5
2026-07-08,12.7,12.73,12.45,12.5,1436605.0,12.914,13.163999999999998,13.793,14.349333333333332,-0.0320582313768005,-0.0504405955636583,-0.0937432030740231,-0.1288793904478721,13.793,15.576079535965333,12.00992046403467,0.1374250351895454,0.2585484718266372,-0.0188383045525902,-0.0657698056801195,-0.1172316384180791,-0.0392006149116064,0.0131480560420996,0.0141425025093447,0.0340973444855558,8.022922632884772,-0.3781948138102571,-0.2454321655531965,-0.1327626482570606,21987765.0,5.936726654503772,0.4692857142857143,0.4566417744364998,0.0,0.0,-0.0207999999999999,-0.0188383045525902,0.0340973444855558,8.022922632884772,0.0091352908120259,0.0,0.0,0.0,0.5,-1.6000587347049096,-1.6005796581662903,-1.7375879268600023,-1.7203291995809498,-0.7828510044034089,-1.6146618461423154,-1.563249609293084,-1.360354872628754,-1.4491056985686914,-0.7679648691454045,-0.8514094485636514,-1.254659147527116,-1.3916685888815343,-1.360354872628754,-0.860545152089239,-1.5680034012588495,-1.060150130185656,0.4909911170741113,-0.5304681224946483,-0.8179596177695116,-1.187814676457383,-0.2599904259749394,-0.6230379435110716,-0.7494050285466515,0.2900202879612,-2.624371084936676,-0.7359224590761292,-0.4547627437780807,-0.7887527618167826,0.5775760670336374,-2.8957559627699907,-0.4081953053527311,-0.74877908888328,-1.2986836851687402,-1.467107347590327,-0.5304681224946483,0.2900202879612,-2.624371084936676,-0.0935003496143644,0.0,0.0,0.0,0.0,其他,0,0,0.5,1.0,0,0.2955465587044534,-0.1048,,0.24543610547667344,0.6977687626774848,0.5983772819472617,0.012170385395537525,0.05476673427991886,0.2210953346855984,0.5,0.5,0.5,0.5,0.29554655870445345,0.25303643724696356,0.5
2026-07-09,12.45,13.6,12.38,13.14,5442106.0,12.914,13.109,13.815,14.315,0.0175003871767074,0.0023647875505379,-0.0488599348534202,-0.0820817324484805,13.815,15.551548300508626,12.078451699491376,0.3056489416871209,0.2514004054283105,0.0512000000000001,0.0,-0.0401753104455806,0.0346456692913386,0.0312020687955985,0.0228128870314876,0.0356016815256622,24.083769624681352,-0.3605835116476488,-0.268462434772087,-0.0921210768755618,27429871.0,21.59197416955746,0.5185714285714286,1.6314137131081765,0.2184300341222381,0.2133333333262224,-0.0654490106544901,0.0512000000000001,0.0356016815256622,24.083769624681352,2.7881714180307045,0.0,0.0,0.0,0.5,-1.7095752471047942,-1.22772614368133,-1.7673237252785594,-1.4165247050116911,-0.163777884487772,-1.6099592117275363,-1.5874676717691116,-1.3442966673356598,-1.4749566312537743,0.4731298890512831,0.0988013311890667,-0.6003131863537484,-0.8162349420012253,-1.3442966673356598,-0.8692321699660709,-1.5210499042822532,-0.5325553227183124,0.436697926204479,1.4843240595165474,0.0106478823407732,-0.3834528385067619,0.3943165859354349,0.2156817764548355,-0.2957219221075096,0.3815960620078263,-1.5732403222646891,-0.6900364109359388,-0.521299904039765,-0.5442916056608463,0.6802905140560374,-1.9004090635270527,-0.3000022556428623,0.8200487710728035,-0.6439208793975952,-0.5439824821402334,1.4843240595165474,0.3815960620078263,-1.5732403222646891,1.6002347356768587,0.0,0.0,0.0,0.0,其他,0,0,0.5,1.0,0,0.1781376518218623,-0.12024353120243536,,0.7870182555780934,0.8539553752535497,0.6470588235294118,0.1257606490872211,0.9411764705882353,0.4847870182555781,0.5,0.5,0.5,0.5,0.17813765182186234,0.1659919028340081,0.5
2026-07-10,13.0,13.04,12.54,12.76,3518896.0,12.813999999999998,13.041,13.7555,14.271666666666668,-0.0042141407835178,-0.0215474273445288,-0.0723710515793684,-0.1059208221417729,13.7555,15.553047744772371,11.957952255227632,0.2230949767767156,0.2613569473678603,-0.0289193302891933,-0.037707390648567,-0.050595238095238,-0.0853046594982078,0.0331161927406304,0.0237884598334397,0.0280996441219402,22.88557213133339,-0.3729896593932089,-0.2893678796963114,-0.0836217796968975,23910975.0,21.291557545826763,0.5264285714285715,1.12762564849604,0.088737201362159,0.0866666666637777,-0.0721003134796238,-0.0289193302891933,0.0280996441219402,22.88557213133339,-0.3533944395790894,0.0,0.0,0.0,0.5,-1.4534602368124545,-1.4623282084744464,-1.6808399537813017,-1.590196225172264,-0.460740786228944,-1.6546997620740356,-1.6182358386910618,-1.375898093719713,-1.508417803489216,-0.0711563426708632,-0.3315746630290694,-0.9414315804359302,-1.106646127421036,-1.375898093719713,-0.8673629273828215,-1.5914646683482374,-0.7902775872779583,0.5112384758954859,-0.8215079497009907,-0.4643465561055753,-0.4917515254772653,-0.6690490209794848,0.3044237702481084,-0.2444546315399004,-0.077159707764736,-1.646193983336661,-0.720915925640993,-0.5815928146768696,-0.4927659017298426,0.6126511026554095,-1.911984020721756,-0.2825339440378287,0.1464789741999579,-1.0306620557820003,-1.0899385722599686,-0.8215079497009907,-0.077159707764736,-1.646193983336661,-0.3169544612069866,0.0,0.0,0.0,0.0,其他,0,0,0.5,1.0,0,0.2793522267206478,-0.14811912225705337,,0.4198782961460446,0.39148073022312374,0.4746450304259635,0.10344827586206896,0.6572008113590264,0.23123732251521298,0.5,0.5,0.5,0.5,0.2793522267206478,0.16396761133603238,0.5
2026-07-13,12.53,12.8,12.2,12.2,2614500.0,12.668,12.927,13.669999999999998,14.218166666666663,-0.0369434796337228,-0.056238879863851,-0.107534747622531,-0.1419428196321607,13.669999999999998,15.594774764676696,11.745225235323302,0.1181371381760795,0.2816056714941647,-0.0438871473354232,-0.0564578499613303,-0.0854572713643179,-0.1229331416247304,0.0365601948562295,0.0268156389799684,0.0294699529273561,21.198156675189537,-0.4231313459814032,-0.3161205729533298,-0.1070107730280734,21296475.0,21.22422896915016,0.5442857142857144,0.8920364938970476,0.0,0.0,-0.0557377049180327,-0.0438871473354232,0.0294699529273561,21.198156675189537,-0.257011289904561,0.0,0.0,0.0,0.5,-1.6639604622917346,-1.5600504447485322,-1.8467713285967389,-1.8459191054146933,-0.6000336417068451,-1.721716178059154,-1.6725825204039464,-1.4224562143201096,-1.5504163841933531,-0.8909914374304243,-0.9553570763489092,-1.450131164693816,-1.544042032541035,-1.4224562143201096,-0.8492128981569055,-1.7182180020748912,-1.1173150613876095,0.663222131001467,-1.2500211871700526,-0.7000772294899789,-0.854773408039093,-1.0013684624514514,0.4642395716345756,-0.0858368054673248,0.0067112815170314,-1.7500149083111511,-0.8481584772884667,-0.6588332666920786,-0.6325800070564457,0.5622802682883521,-1.9089122098622249,-0.2431612233047908,-0.1685608528535661,-1.2935985248952837,-1.4608040539339022,-1.2500211871700526,0.0067112815170314,-1.7500149083111511,-0.2578632109257783,0.0,0.0,0.0,0.0,其他,0,0,0.5,1.0,0,0.2651821862348178,-0.09344262295081962,,0.45233265720081134,0.3894523326572008,0.5091277890466531,0.11764705882352941,0.4787018255578093,0.2231237322515213,0.5,0.5,0.5,0.5,0.2651821862348178,0.13157894736842105,0.5
2026-07-14,12.22,12.37,11.95,12.35,1910600.0,12.59,12.84,13.582,14.1665,-0.0190627482128673,-0.0381619937694703,-0.0907082903843321,-0.1282250379416228,13.582,15.58155363439981,11.582446365600187,0.1919312443476938,0.2944417073163142,0.0122950819672131,-0.0306122448979592,-0.0658093797276854,-0.1247342310418143,0.0378530679081324,0.0276116895874871,0.0293972395560726,27.08860758533568,-0.445628321559262,-0.3420221226745162,-0.1036061988847457,23207075.0,21.76815312066445,0.5107142857142859,0.6694712792230993,0.0464396284815344,0.0454545454531681,-0.0785425101214574,0.0122950819672131,0.0293972395560726,27.08860758533568,-0.2692292981449607,0.0,0.0,0.0,0.5,-1.7997898909634236,-1.7370380854099512,-1.965661249825596,-1.7699157192192914,-0.7081602306300862,-1.7546194659123897,-1.712456287615121,-1.470153607699598,-1.5904670351590489,-0.4418927978753044,-0.6288073872230279,-1.2027111121836354,-1.3724006829158848,-1.470153607699598,-0.853362353327086,-1.812912505533987,-0.8846606712878666,0.7591243534208116,0.3670312396454937,-0.3735056736123474,-0.6487026207988361,-1.0156449806517984,0.5239047722469903,-0.0440742506105445,0.0022549414153276,-1.3646138591365844,-0.9044681455040688,-0.7334806666129754,-0.6114423259769043,0.5980260234033699,-1.8679103719869368,-0.3165580877652797,-0.4660912796265499,-1.1523500390286368,-1.2614591000867033,0.3670312396454937,0.0022549414153276,-1.3646138591365844,-0.2651042157665323,0.0,0.0,0.0,0.0,其他,0,0,0.5,1.0,0,0.2484848484848484,-0.10769230769230775,,0.3319838056680162,0.3259109311740891,0.4959514170040486,0.145748987854251,0.2388663967611336,0.20242914979757085,0.5,0.5,0.5,0.5,0.24848484848484848,0.13737373737373737,0.5
2026-07-15,12.24,12.46,12.13,12.24,2380400.0,12.538,12.726,13.434,14.112166666666669,-0.0237677460520019,-0.0381895332390382,-0.0888789638231354,-0.1326633047134269,13.434,15.3663549853671,11.501645014632905,0.1910505551358938,0.2876812543326952,-0.008906882591093,-0.0207999999999999,-0.0852017937219731,-0.1947368421052631,0.0372423476408936,0.0268320211479371,0.0218676214148233,29.80501391595348,-0.4669507004700168,-0.3670078382336164,-0.0999428622364004,20826675.0,29.30682108352984,0.4842857142857145,0.9279987905295548,0.0123839009284094,0.0121580547108769,-0.0857843137254902,-0.008906882591093,0.0218676214148233,29.80501391595348,0.245891343033602,0.0,0.0,0.0,0.5,-1.7846465473389483,-1.693619872221218,-1.8679857361774783,-1.8149844461076377,-0.6346845516513333,-1.7744229357255117,-1.7658854487260274,-1.552385072081615,-1.632458107308947,-0.5594390040491406,-0.6285926547827403,-1.1737806271992444,-1.4229419070595353,-1.552385072081615,-0.9393060294672276,-1.856184164537117,-0.8861165297280273,0.7072011507483361,-0.243553438591271,-0.2493542120660479,-0.8502578581345055,-1.6319972464776555,0.4949528555261333,-0.0849060799895067,-0.4589389893713435,-1.1861507757820535,-0.9576254958990283,-0.8053252475876033,-0.5887769856819539,0.5520816368334909,-1.3928095094577808,-0.3742572768507002,-0.1196175930143269,-1.2516207227863778,-1.4016039830495142,-0.243553438591271,-0.4589389893713435,-1.1861507757820535,0.0499615833136097,0.0,0.0,0.0,0.0,其他,0,0,0.5,1.0,0,0.2545454545454545,-0.0980392156862746,,0.2935222672064777,0.14777327935222673,0.20850202429149797,0.1437246963562753,0.4939271255060729,0.20242914979757085,0.5,0.5,0.5,0.5,0.2545454545454545,0.1396761133603239,0.5
2026-07-16,12.16,12.44,12.12,12.28,1766700.0,12.366,12.64,13.2765,14.061833333333333,-0.0069545528060812,-0.0284810126582278,-0.0750574323052009,-0.1267141553377345,13.2765,15.02897524196024,11.524024758039758,0.2156878521984346,0.2639965716788372,0.0032679738562091,-0.0654490106544901,-0.0654490106544901,-0.204147764095917,0.0230673907419924,0.0268451363276187,0.0212876883600167,32.840236672788066,-0.4751440092978694,-0.388635072446467,-0.0865089368514023,22593375.0,34.745254313964935,0.4814285714285717,0.7365943487115697,0.0273972602730343,0.0243161094217533,-0.0586319218241041,0.0032679738562091,0.0212876883600167,32.840236672788066,-0.2578138128045706,0.0,0.0,0.0,0.5,-1.8149016522756245,-1.6968088994445727,-1.86631341772046,-1.7903137048637503,-0.728890140147273,-1.852833524342532,-1.8043362526908835,-1.639451689737423,-1.670600604377703,-0.1369334159180668,-0.4529821878668484,-0.9711290826453935,-1.346800434605962,-1.639451689737423,-1.074437657664132,-1.835694119223443,-0.8077495904638294,0.5277291695780745,0.107360568684728,-0.8126553550177438,-0.642960124374244,-1.7098512959457215,-0.165771758163964,-0.0841488560298597,-0.4940122890321967,-0.98782520267117,-0.9770911542597608,-0.8672358665938743,-0.5074332056260703,0.5851454264795617,-1.050945648202381,-0.3801826642233354,-0.3759161701115492,-1.2042732882877842,-1.3457873814123325,0.107360568684728,-0.4940122890321967,-0.98782520267117,-0.2581879040186293,0.0,0.0,0.0,0.0,其他,0,0,0.5,1.0,0,0.2686868686868687,,,0.17611336032388664,0.1437246963562753,0.20647773279352227,0.15384615384615385,0.3481781376518219,0.23279352226720648,0.5,0.5,0.5,0.5,0.2686868686868687,0.5,0.5
2026-07-17,12.29,12.42,11.82,11.84,3457733.0,12.182,12.498,13.1125,14.004,-0.0280742078476439,-0.0526484237477996,-0.0970448045757865,-0.154527277920594,13.1125,14.748617033518022,11.47638296648198,0.1111219509539146,0.2495507391428855,-0.0358306188925081,-0.0721003134796238,-0.1070889894419305,-0.2169312169312168,0.0244105352688505,0.0277018921196901,0.0219177181865011,29.83870966618973,-0.5112482369060416,-0.413157705338382,-0.0980905315676596,19135642.0,33.47117560425569,0.4885714285714288,1.4282679439292565,0.0,0.0,-0.0819256756756757,-0.0358306188925081,0.0219177181865011,29.83870966618973,0.9571704307465896,0.0,0.0,0.0,0.5,-1.7499943769704278,-1.6999691056116306,-2.0091536102521603,-1.9870157957971604,-0.4663032269593494,-1.936214852918136,-1.8711622918555544,-1.7294825847114388,-1.714815833089623,-0.6671628603116727,-0.8880248158050559,-1.2882252394348868,-1.681178141965566,-1.7294825847114388,-1.185951100998076,-1.8582855174547093,-1.133649172170493,0.4181353814779694,-1.0190822801893118,-0.8954568607415736,-1.076722491019944,-1.81651085487814,-0.1030193730894645,-0.0390993679357224,-0.4548831651687531,-1.1800743451483144,-1.0677734915801484,-0.9374203219854752,-0.5765512551591525,0.5186480089400143,-1.128513012215442,-0.3641368686169493,0.5516045825952614,-1.2834024603358043,-1.4467056795793698,-1.0190822801893118,-0.4548831651687531,-1.1800743451483144,0.4857052492485776,0.0,0.0,0.0,0.0,其他,0,0,0.5,1.0,0,0.0949494949494949,,,0.2773279352226721,0.1700404858299595,0.22469635627530365,0.15789473684210525,0.8259109311740891,0.24898785425101214,0.5,0.5,0.5,0.5,0.09494949494949495,0.5,0.5
2026-07-20,12.26,12.26,11.46,11.52,2671700.0,12.046,12.357,12.9415,13.942833333333333,-0.0436659472023909,-0.0677348871085216,-0.1098404358072866,-0.1737690808898239,12.9415,14.485701718483634,11.397298281516363,0.0397298218914532,0.2386433904063211,-0.027027027027027,-0.0557377049180327,-0.1090487238979118,-0.2289156626506023,0.0201479129495746,0.0278297558570656,0.0221763079089397,28.31632652049926,-0.5592358997112346,-0.4423733442129526,-0.1168625554982819,16463942.0,33.009788260207074,0.517857142857143,1.1018421884185197,0.0,0.0,-0.0399305555555554,-0.027027027027027,0.0221763079089397,28.31632652049926,-0.2273261122243967,0.0,0.0,0.0,0.5,-1.7578885260984731,-1.761717346239145,-2.179811807330934,-2.126052331127659,-0.5875970058251354,-1.9951724049053887,-1.936697635058131,-1.8226379153790453,-1.7614276252451213,-1.0575571610786147,-1.158254331018654,-1.4704731838994272,-1.908237667614144,-1.8226379153790453,-1.289868404272161,-1.8998133663634835,-1.3544007032413896,0.3353292490270591,-0.7641172252256218,-0.6877227266981141,-1.0952715560087982,-1.9149738514649648,-0.3018006610412345,-0.0323492398808235,-0.4385685117525709,-1.2759880737825997,-1.1884278621380435,-1.021056658301697,-0.6888252423964539,0.467189959074787,-1.155158410603966,-0.2994136678374645,0.1132503183020398,-1.280621147634112,-1.4427872341290873,-0.7641172252256218,-0.4385685117525709,-1.2759880737825997,-0.2402292179115925,0.0,0.0,0.0,0.0,其他,0,0,0.5,1.0,0,0.0868686868686868,,,0.2631578947368421,0.1902834008097166,0.23684210526315788,0.17813765182186234,0.46963562753036436,0.25101214574898784,0.5,0.5,0.5,0.5,0.08686868686868687,0.5,0.5
2026-07-21,11.62,11.62,10.95,11.38,2279646.0,11.852,12.221,12.7755,13.882333333333332,-0.0398245021937225,-0.0688159725063415,-0.1092325153614338,-0.1802530794535018,12.7755,14.235240063378054,11.315759936621944,0.0220039392586084,0.2285217898894961,-0.0121527777777776,-0.0785425101214574,-0.1067503924646781,-0.2258503401360543,0.015420219633005,0.0278052209979386,0.0221621427776955,24.35897435023012,-0.6016281039066307,-0.4742242961516883,-0.1274038077549423,14184296.0,27.36099305620182,0.5371428571428573,0.9366886100186802,0.0,0.0,-0.0316344463971881,-0.0121527777777776,0.0221621427776955,24.35897435023012,-0.1467432720739604,0.0,0.0,0.0,0.5,-2.040021758386832,-2.023139265357595,-2.4217221488154963,-2.1807694759550422,-0.6477102802324908,-2.081531779936226,-1.998860571329668,-1.9118592973153044,-1.8069508291405267,-0.9594644668501524,-1.175509168905419,-1.4578957675828794,-1.9786230397333395,-1.9118592973153044,-1.3881617546252278,-1.9423329381347096,-1.406514547555957,0.2584906127705162,-0.3345294027802976,-0.97471006315471,-1.069379238131267,-1.8809177261476464,-0.5221917219653427,-0.0336133733577643,-0.4390099054582772,-1.528130313890651,-1.29423971176077,-1.112066057452552,-0.7514176953665391,0.4232459296606156,-1.5041680318430328,-0.2567122935842196,-0.1085754795846675,-1.2778578486054606,-1.438900472977579,-0.3345294027802976,-0.4390099054582772,-1.528130313890651,-0.1906350225553536,0.0,0.0,0.0,0.0,其他,0,0,0.5,1.0,0,0.1313131313131313,,,0.24696356275303644,0.1700404858299595,0.22469635627530365,0.1437246963562753,0.24696356275303644,0.21052631578947367,0.5,0.5,0.5,0.5,0.13131313131313133,0.5,0.5
2026-07-22,11.28,11.44,11.1,11.19,1703812.0,11.642,12.09,12.627,13.820833333333333,-0.0388249441676687,-0.0744416873449131,-0.1138037538607744,-0.1903527283690081,12.627,14.097940980604063,11.156059019395936,0.0115371660217709,0.2329834450926451,-0.0166959578207382,-0.0857843137254902,-0.1048,-0.2097457627118644,0.01489251253634,0.0277452782915571,0.0214496608887821,24.675324666351813,-0.6431419037302959,-0.5080078176674099,-0.135134086062886,12480484.0,28.09719460150093,0.5228571428571429,0.7106087809447914,0.0,0.0,-0.0134048257372654,-0.0166959578207382,0.0214496608887821,24.675324666351813,-0.2525979910915993,0.0,0.0,0.0,0.5,-2.183922936984949,-2.0898386768987587,-2.334904403282067,-2.2573966576537043,-0.7362157161577737,-2.174394763313636,-2.057651474053279,-1.9899241924420936,-1.8527970875949045,-0.9329282103482232,-1.2743381082768463,-1.5201151497872798,-2.09140024275402,-1.9899241924420936,-1.440199325450871,-2.031772375292121,-1.4356867482532825,0.2920289715876265,-0.4652954706165873,-1.0645135940815769,-1.0472096715237444,-1.733573175131783,-0.5462986714780799,-0.0367410744756278,-0.4823490364663459,-1.5036791037658783,-1.397220411111059,-1.2083155641365646,-0.7969860297845739,0.3903204587877779,-1.454526104271623,-0.2879503223418309,-0.4122095659886208,-1.275112369612531,-1.4350449713775666,-0.4652954706165873,-0.4823490364663459,-1.5036791037658783,-0.2554103695577656,0.0,0.0,0.0,0.0,其他,0,0,0.5,1.0,0,0.1255060728744939,,,0.25303643724696356,0.1862348178137652,0.22469635627530365,0.18016194331983806,0.2651821862348178,0.21862348178137653,0.5,0.5,0.5,0.5,0.12550607287449392,0.5,0.5
2026-07-23,11.28,11.6,11.18,11.56,5109590.0,11.498,11.932,12.5205,13.763333333333332,0.0053922421290659,-0.0311766677841097,-0.0767141887304819,-0.1600871881811575,12.5205,13.975733386960906,11.065266613039094,0.169984207130206,0.2324561138851137,0.0330652368185881,-0.0586319218241041,-0.1202435312024353,-0.1555880204528852,0.0266753236669416,0.0235238611282923,0.0229822384555225,29.2682926729328,-0.638822038592366,-0.5341706618524011,-0.1046513767399648,17590074.0,38.96404434116776,0.5314285714285714,2.044744807277042,0.1644444444371362,0.0860465116259061,,0.0330652368185881,0.0229822384555225,29.2682926729328,1.9989165471307868,0.0,0.0,0.0,0.5,-2.1739963949319976,-2.0146517872355068,-2.2838389574508944,-2.0785079464076377,-0.2070584367841833,-2.233982284936632,-2.1293342575815184,-2.0428993475128494,-1.894671688139244,0.1792305705495361,-0.4934426269891296,-0.9807753120313136,-1.7188836851392788,-2.0428993475128494,-1.4858018591280264,-2.0782663055290755,-0.9384743549350204,0.2877772635114459,0.9712970987554688,-0.7201498971300413,-1.2063160366971406,-1.2554247530137217,0.0049335561986501,-0.2590493052063205,-0.3876539606428651,-1.2044595124217092,-1.38297188442878,-1.281965107051426,-0.61249830793922,0.4875802350308527,-0.7757450655817414,-0.2688092874348154,1.379851304042652,-0.7833580173351227,-1.063374875308586,0.9712970987554688,-0.3876539606428651,-1.2044595124217092,1.1259432800873863,0.0,0.0,0.0,0.0,其他,0,0,0.5,1.0,0,,,,0.26720647773279355,0.20242914979757085,0.2692307692307692,0.20040485829959515,0.9736842105263158,0.21862348178137653,0.5,0.5,0.5,0.5,0.5,0.5,0.5
2026-07-24,11.57,11.6,10.8,10.87,6093427.0,11.303999999999998,11.743,12.392,13.689833333333333,-0.0383934890304316,-0.0743421612875756,-0.1228211749515817,-0.2059801068919757,12.392,13.955230124150642,10.828769875849355,0.0131874774904703,0.2522966630306694,-0.0596885813148789,-0.0819256756756757,-0.1481191222570533,-0.1912202380952381,0.0333606103633456,0.0275764087803633,0.0256514638164915,26.905829587966792,-0.683200240679831,-0.5639765776178871,-0.1192236630619438,11496647.0,35.864506080633134,0.5528571428571427,2.250643713605508,0.0,0.0,,-0.0596885813148789,0.0256514638164915,26.905829587966792,0.1925471515327061,0.0,0.0,0.0,0.5,-2.0351324128287454,-2.0066291489616503,-2.4581576812999653,-2.38216399191328,-0.0540897136395478,-2.316603946775961,-2.215627703701886,-2.107688703943235,-1.9496091640255464,-0.9217151375996828,-1.2698563732165855,-1.6443209211054068,-2.261585142439643,-2.107688703943235,-1.4901736208958076,-2.211942072027703,-1.4255922136981525,0.4378708597278734,-1.7041010530038914,-1.0133008809121338,-1.4938153502398277,-1.5637060312650424,0.317663497317763,-0.0452237854357558,-0.2230568742478608,-1.3539753667059704,-1.4925751221884342,-1.3657873277992356,-0.6995934388830662,0.3706202384972338,-0.9676140385451812,-0.2213159875461769,1.6516819712275903,-1.2715151836836098,-1.429213712483613,-1.7041010530038914,-0.2230568742478608,-1.3539753667059704,0.016293151901801,0.0,0.0,0.0,0.0,其他,0,0,0.5,1.0,0,,,,0.0931174089068826,0.15789473684210525,0.3785425101214575,0.16194331983805668,0.9858299595141701,0.15182186234817813,0.5,0.5,0.5,0.5,0.5,0.5,0.5
2026-07-27,10.83,11.09,10.73,11.06,26938.0,11.212,11.629,12.278,13.627,-0.0135569033178736,-0.0489294006363402,-0.0992018244013682,-0.1883760181991632,12.278,13.882147256660694,10.673852743339308,0.1203590428014973,0.2613043258914527,0.017479300827967,-0.0399305555555554,-0.0934426229508196,-0.1709145427286356,0.0357047522840831,0.0273987562150246,0.0263893126539623,31.165919272728203,-0.6950270344443137,-0.5901866689831724,-0.1048403654611412,11523585.0,37.19343221905061,0.5549999999999999,0.0103109122028199,0.0756972111523631,0.0411255411246512,,0.017479300827967,0.0263893126539623,31.165919272728203,-0.9955791708015866,0.0,0.0,0.0,0.5,-2.355133474150958,-2.209045783203367,-2.478574636629462,-2.284088317137716,-0.9962296709817682,-2.3489780076757945,-2.262701162730484,-2.1632629535037493,-1.9947603128103888,-0.2961253387681516,-0.8103399678332851,-1.299477762014548,-2.040283374080128,-2.1632629535037493,-1.515639420332405,-2.2944266560461446,-1.0885723279629147,0.5057352185900432,0.5222317303074855,-0.4813793124854344,-0.9214677023608868,-1.3824305064373892,0.4270945841709602,-0.0545594125437248,-0.1774260883854147,-1.0770696810559497,-1.5187947213044757,-1.4386757620727249,-0.6121151992849427,0.3708034901156478,-0.8834278957405667,-0.2163993817609225,-1.3534923028743997,-1.043890729354897,-1.2499102640744242,0.5222317303074855,-0.1774260883854147,-1.0770696810559497,-0.7132903698662149,0.0,0.0,0.0,0.0,其他,0,0,0.5,1.0,0,,,,0.08502024291497975,0.13765182186234817,0.39068825910931176,0.13157894736842105,0.8076923076923077,0.12753036437246965,0.5,0.5,0.5,0.5,0.5,0.5,0.5
2026-07-28,10.97,11.16,10.89,11.02,23579.0,11.14,11.496,12.168,13.557,-0.0107719928186715,-0.0414057063326374,-0.0943458251150558,-0.1871357970052372,12.168,13.80161529968589,10.534384700314108,0.1486320860744881,0.2685100755543171,-0.003616636528029,-0.0316344463971881,-0.1076923076923077,-0.1664145234493192,0.0356365645978978,0.0264429382205635,0.026416711625061,32.629107970497486,-0.6995633881407688,-0.6120620128146917,-0.087501375326077,11500006.0,38.66491523168593,0.5535714285714285,0.0093630590371468,0.0597609561729179,0.0324675324668297,,-0.003616636528029,0.026416711625061,32.629107970497486,-0.1246937411834583,0.0,0.0,0.0,0.5,-2.281259956111643,-2.1701034731579094,-2.387296976665224,-2.2909294615012974,-0.9951888320962295,-2.371225928770421,-2.3185180542396115,-2.215696410492805,-2.045324187849176,-0.2257681306826808,-0.6737934837827895,-1.2267033735719908,-2.016448270312375,-2.215696410492805,-1.5439035761663886,-2.366210774320595,-0.9985651490222792,0.5598729534708082,-0.0868219962432143,-0.3759867883832346,-1.068457687499649,-1.3399588426890474,0.4235011178658865,-0.1049789359544569,-0.1755887348322275,-0.9810686438135774,-1.5263456096978545,-1.4985278997626987,-0.5069076617268581,0.3700202832130127,-0.7905654147090703,-0.2193731825659354,-1.3516504891238112,-1.089494300460674,-1.284087454790039,-0.0868219962432143,-0.1755887348322275,-0.9810686438135774,-0.1775362057815468,0.0,0.0,0.0,0.0,其他,0,0,0.5,1.0,0,,,,0.12955465587044535,0.16396761133603238,0.4008097165991903,0.13765182186234817,0.7105263157894737,0.13765182186234817,0.5,0.5,0.5,0.5,0.5,0.5,0.5
2026-07-29,10.97,11.18,10.94,11.04,34820.0,11.11,11.376,12.051,13.487833333333333,-0.0063006300630065,-0.0295358649789029,-0.0838934528254917,-0.1814845478023403,12.051,13.654022145823134,10.447977854176866,0.1846581306899757,0.2660396889569051,0.0018148820326677,-0.0134048257372654,-0.0980392156862746,-0.1748878923766816,0.0351922375665684,0.0267532604680266,0.026087874702922,21.15384614571008,-0.6935498374682947,-0.6283595777454124,-0.0651902597228822,11534826.0,27.74927308069832,0.4835714285714285,0.0143486336387932,0.0711297071099945,0.0367965367957403,,0.0018148820326677,0.026087874702922,21.15384614571008,0.4767377751388948,0.0,0.0,0.0,0.5,-2.27018493475394,-2.152207908490632,-2.3506688486386187,-2.2707730864769498,-0.9918895638653598,-2.373110750323608,-2.366836539861485,-2.2712172232936925,-2.094430293599882,-0.1129312708564909,-0.4590683406812084,-1.0736299565625314,-1.940666824915498,-2.2712172232936925,-1.5988144609348196,-2.4050641173248475,-0.8846633223601962,0.5405309494218813,0.0700749702096246,-0.1448740600550704,-0.9661557935186348,-1.410688283098899,0.4022849697011754,-0.0884976182711928,-0.1957257425944511,-1.7163593889757058,-1.507129175314266,-1.541825286038364,-0.3717650341038671,0.3703569498014623,-1.4682284352220578,-0.3739209957109557,-1.341907517132744,-1.0537758250025513,-1.2626779286920498,0.0700749702096246,-0.1957257425944511,-1.7163593889757058,0.1924808512615083,0.0,0.0,0.0,0.0,其他,0,0,0.5,1.0,0,,,,0.12373225152129817,0.1643002028397566,0.40973630831643004,0.032454361054766734,0.8073022312373225,0.11561866125760649,0.5,0.5,0.5,0.5,0.5,0.5,0.5
