date,open,high,low,close,volume,ma5,ma10,ma20,ma60,ma5_ratio,ma10_ratio,ma20_ratio,ma60_ratio,bollinger_mid,bollinger_upper,bollinger_lower,bollinger_pct_b,bollinger_bandwidth,return_1d,return_5d,return_10d,return_20d,volatility_5d,volatility_10d,volatility_20d,rsi_14,macd,macd_signal,macd_histogram,obv,mfi_14,atr_14,volume_ratio_20d,price_position_20d,price_position_60d,future_return,return,volatility,rsi,volume_change,csi300_return_1d,csi300_return_5d,csi300_volatility_20d,market_breadth,open_norm,high_norm,low_norm,close_norm,volume_norm,ma5_norm,ma10_norm,ma20_norm,ma60_norm,ma5_ratio_norm,ma10_ratio_norm,ma20_ratio_norm,ma60_ratio_norm,bollinger_mid_norm,bollinger_upper_norm,bollinger_lower_norm,bollinger_pct_b_norm,bollinger_bandwidth_norm,return_1d_norm,return_5d_norm,return_10d_norm,return_20d_norm,volatility_5d_norm,volatility_10d_norm,volatility_20d_norm,rsi_14_norm,macd_norm,macd_signal_norm,macd_histogram_norm,obv_norm,mfi_14_norm,atr_14_norm,volume_ratio_20d_norm,price_position_20d_norm,price_position_60d_norm,return_norm,volatility_norm,rsi_norm,volume_change_norm,csi300_return_1d_norm,csi300_return_5d_norm,csi300_volatility_20d_norm,market_breadth_norm,sector,sector_momentum_5d,sector_momentum_20d,sector_breadth,sector_vol_flow,sector_relative_strength,future_return_rank,future_return_10d,future_return_20d,cs_rank_return_5d,cs_rank_return_20d,cs_rank_volatility,cs_rank_rsi,cs_rank_volume_ratio_20d,cs_rank_ma20_ratio,cs_rank_max_ret_5d,cs_rank_reversal_1d,cs_rank_amihud_illiq,cs_rank_idio_vol_20d,future_return_rank_5d,future_return_rank_10d,future_return_rank_20d
2025-09-30,79.8,79.8,62.51,63.39,27384949.0,,,,,,,,,,,,,,,,,,,,,,0.0,0.0,0.0,0.0,,,,,,-0.1604353999053478,,,,,0.0,0.0,0.0,0.5,,,,,,,,,,,,,,,,,,,,,,,,,,,,,,,,,,,,,,,,,,,,其他,0,0,0.5,1.0,0,0.0061099796334012,-0.15081243098280495,-0.14402902666035655,0.5,0.5,0.5,0.5,0.5,0.5,0.5,0.5,0.5,0.5,0.006109979633401222,0.004073319755600814,0.012219959266802444
2025-10-09,60.0,67.2,56.56,61.2,21235125.0,,,,,,,,,,,,,,-0.0345480359678181,,,,,,,,-0.0491346153846095,-0.0272970085470052,-0.0218376068376042,-21235125.0,,,,,,-0.1362745098039216,-0.0345480359678181,,,-0.2245694888823783,0.0,0.0,0.0,0.5,,,,,,,,,,,,,,,,,,,,,,,,,,,,,,,,,,,,,,,,,,,,其他,0,0,0.5,1.0,0,0.0061224489795918,-0.08251633986928109,-0.1155228758169935,0.5,0.5,0.5,0.5,0.5,0.5,0.5,0.5,0.5,0.5,0.006122448979591836,0.07755102040816327,0.036734693877551024
2025-10-10,58.0,63.48,57.58,59.3,15027885.0,,,,,,,,,,,,,,-0.031045751633987,,,,,,,,-0.1215261388845547,-0.0659155045869845,-0.0556106342975702,-36263010.0,,,,,,-0.1128161888701517,-0.031045751633987,,,-0.2923100287848552,0.0,0.0,0.0,0.5,,,,,,,,,,,,,,,,,,,,,,,,,,,,,,,,,,,,,,,,,,,,其他,0,0,0.5,1.0,0,0.0305498981670061,-0.055480607082630695,-0.0924114671163575,0.5,0.5,0.5,0.5,0.5,0.5,0.5,0.5,0.5,0.5,0.03054989816700611,0.11405295315682282,0.05702647657841141
2025-10-13,58.0,60.5,57.01,58.26,10139289.0,,,,,,,,,,,,,,-0.0175379426644182,,,,,,,,-0.1890217296689087,-0.1076181553599941,-0.0814035743089146,-46402299.0,,,,,,-0.1010985238585651,-0.0175379426644182,,,-0.3253016642062406,0.0,0.0,0.0,0.5,,,,,,,,,,,,,,,,,,,,,,,,,,,,,,,,,,,,,,,,,,,,其他,0,0,0.5,1.0,0,0.0346232179226069,-0.05715756951596285,-0.08719533127360102,0.5,0.5,0.5,0.5,0.5,0.5,0.5,0.5,0.5,0.5,0.034623217922606926,0.07739307535641547,0.06720977596741344
2025-10-14,58.08,59.79,55.41,55.43,10985514.0,59.516,,,,-0.0686538073795282,,,,,,,,,-0.0485753518709234,,,,,,,,-0.3343306539495998,-0.1750599981103527,-0.159270655839247,-57387813.0,,,,,,-0.0377052137831498,-0.0485753518709234,,,0.0834599940883429,0.0,0.0,0.0,0.5,,,,,,,,,,,,,,,,,,,,,,,,,,,,,,,,,,,,,,,,,,,,其他,0,0,0.5,1.0,0,0.0938775510204081,0.022550965181309834,-0.03770521378314984,0.5,0.5,0.5,0.5,0.5,0.5,0.5,0.5,0.5,0.5,0.09387755102040816,0.6061224489795919,0.12244897959183673
2025-10-15,54.88,54.88,53.03,53.22,8275789.0,57.482000000000006,,,,-0.0741449497233918,,,,,,,,,-0.0398701064405556,-0.1604353999053478,,,0.0114720179738881,,,,-0.5098976128552195,-0.2658196083174573,-0.2440780045377621,-65663602.0,,,,,,0.0114618564449455,-0.0398701064405556,,,-0.246663469729318,0.0,0.0,0.0,0.5,,,,,,,,,,,,,,,,,,,,,,,,,,,,,,,,,,,,,,,,,,,,其他,0,0,0.5,1.0,0,0.6448979591836734,0.04284103720405863,-0.0003757985719653467,0.00408997955010225,0.5,0.5,0.5,0.5,0.5,0.5,0.5,0.5,0.5,0.6448979591836734,0.7857142857142857,0.32040816326530613
2025-10-16,53.22,53.99,52.84,52.86,5306973.0,55.814,,,,-0.0529257892285089,,,,,,,,,-0.0067643742953776,-0.1362745098039216,,,0.0168155390043108,,,,-0.630016211712281,-0.3579880527554178,-0.2720281589568631,-70970575.0,,,,,,0.0622398789254634,-0.0067643742953776,,,-0.3587351006653263,0.0,0.0,0.0,0.5,,,,,,,,,,,,,,,,,,,,,,,,,,,,,,,,,,,,,,,,,,,,其他,0,0,0.5,1.0,0,0.8673469387755102,0.02818766553159291,0.0032160423760878576,0.00408997955010225,0.5,0.5,0.5,0.5,0.5,0.5,0.5,0.5,0.5,0.8673469387755102,0.6693877551020408,0.26326530612244897
2025-10-17,52.7,53.9,52.3,52.61,5712465.0,54.476,,,,-0.0342536162713855,,,,,,,,,-0.004729474082482,-0.1128161888701517,,,0.0197782297705429,,,,-0.7123195484632774,-0.44314057437927,-0.2691789740840073,-76683040.0,,,,,,0.064626496863714,-0.004729474082482,,,0.0764073983417665,0.0,0.0,0.0,0.5,,,,,,,,,,,,,,,,,,,,,,,,,,,,,,,,,,,,,,,,,,,,其他,0,0,0.5,1.0,0,0.8346938775510204,0.029652157384527644,0.0007603117278083271,0.028629856850715747,0.5,0.5,0.5,0.5,0.5,0.5,0.5,0.5,0.5,0.8346938775510204,0.563265306122449,0.20408163265306123
2025-10-20,53.0,53.0,51.84,52.37,5007750.0,53.298,,,,-0.0174115351420316,,,,,,,,,-0.0045618703668504,-0.1010985238585651,,,0.0215292030837665,,,,-0.7703820893402877,-0.5187349877887925,-0.2516471015514953,-81690790.0,,,,,,0.0488829482528165,-0.0045618703668504,,,-0.1233644319921435,0.0,0.0,0.0,0.5,,,,,,,,,,,,,,,,,,,,,,,,,,,,,,,,,,,,,,,,,,,,其他,0,0,0.5,1.0,0,0.7861507128309573,0.03818980332251298,-0.006683215581439694,0.030612244897959183,0.5,0.5,0.5,0.5,0.5,0.5,0.5,0.5,0.5,0.7861507128309573,0.604887983706721,0.20773930753564154
2025-10-21,52.34,53.46,52.03,53.34,5169887.0,52.88,56.198,,,0.0086989409984872,-0.0508559023452791,,,,,,,,0.0185220546114188,-0.0377052137831498,,,0.0208675515449837,,,,-0.7503978493453545,-0.5706409167881202,-0.1797569325572342,-76520903.0,,,,,,0.0626171728533933,0.0185220546114188,,,0.0323772153162598,0.0,0.0,0.0,0.5,,,,,,,,,,,,,,,,,,,,,,,,,,,,,,,,,,,,,,,,,,,,其他,0,0,0.5,1.0,0,0.8920570264765784,0.015748031496062964,-0.02943382077240342,0.09183673469387756,0.5,0.5,0.5,0.5,0.5,0.5,0.5,0.5,0.5,0.8920570264765784,0.5641547861507128,0.1975560081466395
2025-10-22,53.0,54.07,52.8,53.83,4987644.0,53.002,55.242,,,0.0156220519980379,-0.0255602621194018,,,,,,,,0.0091863517060366,0.0114618564449455,-0.1508124309828049,,0.0110593160402278,0.0220428406671449,,,-0.6993281768619966,-0.5987969539815066,-0.1005312228804899,-71533259.0,,,,,,0.0310235927921234,0.0091863517060366,,,-0.0352508671852982,0.0,0.0,0.0,0.5,,,,,,,,,,,,,,,,,,,,,,,,,,,,,,,,,,,,,,,,,,,,其他,0,0,0.5,1.0,0,0.736734693877551,0.007988110718929908,-0.05313022478172025,0.6441717791411042,0.5,0.5,0.5,0.5,0.5,0.5,0.5,0.5,0.5,0.736734693877551,0.45918367346938777,0.1469387755102041
2025-10-23,53.3,56.6,53.2,56.15,9907375.0,53.66,54.737,,,0.0464032799105478,0.0258143486124557,,,,,,,,0.0430986438788778,0.0622398789254634,-0.082516339869281,,0.0198197555769755,0.0277238933328321,,,-0.5249324012606067,-0.5829339458167883,0.0580015445561815,-61625884.0,,,,,,-0.0320569902048084,0.0430986438788778,,,0.986383751526773,0.0,0.0,0.0,0.5,,,,,,,,,,,,,,,,,,,,,,,,,,,,,,,,,,,,,,,,,,,,其他,0,0,0.5,1.0,0,0.2627291242362525,-0.03597506678539619,-0.10044523597506683,0.8673469387755102,0.5,0.5,0.5,0.5,0.5,0.5,0.5,0.5,0.5,0.26272912423625255,0.15478615071283094,0.06720977596741344
2025-10-24,55.9,57.18,54.9,56.01,7816118.0,54.34,54.408,,,0.0307324254692675,0.0294441993824436,,,,,,,,-0.0024933214603739,0.064626496863714,-0.0554806070826306,,0.0193592102947114,0.0265585904348346,,,-0.3965406706344012,-0.5434866529190431,0.1469459822846418,-69442002.0,,,,,,-0.0328512765577574,-0.0024933214603739,,,-0.211080836245726,0.0,0.0,0.0,0.5,,,,,,,,,,,,,,,,,,,,,,,,,,,,,,,,,,,,,,,,,,,,其他,0,0,0.5,1.0,0,0.1527494908350305,-0.039100160685591856,-0.13319050169612567,0.8346938775510204,0.5,0.5,0.5,0.5,0.5,0.5,0.5,0.5,0.5,0.15274949083503056,0.1120162932790224,0.0814663951120163
2025-10-27,55.7,55.78,54.3,54.93,5590317.0,54.852,54.075,,,0.0014220083132794,0.0158113730929263,,,,,,,,-0.0192822710230315,0.0488829482528165,-0.0571575695159628,,0.0233567684382557,0.0266529295098559,,23.5955056159155,-0.3578801788245656,-0.5046576400545653,0.1467774612299996,-75032319.0,23.28341464617916,4.15,,,,-0.0101947933733843,-0.0192822710230315,,23.5955056159155,-0.2847706495731,0.0,0.0,0.0,0.5,,,,,,,,,,,,,,,,,,,,,,,,,,,,,,,,,,,,,,,,,,,,其他,0,0,0.5,1.0,0,0.340122199592668,-0.03185872929182598,-0.10376843255051893,0.7877551020408163,0.5,0.5,0.01020408163265306,0.5,0.5,0.5,0.5,0.5,0.5,0.34012219959266804,0.14867617107942974,0.109979633401222
2025-10-28,56.3,58.04,56.3,56.68,9711720.0,55.52,54.2,,,0.0208933717579249,0.0457564575645756,,,,,,,,0.0318587292918259,0.0626171728533933,0.0225509651813098,,0.0252830310387178,0.0242537253177929,,31.119864938459884,-0.2203103208851544,-0.4457142915134508,0.2254039706282963,-65320599.0,29.255946379772183,3.137142857142857,,,,-0.044107268877911,0.0318587292918259,,31.119864938459884,0.737239587665601,0.0,0.0,0.0,0.5,,,,,,,,,,,,,,,,,,,,,,,,,,,,,,,,,,,,,,,,,,,,其他,0,0,0.5,1.0,0,0.1081632653061224,-0.05892731122088912,-0.12350035285815097,0.8957055214723927,0.5,0.5,0.034764826175869123,0.5,0.5,0.5,0.5,0.5,0.5,0.10816326530612246,0.07959183673469387,0.0673469387755102
2025-10-29,56.38,56.38,54.91,55.5,5697579.0,55.854,54.428,,,-0.0063379525190675,0.0196957448372161,,,,,,,,-0.020818630910374,0.0310235927921234,0.0428410372040586,,0.029472169347896,0.0210991344579342,,32.9952267275541,-0.1847207114395743,-0.3920037583927488,0.2072830469531745,-71018178.0,34.00108296065821,2.503571428571429,,,,-0.0223423423423423,-0.020818630910374,,32.9952267275541,-0.4133295646909095,0.0,0.0,0.0,0.5,,,,,,,,,,,,,,,,,,,,,,,,,,,,,,,,,,,,,,,,,,,,其他,0,0,0.5,1.0,0,0.2057026476578411,-0.04144144144144135,-0.10540540540540544,0.7346938775510204,0.5,0.5,0.06326530612244897,0.5,0.5,0.5,0.5,0.5,0.5,0.20570264765784113,0.12830957230142567,0.10386965376782077
2025-10-30,55.18,55.79,54.31,54.35,4760488.0,55.49400000000001,54.577,,,-0.0206148412440985,-0.0041592612272568,,,,,,,,-0.0207207207207207,-0.0320569902048084,0.0281876655315929,,0.0226818552469517,0.0223446112711775,,34.54091192702329,-0.22645353825461,-0.3581309669096139,0.1316774286550038,-75778666.0,37.99029287030852,2.187857142857143,,,,-0.0040478380864765,-0.0207207207207207,,34.54091192702329,-0.1644717870520092,0.0,0.0,0.0,0.5,,,,,,,,,,,,,,,,,,,,,,,,,,,,,,,,,,,,,,,,,,,,其他,0,0,0.5,1.0,0,0.2219959266802444,-0.02428702851885922,-0.08371665133394668,0.26326530612244897,0.5,0.5,0.10408163265306122,0.5,0.5,0.5,0.5,0.5,0.5,0.2219959266802444,0.12627291242362526,0.13441955193482688
2025-10-31,54.34,54.61,53.99,54.17,3067749.0,55.126,54.733,,,-0.0173420890323984,-0.0102862989421372,,,,,,,,-0.0033118675252989,-0.0328512765577574,0.0296521573845276,,0.0226505226015801,0.0222945233684206,,36.50165016164343,-0.2669831193538172,-0.3395669783098937,0.0725838589560765,-78846415.0,41.207951430096,1.9828571428571429,,,,-0.0064611408528706,-0.0033118675252989,,36.50165016164343,-0.3555809824538997,0.0,0.0,0.0,0.5,,,,,,,,,,,,,,,,,,,,,,,,,,,,,,,,,,,,,,,,,,,,其他,0,0,0.5,1.0,0,0.2362525458248472,-0.028059811703895154,-0.08602547535536276,0.15306122448979592,0.5,0.5,0.10612244897959183,0.5,0.5,0.5,0.5,0.5,0.5,0.23625254582484725,0.14052953156822812,0.08757637474541752
2025-11-03,54.0,54.65,53.71,54.37,2567502.0,55.014,54.93300000000001,,,-0.0117061111717017,-0.0102488485973823,,,,,,,,0.0036920804873545,-0.0101947933733843,0.0381898033225129,,0.0217085391849142,0.0221295626645223,,45.7667731578216,-0.2820533525970816,-0.3278960574721767,0.045842704875095,-76278913.0,45.59268267484789,1.7371428571428569,,,,-0.0218870700754092,0.0036920804873545,,45.7667731578216,-0.1630664699100219,0.0,0.0,0.0,0.5,,,,,,,,,,,,,,,,,,,,,,,,,,,,,,,,,,,,,,,,,,,,其他,0,0,0.5,1.0,0,0.1160896130346232,-0.0432223652749677,-0.05738458708846783,0.33877551020408164,0.5,0.5,0.23673469387755103,0.5,0.5,0.5,0.5,0.5,0.5,0.11608961303462322,0.11608961303462322,0.1894093686354379
2025-11-04,54.18,54.39,53.65,54.18,2808670.0,54.514,55.017,55.6075,,-0.0061268664930108,-0.0152134794699819,-0.0256709976172279,,55.6075,61.46287225208836,49.75212774791164,0.3781033947475598,0.2105964933535162,-0.0034945742137207,-0.044107268877911,0.0157480314960629,,0.0111891109911682,0.0216103858512003,,54.57142856415239,-0.3026501102279226,-0.3227879758518522,0.0201378656239296,-79087583.0,48.71665828526864,1.6185714285714283,0.3281908237066541,0.1642468239549525,,-0.0155038759689921,-0.0034945742137207,,54.57142856415239,0.093930988174498,0.0,0.0,0.0,0.5,,,,,,,,,,,,,,,,,,,,,,,,,,,,,,,,,,,,,,,,,,,,其他,0,0,0.5,1.0,0,0.136734693877551,-0.044481358434846796,-0.06256921373200441,0.10633946830265849,0.5,0.5,0.5746421267893661,0.006134969325153374,0.18404907975460122,0.5,0.5,0.5,0.5,0.13673469387755102,0.11632653061224489,0.1653061224489796
2025-11-05,53.73,54.43,53.5,54.26,2543038.0,54.266,55.06,55.151,,-0.0001105664688755,-0.0145296040682891,-0.0161556454098746,,55.151,59.73785031252096,50.56414968747903,0.4028745283437661,0.1663378837197022,0.0014765596160943,-0.0223423423423423,0.0079881107189299,-0.1440290266603565,0.0095963504112249,0.021453414566994,0.0228945153460939,56.84931506070557,-0.309643592764786,-0.3201346264053501,0.010491033640564,-76544545.0,50.42893397470669,1.6028571428571428,0.3476021757602746,0.2140430351051636,,-0.01953556948028,0.0014765596160943,0.0228945153460939,56.84931506070557,-0.0945757244532109,0.0,0.0,0.0,0.5,,,,,,,,,,,,,,,,,,,,,,,,,,,,,,,,,,,,,,,,,,,,其他,0,0,0.5,1.0,0,0.1894093686354379,-0.06063398451898261,-0.07353483228897895,0.20408163265306123,0.01020408163265306,0.6163265306122448,0.49183673469387756,0.0163265306122449,0.22244897959183674,0.5,0.5,0.5,0.5,0.1894093686354379,0.1120162932790224,0.17515274949083504
2025-11-06,54.18,54.42,54.0,54.13,2517557.0,54.222,54.858,54.7975,,-0.0016967282652797,-0.0132706259798024,-0.0121812126465622,,54.7975,58.40710633514748,51.18789366485252,0.4075383936551244,0.1317434676815874,-0.0023958717287134,-0.0040478380864765,-0.0359750667853961,-0.1155228758169935,0.0032201824188941,0.0155440024411783,0.0220066114400349,57.52475246727382,-0.3200884207236782,-0.3201253165745896,3.689585091132264e-05,-79062102.0,55.98797303460357,1.5185714285714285,0.3945973626336388,0.2539682539645899,,-0.0203214483650471,-0.0023958717287134,0.0220066114400349,57.52475246727382,-0.0100199053258347,0.0,0.0,0.0,0.5,,,,,,,,,,,,,,,,,,,,,,,,,,,,,,,,,,,,,,,,,,,,其他,0,0,0.5,1.0,0,0.164969450101833,-0.06687603916497331,-0.07685202290781457,0.22040816326530613,0.03469387755102041,0.5755102040816327,0.37142857142857144,0.026530612244897958,0.21836734693877552,0.5,0.5,0.5,0.5,0.164969450101833,0.16089613034623218,0.23421588594704684
2025-11-07,54.35,54.87,53.8,53.82,4032540.0,54.152,54.639,54.52349999999999,,-0.0061308908258236,-0.0149892933618842,-0.0129026933340667,,54.52349999999999,57.463978120807454,51.58302187919253,0.3803765967412051,0.1078609451264893,-0.0057269536301496,-0.0064611408528706,-0.0391001606855918,-0.0924114671163575,0.0038159086416071,0.0155532331989553,0.0211965847615951,57.12881021829104,-0.3454549511635392,-0.3252213250167088,-0.0202336261468303,-83094642.0,56.61721514306037,1.5121428571428572,0.6916524441236985,0.2461799660399634,,-0.0217391304347825,-0.0057269536301496,0.0211965847615951,57.12881021829104,0.6017671099403112,0.0,0.0,0.0,0.5,,,,,,,,,,,,,,,,,,,,,,,,,,,,,,,,,,,,,,,,,,,,其他,0,0,0.5,1.0,0,0.1608961303462321,-0.09791898922333708,-0.07209215904868083,0.23469387755102042,0.05510204081632653,0.5530612244897959,0.42244897959183675,0.3040816326530612,0.23061224489795917,0.5,0.5,0.5,0.5,0.16089613034623218,0.17311608961303462,0.1975560081466395
2025-11-10,53.54,53.54,52.8,53.18,2993103.0,53.914,54.464,54.2695,,-0.0136142745854509,-0.023575205640423,-0.0200757331466108,,54.2695,56.68103783649399,51.857962163506,0.2741067994994904,0.0888726756830097,-0.0118914901523596,-0.0218870700754092,-0.0318587292918259,-0.087195331273601,0.0049308544010146,0.0149015516538062,0.0210526204496794,49.18699186292052,-0.4050771127350003,-0.3412682620780986,-0.0638088506569017,-86087745.0,51.12263014401793,1.482857142857143,0.5468863640487193,0.1879350347984242,,-0.0218127115456937,-0.0118914901523596,0.0210526204496794,49.18699186292052,-0.2577623532562603,0.0,0.0,0.0,0.5,,,,,,,,,,,,,,,,,,,,,,,,,,,,,,,,,,,,,,,,,,,,其他,0,0,0.5,1.0,0,0.2342158859470468,-0.07427604362542317,-0.05904475366679207,0.11428571428571428,0.0653061224489796,0.5551020408163265,0.25918367346938775,0.08775510204081632,0.12244897959183673,0.5,0.5,0.5,0.5,0.23421588594704684,0.3075356415478615,0.3095723014256619
2025-11-11,53.18,53.65,53.08,53.34,2176817.0,53.746,54.13,54.165000000000006,,-0.0075540505339931,-0.0145944947348973,-0.0152312378842426,,54.165000000000006,56.54573407520499,51.78426592479502,0.3267341135188223,0.0879067322145513,0.0030086498683716,-0.0155038759689921,-0.0589273112208891,-0.0377052137831498,0.0059780287887873,0.0089972613385079,0.0183320932990324,47.42376445148338,-0.4355575541506624,-0.3601976336364425,-0.0753599205142199,-83910928.0,49.100273315063696,1.432857142857143,0.4325471675758753,0.2250580046351507,,-0.0294338207724034,0.0030086498683716,0.0183320932990324,47.42376445148338,-0.2727223219514998,0.0,0.0,0.0,0.5,,,,,,,,,,,,,,,,,,,,,,,,,,,,,,,,,,,,,,,,,,,,其他,0,0,0.5,1.0,0,0.298780487804878,-0.06861642294713166,-0.06580427446569193,0.13441955193482688,0.12016293279022404,0.4623217922606925,0.21181262729124237,0.034623217922606926,0.13238289205702647,0.5,0.5,0.5,0.5,0.29878048780487804,0.29471544715447157,0.3638211382113821
2025-11-12,53.2,53.64,52.94,53.2,2047552.0,53.534000000000006,53.9,54.164,,-0.006239025665932,-0.0129870129870128,-0.017797799276272,,54.164,56.546421589807096,51.78157841019291,0.2976848421467205,0.087970666487065,-0.0026246719160104,-0.01953556948028,-0.0414414414414413,-0.0003757985719653,0.0054501509939674,0.0073629753007653,0.0160005301210923,29.877216911073944,-0.4640109561942864,-0.3810232396801497,-0.0829877165141367,-85958480.0,38.74541956085272,1.2400000000000004,0.4336984384838058,0.1925754060280156,,-0.0419172932330828,-0.0026246719160104,0.0160005301210923,29.877216911073944,-0.0593825755679048,0.0,0.0,0.0,0.5,,,,,,,,,,,,,,,,,,,,,,,,,,,,,,,,,,,,,,,,,,,,其他,0,0,0.5,1.0,0,0.2118126272912423,-0.06672932330827075,-0.04172932330827084,0.18571428571428572,0.3183673469387755,0.38571428571428573,0.044897959183673466,0.0326530612244898,0.15714285714285714,0.5,0.5,0.5,0.5,0.21181262729124237,0.29124236252545826,0.4989816700610998
2025-11-13,53.25,53.26,52.67,53.03,2066763.0,53.314,53.768,54.17249999999999,,-0.005326931012492,-0.0137256360660614,-0.021090036457612,,54.17249999999999,56.53647412934458,51.8085258706554,0.2583518394208097,0.0872757996895187,-0.0031954887218045,-0.0203214483650471,-0.0242870285188592,0.0032160423760878,0.0054055747195582,0.0045368008199272,0.0159397161291216,29.75543477694869,-0.4928080713854541,-0.4034343928646747,-0.0893736785207793,-88025243.0,27.967423107510143,1.1192857142857144,0.4533238204108032,0.1531322505764942,,-0.0475202715444088,-0.0031954887218045,0.0159397161291216,29.75543477694869,0.0093824234988904,0.0,0.0,0.0,0.5,,,,,,,,,,,,,,,,,,,,,,,,,,,,,,,,,,,,,,,,,,,,其他,0,0,0.5,1.0,0,0.2979591836734694,-0.060908919479539914,0.007542900245144146,0.16155419222903886,0.261758691206544,0.38445807770961143,0.044989775051124746,0.03885480572597137,0.11451942740286299,0.5,0.5,0.5,0.5,0.2979591836734694,0.4306122448979592,0.7959183673469388
2025-11-14,52.7,53.1,52.6,52.65,2087669.0,53.080000000000005,53.61600000000001,54.1745,,-0.0081009796533535,-0.0180170098478067,-0.0281405458287571,,54.1745,56.53296939660808,51.81603060339193,0.1768030990331685,0.0870693553832049,-0.007165755232887,-0.0217391304347825,-0.0280598117038951,0.0007603117278083,0.0055511060118453,0.0047758812641298,0.0159892449288295,32.88288287597055,-0.5366899325833785,-0.4301371514553197,-0.1065527811280587,-90112912.0,30.022211020943743,1.032857142857143,0.476866274381969,0.0649651972142701,,-0.0778727445394112,-0.007165755232887,0.0159892449288295,32.88288287597055,0.0101153349464839,0.0,0.0,0.0,0.5,,,,,,,,,,,,,,,,,,,,,,,,,,,,,,,,,,,,,,,,,,,,其他,0,0,0.5,1.0,0,0.3877551020408163,-0.05963912630579293,-0.005128205128204999,0.1574642126789366,0.20245398773006135,0.3946830265848671,0.09611451942740286,0.032719836400818,0.11451942740286299,0.5,0.5,0.5,0.5,0.3877551020408163,0.2979591836734694,0.763265306122449
2025-11-17,52.64,52.64,51.91,52.02,2148067.0,52.848,53.38100000000001,54.157,,-0.0156675749318799,-0.0254959629830839,-0.0394593496685561,,54.157,56.57625695421679,51.737743045783205,0.0583354640603569,0.0893423547911562,-0.0119658119658119,-0.0218127115456937,-0.0432223652749677,-0.0066832155814396,0.0055763113880043,0.0049624712915422,0.016188741259283,7.942238265140915,-0.610101185399536,-0.466185740734198,-0.1439154446653379,-92260979.0,11.255850870235577,0.8635714285714288,0.507228758406839,0.0,,-0.0536332179930797,-0.0119658119658119,0.016188741259283,7.942238265140915,0.0289308314680152,0.0,0.0,0.0,0.5,,,,,,,,,,,,,,,,,,,,,,,,,,,,,,,,,,,,,,,,,,,,其他,0,0,0.5,1.0,0,0.5591836734693878,-0.014801999231065066,-0.01537870049980783,0.2310838445807771,0.20449897750511248,0.4110429447852761,0.0,0.07566462167689161,0.07157464212678936,0.5,0.5,0.5,0.5,0.5591836734693878,0.6571428571428571,0.7183673469387755
2025-11-18,52.34,52.34,51.7,51.77,1859244.0,52.534000000000006,53.14,54.0785,,-0.0145429626527582,-0.0257809559653744,-0.0426879443771553,,54.0785,56.702593026271416,51.45440697372858,0.0601337344190567,0.097047552216373,-0.0048058439061898,-0.0294338207724034,-0.0444813584348467,-0.0294338207724034,0.0037954668798093,0.0049532762648595,0.0155974870014851,9.544468543739184,-0.6784870187217749,-0.508698624733001,-0.1697883939887738,-94120223.0,12.480696397815509,0.7828571428571429,0.4568868010119292,0.0,,-0.0403708711609041,-0.0048058439061898,0.0155974870014851,9.544468543739184,-0.1344571654422325,0.0,0.0,0.0,0.5,,,,,,,,,,,,,,,,,,,,,,,,,,,,,,,,,,,,,,,,,,,,其他,0,0,0.5,1.0,0,0.4408163265306122,-0.018929882171141665,0.019123044234112374,0.2965235173824131,0.19427402862985685,0.38445807770961143,0.0,0.03680981595092025,0.1083844580777096,0.5,0.5,0.5,0.5,0.44081632653061226,0.5285714285714286,0.8244897959183674
2025-11-19,51.8,51.84,50.75,50.97,2363320.0,52.088,52.811,53.935500000000005,,-0.0214636768545538,-0.0348601617087349,-0.0549823400172428,,53.935500000000005,56.905521974045946,50.96547802595406,0.000761269459515,0.1101323608399082,-0.0154529650376666,-0.0419172932330828,-0.0606339845189826,-0.0531302247817202,0.0050970319571025,0.0055320394662208,0.0156918760884313,10.328638494258144,-0.7825471549841012,-0.5635226258440924,-0.2190245291400088,-96483543.0,13.408225028907664,0.7550000000000006,0.6001077559227288,0.0,,-0.025897586815774,-0.0154529650376666,0.0156918760884313,10.328638494258144,0.2711187988236079,0.0,0.0,0.0,0.5,,,,,,,,,,,,,,,,,,,,,,,,,,,,,,,,,,,,,,,,,,,,其他,0,0,0.5,1.0,0,0.5519348268839104,-0.013733568765940674,0.020600353148911177,0.21224489795918366,0.14285714285714285,0.38571428571428573,0.0,0.23877551020408164,0.10204081632653061,0.5,0.5,0.5,0.5,0.5519348268839104,0.5254582484725051,0.814663951120163
2025-11-20,50.96,51.28,50.4,50.51,1891847.0,51.58399999999999,52.449,53.6535,,-0.0208204094292802,-0.0369692463154683,-0.0585889084589075,,53.6535,56.803753289733,50.50324671026699,0.0010718645632254,0.117429554072973,-0.0090249166176181,-0.0475202715444088,-0.0668760391649733,-0.1004452359750668,0.0041551165299279,0.0054186800480362,0.0114580055840253,9.69162995295848,-0.8886620888079051,-0.6286020796923131,-0.260060009115592,-98375390.0,13.929374393953651,0.7735714285714295,0.5348154271109461,0.0,,-0.0140566224509998,-0.0090249166176181,0.0114580055840253,9.69162995295848,-0.1994960479325694,0.0,0.0,0.0,0.5,,,,,,,,,,,,,,,,,,,,,,,,,,,,,,,,,,,,,,,,,,,,其他,0,0,0.5,1.0,0,0.6069246435845214,-0.010690952286675937,0.036032468818055774,0.2979591836734694,0.0653061224489796,0.1836734693877551,0.0,0.19183673469387755,0.09591836734693877,0.5,0.5,0.5,0.5,0.6069246435845214,0.5865580448065173,0.824847250509165
2025-11-21,50.01,50.39,48.53,48.55,2900726.0,50.764,51.922,53.2805,,-0.0436135844299109,-0.0649435691999539,-0.0887848274697121,,53.2805,56.97543237599252,49.585567624007474,-0.14013350159288,0.1386973611728714,-0.0388041971886755,-0.0778727445394112,-0.097918989223337,-0.1331905016961256,0.013328218852542,0.0114133155955935,0.0136674931596881,3.809523808677284,-1.1064775136811136,-0.7242377828183085,-0.382239730862805,-101276116.0,13.903913891727557,0.8478571428571436,0.8812474757819372,0.0,,0.0197734294541709,-0.0388041971886755,0.0136674931596881,3.809523808677284,0.5332772681934639,0.0,0.0,0.0,0.5,,,,,,,,,,,,,,,,,,,,,,,,,,,,,,,,,,,,,,,,,,,,其他,0,0,0.5,1.0,0,0.4227642276422764,0.028630278063851655,0.14191555097837294,0.384928716904277,0.07942973523421588,0.20773930753564154,0.0,0.31568228105906315,0.13034623217922606,0.5,0.5,0.5,0.5,0.42276422764227645,0.5020325203252033,0.8780487804878049
2025-11-24,48.66,49.39,48.31,49.23,1657793.0,50.206,51.527,52.99550000000001,,-0.0194399075807674,-0.0445785704582064,-0.0710532026304121,,52.99550000000001,57.0193942907534,48.97160570924662,0.0321074899189001,0.1518579611757902,0.0140061791967043,-0.0536332179930797,-0.0742760436254231,-0.1037684325505189,0.0191070089368577,0.0136950175019034,0.014116725474732,13.549337257883806,-1.213375227633911,-0.8221149013766647,-0.3912603262572462,-99618323.0,14.466842569784449,0.8721428571428577,0.5356380795371302,0.0836408364073352,,0.0410318911232989,0.0140061791967043,0.014116725474732,13.549337257883806,-0.4284903158726471,0.0,0.0,0.0,0.5,,,,,,,,,,,,,,,,,,,,,,,,,,,,,,,,,,,,,,,,,,,,其他,0,0,0.5,1.0,0,0.7032520325203252,0.01645338208409508,0.15539305301645356,0.5560081466395111,0.1079429735234216,0.20570264765784113,0.008146639511201629,0.1710794297352342,0.1629327902240326,0.5,0.5,0.5,0.5,0.7032520325203252,0.4613821138211382,0.9085365853658537
2025-11-25,49.14,49.83,49.13,49.68,1768629.0,49.788,51.161,52.64549999999999,,-0.002169197396963,-0.0289478313559157,-0.0563296008205828,,52.64549999999999,56.53550595318171,48.75549404681827,0.1188309175225904,0.1477811381095946,0.0091407678244972,-0.0403708711609041,-0.0686164229471316,-0.1235003528581509,0.0211161661925965,0.0143448076140535,0.0116646836460816,18.016759773013533,-1.249309782216656,-0.907588549775606,-0.3417212324410502,-97849694.0,20.05924461251896,0.855714285714286,0.6555740216132383,0.1625899280552148,,0.0223429951690821,0.0091407678244972,0.0116646836460816,18.016759773013533,0.0668575630371222,0.0,0.0,0.0,0.5,,,,,,,,,,,,,,,,,,,,,,,,,,,,,,,,,,,,,,,,,,,,其他,0,0,0.5,1.0,0,0.6592292089249493,0.003019323671497487,0.11292270531400961,0.439918533604888,0.06517311608961303,0.1120162932790224,0.020366598778004074,0.34623217922606925,0.19144602851323828,0.5,0.5,0.5,0.5,0.6592292089249493,0.5253549695740365,0.8904665314401623
2025-11-26,49.69,49.95,49.51,49.65,1320671.0,49.524,50.806,52.353,,0.0025442209837656,-0.0227532181238435,-0.051630279067102,,52.353,56.21894905621671,48.48705094378328,0.1504092577644775,0.1476877755318445,-0.0006038647342995,-0.025897586815774,-0.0667293233082707,-0.1054054054054054,0.0208532341984494,0.0144271228694227,0.011226599276445,18.271954670597665,-1.2652899872707053,-0.9791520609617704,-0.2861379263089347,-99170365.0,16.578174839759527,0.8571428571428577,0.5327461849592006,0.1890034364228696,,0.0124874118831823,-0.0006038647342995,0.011226599276445,18.271954670597665,-0.2532798003425252,0.0,0.0,0.0,0.5,,,,,,,,,,,,,,,,,,,,,,,,,,,,,,,,,,,,,,,,,,,,其他,0,0,0.5,1.0,0,0.5233265720081136,0.026787512588116735,0.12265861027190339,0.5519348268839104,0.10183299389002037,0.09979633401221996,0.06517311608961303,0.1955193482688391,0.2729124236252546,0.5,0.5,0.5,0.5,0.5233265720081136,0.6693711967545639,0.8782961460446247
2025-11-27,49.46,50.26,49.34,49.8,1447503.0,49.382,50.483,52.1255,,0.0084646227370297,-0.0135293068953905,-0.0446134809258425,,52.1255,56.03193450301109,48.21906549698892,0.2023500588288704,0.1498857374223207,0.0030211480362536,-0.0140566224509998,-0.0609089194795399,-0.0837166513339466,0.0209757303515482,0.0147298464343359,0.0107779485216951,20.86956521315693,-1.251907068142998,-1.0337172283253706,-0.2181898398176274,-97722862.0,23.0931635771817,0.8464285714285715,0.6257204956647061,0.2147766322987151,,0.0034136546184739,0.0030211480362536,0.0107779485216951,20.86956521315693,0.0960360301695122,0.0,0.0,0.0,0.5,,,,,,,,,,,,,,,,,,,,,,,,,,,,,,,,,,,,,,,,,,,,其他,0,0,0.5,1.0,0,0.5304878048780488,0.07289156626506021,0.10481927710843375,0.6081632653061224,0.1346938775510204,0.08571428571428572,0.08571428571428572,0.41836734693877553,0.31020408163265306,0.5,0.5,0.5,0.5,0.5304878048780488,0.8821138211382114,0.8617886178861789
2025-11-28,49.79,49.79,48.9,49.51,1311207.0,49.574,50.169,51.8925,,-0.0012909993141566,-0.0131356016663676,-0.0459122223828106,,51.8925,55.84114866958167,47.943851330418326,0.1983145122059899,0.1521857173801248,-0.0058232931726907,0.0197734294541709,-0.0596391263057929,-0.0860254753553627,0.0078292481063833,0.0147258345474243,0.0107803869377656,21.98473281972849,-1.249038058949118,-1.0767903403854977,-0.1722477185636204,-99034069.0,24.667471176835,0.8378571428571426,0.5891712325470975,0.1649484536054134,,0.0086851141183599,-0.0058232931726907,0.0107803869377656,21.98473281972849,-0.0941593903432324,0.0,0.0,0.0,0.5,,,,,,,,,,,,,,,,,,,,,,,,,,,,,,,,,,,,,,,,,,,,其他,0,0,0.5,1.0,0,0.5943204868154158,0.057968087255100054,0.10260553423550811,0.4215885947046843,0.0855397148676171,0.09164969450101833,0.109979633401222,0.34623217922606925,0.15478615071283094,0.5,0.5,0.5,0.5,0.5943204868154158,0.8580121703853956,0.8539553752535497
2025-12-01,49.51,51.25,49.46,51.25,2854841.0,49.978,50.092,51.7365,,0.0254511985273522,0.0231174638664857,-0.009403419249466,,51.7365,55.51592504677764,47.95707495322236,0.4356383584775208,0.1461028498939949,0.0351444152696425,0.0410318911232989,-0.014801999231065,-0.0573845870884678,0.0160301663421659,0.0194077122854482,0.0138771245588541,37.14637145731796,-1.0999881117746,-1.0814306656696029,-0.0185574461049971,-96179228.0,26.18487333924816,0.9249999999999996,1.2745520922044922,0.4728546409724548,,-0.0236097560975609,0.0351444152696425,0.0138771245588541,37.14637145731796,1.1772618663567234,0.0,0.0,0.0,0.5,,,,,,,,,,,,,,,,,,,,,,,,,,,,,,,,,,,,,,,,,,,,其他,0,0,0.5,1.0,0,0.22920892494929,-0.0005853658536585371,0.08663414634146327,0.7026476578411406,0.1894093686354379,0.20773930753564154,0.384928716904277,0.814663951120163,0.5336048879837068,0.5,0.5,0.5,0.5,0.22920892494929007,0.6896551724137931,0.8742393509127789
2025-12-02,50.75,51.25,50.62,50.79,1422284.0,50.2,49.994,51.56699999999999,,0.0117529880478088,0.0159219106292753,-0.0150677759031937,,51.56699999999999,55.18565982752842,47.94834017247157,0.3926398118264192,0.1403478902213201,-0.0089756097560975,0.0223429951690821,-0.0189298821711416,-0.0625692137320044,0.0177162725586745,0.0195352959199859,0.013944297297416,35.73964496449284,-1.005838494059276,-1.066310221495767,0.0604717274364909,-97601512.0,32.14172993328931,0.9199999999999996,0.655261752787088,0.3922942206586291,,-0.0189013585351447,-0.0089756097560975,0.013944297297416,35.73964496449284,-0.5017992245452549,0.0,0.0,0.0,0.5,,,,,,,,,,,,,,,,,,,,,,,,,,,,,,,,,,,,,,,,,,,,其他,0,0,0.5,1.0,0,0.4401622718052738,0.03878716282732819,0.0950974601299468,0.6585365853658537,0.1629327902240326,0.2240325865580448,0.34623217922606925,0.3910386965376782,0.45010183299389,0.5,0.5,0.5,0.5,0.44016227180527384,0.8924949290060852,0.8519269776876268
2025-12-03,50.76,50.76,49.89,50.27,1352745.0,50.324,49.924,51.36749999999999,,-0.0010730466576582,0.0069305344123067,-0.0213656494865428,,51.36749999999999,54.79598055957271,47.93901944042728,0.3399436746156198,0.1334883169150158,-0.0102382358732032,0.0124874118831823,-0.0137335687659406,-0.0735348322889789,0.0189015868498871,0.0191951281176396,0.0139864610957687,34.31818181272213,-0.9604512155046764,-1.0451361686860463,0.0846849531813702,-98954257.0,33.14008184317716,0.942142857142857,0.6407943482369078,0.3082437275930429,,0.0141237318480205,-0.0102382358732032,0.0139864610957687,34.31818181272213,-0.0488924856076564,0.0,0.0,0.0,0.5,,,,,,,,,,,,,,,,,,,,,,,,,,,,,,,,,,,,,,,,,,,,其他,0,0,0.5,1.0,0,0.7226720647773279,0.03481201511836085,0.15993634374378352,0.5223577235772358,0.17311608961303462,0.219959266802444,0.3890020366598778,0.2953156822810591,0.42769857433808556,0.5,0.5,0.5,0.5,0.7226720647773279,0.8502024291497976,0.9271255060728745
2025-12-04,50.27,50.28,49.59,49.97,1105360.0,50.358,49.870000000000005,51.1595,,-0.0077048333929067,0.0020052135552435,-0.0232508136318768,,51.1595,54.38081372350828,47.93818627649173,0.3153703578526222,0.1259321816476696,-0.0059677740202904,0.0034136546184739,-0.0106909522866759,-0.0768520229078145,0.0192782970135084,0.0190809404422533,0.0139914849833871,34.63302751737544,-0.936966509906398,-1.0235003963621627,0.0865338864557647,-100059617.0,34.56393714493869,0.9557142857142854,0.5417278740275874,0.2694497153649062,,0.0692415449269561,-0.0059677740202904,0.0139914849833871,34.63302751737544,-0.1828762996721481,0.0,0.0,0.0,0.5,,,,,,,,,,,,,,,,,,,,,,,,,,,,,,,,,,,,,,,,,,,,其他,0,0,0.5,1.0,0,0.9230769230769232,0.047228337002201304,0.24774864918951378,0.5284552845528455,0.23217922606924643,0.2240325865580448,0.4439918533604888,0.1975560081466395,0.515274949083503,0.5,0.5,0.5,0.5,0.9230769230769231,0.8603238866396761,0.9493927125506073
2025-12-05,50.0,50.0,49.51,49.94,1109720.0,50.444,50.009,50.9655,,-0.0099912774561891,-0.001379751644704,-0.0201214547095583,,50.9655,53.97237965558275,47.95862034441725,0.329474385825694,0.1179966705154212,-0.0006003602161297,0.0086851141183599,0.0286302780638516,-0.0720921590486808,0.0189667912991498,0.0137231212931459,0.0140031562654788,37.19211822018854,-0.9101539691540664,-1.000829568023918,0.0906755988698515,-101169337.0,36.1699741646077,0.9378571428571424,0.5858227690800005,0.2901878914344425,,0.0488586303564277,-0.0006003602161297,0.0140031562654788,37.19211822018854,0.0039444162987622,0.0,0.0,0.0,0.5,,,,,,,,,,,,,,,,,,,,,,,,,,,,,,,,,,,,,,,,,,,,其他,0,0,0.5,1.0,0,0.9066937119675456,0.11013215859030834,0.26611934321185426,0.594704684317719,0.19591836734693877,0.21020408163265306,0.4346938775510204,0.2571428571428571,0.4,0.5,0.5,0.5,0.5,0.9066937119675457,0.947261663286004,0.9574036511156186
2025-12-08,50.06,50.27,49.88,50.04,1210409.0,50.202,50.09,50.8085,,-0.0032269630692004,-0.0009982032341784,-0.0151254219274334,,50.8085,53.65199136764898,47.96500863235102,0.3648668308298943,0.1119297506379201,0.0020024028834602,-0.0236097560975609,0.016453382084095,-0.059044753666792,0.0052979657523454,0.0131580735422865,0.0139166758974853,39.14680049500558,-0.8710062672076901,-0.9748634941331392,0.1038572269254489,-99958928.0,42.37107891009769,0.9199999999999996,0.6705278791746995,0.3110647181563452,,0.0235811350919263,0.0020024028834602,0.0139166758974853,39.14680049500558,0.0907336985906355,0.0,0.0,0.0,0.5,,,,,,,,,,,,,,,,,,,,,,,,,,,,,,,,,,,,,,,,,,,,其他,0,0,0.5,1.0,0,0.8600405679513184,0.13669064748201443,0.2553956834532374,0.22810590631364563,0.30612244897959184,0.2163265306122449,0.37755102040816324,0.25510204081632654,0.4142857142857143,0.5,0.5,0.5,0.5,0.8600405679513184,0.9614604462474645,0.9634888438133874
2025-12-09,50.0,50.58,49.8,49.83,1263500.0,50.010000000000005,50.105,50.633,,-0.0035992801439713,-0.0054884742041712,-0.015859222246361,,50.633,53.24224752209874,48.02375247790125,0.3461242191026942,0.1030650967587776,-0.0041966426858512,-0.0189013585351447,0.0030193236714974,-0.0658042744656919,0.0047490268654852,0.0129961382406169,0.013847496767406,42.27642275620773,-0.8466451102071986,-0.9492187003596472,0.1025735901524486,-101222428.0,50.13841723228343,0.8978571428571424,0.7181047944222553,0.2752688171983812,,0.0587999197270721,-0.0041966426858512,0.013847496767406,42.27642275620773,0.0438620334118466,0.0,0.0,0.0,0.5,,,,,,,,,,,,,,,,,,,,,,,,,,,,,,,,,,,,,,,,,,,,其他,0,0,0.5,1.0,0,0.9452332657200812,0.10957254665863947,0.21974714027694175,0.439918533604888,0.35918367346938773,0.21020408163265306,0.46938775510204084,0.373469387755102,0.5265306122448979,0.5,0.5,0.5,0.5,0.9452332657200812,0.9391480730223124,0.9350912778904665
2025-12-10,49.83,51.1,49.55,50.98,2618864.0,50.152,50.238,50.522,,0.0165098101770615,0.0147696962458696,0.0090653576659671,,50.522,52.84458114129393,48.19941885870607,0.5985972011477245,0.0919433570044469,0.023078466787076,0.0141237318480205,0.0267875125881167,-0.0417293233082708,0.0117177398974114,0.0148265629139607,0.0150542536646627,52.912019817338674,-0.7286027924266776,-0.9050939812509942,0.1764911888243165,-98603564.0,59.9284693626845,0.9457142857142854,1.464641445375852,0.5424107142736063,,0.0204001569242842,0.023078466787076,0.0150542536646627,52.912019817338674,1.072705975464978,0.0,0.0,0.0,0.5,,,,,,,,,,,,,,,,,,,,,,,,,,,,,,,,,,,,,,,,,,,,其他,0,0,0.5,1.0,0,0.8701825557809331,0.09336994899960782,0.21832091016084743,0.7235772357723578,0.49795918367346936,0.2755102040816326,0.6836734693877551,0.8877551020408163,0.6959183673469388,0.5,0.5,0.5,0.5,0.8701825557809331,0.9310344827586207,0.922920892494929
2025-12-11,52.01,53.79,52.0,53.43,7999167.0,50.844,50.601,50.542,,0.0508614585791833,0.0559079860081817,0.0571405959400104,,50.542,52.960425760261046,48.12357423973894,1.097082624438006,0.0956996462449553,0.0480580619850923,0.0692415449269561,0.0728915662650602,0.0075429002451441,0.021966172660371,0.0206259196770216,0.0187521297566794,78.5046728843567,-0.4372445716003383,-0.8115214909005318,0.3742769193001934,-90604397.0,77.58315911415943,1.005,3.837122974801436,0.9999999999795082,,-0.0205876848212614,0.0480580619850923,0.0187521297566794,78.5046728843567,2.0544415441198933,0.0,0.0,0.0,0.5,,,,,,,,,,,,,,,,,,,,,,,,,,,,,,,,,,,,,,,,,,,,其他,0,0,0.5,1.0,0,0.3286004056795132,0.029758562605278094,0.1512259030507206,0.9247967479674797,0.7979591836734694,0.4204081632653061,0.9591836734693877,0.9959183673469387,0.9122448979591836,0.5,0.5,0.5,0.5,0.3286004056795132,0.6369168356997972,0.8235294117647058
2025-12-12,52.99,53.0,52.13,52.38,3728193.0,51.332,50.888,50.5285,,0.0204161147042782,0.0293192894199025,0.0366426868005187,,50.5285,52.8999377162609,48.15706228373909,0.8903750006199337,0.0938653518808677,-0.0196518809657495,0.0488586303564277,0.0579680872551,-0.0051282051282049,0.0262873635963975,0.0220163649430103,0.0192241294956002,67.63717804090797,-0.2858936158431717,-0.7063935714581151,0.4204999556149433,-94332590.0,71.89420642903765,1.0207142857142857,1.720674415915968,0.7848360655576885,,0.0584192439862543,-0.0196518809657495,0.0192241294956002,67.63717804090797,-0.5339273451848174,0.0,0.0,0.0,0.5,,,,,,,,,,,,,,,,,,,,,,,,,,,,,,,,,,,,,,,,,,,,其他,0,0,0.5,1.0,0,0.8785425101214575,0.04219167621229469,0.14490263459335617,0.9046653144016227,0.7637474541751528,0.4378818737270876,0.8739837398373984,0.9022403258655805,0.8492871690427699,0.5,0.5,0.5,0.5,0.8785425101214575,0.7206477732793523,0.840080971659919
2025-12-15,52.15,52.15,51.1,51.22,2305013.0,51.568000000000005,50.885000000000005,50.4885,,-0.0067483710828422,0.0065834725361106,0.0144884478643649,,50.4885,52.779638765353326,48.19736123464668,0.6596367734237228,0.0907588367786242,-0.0221458571974036,0.0235811350919263,-0.0005853658536585,-0.0153787004998078,0.0300416987573089,0.0209804722384196,0.0196845688568598,57.98755185879848,-0.2546479383089775,-0.6160428329172486,0.3613948946082711,-96637603.0,64.99268238653246,1.0621428571428575,1.0599945239290232,0.547131147529772,,0.1105037094884811,-0.0221458571974036,0.0196845688568598,57.98755185879848,-0.3817345293014605,0.0,0.0,0.0,0.5,,,,,,,,,,,,,,,,,,,,,,,,,,,,,,,,,,,,,,,,,,,,其他,0,0,0.5,1.0,0,0.9676113360323888,0.08727059742288157,0.16009371339320588,0.8580121703853956,0.7189409368635438,0.4460285132382892,0.7378048780487805,0.745417515274949,0.7474541751527495,0.5,0.5,0.5,0.5,0.9676113360323887,0.8987854251012146,0.8603238866396761
2025-12-16,52.52,53.45,51.98,52.76,5228051.0,52.154,51.082,50.538,,0.0116194347509299,0.0328491445127441,0.0439669159840121,,50.538,52.98330570685947,48.092694293140525,0.9543399202953446,0.0967709726089134,0.0300663803201874,0.0587999197270721,0.0387871628273281,0.0191230442341123,0.0312930532484349,0.022661716121262,0.020804274574263,63.94618833277805,-0.1068448505859507,-0.5142017829269528,0.4073569323410021,-91409552.0,69.07013974784255,1.1900000000000002,2.2313566010026964,0.8627049180151082,,0.0479529946929493,0.0300663803201874,0.020804274574263,63.94618833277805,1.2681221320660665,0.0,0.0,0.0,0.5,,,,,,,,,,,,,,,,,,,,,,,,,,,,,,,,,,,,,,,,,,,,其他,0,0,0.5,1.0,0,0.7854251012145749,0.054207733131159896,0.12680060652009106,0.9432048681541582,0.8228105906313645,0.4989816700610998,0.8882113821138211,0.9613034623217923,0.890020366598778,0.5,0.5,0.5,0.5,0.7854251012145749,0.7348178137651822,0.7611336032388664
2025-12-17,51.99,52.8,51.08,52.02,3250805.0,52.362,51.25699999999999,50.5905,,-0.0065314541079408,0.0148857716994754,0.0282562931775729,,50.5905,53.11854459487638,48.062455405123615,0.7827283986245565,0.099941474975396,-0.0140257771038664,0.0204001569242842,0.0348120151183608,0.0206003531489111,0.0323552782318245,0.0229566102533369,0.0207466906567995,59.45485518882142,-0.0478083737731296,-0.4209220360297599,0.3731136622566303,-94660357.0,61.7558820462737,1.2471428571428578,1.3616699137593626,0.7110655737559216,,0.0715109573241061,-0.0140257771038664,0.0207466906567995,59.45485518882142,-0.3781994475570341,0.0,0.0,0.0,0.5,,,,,,,,,,,,,,,,,,,,,,,,,,,,,,,,,,,,,,,,,,,,其他,0,0,0.5,1.0,0,0.8846153846153846,0.12091503267973858,0.20088427527873876,0.8681541582150102,0.8126272912423625,0.5071283095723014,0.7987804878048781,0.8533604887983707,0.8533604887983707,0.5,0.5,0.5,0.5,0.8846153846153846,0.9210526315789473,0.902834008097166
2025-12-18,51.63,53.4,51.43,52.33,2905956.0,52.142,51.493,50.6815,,0.0036055387211844,0.0162546365525411,0.0325266616023598,,50.6815,53.32570140167709,48.037298598322906,0.8117198256670728,0.1043458225061167,0.0059592464436755,-0.0205876848212614,0.0472283370022013,0.0360324688180557,0.0219912846700975,0.0227092250216423,0.0206273517308354,61.98979591098761,0.023288814264454,-0.3320790544448981,0.3553678687093521,-91754401.0,66.69769910864984,1.323571428571429,1.19190744932312,0.7745901639185533,,0.0514045480603861,0.0059592464436755,0.0206273517308354,61.98979591098761,-0.106081109140659,0.0,0.0,0.0,0.5,,,,,,,,,,,,,,,,,,,,,,,,,,,,,,,,,,,,,,,,,,,,其他,0,0,0.5,1.0,0,0.7757575757575758,0.1914771641505828,0.16281291802025621,0.3265720081135903,0.8228105906313645,0.49287169042769857,0.8658536585365854,0.8431771894093686,0.8513238289205702,0.5,0.5,0.5,0.5,0.7757575757575758,0.9616161616161616,0.8222222222222222
2025-12-19,52.37,57.47,52.2,55.44,10269078.0,52.754,52.043000000000006,51.026,,0.0509155703832884,0.0652729473704434,0.0865049190608708,,51.026,54.235770609937816,47.816229390062176,1.1875880765770286,0.1258092192188895,0.0594305369768775,0.0584192439862543,0.1101321585903083,0.1419155509783729,0.0333755857525297,0.0283427613392856,0.0220531798477597,65.95582634483334,0.3229051161467495,-0.2010812630591356,0.5239863792058852,-81485323.0,72.51378109990307,1.5721428571428575,3.6590474266703534,0.999999999983897,,-0.0153318903318901,0.0594305369768775,0.0220531798477597,65.95582634483334,2.5338036776881685,0.0,0.0,0.0,0.5,,,,,,,,,,,,,,,,,,,,,,,,,,,,,,,,,,,,,,,,,,,,其他,0,0,0.5,1.0,0,0.2161616161616161,0.14051226551226548,0.10064935064935066,0.8782961460446247,0.8778004073319755,0.604887983706721,0.9247967479674797,0.9918533604887984,0.9389002036659878,0.5,0.5,0.5,0.5,0.21616161616161617,0.9191919191919192,0.7515151515151515
2025-12-22,56.35,57.98,55.4,56.88,9359762.0,53.886,52.727,51.4085,,0.0555617414541811,0.0787642005044855,0.1064318157503136,,51.4085,55.436168909196105,47.3808310908039,1.179239049092314,0.1566927223781385,0.0259740259740259,0.1105037094884811,0.1366906474820144,0.1553930530164535,0.0275486816749134,0.0285237564227083,0.0224159908811339,71.5804393975753,0.6671060987057729,-0.0274427756144191,0.694548874320192,-72125561.0,76.91262537680707,1.7114285714285715,2.932634880587184,0.9999999999864316,,-0.0209212376933897,0.0259740259740259,0.0224159908811339,71.5804393975753,-0.0885489427580548,0.0,0.0,0.0,0.5,,,,,,,,,,,,,,,,,,,,,,,,,,,,,,,,,,,,,,,,,,,,其他,0,0,0.5,1.0,0,0.2565656565656565,0.10443037974683533,0.10548523206751059,0.9675456389452333,0.9083503054989817,0.6130346232179226,0.9614604462474645,0.9796747967479674,0.9512195121951219,0.5,0.5,0.5,0.5,0.25656565656565655,0.8686868686868687,0.7636363636363637
2025-12-23,57.06,57.51,55.1,55.29,6215533.0,54.39200000000001,53.273,51.689,,0.0165097808501248,0.0378615809134081,0.0696666602178412,,51.689,55.9824412648523,47.3955587351477,0.9193605755582572,0.1661259171136602,-0.0279535864978903,0.0479529946929493,0.1095725466586394,0.1129227053140096,0.0343966280798183,0.0310189445925278,0.0237655310528579,66.53491435486501,0.8039764988786118,0.1388418569650279,0.6651346419135838,-78341094.0,70.07355254992146,1.8192857142857144,1.820637024199449,0.7842605155931576,,0.0059685295713509,-0.0279535864978903,0.0237655310528579,66.53491435486501,-0.3359304435305086,0.0,0.0,0.0,0.5,,,,,,,,,,,,,,,,,,,,,,,,,,,,,,,,,,,,,,,,,,,,其他,0,0,0.5,1.0,0,0.5898989898989899,0.09929462832338576,0.10074154458310725,0.7849898580121704,0.8902439024390244,0.6544715447154471,0.9330628803245437,0.9390243902439024,0.9247967479674797,0.5,0.5,0.5,0.5,0.5898989898989899,0.8424242424242424,0.6828282828282828
2025-12-24,55.8,57.0,55.41,55.74,4568476.0,55.136,53.749,51.9935,,0.0109547301218804,0.0370425496288302,0.0720570840585843,,51.9935,56.53473690546735,47.45226309453265,0.9124977487298906,0.1746847935014421,0.0081389039609334,0.0715109573241061,0.0933699489996078,0.1226586102719033,0.0318823643014384,0.030724465911963,0.0237252505123484,68.81930853905108,0.9374599482217718,0.2985660728156162,0.6388938754061555,-73772618.0,73.51831340840847,1.892142857142857,1.2774225238889545,0.8453188602327637,,0.0461069250089702,0.0081389039609334,0.0237252505123484,68.81930853905108,-0.2649904682349848,0.0,0.0,0.0,0.5,,,,,,,,,,,,,,,,,,,,,,,,,,,,,,,,,,,,,,,,,,,,其他,0,0,0.5,1.0,0,0.8785425101214575,0.11428058844635802,0.11499820595622534,0.8841463414634146,0.8778004073319755,0.6537678207739308,0.9207317073170732,0.8594704684317719,0.9164969450101833,0.5,0.5,0.5,0.5,0.8785425101214575,0.8643724696356275,0.7246963562753036
2025-12-25,55.41,55.41,54.7,55.02,3314205.0,55.674,53.908,52.25450000000001,,-0.0117469554908933,0.0206277361430586,0.0529236716455041,,52.25450000000001,56.86442738839948,47.64457261160054,0.79995049454349,0.1764413548456361,-0.0129171151776102,0.0514045480603861,0.029758562605278,0.1048192771084337,0.0341549825480226,0.0281383828456808,0.0240976176187367,65.85518101796524,0.974547752651766,0.4337628134476941,0.540784939204072,-77086823.0,70.82826216683509,1.9314285714285715,0.9031371843338716,0.7476255088093947,,0.1332242820792439,-0.0129171151776102,0.0240976176187367,65.85518101796524,-0.274549105653614,0.0,0.0,0.0,0.5,,,,,,,,,,,,,,,,,,,,,,,,,,,,,,,,,,,,,,,,,,,,其他,0,0,0.5,1.0,0,0.9717171717171718,0.11795710650672464,0.1181388585968739,0.7753036437246964,0.8617886178861789,0.6747967479674797,0.9026369168356998,0.6016260162601627,0.8678861788617886,0.5,0.5,0.5,0.5,0.9717171717171718,0.8404040404040404,0.7515151515151515
2025-12-26,54.99,55.8,54.21,54.59,3320185.0,55.504000000000005,54.129,52.508500000000005,,-0.0164672816373594,0.0085166916070869,0.0396412009484179,,52.508500000000005,57.04086907959668,47.97613092040333,0.7296260480305217,0.1726337289996113,-0.0078153398764085,-0.0153318903318901,0.0421916762122946,0.1026055342355081,0.0206624724230616,0.0273027574473814,0.0241499331732506,63.91437308321224,0.9585406268757026,0.538718627452541,0.4198219994231617,-80407008.0,66.74901588414806,2.017142857142857,0.8806605997571926,0.6751773049549623,,0.1582707455577943,-0.0078153398764085,0.0241499331732506,63.91437308321224,0.0018043542870764,0.0,0.0,0.0,0.5,,,,,,,,,,,,,,,,,,,,,,,,,,,,,,,,,,,,,,,,,,,,其他,0,0,0.5,1.0,0,0.9756592292089248,0.09855284850705259,0.13390730903095793,0.21138211382113822,0.8530612244897959,0.6836734693877551,0.8859470468431772,0.44693877551020406,0.789795918367347,0.5,0.5,0.5,0.5,0.9756592292089249,0.8519269776876268,0.7971602434077079
2025-12-29,55.0,56.97,55.0,55.69,5636786.0,55.266,54.576,52.730500000000006,,0.0076719863930807,0.0204119026678393,0.0561250130379948,,52.730500000000006,57.43500388905198,48.02599611094804,0.8145390108833476,0.1784357777393746,0.0201502106612931,-0.0209212376933897,0.0872705974228815,0.0866341463414632,0.0186975949104109,0.0259645867987638,0.0233911953946717,66.99535962332985,1.021940027974189,0.6353630926908856,0.3865769352833034,-74770222.0,68.92443022938126,2.131428571428571,1.4419265750377968,0.8312056737470745,,0.1280301669958701,0.0201502106612931,0.0233911953946717,66.99535962332985,0.6977325058694019,0.0,0.0,0.0,0.5,,,,,,,,,,,,,,,,,,,,,,,,,,,,,,,,,,,,,,,,,,,,其他,0,0,0.5,1.0,0,0.9494949494949496,0.06697791344945236,0.06141138444963201,0.2550607287449393,0.8739837398373984,0.6605691056910569,0.8924949290060852,0.8292682926829268,0.8678861788617886,0.5,0.5,0.5,0.5,0.9494949494949495,0.7333333333333333,0.602020202020202
2025-12-30,55.65,56.2,53.9,55.62,4735879.0,55.33200000000001,54.862,52.972,53.38216666666666,0.0052049446974624,0.0138164849987238,0.0499886732613454,0.0419209910925308,52.972,57.75235277271237,48.19164722728763,0.7769670070206791,0.1804860217738935,-0.0012569581612498,0.0059685295713509,0.0542077331311598,0.0950974601299468,0.013170486376089,0.0249710687228593,0.023221634812795,64.35643563798892,1.054409366510825,0.7191724758923795,0.3352368906184454,-79506101.0,63.35671458878661,2.184999999999999,1.1622118797064755,0.8212765957330309,0.4764150943364122,0.09277238403452,-0.0012569581612498,0.023221634812795,64.35643563798892,-0.1598263620439023,0.0,0.0,0.0,0.5,,,,,,,,,,,,,,,,,,,,,,,,,,,,,,,,,,,,,,,,,,,,其他,0,0,0.5,1.0,0,0.9089068825910932,0.06886012225818061,0.029306005034160476,0.59026369168357,0.8533604887983707,0.6456211812627292,0.8739837398373984,0.7520325203252033,0.8475609756097561,0.5,0.5,0.5,0.5,0.9089068825910931,0.7489878542510121,0.3765182186234818
2025-12-31,55.83,59.08,55.63,58.31,9966312.0,55.846,55.491,53.374,53.2975,0.0441213336675858,0.050801030797787,0.0924794843931502,0.0940475632065294,53.374,58.53472781484816,48.21327218515185,0.9782271199907696,0.1933798409277356,0.048363897878461,0.0461069250089702,0.1209150326797385,0.1599363437437835,0.0252076352441082,0.0272238913243379,0.0248628622344466,64.87804877494943,1.280576296296374,0.8314533776291634,0.4491229186672106,-69539789.0,64.69056534568726,2.2314285714285704,2.212001621906183,0.9999999999882077,0.7715415019701855,0.0651689247127422,0.048363897878461,0.0248628622344466,64.87804877494943,1.1044270767897575,0.0,0.0,0.0,0.5,,,,,,,,,,,,,,,,,,,,,,,,,,,,,,,,,,,,,,,,,,,,其他,0,0,0.5,1.0,0,0.7910750507099391,0.07134282284342297,-0.012690790601955104,0.8800813008130082,0.9287169042769857,0.6720977596741344,0.8268839103869654,0.9633401221995926,0.9368635437881874,0.5,0.5,0.5,0.5,0.7910750507099391,0.7829614604462475,0.2434077079107505
2026-01-05,59.49,64.14,59.49,62.35,13243154.0,57.312,56.49300000000001,53.993,53.31666666666667,0.0879048017867114,0.1036765616979094,0.154779323245606,0.1694279462331978,53.993,60.2812583983334,47.70474160166659,1.1644924135193329,0.2329286536522052,0.0692848567998627,0.1332242820792439,0.1914771641505828,0.2477486491895137,0.0327644529015031,0.0325554372128919,0.0281561588119698,75.70912841124327,1.762884505870808,1.01773978598667,0.7451447198841381,-56296635.0,73.45404189641899,2.555,2.590372088354309,0.9999999999920128,0.9999999999927536,-0.0134723336006415,0.0692848567998627,0.0281561588119698,75.70912841124327,0.3287918339301439,0.0,0.0,0.0,0.5,,,,,,,,,,,,,,,,,,,,,,,,,,,,,,,,,,,,,,,,,,,,其他,0,0,0.5,1.0,0,0.0870445344129554,-0.024057738572574205,-0.10216519647153177,0.973630831643002,0.9512195121951219,0.7398373983739838,0.9532520325203252,0.9573170731707317,0.9695121951219512,0.5,0.5,0.5,0.5,0.08704453441295547,0.11133603238866396,0.058704453441295545
2026-01-06,62.38,64.48,62.08,63.23,9747243.0,59.04,57.272000000000006,54.65749999999999,53.38216666666667,0.0709688346883468,0.1040298924430784,0.1568403238347895,0.1844779623657086,54.65749999999999,61.88157633870023,47.43342366129976,1.0933284476775786,0.2643398010771448,0.01411387329591,0.1582707455577943,0.1405122655122654,0.2661193432118542,0.028314446349904,0.0291445526407971,0.0280153037690452,81.42333856023063,2.1902973516903046,1.2522514831341194,0.9380458685561852,-46549392.0,78.23185715117357,2.635,1.758056527872974,0.9999999999925372,0.999999999993188,-0.0515578048394749,0.01411387329591,0.0280153037690452,81.42333856023063,-0.2639787319546386,0.0,0.0,0.0,0.5,,,,,,,,,,,,,,,,,,,,,,,,,,,,,,,,,,,,,,,,,,,,其他,0,0,0.5,1.0,0,0.0404858299595141,-0.03495176340344763,-0.07448995729875052,0.9756592292089249,0.9552845528455285,0.725609756097561,0.9715447154471545,0.8373983739837398,0.9512195121951219,0.5,0.5,0.5,0.5,0.04048582995951417,0.12753036437246965,0.11740890688259109
2026-01-07,62.32,65.3,62.22,62.82,9378087.0,60.466,57.86600000000001,55.2965,53.45816666666666,0.0389309694704462,0.0856115853869283,0.1360574358232438,0.1751244742773945,55.2965,63.0428506518265,47.55014934817349,0.9856157652847464,0.2801750798626494,-0.0064842637988296,0.1280301669958701,0.1044303797468353,0.2553956834532374,0.0328101478588374,0.029420493463718,0.0282417714003518,77.97552835877835,2.4676599003218627,1.4953333191566094,0.9723265811652532,-55927479.0,79.47981822467835,2.695714285714285,1.5754308777337296,0.9694029850673928,0.972070844680027,-0.0541228907991085,-0.0064842637988296,0.0282417714003518,77.97552835877835,-0.0378728631265271,0.0,0.0,0.0,0.5,,,,,,,,,,,,,,,,,,,,,,,,,,,,,,,,,,,,,,,,,,,,其他,0,0,0.5,1.0,0,0.0323886639676113,0.0009551098376314737,-0.07179242279528808,0.9513184584178499,0.9613821138211383,0.7317073170731707,0.8699186991869918,0.8089430894308943,0.9390243902439024,0.5,0.5,0.5,0.5,0.032388663967611336,0.27125506072874495,0.08906882591093117
2026-01-08,62.22,63.18,60.5,60.78,6330053.0,61.498000000000005,58.415000000000006,55.84400000000001,53.54733333333333,-0.0116751764285017,0.0404861764957629,0.0883890838765129,0.1350705295003798,55.84400000000001,63.51100765069333,48.17699234930669,0.8218987266480323,0.2745866216846784,-0.0324737344794651,0.09277238403452,0.0992946283233857,0.2197471402769417,0.0409655607451071,0.0301014318153424,0.0297526030056181,72.71784231837111,2.495079716655532,1.6952826990646015,0.7997970175909301,-62257532.0,76.4562195841038,2.7642857142857133,1.0199826133898169,0.7999999999934697,0.8331062670242979,-0.0218821980914774,-0.0324737344794651,0.0297526030056181,72.71784231837111,-0.3250166051989067,0.0,0.0,0.0,0.5,,,,,,,,,,,,,,,,,,,,,,,,,,,,,,,,,,,,,,,,,,,,其他,0,0,0.5,1.0,0,0.1886409736308316,0.0013162224415925738,-0.029285949325436045,0.9105691056910569,0.9368635437881874,0.7617107942973523,0.8028455284552846,0.4419551934826884,0.8778004073319755,0.5,0.5,0.5,0.5,0.18864097363083165,0.26369168356997974,0.2738336713995943
2026-01-09,61.5,65.5,61.46,62.11,6926170.0,62.258,59.05200000000001,56.4005,53.6955,-0.0023772045359633,0.051784867574341,0.1012313720623043,0.1567077315603728,56.4005,64.19563606781755,48.605363932182456,0.8662219588112913,0.2764208142766012,0.0218821980914774,0.0651689247127422,0.114280588446358,0.2183209101608474,0.0377334940610431,0.0303244727056571,0.0297269534260532,74.08866994562936,2.593583606230596,1.8749429526735248,0.7186406535570704,-55331362.0,77.55799925410736,2.960714285714285,1.0786065617349123,0.9067443796760472,0.9237057220645526,0.0057961680888745,0.0218821980914774,0.0297269534260532,74.08866994562936,0.0941725132475195,0.0,0.0,0.0,0.5,,,,,,,,,,,,,,,,,,,,,,,,,,,,,,,,,,,,,,,,,,,,其他,0,0,0.5,1.0,0,0.6430020283975659,0.0006440186765415135,-0.052648526807277385,0.7926829268292683,0.924643584521385,0.7617107942973523,0.8048780487804879,0.3665987780040733,0.8757637474541752,0.5,0.5,0.5,0.5,0.6430020283975659,0.24949290060851928,0.2129817444219067
2026-01-12,63.0,63.33,60.88,61.51,5170015.0,62.09,59.701,56.8045,53.839666666666666,-0.0093412787888548,0.0303009999832497,0.082836747088699,0.1424662114054693,56.8045,64.7866972308118,48.8223027691882,0.794749670038031,0.2810410172010227,-0.0096602801481243,-0.0134723336006415,0.1179571065067246,0.1512259030507206,0.0214247410207001,0.0300519291943167,0.0286543296222952,67.06014614424484,2.5935644743440065,2.0186673031988467,0.5748971711451598,-60501377.0,71.12410481764117,2.759285714285713,0.8232576391797397,0.8567860116498187,0.8828337874599262,-0.0107299626077059,-0.0096602801481243,0.0286543296222952,67.06014614424484,-0.2535535512411622,0.0,0.0,0.0,0.5,,,,,,,,,,,,,,,,,,,,,,,,,,,,,,,,,,,,,,,,,,,,其他,0,0,0.5,1.0,0,0.4198782961460446,0.00016257519102591544,-0.11786701349374085,0.08536585365853659,0.824847250509165,0.7474541751527495,0.6869918699186992,0.08757637474541752,0.7820773930753564,0.5,0.5,0.5,0.5,0.4198782961460446,0.38742393509127787,0.058823529411764705
2026-01-13,61.21,61.5,59.82,59.97,4123001.0,61.438,60.239,57.184000000000005,53.962333333333326,-0.0238940069663726,-0.0044655455767858,0.0487199216564073,0.1113307430491641,57.184000000000005,65.00047760217247,49.36752239782754,0.6782132657271256,0.2733798825601144,-0.0250365794179807,-0.0515578048394749,0.0985528485070525,0.1449026345933561,0.0209731337863765,0.0317351054154068,0.028946181032613,58.636109553823886,2.441729771812412,2.103279818676291,0.3384499531361209,-64624378.0,65.164752582141,2.695714285714285,0.6544769945915736,0.7285595337158323,0.7779291553080524,0.0175087543771885,-0.0250365794179807,0.028946181032613,58.636109553823886,-0.2025166271277743,0.0,0.0,0.0,0.5,,,,,,,,,,,,,,,,,,,,,,,,,,,,,,,,,,,,,,,,,,,,其他,0,0,0.5,1.0,0,0.5894308943089431,0.032182758045689486,-0.12122728030682006,0.038696537678207736,0.8469387755102041,0.7408163265306122,0.5234215885947047,0.02040816326530612,0.726530612244898,0.5,0.5,0.5,0.5,0.5894308943089431,0.6260162601626016,0.036585365853658534
2026-01-14,59.96,60.31,58.31,59.42,4413664.0,60.758,60.612,57.59400000000001,54.07983333333333,-0.0220217913690378,-0.0196660727248729,0.031704691460916,0.0987459897250671,57.59400000000001,64.93932690684505,50.24867309315496,0.6242967142984426,0.2550726432209012,-0.009171252292813,-0.0541228907991085,0.0669779134494523,0.1600937133932058,0.020883405834739,0.0320347700685827,0.0283944898471516,62.25519287316576,2.2512586154947343,2.132875584127476,0.1183830313672587,-69038042.0,66.18998082028453,2.666428571428571,0.6890836523261485,0.6601248884865291,0.7404632152538119,0.0582295523392797,-0.009171252292813,0.0283944898471516,62.25519287316576,0.0704979212956775,0.0,0.0,0.0,0.5,,,,,,,,,,,,,,,,,,,,,,,,,,,,,,,,,,,,,,,,,,,,其他,0,0,0.5,1.0,0,0.8272357723577236,-0.00521709861999331,-0.10501514641534837,0.03054989816700611,0.863265306122449,0.736734693877551,0.5743380855397149,0.024489795918367346,0.5979591836734693,0.5,0.5,0.5,0.5,0.8272357723577236,0.37398373983739835,0.06910569105691057
2026-01-15,59.23,60.32,59.0,59.45,2722341.0,60.492,60.99499999999999,57.9285,54.181666666666665,-0.0172254182371222,-0.0253299450774651,0.0262651371949904,0.0972346119536129,57.9285,64.94907210144443,50.90792789855558,0.6083601149560253,0.2423874984310764,0.0005048805116123,-0.0218821980914774,0.0688601222581806,0.126800606520091,0.0172558810975388,0.0319893935097354,0.0279417719281113,61.29032257542263,2.078747701062767,2.1220500057331804,-0.0433023046704135,-66315701.0,65.5989153467674,2.638571428571428,0.4335051624164822,0.6628010704668799,0.7425068119840432,0.0237174095878889,0.0005048805116123,0.0279417719281113,61.29032257542263,-0.3832015758335931,0.0,0.0,0.0,0.5,,,,,,,,,,,,,,,,,,,,,,,,,,,,,,,,,,,,,,,,,,,,其他,0,0,0.5,1.0,0,0.5152129817444219,-0.03700588730025234,-0.08107653490328004,0.18699186991869918,0.7637474541751528,0.7291242362525459,0.6260162601626016,0.012219959266802444,0.6089613034623218,0.5,0.5,0.5,0.5,0.5152129817444219,0.19675456389452334,0.0872210953346856
2026-01-16,59.97,62.6,59.61,62.47,6536650.0,60.564,61.411,58.451,54.32566666666666,0.0314708407634898,0.0172444676035237,0.0687584472464115,0.1499168594341533,58.451,65.1690006424218,51.73299935757819,0.7991217338192497,0.2298677744575906,0.050798990748528,0.0057961680888745,0.0713428228434229,0.2008842752787387,0.029043060496171,0.0323454163560169,0.0291858721345429,69.88788040054229,2.1598556967216567,2.1296111449262267,0.0302445517954299,-59779051.0,70.21792628256183,2.7892857142857137,1.0143576457790446,0.9302752293492637,0.9482288828273284,-0.0051224587802145,0.050798990748528,0.0291858721345429,69.88788040054229,1.4011136003902522,0.0,0.0,0.0,0.5,,,,,,,,,,,,,,,,,,,,,,,,,,,,,,,,,,,,,,,,,,,,其他,0,0,0.5,1.0,0,0.1336032388663967,-0.07843765007203451,-0.14679045942052193,0.640973630831643,0.9024390243902439,0.7540650406504065,0.8498985801217038,0.5172413793103449,0.8640973630831643,0.5,0.5,0.5,0.5,0.13360323886639677,0.05263157894736842,0.016194331983805668
2026-01-19,62.01,62.26,60.52,60.85,4527592.0,60.432,61.261,58.877,54.404,0.0069168652369606,-0.0067089992001436,0.0335105389201217,0.118483935004779,58.877,65.01632655315848,52.73767344684151,0.6606853767143965,0.2085475330994465,-0.0259324475748359,-0.0107299626077059,-0.0240577385725742,0.1628129180202562,0.0314189829515309,0.0253555194461739,0.0302467041270458,65.71285140100413,2.07001075654906,2.117691065995462,-0.0476803094464028,-64306643.0,69.04447683169344,2.814999999999999,0.6938615746777655,0.7245370370286515,0.8378746593948376,0.0110106820049302,-0.0259324475748359,0.0302467041270458,65.71285140100413,-0.3073528489363818,0.0,0.0,0.0,0.5,,,,,,,,,,,,,,,,,,,,,,,,,,,,,,,,,,,,,,,,,,,,其他,0,0,0.5,1.0,0,0.4665314401622718,-0.08003286770747753,-0.09449465899753495,0.4166666666666667,0.8211382113821138,0.7621951219512195,0.7195121951219512,0.21747967479674796,0.5914634146341463,0.5,0.5,0.5,0.5,0.4665314401622718,0.1460446247464503,0.05476673427991886
2026-01-20,60.42,61.93,59.5,61.02,3577901.0,60.642,61.04,59.156000000000006,54.4875,0.0062333036509352,-0.0003276539973786,0.0315099060112245,0.1198898830006882,59.156000000000006,65.1429415792778,53.16905842072221,0.6556721387081986,0.2024119811774858,0.0027937551355792,0.0175087543771885,-0.0349517634034476,0.1006493506493506,0.0286052761304925,0.0247954467743988,0.0277239042862982,64.03370194367315,1.9895353870276509,2.092059928042481,-0.1025245410148301,-60728742.0,64.60861481124726,2.818571428571428,0.577952353940449,0.7442129629543499,0.8494550408661485,0.0144215011471648,0.0027937551355792,0.0277239042862982,64.03370194367315,-0.2097563119645056,0.0,0.0,0.0,0.5,,,,,,,,,,,,,,,,,,,,,,,,,,,,,,,,,,,,,,,,,,,,其他,0,0,0.5,1.0,0,0.6101010101010101,-0.040970173713536506,-0.10242543428384132,0.5850202429149798,0.7510121457489879,0.7125506072874493,0.6072874493927125,0.0931174089068826,0.5870445344129555,0.5,0.5,0.5,0.5,0.6101010101010101,0.23434343434343435,0.026262626262626262
2026-01-21,60.55,64.0,60.15,62.88,5315285.0,61.334,61.04599999999999,59.456,54.62,0.0252062477581764,0.0300429184549357,0.0575888051668462,0.1512266569022338,59.456,65.56284654603694,53.349153453963055,0.7803410871805834,0.2054240630391102,0.0304818092428711,0.0582295523392797,0.0009551098376314,0.1054852320675105,0.0295902691915263,0.026928122016651,0.0279196120017314,67.46871991845737,2.05171578847682,2.0839910995855107,-0.032275311108691,-55413457.0,69.67136825524607,2.929285714285714,0.8875929112999399,0.959490740729636,0.9761580381404896,-0.0599554707379135,0.0304818092428711,0.0279196120017314,67.46871991845737,0.4855874994864306,0.0,0.0,0.0,0.5,,,,,,,,,,,,,,,,,,,,,,,,,,,,,,,,,,,,,,,,,,,,其他,0,0,0.5,1.0,0,0.0525252525252525,-0.07267811704834604,-0.14090330788804073,0.8238866396761133,0.7631578947368421,0.7267206477732794,0.6518218623481782,0.4716599190283401,0.7732793522267206,0.5,0.5,0.5,0.5,0.052525252525252523,0.09090909090909091,0.010101010101010102
2026-01-22,62.89,63.0,60.66,60.86,3984783.0,61.616,61.054,59.7345,54.68966666666667,-0.0122695403791223,-0.003177514986733,0.0188417078907499,0.1128244823824122,59.7345,65.54209747408977,53.92690252591024,0.5968989332474963,0.1944470104907564,-0.0321246819338423,0.0237174095878889,0.0013162224415925,0.1007415445831072,0.0356601632180672,0.0268809330449589,0.0281960071643151,56.34012928498876,1.9163650249840245,2.0504658828575373,-0.1341008578735127,-59398240.0,63.19130956162093,2.8492857142857138,0.6780429121931194,0.7256944444360452,0.8385558583049146,-0.0593164640157739,-0.0321246819338423,0.0281960071643151,56.34012928498876,-0.250316210701778,0.0,0.0,0.0,0.5,,,,,,,,,,,,,,,,,,,,,,,,,,,,,,,,,,,,,,,,,,,,其他,0,0,0.5,1.0,0,0.1111111111111111,-0.030561945448570493,-0.12060466644758461,0.5121457489878543,0.6821862348178138,0.7388663967611336,0.2874493927125506,0.23684210526315788,0.39271255060728744,0.5,0.5,0.5,0.5,0.1111111111111111,0.38585858585858585,0.030303030303030304
2026-01-23,60.91,62.23,60.58,62.15,3729914.0,61.552,61.05799999999999,60.05499999999999,54.80050000000001,0.0097153626202235,0.0178846342821581,0.0348846890350513,0.13411373983814,60.05499999999999,65.6375498795708,54.47245012042919,0.6876382697087794,0.1859145742922824,0.0211961879723956,-0.0051224587802145,0.0006440186765415,0.1149982059562253,0.0277855186551234,0.0268209789049525,0.0284183659458716,49.42396312965474,1.8911067274360465,2.0185940503984185,-0.1274873229623723,-55668326.0,58.59614530878903,2.5507142857142853,0.63923546361321,0.8749999999898728,0.926430517704861,-0.0736926790024135,0.0211961879723956,0.0284183659458716,49.42396312965474,-0.0639605720060539,0.0,0.0,0.0,0.5,,,,,,,,,,,,,,,,,,,,,,,,,,,,,,,,,,,,,,,,,,,,其他,0,0,0.5,1.0,0,0.1252525252525252,-0.05325824617860009,-0.14416733708769114,0.13157894736842105,0.7246963562753036,0.7449392712550608,0.14777327935222673,0.11538461538461539,0.5040485829959515,0.5,0.5,0.5,0.5,0.12525252525252525,0.3151515151515151,0.03232323232323232
2026-01-26,62.17,63.05,60.01,61.52,4472944.0,61.686,61.05899999999999,60.38,54.92,-0.0026910482119119,0.0075500745180892,0.0188804239814508,0.120174799708667,60.38,65.46280071986853,55.29719928013146,0.6121428974662106,0.1683604080775129,-0.0101367658889781,0.0110106820049302,0.0001625751910259,0.1181388585968739,0.0249557360728077,0.0268412233152,0.0283284648147934,45.00292226399744,1.7996266363686717,1.974800566081212,-0.1751739297125401,-60141270.0,49.11317411349031,2.59642857142857,0.759039786188729,0.8020833333240506,0.8835149863700037,-0.0900520156046814,-0.0101367658889781,0.0283284648147934,45.00292226399744,0.199208346358656,0.0,0.0,0.0,0.5,,,,,,,,,,,,,,,,,,,,,,,,,,,,,,,,,,,,,,,,,,,,其他,0,0,0.5,1.0,0,0.1393939393939394,-0.11801040312093636,-0.12272431729518862,0.46558704453441296,0.7510121457489879,0.7368421052631579,0.1720647773279352,0.15384615384615385,0.4291497975708502,0.5,0.5,0.5,0.5,0.1393939393939394,0.046464646464646465,0.1111111111111111
2026-01-27,61.1,62.4,60.3,61.9,3223446.0,61.862,61.25200000000001,60.74550000000001,55.04883333333334,0.0006142704729881,0.0105792463919542,0.0190055230428589,0.124456164678028,60.74550000000001,65.0699736826093,56.42102631739071,0.6334844520593825,0.1423800506243976,0.0061768530559167,0.0144215011471648,0.0321827580456894,0.1339073090309579,0.0250134512063483,0.0253352951245184,0.0281421625414932,47.30679156520904,1.7376839810168363,1.927377247759121,-0.189693266742285,-56917824.0,44.06219882755954,2.526428571428571,0.5474545864929049,0.8252299605673428,0.9094005449529332,-0.0546042003231017,0.0061768530559167,0.0281421625414932,47.30679156520904,-0.2793457731641621,0.0,0.0,0.0,0.5,,,,,,,,,,,,,,,,,,,,,,,,,,,,,,,,,,,,,,,,,,,,其他,0,0,0.5,1.0,0,0.1818181818181818,-0.14862681744749584,-0.11680129240710824,0.6093117408906883,0.7955465587044535,0.7226720647773279,0.23279352226720648,0.06680161943319839,0.5404858299595142,0.5,0.5,0.5,0.5,0.18181818181818182,0.020202020202020204,0.12525252525252525
2026-01-28,61.8,61.8,59.1,59.11,4504393.0,61.108,61.221,60.916500000000006,55.127833333333335,-0.0326962099888722,-0.0344816321196975,-0.0296553478942488,0.0722351383300026,60.916500000000006,64.62600571256878,57.20699428743122,0.2565039468864064,0.1217898504530854,-0.0450726978998384,-0.0599554707379135,-0.0052170986199933,0.061411384449632,0.0270862621591224,0.0295217179586867,0.0302019469569307,45.31688165656512,1.4472544116087036,1.8313526784082783,-0.3840982667995749,-61422217.0,45.4138080586328,2.535,0.7724321877986478,0.4586070959203865,0.7193460490414215,-0.0135340889866349,-0.0450726978998384,0.0302019469569307,45.31688165656512,0.3973843520257514,0.0,0.0,0.0,0.5,,,,,,,,,,,,,,,,,,,,,,,,,,,,,,,,,,,,,,,,,,,,其他,0,0,0.5,1.0,0,0.4161616161616162,-0.10032143461343257,-0.08983251564879047,0.05060728744939271,0.6012145748987854,0.7510121457489879,0.2388663967611336,0.3765182186234818,0.18218623481781376,0.5,0.5,0.5,0.5,0.4161616161616162,0.07272727272727272,0.1898989898989899
2026-01-29,59.2,59.21,56.9,57.25,3371240.0,60.386,61.00100000000001,60.998000000000005,55.179,-0.0519325671513265,-0.0614907952328652,-0.0614446375290993,0.0375323945703982,60.998000000000005,64.26246642694225,57.73353357305776,-0.074060123433904,0.1070351954797499,-0.0314667568939265,-0.0593164640157739,-0.0370058873002523,0.0293060050341604,0.0269653360024027,0.0311324534391314,0.0311871383735571,36.76470587954952,1.0551336394865132,1.6761088678810043,-0.6209752283944914,-64793457.0,36.42632241952367,2.362857142857142,0.5849587904961426,0.0,0.5926430517670803,0.0305676855895196,-0.0314667568939265,0.0311871383735571,36.76470587954952,-0.2515661932695482,0.0,0.0,0.0,0.5,,,,,,,,,,,,,,,,,,,,,,,,,,,,,,,,,,,,,,,,,,,,其他,0,0,0.5,1.0,0,0.8101010101010101,-0.045764192139737925,-0.09082969432314414,0.10931174089068826,0.37449392712550605,0.7732793522267206,0.13562753036437247,0.09919028340080972,0.058704453441295545,0.5,0.5,0.5,0.5,0.8101010101010101,0.2202020202020202,0.15151515151515152
2026-01-30,57.05,57.78,56.06,57.57,2010138.0,59.470000000000006,60.511,60.961,55.23416666666667,-0.0319488817891374,-0.048602733387318,-0.0556257279244106,0.0422896455997947,60.961,64.36743292362544,57.55456707637455,0.0022652616345656,0.1117577770581144,0.005589519650655,-0.0736926790024135,-0.0784376500720345,-0.0126907906019551,0.0227571861557858,0.025096295185644,0.0292390444123322,39.103982297856994,0.7613765627860474,1.4931624042761056,-0.7317858414900582,-62783319.0,38.60536082181285,2.310714285714285,0.3746482532050215,0.0535117056847239,0.6144414168895477,0.0220601007469167,0.005589519650655,0.0292390444123322,39.103982297856994,-0.4037392769426087,0.0,0.0,0.0,0.5,,,,,,,,,,,,,,,,,,,,,,,,,,,,,,,,,,,,,,,,,,,,其他,0,0,0.5,1.0,0,0.7898989898989899,-0.07417057495223212,-0.13705054715997922,0.12348178137651822,0.24493927125506074,0.7165991902834008,0.2631578947368421,0.01417004048582996,0.08502024291497975,0.5,0.5,0.5,0.5,0.7898989898989899,0.10505050505050505,0.06464646464646465
2026-02-02,57.22,57.55,55.92,55.98,1573563.0,58.362,60.024,60.642500000000005,55.265,-0.0408142284363113,-0.0673730507796881,-0.0768850228799935,0.012937663982629,60.642500000000005,64.64171505456171,56.643284945438296,-0.0829268914500396,0.131894795054792,-0.0276185513288171,-0.0900520156046814,-0.0800328677074775,-0.1021651964715317,0.0231659379339464,0.0252365570713623,0.0248050222724016,38.9961389931277,0.39592755195617,1.2737154313306511,-0.8777878793744813,-64356882.0,40.497477352633375,2.3078571428571424,0.3290650244201538,0.0,0.5061307901872879,-0.0307252590210789,-0.0276185513288171,0.0248050222724016,38.9961389931277,-0.2171865812197968,0.0,0.0,0.0,0.5,,,,,,,,,,,,,,,,,,,,,,,,,,,,,,,,,,,,,,,,,,,,其他,0,0,0.5,1.0,0,0.0464646464646464,-0.01571989996427292,-0.09503394069310467,0.13765182186234817,0.05668016194331984,0.562753036437247,0.3299595141700405,0.03643724696356275,0.10526315789473684,0.5,0.5,0.5,0.5,0.046464646464646465,0.13737373737373737,0.07676767676767676
2026-02-03,56.19,58.8,56.19,58.52,2452636.0,57.686,59.774,60.407,55.34333333333333,0.0144575806954894,-0.0209790209790209,-0.031238101544523,0.0573992651930375,60.407,64.31840895330588,56.49559104669412,0.2587825739327251,0.1295018442663731,0.0453733476241515,-0.0546042003231017,-0.0409701737135365,-0.0744899572987505,0.036429823318383,0.0303395697149758,0.0269686915057056,47.763419479777895,0.307404302495577,1.0804532038153367,-0.7730489013197597,-61904246.0,46.54455295575252,2.366428571428571,0.5552479191073204,0.3681159420236511,0.6791553133468726,-0.0994531784005468,0.0453733476241515,0.0269686915057056,47.763419479777895,0.5586512900976954,0.0,0.0,0.0,0.5,,,,,,,,,,,,,,,,,,,,,,,,,,,,,,,,,,,,,,,,,,,,其他,0,0,0.5,1.0,0,0.0181818181818181,-0.0640806561859193,-0.11859193438140814,0.18016194331983806,0.11538461538461539,0.611336032388664,0.4392712550607287,0.2388663967611336,0.2773279352226721,0.5,0.5,0.5,0.5,0.01818181818181818,0.03434343434343434,0.06666666666666667
2026-02-04,58.2,59.5,57.88,58.31,1589800.0,57.526,59.31700000000001,60.18150000000001,55.42883333333334,0.0136286201022146,-0.0169765834415092,-0.0310975964374434,0.0519795653886514,60.18150000000001,64.0266241852509,56.33637581474912,0.256639849604291,0.1277842587919709,-0.0035885167464114,-0.0135340889866349,-0.072678117048346,-0.071792422795288,0.0309369225921335,0.0278803849356688,0.0269597058205599,47.19211822334636,0.2178178959433694,0.907926140992364,-0.6901082450489946,-63494046.0,45.34526897709393,2.3878571428571425,0.3947090956351363,0.3376811594153964,0.6648501362352535,-0.087978048362202,-0.0035885167464114,0.0269597058205599,47.19211822334636,-0.3517994516919754,0.0,0.0,0.0,0.5,,,,,,,,,,,,,,,,,,,,,,,,,,,,,,,,,,,,,,,,,,,,其他,0,0,0.5,1.0,0,0.0323232323232323,-0.07357228605728006,-0.1320528211284514,0.4149797570850202,0.08704453441295547,0.6093117408906883,0.340080971659919,0.04251012145748988,0.2125506072874494,0.5,0.5,0.5,0.5,0.03232323232323232,0.03434343434343434,0.06060606060606061
2026-02-05,58.1,59.48,58.02,59.0,1917406.0,57.876,59.13100000000001,60.0925,55.52316666666666,0.0194208307415855,-0.0022154199996619,-0.0181803053625659,0.0626195071726818,60.0925,63.96162134728303,56.22337865271696,0.3588180749612507,0.1287721877863825,0.0118333047504715,0.0305676855895196,-0.0305619454485704,-0.029285949325436,0.0264863079634226,0.0269583137926909,0.0262538436581863,40.345019473762775,0.2001165520306429,0.7663642223804323,-0.5662476703497894,-61576640.0,39.6750031201798,2.2671428571428565,0.5036336817405992,0.4376811594139467,0.7118528610305734,-0.0740677966101694,0.0118333047504715,0.0262538436581863,40.345019473762775,0.2060674298653919,0.0,0.0,0.0,0.5,,,,,,,,,,,,,,,,,,,,,,,,,,,,,,,,,,,,,,,,,,,,其他,0,0,0.5,1.0,0,0.0303030303030303,-0.09288135593220337,-0.14271186440677974,0.8097165991902834,0.27125506072874495,0.5951417004048583,0.19230769230769232,0.1902834008097166,0.4008097165991903,0.5,0.5,0.5,0.5,0.030303030303030304,0.028282828282828285,0.048484848484848485
2026-02-06,58.55,60.0,58.25,58.84,1933900.0,58.13000000000001,58.8,59.929,55.61716666666667,0.0122140030965076,0.0006802721088436,-0.0181715029451515,0.0579467370685908,59.929,63.71461765800943,56.14338234199056,0.3561661400575475,0.1263367537587184,-0.0027118644067796,0.0220601007469167,-0.0532582461786,-0.0526485268072773,0.0268016801473471,0.025623675153467,0.0256876979671833,43.912780129528905,0.1712195134628871,0.6473352800456189,-0.4761157665827318,-63510540.0,46.4785380577722,2.2528571428571422,0.5436074112756754,0.4144927536171818,0.70095367846934,-0.0941536369816452,-0.0027118644067796,0.0256876979671833,43.912780129528905,0.008602246994116,0.0,0.0,0.0,0.5,,,,,,,,,,,,,,,,,,,,,,,,,,,,,,,,,,,,,,,,,,,,其他,0,0,0.5,1.0,0,0.008080808080808,-0.09602311352821224,-0.16128484024473155,0.7894736842105263,0.21052631578947367,0.5809716599190283,0.36639676113360325,0.23481781376518218,0.3866396761133603,0.5,0.5,0.5,0.5,0.00808080808080808,0.03434343434343434,0.020202020202020204
2026-03-03,60.39,60.43,54.0,54.26,5064109.0,57.786,58.074,59.5665,55.63766666666666,-0.061018239712041,-0.0656748286668733,-0.0890853080170901,-0.0247614026468878,59.5665,64.04055750145402,55.09244249854598,-0.0930299284560091,0.1502205938387015,-0.0778382053025154,-0.0307252590210789,-0.1180104031209363,-0.1178670134937408,0.0450907968076265,0.0344929296654101,0.0307319947947543,33.843212234828826,-0.2183083730215003,0.4742065487906931,-0.6925149218121934,-68574649.0,45.32050897278739,2.538571428571428,1.4256119238497518,0.0,0.3889645776540262,0.0154810173239956,-0.0778382053025154,0.0307319947947543,33.843212234828826,1.6185992036816796,0.0,0.0,0.0,0.5,,,,,,,,,,,,,,,,,,,,,,,,,,,,,,,,,,,,,,,,,,,,其他,0,0,0.5,1.0,0,0.4797570850202429,-0.00534463693328413,-0.07113896056026536,0.4645030425963489,0.11764705882352941,0.6835699797160243,0.16835699797160245,0.6997971602434077,0.09330628803245436,0.5,0.5,0.5,0.5,0.4797570850202429,0.44534412955465585,0.3805668016194332
2026-03-04,52.26,53.85,52.1,52.7,2659084.0,56.622,57.154,59.203,55.6385,-0.0692663628978135,-0.0779298036882807,-0.1098424066347988,-0.0528141484763248,59.203,64.62080728611444,53.78519271388555,-0.1001505458358424,0.183024755032863,-0.0287504607445631,-0.0994531784005468,-0.1486268174474958,-0.12122728030682,0.0353665850190642,0.0342227558949243,0.030865294156335,25.315227932325826,-0.6453136235457535,0.2503025136596902,-0.8956161372054436,-71233733.0,35.54208155936634,2.417857142857142,0.7643155641710242,0.0,0.2826975476819983,0.0392789373814042,-0.0287504607445631,0.030865294156335,25.315227932325826,-0.4749157255501411,0.0,0.0,0.0,0.5,,,,,,,,,,,,,,,,,,,,,,,,,,,,,,,,,,,,,,,,,,,,其他,0,0,0.5,1.0,0,0.6323232323232323,0.03738140417457303,-0.03377609108159396,0.10323886639676114,0.10931174089068826,0.6821862348178138,0.10526315789473684,0.2874493927125506,0.05060728744939271,0.5,0.5,0.5,0.5,0.6323232323232323,0.7272727272727273,0.5393939393939394
2026-03-05,53.36,54.48,52.85,53.18,1959588.0,55.596,56.56099999999999,58.891,55.65783333333333,-0.0434563637671775,-0.0597761708597796,-0.0969757687931941,-0.0445190404465378,58.891,64.93831484562415,52.84368515437584,0.0278069568235508,0.2053731417572765,0.0091081593927893,-0.087978048362202,-0.1003214346134325,-0.1050151464153483,0.0372634209221585,0.0332834896150884,0.0310360902581902,29.87421383428596,-0.9342495102919912,0.0133921083075394,-0.9476416185995308,-69274145.0,42.08435488744193,2.3778571428571413,0.5838474468428091,0.0471512770132889,0.3153950953656991,0.0157954118089507,0.0091081593927893,0.0310360902581902,29.87421383428596,-0.2630590082900728,0.0,0.0,0.0,0.5,,,,,,,,,,,,,,,,,,,,,,,,,,,,,,,,,,,,,,,,,,,,其他,0,0,0.5,1.0,0,0.5151515151515151,0.011658518239939797,-0.046446032342986054,0.0728744939271255,0.1437246963562753,0.6862348178137652,0.14777327935222673,0.15182186234817813,0.048582995951417005,0.5,0.5,0.5,0.5,0.5151515151515151,0.7555555555555555,0.5777777777777777
2026-03-06,53.19,55.08,53.18,54.63,1941882.0,54.722,56.299,58.65000000000001,55.7055,-0.0016812251014216,-0.0296452867724115,-0.0685421994884911,-0.0193068907019953,58.65000000000001,64.9810363332264,52.31896366677363,0.182516432663591,0.2158921170747004,0.0272658894321173,-0.0740677966101694,-0.0457641921397379,-0.08107653490328,0.0407905085644789,0.0342440767900418,0.0318551156787645,30.457380455164227,-1.034408721468047,-0.1961680580451423,-0.8382406634229047,-67332263.0,38.86470513918636,2.395714285714284,0.5853780380728051,0.1895874263242672,0.4141689373268793,-0.0203185063152113,0.0272658894321173,0.0318551156787645,30.457380455164227,-0.0090355727836667,0.0,0.0,0.0,0.5,,,,,,,,,,,,,,,,,,,,,,,,,,,,,,,,,,,,,,,,,,,,其他,0,0,0.5,1.0,0,0.3878787878787879,-0.047226798462383424,-0.06827750320336823,0.10728744939271255,0.16194331983805668,0.7145748987854251,0.07489878542510121,0.1437246963562753,0.05668016194331984,0.5,0.5,0.5,0.5,0.3878787878787879,0.5959595959595959,0.6909090909090909
2026-03-09,54.1,54.1,52.3,53.3,1911928.0,53.614,55.872,58.191500000000005,55.74433333333333,-0.0058566792255754,-0.0460337915234823,-0.0840586683622179,-0.0438490010942815,58.191500000000005,64.68384780337598,51.69915219662403,0.1232872800292069,0.2231373242952946,-0.024345597656965,-0.0941536369816452,-0.0741705749522321,-0.1467904594205219,0.0403613174012792,0.0346061612647656,0.0294236766972402,29.388164491417072,-1.2070977305896309,-0.3983539928608995,-0.8087437377287311,-69244191.0,42.12630061608742,2.344999999999999,0.6195335527316463,0.058939096266611,0.3235694822866242,-0.0020637898686679,-0.024345597656965,0.0294236766972402,29.388164491417072,-0.0154252421104886,0.0,0.0,0.0,0.5,,,,,,,,,,,,,,,,,,,,,,,,,,,,,,,,,,,,,,,,,,,,其他,0,0,0.5,1.0,0,0.5070707070707071,-0.06791744840525327,-0.03508442776735454,0.05668016194331984,0.0465587044534413,0.6417004048582996,0.1396761133603239,0.09919028340080972,0.05465587044534413,0.5,0.5,0.5,0.5,0.5070707070707071,0.7494949494949495,0.7474747474747475
2026-03-10,53.81,55.59,53.81,55.1,1847034.0,53.782,55.784000000000006,57.904,55.82083333333333,0.0245063404112901,-0.0122615803814715,-0.048424979276043,-0.0129133388071955,57.904,64.40989821461635,51.39810178538365,0.2845032378673787,0.2247132569288861,0.0337711069418387,0.0154810173239956,-0.0157198999642729,-0.0944946589975349,0.02884457371947,0.0359848589639933,0.0304641626275472,34.08239700151147,-1.1851586409711743,-0.5557149226740171,-0.6294437182971572,-67397157.0,39.27383542658472,2.358571428571428,0.6256787023872608,0.2357563850664462,0.4461852861005031,-0.020508166969147,0.0337711069418387,0.0304641626275472,34.08239700151147,-0.0339416547066625,0.0,0.0,0.0,0.5,,,,,,,,,,,,,,,,,,,,,,,,,,,,,,,,,,,,,,,,,,,,其他,0,0,0.5,1.0,0,0.5020242914979757,-0.08058076225045385,-0.04537205081669693,0.4766734279918864,0.07302231237322515,0.7038539553752535,0.15618661257606492,0.21906693711967545,0.11764705882352941,0.5,0.5,0.5,0.5,0.5020242914979757,0.5263157894736842,0.6336032388663968
2026-03-11,55.02,56.11,54.16,54.77,1680200.0,54.196000000000005,55.409000000000006,57.5915,55.9245,0.0105911875415158,-0.0115324225306359,-0.0489916046638825,-0.0206439038346342,57.5915,64.06754907169086,51.11545092830914,0.2821588464823403,0.2248960027670617,-0.0059891107078039,0.0392789373814042,-0.0640806561859193,-0.1024254342838413,0.0238667037208852,0.0320866671410424,0.0304167060932219,38.51851851566532,-1.1807681251279547,-0.6807255632862318,-0.5000425618417229,-69077357.0,48.33158069337044,2.2978571428571426,0.5880657203517201,0.20333988211981,0.3957142857114596,-0.0018258170531313,-0.0059891107078039,0.0304167060932219,38.51851851566532,-0.0903253540541213,0.0,0.0,0.0,0.5,,,,,,,,,,,,,,,,,,,,,,,,,,,,,,,,,,,,,,,,,,,,其他,0,0,0.5,1.0,0,0.7393939393939394,-0.05824356399488784,-0.060982289574584736,0.631578947368421,0.08097165991902834,0.7165991902834008,0.22267206477732793,0.18218623481781376,0.12753036437246965,0.5,0.5,0.5,0.5,0.7393939393939394,0.5595959595959596,0.6444444444444445
2026-03-12,54.62,54.78,53.79,54.02,1302824.0,54.364,54.98,57.1485,56.004333333333335,-0.0063277168714589,-0.0174608948708621,-0.0547433440947705,-0.035431782064483,57.1485,63.30562945762027,50.99137054237973,0.2459449227470236,0.2154782525388942,-0.0136936278984846,0.0157954118089507,-0.07357228605728,-0.1409033078880407,0.0257009265602263,0.0321569699315781,0.0292920722050115,40.92186621375546,-1.2236597519199035,-0.7893124010973454,-0.4343473508225584,-70380181.0,51.93175580014405,2.2035714285714283,0.4904212644068003,0.1396825396810616,0.3287172011637853,-0.0040725657164014,-0.0136936278984846,0.0292920722050115,40.92186621375546,-0.2246018331151054,0.0,0.0,0.0,0.5,,,,,,,,,,,,,,,,,,,,,,,,,,,,,,,,,,,,,,,,,,,,其他,0,0,0.5,1.0,0,0.8484848484848485,-0.06312476860422067,-0.027397260273972712,0.5141700404858299,0.05060728744939271,0.6882591093117408,0.2874493927125506,0.05263157894736842,0.1417004048582996,0.5,0.5,0.5,0.5,0.8484848484848485,0.5737373737373738,0.7454545454545455
2026-03-13,53.77,54.37,53.3,53.52,1086135.0,54.14200000000001,54.432,56.7815,56.06833333333334,-0.0114883085220347,-0.0167548500881834,-0.0574394829301795,-0.0454504919592165,56.7815,62.88189955550803,50.68110044449196,0.2326814440311159,0.214872786224291,-0.0092558311736393,-0.0203185063152113,-0.0928813559322033,-0.1206046664475846,0.0221703585118881,0.03145872233349,0.0287063960787479,38.73121869481227,-1.2831790783331911,-0.8880857366059173,-0.3950933417272738,-71466316.0,53.75299183298265,2.157142857142857,0.432446031988588,0.0867724867715686,0.2922740524760042,-0.0274663677130045,-0.0092558311736393,0.0287063960787479,38.73121869481227,-0.1663225424155526,0.0,0.0,0.0,0.5,,,,,,,,,,,,,,,,,,,,,,,,,,,,,,,,,,,,,,,,,,,,其他,0,0,0.5,1.0,0,0.742914979757085,-0.05493273542600907,-0.00037369207772797175,0.38742393509127787,0.06693711967545639,0.6734279918864098,0.23732251521298176,0.014198782961460446,0.17038539553752535,0.5,0.5,0.5,0.5,0.742914979757085,0.5060728744939271,0.7975708502024291
2026-03-16,53.02,53.43,52.22,53.19,1270575.0,54.120000000000005,53.867,56.3335,56.12733333333334,-0.0171840354767185,-0.0125679915347058,-0.0558016100544082,-0.0523333848036015,56.3335,62.079613652310016,50.58738634768999,0.2264672968347119,0.2040034314324448,-0.0061659192825113,-0.0020637898686679,-0.0960231135282122,-0.1441673370876911,0.0192821546118882,0.0313979368571904,0.0279846072852902,41.651705562039965,-1.3414958547860394,-0.97876776028704,-0.3627280944989993,-72736891.0,54.48378741283669,2.132142857142857,0.5319237453510443,0.0532608695646379,0.2682215743420683,-0.065989847715736,-0.0061659192825113,0.0279846072852902,41.651705562039965,0.1698131447748208,0.0,0.0,0.0,0.5,,,,,,,,,,,,,,,,,,,,,,,,,,,,,,,,,,,,,,,,,,,,其他,0,0,0.5,1.0,0,0.7935222672064778,-0.07219402143260001,0.01334837375446507,0.5070993914807302,0.032454361054766734,0.6511156186612576,0.3813387423935091,0.08113590263691683,0.16024340770791076,0.5,0.5,0.5,0.5,0.7935222672064778,0.31983805668016196,0.8157894736842105
2026-03-17,53.7,55.17,53.09,53.97,1932616.0,53.894000000000005,53.838,55.956,56.19683333333333,0.0014101755297435,0.0024517998439763,-0.0354921724211881,-0.0396256016798098,55.956,61.24095142635651,50.671048573643496,0.3121080176700525,0.1888966840498628,0.0146644106034969,-0.020508166969147,-0.0053446369332841,-0.1227243172951886,0.0109380007345065,0.0209420921243463,0.0284022043293312,34.78260869239493,-1.3097071681719754,-1.0449556418903607,-0.2647515262816147,-70804275.0,53.38859331845843,2.079285714285714,0.8545254532377463,0.1380434782593687,0.3250728862950068,-0.0613303687233648,0.0146644106034969,0.0284022043293312,34.78260869239493,0.5210562147059403,0.0,0.0,0.0,0.5,,,,,,,,,,,,,,,,,,,,,,,,,,,,,,,,,,,,,,,,,,,,其他,0,0,0.5,1.0,0,0.5222672064777328,-0.06614785992217898,-0.02019640541041312,0.5030425963488844,0.1075050709939148,0.6673427991886409,0.3184584178498986,0.47058823529411764,0.35496957403651114,0.5,0.5,0.5,0.5,0.5222672064777328,0.3805668016194332,0.6497975708502024
2026-03-18,54.13,54.79,52.73,54.67,2089784.0,53.874,54.035,55.5945,56.282833333333336,0.0147752162453131,0.0117516424539649,-0.0166293428306757,-0.028655866057442,55.5945,60.09899821961632,51.09000178038369,0.3973803568160265,0.162048340019542,0.0129701686121919,-0.0018258170531313,0.037381404174573,-0.1168012924071082,0.0131722822177307,0.0186875209859014,0.0285971540478298,38.21243522969577,-1.214062073424813,-1.0787769282080162,-0.1352851452167969,-68714491.0,46.7902367484659,2.110714285714286,0.94777288334261,0.307332293286937,0.3611940298480511,-0.0565209438448875,0.0129701686121919,0.0285971540478298,38.21243522969577,0.0813239670995169,0.0,0.0,0.0,0.5,,,,,,,,,,,,,,,,,,,,,,,,,,,,,,,,,,,,,,,,,,,,其他,0,0,0.5,1.0,0,0.3866396761133603,-0.06859337845253333,-0.02268154380830445,0.7383367139959433,0.10547667342799188,0.6592292089249493,0.38336713995943206,0.6957403651115619,0.4969574036511156,0.5,0.5,0.5,0.5,0.3866396761133603,0.2773279352226721,0.6214574898785425
2026-03-19,54.06,54.69,53.35,53.8,1671838.0,53.830000000000005,54.097,55.32899999999999,56.32533333333333,-0.000557310050158,-0.0054901380852913,-0.0276346942832871,-0.0448347694347126,55.32899999999999,59.57985947965698,51.078140520343005,0.3201540173993953,0.1536575567839399,-0.0159136638009878,-0.0040725657164014,0.0116585182399397,-0.0898325156487904,0.0137610377793616,0.019557617061795,0.0271984388366571,33.35467349252903,-1.1946604756110162,-1.1019536376945176,-0.0927068379164985,-70386329.0,40.19180337469169,2.1021428571428578,0.8102683353091192,0.1746031746004023,0.2962686567142069,-0.0592936802973976,-0.0159136638009878,0.0271984388366571,33.35467349252903,-0.1999948320017762,0.0,0.0,0.0,0.5,,,,,,,,,,,,,,,,,,,,,,,,,,,,,,,,,,,,,,,,,,,,其他,0,0,0.5,1.0,0,0.2004048582995951,-0.05743494423791817,0.01784386617100364,0.847870182555781,0.29006085192697767,0.6125760649087221,0.4259634888438134,0.41379310344827586,0.563894523326572,0.5,0.5,0.5,0.5,0.20040485829959515,0.32388663967611336,0.7125506072874493
2026-03-20,54.18,54.8,52.01,52.05,2034900.0,53.536,53.839,55.069,56.34633333333333,-0.0277570233114167,-0.0332287003844796,-0.0548221322341062,-0.0762486763409627,55.069,59.45896894845751,50.67903105154248,0.1561479095340313,0.1594352157638432,-0.0325278810408922,-0.0274663677130045,-0.0472267984623834,-0.0908296943231441,0.0199191441162564,0.019885095740578,0.0272551200769873,30.273097034143973,-1.3053867767654808,-1.142640265516998,-0.1627465112484827,-72421229.0,32.95931768754176,2.176428571428572,1.0192351904360488,0.0,0.1656716417898083,-0.0282420749279538,-0.0325278810408922,0.0272551200769873,30.273097034143973,0.2171633854476331,0.0,0.0,0.0,0.5,,,,,,,,,,,,,,,,,,,,,,,,,,,,,,,,,,,,,,,,,,,,其他,0,0,0.5,1.0,0,0.1878787878787878,-0.022094140249759864,0.05091258405379451,0.7408906882591093,0.3562753036437247,0.5991902834008097,0.35020242914979755,0.6538461538461539,0.5222672064777328,0.5,0.5,0.5,0.5,0.18787878787878787,0.6888888888888889,0.7171717171717171
2026-03-23,51.0,51.45,49.45,49.68,1803375.0,52.834,53.477,54.6745,56.3365,-0.0596964076163077,-0.0710024870505076,-0.0913497151322829,-0.1181560799836696,54.6745,59.51326658925218,49.83573341074782,-0.0160922631701356,0.177002682758629,-0.0455331412103745,-0.065989847715736,-0.0679174484052532,-0.1370505471599792,0.0268683966130492,0.0230878426834009,0.0286322982307595,34.73333333009157,-1.5662464809915375,-1.2273615086257124,-0.3388849723658254,-74224604.0,37.70646307046225,1.9028571428571428,0.907971182667489,0.0,0.0,-0.0066425120772946,-0.0455331412103745,0.0286322982307595,34.73333333009157,-0.1137770897832817,0.0,0.0,0.0,0.5,,,,,,,,,,,,,,,,,,,,,,,,,,,,,,,,,,,,,,,,,,,,其他,0,0,0.5,1.0,0,0.0989898989898989,0.03522544283413853,0.08293075684380025,0.791497975708502,0.3360323886639676,0.5688259109311741,0.6174089068825911,0.242914979757085,0.6072874493927125,0.5,0.5,0.5,0.5,0.09898989898989899,0.5696969696969697,0.6343434343434343
2026-03-24,50.71,50.93,49.64,50.66,1405264.0,52.172,53.033,54.40849999999999,56.348,-0.0289810626389636,-0.0447457243603038,-0.068895485080456,-0.1009441328884788,54.40849999999999,59.52218967627711,49.29481032372287,0.1334838211435687,0.1879739259956705,0.0197262479871174,-0.0613303687233648,-0.0805807622504538,-0.0950339406931046,0.0282441124887719,0.0206458356999719,0.0287900407589319,42.92649098057577,-1.674624421837258,-1.3168140912796833,-0.3578103305575748,-72819340.0,45.30353218349357,1.840714285714286,0.7105389125457549,0.1051502145911461,0.0723247232466984,-0.0051322542439794,0.0197262479871174,0.0287900407589319,42.92649098057577,-0.2207588549247937,0.0,0.0,0.0,0.5,,,,,,,,,,,,,,,,,,,,,,,,,,,,,,,,,,,,,,,,,,,,其他,0,0,0.5,1.0,0,0.3333333333333333,0.03829451243584692,0.05211212001579146,0.520242914979757,0.46963562753036436,0.5364372469635628,0.6255060728744939,0.22469635627530365,0.48785425101214575,0.5,0.5,0.5,0.5,0.3333333333333333,0.6464646464646465,0.6464646464646465
2026-03-25,51.2,52.29,50.79,51.58,1351200.0,51.554,52.714,54.0615,56.37533333333333,0.0005043255615471,-0.0215123117198466,-0.04590142707842,-0.085060842212315,54.0615,58.93677499899128,49.18622500100872,0.2455015357556251,0.1803603303268411,0.0181602842479273,-0.0565209438448875,-0.0582435639948878,-0.1185919343814081,0.0294716782392664,0.0222774217208199,0.0268849550133082,44.61641991504287,-1.6670847461914633,-1.3868682222693458,-0.2802165239221175,-71468140.0,43.75600818118038,1.8300000000000007,0.7027719391153593,0.2038626609420185,0.1402214022129872,-0.012795657231485,0.0181602842479273,0.0268849550133082,44.61641991504287,-0.0384724863086224,0.0,0.0,0.0,0.5,,,,,,,,,,,,,,,,,,,,,,,,,,,,,,,,,,,,,,,,,,,,其他,0,0,0.5,1.0,0,0.3380566801619433,-0.0029081039162466293,0.017060876308646833,0.385395537525355,0.3002028397565923,0.4198782961460446,0.592292089249493,0.30628803245436104,0.49898580121703856,0.5,0.5,0.5,0.5,0.33805668016194335,0.5748987854251012,0.6417004048582996
2026-03-26,51.38,51.95,50.48,50.61,941100.0,50.916,52.373000000000005,53.6765,56.38483333333333,-0.0060098986566108,-0.0336623832890994,-0.0571292837647759,-0.1024182034767032,53.6765,58.35113603987123,49.001863960128766,0.1720065504712887,0.1741781241274122,-0.0188057386583947,-0.0592936802973976,-0.0631247686042206,-0.1320528211284514,0.0296149164640681,0.0225369299097184,0.0270298209579705,36.022253125839285,-1.719533445509711,-1.45340126692297,-0.266132178586741,-72409240.0,36.98566869355423,1.7992857142857157,0.4978740497686771,0.0997854077242512,0.0686346863463569,0.0019758940920766,-0.0188057386583947,0.0270298209579705,36.022253125839285,-0.3035079928952042,0.0,0.0,0.0,0.5,,,,,,,,,,,,,,,,,,,,,,,,,,,,,,,,,,,,,,,,,,,,其他,0,0,0.5,1.0,0,0.5656565656565656,0.038134755977079715,0.02944082197194242,0.20040485829959515,0.291497975708502,0.4331983805668016,0.5101214574898786,0.1194331983805668,0.44129554655870445,0.5,0.5,0.5,0.5,0.5656565656565656,0.7292929292929293,0.6545454545454545
2026-03-27,50.3,50.85,50.05,50.58,953346.0,50.622,52.07899999999999,53.255500000000005,56.397333333333336,-0.0008296787957805,-0.0287831947618041,-0.0502389424566478,-0.1031490850631235,53.255500000000005,57.39775707606497,49.11324292393504,0.1770480500259817,0.1555616631543103,-0.0005927682276229,-0.0282420749279538,-0.054932735426009,-0.1427118644067797,0.0273857045480277,0.0225757908324511,0.0267224217161076,39.60244647894165,-1.7434213127435427,-1.5114052760909564,-0.2320160366525863,-73362586.0,38.73741365646988,1.6900000000000013,0.5175506794363904,0.0982532751080974,0.0664206642061517,0.0063266113088176,-0.0005927682276229,0.0267224217161076,39.60244647894165,0.013012432260121,0.0,0.0,0.0,0.5,,,,,,,,,,,,,,,,,,,,,,,,,,,,,,,,,,,,,,,,,,,,其他,0,0,0.5,1.0,0,0.868421052631579,0.057730328192961755,0.046856465005931325,0.18661257606490872,0.23935091277890466,0.4158215010141988,0.486815415821501,0.17038539553752535,0.3711967545638945,0.5,0.5,0.5,0.5,0.868421052631579,0.8623481781376519,0.7368421052631579
2026-03-30,49.7,49.7,48.72,49.35,2018467.0,50.556,51.69499999999999,52.78099999999999,56.37016666666667,-0.0238547353429858,-0.0453622207176708,-0.0650044523597505,-0.1245369152122428,52.78099999999999,56.36650238717263,49.19549761282735,0.0215454308053504,0.1358633745918359,-0.024317912218268,-0.0066425120772946,-0.0721940214326,-0.1612848402447315,0.0203561495791079,0.0233601819842176,0.0269618613080318,27.018385288742948,-1.8403614573581208,-1.5771965123479024,-0.2631649450102185,-75381053.0,29.84374701811376,1.6592857142857151,1.093271977664931,0.0,0.0,0.0421479229989867,-0.024317912218268,0.0269618613080318,27.018385288742948,1.117244945696526,0.0,0.0,0.0,0.5,,,,,,,,,,,,,,,,,,,,,,,,,,,,,,,,,,,,,,,,,,,,其他,0,0,0.5,1.0,0,0.945344129554656,0.09219858156028371,0.05390070921985801,0.09533468559837728,0.13184584178498987,0.4462474645030426,0.1460446247464503,0.7647058823529411,0.18661257606490872,0.5,0.5,0.5,0.5,0.9453441295546559,0.9392712550607287,0.7874493927125507
2026-03-31,49.39,51.1,49.37,50.4,2050926.0,50.504000000000005,51.338,52.588,56.31966666666667,-0.002059242832251,-0.018271066266703,-0.0416064501407165,-0.1051083398931101,52.588,56.25296700638551,48.92303299361449,0.2014979949058235,0.1393841563238206,0.0212765957446807,-0.0051322542439794,-0.0661478599221789,-0.0711389605602653,0.0207617111214449,0.0241292806954689,0.0222194514200104,33.48450490953299,-1.8115977973305988,-1.6240767693464446,-0.1875210279841541,-73330127.0,30.501894471504144,1.645000000000001,1.2095553246446265,0.1826086956489976,0.0756484149850455,0.0436507936507937,0.0212765957446807,0.0222194514200104,33.48450490953299,0.0160810159393243,0.0,0.0,0.0,0.5,,,,,,,,,,,,,,,,,,,,,,,,,,,,,,,,,,,,,,,,,,,,其他,0,0,0.5,1.0,0,0.8255578093306288,0.049206349206349254,0.037896825396825484,0.3313008130081301,0.3780487804878049,0.241869918699187,0.36585365853658536,0.7865853658536586,0.46747967479674796,0.5,0.5,0.5,0.5,0.8255578093306288,0.8093306288032455,0.6470588235294118
2026-04-01,51.06,51.26,50.47,50.92,1232656.0,50.372,50.963,52.499,56.29533333333334,0.0108790597951242,-0.0008437493868099,-0.0300767633669213,-0.0954845280248215,52.499,56.23821410262408,48.75978589737593,0.2888593757013287,0.1424489648418808,0.0103174603174602,-0.012795657231485,-0.0685933784525333,-0.0337760910815939,0.0192036533767324,0.0239042989180184,0.0215861686533171,38.07692307282249,-1.7269444573864303,-1.644650306955145,-0.0822941504312855,-72097471.0,36.24751345103604,1.635714285714286,0.7588928990712758,0.273043478256121,0.1131123919300208,0.0100157109190888,0.0103174603174602,0.0215861686533171,38.07692307282249,-0.3989758772378915,0.0,0.0,0.0,0.5,,,,,,,,,,,,,,,,,,,,,,,,,,,,,,,,,,,,,,,,,,,,其他,0,0,0.5,1.0,0,0.7631578947368421,0.0492930086410055,0.02238805970149249,0.3367139959432049,0.5354969574036511,0.2129817444219067,0.4563894523326572,0.4239350912778905,0.4766734279918864,0.5,0.5,0.5,0.5,0.7631578947368421,0.7854251012145749,0.6133603238866396
2026-04-02,51.18,51.88,50.45,50.71,1512557.0,50.392,50.654,52.3755,56.28683333333333,0.0063105254802351,0.0011055395427805,-0.0317992191005336,-0.0990788254209835,52.3755,56.182554255623735,48.56844574437627,0.2812613259230713,0.1453753856523169,-0.0041241162608012,0.0019758940920766,-0.0574349442379181,-0.046446032342986,0.0170774274698718,0.0236958460573205,0.0214464409854625,38.94571203347569,-1.657688441588718,-1.6472579338819309,-0.0104305077067869,-73610028.0,42.352187307518925,1.6614285714285717,0.9442089663885824,0.2365217391263212,0.0979827089330116,0.0360875566949319,-0.0041241162608012,0.0214464409854625,38.94571203347569,0.2270714619488325,0.0,0.0,0.0,0.5,,,,,,,,,,,,,,,,,,,,,,,,,,,,,,,,,,,,,,,,,,,,其他,0,0,0.5,1.0,0,0.7642276422764228,0.07986590416091488,0.056793531847761924,0.5621181262729125,0.5743380855397149,0.21384928716904278,0.5336048879837068,0.7209775967413442,0.6028513238289206,0.5,0.5,0.5,0.5,0.7642276422764228,0.8272357723577236,0.6382113821138211
2026-04-03,50.79,52.05,50.71,50.9,1513746.0,50.456,50.539,52.189,56.255833333333335,0.0087997463136197,0.0071429984764241,-0.0246986912951004,-0.0952049417097486,52.189,55.89514227011259,48.48285772988741,0.3260994983344971,0.1420277173391133,0.0037467955038452,0.0063266113088176,-0.0220941402497598,-0.0682775032033682,0.0171174795751569,0.0218254662201023,0.0203658653272975,40.89101033753005,-1.5693827994612164,-1.6316829069974472,0.0623001075362308,-72096282.0,48.64752521433558,1.664285714285714,0.9577497279303432,0.2695652173866157,0.1116714697398292,0.0510805500982318,0.0037467955038452,0.0203658653272975,40.89101033753005,0.0007860860780783,0.0,0.0,0.0,0.5,,,,,,,,,,,,,,,,,,,,,,,,,,,,,,,,,,,,,,,,,,,,其他,0,0,0.5,1.0,0,0.6219512195121951,0.07465618860510803,0.047151277013752324,0.8676171079429735,0.6924643584521385,0.15682281059063136,0.725050916496945,0.7433808553971487,0.7841140529531568,0.5,0.5,0.5,0.5,0.6219512195121951,0.6483739837398373,0.491869918699187
2026-04-07,51.06,51.75,51.06,51.43,1219420.0,50.872,50.714,52.0955,56.246,0.0109687057713476,0.0141183893993768,-0.0127746158497374,-0.0856238665860683,52.0955,55.77790467772431,48.413095322275694,0.4096378510397398,0.1413713152850913,0.0104125736738702,0.0421479229989867,0.0352254428341385,-0.0350844277673545,0.0093809933197959,0.0157576823326449,0.0199572034965665,39.69155843704804,-1.4400408518291383,-1.5933544959631147,0.1533136441339762,-70876862.0,46.73159426100415,1.5764285714285715,0.7888100519429434,0.3617391304284912,0.1498559077799001,0.0480264437098969,0.0104125736738702,0.0199572034965665,39.69155843704804,-0.1944355261714977,0.0,0.0,0.0,0.5,,,,,,,,,,,,,,,,,,,,,,,,,,,,,,,,,,,,,,,,,,,,其他,0,0,0.5,1.0,0,0.6592292089249493,0.046082053276297774,0.0558040054442932,0.9451219512195121,0.7479674796747967,0.1402439024390244,0.5386178861788617,0.6605691056910569,0.7703252032520326,0.5,0.5,0.5,0.5,0.6592292089249493,0.5841784989858012,0.5578093306288032
2026-04-08,52.21,52.69,51.98,52.6,1995387.0,51.312,50.908,51.9705,56.2505,0.0251013408169629,0.0332364264948534,0.0121126408250835,-0.0648972009137697,51.9705,55.383339379692295,48.55766062030771,0.5922252602461376,0.1313375618739757,0.022749368073109,0.0436507936507937,0.0382945124358469,-0.0453720508166969,0.0098981608710254,0.0161265507251952,0.0190613287764859,41.90774041761761,-1.228975933315553,-1.5204787834325824,0.2915028501170293,-68881475.0,56.48710860776297,1.519285714285714,1.284598405552818,0.5996309962988996,0.2341498559060941,0.0053231939163498,0.022749368073109,0.0190613287764859,41.90774041761761,0.6363410473831821,0.0,0.0,0.0,0.5,,,,,,,,,,,,,,,,,,,,,,,,,,,,,,,,,,,,,,,,,,,,其他,0,0,0.5,1.0,0,0.6754563894523327,0.013307984790874361,0.027756653992395464,0.8252032520325203,0.6300813008130082,0.07723577235772358,0.4166666666666667,0.8008130081300813,0.7378048780487805,0.5,0.5,0.5,0.5,0.6754563894523327,0.5882352941176471,0.5354969574036511
2026-04-09,52.15,52.3,51.24,51.43,1953558.0,51.414,50.893,51.8035,56.18366666666667,0.0003111992842415,0.0105515493289842,-0.007209937552482,-0.0846094060551405,51.8035,54.956532124629696,48.6504678753703,0.4407712980266666,0.1217304670388529,-0.0222433460076045,0.0100157109190888,-0.0029081039162466,-0.0609822895745847,0.0168043520827406,0.0171788961506339,0.0195734970843589,40.94728800173216,-1.1429250832897324,-1.4449680434031669,0.3020429601134344,-70835033.0,55.94773208185643,1.5207142857142857,1.24669963063432,0.390977443601673,0.1498559077799001,0.0388878086719812,-0.0222433460076045,0.0195734970843589,40.94728800173216,-0.0209628508154057,0.0,0.0,0.0,0.5,,,,,,,,,,,,,,,,,,,,,,,,,,,,,,,,,,,,,,,,,,,,其他,0,0,0.5,1.0,0,0.7586206896551724,0.02002722146607039,0.03772117441182177,0.7621951219512195,0.6422764227642277,0.08536585365853659,0.31910569105691056,0.8475609756097561,0.6321138211382114,0.5,0.5,0.5,0.5,0.7586206896551724,0.6166328600405679,0.5415821501014199
2026-04-10,51.72,53.1,51.62,52.54,1785485.0,51.78,51.086,51.7295,56.11133333333333,0.014677481653148,0.0284618094977098,0.0156680424129365,-0.0636472726840684,51.7295,54.729243673259866,48.72975632674012,0.6350948761324849,0.1159780656396861,0.0215827338129497,0.0360875566949319,0.0381347559770797,-0.0273972602739727,0.0182879020203543,0.0170549358264513,0.0201364446600105,51.9678714801,-0.9739470784922162,-1.350763850420133,0.3768167719279167,-69049548.0,65.10206939322197,1.4407142857142858,1.1221583834121538,0.5996240601391043,0.2298270893355199,0.0422535211267605,0.0215827338129497,0.0201364446600105,51.9678714801,-0.0860343025392642,0.0,0.0,0.0,0.5,,,,,,,,,,,,,,,,,,,,,,,,,,,,,,,,,,,,,,,,,,,,其他,0,0,0.5,1.0,0,0.8377281947261663,-0.008374571754853455,0.013513513513513598,0.7642276422764228,0.7439024390243902,0.1016260162601626,0.6504065040650406,0.7967479674796748,0.7296747967479674,0.5,0.5,0.5,0.5,0.8377281947261663,0.4787018255578093,0.4787018255578093
2026-04-13,52.53,53.73,52.3,53.5,1565614.0,52.3,51.378,51.7285,56.0815,0.022944550669216,0.0413017244735101,0.0342461119112289,-0.0460312224173746,51.7285,54.725742768032944,48.73125723196705,0.7955216071941786,0.1158836141789208,0.0182717929196802,0.0510805500982318,0.0577303281929617,-0.0003736920777279,0.0187404155642456,0.0175415080586949,0.0204939910778784,67.30072462914666,-0.7538867759120365,-1.231388435517658,0.4775016596056216,-67483934.0,73.08824159490362,1.3571428571428577,0.9693659928820096,0.7800751879552614,0.2989913544647046,0.0224299065420561,0.0182717929196802,0.0204939910778784,67.30072462914666,-0.1231435716345978,0.0,0.0,0.0,0.5,,,,,,,,,,,,,,,,,,,,,,,,,,,,,,,,,,,,,,,,,,,,其他,0,0,0.5,1.0,0,0.6578947368421053,-0.010280373831775602,-0.036822429906542054,0.6227180527383367,0.7971602434077079,0.11967545638945233,0.8133874239350912,0.7058823529411765,0.8133874239350912,0.5,0.5,0.5,0.5,0.6578947368421053,0.4716599190283401,0.33805668016194335
2026-04-14,53.57,53.95,53.26,53.9,1571531.0,52.794,51.83299999999999,51.764,56.05083333333334,0.0209493503049589,0.0398780699554339,0.0412641990572599,-0.0383729055470482,51.764,54.8496434968209,48.67835650317909,0.8461190513609366,0.1192196699178945,0.0074766355140185,0.0480264437098969,0.0921985815602837,0.013348373754465,0.0187762738762689,0.0140081712542119,0.020498601203169,65.48757169295578,-0.5409787602768361,-1.093306500468702,0.552327740191866,-65912403.0,73.41538527127689,1.3142857142857152,0.9640475333844332,0.8552631578786599,0.3278097982685315,-0.0018552875695733,0.0074766355140185,0.020498601203169,65.48757169295578,0.0037793479107877,0.0,0.0,0.0,0.5,,,,,,,,,,,,,,,,,,,,,,,,,,,,,,,,,,,,,,,,,,,,其他,0,0,0.5,1.0,0,0.4615384615384615,-0.03506493506493502,-0.03506493506493502,0.6592292089249493,0.8154158215010142,0.11156186612576065,0.8417849898580122,0.6348884381338742,0.8113590263691683,0.5,0.5,0.5,0.5,0.46153846153846156,0.3643724696356275,0.4271255060728745
2026-04-15,53.87,53.87,52.6,52.88,1929830.0,52.85,52.081,51.709500000000006,56.015166666666666,0.0005676442762536,0.015341487298631,0.0226360726752337,-0.0559699605166457,51.709500000000006,54.66692758064104,48.75207241935897,0.6978915743520075,0.1143862377565174,-0.0189239332096474,0.0053231939163498,0.0492063492063492,-0.0201964054104131,0.0206207170879616,0.0157381111975742,0.020683603879832,56.15530302285822,-0.4493638572128802,-0.9645179718169472,0.5151541146040669,-67842233.0,65.2475890237386,1.290714285714286,1.183945366353554,0.663533834573994,0.254322766568773,0.0079425113464446,-0.0189239332096474,0.020683603879832,56.15530302285822,0.2279935935084958,0.0,0.0,0.0,0.5,,,,,,,,,,,,,,,,,,,,,,,,,,,,,,,,,,,,,,,,,,,,其他,0,0,0.5,1.0,0,0.5404858299595142,-0.010779122541603625,-0.013993948562783687,0.6754563894523327,0.6511156186612576,0.12981744421906694,0.7363083164300203,0.7971602434077079,0.7281947261663286,0.5,0.5,0.5,0.5,0.5404858299595142,0.38461538461538464,0.4959514170040486
2026-04-16,53.36,53.72,53.11,53.43,1118309.0,53.25,52.332,51.6475,55.99583333333333,0.0033802816901409,0.0209814262783767,0.0345128031366475,-0.0458218617456656,51.6475,54.38761044725525,48.90738955274475,0.8252606116120232,0.1061081542088171,0.0104009077155824,0.0388878086719812,0.0492930086410055,-0.0226815438083044,0.0159738280300905,0.0157413089631347,0.0206012974454333,63.90532543496377,-0.3285948455410263,-0.8373333465612963,0.50873850102027,-66723924.0,69.7384104445194,1.2457142857142856,0.7071525249577841,0.8967032966835892,0.2939481267990349,-0.0181545947969304,0.0104009077155824,0.0206012974454333,63.90532543496377,-0.4205142421871356,0.0,0.0,0.0,0.5,,,,,,,,,,,,,,,,,,,,,,,,,,,,,,,,,,,,,,,,,,,,其他,0,0,0.5,1.0,0,0.4392712550607287,-0.02564102564102555,-0.026389668725435134,0.7586206896551724,0.6227180527383367,0.12778904665314403,0.8194726166328601,0.31237322515212984,0.7139959432048681,0.5,0.5,0.5,0.5,0.4392712550607287,0.37449392712550605,0.4757085020242915
2026-04-17,53.43,55.43,53.25,54.76,2433230.0,53.694,52.737,51.6955,55.98033333333333,0.0198532424479456,0.0383601645903255,0.0592798212610381,-0.0217993223810744,51.6955,54.62169008628149,48.7693099137185,1.0236331047433602,0.1132086965509893,0.024892382556616,0.0422535211267605,0.0798659041609148,0.0178438661710036,0.0167399355051306,0.0165399734497174,0.0210562526381648,68.26923076087616,-0.1241441519142867,-0.6946955076314756,0.5705513557171888,-64290694.0,75.6605319984536,1.344285714285714,1.5024621409000292,0.9999999999815156,0.3897694524467595,-0.0485756026296566,0.024892382556616,0.0210562526381648,68.26923076087616,1.1758118731048397,0.0,0.0,0.0,0.5,,,,,,,,,,,,,,,,,,,,,,,,,,,,,,,,,,,,,,,,,,,,其他,0,0,0.5,1.0,0,0.1353535353535353,-0.02136596055514961,-0.06884587289992683,0.8380566801619433,0.7145748987854251,0.15587044534412955,0.9210526315789473,0.8846153846153846,0.854251012145749,0.5,0.5,0.5,0.5,0.13535353535353536,0.3151515151515151,0.3434343434343434
2026-04-20,54.7,55.17,54.15,54.7,1546170.0,53.934000000000005,53.117,51.828,55.965,0.0142025438498905,0.0298021349097274,0.0554140618970442,-0.0226034128473152,51.828,55.04710481181852,48.60889518818147,0.9460867489249222,0.1242226137150696,-0.0010956902848794,0.0224299065420561,0.074656188605108,0.0509125840537945,0.016120718064911,0.01674266257493,0.0195323083654651,76.04673806168792,0.0326667039819454,-0.5492230653084498,0.5818897692903953,-65836864.0,83.45313695743869,1.284285714285714,0.9693499965878996,0.9889094269687826,0.3854466858761857,-0.0319926873857403,-0.0010956902848794,0.0195323083654651,76.04673806168792,-0.364560686823687,0.0,0.0,0.0,0.5,-0.0235746534524633,-0.1351665239471336,0.0710106798118364,0.0068721653889275,-0.6362065438629735,,,,,,,,,,,,,,,,,,,,,,0.1669735437020278,-0.3651920090261141,1.4586820207227205,0.4875851522560282,,,,,,,,,,0.0,0.0,0.0,0.0,其他,0,0,0.5,1.0,0,0.303030303030303,-0.025594149908592434,-0.06910420475319934,0.6578947368421053,0.7165991902834008,0.11538461538461539,0.979757085020243,0.5748987854251012,0.8016194331983806,0.5,0.5,0.5,0.5,0.30303030303030304,0.29292929292929293,0.4626262626262626
2026-04-21,54.99,54.99,53.5,53.8,1390915.0,53.914,53.354,52.03399999999999,55.889833333333335,-0.0021144786140891,0.0083592607864451,0.0339393473498097,-0.0373920122622183,52.03399999999999,55.20122292436625,48.866777075633735,0.7787931323582934,0.1217366692685617,-0.0164533820840951,-0.0018552875695733,0.0460820532762977,0.0829307568438002,0.0184225460532804,0.0182818072893043,0.0166206215151666,66.79841896309112,0.0833629515927825,-0.4227058619279656,0.5060688135207482,-67227779.0,76.8062385907648,1.2657142857142856,0.883437242000792,0.8225508317777714,0.3206051873175747,-0.0332713754646839,-0.0164533820840951,0.0166206215151666,66.79841896309112,-0.1004126325048345,0.0,0.0,0.0,0.5,0.0423581880070329,-0.1720110707145219,-0.110844944469242,-0.2262765252051763,-0.6719771657528196,,,,,,,,,,,,,,-0.6511194223508662,,,,,,,,0.209009150551082,-0.247753537493907,1.2588745670853765,0.3996268794686987,,,,,,-0.6511194223508662,,,-0.3142419860748456,0.0,0.0,0.0,0.0,其他,0,0,0.5,1.0,0,0.3353535353535353,0.009293680297397744,-0.04498141263940514,0.46153846153846156,0.631578947368421,0.13360323886639677,0.8562753036437247,0.5546558704453441,0.708502024291498,0.5,0.5,0.5,0.5,0.33535353535353535,0.4707070707070707,0.49696969696969695
2026-04-22,53.44,53.83,52.9,53.3,1196955.0,53.998000000000005,53.424,52.166,55.739,-0.012926404681655,-0.0023210542078466,0.0217382969750412,-0.0437575126930874,52.166,55.3120946551156,49.0199053448844,0.6802234395726265,0.1206185889318547,-0.0092936802973977,0.0079425113464446,0.0133079847908743,0.0521121200157914,0.0163692859203092,0.0175537044458982,0.016452619788303,61.7821782092579,0.0822492337517601,-0.3217148427918687,0.4039640765436288,-68424734.0,71.51865508060645,1.2707142857142857,0.7653066607008439,0.730129390004988,0.2845821325627909,-0.0185741088180111,-0.0092936802973977,0.016452619788303,61.7821782092579,-0.1394477735878899,0.0,0.0,0.0,0.5,-0.3110574520256612,-0.4131627985048033,-0.278605912264229,-0.3552259937088285,-0.7173613683514429,,,,,,,,,,,,,,-0.3460756686046667,,,,,,,,0.2071776826681976,-0.1538663372634428,1.0005629080117926,0.3238569423551078,,,,,,-0.3460756686046667,,,-0.387586190186138,0.0,0.0,0.0,0.0,其他,0,0,0.5,1.0,0,0.354251012145749,0.014258911819887476,-0.04540337711069409,0.5415821501014199,0.6470588235294118,0.16835699797160245,0.7931034482758621,0.39553752535496955,0.6146044624746451,0.5,0.5,0.5,0.5,0.354251012145749,0.451417004048583,0.49190283400809715
2026-04-23,53.17,53.57,52.41,52.46,1887505.0,53.804,53.527,52.21,55.55949999999999,-0.0249795554233884,-0.0199338651521662,0.0047883547213176,-0.0557870391202223,52.21,55.34618608470453,49.073813915295474,0.5398573288054059,0.1201373715647776,-0.0157598499061912,-0.0181545947969304,0.0200272214660703,0.0170608763086468,0.0170554977388802,0.0166788129254016,0.0165201508928386,58.15470642298076,0.0134356101543247,-0.2546847522025494,0.2681203623568741,-70312239.0,63.905488675572535,1.2514285714285716,1.186486709639687,0.5748613678267126,0.229859571321287,-0.0076248570339305,-0.0157598499061912,0.0165201508928386,58.15470642298076,0.5769222736025998,0.0,0.0,0.0,0.5,-0.371376589382913,-0.4655391202748014,-0.4151629037836592,-0.5723125185927936,-0.5366462066628273,,,,,,,,,,,,,,-0.6176211581892089,,,,,,,,0.1478183091418431,-0.0913540468404512,0.6640514205545985,0.2053815257746772,,,,,,-0.6176211581892089,,,0.9890547583835964,0.0,0.0,0.0,0.0,其他,0,0,0.5,1.0,0,0.4383838383838384,0.017346549752192075,-0.053183377811666044,0.4392712550607287,0.6376518218623481,0.18016194331983806,0.6781376518218624,0.6882591093117408,0.5769230769230769,0.5,0.5,0.5,0.5,0.4383838383838384,0.509090909090909,0.47474747474747475
2026-04-24,52.34,52.51,51.7,52.1,960813.0,53.272000000000006,53.483,52.2845,55.380833333333335,-0.0220003003453972,-0.0258586840678346,-0.00352877047691,-0.0592413139323171,52.2845,55.33013518567312,49.23886481432688,0.469710751813797,0.1165024122126938,-0.0068623713305375,-0.0485756026296566,-0.0083745717548534,0.0294408219719424,0.0064108325000114,0.0153624254384103,0.0159742997411114,55.50458714883429,-0.0693473016402848,-0.2176172620900608,0.148269960449776,-71273052.0,58.897514641108216,1.2135714285714287,0.6035936201369375,0.5083179297503087,0.2032520325188229,0.028598848368522,-0.0068623713305375,0.0159742997411114,55.50458714883429,-0.4909613484467591,0.0,0.0,0.0,0.5,-0.5597884085585191,-0.685115976844835,-0.6131681885087467,-0.6630686054339224,-0.7710792219506107,-0.3576057127679635,,,,-0.7590391439575105,,,,,,,,,-0.2371519663651569,,,,,,,,0.0765514220834809,-0.0566224696418796,0.3682496383912225,0.1446843175368385,,,,,,-0.2371519663651569,,,-1.0659202856494197,0.0,0.0,0.0,0.0,其他,0,0,0.5,1.0,0,0.5955284552845529,0.02207293666026877,-0.07639155470249526,0.13238289205702647,0.6517311608961304,0.15682281059063136,0.42769857433808556,0.13441955193482688,0.5213849287169042,0.5,0.5,0.5,0.5,0.5955284552845529,0.4796747967479675,0.43902439024390244
2026-04-27,52.01,53.29,51.93,52.95,1194356.0,52.922,53.428,52.403,55.25033333333333,0.0005290805336155,-0.0089466197499437,0.0104383336831861,-0.0416347412685291,52.403,55.35229857852045,49.45370142147954,0.5927339137387607,0.1125622036339456,0.0163147792706335,-0.0319926873857403,-0.0102803738317756,0.0468564650059313,0.0133531368756082,0.0151036858800359,0.0162977601087592,56.77361853124039,-0.065613277364612,-0.1872164651449477,0.1216031877803356,-70078696.0,58.90698404099188,1.25,0.7446706297854909,0.6654343807640407,0.266075388024641,0.0066100094428704,0.0163147792706335,0.0162977601087592,56.77361853124039,0.2430681100276537,0.0,0.0,0.0,0.5,-0.6325351118791444,-0.5175481811083744,-0.544916014205367,-0.4370494508765304,-0.7063775810031853,-0.4542724524296722,,,,0.0945101327534577,,,,,,,,,0.7503686258363176,-0.5425601250259678,,,-0.818073242248368,,,,0.0794458830663401,-0.0280973251216487,0.3012637622902775,0.2187790566712206,,,,,,0.7503686258363176,,,0.3506131167431638,0.0,0.0,0.0,0.0,其他,0,0,0.5,1.0,0,0.4230769230769231,-0.026817752596789424,-0.10576015108593018,0.3022312373225152,0.7342799188640974,0.17647058823529413,0.5294117647058824,0.2535496957403651,0.6044624746450304,0.5,0.5,0.5,0.5,0.4230769230769231,0.3360323886639676,0.32186234817813764
2026-04-28,52.95,53.55,51.86,52.01,1595235.0,52.564,53.239,52.536,55.082,-0.0105395327600639,-0.0230845808523826,-0.0100121821227349,-0.0557713953741693,52.536,55.12330015755089,49.94869984244912,0.3983496370715361,0.0984962752225506,-0.017752596789424,-0.0332713754646839,-0.035064935064935,0.053900709219858,0.0136076274869949,0.0156409276769071,0.0157890808825546,47.31574157723001,-0.1369215005844921,-0.1771574722328504,0.0402359716483582,-71673931.0,51.06560080802306,1.2807142857142857,1.0079137054743892,0.369266055037402,0.1966001478182066,0.0440299942318784,-0.017752596789424,0.0157890808825546,47.31574157723001,0.3356444812099575,0.0,0.0,0.0,0.5,-0.4127304828891868,-0.4601895238789917,-0.5619368607309015,-0.6815214173434874,-0.5991780718583569,-0.5528367933574538,,,,-0.3252980013798727,,,,,,,,,-0.7064781649287841,-0.5637948812385716,,,-0.7858432647877059,,,,0.0177580957146344,-0.0185843579834206,0.0997446677738328,0.1177316863736254,,,,,,-0.7064781649287841,,,0.5274039093036925,0.0,0.0,0.0,0.0,其他,0,0,0.5,1.0,0,0.6303030303030303,0.0,-0.10594116516054597,0.3319838056680162,0.7874493927125507,0.145748987854251,0.5344129554655871,0.5222672064777328,0.4757085020242915,0.5,0.5,0.5,0.5,0.6303030303030303,0.5535353535353535,0.3212121212121212
2026-04-29,51.65,53.14,51.42,52.31,1410519.0,52.366,53.182,52.6315,54.92866666666667,-0.0010693961730893,-0.0163965251400849,-0.0061085091627637,-0.047673952884347,52.6315,55.02021271212181,50.242787287878194,0.4327043393682755,0.090771219217285,0.0057681215150933,-0.0185741088180111,-0.0107791225416036,0.0378968253968254,0.0145184718833284,0.0148566262006467,0.0152010236510654,54.34782607943807,-0.1672989964677924,-0.1751857770798378,0.0078867806120453,-70263412.0,52.27170359067267,1.3064285714285713,0.909607600051216,0.3950617283853077,0.2187730968202604,0.033454406423246,0.0057681215150933,0.0152010236510654,54.34782607943807,-0.1157923440746974,0.0,0.0,0.0,0.5,-0.7108267544207112,-0.5446289393613407,-0.683806154702915,-0.5988402856817949,-0.643599167207765,-0.605772231924247,,,,0.0363364236575267,,,,,,,,,0.303020883570092,-0.2822504634110099,,,-0.6851383948043686,,,,-0.0085630546716651,-0.0166612011899059,0.0193905243182499,0.2061681649056569,,,,,,0.303020883570092,,,-0.3488866403319624,0.0,0.0,0.0,0.0,其他,0,0,0.5,1.0,0,0.5869120654396728,-0.00324985662397248,-0.08315809596635448,0.3463114754098361,0.6434426229508197,0.12704918032786885,0.5225409836065574,0.3524590163934426,0.39344262295081966,0.5,0.5,0.5,0.5,0.5869120654396728,0.5930470347648262,0.38650306748466257
2026-04-30,52.3,52.63,51.82,52.06,1060656.0,52.286,53.045,52.6885,54.79683333333334,-0.0043223807520177,-0.0185691394099349,-0.0119285992199434,-0.0499451002338943,52.6885,54.95661561016019,50.4203843898398,0.3614488615084859,0.0860952811393715,-0.0047792009176065,-0.0076248570339305,-0.0256410256410255,0.0223880597014924,0.0129792133258261,0.0143302855150753,0.0151394649069545,47.408207336245,-0.2091345012870178,-0.1819755219212765,-0.0271589793657413,-71324068.0,45.651024514586304,1.245,0.6878044144712607,0.3333333333251034,0.2002956393185492,0.0251632731463695,-0.0047792009176065,0.0151394649069545,47.408207336245,-0.2480384879608144,0.0,0.0,0.0,0.5,-0.5565053815985046,-0.6498083232315511,-0.5662296172949197,-0.6614947421477855,-0.7303649087878756,-0.6250634331552589,,,,-0.0880899465959932,,,,,,,,,-0.1513014366964306,-0.0723402836958403,,,-0.8427518598354079,,,,-0.0448283219769945,-0.0229941688168835,-0.0676612948581293,0.1382258878270183,,,,,,-0.1513014366964306,,,-0.6036975507825788,0.0,0.0,0.0,0.0,其他,0,0,0.5,1.0,0,0.6260162601626016,-0.0007683442182097044,-0.08835958509412223,0.43380855397148677,0.6130346232179226,0.12219959266802444,0.4134419551934827,0.1894093686354379,0.37678207739307534,0.5,0.5,0.5,0.5,0.6260162601626016,0.6260162601626016,0.4268292682926829
2026-05-06,52.48,53.78,52.47,53.59,2081710.0,52.584,52.928,52.8325,54.699666666666666,0.0191312946904,0.0125075574365176,0.0143377655798986,-0.0202865343481677,52.8325,54.93107972021676,50.73392027978325,0.6804792052059173,0.0794427566445949,0.0293891663465233,0.028598848368522,-0.0213659605551496,0.0567935318477619,0.0182596136480475,0.0153216885993315,0.0163254587367218,50.4577822918982,-0.1174825177775389,-0.1690769210925249,0.0515944033149859,-69242358.0,46.97052736873039,1.2657142857142856,1.3254679642865876,0.6968911916917917,0.3133776792290217,-0.0063444672513529,0.0293891663465233,0.0163254587367218,50.4577822918982,0.9626627294806234,0.0,0.0,0.0,0.5,-0.5119358869052079,-0.4020854580322622,-0.3777578279367374,-0.253249315293838,-0.4616289619876922,-0.537095130425465,-0.4568785894983951,,,0.8098291717696642,0.4020799913385712,,,,,,,,1.3139553718284838,0.6204979486749593,,,-0.2799040897835515,,,,0.0351834380647679,-0.0107032412140715,0.1288202108040219,0.2698875977526802,,,,,,1.3139553718284838,,,1.7368397653741263,0.0,0.0,0.0,0.0,其他,0,0,0.5,1.0,0,0.4262626262626263,-0.048516514275051326,-0.1395782795297631,0.597165991902834,0.6396761133603239,0.16194331983805668,0.4392712550607287,0.6437246963562753,0.5182186234817814,0.5,0.5,0.5,0.5,0.4262626262626263,0.44646464646464645,0.26464646464646463
2026-05-07,53.62,53.71,53.18,53.3,1711926.0,52.654,52.788,52.9525,54.597166666666666,0.012268773502488,0.0096991740547094,0.0065624852462111,-0.0237588641657229,52.9525,54.85070829648432,51.05429170351568,0.591533684839659,0.0716947564885788,-0.0054114573614481,0.0066100094428704,-0.0255941499085924,0.0471512770137523,0.0177049794936474,0.0153524954687939,0.0164283381770007,46.91358024015648,-0.0674695388677122,-0.1487554446475573,0.081285905779845,-70954284.0,47.29504364157252,1.254285714285714,1.083184715906711,0.5615615615446974,0.2919438285270362,-0.0332082551594745,-0.0054114573614481,0.0164283381770007,46.91358024015648,-0.177634732983941,0.0,0.0,0.0,0.5,-0.243803614216146,-0.4152283924085366,-0.1723493574823565,-0.3293109106052073,-0.555657761739206,-0.5144370874175875,-0.4959971538528968,,,0.5423579225614046,0.3178996214394866,,,,,,,,-0.1877467168469304,0.1959400041149731,-0.346589311309297,,-0.337613319713213,-0.8684683318473535,,,0.0787862052911201,0.0086382888335165,0.2025653102369961,0.1596647412123687,,,,,,-0.1877467168469304,,,-0.473598333742228,0.0,0.0,0.0,0.0,其他,0,0,0.5,1.0,0,0.3393939393939394,-0.044652908067542185,-0.14333958724202633,0.4230769230769231,0.4959514170040486,0.2165991902834008,0.38866396761133604,0.5020242914979757,0.44129554655870445,0.5,0.5,0.5,0.5,0.3393939393939394,0.6282828282828283,0.33535353535353535
2026-05-08,53.2,54.76,52.58,54.3,2578103.0,53.112,52.838,53.096,54.461000000000006,0.0223678264798914,0.0276694802982702,0.0226759077896638,-0.002956243917666,53.096,54.94282259142842,51.24917740857159,0.8259652566265638,0.0695654132674753,0.0187617260787993,0.0440299942318784,0.0092936802973977,0.0558040054442932,0.0151549291010278,0.0158237593221001,0.0167447788059781,57.31958762059301,0.0522522687870861,-0.1085539019606205,0.1608061707477066,-68376181.0,57.584556627360456,1.317142857142857,1.564012431885445,0.8618618618359798,0.365853658533881,-0.0421731123388582,0.0187617260787993,0.0167447788059781,57.31958762059301,0.5059663793878941,0.0,0.0,0.0,0.5,-0.3411302999248724,-0.1884928173886081,-0.3445407034521964,-0.0610266135199691,-0.3268411640081353,-0.3810219971567014,-0.4786479534026846,,,0.9261211349659124,0.8433235444779285,,,,,,,,0.8541104834263954,0.9131560287814664,0.1858211911707784,,-0.6075246969511827,-0.8003703261574346,,,0.1835755329735642,0.0469370511511996,0.4012068972811649,0.323970248959173,,,,,,0.8541104834263954,,,0.8512351536211193,0.0,0.0,0.0,0.0,其他,0,0,0.5,1.0,0,0.4606060606060606,-0.053775322283609484,-0.16095764272559843,0.6295546558704453,0.5587044534412956,0.242914979757085,0.5222672064777328,0.8704453441295547,0.5384615384615384,0.5,0.5,0.5,0.5,0.46060606060606063,0.5656565656565656,0.2505050505050505
2026-05-11,54.48,54.72,53.86,54.06,1865686.0,53.462,52.914,53.169,54.34783333333334,0.0111855149451947,0.0216577843292891,0.0167578852338767,-0.0052961326271824,53.169,55.04840528107329,51.28959471892672,0.7370430712574837,0.0706955286377307,-0.0044198895027622,0.033454406423246,0.0142589118198874,0.0277566539923954,0.0162971974250233,0.0155427618600683,0.0161366043064955,53.35463257990453,0.1263112803211754,-0.0615808655042537,0.1878921458254292,-70241867.0,59.0192720859451,1.3185714285714287,1.136293305101092,0.7897897897660735,0.3481152993322386,-0.0355160932297448,-0.0044198895027622,0.0161366043064955,53.35463257990453,-0.2763338004726731,0.0,0.0,0.0,0.5,-0.038909006035062,-0.1963625896396948,0.0270998101155656,-0.1251262025283894,-0.512094273115063,-0.2788645279441777,-0.4536501678163929,,,0.490994825304073,0.6614576093421095,,,,,,,,-0.1509576222415523,0.70425473072726,0.2608726791648261,,-0.4824789151347248,-0.8319460090895128,,,0.2480919750635774,0.0917200087377564,0.467532742518355,0.2028651338064445,,,,,,-0.1509576222415523,,,-0.669282763641041,0.0,0.0,0.0,0.0,其他,0,0,0.5,1.0,0,0.602020202020202,-0.05882352941176472,-0.18978912319644847,0.5890688259109311,0.5364372469635628,0.2813765182186235,0.47368421052631576,0.5161943319838057,0.4716599190283401,0.5,0.5,0.5,0.5,0.602020202020202,0.5535353535353535,0.24848484848484848
2026-05-12,54.11,54.22,53.11,53.37,1604156.0,53.724,53.005,53.266,54.220333333333336,-0.0065892338619611,0.0068861428167155,0.0019524649870461,-0.0156829233805276,53.266,54.95845259593099,51.57354740406901,0.5307246419181737,0.0635472006881619,-0.0127635960044395,0.0251632731463695,0.017346549752192,0.0377211744118217,0.0180057826086984,0.0151975807441815,0.0155305308773423,42.057142850413726,0.1278543425665717,-0.0236938238900837,0.1515481664566554,-71846023.0,50.098310736311454,1.2421428571428572,0.9875161533067,0.4945454545274708,0.2971175166275154,-0.0252951096121415,-0.0127635960044395,0.0155305308773423,42.057142850413726,-0.1401790011824069,0.0,0.0,0.0,0.5,-0.1260812250718655,-0.3035315897818888,-0.1908113844493193,-0.3102173537406026,-0.578285177726757,-0.2021801387715971,-0.4242754217379686,,,-0.1981297762665819,0.2221885593105391,,,,,,,,-0.511836132463644,0.5406914932398238,0.3070709505160627,,-0.2971246749512558,-0.8716469565250545,,-0.2761964827486989,0.2484708661056413,0.1277738311420463,0.3737574441823632,0.0986689861755275,-0.0127592028367372,-0.7841612471546936,,,,-0.511836132463644,,-0.2761964827486989,-0.4016659051432142,0.0,0.0,0.0,0.0,其他,0,0,0.5,1.0,0,0.4848484848484848,-0.06932733745549924,-0.14071575791643243,0.6255060728744939,0.5465587044534413,0.2591093117408907,0.2834008097165992,0.44534412955465585,0.45546558704453444,0.5,0.5,0.5,0.5,0.48484848484848486,0.45454545454545453,0.4222222222222222
2026-05-13,53.36,53.36,52.7,53.25,1318962.0,53.65599999999999,53.120000000000005,53.3015,54.05983333333334,-0.0075667213359175,0.0024472891566265,-0.0009662017016406,-0.014980315021319,53.3015,54.95926355370719,51.643736446292806,0.4844670248862461,0.062203260835214,-0.0022484541877458,-0.0063444672513529,0.0220729366602687,0.0135135135135135,0.0118468270464109,0.0149729268182127,0.0148454376363197,41.77071508984347,0.1180339027105645,0.0046517214300488,0.1133821812805157,-73164985.0,43.45373834541241,1.2171428571428566,0.8237802415769244,0.4509090908926949,0.3046874999976195,-0.0424413145539905,-0.0022484541877458,0.0148454376363197,41.77071508984347,-0.1777844548784531,0.0,0.0,0.0,0.5,-0.3031870786149651,-0.4883877404970121,-0.3095153495211176,-0.3413186266229919,-0.650360867770222,-0.221054852392378,-0.3878064740056507,,,-0.2352597876080153,0.0895986215562554,,,,,,,,-0.0524560646402209,-0.071899124670673,0.3784054044843514,,-0.955947091420602,-0.8950459151935259,,-0.2915455737444411,0.2387801917827259,0.1546250413471129,0.2755412025565324,0.0129345123274572,-0.3874191443674256,-0.8154265878684122,,,,-0.0524560646402209,,-0.2915455737444411,-0.4731467628570199,0.0,0.0,0.0,0.0,其他,0,0,0.5,1.0,0,0.509090909090909,-0.09633802816901416,-0.16619718309859155,0.4251012145748988,0.4817813765182186,0.22267206477732793,0.2834008097165992,0.2894736842105263,0.4331983805668016,0.5,0.5,0.5,0.5,0.509090909090909,0.4121212121212121,0.36363636363636365
2026-05-14,53.24,53.39,51.53,51.53,2352630.0,53.302,52.978,53.203,53.90433333333333,-0.0332445311620577,-0.0273321001170295,-0.0314455951732044,-0.0440471699863336,53.203,55.03595102871955,51.37004897128044,0.0436321064253787,0.0689040478437723,-0.032300469483568,-0.0332082551594745,-0.0268177525967894,-0.036822429906542,0.0184757263586441,0.0175776252742539,0.0159726448551002,38.2139148438734,-0.0282093530181413,-0.0019204934595897,-0.0262888595585515,-75517615.0,41.75042371495212,1.243571428571428,1.4341283634585753,0.0,0.1703124999986694,-0.0118377644090821,-0.032300469483568,0.0159726448551002,38.2139148438734,0.7836980898615729,0.0,0.0,0.0,0.5,-0.3304617491471651,-0.4796516807917457,-0.6495986860030752,-0.8041050655958726,-0.3743727480151783,-0.3229720975759771,-0.4287623209932918,,,-1.2274474984086852,-0.7958716682628356,,,,,,,,-1.3551663436031591,-0.5933818860462056,-0.3784645721895655,,-0.2379499911458064,-0.5445143546363738,,-0.4966224859133292,0.1076154455584785,0.1476810070974617,-0.0807819766179173,-0.1399540387993898,-0.4818388594253563,-0.7712577304943945,,,,-1.3551663436031591,,-0.4966224859133292,1.4000208083344738,0.0,0.0,0.0,0.0,其他,0,0,0.5,1.0,0,0.7838383838383839,-0.08111779545895592,-0.16572870172714926,0.33805668016194335,0.3340080971659919,0.24898785425101214,0.2874493927125506,0.8137651821862348,0.340080971659919,0.5,0.5,0.5,0.5,0.7838383838383839,0.3838383838383838,0.30303030303030304
2026-05-15,51.43,52.93,51.43,52.01,1841666.0,52.84400000000001,52.978,53.10850000000001,53.73533333333333,-0.0157823026265991,-0.0182717354373512,-0.0206840712880237,-0.0321079860551095,53.10850000000001,54.98452351012086,51.232476489879154,0.2072264835449832,0.0706487100979059,0.0093149621579662,-0.0421731123388582,0.0,-0.035064935064935,0.0154736973517207,0.0170572196351326,0.0160337261137663,43.28824140888622,-0.1041763013242018,-0.0223716550325135,-0.0818046462916883,-73675949.0,40.67035676751677,1.2842857142857136,1.1134843956341076,0.1486068111409091,0.2119521912333706,-0.0121130551816956,0.0093149621579662,0.0160337261137663,43.28824140888622,-0.2171884231689641,0.0,0.0,0.0,0.5,-0.7593459152089385,-0.5774738663382547,-0.6753879895728041,-0.6698194481936371,-0.5080984372297142,-0.454971199385395,-0.4267731527087225,,,-0.5432923482174596,-0.5218689409896403,,,,,,,,0.4610704455348111,-0.7642298678819763,0.0389377539044361,,-0.5610402333319484,-0.6108368452084446,,-0.1986547919471406,0.0392938799658115,0.1272617380118758,-0.2222030829729215,-0.0193452600112205,-0.5406029789536902,-0.706605663199343,,,,0.4610704455348111,,-0.1986547919471406,-0.5563423790730733,0.0,0.0,0.0,0.0,其他,0,0,0.5,1.0,0,0.6842105263157895,-0.10594116516054597,-0.1561238223418573,0.460446247464503,0.42190669371196754,0.24746450304259635,0.45030425963488846,0.6389452332657201,0.513184584178499,0.5,0.5,0.5,0.5,0.6842105263157895,0.22672064777327935,0.25708502024291496
2026-05-18,52.1,52.51,51.38,52.14,1313585.0,52.46,52.961,53.07149999999999,53.57899999999999,-0.0060998856271444,-0.0155019731500537,-0.0175517933354059,-0.0268575374680377,53.07149999999999,54.99508519437008,51.1479148056299,0.257873994156309,0.0724903269877982,0.0024995193232071,-0.0355160932297448,-0.0032498566239724,-0.0139939485627836,0.0162194268685464,0.0169682829547988,0.0155273703026757,48.20224718342886,-0.1521372310779654,-0.0483247702416052,-0.1038124608363601,-72362364.0,41.72359415718749,1.282142857142856,0.8092791668272336,0.1888544891582398,0.2223107569703401,-0.0241657077100114,0.0024995193232071,0.0155273703026757,48.20224718342886,-0.2867409182772554,0.0,0.0,0.0,0.5,-0.5957392567662568,-0.6660841529643723,-0.6864240123100468,-0.6311139979667078,-0.6457712695161522,-0.564920376840192,-0.4299585036399627,,,-0.1637751726239076,-0.436633132063061,,,,,,,,0.1617939554315528,-0.6303483676960762,-0.0118199110696948,,-0.4776392071837151,-0.6193828274343328,,0.0898618156789649,-0.0038949194302786,0.1014851978072175,-0.2777137630699507,0.0667053968307076,-0.4779719203368211,-0.7054988625639953,,,,0.1617939554315528,,0.0898618156789649,-0.6890747062645123,0.0,0.0,0.0,0.0,其他,0,0,0.5,1.0,0,0.5111111111111111,-0.08016877637130804,-0.1377061756808592,0.5991902834008097,0.4959514170040486,0.22469635627530365,0.5384615384615384,0.38866396761133604,0.5445344129554656,0.5,0.5,0.5,0.5,0.5111111111111111,0.24848484848484848,0.30303030303030304
2026-05-19,52.05,52.76,51.43,52.02,1315496.0,52.19,52.95700000000001,53.001,53.414333333333325,-0.0032573289902279,-0.0176936004683045,-0.0185090847342501,-0.0261041043914552,53.001,54.97203125559341,51.02996874440659,0.2511454987734926,0.0743771346046184,-0.002301495972382,-0.0252951096121415,-0.0007683442182097,-0.0263896687254351,0.0159791210312089,0.0169119155082578,0.0153124444268247,49.53810622755736,-0.1975521155718311,-0.0781702393076517,-0.1193818762641794,-73677860.0,46.6686752173258,1.3192857142857133,0.8055633581028745,0.151702786373013,0.2735655737676891,-0.0451749327181852,-0.002301495972382,0.0153124444268247,49.53810622755736,0.0014547973675094,0.0,0.0,0.0,0.5,-0.6047518724158988,-0.6080976509597301,-0.6681343201028992,-0.6604741376504953,-0.6419599947471981,-0.6410193710577904,-0.4292078718947825,,,-0.0519358890626823,-0.5002483962945453,,,,,,,,-0.0491799385456514,-0.4275717465978247,0.0270223101648618,,-0.5015088242971658,-0.6235672943814093,,0.1680219321687276,-0.0447933594606072,0.0719040927556807,-0.316631109080034,-0.0199607286366356,-0.1933609617547758,-0.6465603194845901,,,,-0.0491799385456514,,0.1680219321687276,-0.1219707410455582,0.0,0.0,0.0,0.0,其他,0,0,0.5,1.0,0,0.4563894523326572,-0.08765859284890432,-0.1414840445982316,0.483739837398374,0.47764227642276424,0.21951219512195122,0.5223577235772358,0.532520325203252,0.5182926829268293,0.5,0.5,0.5,0.5,0.4563894523326572,0.30628803245436104,0.3306288032454361
2026-05-20,51.9,51.94,50.77,50.99,1424204.0,51.738,52.697,52.8125,53.279,-0.0144574587343924,-0.032392735829364,-0.0345088757396448,-0.042962518065279,52.8125,54.79627497662776,50.82872502337224,0.0406485056328953,0.075125206215347,-0.0198000768935024,-0.0424413145539905,-0.0485165142750513,-0.0688458728999268,0.0171094732989356,0.0143975057647315,0.014542110440231,38.91402714315843,-0.3130457720624733,-0.1251453458586175,-0.1879004262038557,-75102064.0,41.21249483809602,1.3114285714285705,0.8999354464632802,0.0,0.1699481865267363,-0.0562855461855266,-0.0198000768935024,0.014542110440231,38.91402714315843,0.0826365112474687,0.0,0.0,0.0,0.5,-0.6376461878802905,-0.7841815033197135,-0.8580931872843138,-0.9363263134562488,-0.609782403209071,-0.7698137044834719,-0.5064620320522895,-0.5169074892570075,,-0.4912314260524287,-0.9376674689073182,-0.606257795042131,,-0.5169074892570075,-0.8648508645974224,0.1742405449227332,-1.2931625809428966,-1.3071426357299198,-0.8166531746365651,-0.7610773659013809,-0.7210813501661073,,-0.3761493301845693,-0.9554939192999624,,-0.459332792826329,-0.1490492852844389,0.02549643309368,-0.4918363080441751,-0.1137973288952828,-0.505203035580268,-0.6545456375878974,-0.0695541618646369,-1.3338908200361943,,-0.8166531746365651,,-0.459332792826329,0.0380927631110622,0.0,0.0,0.0,0.0,其他,0,0,0.5,1.0,0,0.4149797570850202,-0.09570504020396164,-0.13061384585212799,0.5070993914807302,0.3407707910750507,0.1744421906693712,0.38336713995943206,0.6206896551724138,0.4563894523326572,0.5,0.5,0.5,0.5,0.4149797570850202,0.24696356275303644,0.39068825910931176
2026-05-21,50.98,52.65,50.88,50.92,2220350.0,51.616,52.459,52.6235,53.1735,-0.013484190948543,-0.0293371966678739,-0.0323714690204945,-0.0423801329609674,52.6235,54.57001943086539,50.67698056913461,0.062424095800346,0.0739790941636985,-0.0013728181996469,-0.0118377644090821,-0.0446529080675421,-0.0691042047531993,0.0107825087184886,0.0144371232197392,0.0145398712087029,43.16185695603182,-0.4055486847234135,-0.1812260136315782,-0.2243226710918352,-77322414.0,49.2188764426763,1.317142857142856,1.3737482454988688,0.0,0.1626943005164488,-0.0701099764336213,-0.0013728181996469,0.0145398712087029,43.16185695603182,0.5590112090683639,0.0,0.0,0.0,0.5,-0.8544304933984603,-0.6244164011181819,-0.8205606943019664,-0.9490096742512112,-0.3941364592400644,-0.8009949066426572,-0.5766925010372244,-0.5757977688399215,,-0.4507545031819992,-0.8397634025155631,-0.5623836265060658,,-0.5757977688399215,-0.9123664410484388,0.1140370539982929,-1.2133272098781482,-1.3132748531525136,-0.0022260344802912,-0.1562143151846972,-0.656455913297565,-0.6435393446419198,-1.0626169232245273,-0.9432215364169176,-1.200067726090395,-0.2059708064452881,-0.2324146418627014,-0.0298920891737581,-0.583595911444191,-0.260271419924818,-0.0423580758136867,-0.6424147293910426,0.7420366434308708,-1.3186727468796735,,-0.0022260344802912,-1.200067726090395,-0.2059708064452881,0.9746918590856154,0.0,0.0,0.0,0.0,其他,0,0,0.5,1.0,0,0.101010101010101,-0.10329929300864116,-0.12608012568735272,0.7813765182186235,0.45951417004048584,0.1437246963562753,0.5506072874493927,0.8299595141700404,0.6174089068825911,0.5,0.5,0.5,0.5,0.10101010101010101,0.15353535353535352,0.3393939393939394
2026-05-22,51.38,51.8,50.69,51.38,1362758.0,51.49000000000001,52.16700000000001,52.5025,53.07033333333333,-0.0021363371528453,-0.0150861655836066,-0.0213799342888433,-0.0318508143281556,52.5025,54.44193969119669,50.5630603088033,0.2106122956243001,0.0738798987169373,0.0090337784760408,-0.0121130551816956,-0.0537753222836094,-0.0449814126394051,0.0107070463624572,0.0129494119127615,0.014459065379417,44.28044279680287,-0.4367063122057288,-0.2323220733464094,-0.2043842388593194,-75959656.0,49.3689081517703,1.2735714285714277,0.8438843021752519,0.136094674552187,0.2103626942983383,-0.0949785908913974,0.0090337784760408,0.014459065379417,44.28044279680287,-0.3862418087238498,0.0,0.0,0.0,0.5,-0.7535530985450861,-0.8076033830613065,-0.8714371754200575,-0.8179887420228418,-0.6223015659625314,-0.8330857612434481,-0.6630661397759335,-0.6121820987187169,,-0.0007678887427605,-0.4065681126347625,-0.3503407965747754,,-0.6121820987187169,-0.9359613469043454,0.0687297504431838,-0.7519072930251802,-1.3004866766102692,0.4574051156000238,-0.1610632209994172,-0.7957878349014392,-0.4029342823210038,-1.0624826500054558,-1.133960762204449,-1.2010889913236158,-0.1386697364650251,-0.2599026500186436,-0.0803511267782479,-0.5292966891829269,-0.168842914908233,-0.0335225655545303,-0.70354848825193,-0.1718999491454509,-0.9020873026556852,,0.4574051156000238,-1.2010889913236158,-0.1386697364650251,-0.8919992152146664,0.0,0.0,0.0,0.0,其他,0,0,0.5,1.0,0,0.103030303030303,-0.1132736473335928,-0.1485013623978202,0.6862348178137652,0.4939271255060729,0.13157894736842105,0.5728744939271255,0.6093117408906883,0.631578947368421,0.5,0.5,0.5,0.5,0.10303030303030303,0.14545454545454545,0.25252525252525254
2026-05-25,51.38,51.77,50.41,50.88,1432451.0,51.238,51.849,52.3815,52.98533333333333,-0.0069870018345757,-0.0186888850315338,-0.0286647003235874,-0.0397342660862124,52.3815,54.41130190892445,50.35169809107556,0.1301363218225001,0.077500717196742,-0.0097314130011677,-0.0241657077100114,-0.0588235294117647,-0.045403377110694,0.0107083699370069,0.0130118912911659,0.0144706961004572,42.95942720046023,-0.496026205301824,-0.2850628997374933,-0.2109633055643307,-77392107.0,48.686519357912495,1.312857142857142,0.8806204526039854,0.0,0.1585492227962846,-0.0573899371069183,-0.0097314130011677,0.0144706961004572,42.95942720046023,0.0511411417140827,0.0,0.0,0.0,0.5,-0.7494063571570885,-0.8094924817001424,-0.9481614890097876,-0.9488501253062676,-0.6005798473616966,-0.901755956189835,-0.7567934808247561,-0.648371393176445,,-0.1931006517573514,-0.5135301977951745,-0.4878527584554046,,-0.648371393176445,-0.936130387739838,-0.0150917307497266,-0.9921917195861092,-1.221310086663867,-0.3758257410634024,-0.3990917119047901,-0.8699291605131346,-0.4051882119718409,-1.0541169301046724,-1.1159166139038152,-1.1872525852256512,-0.2169260429773258,-0.3130792143426144,-0.132442958232878,-0.5439732195116529,-0.2636413787875627,-0.0729868241740181,-0.6410604090003992,-0.1077870871492891,-1.2977755338899062,,-0.3758257410634024,-1.1872525852256512,-0.2169260429773258,-0.0248709772357183,0.0,0.0,0.0,0.0,其他,0,0,0.5,1.0,0,0.2202020202020202,-0.13915094339622647,-0.12106918238993714,0.5101214574898786,0.4898785425101215,0.12550607287449392,0.548582995951417,0.611336032388664,0.562753036437247,0.5,0.5,0.5,0.5,0.2202020202020202,0.18181818181818182,0.3656565656565657
2026-05-26,50.72,51.0,49.2,49.67,2012043.0,50.76800000000001,51.479,52.242,52.837833333333336,-0.021627797037504,-0.0351405427455855,-0.0492324183607059,-0.0599538840540395,52.242,54.60519676442061,49.87880323557939,-0.0441781316559486,0.0904711444590974,-0.0237814465408805,-0.0451749327181852,-0.0693273374554992,-0.053183377811666,0.0134068437885365,0.0140744258989638,0.0149683062572319,25.68238212953408,-0.6333718888084334,-0.3547246975516823,-0.2786471912567511,-79404150.0,40.37607330311383,1.3185714285714276,1.232216191752504,0.0,0.0331606217613144,-0.0444936581437487,-0.0237814465408805,0.0149683062572319,25.68238212953408,0.404615585454581,0.0,0.0,0.0,0.5,-0.9035995478608596,-0.9734764733021206,-1.2951864772095798,-1.2693889436808812,-0.4417526723918588,-1.033300155600038,-0.8655743587982442,-0.6904064758592017,,-0.7733895580607766,-1.0068840712078142,-0.8779603488818317,,-0.6904064758592017,-0.882951512518306,-0.2026920625151752,-1.509786983484984,-0.9754875427111672,-0.995698282453626,-0.8133142045177909,-1.028449543674148,-0.4802920260998022,-0.7538417823464542,-0.9657347512519994,-1.0954032576701085,-1.2434062718070835,-0.4375825013096285,-0.2013846122232601,-0.7171974813475639,-0.3970281862091782,-0.556139213157687,-0.6290710046831878,0.5015381477136034,-1.28381445774206,,-0.995698282453626,-1.0954032576701085,-1.2434062718070835,0.674872565888885,0.0,0.0,0.0,0.0,其他,0,0,0.5,1.0,0,0.301010101010101,-0.07670626132474334,-0.11717334407086777,0.45546558704453444,0.4777327935222672,0.1396761133603239,0.2874493927125506,0.8137651821862348,0.4311740890688259,0.5,0.5,0.5,0.5,0.301010101010101,0.4404040404040404,0.4707070707070707
2026-05-27,49.02,49.62,48.0,48.12,1540683.0,50.194,50.966,52.04299999999999,52.668,-0.0413196796429853,-0.055841149001295,-0.0753799742520606,-0.0863522442469811,52.04299999999999,55.04145644501151,49.04454355498847,-0.1541699157430158,0.1152299615704613,-0.0312059593315885,-0.0562855461855266,-0.0963380281690141,-0.0763915547024952,0.0163282227615537,0.0158405902391017,0.0162648753775271,22.21030042584825,-0.8574059133629603,-0.4552609407139389,-0.4021449726490214,-80944833.0,33.63675056239188,1.399999999999999,0.9270842061637308,0.0,0.0,-0.0417705735660847,-0.0312059593315885,0.0162648753775271,22.21030042584825,-0.2342693471262791,0.0,0.0,0.0,0.5,-1.3035235524579905,-1.2677665913677996,-1.6295367481229632,-1.671590912045882,-0.5671689487537263,-1.1929268258458283,-1.01670028838441,-0.7516711486973665,,-1.5420360977676804,-1.6151289902425876,-1.366422765467474,,-0.7516711486973665,-0.7726313589493361,-0.5336991101039799,-1.8153118296750017,-0.5183568133029752,-1.314251120186246,-1.02756799502859,-1.4398379973912363,-0.707934875132934,-0.4310857468583388,-0.7236937264307459,-0.8758567861214668,-1.4346335556317829,-0.6410804812935262,-0.3011390279877516,-1.0332863337809115,-0.498539931023473,-0.9443955774712176,-0.5038665298063469,-0.030964799462145,-1.2702955542619614,,-1.314251120186246,-0.8758567861214668,-1.4346335556317829,-0.5957786772970337,0.0,0.0,0.0,0.0,其他,0,0,0.5,1.0,0,0.2141414141414141,-0.07730673316708225,-0.12905236907730677,0.41295546558704455,0.43724696356275305,0.17813765182186234,0.2550607287449393,0.5546558704453441,0.36639676113360325,0.5,0.5,0.5,0.5,0.21414141414141413,0.3595959595959596,0.3878787878787879
2026-05-28,48.01,48.01,46.56,47.35,1845146.0,49.48,50.548,51.763,52.47383333333333,-0.0430476960388036,-0.0632665980849883,-0.0852539458686706,-0.0976454931505543,51.763,55.38572418579103,48.14027581420897,-0.1090720371837392,0.1399735017593273,-0.0160016625103905,-0.0701099764336213,-0.0811177954589559,-0.1057601510859301,0.0153617640447626,0.0140210427057046,0.0157545200310451,11.771177115898835,-1.0845837764898931,-0.5811255078691309,-0.5034582686207623,-82789979.0,23.55442454616427,1.3557142857142843,1.0889683107262416,0.0,0.0,-0.0356916578669483,-0.0160016625103905,0.0157545200310451,11.771177115898835,0.1976156029501201,0.0,0.0,0.0,0.5,-1.5299015948454298,-1.6037347286323818,-2.017247287231769,-1.852165518591032,-0.4822223593598158,-1.389478410618155,-1.1364258703874983,-0.838980674056635,,-1.5904516360578167,-1.8105651072207305,-1.535289911453313,,-0.838980674056635,-0.6853432160953989,-0.8901191618534225,-1.6530319909204758,-0.0625519014502099,-0.6344918895416044,-1.2911535129035736,-1.1887466512250642,-0.994055095551394,-0.5351006546417076,-0.962286444317856,-0.9525235137913406,-2.0182192482194234,-0.8460207769292523,-0.4261173970130151,-1.2867098400405246,-0.6200613097763195,-1.5164108659343445,-0.5679818253093419,0.2516978623679057,-1.257195950936756,,-0.6344918895416044,-0.9525235137913406,-2.0182192482194234,0.2660648797936588,0.0,0.0,0.0,0.0,其他,0,0,0.5,1.0,0,0.4210526315789473,-0.09208025343189019,-0.1472016895459345,0.0973630831643002,0.32454361054766734,0.1744421906693712,0.06490872210953347,0.7748478701825557,0.25557809330628806,0.5,0.5,0.5,0.5,0.42105263157894735,0.37044534412955465,0.41700404858299595
2026-05-29,47.35,47.81,46.25,46.5,1599178.0,48.504000000000005,49.997,51.4875,52.26816666666666,-0.041316180108857,-0.069944196651799,-0.0968681718863802,-0.1103571644946412,51.4875,55.80295021131228,47.17204978868772,-0.0778655477148426,0.1676309866007827,-0.0179514255543823,-0.0949785908913974,-0.1059411651605459,-0.1059411651605459,0.0081416726650509,0.0128059626146636,0.0157627489755981,11.030927833459444,-1.3180175861386658,-0.7285039235230388,-0.589513662615627,-84389157.0,15.501415427618724,1.4057142857142846,0.9436931081012022,0.0,0.0,-0.0202150537634407,-0.0179514255543823,0.0157627489755981,11.030927833459444,-0.1333054403282992,0.0,0.0,0.0,0.5,-1.6667582735220683,-1.6269558613907888,-2.068917753926818,-2.044191732542622,-0.546927979709542,-1.6549664385447078,-1.2940055481446886,-0.9238136055573888,,-1.504292471163902,-1.974472248794651,-1.7293660720332291,,-0.9238136055573888,-0.581142503803311,-1.2657153523837232,-1.5379475271396492,0.4465817658756896,-0.7176754904874502,-1.760321893737029,-1.55991620838818,-0.9880279347582056,-1.319584463958353,-1.116937247317106,-0.944006397230008,-2.021904261382461,-1.0542880893195796,-0.5723064349955432,-1.4947253955418995,-0.7243860899125832,-1.9500142421895508,-0.4898842359549835,-0.0038608425078241,-1.2444943982524117,,-0.7176754904874502,-0.944006397230008,-2.021904261382461,-0.3956379656241524,0.0,0.0,0.0,0.0,其他,0,0,0.5,1.0,0,0.5091277890466531,-0.05612903225806454,-0.12645161290322582,0.1016260162601626,0.32113821138211385,0.18089430894308944,0.054878048780487805,0.5142276422764228,0.22154471544715448,0.5,0.5,0.5,0.5,0.5091277890466531,0.4340770791075051,0.5253549695740365
2026-06-01,46.49,48.71,45.99,47.96,2072609.0,47.92,49.579,51.27,52.16316666666667,0.0008347245409014,-0.0326549547187317,-0.0645601716403355,-0.0805772911281588,51.27,55.841776114608486,46.69822388539152,0.1379962713575199,0.1783411786463649,0.0313978494623656,-0.0573899371069183,-0.080168776371308,-0.0831580959663544,0.0247046035393277,0.0182917902393523,0.0176525959243328,24.16427888884148,-1.3694212088019242,-0.8566873805788165,-0.5127338282231076,-82316548.0,23.606021249685423,1.5207142857142846,1.1996348439911353,0.1871794871770876,0.1697674418584911,-0.0867389491242702,0.0313978494623656,0.0176525959243328,24.16427888884148,0.2960464688733837,0.0,0.0,0.0,0.5,-1.8441927189145195,-1.4154004766803985,-2.103670183277518,-1.6336687241086136,-0.4157138379367299,-1.7987354436513765,-1.407471793030693,-0.9884818118346468,,0.1555897024001241,-0.8623945530040604,-1.1070006930111385,,-0.9884818118346468,-0.5687556228651897,-1.4379152606537795,-0.8835893721626757,0.6416344198197232,1.470636391805718,-1.0099659799794138,-1.1460470683321151,-0.755139653744955,0.5027579355509507,-0.3756379920291471,-0.6291875680706028,-1.2439092323039456,-1.093562344838069,-0.6984733703625172,-1.2832113719743985,-0.5813616828699182,-1.4646361396783618,-0.3137348471298047,0.4461063342845598,-0.6836753472190751,,1.470636391805718,-0.6291875680706028,-1.2439092323039456,0.4655219299002778,0.0,0.0,0.0,0.0,其他,0,0,0.5,1.0,0,0.291497975708502,-0.06255212677231026,-0.14241034195162627,0.21906693711967545,0.385395537525355,0.22718052738336714,0.17038539553752535,0.7403651115618661,0.29817444219066935,0.5,0.5,0.5,0.5,0.291497975708502,0.47368421052631576,0.5263157894736842
2026-06-02,47.96,48.15,46.84,47.46,1610553.0,47.478,49.123000000000005,51.04,52.07583333333333,-0.0003791229622139,-0.0338537955743746,-0.070141065830721,-0.0886367636939717,51.04,55.89829513090206,46.181704869097935,0.131557994774554,0.1903720662575448,-0.0104253544620517,-0.0444936581437487,-0.0876585928489043,-0.0883595850941222,0.0237494287527447,0.0181821953584886,0.0177076839030602,23.31797234722165,-1.4339743515761685,-0.9721447747782874,-0.4618295767978808,-83927101.0,23.479298069916183,1.5664285714285704,0.9175921931170316,0.1230769230753453,0.1116279069754462,-0.0337126000842815,-0.0104253544620517,0.0177076839030602,23.31797234722165,-0.2229344753400183,0.0,0.0,0.0,0.5,-1.4791603719143671,-1.520105340667038,-1.834106997167891,-1.7420150190954915,-0.5401506887210539,-1.896081869321872,-1.5288881099401403,-1.0562644025987462,,0.1072318001966262,-0.8921880595769953,-1.20116967218681,,-1.0562644025987462,-0.552181271965317,-1.620567073864411,-0.8966072424446627,0.8594076372450615,-0.3885254033464402,-0.7509110410746456,-1.2515102898709896,-0.8021336491200026,0.3956550913603611,-0.3888398985733657,-0.6167494324362345,-1.280436123631073,-1.144181161917711,-0.8109464377553607,-1.1420533833611743,-0.6872501314140496,-1.454783886073547,-0.2430345275958427,-0.0534255442993049,-0.8688225851138622,,-0.3885254033464402,-0.6167494324362345,-1.280436123631073,-0.5779544727855658,0.0,0.0,0.0,0.0,其他,0,0,0.5,1.0,0,0.6808943089430894,-0.05899705014749268,-0.12262958280657399,0.29938900203665986,0.42973523421588594,0.23421588594704684,0.20570264765784113,0.5763747454175153,0.32179226069246436,0.5,0.5,0.5,0.5,0.6808943089430894,0.43902439024390244,0.45528455284552843
2026-06-03,47.58,47.93,45.99,46.11,1950856.0,47.076,48.635000000000005,50.666,51.958,-0.0205200101962783,-0.05191734347692,-0.0899222358188924,-0.1125524462065514,50.666,55.83919569359306,45.49280430640695,0.0596532327543183,0.2042077801122191,-0.0284450063211125,-0.0417705735660847,-0.0957050402039616,-0.1395782795297631,0.0231231603417933,0.0189431968549805,0.0165740265575376,24.14122137082083,-1.575899816212413,-1.092895783065113,-0.4830040331473,-85877957.0,24.115820657489536,1.572142857142856,1.1156341823406206,0.0,0.0,-0.0370852309694209,-0.0284450063211125,0.0165740265575376,24.14122137082083,0.211295747485491,0.0,0.0,0.0,0.5,-1.5508705725232323,-1.5497815880703822,-2.0376051116721734,-2.0602937719132486,-0.4447463478557846,-1.9773430386164008,-1.6554973990481276,-1.1698718396239718,,-0.6881637966066902,-1.413693032672504,-1.5543269827433004,,-1.1698718396239718,-0.5637534901102427,-1.860614914368166,-1.1033155687505032,1.107218693279879,-1.1828310800080013,-0.6934166194488426,-1.3629806240258318,-1.3028409477112115,0.3250279936550576,-0.2844714798251219,-0.7993031754002801,-1.2212805849938235,-1.2640209454167908,-0.9276573187655212,-1.187236737562462,-0.815324604715442,-1.40276002253056,-0.2333813136265934,0.2976055850321435,-1.2241465285301858,,-1.1828310800080013,-0.7993031754002801,-1.2212805849938235,0.2982255694782823,0.0,0.0,0.0,0.0,其他,0,0,0.5,1.0,0,0.631578947368421,-0.03860333983951425,-0.07243548037302094,0.20892494929006086,0.26369168356997974,0.18255578093306288,0.1744421906693712,0.7505070993914807,0.2028397565922921,0.5,0.5,0.5,0.5,0.631578947368421,0.6012145748987854,0.6153846153846154
2026-06-04,46.11,46.66,45.52,45.66,1257725.0,46.738,48.109,50.284,51.8085,-0.0230647438914802,-0.050905236026523,-0.0919576803754673,-0.1186774371000897,50.284,55.75782056510319,44.81017943489681,0.0776259063471332,0.2177161946182604,-0.0097592713077424,-0.0356916578669483,-0.1032992930086411,-0.1433395872420263,0.0227681618681274,0.0187104916212954,0.016575669947467,19.61722487775465,-1.7050330819475477,-1.2153232428416003,-0.4897098391059473,-87135682.0,24.932241316637743,1.5464285714285697,0.7287179986349483,0.0,0.0,-0.0584756898817344,-0.0097592713077424,0.016575669947467,19.61722487775465,-0.3552958291129637,0.0,0.0,0.0,0.5,-1.8678434447719576,-1.7979597420016038,-2.128244442075596,-2.136575671496434,-0.632971064272452,-2.0366246807138912,-1.7880220807763485,-1.2835749935663372,,-0.7849145297868506,-1.3695053563836426,-1.5713019321287045,,-1.2835749935663372,-0.5807134478753261,-2.084369034053593,-1.0409313373323783,1.343663284846445,-0.3489424412868911,-0.5702368099833438,-1.4644940647080882,-1.3261921177624454,0.2845168863747311,-0.3149174674113094,-0.7940129603917685,-1.4662374434519332,-1.3696374255914727,-1.0446088574313703,-1.1948032628907614,-0.8955241812312488,-1.3422435722629265,-0.2718266668096052,-0.3913604600524606,-1.2125324104554387,,-0.3489424412868911,-0.7940129603917685,-1.4662374434519332,-0.8451266581179367,0.0,0.0,0.0,0.0,其他,0,0,0.5,1.0,0,0.3684210526315789,-0.025405168637757214,-0.05716162943495395,0.4198782961460446,0.33468559837728196,0.17647058823529413,0.11764705882352941,0.332657200811359,0.2657200811359026,0.5,0.5,0.5,0.5,0.3684210526315789,0.6356275303643725,0.5728744939271255
2026-06-05,45.65,46.3,44.94,45.56,1378401.0,46.55,47.527,49.847,51.6795,-0.0212674543501609,-0.0413870010730742,-0.0860031696992797,-0.1184125233409765,49.847,55.36618033578778,44.32781966421222,0.1116271131590723,0.2214448346250208,-0.0021901007446341,-0.0202150537634407,-0.1132736473335928,-0.1609576427255984,0.0219558042332003,0.0177057219776697,0.0154472410098612,18.426103644357354,-1.7947523961548342,-1.3312090735042472,-0.4635433226505869,-88514083.0,25.053553230127235,1.5628571428571416,0.8273929535632045,0.0,0.0,-0.0366549604916593,-0.0021901007446341,0.0154472410098612,18.426103644357354,0.0959478423343735,0.0,0.0,0.0,0.5,-1.9434739987605787,-1.84738430670543,-2.241819037425593,-2.122360325568576,-0.5969264366141968,-2.0520761065026174,-1.93038245380879,-1.4120401379681131,,-0.7097486664727302,-1.0801819795716954,-1.4427936095481568,,-1.4120401379681131,-0.6731773343459576,-2.2193113526837385,-0.9321365350682312,1.3968308744652282,-0.0106447450506315,-0.2616058689416246,-1.598590628571228,-1.4836429482903162,0.1932643484771992,-0.450236147089434,-0.9740214870481636,-1.5164460857248123,-1.4371945070614431,-1.1532295628924052,-1.1187003359552692,-0.982961949774148,-1.321960603126961,-0.2455550177090496,-0.2137918927920544,-1.2012434878985745,,-0.0106447450506315,-0.9740214870481636,-1.5164460857248123,0.0700000763827054,0.0,0.0,0.0,0.0,其他,0,0,0.5,1.0,0,0.4352226720647773,-0.03972783143107994,-0.048726953467954304,0.5070993914807302,0.24746450304259635,0.15821501014198783,0.06693711967545639,0.45233265720081134,0.23935091277890466,0.5,0.5,0.5,0.5,0.4352226720647773,0.5769230769230769,0.6275303643724697
2026-06-08,44.53,45.01,43.27,43.8,1350481.0,45.718,46.819,49.334,51.491166666666665,-0.0419528413316419,-0.0644823682692925,-0.1121741598086512,-0.1493686619387791,49.334,55.10588977536356,43.562110224636434,0.0206076159299592,0.233992369374138,-0.0386303775241441,-0.0867389491242702,-0.1391509433962264,-0.1897891231964484,0.0150821743871968,0.019587315393851,0.016792875639149,15.920398008102111,-1.9849900316198583,-1.4619652651273698,-0.5230247664924887,-89864564.0,19.10819817960855,1.63142857142857,0.8233652958625419,0.0,0.0,0.0264840182648402,-0.0386303775241441,0.016792875639149,15.920398008102111,-0.0202553538484083,0.0,0.0,0.0,0.5,-2.16050529083328,-2.083723561019921,-2.624666695308327,-2.50721583266294,-0.6019525276109953,-2.236901743834899,-2.100600709901016,-1.5607337254575415,,-1.5169826856499926,-1.736540520374097,-1.8962023458381487,,-1.5607337254575415,-0.7329765871798298,-2.444144493054196,-1.194594001775093,1.6063198702236652,-1.6246320253184674,-1.5694890268589603,-1.9630974032304795,-1.7428632667606407,-0.573009824654206,-0.1917941114931387,-0.7461611264870874,-1.6380962042251237,-1.5923875930964957,-1.27463615401372,-1.2614648904981751,-1.067373518035072,-1.6367845170996596,-0.1389607451381911,-0.2201647372164904,-1.190264852861936,,-1.6246320253184674,-0.7461611264870874,-1.6380962042251237,-0.1659486333558301,0.0,0.0,0.0,0.0,其他,0,0,0.5,1.0,0,0.6882591093117408,0.02100456621004576,-0.06347031963470307,0.29006085192697767,0.24746450304259635,0.17849898580121704,0.08924949290060852,0.30831643002028397,0.21095334685598377,0.5,0.5,0.5,0.5,0.6882591093117408,0.7024291497975709,0.5607287449392713
2026-06-09,44.2,46.46,43.68,45.86,1894665.0,45.398,46.438,48.9585,51.342666666666666,0.0101766597647472,-0.0124467031310565,-0.0632882951887823,-0.106785779208975,48.9585,54.6005275377599,43.3164724622401,0.225408997094973,0.2304820424542572,0.0470319634703197,-0.0337126000842815,-0.0767062613247433,-0.1407157579164324,0.0331992552793352,0.0272432916247369,0.0211063540156821,30.404889225166784,-1.947086292603423,-1.5589894706225804,-0.3880968219808425,-87969899.0,26.510626054579816,1.7407142857142843,1.1450049527953967,0.2179894179871114,0.1879562043778473,-0.0261665939816834,0.0470319634703197,0.0211063540156821,30.404889225166784,0.4029556876401816,0.0,0.0,0.0,0.5,-2.192736508938901,-1.7551306489647387,-2.4566182804594145,-1.960878732635069,-0.4491346432420714,-2.2758839577351195,-2.1684634550968567,-1.6601267972002085,,0.5490245378619203,-0.2117506420112578,-0.9879468187230036,,-1.6601267972002085,-0.8520392893286006,-2.467613749335707,-0.577289098123788,1.5226442042467323,2.153785734450455,-0.5151289906249914,-1.0028987222787855,-1.2467421683313595,1.4429064563795284,0.8553099265217119,-0.0286304123877745,-0.8068277863006472,-1.5405626292719683,-1.359931872956344,-0.908110288658802,-0.9326068890121476,-1.209015237944898,0.0306078383701325,0.3585722254672487,-0.5418288864338906,,2.153785734450455,-0.0286304123877745,-0.8068277863006472,0.6948280092323204,0.0,0.0,0.0,0.0,其他,0,0,0.5,1.0,0,0.2773279352226721,-0.043829044919319604,-0.12276493676406464,0.6795131845841785,0.42190669371196754,0.3509127789046653,0.42190669371196754,0.847870182555781,0.5152129817444219,0.5,0.5,0.5,0.5,0.2773279352226721,0.520242914979757,0.3299595141700405
2026-06-10,45.6,45.9,44.21,44.4,1022906.0,45.056,46.066,48.516000000000005,51.18233333333333,-0.014559659090909,-0.0361655016715146,-0.0848379915904032,-0.1325131718626869,48.516000000000005,54.12897519380897,42.90302480619104,0.1333495287353813,0.2313865608787778,-0.0318360226777147,-0.0370852309694209,-0.0773067331670822,-0.1661971830985915,0.0337915711693974,0.0273045654068699,0.0217573296678397,27.486187842646373,-2.011667058011988,-1.649524988100462,-0.3621420699115252,-88992805.0,17.425618737265054,1.734999999999999,0.6237538639858681,0.0719424460423029,0.0547445255469458,-0.0015765765765766,-0.0318360226777147,0.0217573296678397,27.486187842646373,-0.4601124737090726,0.0,0.0,0.0,0.5,-1.8502504049933777,-1.8449020314381752,-2.270765543745,-2.27473921188486,-0.6884394141950363,-2.31742300683505,-2.2291077393483585,-1.776287594506783,,-0.4330774241949591,-0.9030561679129804,-1.3702233814377238,,-1.776287594506783,-0.9614932217124196,-2.54517022390575,-0.8487163580424042,1.520108082529576,-1.3079049771190754,-0.5796095024596362,-1.004974762473288,-1.4795144861046987,1.4925867654470517,0.8585199826787754,0.0797538771374613,-0.9668732213036344,-1.5807653001509463,-1.436725712428576,-0.8365021472088016,-0.9957886712556726,-1.6960110307642635,0.0216271547072747,-0.5819795319376748,-0.9686304768003174,,-1.3079049771190754,0.0797538771374613,-0.9668732213036344,-1.0630638945258446,0.0,0.0,0.0,0.0,其他,0,0,0.5,1.0,0,0.5303643724696356,-0.05608108108108112,-0.0981981981981982,0.6308316430020284,0.3630831643002028,0.37322515212981744,0.22920892494929007,0.17038539553752535,0.39148073022312374,0.5,0.5,0.5,0.5,0.5303643724696356,0.4979757085020243,0.4392712550607287
2026-06-11,44.3,44.3,42.81,42.99,1190287.0,44.522,45.63,48.089,51.00683333333333,-0.034409954629172,-0.0578566732412886,-0.1060325646197674,-0.1571717514973483,48.089,54.02651640440938,42.15148359559062,0.0706117126497211,0.2469386514336764,-0.0317567567567567,-0.0584756898817344,-0.0920802534318901,-0.1657287017271492,0.0356111273020021,0.0282753167439159,0.0217267686633305,22.81270252547391,-2.151817459628504,-1.7499834824060705,-0.4018339772224331,-90183092.0,17.73179161006088,1.769285714285713,0.7524879138645754,0.0,0.0,0.0351244475459409,-0.0317567567567567,0.0217267686633305,22.81270252547391,0.1636328264767241,0.0,0.0,0.0,0.5,-2.1026710719029222,-2.1364388961091065,-2.5668580683611526,-2.5539596642218614,-0.638862376805343,-2.403757592089937,-2.302544922172627,-1.8819734654196425,,-1.214635429178078,-1.5232083811714978,-1.7333235081270355,,-1.8819734654196425,-0.9796520939470612,-2.725706880555572,-1.0297113996734772,1.77475638323678,-1.29303770727642,-0.9993358191511345,-1.2198217314766522,-1.4577080763654051,1.6732836747583095,0.985430450194274,0.0743560122870559,-1.2230204608366182,-1.6857809313305805,-1.5211446403800406,-0.9333173141131876,-1.0693997807262543,-1.6565545006216993,0.0749784559258426,-0.3469689070133306,-1.1720021171026411,,-1.29303770727642,0.0743560122870559,-1.2230204608366182,0.21148573722864,0.0,0.0,0.0,0.0,其他,0,0,0.5,1.0,0,0.7296747967479674,-0.06071179344033495,-0.04861595719934875,0.3665987780040733,0.3054989816700611,0.37474541751527496,0.20570264765784113,0.46028513238289204,0.24236252545824846,0.5,0.5,0.5,0.5,0.7296747967479674,0.5589430894308943,0.5752032520325203
2026-06-12,43.31,44.11,42.93,43.89,1266877.0,44.188,45.369,47.683,50.851833333333325,-0.0067439123744003,-0.0325993519804271,-0.0795461694943691,-0.1369042741821827,47.683,53.602061447649575,41.763938552350425,0.1795944734173914,0.2482671580075566,0.0209351011863223,-0.0366549604916593,-0.0561290322580645,-0.1561238223418573,0.0385029806797359,0.0295900749472545,0.022382049640116,27.921667717050525,-2.1653052736454086,-1.833047840653938,-0.3322574329914705,-88916215.0,23.44812270685925,1.7564285714285697,0.8157281737562817,0.0983606557366298,0.0764655904836323,-0.0031897926634768,0.0209351011863223,0.022382049640116,27.921667717050525,0.0643458258386422,0.0,0.0,0.0,0.5,-2.2746683032213983,-2.135996042329865,-2.477449902277703,-2.2909734548197886,-0.6147441604039999,-2.433726752023539,-2.323714310646224,-1.9754901562561888,,-0.1127067807730791,-0.7796855594684813,-1.238880376533122,,-1.9754901562561888,-1.075870065317388,-2.768849297270908,-0.6978686761521221,1.7712163914333845,1.0101741249422356,-0.5618587630542381,-0.6687841241760467,-1.3497715250357565,1.9605826118293743,1.1571016929372455,0.183880758802071,-0.925545397431488,-1.6769302610141543,-1.5860530743445334,-0.7497996556029649,-0.9769605970099504,-1.3263110828552362,0.0546098856000661,-0.2309601666595263,-0.874500649467688,,1.0101741249422356,0.183880758802071,-0.925545397431488,0.0078285302283391,0.0,0.0,0.0,0.0,其他,0,0,0.5,1.0,0,0.645748987854251,-0.07450444292549563,-0.10526315789473684,0.4340770791075051,0.2535496957403651,0.35496957403651114,0.2515212981744422,0.3144016227180527,0.2657200811359026,0.5,0.5,0.5,0.5,0.645748987854251,0.5728744939271255,0.47874493927125505
2026-06-15,43.95,45.06,43.95,44.96,1068105.0,44.42,45.069,47.324,50.70166666666667,0.0121566861773976,-0.0024185138343428,-0.0499535119601047,-0.1132441405607967,47.324,52.96948967621139,41.67851032378861,0.2906293222011958,0.2385888629954974,0.0243791296422875,0.0264840182648402,-0.0625521267723102,-0.1377061756808592,0.0357116863856944,0.0286906749321592,0.0234428616974634,34.99043976743235,-2.0658411067657383,-1.8796064938762984,-0.1862346128894401,-87848110.0,29.64464799912308,1.71142857142857,0.6932196478336062,0.2181616832755462,0.1673746813919508,-0.0053380782918149,0.0243791296422875,0.0234428616974634,34.99043976743235,-0.1568992096312428,0.0,0.0,0.0,0.5,-2.0980848372154943,-1.9147796265680728,-2.181888962570816,-2.0054066961009367,-0.6672916361696717,-2.3234653607551587,-2.353123909132043,-2.0492729464559067,,0.6393578054022293,0.1044708949560337,-0.6967776513757257,,-2.0492729464559067,-1.220770047245118,-2.711515252836252,-0.3615461655903613,1.5778607458171063,1.1524322333321255,0.6963503093937783,-0.7626955556379601,-1.16061587380086,1.634851175110419,1.0261475928889137,0.3614662391066826,-0.5198539438881133,-1.5706390792748666,-1.613524560159072,-0.3706941488631576,-0.8990050822821892,-0.9766767821531906,-0.0162040705156918,-0.4527729070256708,-0.5163927290709994,,1.1524322333321255,0.3614662391066826,-0.5198539438881133,-0.4456980730006645,0.0,0.0,0.0,0.0,其他,0,0,0.5,1.0,0,0.6754563894523327,-0.08518683274021344,-0.12099644128113873,0.6890243902439024,0.30284552845528456,0.39227642276422764,0.3780487804878049,0.20934959349593496,0.4186991869918699,0.5,0.5,0.5,0.5,0.6754563894523327,0.5780933062880325,0.35496957403651114
2026-06-16,44.97,45.44,44.33,44.66,845625.0,44.17999999999999,44.789,46.956,50.53483333333334,0.0108646446355817,-0.0028801714706737,-0.0488968395945141,-0.1162531455200869,46.956,52.2619228077785,41.6500771922215,0.2836380132912576,0.2259955195403016,-0.0066725978647688,-0.0261665939816834,-0.0589970501474926,-0.1414840445982316,0.0272702034447212,0.0286518889543153,0.0234159295979399,38.01939057803137,-1.9883024857358151,-1.9013456922482013,-0.0869567934876134,-88693735.0,34.88204751479394,1.6714285714285697,0.5573239985641555,0.1990464839070428,0.1418861512307397,-0.0181370353784146,-0.0066725978647688,0.0234159295979399,38.01939057803137,-0.2082941283862541,0.0,0.0,0.0,0.5,-1.851817504293044,-1.8134374091174024,-2.0534427774110684,-2.0411709839161047,-0.7261422018428886,-2.3338020872635443,-2.374747525975191,-2.120985791536759,,0.5850857960111312,0.0905893102559104,-0.6739753873131702,,-2.120985791536759,-1.380345102995122,-2.641319725715194,-0.3811253230927821,1.3403459593797171,-0.2064932171415839,-0.3561827514833103,-0.7047715579392922,-1.1867917211710448,0.7124866773181433,1.0137956034800373,0.3554539463128579,-0.3452260811710778,-1.4865237181526625,-1.6162091069110571,-0.1127879173620373,-0.9508458711611028,-0.6833035516519717,-0.0791469472098761,-0.6979892037336345,-0.5705748673019346,,-0.2064932171415839,0.3554539463128579,-0.3452260811710778,-0.549439960139592,0.0,0.0,0.0,0.0,其他,0,0,0.5,1.0,0,0.6862348178137652,-0.0676220331392744,-0.09673085535154491,0.2738336713995943,0.32454361054766734,0.3772819472616633,0.40365111561866124,0.06896551724137931,0.3995943204868154,0.5,0.5,0.5,0.5,0.6862348178137652,0.5,0.4251012145748988
2026-06-17,44.49,44.66,44.01,44.33,824012.0,44.166,44.611,46.623000000000005,50.377,0.0037132635964314,-0.0062988948913946,-0.0491817343371299,-0.1200349365782004,46.623000000000005,51.693675653100506,41.5523243468995,0.273896009437586,0.2175182057392113,-0.0073891625615762,-0.0015765765765766,-0.0386033398395142,-0.1306138458521279,0.0231310637897702,0.0275465740662003,0.0232320502542704,39.21428571036429,-1.9312187908220864,-1.907320311962979,-0.0238984788591076,-89517747.0,36.8896184016517,1.60642857142857,0.5540375215774805,0.1597139451709207,0.1138487680534079,-0.054590570719603,-0.0073891625615762,0.0232320502542704,39.21428571036429,-0.0255586104951958,0.0,0.0,0.0,0.5,-1.9251223768422128,-1.93875173631078,-2.094819015122186,-2.081547295618369,-0.7286842831274432,-2.289547792237153,-2.3684514494229094,-2.177540231575635,,0.2971944673116415,-0.0102467739542474,-0.6756453242412994,,-2.177540231575635,-1.5019995930685468,-2.5977214299822537,-0.4089821146218216,1.1799175769962953,-0.2371727569779866,0.1369738037606175,-0.3909951601285029,-1.0729985300609828,0.2603201093919341,0.8567863009932113,0.3229306394900587,-0.2756373547439485,-1.4223652473219806,-1.6037216636154914,0.051152941175435,-1.0006524403983523,-0.5693846725883918,-0.1815893180547283,-0.7002732737389512,-0.6843597379064323,,-0.2371727569779866,0.3229306394900587,-0.2756373547439485,-0.1710594717037931,0.0,0.0,0.0,0.0,其他,0,0,0.5,1.0,0,0.4089068825910931,-0.035190615835776984,-0.08594631175276324,0.5294117647058824,0.38742393509127787,0.3752535496957404,0.5334685598377282,0.08519269776876268,0.4847870182555781,0.5,0.5,0.5,0.5,0.4089068825910931,0.582995951417004,0.3995943204868154
2026-06-18,44.33,45.09,43.7,44.5,905350.0,44.468,44.495000000000005,46.30200000000001,50.25116666666667,0.0007196186021407,0.0001123721766489,-0.038918405252473,-0.1144484207663504,46.30200000000001,51.02847459585493,41.57552540414508,0.3093716613211799,0.2041585502071062,0.0038348748026166,0.0351244475459409,-0.0254051686377572,-0.1260801256873527,0.0150018800111001,0.0275436624981246,0.0233241203733652,42.49249248802632,-1.850925697321827,-1.8960413890347485,0.0451156917129214,-88612397.0,43.14857390654337,1.5942857142857128,0.6368817156911764,0.17997616209559,0.1282922684780942,-0.0925842696629213,0.0038348748026166,0.0233241203733652,42.49249248802632,0.0987097275282398,0.0,0.0,0.0,0.5,-1.9297642945958025,-1.8285780487317544,-2.131440364131793,-2.010089816253032,-0.7025157321501663,-2.173779979081784,-2.3466894691343723,-2.226501683114136,,0.17617820728704,0.1789461957099853,-0.4857208994944956,,-2.226501683114136,-1.642481134589046,-2.5214705485122573,-0.2998431523568659,0.9372482320594524,0.2564199158277034,0.8710873485294275,-0.1876809782551655,-1.0215299326053744,-0.6258458370864403,0.8514524269901995,0.3372821462056653,-0.0866067376384323,-1.3398128025692422,-1.5751935037535445,0.2305655523891049,-0.93344097850494,-0.2207019255174816,-0.200203789635915,-0.5454189375017648,-0.6207070291370317,,0.2564199158277034,0.3372821462056653,-0.0866067376384323,0.086402456364109,0.0,0.0,0.0,0.0,其他,0,0,0.5,1.0,0,0.2251521298174442,-0.032584269662921383,-0.10494382022471915,0.7317073170731707,0.3394308943089431,0.3821138211382114,0.6666666666666666,0.12398373983739837,0.6280487804878049,0.5,0.5,0.5,0.5,0.22515212981744423,0.47058823529411764,0.3719512195121951
2026-06-22,44.35,44.4,42.72,43.75,1472435.0,44.44,44.314,45.9205,50.15233333333334,-0.0155265526552654,-0.0127273547862978,-0.0472664714016616,-0.1276577360973567,45.9205,50.12397462789622,41.71702537210379,0.2418207325887328,0.1830761698103051,-0.0168539325842697,-0.0031897926634768,-0.0397278314310799,-0.1485013623978202,0.0157382236277432,0.0279289830666579,0.0231367090122326,33.306899282582904,-1.8267536514211,-1.882183841512019,0.0554301900909186,-90084832.0,32.845935525323895,1.5271428571428558,1.031825495855207,0.0963244613422516,0.0645709430750672,-0.0715428571428572,-0.0168539325842697,0.0231367090122326,33.306899282582904,0.6263710167338599,0.0,0.0,0.0,0.5,-1.897749803512968,-1.9343087321212409,-2.317401969504212,-2.141720427672011,-0.5406126907887839,-2.1413065293773226,-2.342060551144304,-2.288774256619864,,-0.4775885304702874,-0.2017129423607868,-0.6357290492958384,,-2.288774256619864,-1.8331787384542049,-2.41654459621264,-0.503895177547874,0.5614843351215154,-0.6547532770805466,0.0985921296404457,-0.4067598078270571,-1.2276598929904683,-0.5429028704299512,0.8991018650871768,0.3040577210351764,-0.614380027120001,-1.307430898514526,-1.5451117576976523,0.2567241154293713,-1.0272172827517367,-0.7908637052672673,-0.3062643826913049,0.1819856810171108,-0.8660223854300251,,-0.6547532770805466,0.3040577210351764,-0.614380027120001,1.1753815616125838,0.0,0.0,0.0,0.0,其他,0,0,0.5,1.0,0,0.451417004048583,-0.009371428571428475,-0.09577142857142851,0.6450304259634888,0.24949290060851928,0.3691683569979716,0.4969574036511156,0.4381338742393509,0.5172413793103449,0.5,0.5,0.5,0.5,0.451417004048583,0.6680161943319838,0.4482758620689655
2026-06-23,43.59,45.5,43.44,44.72,1511385.0,44.392,44.406,45.6125,50.05333333333333,0.0073887186880519,0.0070711165157861,-0.0195670046588105,-0.1065530101225359,45.6125,49.13314512628892,42.09185487371107,0.3732476622859604,0.1543719430542595,0.0221714285714285,-0.0053380782918149,0.0210045662100457,-0.1210691823899371,0.0148714190438438,0.0260325715557316,0.0240738771136591,39.52599387956143,-1.7096190813232823,-1.847670889474272,0.1380518081509893,-88573447.0,41.597318203862166,1.5807142857142849,1.0561990252599274,0.2589820359242663,0.146983857262982,-0.0802772808586761,0.0221714285714285,0.0240738771136591,39.52599387956143,0.0264527805981249,0.0,0.0,0.0,0.5,-2.023274328802216,-1.7001668560086804,-2.111644391608884,-1.8968325016581828,-0.5275312083445648,-2.115100697455253,-2.271067746221528,-2.3256130243788413,,0.4477827440991425,0.3867385033307846,-0.1259939940797187,,-2.3256130243788413,-2.033990327878996,-2.251848347287233,-0.1011310221819748,0.052004837123911,1.065493102427491,0.054981741572012,0.5292418796130406,-0.9558971163663478,-0.6352476513783444,0.6347642601090151,0.46284968832086,-0.2534418902373282,-1.1957483271992555,-1.496356318551623,0.4719144941827201,-0.918910887801436,-0.3011162156880315,-0.2197017226702788,0.2262415151505165,-0.3766226305096786,,1.065493102427491,0.46284968832086,-0.2534418902373282,-0.0710249617707551,0.0,0.0,0.0,0.0,其他,0,0,0.5,1.0,0,0.4129554655870445,-0.08273703041144898,-0.1080053667262969,0.6734279918864098,0.36511156186612576,0.3935091277890467,0.5821501014198783,0.5821501014198783,0.6531440162271805,0.5,0.5,0.5,0.5,0.41295546558704455,0.36639676113360325,0.4259634888438134
2026-06-24,44.72,45.0,43.3,43.85,1267688.0,44.23,44.205,45.3215,49.9245,-0.0085914537644133,-0.0080307657504806,-0.0324680339353287,-0.1216737273282655,45.3215,48.359000877192656,42.283999122807344,0.2577778477243143,0.1340423806443279,-0.0194543828264758,-0.0181370353784146,-0.0438290449193196,-0.1171733440708677,0.0170353364803278,0.0214495207375016,0.0239261434901196,41.03174602718696,-1.667765616884438,-1.811689834956305,0.1439242180718671,-89841135.0,43.503527869117846,1.5635714285714282,0.9095530050313602,0.1676413255327945,0.0730671197954709,-0.0503990877993159,-0.0194543828264758,0.0239261434901196,41.03174602718696,-0.1612408486255984,0.0,0.0,0.0,0.5,-1.7674498448836593,-1.7734701471335117,-2.10791658571917,-2.056190553617466,-0.5940057179008196,-2.1161264985345904,-2.274769359078652,-2.3545841818273576,,-0.1997207735836364,-0.0642843185037446,-0.3625960148006687,,-2.3545841818273576,-2.173507981065295,-2.150262651648383,-0.4540145636981447,-0.3088004703753493,-0.7723439304978892,-0.2039527999298874,-0.4728527613981894,-0.9123172458177616,-0.3956940722691353,0.0017928968064263,0.4356197955439012,-0.1654287331327534,-1.1508357188782763,-1.4475611450989485,0.4855296069681797,-0.999189352994004,-0.1936827704970055,-0.2463728726138602,-0.0457790955466543,-0.648221528529028,,-0.7723439304978892,0.4356197955439012,-0.1654287331327534,-0.4605443707448083,0.0,0.0,0.0,0.0,其他,0,0,0.5,1.0,0,0.2616632860040568,-0.08255416191562148,-0.10832383124287348,0.6849593495934959,0.4695121951219512,0.3719512195121951,0.6341463414634146,0.44308943089430897,0.6483739837398373,0.5,0.5,0.5,0.5,0.2616632860040568,0.29817444219066935,0.36105476673427994
2026-06-25,43.51,43.95,41.72,41.91,2407719.0,43.746,43.956,45.011,49.7795,-0.0419695515018515,-0.0465465465465466,-0.0688942702894849,-0.1580871643949819,45.011,48.11291723395622,41.90908276604379,0.000147849521282,0.1378292965696973,-0.0442417331812999,-0.054590570719603,-0.0560810810810811,-0.1290523690773067,0.0251551858011822,0.0234836686760531,0.0248117923518041,36.6926898473123,-1.770725917425139,-1.803497051450072,0.0327711340249328,-92248854.0,41.11714663800797,1.6414285714285717,1.6754009802309189,0.0,0.0,0.0205201622524457,-0.0442417331812999,0.0248117923518041,36.6926898473123,0.8992993544152821,0.0,0.0,0.0,0.5,-1.9845479642048849,-1.945359543241232,-2.418582960281085,-2.4297518351208915,-0.2699360441421813,-2.18925351015209,-2.2892504154460047,-2.3860903533310025,,-1.5411097615780542,-1.20913735760829,-1.0293288384027055,,-2.3860903533310025,-2.1861729744153418,-2.215422694960272,-1.2368548433218571,-0.2402822075587357,-1.8448637024667087,-0.9400052924983504,-0.6599795732056569,-1.0199760257780404,0.4982135335714922,0.2826671975469681,0.5856763572065491,-0.4166273748153308,-1.231239063008371,-1.4262517104320964,0.1916238583745425,-1.1550848214778262,-0.3265778564824703,-0.1204875434927773,1.3668909257288857,-1.1443817072917215,,-1.8448637024667087,0.5856763572065491,-0.4166273748153308,1.7337903317977197,0.0,0.0,0.0,0.0,其他,0,0,0.5,1.0,0,0.716024340770791,-0.044619422572178435,-0.04676688141255059,0.40853658536585363,0.3861788617886179,0.40853658536585363,0.5630081300813008,0.9349593495934959,0.4898373983739837,0.5,0.5,0.5,0.5,0.716024340770791,0.4279918864097363,0.41260162601626016
2026-06-26,41.69,41.83,40.31,40.38,1470599.0,42.922,43.695,44.6625,49.6095,-0.0592237081217091,-0.0758668039821489,-0.0958858102434928,-0.1860429957971758,44.6625,48.19431554623544,41.13068445376456,-0.1062745836987555,0.1581557479418991,-0.0365068002863276,-0.0925842696629213,-0.0607117934403349,-0.1472016895459345,0.0257076307945626,0.0241132667892068,0.0256311595810252,33.31185566709816,-1.9532645302637093,-1.8334505472127995,-0.1198139830509099,-93719453.0,41.25900992124327,1.6585714285714286,1.0368212080773125,0.0,0.0,0.066121842496285,-0.0365068002863276,0.0256311595810252,33.31185566709816,-0.3892148543912308,0.0,0.0,0.0,0.5,-2.308061209923983,-2.302224950299866,-2.669079763028554,-2.6908754995147883,-0.5342724431773566,-2.332714223536914,-2.3052184605455754,-2.424630137159902,,-2.1988439860246323,-2.0514402480491167,-1.5113919951224402,,-2.424630137159902,-2.125770475603852,-2.387579775399778,-1.545819453805937,0.1235570180329782,-1.4899263611736118,-1.6924021119484982,-0.7283896095064999,-1.185621953754268,0.5570232597493511,0.3688196819838248,0.72354101692217,-0.6113865209067277,-1.378193784937226,-1.441382101101823,-0.2115297918320774,-1.245521214725895,-0.3174332445137764,-0.0924611866344706,0.1805428980017604,-1.1353670643043965,,-1.4899263611736118,0.72354101692217,-0.6113865209067277,-0.9363113720969196,0.0,0.0,0.0,0.0,其他,0,0,0.5,1.0,0,0.7682926829268293,0.012877662209014318,-0.02600297176820221,0.2240325865580448,0.4175152749490835,0.42769857433808556,0.5804480651731161,0.6374745417515275,0.4256619144602851,0.5,0.5,0.5,0.5,0.7682926829268293,0.532520325203252,0.5030549898167006
2026-06-29,40.38,41.1,39.54,40.62,1364904.0,42.296,43.368,44.3685,49.464000000000006,-0.0396254965008512,-0.0633646928610958,-0.0844856147942797,-0.1787967006307619,44.3685,48.22068611891165,40.51631388108835,0.0134580879154918,0.1736450914005641,0.0059435364041604,-0.0715428571428572,-0.0745044429254956,-0.1264516129032258,0.0280896500423895,0.0226772667266464,0.0256810023706489,38.64285713899285,-2.054874424839042,-1.877735322738048,-0.177139102100994,-92354549.0,41.47848769422096,1.6064285714285715,0.970316119946901,0.0316622691288692,0.0166898470096193,0.0669620876415559,0.0059435364041604,0.0256810023706489,38.64285713899285,-0.071872073896419,0.0,0.0,0.0,0.5,-2.5127634422407064,-2.3889111659674844,-2.764708029368387,-2.578120217016593,-0.5621525301480563,-2.42303060079948,-2.3349052652976625,-2.445412812532257,,-1.4017046026652924,-1.660887967966279,-1.2895552306349607,,-2.445412812532257,-2.0807856927245054,-2.501038524215813,-1.1698574266621564,0.4005050157590144,0.3679650626932414,-1.25650955634888,-0.937550822743881,-0.9785053446174612,0.8167759958617288,0.1681214128629676,0.728334648470096,-0.2982034333963312,-1.452755944610413,-1.4695879117833028,-0.3624511564160153,-1.144634405832287,-0.3039419149991615,-0.1764606981873984,0.0564504355287893,-1.032779891970035,,0.3679650626932414,0.728334648470096,-0.2982034333963312,-0.2762324308540421,0.0,0.0,0.0,0.0,其他,0,0,0.5,1.0,0,0.7854251012145749,-0.03323485967503681,-0.01747907434761209,0.45233265720081134,0.5233265720081136,0.4259634888438134,0.5963488843813387,0.5030425963488844,0.48884381338742394,0.5,0.5,0.5,0.5,0.7854251012145749,0.4433198380566802,0.4279918864097363
2026-06-30,40.8,41.43,40.22,41.13,944711.0,41.578,42.985,44.027,49.30949999999999,-0.0107749290490161,-0.0431545888100499,-0.0658005314920389,-0.1658808140419186,44.027,47.74731181488847,40.30668818511153,0.1106509152784666,0.1690013771040506,0.0125553914327918,-0.0802772808586761,-0.0851868327402134,-0.1424103419516262,0.025131681033345,0.0210839144177076,0.0245407933202636,31.00401606077064,-2.0703822707008044,-1.9162647123306,-0.154117558370205,-91409838.0,37.83619270178127,1.4942857142857144,0.6996490020249371,0.1059322033883343,0.0521557719050615,-0.0026744468757597,0.0125553914327918,0.0245407933202636,31.00401606077064,-0.3078553509990446,0.0,0.0,0.0,0.5,-2.3808537859141303,-2.2840975481496164,-2.5568749819463843,-2.4202325734932457,-0.6791385967285514,-2.5257640385750464,-2.374804216075672,-2.4759919179736847,,-0.2501333986835907,-1.0586335080855784,-0.9401662232067438,,-2.4759919179736847,-2.1458303854585337,-2.496929810833029,-0.8676325664151975,0.3155880466097743,0.6554705641130166,-1.419465264889989,-1.0962460204553557,-1.1239598132361726,0.4867313012926756,-0.0544803331905955,0.52821694752275,-0.743026700773122,-1.452456253584024,-1.491718109543278,-0.3002043465079788,-1.0734560894167016,-0.5083658860829333,-0.3576668019831565,-0.4477189770212043,-0.8049019154683669,,0.6554705641130166,0.52821694752275,-0.743026700773122,-0.7641326218450708,0.0,0.0,0.0,0.0,其他,0,0,0.5,1.0,0,0.4412955465587044,-0.03914417699975681,-0.033065888645757324,0.41379310344827586,0.5253549695740365,0.4056795131845842,0.4279918864097363,0.26369168356997974,0.5720081135902637,0.5,0.5,0.5,0.5,0.44129554655870445,0.354251012145749,0.40365111561866124
2026-07-01,41.0,42.2,40.91,41.64,1122734.0,41.136,42.68300000000001,43.736,49.154833333333336,0.0122520420070011,-0.0244359581097862,-0.0479239070788367,-0.1528808628517372,43.736,47.22921387233784,40.24278612766217,0.1999897405913404,0.1597408941069071,0.0123997082421589,-0.0503990877993159,-0.0676220331392744,-0.1226295828065739,0.0280169199396137,0.0221209310451858,0.024918828159585,37.99999999537391,-2.0182545143615584,-1.9366626727367915,-0.0815918416247669,-90287104.0,43.941131782840806,1.4657142857142864,0.8467883336510484,0.2198952879542773,0.0876216968005032,-0.0338616714697407,0.0123997082421589,0.024918828159585,37.99999999537391,0.188441756261968,0.0,0.0,0.0,0.5,-2.2976746596329307,-2.108695770625006,-2.3615960377443983,-2.272388519483234,-0.6256282113225797,-2.5623996963344893,-2.393441427264826,-2.4908336512559366,,0.6680490467068303,-0.5056989314094819,-0.6087380077427068,,-2.4908336512559366,-2.216016095523046,-2.4544713274565133,-0.5916740687478845,0.147565648033762,0.6458712604198299,-0.8138778743196174,-0.8183574043653002,-0.9271129872849336,0.8035242349712963,0.090687413399365,0.5912587727885554,-0.3304069794481875,-1.3949971018228848,-1.496443776487817,-0.1063411951979854,-0.991304979977016,-0.1608634207545388,-0.4027893626521703,-0.1713132628340009,-0.4598789003405849,,0.6458712604198299,0.5912587727885554,-0.3304069794481875,0.2701137275811531,0.0,0.0,0.0,0.0,其他,0,0,0.5,1.0,0,0.4613821138211382,-0.03121998078770405,-0.03386167146974073,0.2606924643584521,0.45213849287169044,0.3727087576374745,0.4439918533604888,0.2953156822810591,0.49490835030549896,0.5,0.5,0.5,0.5,0.4613821138211382,0.42073170731707316,0.4061224489795918
2026-07-02,41.64,44.41,41.2,42.77,2582617.0,41.30800000000001,42.527,43.569,49.0225,0.0353926600174299,0.0057140169774496,-0.0183387270765911,-0.1275434749349787,43.569,46.8999262185889,40.2380737814111,0.3800633896393401,0.1529034964576306,0.027137367915466,0.0205201622524457,-0.0351906158357769,-0.0724354803730209,0.0240997828080036,0.0245697215924473,0.0254049078585823,49.01960783702073,-1.864271359312156,-1.9221844100518644,0.0579130507397087,-87704487.0,54.28119419355476,1.581428571428572,1.9025345326603416,0.4361313868533556,0.1662030598041294,-0.0638297872340426,0.027137367915466,0.0254049078585823,49.01960783702073,1.3002928565448273,0.0,0.0,0.0,0.5,-2.1387926327231024,-1.6907586968374686,-2.258421268076129,-2.012281867711637,-0.2067383923959946,-2.469708434439914,-2.3783454174553813,-2.4734283028902886,,1.5782972159960802,0.382411300689231,-0.0635164549852641,,-2.4734283028902886,-2.2419060899891337,-2.3995378227351707,-0.0395236411603755,0.0233921581875623,1.2850124367334694,0.6125377034794861,-0.3117023606425062,-0.440531543641904,0.3661492043674713,0.4336338283277243,0.6726898883509507,0.3184201396976663,-1.2526894246400546,-1.4687799461283375,0.2662081297020289,-0.811892695056889,0.4270553588472772,-0.2126936698720192,1.7885548966249136,0.1922988343085228,,1.2850124367334694,0.6726898883509507,0.3184201396976663,2.537211195143012,0.0,0.0,0.0,0.0,其他,0,0,0.5,1.0,0,0.2591093117408907,-0.05260696750058447,,0.7200811359026369,0.6166328600405679,0.3813387423935091,0.6693711967545639,0.9614604462474645,0.6551724137931034,0.5,0.5,0.5,0.5,0.2591093117408907,0.3441295546558704,0.5
2026-07-03,42.77,43.68,42.52,43.05,1466652.0,41.842,42.382,43.4385,48.891666666666666,0.0288705128817934,0.0157614081449672,-0.0089436789944403,-0.1194818476222941,43.4385,46.6259112577944,40.2510887422056,0.4390571268307659,0.1467551254204019,0.006546644844517,0.066121842496285,-0.0325842696629213,-0.0571616294349539,0.0085414845517879,0.0246719892126644,0.0254532084850939,46.03773584297613,-1.700047885755481,-1.877757105192588,0.1777092194371068,-86237835.0,54.71808824491295,1.5800000000000003,1.0721864155083862,0.4872262773633711,0.1856745479820186,-0.0499419279907084,0.006546644844517,0.0254532084850939,46.03773584297613,-0.4321062705000392,0.0,0.0,0.0,0.5,-1.898398853421804,-1.798657749963324,-1.9553203053351995,-1.9285678354464464,-0.5253978184576907,-2.3094842147348102,-2.361511152122762,-2.4480012126531707,,1.3073427829654485,0.6765505680771012,0.1097703645484016,,-2.4480012126531707,-2.254398359100604,-2.3437025762096777,0.1414544940620398,-0.0882799623974503,0.3782070645241613,1.5176932817808075,-0.2700498838545959,-0.29154744539998,-1.3587342946639591,0.4463856960324393,0.6778110859419522,0.1415740378720667,-1.1041669798514564,-1.41416493152897,0.5854204145601501,-0.7090339404290057,0.4503033825261688,-0.2143256839263824,0.2378536885315762,0.3457788979605414,,0.3782070645241613,0.6778110859419522,0.1415740378720667,-1.01966410069257,0.0,0.0,0.0,0.0,其他,0,0,0.5,1.0,0,0.3299595141700405,-0.0747967479674797,,0.7667342799188641,0.5720081135902637,0.38336713995943206,0.640973630831643,0.7018255578093306,0.6206896551724138,0.5,0.5,0.5,0.5,0.3299595141700405,0.402834008097166,0.5
2026-07-06,43.22,44.25,42.75,43.34,1361239.0,42.386,42.341,43.3275,48.75683333333333,0.022507431699146,0.0235941522401454,0.0002885003750505,-0.1110989570692654,43.3275,46.35441696545977,40.30058303454023,0.5020648072101802,0.1397226687647698,0.0067363530778166,0.0669620876415559,-0.0093714285714284,-0.0487269534679543,0.0083856137105185,0.0243287825057674,0.0255394418125382,41.75152748895601,-1.5288751416463526,-1.8079807124833407,0.279105570836988,-84876596.0,55.33652285234874,1.6035714285714289,0.9957495688433532,0.5401459853916036,0.2058414464519762,-0.0939086294416243,0.0067363530778166,0.0255394418125382,41.75152748895601,-0.0718732187321873,0.0,0.0,0.0,0.5,-1.7912904753283727,-1.678111658354123,-1.882271491749239,-1.846402207450072,-0.5536293066890544,-2.1566416914474607,-2.323260100921742,-2.419355915458292,,1.0474663983502084,0.9035415377650692,0.2799859918762858,,-2.419355915458292,-2.2652281404903816,-2.282244678654367,0.3346677770590292,-0.2160285993644317,0.3852690804266819,1.5191832932050802,0.0936276146632318,-0.2088829869164997,-1.3641566635030933,0.3964205503478301,0.6895115804335324,-0.1124086412617548,-0.9517032839215508,-1.3374270255055565,0.8537520649318486,-0.6138744119326215,0.4838542021755805,-0.1749393593455658,0.0944183707303863,0.5044545163972921,,0.3852690804266819,0.6895115804335324,-0.1124086412617548,-0.2779815737497803,0.0,0.0,0.0,0.0,其他,0,0,0.5,1.0,0,0.2489878542510121,-0.08721735117674201,,0.7849898580121704,0.6227180527383367,0.38742393509127787,0.5801217038539553,0.6734279918864098,0.665314401622718,0.5,0.5,0.5,0.5,0.24898785425101214,0.37044534412955465,0.5
2026-07-07,43.0,43.35,40.98,41.02,1535828.0,42.364,41.971,43.1885,48.563833333333335,-0.03172504957039,-0.0226585022992066,-0.0502101253805988,-0.1553385063644755,43.1885,46.37516481318284,40.001835186817154,0.1597539861981797,0.1475700620848358,-0.0535302261190585,-0.0026744468757597,-0.0827370304114489,-0.063470319634703,0.0309992369202578,0.0279408432199405,0.0268426304734633,34.62837837428383,-1.5624132801864832,-1.7588672260239693,0.1964539458374861,-86412424.0,49.2688179500358,1.6935714285714292,1.1158970728325723,0.1167883211657522,0.0445062586923192,-0.0365675280351048,-0.0535302261190585,0.0268426304734633,34.62837837428383,0.1282574184254197,0.0,0.0,0.0,0.5,-1.8093851968991497,-1.81428027180382,-2.205888953078186,-2.2639569259748966,-0.5014287058541088,-2.125328139065214,-2.3564017126428727,-2.3989120871125325,,-1.1028206670324665,-0.4660171020895032,-0.6562872775068477,,-2.3989120871125325,-2.2165315783254016,-2.3108047284616284,-0.7211990024238694,-0.0719561871954889,-2.238045933308217,0.1243130814277572,-1.0533742367989172,-0.3512757784217101,1.1389362528986968,0.903516340080448,0.9123481824887326,-0.5342645524787031,-0.9749608202877066,-1.2813378367032064,0.6287492510427378,-0.7154735183246641,0.1348164127656344,-0.0261892438376052,0.3189793012811497,-0.7806938537251454,,-2.238045933308217,0.9123481824887326,-0.5342645524787031,0.1343063386862671,0.0,0.0,0.0,0.0,其他,0,0,0.5,1.0,0,0.3022312373225152,-0.027547537786445697,,0.4410569105691057,0.5630081300813008,0.4369918699186992,0.4634146341463415,0.8455284552845529,0.48577235772357724,0.5,0.5,0.5,0.5,0.3022312373225152,0.4685598377281947,0.5
2026-07-08,40.81,41.36,40.21,40.23,950858.0,42.082,41.609,42.907,48.37716666666667,-0.0440093151466185,-0.0331418683457904,-0.0623907520917332,-0.1684093391165944,42.907,46.09468749706524,39.71931250293476,0.0801031308005251,0.148585894938253,-0.0192588980984886,-0.0338616714697407,-0.0825541619156214,-0.1227649367640646,0.031030294509579,0.0279321935788161,0.0243233899941561,33.333333329539286,-1.633904161451312,-1.733874613109438,0.0999704516581259,-87363282.0,49.15087556826379,1.7292857142857148,0.7154006516535238,0.0,0.0,0.0027342779020633,-0.0192588980984886,0.0243233899941561,33.333333329539286,-0.3808824946543493,0.0,0.0,0.0,0.5,-2.17826904079889,-2.1291081866889785,-2.317640833982044,-2.371440048652268,-0.6677743217842291,-2.147074585741872,-2.385259557262995,-2.412335055039067,,-1.5747116838061623,-0.7737883873761198,-0.8782009646701782,,-2.412335055039067,-2.2302422858453896,-2.3330573996950017,-0.9620410017518716,-0.0531029413256847,-0.7380815611923968,-0.5002159477793735,-1.0437425414263388,-0.9251954060771148,1.1345724573250235,0.8972823417864108,0.4687430597326302,-0.6089120791029957,-1.0302344523664804,-1.2485638858320856,0.3674141868039248,-0.7768039899696922,0.1276143992129751,0.0328906570551852,-0.4339507486794167,-1.1283839064518204,,-0.7380815611923968,0.4687430597326302,-0.6089120791029957,-0.9137203806675328,0.0,0.0,0.0,0.0,其他,0,0,0.5,1.0,0,0.437246963562753,-0.028088491175739416,,0.45841784989858014,0.3286004056795132,0.3772819472616633,0.35496957403651114,0.4847870182555781,0.3894523326572008,0.5,0.5,0.5,0.5,0.43724696356275305,0.46558704453441296,0.5
2026-07-09,40.31,40.34,39.14,40.04,1113394.0,41.536,41.422,42.689,48.16883333333333,-0.0360169491525423,-0.0333639128965285,-0.0620534563939187,-0.1687571147318632,42.689,46.03899073054472,39.33900926945528,0.1046257716689669,0.1569486626782951,-0.004722843649018,-0.0638297872340426,-0.0446194225721784,-0.0981981981981982,0.0251090641599225,0.0249009258470022,0.0235656677187296,31.89935064572572,-1.6864522135153095,-1.7243901331906122,0.0379379196753026,-88476676.0,44.29589940994724,1.7157142857142864,0.8348466290973662,0.0,0.0,0.011988011988012,-0.004722843649018,0.0235656677187296,31.89935064572572,0.1709361439878509,0.0,0.0,0.0,0.5,-2.230493663470904,-2.26538187288905,-2.4786447053552245,-2.3619216258885425,-0.618236446484478,-2.2191145589973056,-2.3760433857457404,-2.4098741602445592,,-1.2488527294228375,-0.7766009837101856,-0.8669741177424694,,-2.4098741602445592,-2.198913185827758,-2.3767787256073003,-0.8809189152886555,0.1008594215955972,-0.1021488960807958,-1.09626336375482,-0.4458497029221961,-0.6816984804379284,0.4765384756906166,0.4652182344133634,0.3343318591549879,-0.6914471818110983,-1.0687632469127153,-1.2306881818861066,0.1991516723886212,-0.8487209866669675,-0.1525736691838163,0.0102983446948493,-0.2075962105860401,-1.1201405374398663,,-0.1021488960807958,0.3343318591549879,-0.6914471818110983,0.2273267383732272,0.0,0.0,0.0,0.0,其他,0,0,0.5,1.0,0,0.4493927125506073,-0.0022477522477521994,,0.25760649087221094,0.4381338742393509,0.3711967545638945,0.2961460446247465,0.5476673427991886,0.3813387423935091,0.5,0.5,0.5,0.5,0.4493927125506073,0.4433198380566802,0.5
2026-07-10,39.95,41.06,39.68,40.9,1138877.0,41.106,41.474,42.584500000000006,47.95883333333334,-0.0050114338539386,-0.0138399961421614,-0.0395566461975602,-0.1471852595802651,42.584500000000006,46.02414793179994,39.14485206820007,0.2551348228910103,0.1615445963574471,0.0214785214785213,-0.0499419279907084,0.0128776622090143,-0.0486159571993487,0.028632849021637,0.0232571316970772,0.0233767449330582,38.53580047836282,-1.6397996078623225,-1.7074720281249542,0.0676724202626319,-87337799.0,50.65217238903731,1.687142857142858,0.8556034310322866,0.1747967479639267,0.0584239130430813,-0.026161369193154,0.0214785214785213,0.0233767449330582,38.53580047836282,0.02288767498298,0.0,0.0,0.0,0.5,-2.2553065920551574,-2.107956589907644,-2.3283079082692257,-2.162278528046137,-0.6084530494325006,-2.2643427887930603,-2.3189180507558795,-2.3817710121481954,,-0.0236680041683105,-0.1943328389475026,-0.4453580621379651,,-2.3817710121481954,-2.161359090000343,-2.3730131801279923,-0.4123647866562743,0.1853131437329507,1.0406120804271342,-0.812878193318253,0.4584388014740392,-0.1953292174954545,0.8635466666047881,0.2305578591074394,0.2999687363351013,-0.2930885974182226,-1.0226451291925178,-1.206320659234012,0.2788866951979286,-0.7672744417460899,0.215322490495614,-0.037231408120857,-0.1677081893403157,-0.5855617932284303,,1.0406120804271342,0.2999687363351013,-0.2930885974182226,-0.0796102545461494,0.0,0.0,0.0,0.0,其他,0,0,0.5,1.0,0,0.4473684210526316,-0.03838630806845966,,0.3286004056795132,0.5679513184584178,0.3407707910750507,0.44421906693711966,0.35294117647058826,0.4056795131845842,0.5,0.5,0.5,0.5,0.4473684210526316,0.46153846153846156,0.5
2026-07-13,40.48,40.69,39.11,39.27,1052006.0,40.292,41.339,42.3535,47.715,-0.0253648366921472,-0.0500495899755677,-0.0728039005040905,-0.1769883684375982,42.3535,46.035960704760335,38.67103929523967,0.0813261501986862,0.1738916833202279,-0.0398533007334962,-0.0939086294416243,-0.0332348596750368,-0.1052631578947368,0.0294510370191201,0.0265649696605326,0.0241460828291886,29.18258212063748,-1.714589574754953,-1.708895537450954,-0.005694037303999,-88389805.0,44.074576503068286,1.6678571428571434,0.7967708847643356,0.0,0.0,0.0073847720906543,-0.0398533007334962,0.0241460828291886,29.18258212063748,-0.0762777718752771,0.0,0.0,0.0,0.5,-2.1261210843632656,-2.136184442723742,-2.391775159376381,-2.420182259206168,-0.6311870980653895,-2.3795002810927226,-2.302343418883973,-2.3830887148755937,,-0.8261964255136051,-1.2662559626905348,-1.0602794457738929,,-2.3830887148755937,-2.1206955958093707,-2.433978563950471,-0.9473401948400444,0.4130226794895661,-1.630991629050639,-1.679136111796741,-0.269035483755929,-0.7482333872478198,0.9491915109726706,0.6995019579194122,0.4343546920791149,-0.850211321973978,-1.0801852403026782,-1.199245818361976,0.0792760207977159,-0.835304822915902,-0.1667123190889311,-0.0692785392278449,-0.2785966536071947,-1.1107492777752852,,-1.630991629050639,0.4343546920791149,-0.850211321973978,-0.2850689873647608,0.0,0.0,0.0,0.0,其他,0,0,0.5,1.0,0,0.5020242914979757,0.016297428062133745,,0.24746450304259635,0.4787018255578093,0.3793103448275862,0.3103448275862069,0.3630831643002028,0.38336713995943206,0.5,0.5,0.5,0.5,0.5020242914979757,0.5222672064777328,0.5
2026-07-14,39.1,39.7,38.87,39.52,701966.0,39.992,41.178,42.0815,47.492333333333335,-0.0118023604720944,-0.040264218757589,-0.0608699784941124,-0.1678656906026937,42.0815,45.75695643424034,38.40604356575966,0.151539877312602,0.1746827672127469,0.0063661828367711,-0.0365675280351048,-0.0391441769997568,-0.1209964412811387,0.0235811909581216,0.0262309617307476,0.0233033971132164,32.63833199312802,-1.733703218404372,-1.7138570736416376,-0.0198461447627344,-87687839.0,45.63163681356702,1.6057142857142863,0.5391319915490423,0.0458715596321858,0.0161394448029945,0.0093623481781375,0.0063661828367711,0.0233033971132164,32.63833199312802,-0.3327357448531662,0.0,0.0,0.0,0.5,-2.32717380831532,-2.262539811249889,-2.3908499544840494,-2.330125341880446,-0.7299310069236512,-2.3906769571610504,-2.291618276093272,-2.3927626279386507,,-0.2873284207383434,-0.968780506458493,-0.8325574206729878,,-2.3927626279386507,-2.137188232462459,-2.442279367769407,-0.7253029420257415,0.4261546900243216,0.3843245943592066,-0.5287400666284932,-0.3614121243771985,-0.8978557897700871,0.2954851437233769,0.6489860282841547,0.2839731617007574,-0.6397632687401632,-1.0897969166685084,-1.195570185013802,0.0405911945556718,-0.7835719870147086,-0.0756475019024568,-0.17300663415382,-0.7659692684600905,-0.9649862220164106,,0.3843245943592066,0.2839731617007574,-0.6397632687401632,-0.8162231053834225,0.0,0.0,0.0,0.0,其他,0,0,0.5,1.0,0,0.694949494949495,0.0063259109311741835,,0.3016194331983806,0.354251012145749,0.3157894736842105,0.23481781376518218,0.10323886639676114,0.32793522267206476,0.5,0.5,0.5,0.5,0.694949494949495,0.5878787878787879,0.5
2026-07-15,39.5,40.54,39.39,40.34,970050.0,40.014,41.048,41.8655,47.27416666666667,0.0081471484980257,-0.0172480997856165,-0.0364381173042243,-0.1466798286590632,41.8655,45.4082819874394,38.32271801256061,0.2847030941450826,0.1692458939905615,0.020748987854251,0.0027342779020633,-0.031219980787704,-0.0967308553515449,0.025197908441147,0.0269230413427375,0.0240662068937927,43.08370043521437,-1.6635079529672936,-1.7037872495067687,0.0402792965394751,-86717789.0,54.86501652257127,1.528571428571429,0.7414860387668668,0.1963302752257556,0.0690768237568168,-0.0307387208725831,0.020748987854251,0.0240662068937927,43.08370043521437,0.381904536686962,0.0,0.0,0.0,0.5,-2.2191586986404013,-2.0904291935116497,-2.253007496942956,-2.145272491050515,-0.6491691032638495,-2.341344583608435,-2.275244903518472,-2.3893507430739978,,0.5042865239608231,-0.2813358874710617,-0.3737638687404003,,-2.3893507430739978,-2.1655537612533884,-2.40867177026686,-0.3091887393516085,0.3235489801575396,1.007598380861625,0.2592576526572324,-0.234830012393757,-0.6559357069055053,0.4740775839519743,0.744622396073475,0.4180604113439254,-0.0108314645362242,-1.0236132005817573,-1.1782069865756832,0.2043263423327276,-0.7139322513974367,0.462938359002157,-0.3018352344034898,-0.3782729304659003,-0.5043160119759164,,1.007598380861625,0.4180604113439254,-0.0108314645362242,0.6733479503682333,0.0,0.0,0.0,0.0,其他,0,0,0.5,1.0,0,0.5373737373737374,-0.0027268220128905396,,0.4352226720647773,0.42105263157894735,0.32793522267206476,0.3866396761133603,0.3117408906882591,0.3866396761133603,0.5,0.5,0.5,0.5,0.5373737373737374,0.4534412955465587,0.5
2026-07-16,40.3,40.83,40.0,40.52,769705.0,40.11,40.823,41.675,47.03683333333333,0.0102218898030417,-0.0074222864561643,-0.0277144571085781,-0.1385474504023441,41.675,45.06630467053901,38.28369532946098,0.3297115546611462,0.1627500741706479,0.0044620723847297,0.011988011988012,-0.0526069675005844,-0.0859463117527632,0.0250285353393064,0.0250047405069131,0.024144734574729,50.69999999290199,-1.575195344011469,-1.678068868407709,0.1028735243962399,-85948084.0,61.52196862400466,1.4735714285714292,0.5895701753421784,0.2293577981609293,0.0810110174978547,-0.0140671273445212,0.0044620723847297,0.024144734574729,50.69999999290199,-0.2065305912066388,0.0,0.0,0.0,0.5,-2.050190166004737,-2.013512230701383,-2.106285465332574,-2.080851117880139,-0.7047164617968243,-2.281209250926135,-2.2778260074143257,-2.380385799338438,-2.477009600009409,0.5847334146510007,0.0125275591393218,-0.2092967148717802,-1.0578653862245404,-2.380385799338438,-2.1908016019671384,-2.367188457477368,-0.1679620933280366,0.2013026764554339,0.2944031036608077,0.4439589019414581,-0.5731849029908821,-0.5473068419541528,0.4535751216781051,0.4678837967204561,0.4304546459860547,0.4475180161653395,-0.9428197524213818,-1.1468044111743652,0.3746773422052146,-0.6583691986178092,0.8489761809910392,-0.3932853553813764,-0.6660831910962268,-0.401932332224975,-0.7891157059868377,0.2944031036608077,0.4304546459860547,0.4475180161653395,-0.5553135010959694,0.0,0.0,0.0,0.0,其他,0,0,0.5,1.0,0,0.5454545454545454,,,0.4493927125506073,0.39878542510121456,0.3360323886639676,0.4757085020242915,0.1659919028340081,0.4068825910931174,0.5,0.5,0.5,0.5,0.5454545454545454,0.5,0.5
2026-07-17,40.81,40.99,39.42,39.83,1255503.0,39.896,40.501,41.4415,46.789,-0.001654301183076,-0.0165674921606874,-0.0388861407043663,-0.1487315394644041,41.4415,44.65208955071441,38.23091044928559,0.2490336315854642,0.1549456245891998,-0.0170286278381047,-0.026161369193154,-0.0747967479674797,-0.1049438202247191,0.023670409769626,0.0248955081408153,0.0242297777845129,46.220095687587744,-1.5430962934284267,-1.6510743534118524,0.1079780599834256,-87203587.0,61.94737316457528,1.4742857142857149,0.9489506580849384,0.1027522935760954,0.0372588157016812,-0.0125533517449158,-0.0170286278381047,0.0242297777845129,46.220095687587744,0.6311482970748534,0.0,0.0,0.0,0.5,-1.936611634412384,-1.9603770818210755,-2.1777639490449463,-2.1693381160438605,-0.5605973055540879,-2.280350976299341,-2.2983556615506697,-2.3805471195547008,-2.492678802656331,0.1101570940164292,-0.2610129747066755,-0.4181491937086192,-1.1565154957181245,-2.3805471195547008,-2.2274527506387427,-2.331157721506519,-0.4193864016436819,0.0546020635085053,-0.6453490761087695,-0.3245555202396575,-0.9222340209159164,-0.7315990814615797,0.3005084804141719,0.4505888530348856,0.4439928932144316,0.175764291631486,-0.910607322669888,-1.1147193260610009,0.3874620101225927,-0.7416133003790369,0.8693469884116822,-0.3907273812890127,0.0230490432486829,-0.7858574588571424,-0.9314366792522508,-0.6453490761087695,0.4439928932144316,0.175764291631486,1.1919649087559692,0.0,0.0,0.0,0.0,其他,0,0,0.5,1.0,0,0.5313131313131313,,,0.4473684210526316,0.3684210526315789,0.32186234817813764,0.45951417004048584,0.37449392712550605,0.4473684210526316,0.5,0.5,0.5,0.5,0.5313131313131313,0.5,0.5
2026-07-20,39.83,40.51,39.13,39.56,858717.0,39.954,40.123000000000005,41.232,46.55166666666666,-0.0098613405416227,-0.0140318520549311,-0.0405510283275125,-0.1501915434463497,41.232,44.35392653071089,38.11007346928911,0.2322166323301517,0.1514322143336885,-0.0067788099422544,0.0073847720906543,-0.087217351176742,-0.0957714285714285,0.0142724500898571,0.0244011241502713,0.0240799927162602,42.31145934777316,-1.521900763276875,-1.6252396353848573,0.1033388721079822,-88062304.0,56.80182978237661,1.4864285714285717,0.6644577321323447,0.0532110091733354,0.0192947438455136,0.0088473205257835,-0.0067788099422544,0.0240799927162602,42.31145934777316,-0.3160374766129591,0.0,0.0,0.0,0.5,-2.07218579741549,-2.009463055483325,-2.194529394648748,-2.181594812059175,-0.6741372320203948,-2.230701390093797,-2.327796939619022,-2.375383844938338,-2.5021947572933594,-0.2178649710662305,-0.1841816250915887,-0.4479205051931456,-1.1609136483362597,-2.375383844938338,-2.2407588067059625,-2.311862196488986,-0.4704742032558556,-0.011534178567765,-0.1946216592182436,0.3527476835535898,-1.1131636485553005,-0.6379841779456312,-0.7516093575515906,0.3781056478699968,0.4156354921666799,-0.0613738288833983,-0.8879883937147451,-1.0841646522043855,0.3735103802609881,-0.7971960330713795,0.564835735744013,-0.3688816789162825,-0.5221947640346852,-0.932399484146614,-0.9848404861439688,-0.1946216592182436,0.4156354921666799,-0.0613738288833983,-0.786980701324292,0.0,0.0,0.0,0.0,其他,0,0,0.5,1.0,0,0.501010101010101,,,0.5020242914979757,0.4493927125506073,0.305668016194332,0.38866396761133604,0.06882591093117409,0.4534412955465587,0.5,0.5,0.5,0.5,0.501010101010101,0.5,0.5
2026-07-21,39.56,40.05,38.7,39.89,1085971.0,40.028,40.010000000000005,40.9905,46.32816666666667,-0.0034475866893174,-0.0029992501874532,-0.0268476842195143,-0.138968733923567,40.9905,43.69581231780006,38.28518768219995,0.2966038906508614,0.1319970392063262,0.0083417593528816,0.0093623481781375,-0.0275475377864456,-0.1080053667262969,0.0144650222346468,0.0190625093054762,0.023456991652275,41.27617147978199,-1.4616262121021537,-1.5925169507283168,0.1308907386261633,-86976333.0,50.37107607779285,1.490714285714285,0.8543640879313602,0.1353711790363451,0.0412508316697187,-0.0030082727500626,0.0083417593528816,0.023456991652275,41.27617147978199,0.2646436486060017,0.0,0.0,0.0,0.5,-2.086196882283607,-2.0531603347454723,-2.2344499856958144,-2.091902156516844,-0.6051718961309313,-2.18073200541918,-2.306235320906772,-2.37662156854841,-2.5051429253678346,0.0395724976256971,0.1482105378755064,-0.1879570598147797,-1.0312893124084184,-2.37662156854841,-2.316683584128629,-2.230268664019122,-0.2667056784652833,-0.3773960893211709,0.4696720106877647,0.3915655891596563,-0.1607512504872099,-0.7556528630899488,-0.7268023499721006,-0.3915840672059358,0.302682069816427,-0.1240497015782492,-0.8323036079049022,-1.04771802442169,0.4480839838275788,-0.7192362248994797,0.1857055130160074,-0.3603877654245546,-0.1555424648054117,-0.6772333689668139,-0.9029929910670776,0.4696720106877647,0.302682069816427,-0.1240497015782492,0.4282979979807053,0.0,0.0,0.0,0.0,其他,0,0,0.5,1.0,0,0.3111111111111111,,,0.694331983805668,0.4271255060728745,0.27530364372469635,0.46153846153846156,0.17611336032388664,0.5040485829959515,0.5,0.5,0.5,0.5,0.3111111111111111,0.5,0.5
2026-07-22,39.53,39.83,39.08,39.1,836095.0,39.78,39.897000000000006,40.753,46.1055,-0.017094017094017,-0.0199764393312781,-0.0405614310602899,-0.1519449957163461,40.753,43.22528937158268,38.28071062841732,0.1656944735076928,0.1213304233590958,-0.0198044622712458,-0.0307387208725831,-0.0280884911757394,-0.1083238312428734,0.0125280762744635,0.0191161115684312,0.0234681333159926,31.062951491900066,-1.460765748710628,-1.5661667103247792,0.1054009616141511,-87812428.0,38.764908543240814,1.3192857142857142,0.6691397748992652,0.0,0.0,0.0289002557544755,-0.0198044622712458,0.0234681333159926,31.062951491900066,-0.2300945421194489,0.0,0.0,0.0,0.5,-2.06090023447644,-2.0579798475982582,-2.133253418469625,-2.1935729498086527,-0.675924537841357,-2.189672529940528,-2.2856946328947423,-2.376584808600684,-2.506534917486699,-0.5081717561794769,-0.3642304172024845,-0.4466616486228978,-1.1598509495169578,-2.376584808600684,-2.354588214851605,-2.191278010598233,-0.6773798233912721,-0.5771014185465908,-0.7691423238226102,-0.4220309452764409,-0.1689043997433713,-0.7551583096748107,-0.9398897802467756,-0.3825553290179546,0.3036722653494526,-0.7444351800757112,-0.8277299933703081,-1.01757460308723,0.3763919653535492,-0.7736197290999703,-0.4976626001817152,-0.6499635584695092,-0.511786263417003,-1.0860438431010029,-1.0354563646593,-0.7691423238226102,0.3036722653494526,-0.7444351800757112,-0.6083708885780763,0.0,0.0,0.0,0.0,其他,0,0,0.5,1.0,0,0.4453441295546558,,,0.5364372469635628,0.3623481781376518,0.3117408906882591,0.2874493927125506,0.21862348178137653,0.4271255060728745,0.5,0.5,0.5,0.5,0.44534412955465585,0.5,0.5
2026-07-23,39.0,40.11,38.99,39.95,787629.0,39.666,39.888,40.655,45.903000000000006,0.0071597841980539,0.0015543521861212,-0.0173410404624276,-0.129686512864083,40.655,43.08927715413765,38.22072284586236,0.355193152752307,0.1197529039051363,0.0217391304347827,-0.0140671273445212,-0.0022477522477521,-0.0467668814125505,0.017562034688102,0.0205774375851369,0.0223384839326895,34.89278751960531,-1.3756384683537632,-1.528061061930576,0.1524225935768128,-87024799.0,35.41316431139869,1.3164285714285715,0.6740497615431371,0.2004716981084796,0.0559210526312111,,0.0217391304347827,0.0223384839326895,34.89278751960531,-0.057967097040408,0.0,0.0,0.0,0.5,-2.1162140976706225,-1.986484360612095,-2.1168260175964915,-2.0186936482713924,-0.6874309413501913,-2.1747250367877253,-2.247350060706542,-2.348846054965109,-2.500377926135608,0.4689635001097886,0.2879092856761737,-0.0047477667469,-0.9137897200220668,-2.348846054965109,-2.332164363701541,-2.1659362412108445,-0.077296154158628,-0.6045357503185048,1.0601806568789618,-0.0821855582932995,0.2449481220223575,-0.1424876802211755,-0.3717095855312644,-0.1699572079125273,0.0992568910014721,-0.5083331530833674,-0.7512505874979931,-0.9770108551652976,0.5050590381127867,-0.7161719972494491,-0.6929699455863616,-0.6521154094179277,-0.5003692215029534,-0.468455722160368,-0.8383056944844997,1.0601806568789618,0.0992568910014721,-0.5083331530833674,-0.2455569168611688,0.0,0.0,0.0,0.0,其他,0,0,0.5,1.0,0,,,,0.5445344129554656,0.41700404858299595,0.23684210526315788,0.3016194331983806,0.2408906882591093,0.4048582995951417,0.5,0.5,0.5,0.5,0.5,0.5,0.5
2026-07-24,39.58,39.89,39.13,39.33,547898.0,39.566,39.731,40.6025,45.676,-0.0059647171814184,-0.010092874581561,-0.0313404347022966,-0.1389351081530783,40.6025,43.10605431547329,38.09894568452671,0.245861315618386,0.1233202051827903,-0.0155193992490614,-0.0125533517449158,-0.0383863080684596,-0.0260029717682022,0.0172647823427656,0.0195819860115588,0.0210981870074383,31.06704437738489,-1.3427251723442808,-1.4909938840133172,0.1482687116690364,-87572697.0,27.013352205030003,1.2678571428571428,0.4881626582803479,0.0542452830175877,0.0151315789472686,,-0.0155193992490614,0.0210981870074383,31.06704437738489,-0.3043704586804193,0.0,0.0,0.0,0.5,-1.9937650268735536,-1.993451196333218,-2.0622534428989905,-2.093294349947884,-0.7548907309155866,-2.157981093586185,-2.23736031907035,-2.3137686245891107,-2.5015342130637466,-0.0616433596833431,-0.0660981381674781,-0.2711052926438133,-1.0051616480044026,-2.3137686245891107,-2.2849203846382453,-2.154622957491412,-0.4229307271338647,-0.5346149530909676,-0.5833006271291511,-0.0511200899970924,-0.3353874204554438,0.0644518707079815,-0.4039655076242418,-0.3138587446734117,-0.1251447494125039,-0.7394803282291633,-0.719920668519784,-0.93783747102543,0.4918628495368931,-0.7509380331617099,-1.1824012877338723,-0.7319334813387987,-0.8570018462892889,-0.9136507454066408,-0.9705085588478884,-0.5833006271291511,-0.1251447494125039,-0.7394803282291633,-0.761967665473186,0.0,0.0,0.0,0.0,其他,0,0,0.5,1.0,0,,,,0.5303643724696356,0.5040485829959515,0.18218623481781376,0.25708502024291496,0.10121457489878542,0.47368421052631576,0.5,0.5,0.5,0.5,0.5,0.5,0.5
2026-07-27,39.12,39.96,39.12,39.91,5797.0,39.636,39.795,40.56699999999999,45.47433333333333,0.0069129074578664,0.0028898102776728,-0.0161954297828282,-0.1223620650476826,40.56699999999999,43.08957262166573,38.044427378334255,0.3697758006262798,0.1243657466245726,0.0147470124586828,0.0088473205257835,0.0162974280621337,-0.017479074347612,0.0185381514619106,0.0155983058981191,0.0213433260377727,43.728813552404446,-1.2553689091941749,-1.4438688890494888,0.1884999798553139,-87566900.0,30.64520172493821,1.1585714285714286,0.0054978491099805,0.1910377358445497,0.0532894736838596,,0.0147470124586828,0.0213433260377727,43.728813552404446,-0.9894195634953952,0.0,0.0,0.0,0.5,-2.039498984766669,-1.956607865675788,-2.035166099186297,-1.9687970917949733,-0.910394717169002,-2.1129958897632592,-2.1886935036759048,-2.2773406592645498,-2.4938956748336243,0.4590681595165964,0.3288078524137304,0.0187559853838575,-0.8214342410524283,-2.2773406592645498,-2.2458766007950137,-2.129961329732203,-0.0284241351471942,-0.512744085585492,0.7526989278403786,0.3860482050955443,0.5446127398376804,0.1492842909870242,-0.2590910491564419,-0.8906165377595953,-0.0803396388296137,0.0375085925028903,-0.6420980708591796,-0.8898078435055695,0.6016748154648737,-0.7473895918681,-0.9620388195268782,-0.9142784481505236,-1.7729834731568328,-0.4903871802325598,-0.8341145320675912,0.7526989278403786,-0.0803396388296137,0.0375085925028903,-2.173915945817339,0.0,0.0,0.0,0.0,其他,0,0,0.5,1.0,0,,,,0.5,0.4291497975708502,0.20040485829959515,0.3643724696356275,0.1396761133603239,0.4230769230769231,0.5,0.5,0.5,0.5,0.5,0.5,0.5
2026-07-28,39.51,40.29,39.51,39.77,6013.0,39.612,39.82,40.499,45.26533333333333,0.0039886902958699,-0.0012556504269211,-0.0180004444554185,-0.1214026922737043,40.499,43.03097572117708,37.967024278822926,0.3560412736310318,0.1250389254633854,-0.0035078927587068,-0.0030082727500626,0.0063259109311741,-0.0330658886457573,0.0182642928994951,0.015584551699675,0.0211208503795896,47.19512194316184,-1.183789278673835,-1.3918529669743582,0.2080636883005231,-87572913.0,33.3498460308858,1.1321428571428571,0.0059683717982968,0.1580188679208017,0.0440789473681311,,-0.0035078927587068,0.0211208503795896,47.19512194316184,0.0372606520614111,0.0,0.0,0.0,0.5,-1.95104680790558,-1.8824502901695213,-1.9426085100985435,-1.966112259261462,-0.9058908873364684,-2.0859173447983377,-2.1492459911751784,-2.2489983272838643,-2.4882889795026366,0.3391862535662005,0.2014730265993748,-0.0158543843097036,-0.8058674509393128,-2.2489983272838643,-2.215889193191412,-2.111102317188913,-0.072058241339383,-0.4980312809853402,-0.0558272030873597,0.1422112690813842,0.3822168346226526,-0.0071228253102781,-0.2893039566414896,-0.8881059806723611,-0.1205384213949832,0.2501051583049972,-0.5781683136333311,-0.8376945800734426,0.6537388496146614,-0.74469707357323,-0.798145487484683,-0.9542962905627492,-1.7504429038074605,-0.5899727533597569,-0.8598239727055293,-0.0558272030873597,-0.1205384213949832,0.2501051583049972,-0.0282862866423176,0.0,0.0,0.0,0.0,其他,0,0,0.5,1.0,0,,,,0.3097165991902834,0.4048582995951417,0.20647773279352227,0.41700404858299595,0.20647773279352227,0.3967611336032389,0.5,0.5,0.5,0.5,0.5,0.5,0.5
2026-07-29,39.88,40.43,39.53,40.23,10708.0,39.838,39.809000000000005,40.4285,45.06816666666666,0.0098398513981623,0.0105754980029639,-0.0049099026676726,-0.1073521961177327,40.4285,42.90461134006927,37.95238865993073,0.4599169882157961,0.1224933569171817,0.0115665074176514,0.0289002557544755,-0.0027268220128905,-0.0338616714697407,0.0150707584587706,0.0145079507578232,0.0210928665594076,51.12160565861035,-1.0775227557880882,-1.3289869247371044,0.2514641689490162,-87562205.0,37.12309624083142,1.1107142857142855,0.0112493626402972,0.2665094339559773,0.0743421052626685,,0.0115665074176514,0.0210928665594076,51.12160565861035,0.7808082487942791,0.0,0.0,0.0,0.5,-1.869107660357081,-1.8391683375650008,-1.9148936758386004,-1.866797136244457,-0.9001409176636712,-2.018099716262344,-2.117895433447884,-2.2225500011301365,-2.478865409379296,0.5754866586326567,0.562120090874581,0.2355136083155331,-0.6507261026090042,-2.2225500011301365,-2.198537385249025,-2.080452729605456,0.2597514878410188,-0.544672557401193,0.6115087736987347,0.7956214766352971,0.2348565094026224,-0.015088574423582,-0.6500510277587226,-1.0392678209191952,-0.1252777700056648,0.4907046186197309,-0.4845705778229026,-0.7759751473918144,0.7716888181120969,-0.7408863778024957,-0.5723561164499628,-0.985438029328821,-1.7197478762522305,-0.2535083169916114,-0.7512880798068556,0.6115087736987347,-0.1252777700056648,0.4907046186197309,1.516208170242638,0.0,0.0,0.0,0.0,其他,0,0,0.5,1.0,0,,,,0.44421906693711966,0.40162271805273836,0.21906693711967545,0.42190669371196754,0.592292089249493,0.359026369168357,0.5,0.5,0.5,0.5,0.5,0.5,0.5
