date,open,high,low,close,volume,ma5,ma10,ma20,ma60,ma5_ratio,ma10_ratio,ma20_ratio,ma60_ratio,bollinger_mid,bollinger_upper,bollinger_lower,bollinger_pct_b,bollinger_bandwidth,return_1d,return_5d,return_10d,return_20d,volatility_5d,volatility_10d,volatility_20d,rsi_14,macd,macd_signal,macd_histogram,obv,mfi_14,atr_14,volume_ratio_20d,price_position_20d,price_position_60d,future_return,return,volatility,rsi,volume_change,csi300_return_1d,csi300_return_5d,csi300_volatility_20d,market_breadth,open_norm,high_norm,low_norm,close_norm,volume_norm,ma5_norm,ma10_norm,ma20_norm,ma60_norm,ma5_ratio_norm,ma10_ratio_norm,ma20_ratio_norm,ma60_ratio_norm,bollinger_mid_norm,bollinger_upper_norm,bollinger_lower_norm,bollinger_pct_b_norm,bollinger_bandwidth_norm,return_1d_norm,return_5d_norm,return_10d_norm,return_20d_norm,volatility_5d_norm,volatility_10d_norm,volatility_20d_norm,rsi_14_norm,macd_norm,macd_signal_norm,macd_histogram_norm,obv_norm,mfi_14_norm,atr_14_norm,volume_ratio_20d_norm,price_position_20d_norm,price_position_60d_norm,return_norm,volatility_norm,rsi_norm,volume_change_norm,csi300_return_1d_norm,csi300_return_5d_norm,csi300_volatility_20d_norm,market_breadth_norm,sector,sector_momentum_5d,sector_momentum_20d,sector_breadth,sector_vol_flow,sector_relative_strength,future_return_rank,future_return_10d,future_return_20d,cs_rank_return_5d,cs_rank_return_20d,cs_rank_volatility,cs_rank_rsi,cs_rank_volume_ratio_20d,cs_rank_ma20_ratio,cs_rank_max_ret_5d,cs_rank_reversal_1d,cs_rank_amihud_illiq,cs_rank_idio_vol_20d,future_return_rank_5d,future_return_rank_10d,future_return_rank_20d
2025-12-03,62.0,80.0,58.88,67.99,122598637.0,,,,,,,,,,,,,,,,,,,,,,0.0,0.0,0.0,0.0,,,,,,-0.0604500661862037,,,,,0.0,0.0,0.0,0.5,,,,,,,,,,,,,,,,,,,,,,,,,,,,,,,,,,,,,,,,,,,,其他,0,0,0.5,1.0,0,0.0607287449392712,-0.04912487130460341,-0.10398588027651112,0.5,0.5,0.5,0.5,0.5,0.5,0.5,0.5,0.5,0.5,0.06072874493927125,0.3643724696356275,0.0951417004048583
2025-12-04,68.5,76.89,65.55,69.49,96710191.0,,,,,,,,,,,,,,0.0220620679511693,,,,,,,,0.0336538461538253,0.0186965811965696,0.0149572649572557,96710191.0,,,,,,-0.0260469132249242,0.0220620679511693,,,-0.2111642236283589,0.0,0.0,0.0,0.5,,,,,,,,,,,,,,,,,,,,,,,,,,,,,,,,,,,,,,,,,,,,其他,0,0,0.5,1.0,0,0.3340080971659919,-0.07900417326233988,-0.10864872643545831,0.5,0.5,0.5,0.5,0.5,0.5,0.5,0.5,0.5,0.5,0.3340080971659919,0.10323886639676114,0.05668016194331984
2025-12-05,68.1,70.16,64.51,65.89,69732166.0,,,,,,,,,,,,,,-0.0518060152539933,,,,,,,,-0.0687541047422257,-0.0171438638603137,-0.051610240881912,26978025.0,,,,,,0.0517529215358931,-0.0518060152539933,,,-0.2789574161837814,0.0,0.0,0.0,0.5,,,,,,,,,,,,,,,,,,,,,,,,,,,,,,,,,,,,,,,,,,,,其他,0,0,0.5,1.0,0,0.9107505070993914,-0.026559417210502367,-0.031871300652602796,0.5,0.5,0.5,0.5,0.5,0.5,0.5,0.5,0.5,0.5,0.9107505070993914,0.4117647058823529,0.2718052738336714
2025-12-08,64.59,69.6,63.0,68.75,60374083.0,,,,,,,,,,,,,,0.0434056761268781,,,,,,,,-0.0103870491467148,-0.0148549699871433,0.0044679208404285,87352108.0,,,,,,0.0906181818181819,0.0434056761268781,,,-0.1342003774843305,0.0,0.0,0.0,0.5,,,,,,,,,,,,,,,,,,,,,,,,,,,,,,,,,,,,,,,,,,,,其他,0,0,0.5,1.0,0,0.9553752535496958,-0.06283636363636358,-0.05701818181818186,0.5,0.5,0.5,0.5,0.5,0.5,0.5,0.5,0.5,0.5,0.9553752535496958,0.12373225152129817,0.1643002028397566
2025-12-09,67.34,69.5,65.75,67.8,50273311.0,67.984,,,,-0.0027065191809837,,,,,,,,,-0.0138181818181818,,,,,,,,-0.0162552769948547,-0.0152715296634021,-0.0009837473314526,37078797.0,,,,,,-0.0047197640117992,-0.0138181818181818,,,-0.1673031124961351,0.0,0.0,0.0,0.5,,,,,,,,,,,,,,,,,,,,,,,,,,,,,,,,,,,,,,,,,,,,其他,0,0,0.5,1.0,0,0.6876267748478702,-0.08230088495575216,-0.05870206489675511,0.5,0.5,0.5,0.5,0.5,0.5,0.5,0.5,0.5,0.5,0.6876267748478702,0.07099391480730223,0.09533468559837728
2025-12-10,67.0,67.32,62.85,63.88,51096183.0,67.162,,,,-0.0488669187933653,,,,,,,,,-0.0578171091445427,-0.0604500661862037,,,0.044486582966085,,,,-0.187098827822993,-0.0618462808776203,-0.1252525469453727,-14017386.0,,,,,,0.0120538509705698,-0.0578171091445427,,,0.0163679690800551,0.0,0.0,0.0,0.5,,,,,,,,,,,,,,,,,,,,,,,,,,,,,,,,,,,,,,,,,,,,其他,0,0,0.5,1.0,0,0.8194726166328601,-0.014871634314339466,0.07169693174702552,0.05894308943089431,0.5,0.5,0.5,0.5,0.5,0.5,0.5,0.5,0.5,0.8194726166328601,0.40973630831643004,0.744421906693712
2025-12-11,63.21,70.27,61.79,67.68,82467649.0,66.8,,,,0.0131736526946109,,,,,,,,,0.0594865372573576,-0.0260469132249242,,,0.0537491192177698,,,,-0.1212933456338589,-0.0768907470640479,-0.044402598569811,68450263.0,,,,,,-0.0543735224586289,0.0594865372573576,,,0.6139688751310446,0.0,0.0,0.0,0.5,,,,,,,,,,,,,,,,,,,,,,,,,,,,,,,,,,,,,,,,,,,,其他,0,0,0.5,1.0,0,0.1075050709939148,-0.07875295508274238,0.012854609929077832,0.3333333333333333,0.5,0.5,0.5,0.5,0.5,0.5,0.5,0.5,0.5,0.1075050709939148,0.032454361054766734,0.3103448275862069
2025-12-12,67.0,72.69,64.55,69.3,77448163.0,67.482,,,,0.0269405174713257,,,,,,,,,0.0239361702127658,0.0517529215358931,,,0.0472232618606605,,,,0.0018283760497723,-0.0579730614663586,0.059801437516131,145898426.0,,,,,,-0.0744588744588744,0.0239361702127658,,,-0.0608661221808324,0.0,0.0,0.0,0.5,,,,,,,,,,,,,,,,,,,,,,,,,,,,,,,,,,,,,,,,,,,,其他,0,0,0.5,1.0,0,0.0425101214574898,-0.07027417027417016,-0.0012987012987013546,0.9087221095334685,0.5,0.5,0.5,0.5,0.5,0.5,0.5,0.5,0.5,0.04251012145748988,0.038461538461538464,0.20850202429149797
2025-12-15,68.33,76.23,68.33,74.98,84430273.0,68.728,,,,0.0909672913514143,,,,,,,,,0.081962481962482,0.0906181818181819,,,0.0561368603832308,,,,0.3688655090576986,0.0406287658817663,0.3282367431759322,230328699.0,,,,,,-0.1407041877834088,0.081962481962482,,,0.0901520414370578,0.0,0.0,0.0,0.5,,,,,,,,,,,,,,,,,,,,,,,,,,,,,,,,,,,,,,,,,,,,其他,0,0,0.5,1.0,0,0.0060728744939271,-0.16551080288076825,-0.11002934115764207,0.9533468559837728,0.5,0.5,0.5,0.5,0.5,0.5,0.5,0.5,0.5,0.006072874493927126,0.010121457489878543,0.024291497975708502
2025-12-16,72.78,73.55,67.48,67.48,68407655.0,68.66400000000002,68.324,,,-0.0172433880927416,-0.0123529067384812,,,,,,,,-0.1000266737796745,-0.0047197640117992,,,0.0777274337406171,,,,0.2375451488801445,0.0847494666537486,0.1527956822263959,161921044.0,,,,,,-0.0779490219324244,-0.1000266737796745,,,-0.1897733766655001,0.0,0.0,0.0,0.5,,,,,,,,,,,,,,,,,,,,,,,,,,,,,,,,,,,,,,,,,,,,其他,0,0,0.5,1.0,0,0.020242914979757,-0.09765856550088925,0.03882631890930632,0.6855983772819473,0.5,0.5,0.5,0.5,0.5,0.5,0.5,0.5,0.5,0.020242914979757085,0.024291497975708502,0.4392712550607287
2025-12-17,66.02,66.7,63.99,64.65,42072312.0,68.818,67.99,,,-0.0605655497108313,-0.0491248713046034,,,,,,,,-0.0419383521043271,0.0120538509705698,-0.0491248713046034,,0.0749731565983768,0.0587486311475689,,,-0.0114502702434577,0.063701513899787,-0.0751517841432448,119848732.0,,,,,,-0.0266047950502708,-0.0419383521043271,,,-0.3849765497735596,0.0,0.0,0.0,0.5,,,,,,,,,,,,,,,,,,,,,,,,,,,,,,,,,,,,,,,,,,,,其他,0,0,0.5,1.0,0,0.0566801619433198,-0.057695282289249916,0.15081206496519717,0.8174442190669371,0.5,0.5,0.5,0.5,0.5,0.5,0.5,0.5,0.5,0.05668016194331984,0.06072874493927125,0.840080971659919
2025-12-18,64.0,65.41,63.65,64.0,26378589.0,68.082,67.441,,,-0.0599571105431684,-0.0510223751130618,,,,,,,,-0.0100541376643465,-0.0543735224586289,-0.0790041732623398,,0.0684299183633646,0.0580726326061014,,,-0.2295505813557525,0.0007232623569039,-0.2302738437126565,93470143.0,,,,,,-0.0257812499999999,-0.0100541376643465,,,-0.3730178412824092,0.0,0.0,0.0,0.5,,,,,,,,,,,,,,,,,,,,,,,,,,,,,,,,,,,,,,,,,,,,其他,0,0,0.5,1.0,0,0.0525252525252525,-0.032187500000000036,0.254375,0.10547667342799188,0.5,0.5,0.5,0.5,0.5,0.5,0.5,0.5,0.5,0.052525252525252523,0.09292929292929293,0.9151515151515152
2025-12-19,65.08,65.5,63.3,64.14,26745218.0,67.05,67.26599999999999,,,-0.0434004474272929,-0.0464722147890462,,,,,,,,0.0021875,-0.0744588744588744,-0.0265594172105023,,0.0664579471784577,0.0558780548748434,,,-0.3803462529296695,-0.0799242865914268,-0.3004219663382426,120215361.0,,,,,,0.0045213595260369,0.0021875,,,0.0138987343106182,0.0,0.0,0.0,0.5,,,,,,,,,,,,,,,,,,,,,,,,,,,,,,,,,,,,,,,,,,,,其他,0,0,0.5,1.0,0,0.4707070707070707,-0.005456813221078938,0.34206423448705947,0.04056795131845842,0.5,0.5,0.5,0.5,0.5,0.5,0.5,0.5,0.5,0.4707070707070707,0.29292929292929293,0.9535353535353536
2025-12-22,63.8,64.64,63.2,64.43,23905236.0,64.94000000000001,66.834,,,-0.0078534031413612,-0.0359697160128078,,,,,,,,0.0045213595260369,-0.1407041877834088,-0.0628363636363635,,0.0437820096787138,0.05373579802281,,44.96321448605127,-0.4714716285390778,-0.161836282666513,-0.3096353458725648,144120597.0,60.52001025198745,6.737142857142857,,,,-0.0288685395002329,0.0045213595260369,,44.96321448605127,-0.106186533981514,0.0,0.0,0.0,0.5,,,,,,,,,,,,,,,,,,,,,,,,,,,,,,,,,,,,,,,,,,,,其他,0,0,0.5,1.0,0,0.1919191919191919,0.00620828806456597,0.33974856433338485,0.004056795131845842,0.5,0.5,0.45030425963488846,0.5,0.5,0.5,0.5,0.5,0.5,0.1919191919191919,0.4727272727272727,0.9515151515151515
2025-12-23,64.69,64.69,62.0,62.22,30480676.0,63.888,66.276,,,-0.0261081893313298,-0.0611986239362665,,,,,,,,-0.0343007915567283,-0.0779490219324244,-0.0823008849557521,,0.0211834084391778,0.0544877702810899,,42.316910784041454,-0.6653232891488017,-0.2662058620798028,-0.3991174270689988,113639921.0,58.35357268223997,5.4207142857142845,,,,-0.0213757634201221,-0.0343007915567283,,42.316910784041454,0.2750627519427124,0.0,0.0,0.0,0.5,,,,,,,,,,,,,,,,,,,,,,,,,,,,,,,,,,,,,,,,,,,,其他,0,0,0.5,1.0,0,0.2242424242424242,0.02571520411443262,0.3990678238508518,0.018255578093306288,0.5,0.5,0.4239350912778905,0.5,0.5,0.5,0.5,0.5,0.5,0.22424242424242424,0.5333333333333333,0.9636363636363636
2025-12-24,62.24,63.23,61.28,62.93,20097132.0,63.544,66.18100000000001,,,-0.0096625959964748,-0.0491228600353577,,,,,,,,0.0114111218257795,-0.0266047950502708,-0.0148716343143394,,0.0179959511917798,0.0516676095478252,,41.07725788744538,-0.7609930769403235,-0.3680293823516176,-0.3929636945887059,133737053.0,50.90592806089778,4.749999999999998,,,,-0.0319402510726203,0.0114111218257795,,41.07725788744538,-0.340659898750277,0.0,0.0,0.0,0.5,,,,,,,,,,,,,,,,,,,,,,,,,,,,,,,,,,,,,,,,,,,,其他,0,0,0.5,1.0,0,0.1761133603238866,0.08787541713014457,0.4416017797552836,0.054878048780487805,0.5,0.5,0.2682926829268293,0.5,0.5,0.5,0.5,0.5,0.5,0.17611336032388664,0.7995951417004049,0.9736842105263158
2025-12-25,62.27,63.15,62.02,62.35,17603773.0,63.21400000000001,65.648,,,-0.0136678583858007,-0.0502376310017059,,,,,,,,-0.0092165898617511,-0.0257812499999999,-0.0787529550827423,,0.0179438415173918,0.0472128577551756,,44.75400118367944,-0.8604038042328312,-0.4687728069758489,-0.3916309972569823,116133280.0,57.4556888159295,4.427142857142856,,,,-0.0065757818765036,-0.0092165898617511,,44.75400118367944,-0.1240654139108008,0.0,0.0,0.0,0.5,,,,,,,,,,,,,,,,,,,,,,,,,,,,,,,,,,,,,,,,,,,,其他,0,0,0.5,1.0,0,0.4565656565656565,0.09943865276663977,0.586046511627907,0.05060728744939271,0.5,0.5,0.4056795131845842,0.5,0.5,0.5,0.5,0.5,0.5,0.45656565656565656,0.802020202020202,0.9838383838383838
2025-12-26,62.47,64.93,61.58,64.43,36204082.0,63.272000000000006,65.161,,,0.0183019345049944,-0.0112183668145054,,,,,,,,0.0333600641539695,0.0045213595260369,-0.0702741702741701,,0.0250916798944103,0.0479899914766447,,43.44660193990216,-0.794830132251434,-0.5351805679003828,-0.2596495643510511,152337362.0,55.715547476910544,4.194999999999999,,,,-0.009933260903306,0.0333600641539695,,43.44660193990216,1.056609228033104,0.0,0.0,0.0,0.5,,,,,,,,,,,,,,,,,,,,,,,,,,,,,,,,,,,,,,,,,,,,其他,0,0,0.5,1.0,0,0.2515212981744422,0.07418904237156587,0.41859382275337564,0.46747967479674796,0.5,0.5,0.3727087576374745,0.5,0.5,0.5,0.5,0.5,0.5,0.2515212981744422,0.7991886409736308,0.9716024340770791
2025-12-29,64.0,64.28,62.3,62.57,22332902.0,62.9,63.92,,,-0.0052464228934816,-0.0211201501877347,,,,,,,,-0.0288685395002329,-0.0288685395002329,-0.1655108028807682,,0.0282200073861802,0.0368754019966299,,42.2793032164396,-0.8540852443901628,-0.5998941238266763,-0.2541911205634865,130004460.0,50.09086915123471,4.079285714285715,,,,0.0361195461083585,-0.0288685395002329,,42.2793032164396,-0.3831385643199018,0.0,0.0,0.0,0.5,,,,,,,,,,,,,,,,,,,,,,,,,,,,,,,,,,,,,,,,,,,,其他,0,0,0.5,1.0,0,0.7474747474747475,0.06648553619945674,0.5662458046987373,0.19230769230769232,0.5,0.5,0.30831643002028397,0.5,0.5,0.5,0.5,0.5,0.5,0.7474747474747475,0.7272727272727273,0.9818181818181818
2025-12-30,61.98,61.99,60.71,60.89,22228507.0,62.634,63.261,65.79249999999999,,-0.0278443018169045,-0.0374796478082863,-0.0745145723296727,,65.79249999999999,72.53991236950955,59.04508763049043,0.1367125846519144,0.2051119008853382,-0.0268499280805497,-0.0213757634201221,-0.0976585655008892,,0.0264624638813789,0.0234498882521086,,45.27347454747446,-0.9989592051511168,-0.6806380542288356,-0.3183211509222811,107775953.0,52.60200227866303,3.858571428571429,0.4309575953466746,0.0,,0.0481195598620463,-0.0268499280805497,,45.27347454747446,-0.0046744932655863,0.0,0.0,0.0,0.5,,,,,,,,,,,,,,,,,,,,,,,,,,,,,,,,,,,,,,,,,,,,其他,0,0,0.5,1.0,0,0.7469635627530364,0.15125636393496467,0.5930366234192808,0.22515212981744423,0.5,0.5,0.45121951219512196,0.026422764227642278,0.034552845528455285,0.5,0.5,0.5,0.5,0.7469635627530364,0.9068825910931174,0.9838056680161943
2025-12-31,60.33,61.65,59.55,60.92,18941025.0,62.232000000000006,62.888,65.439,,-0.0210824013369328,-0.0312937285332654,-0.0690566787389781,,65.439,72.4377815480907,58.440218451909296,0.1771580903785664,0.2139024602478646,0.0004926917392018,-0.0319402510726203,-0.0576952822892499,-0.1039858802765111,0.0252941271398751,0.020701417536086,0.0428863018203368,37.867910981585965,-1.096935041502654,-0.764672532944719,-0.3322625085579349,126716978.0,43.29254473517227,3.402857142857144,0.4082429243631695,0.0021291696238316,,0.1237688772160208,0.0004926917392018,0.0428863018203368,37.867910981585965,-0.1478948631142883,0.0,0.0,0.0,0.5,,,,,,,,,,,,,,,,,,,,,,,,,,,,,,,,,,,,,,,,,,,,其他,0,0,0.5,1.0,0,0.922920892494929,0.22127380170715694,0.5361129349967169,0.17276422764227642,0.09164969450101833,0.9144602851323829,0.14867617107942974,0.032586558044806514,0.04276985743380855,0.5,0.5,0.5,0.5,0.922920892494929,0.9655172413793104,0.9858012170385395
2026-01-05,61.52,62.62,61.0,61.94,18144106.0,62.15,62.682,65.0615,,-0.0033789219629927,-0.0118375291152165,-0.0479776826541041,,65.0615,71.95392536183172,58.16907463816827,0.2735557633084194,0.2118741609652754,0.0167432698621141,-0.0065757818765036,-0.0321875,-0.1086487264354583,0.0271225784169689,0.021785750252839,0.04272851039609,36.50036683598312,-1.0913007874497964,-0.8304837851765711,-0.2608170022732253,144861084.0,35.39883918467402,2.9428571428571435,0.4272402994751922,0.0745209368341053,,0.106716176945431,0.0167432698621141,0.04272851039609,36.50036683598312,-0.0420736998129721,0.0,0.0,0.0,0.5,,,,,,,,,,,,,,,,,,,,,,,,,,,,,,,,,,,,,,,,,,,,其他,0,0,0.5,1.0,0,0.8663967611336032,0.2960929932192444,0.42089118501775924,0.4563894523326572,0.054878048780487805,0.9085365853658537,0.08333333333333333,0.02032520325203252,0.06910569105691057,0.5,0.5,0.5,0.5,0.8663967611336032,0.9817813765182186,0.9878542510121457
2026-01-06,62.96,64.66,62.71,63.79,30015230.0,62.022000000000006,62.647000000000006,64.9565,,0.0285060139950339,0.0182450875540727,-0.0179581720074204,,64.9565,71.85975712597819,58.05324287402183,0.4155108973377354,0.2125501566730828,0.0298676138198257,-0.009933260903306,-0.0054568132210789,-0.0318713006526027,0.0260390193917631,0.0241550526003054,0.04190041448372,26.12035851316398,-0.9483083735972856,-0.8541886315758609,-0.0941197420214245,174876314.0,24.789594146198795,2.572857142857143,0.7414407310710153,0.20581973030372,,0.0849662956576264,0.0298676138198257,0.04190041448372,26.12035851316398,0.6542688848929785,0.0,0.0,0.0,0.5,,,,,,,,,,,,,,,,,,,,,,,,,,,,,,,,,,,,,,,,,,,,其他,0,0,0.5,1.0,0,0.9068825910931174,0.34942781000156753,0.4875372315409938,0.2535496957403651,0.2703252032520325,0.8943089430894309,0.016260162601626018,0.13821138211382114,0.14227642276422764,0.5,0.5,0.5,0.5,0.9068825910931174,0.9979757085020243,0.9919028340080972
2026-01-07,63.77,66.18,63.0,64.83,35790655.0,62.474,62.687,64.76050000000001,,0.0377116880622339,0.0341857163367205,0.0010731850433518,,64.76050000000001,71.4288556720095,58.09214432799051,0.5052111797396468,0.2059389804587425,0.0163034958457437,0.0361195461083585,0.0062082880645659,-0.0570181818181818,0.0217490911146266,0.0246967611888379,0.0408206755824759,42.192103708952914,-0.7545594581157715,-0.8341682533205961,0.0796087952048245,210666969.0,37.1934820643435,2.264285714285715,0.9117910212409702,0.2796309439298817,,0.0293074194045968,0.0163034958457437,0.0408206755824759,42.192103708952914,0.1924164832320125,0.0,0.0,0.0,0.5,,,,,,,,,,,,,,,,,,,,,,,,,,,,,,,,,,,,,,,,,,,,其他,0,0,0.5,1.0,0,0.6963562753036437,0.3314823384235692,0.41601110596945867,0.7484787018255578,0.16260162601626016,0.8861788617886179,0.09552845528455285,0.2764227642276423,0.3394308943089431,0.5,0.5,0.5,0.5,0.6963562753036437,0.9878542510121457,0.9838056680161943
2026-01-08,64.0,65.27,63.68,63.82,22513884.0,63.06,62.847,64.5615,,0.0120520139549635,0.0154820436934142,-0.0114851730520511,,64.5615,71.08388340356943,58.03911659643056,0.4431572820727988,0.2020517925872023,-0.0155792071571803,0.0481195598620463,0.0257152041144326,-0.0587020648967551,0.017490489855168,0.022328368927851,0.0408491015775995,47.260726068239926,-0.6652216736425842,-0.8002508008724935,0.1350291272299092,188153085.0,39.355162144452414,2.128571428571429,0.5945804141207633,0.2079488999275517,,0.0984017549357567,-0.0155792071571803,0.0408491015775995,47.260726068239926,-0.3709563571831809,0.0,0.0,0.0,0.5,,,,,,,,,,,,,,,,,,,,,,,,,,,,,,,,,,,,,,,,,,,,其他,0,0,0.5,1.0,0,0.9330628803245437,0.36399247884675656,0.3476966468191791,0.7479674796747967,0.09368635437881874,0.8920570264765784,0.1443089430894309,0.059063136456211814,0.15682281059063136,0.5,0.5,0.5,0.5,0.9330628803245437,0.9858012170385395,0.9817444219066938
2026-01-09,63.45,70.0,63.18,68.46,45111573.0,64.56800000000001,63.4,64.7905,,0.060277536860364,0.0798107255520503,0.0566363895941535,,64.7905,71.53012508718322,58.05087491281676,0.7722332438714641,0.2080436201965667,0.0727044813538075,0.1237688772160208,0.0878754171301445,0.0716969317470255,0.0319568655733005,0.0314958922131592,0.0419115008560039,61.65099268096594,-0.2620762166470598,-0.692289591292963,0.4302133746459031,233264658.0,49.98735222208602,2.4900000000000007,1.20086393703742,0.5372604684135036,,0.0867659947414549,0.0727044813538075,0.0419115008560039,61.65099268096594,1.0037223697163935,0.0,0.0,0.0,0.5,,,,,,,,,,,,,,,,,,,,,,,,,,,,,,,,,,,,,,,,,,,,其他,0,0,0.5,1.0,0,0.947261663286004,0.32515337423312896,0.25051124744376296,0.9247967479674797,0.745417515274949,0.9063136456211812,0.4613821138211382,0.5091649694501018,0.7556008146639511,0.5,0.5,0.5,0.5,0.947261663286004,0.9837728194726166,0.9716024340770791
2026-01-12,68.61,69.89,67.4,68.55,32951930.0,65.89,64.02,64.834,,0.0403703141599636,0.0707591377694469,0.0573156060091926,,64.834,71.66279167858222,58.00520832141778,0.7720832743790987,0.2106546465919637,0.0013146362839615,0.106716176945431,0.0994386527666397,0.0128546099290778,0.0335394051751445,0.0309950661048156,0.039848326597157,61.55055002167778,0.0614727511673862,-0.5411717422618966,0.6026444934292828,266216588.0,58.24045536813878,2.5107142857142857,0.9390650569834263,0.5436479772849986,,0.1711159737417944,0.0013146362839615,0.039848326597157,61.55055002167778,-0.2695459765945204,0.0,0.0,0.0,0.5,,,,,,,,,,,,,,,,,,,,,,,,,,,,,,,,,,,,,,,,,,,,其他,0,0,0.5,1.0,0,0.9817444219066938,0.44259664478482863,0.28767323121808897,0.8678861788617886,0.31160896130346233,0.890020366598778,0.556910569105691,0.16089613034623218,0.6985743380855397,0.5,0.5,0.5,0.5,0.9817444219066938,0.9878296146044625,0.9716024340770791
2026-01-13,68.48,71.09,67.24,69.21,29633783.0,66.974,64.498,64.82950000000001,,0.0333860901245257,0.0730565288846163,0.0675695478138806,,64.82950000000001,71.64600774918779,58.01299225081224,0.8213155593081963,0.21029030762777,0.0096280087527351,0.0849662956576264,0.0741890423715658,-0.0012987012987013,0.0334109898311082,0.0298922963373978,0.0395497265510127,62.2816032843168,0.3602302223088713,-0.3605419605366726,0.720772182845544,295850371.0,65.33703625778205,2.682857142857144,0.9062477747603226,0.5904897090092933,,0.2437509030486924,0.0096280087527351,0.0395497265510127,62.2816032843168,-0.1006965904576757,0.0,0.0,0.0,0.5,,,,,,,,,,,,,,,,,,,,,,,,,,,,,,,,,,,,,,,,,,,,其他,0,0,0.5,1.0,0,0.9979674796747968,0.32061840774454575,0.3378124548475656,0.9103869653767821,0.20816326530612245,0.889795918367347,0.6232179226069247,0.12244897959183673,0.8142857142857143,0.5,0.5,0.5,0.5,0.9979674796747967,0.9796747967479674,0.9817073170731707
2026-01-14,68.82,70.56,65.88,66.73,31130000.0,67.354,64.914,64.417,,-0.0092644831784303,0.0279754752441692,0.035906670599376,,64.417,69.39873125688145,59.43526874311856,0.7321482111998471,0.1546713214484907,-0.0358329721138562,0.0293074194045968,0.0664855361994567,-0.110029341157642,0.0409245148200555,0.0308998807048418,0.0353573781691538,61.42929548474401,0.4103666667454035,-0.206121280652104,0.6164879473975076,264720371.0,64.83999612414306,2.825000000000001,1.0364777092666642,0.7019230769146413,,0.2935711074479243,-0.0358329721138562,0.0353573781691538,61.42929548474401,0.0504902462166236,0.0,0.0,0.0,0.5,,,,,,,,,,,,,,,,,,,,,,,,,,,,,,,,,,,,,,,,,,,,其他,0,0,0.5,1.0,0,0.9939024390243902,0.4686048254158548,0.39892102502622495,0.6985743380855397,0.022448979591836733,0.8387755102040816,0.5519348268839104,0.2,0.6387755102040816,0.5,0.5,0.5,0.5,0.9939024390243902,0.9898373983739838,0.9898373983739838
2026-01-15,67.57,72.68,67.57,70.1,39113947.0,68.61,65.83500000000001,64.548,,0.0217169508817955,0.0647831700463277,0.0860135093263927,,64.548,69.98578437852849,59.11021562147151,1.010502036621886,0.1684880826213071,0.0505020230780757,0.0984017549357567,0.1512563639349646,0.0388263189093063,0.042666176620333,0.0311986225274938,0.0296758042268616,66.0116123228041,0.6895066219494765,-0.0267736785542011,0.7162803005036776,303834318.0,71.59887506466393,3.1107142857142875,1.3690696320244982,0.9999999999891422,,0.2417974322396576,0.0505020230780757,0.0296758042268616,66.0116123228041,0.256471153228397,0.0,0.0,0.0,0.5,,,,,,,,,,,,,,,,,,,,,,,,,,,,,,,,,,,,,,,,,,,,其他,0,0,0.5,1.0,0,0.9918864097363084,0.3837375178316691,0.32154065620542105,0.9329268292682927,0.439918533604888,0.769857433808554,0.7560975609756098,0.824847250509165,0.869653767820774,0.5,0.5,0.5,0.5,0.9918864097363083,0.9878296146044625,0.9817444219066938
2026-01-16,70.03,75.96,70.02,74.4,42173382.0,69.798,67.183,65.03549999999998,,0.0659331212928737,0.1074230087968681,0.1439905897548266,,65.03549999999998,72.03555255619368,58.0354474438063,1.1688878351061351,0.2152686626898518,0.0613409415121257,0.0867659947414549,0.2212738017071569,0.1508120649651971,0.0393047131973122,0.0339507519330056,0.0305422889462664,73.07545001523151,1.2140246304868896,0.2216319923147803,0.9923926381721092,346007700.0,73.60297070937824,3.4542857142857164,1.475895170012061,0.999999999992598,,0.2193548387096773,0.0613409415121257,0.0305422889462664,73.07545001523151,0.0782185188316586,0.0,0.0,0.0,0.5,,,,,,,,,,,,,,,,,,,,,,,,,,,,,,,,,,,,,,,,,,,,其他,0,0,0.5,1.0,0,0.98582995951417,0.257795698924731,0.19623655913978477,0.9432048681541582,0.8394308943089431,0.7784552845528455,0.9026369168356998,0.8438133874239351,0.947261663286004,0.5,0.5,0.5,0.5,0.9858299595141701,0.979757085020243,0.9433198380566802
2026-01-19,75.02,81.84,75.01,80.28,45701602.0,72.144,69.017,65.8495,,0.1127744510978043,0.1631916774128115,0.2191436533307009,,65.8495,75.591693582016,56.107306417984006,1.2406186234337668,0.2958927123820592,0.0790322580645159,0.1711159737417944,0.2960929932192444,0.254375,0.0461321602551838,0.0385472046225963,0.0341348631030784,76.4961551284823,2.042638462851315,0.5861220652093884,1.4565163976419264,391709302.0,74.76882135823202,3.7464285714285728,1.5470602541565366,0.9999999999948428,,0.2318136522172396,0.0790322580645159,0.0341348631030784,76.4961551284823,0.0836598781667545,0.0,0.0,0.0,0.5,,,,,,,,,,,,,,,,,,,,,,,,,,,,,,,,,,,,,,,,,,,,其他,0,0,0.5,1.0,0,0.9817444219066938,0.09628799202790228,0.10301444942700533,0.9776422764227642,0.9146341463414634,0.8191056910569106,0.9166666666666666,0.8455284552845529,0.9796747967479674,0.5,0.5,0.5,0.5,0.9817444219066938,0.9432048681541582,0.8580121703853956
2026-01-20,80.18,87.0,78.26,86.08,45132367.0,75.518,71.24600000000001,66.9465,,0.1398606954633332,0.2082081801083568,0.2858028425683194,,66.9465,80.19002199140554,53.70297800859446,1.22237204016781,0.39564494010548,0.0722471350274041,0.2437509030486924,0.3494278100015675,0.3420642344870594,0.0467194303987356,0.0411481770920413,0.0365882354728669,84.7267355947233,3.096195559463382,1.088455155481886,2.0077404039814963,436841669.0,81.04184173992205,4.218571428571429,1.4816788544255994,0.9999999999960304,,0.0618029739776953,0.0722471350274041,0.0365882354728669,84.7267355947233,-0.0124554714734069,0.0,0.0,0.0,0.5,,,,,,,,,,,,,,,,,,,,,,,,,,,,,,,,,,,,,,,,,,,,其他,0,0,0.5,1.0,0,0.8545454545454545,0.10234665427509304,0.08492100371747213,0.9979757085020243,0.9534412955465587,0.8502024291497976,0.9676113360323887,0.8076923076923077,0.9959514170040485,0.5,0.5,0.5,0.5,0.8545454545454545,0.9272727272727272,0.7898989898989899
2026-01-21,86.5,88.5,84.25,86.32,41503564.0,79.436,73.395,68.041,,0.0866609597663525,0.1761019142993392,0.2686468452844608,,68.041,83.79000351066527,52.29199648933472,1.080322430797395,0.4629268679367479,0.0027881040892192,0.2935711074479243,0.3314823384235692,0.3397485643333848,0.0301869614384237,0.0419055801526201,0.0366175020917693,89.23171860151425,3.9020633569794967,1.651462274306252,2.2506010826732448,478345233.0,86.2497093641251,4.389285714285714,1.3242913591569885,0.9999999999960676,,0.1353104726598704,0.0027881040892192,0.0366175020917693,89.23171860151425,-0.0804035604868674,0.0,0.0,0.0,0.5,,,,,,,,,,,,,,,,,,,,,,,,,,,,,,,,,,,,,,,,,,,,其他,0,0,0.5,1.0,0,0.9494949494949496,0.06348470806302142,0.07854494902687681,0.9939271255060729,0.9493927125506073,0.854251012145749,0.9878542510121457,0.8340080971659919,0.9878542510121457,0.5,0.5,0.5,0.5,0.9494949494949495,0.8484848484848485,0.7777777777777778
2026-01-22,87.7,93.99,83.7,87.05,45296189.0,82.826,75.718,69.2825,,0.0509984787385604,0.1496605826883963,0.2564500414967705,,69.2825,86.90293893951149,51.66206106048851,1.0041730248858425,0.5086548245079509,0.0084569045412419,0.2417974322396576,0.3639924788467565,0.3990678238508518,0.0363476678019701,0.0396407220943736,0.0347672826220713,89.45937782768824,4.541954206676792,2.2297952605106297,2.312158946166162,523641422.0,90.40849970685304,4.974285714285713,1.4119327611036492,0.9999999999961774,,0.1143021252153935,0.0084569045412419,0.0347672826220713,89.45937782768824,0.0913807064858334,0.0,0.0,0.0,0.5,,,,,,,,,,,,,,,,,,,,,,,,,,,,,,,,,,,,,,,,,,,,其他,0,0,0.5,1.0,0,0.9454545454545454,-0.01194715680643299,0.1036186099942562,0.9898785425101214,0.9615384615384616,0.8421052631578947,0.9777327935222672,0.8582995951417004,0.9817813765182186,0.5,0.5,0.5,0.5,0.9454545454545454,0.5434343434343434,0.8343434343434344
2026-01-23,86.18,92.56,83.77,90.72,41170906.0,86.09,77.94399999999999,70.672,,0.0537809269369264,0.1639125526018681,0.2836767036450078,,70.672,90.43574841923838,50.908251580761615,1.0071912365668498,0.5593091583430614,0.0421596783457782,0.2193548387096773,0.3251533742331289,0.4416017797552836,0.0351545268949318,0.0372810261833143,0.0351618375023781,90.24049216648947,5.266179001434168,2.8372691452417955,2.428909856192372,564812328.0,91.02426059268676,5.480714285714287,1.2425325366184004,0.9999999999966476,,0.0315255731922399,0.0421596783457782,0.0351618375023781,90.24049216648947,-0.0910735117252359,0.0,0.0,0.0,0.5,,,,,,,,,,,,,,,,,,,,,,,,,,,,,,,,,,,,,,,,,,,,其他,0,0,0.5,1.0,0,0.8727272727272727,-0.05632716049382713,0.10945767195767209,0.9838056680161943,0.97165991902834,0.8461538461538461,0.9838056680161943,0.7388663967611336,0.9838056680161943,0.5,0.5,0.5,0.5,0.8727272727272727,0.298989898989899,0.8646464646464647
2026-01-26,90.91,99.65,89.19,98.89,44569712.0,89.81199999999998,80.978,72.499,,0.1010778069745692,0.2211958803625677,0.3640188140526077,,72.499,95.51212476781342,49.48587523218657,1.0733901907315864,0.6348535777812572,0.0900573192239859,0.2318136522172396,0.4425966447848286,0.586046511627907,0.0383425800537016,0.0403509814927379,0.0378675289120876,91.70627376120753,6.3893004638073165,3.547859888859189,2.841440574948128,609382040.0,91.52945123511589,6.03357142857143,1.2925138260940787,0.9999999999973684,,-0.1100212357164526,0.0900573192239859,0.0378675289120876,91.70627376120753,0.0825535877204159,0.0,0.0,0.0,0.5,,,,,,,,,,,,,,,,,,,,,,,,,,,,,,,,,,,,,,,,,,,,其他,0,0,0.5,1.0,0,0.0868686868686868,-0.10739205177469924,-0.0590555162301547,0.979757085020243,0.9817813765182186,0.868421052631579,0.9898785425101214,0.6902834008097166,0.9878542510121457,0.5,0.5,0.5,0.5,0.08686868686868687,0.06262626262626263,0.3616161616161616
2026-01-27,96.0,98.15,89.02,91.4,51013618.0,90.876,83.197,73.8475,,0.005766098859985,0.0985973051912929,0.2376857713531264,,73.8475,98.00221437040376,49.69278562959623,0.863334869763982,0.6541782557397625,-0.0757407220143593,0.0618029739776953,0.3206184077445457,0.4185938227533756,0.060799824193336,0.0538139728785603,0.0438352517122715,77.37481969692307,6.626664861646034,4.163748798538595,2.462916063107439,558368422.0,81.32048796833911,6.511428571428573,1.4482859159136,0.8028947368399925,,0.0381838074398248,-0.0757407220143593,0.0438352517122715,77.37481969692307,0.1445803823008773,0.0,0.0,0.0,0.5,,,,,,,,,,,,,,,,,,,,,,,,,,,,,,,,,,,,,,,,,,,,其他,0,0,0.5,1.0,0,0.901010101010101,0.013019693654267028,0.03391684901531722,0.854251012145749,0.9696356275303644,0.9129554655870445,0.9129554655870445,0.8744939271255061,0.9777327935222672,0.5,0.5,0.5,0.5,0.901010101010101,0.6626262626262627,0.7353535353535353
2026-01-28,93.5,98.6,91.97,98.0,35767569.0,93.212,86.324,75.619,,0.0513667768098526,0.1352578657152126,0.2959705894021345,,75.619,101.43121897514922,49.80678102485077,0.9335349863073378,0.6826913599787114,0.0722100656455142,0.1353104726598704,0.4686048254158548,0.5662458046987373,0.0654762839501774,0.0499462880342774,0.0439086673380717,81.57797486854751,7.238738574038948,4.778848954682135,2.4598896193568125,594135991.0,85.24232845673842,6.912142857142858,0.9964449695177644,0.976578947365851,,-0.0632653061224489,0.0722100656455142,0.0439086673380717,81.57797486854751,-0.2988623351513707,0.0,0.0,0.0,0.5,,,,,,,,,,,,,,,,,,,,,,,,,,,,,,,,,,,,,,,,,,,,其他,0,0,0.5,1.0,0,0.1313131313131313,-0.047448979591836804,-0.05724489795918364,0.9493927125506073,0.979757085020243,0.9149797570850202,0.9453441295546559,0.5809716599190283,0.9817813765182186,0.5,0.5,0.5,0.5,0.13131313131313133,0.21414141414141413,0.31313131313131315
2026-01-29,100.0,104.87,96.0,97.0,41788800.0,95.202,89.014,77.4245,,0.0188861578538266,0.0897162244141371,0.2528334054465964,,77.4245,103.94080161954996,50.90819838045002,0.8691219891970235,0.6849589372747833,-0.010204081632653,0.1143021252153935,0.3837375178316691,0.5930366234192808,0.0673335427021736,0.0522072740165709,0.0430516051689143,78.26862123396246,7.558330894133803,5.334819243699768,2.223511650434036,552347191.0,85.58939386528644,7.058571428571431,1.133311156969239,0.9502238609403468,,-0.1132989690721648,-0.010204081632653,0.0430516051689143,78.26862123396246,0.1683433112269945,0.0,0.0,0.0,0.5,,,,,,,,,,,,,,,,,,,,,,,,,,,,,,,,,,,,,,,,,,,,其他,0,0,0.5,1.0,0,0.0646464646464646,-0.044948453608247396,-0.040824742268041225,0.9453441295546559,0.9838056680161943,0.9129554655870445,0.9433198380566802,0.6336032388663968,0.9757085020242915,0.5,0.5,0.5,0.5,0.06464646464646465,0.2222222222222222,0.32323232323232326
2026-01-30,92.8,95.99,87.6,93.58,39817014.0,95.774,90.932,79.0575,,-0.0229080961430033,0.0291206615932786,0.1836954115675297,,79.0575,105.31557374584258,52.799426254157424,0.7765339937058725,0.664277867268997,-0.0352577319587629,0.0315255731922399,0.257795698924731,0.5361129349967169,0.0708364981373094,0.0554694372176222,0.0448040834888996,73.25775877898977,7.459695136144433,5.7598396181071365,1.699855518037296,512530177.0,78.48703096018329,7.552142857142859,1.0501100528372485,0.8562922868718368,,-0.085167770891216,-0.0352577319587629,0.0448040834888996,73.25775877898977,-0.0471845566276131,0.0,0.0,0.0,0.5,,,,,,,,,,,,,,,,,,,,,,,,,,,,,,,,,,,,,,,,,,,,其他,0,0,0.5,1.0,0,0.0545454545454545,-0.04894208164137637,-0.027356272707843576,0.8724696356275303,0.9858299595141701,0.9109311740890689,0.9149797570850202,0.5708502024291497,0.9777327935222672,0.5,0.5,0.5,0.5,0.05454545454545454,0.2,0.40404040404040403
2026-02-02,88.01,92.01,88.0,88.01,26361542.0,93.598,91.705,80.361,,-0.0597021303874013,-0.0402922414263126,0.0951829867721905,,80.361,105.610144977707,55.11185502229302,0.6514704756673605,0.6283930010247649,-0.0595212652276126,-0.1100212357164526,0.0962879920279022,0.4208911850177592,0.0580644391302429,0.0576180696057631,0.0484307165914088,66.00817438534723,6.868795430489399,5.981649650094262,0.8871457803951373,486168635.0,73.83580891602419,7.675714285714286,0.6877905444212559,0.6900284900265242,,0.0029542097488921,-0.0595212652276126,0.0484307165914088,66.00817438534723,-0.3379327239355517,0.0,0.0,0.0,0.5,,,,,,,,,,,,,,,,,,,,,,,,,,,,,,,,,,,,,,,,,,,,其他,0,0,0.5,1.0,0,0.1737373737373737,0.006135666401545281,0.03920009089876131,0.08502024291497975,0.9878542510121457,0.9210526315789473,0.9190283400809717,0.2813765182186235,0.9554655870445344,0.5,0.5,0.5,0.5,0.17373737373737375,0.2545454545454545,0.5656565656565656
2026-02-03,90.0,95.35,87.88,94.89,28067005.0,94.296,92.586,81.916,,0.0062993128022397,0.0248849718099928,0.1583817569217247,,81.916,106.69438650709,57.13761349290999,0.7618007430833216,0.6049706164133931,0.078172934893762,0.0381838074398248,0.102346654275093,0.4875372315409938,0.0628551563340879,0.058347028412503,0.0501832601346554,72.30671736214782,6.857748795247787,6.156881404780216,0.7008673904675708,514235640.0,78.33606375449496,7.875,0.734153101997975,0.8859424009099346,,-0.0242385920539571,0.078172934893762,0.0501832601346554,72.30671736214782,0.0646951153312656,0.0,0.0,0.0,0.5,,,,,,,,,,,,,,,,,,,,,,,,,,,,,,,,,,,,,,,,,,,,其他,0,0,0.5,1.0,0,0.1434343434343434,-0.015807777426493863,-0.05206028032458632,0.9008097165991903,0.9898785425101214,0.9392712550607287,0.9534412955465587,0.47368421052631576,0.979757085020243,0.5,0.5,0.5,0.5,0.14343434343434344,0.13737373737373737,0.18181818181818182
2026-02-04,97.0,97.2,90.55,91.8,24315138.0,93.056,93.134,83.2645,,-0.0134972489683631,-0.0143234479352331,0.1025106738165724,,83.2645,107.04305334008718,59.48594665991281,0.6794789589983684,0.5711570558895719,-0.0325640214985772,-0.0632653061224489,0.0634847080630214,0.4160111059694586,0.053283151420609,0.0599693081038423,0.0516057148871108,67.26607256374646,6.531756384658976,6.23186048300528,0.2998959016536959,489920502.0,78.12630282312226,7.924999999999999,0.6457058992294892,0.7978329056150616,,0.0168845315904138,-0.0325640214985772,0.0516057148871108,67.26607256374646,-0.1336753600891865,0.0,0.0,0.0,0.5,,,,,,,,,,,,,,,,,,,,,,,,,,,,,,,,,,,,,,,,,,,,其他,0,0,0.5,1.0,0,0.7434343434343434,0.014161220043573008,-0.05697167755991295,0.12955465587044535,0.979757085020243,0.9493927125506073,0.888663967611336,0.3299595141700405,0.9473684210526315,0.5,0.5,0.5,0.5,0.7434343434343434,0.5434343434343434,0.25252525252525254
2026-02-05,87.04,88.98,85.1,86.01,24097102.0,90.858,93.03,84.374,,-0.0533579871888001,-0.0754595291841341,0.0193898594353711,,84.374,106.33363991651868,62.4143600834813,0.5372501554252636,0.5205309672764755,-0.0630718954248364,-0.1132989690721648,-0.0119471568064329,0.3476966468191791,0.057913132224158,0.0640089532484082,0.0542934230102393,59.02378361444686,5.753204541570696,6.136125124855417,-0.3829205832847213,465823400.0,73.33730241836216,7.979285714285715,0.6385734044858735,0.599502487560325,,0.077084059993024,-0.0630718954248364,0.0542934230102393,59.02378361444686,-0.0089670887329531,0.0,0.0,0.0,0.5,,,,,,,,,,,,,,,,,,,,,,,,,,,,,,,,,,,,,,,,,,,,其他,0,0,0.5,1.0,0,0.9111111111111112,0.1169631438204859,0.04638995465643525,0.06275303643724696,0.9777327935222672,0.951417004048583,0.6923076923076923,0.37449392712550605,0.7267206477732794,0.5,0.5,0.5,0.5,0.9111111111111111,0.8484848484848485,0.6808080808080809
2026-02-06,83.0,87.79,83.0,85.61,18671539.0,89.26400000000001,92.519,85.2315,,-0.040934755332497,-0.0746765529242642,0.0044408464006853,,85.2315,105.87452433472902,64.58847566527098,0.5091677458160119,0.4843989448667405,-0.0046506220206953,-0.085167770891216,-0.0563271604938271,0.2505112474437629,0.0578382359724407,0.0623233558218425,0.0528078673229576,54.5284621907164,5.046627191310975,5.918217945189512,-0.8715907538785368,447151861.0,68.72091366905525,7.79,0.512759470933458,0.5870646766150899,,0.0395981777829692,-0.0046506220206953,0.0528078673229576,54.5284621907164,-0.2251541699910636,0.0,0.0,0.0,0.5,,,,,,,,,,,,,,,,,,,,,,,,,,,,,,,,,,,,,,,,,,,,其他,0,0,0.5,1.0,0,0.8484848484848485,0.1756804111669199,0.012965775026281934,0.05263157894736842,0.9676113360323887,0.951417004048583,0.6619433198380567,0.1882591093117409,0.6133603238866396,0.5,0.5,0.5,0.5,0.8484848484848485,0.9111111111111111,0.5656565656565656
2026-02-09,87.58,89.14,85.61,88.27,18936943.0,89.316,91.457,86.2175,,-0.0117112275516145,-0.0348469772680056,0.023806071853162,,86.2175,105.33296508100608,67.10203491899394,0.5536868967416355,0.4434242486962366,0.0310711365494684,0.0029542097488921,-0.1073920517746992,0.2876732312180889,0.055046533888398,0.0547584086001044,0.0528936740521744,51.96553580914105,4.6424586767516445,5.663058978708068,-1.0206003019564234,466088804.0,67.21639975599652,7.417857142857144,0.5302522147476916,0.6697761194009022,,0.0031720856463124,0.0310711365494684,0.0528936740521744,51.96553580914105,0.0142143612264633,0.0,0.0,0.0,0.5,,,,,,,,,,,,,,,,,,,,,,,,,,,,,,,,,,,,,,,,,,,,其他,0,0,0.5,1.0,0,0.548582995951417,0.05415203353347686,-0.034326498244024006,0.17038539553752535,0.9675456389452333,0.949290060851927,0.5253549695740365,0.19878296146044624,0.7099391480730223,0.5,0.5,0.5,0.5,0.548582995951417,0.7935222672064778,0.45546558704453444
2026-02-10,89.85,94.83,89.48,92.59,27486936.0,88.856,91.576,87.38649999999998,,0.0420230485279553,0.0110727701581201,0.0595458108517907,,87.38649999999998,104.91648787041356,69.85651212958642,0.6484171021223991,0.4012058583509696,0.0489407499716778,-0.0242385920539571,0.013019693654267,0.3378124548475656,0.0456577156730171,0.0522524913621159,0.0534486006136981,55.24335172976517,4.609499508084127,5.452342385446224,-0.8428428773620968,493575740.0,66.41898466557117,7.582857142857144,0.7719803915063563,0.80410447760944,,0.0086402419267739,0.0489407499716778,0.0534486006136981,55.24335172976517,0.451498058583162,0.0,0.0,0.0,0.5,,,,,,,,,,,,,,,,,,,,,,,,,,,,,,,,,,,,,,,,,,,,其他,0,0,0.5,1.0,0,0.4746450304259635,0.02062857760017267,-0.0874824495085863,0.1402439024390244,0.9817073170731707,0.9532520325203252,0.6626016260162602,0.6747967479674797,0.8882113821138211,0.5,0.5,0.5,0.5,0.4746450304259635,0.7200811359026369,0.1947261663286004
2026-02-11,91.3,96.58,91.3,93.35,21487337.0,89.16600000000001,91.111,88.7175,,0.0469237153174975,0.0245744202127073,0.0522163045622339,,88.7175,103.4653339176695,73.9696660823305,0.6570569625951664,0.332467301663209,0.0082082298304351,0.0168845315904138,-0.0474489795918368,0.3989210250262249,0.0428475481699171,0.0463536841537813,0.0520903970655833,55.26579739088312,4.590306484473544,5.279932129349937,-0.6896256448763927,515063077.0,64.79740226062961,7.225000000000002,0.6117633305045239,0.8075720736338743,,-0.0026780931976432,0.0082082298304351,0.0520903970655833,55.26579739088312,-0.2182709269596291,0.0,0.0,0.0,0.5,,,,,,,,,,,,,,,,,,,,,,,,,,,,,,,,,,,,,,,,,,,,其他,0,0,0.5,1.0,0,0.3821138211382114,-0.010283877878950132,-0.1332619175147295,0.7433808553971487,0.9898167006109979,0.9490835030549898,0.7433808553971487,0.5010183299389002,0.8676171079429735,0.5,0.5,0.5,0.5,0.3821138211382114,0.5772357723577236,0.13008130081300814
2026-02-12,93.2,94.62,92.3,92.64,15525414.0,90.492,90.675,89.8445,,0.0237369049197719,0.0216708023159637,0.0311148706932533,,89.8445,101.77844534841483,77.91055465158514,0.6171238814291038,0.2656577831342279,-0.0076057846813067,0.077084059993024,-0.0449484536082473,0.321540656205421,0.0242557559162145,0.0463216153629009,0.0518141929103135,51.688357367703766,4.467277101430767,5.117398804012967,-0.6501217025821999,499537663.0,59.062989570167225,6.762857142857145,0.4573806818531573,0.7447937933820139,,0.0370250431778929,-0.0076057846813067,0.0518141929103135,51.688357367703766,-0.2774621629474141,0.0,0.0,0.0,0.5,,,,,,,,,,,,,,,,,,,,,,,,,,,,,,,,,,,,,,,,,,,,其他,0,0,0.5,1.0,0,0.6578947368421053,0.0043177892918826455,-0.12553972366148525,0.9087221095334685,0.9817444219066938,0.947261663286004,0.7505070993914807,0.06288032454361055,0.8255578093306288,0.5,0.5,0.5,0.5,0.6578947368421053,0.5121457489878543,0.2145748987854251
2026-02-13,91.3,91.73,88.61,89.0,19489010.0,91.17,90.217,90.5745,,-0.0238016891521334,-0.0134896970637464,-0.0173834798977636,,90.5745,100.0670244271482,81.0819755728518,0.4170663182314966,0.2096069959456075,-0.0392918825561312,0.0395981777829692,-0.0489420816413763,0.1962365591397847,0.0342351376749103,0.0466441314430788,0.0519941069300599,40.55035352461742,4.0348035815427465,4.900877287280242,-0.8660737057374952,480048653.0,51.39980537871901,6.303571428571431,0.593996665101629,0.4685652874773317,,0.1308988764044945,-0.0392918825561312,0.0519941069300599,40.55035352461742,0.2552972822496069,0.0,0.0,0.0,0.5,,,,,,,,,,,,,,,,,,,,,,,,,,,,,,,,,,,,,,,,,,,,其他,0,0,0.5,1.0,0,0.8744939271255061,0.022696629213483144,-0.14314606741573033,0.845841784989858,0.9432048681541582,0.9411764705882353,0.4117647058823529,0.33468559837728196,0.47058823529411764,0.5,0.5,0.5,0.5,0.8744939271255061,0.6093117408906883,0.3016194331983806
2026-02-24,91.65,92.35,88.08,88.55,16271891.0,91.226,90.271,90.988,,-0.0293337425733891,-0.0190648159431047,-0.0267947421638018,,90.988,99.23057650061112,82.74542349938889,0.3521093495550537,0.1811794192773123,-0.0050561797752809,0.0031720856463124,0.0061356664015452,0.1030144494270053,0.0319548083750427,0.0424347057264407,0.0494803327952168,46.85361006699944,3.614668315187714,4.6436331430946245,-1.0289648279069104,463776762.0,56.49886272150737,5.903571428571429,0.5192303871740453,0.2213855421670074,,0.0508187464709204,-0.0050561797752809,0.0494803327952168,46.85361006699944,-0.1650734952673327,0.0,0.0,0.0,0.5,,,,,,,,,,,,,,,,,,,,,,,,,,,,,,,,,,,,,,,,,,,,其他,0,0,0.5,1.0,0,0.8299595141700404,0.03286278938452858,-0.11902879728966675,0.5456389452332657,0.8559837728194726,0.9350912778904665,0.4077079107505071,0.10344827586206896,0.1744421906693712,0.5,0.5,0.5,0.5,0.8299595141700404,0.7206477732793523,0.34615384615384615
2026-02-25,89.5,94.79,89.15,93.39,26342799.0,91.386,90.121,91.3535,,0.0219289606723132,0.0362734545777343,0.0222925230013082,,91.3535,99.32350501881932,83.38349498118066,0.6277602708610911,0.174487130078445,0.0546583850931676,0.0086402419267739,-0.0158077774264938,0.0849210037174721,0.0341260946585969,0.0381432022008441,0.048386395304256,44.70480128503131,3.624317602322265,4.439768545197934,-0.8154509428756693,490119561.0,55.133913262452,5.835000000000002,0.8665679064049782,0.5858433734895645,,0.0118856408609058,0.0546583850931676,0.048386395304256,44.70480128503131,0.618914421194193,0.0,0.0,0.0,0.5,,,,,,,,,,,,,,,,,,,,,,,,,,,,,,,,,,,,,,,,,,,,其他,0,0,0.5,1.0,0,0.7975708502024291,-0.0368347788842488,-0.13277652853624589,0.4726166328600406,0.7890466531440162,0.9269776876267748,0.27586206896551724,0.5010141987829615,0.6267748478701826,0.5,0.5,0.5,0.5,0.7975708502024291,0.3765182186234818,0.24696356275303644
2026-02-26,92.19,94.49,91.04,93.1,15058188.0,91.33599999999998,90.251,91.6925,,0.0193133047210301,0.0315675172574263,0.0153502194836001,,91.6925,99.33091227646614,84.05408772353385,0.5921330211696793,0.1666093143159541,-0.0031052575222186,-0.0026780931976432,0.014161220043573,0.0785449490268768,0.0340015239342344,0.0365326916413709,0.0484197129248218,45.44605324466079,3.567679042252124,4.265349624954622,-0.6976705827024983,475061373.0,50.92010596544545,5.447857142857144,0.517877582985373,0.5640060240921381,,-0.007626208378088,-0.0031052575222186,0.0484197129248218,45.44605324466079,-0.4283755496141469,0.0,0.0,0.0,0.5,,,,,,,,,,,,,,,,,,,,,,,,,,,,,,,,,,,,,,,,,,,,其他,0,0,0.5,1.0,0,0.7064777327935222,-0.07013963480128893,-0.1662728249194414,0.38336713995943206,0.7768762677484787,0.9310344827586207,0.31237322515212984,0.08519269776876268,0.5699797160243407,0.5,0.5,0.5,0.5,0.7064777327935222,0.18218623481781376,0.1659919028340081
2026-02-27,92.32,97.33,92.19,96.07,21326257.0,92.022,91.257,92.1435,,0.0439894807763359,0.0527411595822786,0.0426128809954038,,92.1435,99.69238705634676,84.59461294365326,0.7600714496465257,0.1638506689313635,0.0319011815252416,0.0370250431778929,0.1169631438204859,0.1036186099942562,0.0363263828005829,0.0293780688927345,0.0487928748950725,52.938399809437946,3.716298185084625,4.15553882341689,-0.4392406383322651,496387630.0,61.30263681687844,5.14357142857143,0.7649787095568027,0.7876506024037069,,-0.0315395024461329,0.0319011815252416,0.0487928748950725,52.938399809437946,0.4162565243573795,0.0,0.0,0.0,0.5,,,,,,,,,,,,,,,,,,,,,,,,,,,,,,,,,,,,,,,,,,,,其他,0,0,0.5,1.0,0,0.4146341463414634,-0.06318309565941493,-0.17653794108462573,0.659877800407332,0.835030549898167,0.9368635437881874,0.40529531568228105,0.46028513238289204,0.7189409368635438,0.5,0.5,0.5,0.5,0.4146341463414634,0.29065040650406504,0.11788617886178862
2026-03-02,98.0,102.91,94.03,100.65,33990713.0,94.352,92.761,92.64,,0.0667500423944378,0.0850465173941636,0.0864637305699482,,92.64,101.05159600601615,84.22840399398385,0.976128429977704,0.1815974958118971,0.0476735713542211,0.1308988764044945,0.1756804111669199,0.109457671957672,0.0279927967758705,0.0308054988883401,0.0490225886602036,65.27307877981193,4.1510765983775,4.154646375069967,-0.0035697766924664,530378343.0,70.89434649698606,5.379285714285716,1.235162375849276,0.9999999999933512,,-0.0956780923994039,0.0476735713542211,0.0490225886602036,65.27307877981193,0.5938433546965134,0.0,0.0,0.0,0.5,,,,,,,,,,,,,,,,,,,,,,,,,,,,,,,,,,,,,,,,,,,,其他,0,0,0.5,1.0,0,0.0567951318458417,-0.1384003974167909,-0.18231495280675614,0.8760162601626016,0.8658536585365854,0.926829268292683,0.6666666666666666,0.5772357723577236,0.8597560975609756,0.5,0.5,0.5,0.5,0.056795131845841784,0.06490872210953347,0.10141987829614604
2026-03-03,99.65,100.63,92.41,93.05,28463883.0,95.252,93.239,92.348,,-0.0231176248267752,-0.0020270487671468,0.0076016805994716,,92.348,100.23518240665165,84.46081759334835,0.5445025843039663,0.1708143632053343,-0.0755091902632887,0.0508187464709204,0.0541520335334768,-0.0590555162301547,0.0533164762250752,0.0417788877776577,0.0481125633246939,47.81472683926506,3.84500138053761,4.092717190799826,-0.2477158102622159,501914460.0,61.57251146776342,5.434285714285717,1.0655069388523517,0.4946808510605403,,-0.0170875873186459,-0.0755091902632887,0.0481125633246939,47.81472683926506,-0.1625982367595525,0.0,0.0,0.0,0.5,,,,,,,,,,,,,,,,,,,,,,,,,,,,,,,,,,,,,,,,,,,,其他,0,0,0.5,1.0,0,0.1821862348178137,-0.08393336915636762,-0.13261687264911337,0.8316430020283976,0.36105476673427994,0.9188640973630832,0.49898580121703856,0.3793103448275862,0.6734279918864098,0.5,0.5,0.5,0.5,0.18218623481781376,0.1437246963562753,0.18421052631578946
2026-03-04,90.33,97.17,90.03,94.5,23084062.0,95.474,93.43,92.503,,-0.0102017303140122,0.0114524242748581,0.0215884890219775,,92.503,100.43346384785347,84.57253615214654,0.6259068850353513,0.171463927609805,0.0155830198817841,0.0118856408609058,0.0206285776001726,0.0339168490153172,0.0479317989836986,0.0392306018294829,0.0449704806090636,53.33662876730917,3.675775211426867,4.009328595249217,-0.3335533838223501,524998522.0,53.88035047327076,5.469285714285716,0.911784382958429,0.5910904255279845,,-0.0481481481481481,0.0155830198817841,0.0449704806090636,53.33662876730917,-0.1890051684093839,0.0,0.0,0.0,0.5,,,,,,,,,,,,,,,,,,,,,,,,,,,,,,,,,,,,,,,,,,,,其他,0,0,0.5,1.0,0,0.0707070707070707,-0.10592592592592598,-0.13714285714285712,0.7975708502024291,0.7368421052631579,0.8967611336032388,0.7004048582995951,0.4777327935222672,0.757085020242915,0.5,0.5,0.5,0.5,0.0707070707070707,0.0707070707070707,0.10909090909090909
2026-03-05,95.49,95.92,90.84,92.39,20758425.0,95.332,93.334,92.2225,,-0.0308605714765241,-0.0101142134699037,0.0018162595895796,,92.2225,99.71931160297709,84.7256883970229,0.5111714158511313,0.1625809667482222,-0.0223280423280423,-0.007626208378088,-0.0102838778789501,-0.0572448979591836,0.0493255225122671,0.0399401809232113,0.0421519855611867,58.67319194991455,3.334602758685022,3.874383169432299,-0.5397804107472766,504240097.0,54.17811028780537,5.3535714285714295,0.8449719169820162,0.4507978723374281,,-0.0629938305011366,-0.0223280423280423,0.0421519855611867,58.67319194991455,-0.1007464370871989,0.0,0.0,0.0,0.5,,,,,,,,,,,,,,,,,,,,,,,,,,,,,,,,,,,,,,,,,,,,其他,0,0,0.5,1.0,0,0.0545454545454545,-0.12425587184760256,-0.12165818811559692,0.7064777327935222,0.3117408906882591,0.8785425101214575,0.7348178137651822,0.5688259109311741,0.6356275303643725,0.5,0.5,0.5,0.5,0.05454545454545454,0.09090909090909091,0.22424242424242424
2026-03-06,90.9,95.9,90.06,93.04,16625187.0,94.726,93.374,92.0245,78.41383333333333,-0.0177987036294154,-0.0035770128729624,0.0110351047818788,0.186525336728426,92.0245,99.19197177036318,84.85702822963682,0.5708408789373901,0.155773120644076,0.0070353934408486,-0.0315395024461329,0.0043177892918826,-0.0408247422680412,0.0464045467251217,0.0399112826582657,0.0421537615100275,60.0324061549002,3.080656542496669,3.715637600768297,-0.6349810582716278,520865284.0,54.272622158601614,5.428571428571431,0.7132573650207529,0.494015957443524,0.808601609655914,-0.0326741186586415,0.0070353934408486,0.0421537615100275,60.0324061549002,-0.1991113487656216,0.0,0.0,0.0,0.5,,,,,,,,,,,,,,,,,,,,,,,,,,,,,,,,,,,,,,,,,,,,其他,0,0,0.5,1.0,0,0.2666666666666666,-0.1292992261392949,-0.1459587274290629,0.4149797570850202,0.32186234817813764,0.8724696356275303,0.7226720647773279,0.354251012145749,0.5668016194331984,0.5,0.5,0.5,0.5,0.26666666666666666,0.15555555555555556,0.26666666666666666
2026-03-09,92.8,94.3,88.44,91.02,15725331.0,92.8,93.576,91.8965,78.79766666666667,-0.0191810344827586,-0.0273146960759168,-0.0095379040551053,0.1551103459070275,91.8965,99.03839794913053,84.75460205086945,0.438636759704011,0.1554335137708784,-0.0217110920034394,-0.0956780923994039,0.0226966292134831,-0.0273562727078435,0.0356538796418458,0.0382857024553693,0.0416845449439819,53.77851057776065,2.6867944367871104,3.5098687157001405,-0.8230742789130301,505139953.0,48.82589906849486,5.595000000000001,0.7114171075750094,0.3597074468061186,0.7577967806821985,-0.0472423643155349,-0.0217110920034394,0.0416845449439819,53.77851057776065,-0.0541260678752064,0.0,0.0,0.0,0.5,,,,,,,,,,,,,,,,,,,,,,,,,,,,,,,,,,,,,,,,,,,,其他,0,0,0.5,1.0,0,0.1595959595959596,-0.16216216216216206,-0.1204130960228521,0.05465587044534413,0.402834008097166,0.8724696356275303,0.6781376518218624,0.16194331983805668,0.4979757085020243,0.5,0.5,0.5,0.5,0.1595959595959596,0.15555555555555556,0.2828282828282828
2026-03-10,92.0,92.5,90.0,91.46,13265250.0,92.482,93.867,92.069,79.16383333333334,-0.0110507990744145,-0.0256426646212193,-0.0066146042641931,0.1553255590200069,92.069,98.9785262995531,85.15947370044688,0.4559304087108709,0.1500945225764503,0.0048341023950779,-0.0170875873186459,0.0328627893845285,0.0392000908987613,0.0175398519253059,0.038184541421869,0.0393097151016245,48.26207320616526,2.382413430331738,3.284377437465257,-0.9019640071335197,518405203.0,46.305063741444926,5.305000000000001,0.6184432814863227,0.38896276595486,0.7688631790725126,-0.0680078722938989,0.0048341023950779,0.0393097151016245,48.26207320616526,-0.1564406498025383,0.0,0.0,0.0,0.5,,,,,,,,,,,,,,,,,,,,,,,,,,,,,,,,,,,,,,,,,,,,其他,0,0,0.5,1.0,0,0.180161943319838,-0.1470588235294117,-0.08418980975289736,0.17849898580121704,0.565922920892495,0.8640973630831643,0.4827586206896552,0.20689655172413793,0.4685598377281947,0.5,0.5,0.5,0.5,0.18016194331983806,0.12955465587044535,0.340080971659919
2026-03-11,92.07,93.46,89.8,89.95,15545856.0,91.572,93.523,91.822,79.56483333333334,-0.0177128379854103,-0.0382045058434822,-0.0203872710243732,0.130524582677858,91.822,98.6597330807963,84.9842669192037,0.3631125273598494,0.1489345272546633,-0.0165099497047889,-0.0481481481481481,-0.0368347788842488,-0.0520602803245863,0.0145035881319239,0.0340859184518804,0.0352261244367777,44.88875525968599,1.997202593900468,3.026942266758955,-1.0297396728584869,502859347.0,39.70321890895626,5.189285714285715,0.7465583711272805,0.2885638297853155,0.7308853118693891,-0.0607003891050584,-0.0165099497047889,0.0352261244367777,44.88875525968599,0.1719233335217955,0.0,0.0,0.0,0.5,,,,,,,,,,,,,,,,,,,,,,,,,,,,,,,,,,,,,,,,,,,,其他,0,0,0.5,1.0,0,0.1878787878787878,-0.09961089494163433,-0.09727626459143968,0.06882591093117409,0.18016194331983806,0.8117408906882592,0.39271255060728744,0.3684210526315789,0.32793522267206476,0.5,0.5,0.5,0.5,0.18787878787878787,0.24646464646464647,0.3616161616161616
2026-03-12,88.88,88.9,85.51,86.57,16635670.0,90.408,92.87,91.5605,79.86183333333334,-0.0424519953986372,-0.0678367610638528,-0.0545049448179072,0.0839971534170471,91.5605,98.79054979236004,84.33045020763994,0.1548778954960367,0.1579294519438437,-0.0375764313507505,-0.0629938305011366,-0.0701396348012889,-0.0569716775599129,0.0187846093968011,0.0357749337657247,0.0354714361925546,41.55301975902661,1.4048320472452502,2.7025200192130687,-1.2976879719678185,486223677.0,39.7025688836296,5.340714285714284,0.8139024836292018,0.0638297872336177,0.6458752515074296,-0.065380616841862,-0.0375764313507505,0.0354714361925546,41.55301975902661,0.070103183768073,0.0,0.0,0.0,0.5,,,,,,,,,,,,,,,,,,,,,,,,,,,,,,,,,,,,,,,,,,,,其他,0,0,0.5,1.0,0,0.2707070707070707,-0.1033845442994108,-0.061799699665010865,0.05263157894736842,0.25303643724696356,0.8259109311740891,0.3117408906882591,0.45951417004048584,0.1437246963562753,0.5,0.5,0.5,0.5,0.27070707070707073,0.2727272727272727,0.5575757575757576
2026-03-13,85.97,91.68,85.02,90.0,18489558.0,89.8,92.263,91.76,80.23183333333333,0.0022271714922048,-0.0245277088323597,-0.0191804707933739,0.1217492641117097,91.76,98.55211307326412,84.96788692673586,0.3704379637785374,0.1480408254851075,0.0396211158599977,-0.0326741186586415,-0.0631830956594149,0.0463899546564352,0.029802148114746,0.0367690112310789,0.0335985118313869,51.39977603381971,1.1966477266881128,2.401345409467784,-1.2046976827796714,504713235.0,46.13512356956035,5.528571428571429,0.9171857027153132,0.2918882978703996,0.7321428571410156,-0.0998888888888888,0.0396211158599977,0.0335985118313869,51.39977603381971,0.1114405371109188,0.0,0.0,0.0,0.5,,,,,,,,,,,,,,,,,,,,,,,,,,,,,,,,,,,,,,,,,,,,其他,0,0,0.5,1.0,0,0.1497975708502024,-0.121,-0.11111111111111116,0.2657200811359026,0.6835699797160243,0.7991886409736308,0.5192697768762677,0.5091277890466531,0.4239350912778905,0.5,0.5,0.5,0.5,0.14979757085020243,0.08906882591093117,0.17408906882591094
2026-03-16,88.55,88.78,86.25,86.72,11733880.0,88.94,90.87,91.8155,80.6125,-0.024960647627614,-0.045669637944316,-0.0554971655112699,0.0757636842921383,91.8155,98.41132475589912,85.21967524410087,0.113732915246566,0.1436756267926863,-0.0364444444444445,-0.0472423643155349,-0.1384003974167909,0.0129657750262819,0.0323317692623547,0.0325316696507792,0.0347040057846173,47.626459142239256,0.7597645388712806,2.073029103452493,-1.3132645645812122,492979355.0,46.91410069294229,5.491428571428573,0.592257384548188,0.0106534090908338,0.6496478873223096,-0.1206180811808117,-0.0364444444444445,0.0347040057846173,47.626459142239256,-0.3653780149855394,0.0,0.0,0.0,0.5,,,,,,,,,,,,,,,,,,,,,,,,,,,,,,,,,,,,,,,,,,,,其他,0,0,0.5,1.0,0,0.3238866396761133,-0.050968634686346936,-0.06296125461254609,0.15821501014198783,0.5679513184584178,0.8052738336713996,0.5436105476673428,0.14198782961460446,0.16227180527383367,0.5,0.5,0.5,0.5,0.32388663967611336,0.4979757085020243,0.4008097165991903
2026-03-17,86.41,87.17,85.04,85.24,8384425.0,87.696,90.089,91.664,80.90516666666667,-0.0280058383506659,-0.0538245512770705,-0.0700820387502182,0.0535791904513718,91.664,98.72547263603558,84.60252736396443,0.045137372109746,0.1540729759999099,-0.0170664206642067,-0.0680078722938989,-0.0839333691563676,-0.034326498244024,0.0314233545361926,0.0245953533431139,0.0341901641849526,38.42000568190429,0.2914060592981826,1.7167043801032802,-1.4252983208050976,484594930.0,40.13710039151466,5.197857142857144,0.4347752565432899,0.0,0.6124245472821617,-0.0848193336461754,-0.0170664206642067,0.0341901641849526,38.42000568190429,-0.2854516153224679,0.0,0.0,0.0,0.5,,,,,,,,,,,,,,,,,,,,,,,,,,,,,,,,,,,,,,,,,,,,其他,0,0,0.5,1.0,0,0.242914979757085,-0.05314406381980297,-0.05678085405912703,0.18052738336713997,0.4543610547667343,0.7890466531440162,0.4198782961460446,0.034482758620689655,0.13793103448275862,0.5,0.5,0.5,0.5,0.242914979757085,0.4757085020242915,0.43724696356275305
2026-03-18,85.25,85.59,83.02,84.49,8843352.0,86.604,89.088,91.259,81.15833333333333,-0.0244099579696088,-0.0516118893678161,-0.0741735061747335,0.0410514426532497,91.259,98.99387223042876,83.52412776957124,0.0624362110742308,0.1695147268854641,-0.0087986860628812,-0.0607003891050584,-0.1059259259259259,-0.0874824495085863,0.031433768887414,0.0231112417291658,0.0321090100478626,37.924263673125004,-0.1383726009816541,1.345688888494468,-1.4840614894761222,475751578.0,35.280381511924475,5.135000000000001,0.4818655014620382,0.0,0.5935613682077624,-0.0414250207125103,-0.0087986860628812,0.0321090100478626,37.924263673125004,0.0547356556949343,0.0,0.0,0.0,0.5,,,,,,,,,,,,,,,,,,,,,,,,,,,,,,,,,,,,,,,,,,,,其他,0,0,0.5,1.0,0,0.5506072874493927,-0.03491537460054428,-0.015623150668718111,0.18661257606490872,0.19675456389452334,0.7322515212981744,0.3752535496957404,0.08316430020283976,0.11359026369168357,0.5,0.5,0.5,0.5,0.5506072874493927,0.5991902834008097,0.659919028340081
2026-03-19,83.0,83.3,80.4,80.91,13385826.0,85.47200000000001,87.94,90.637,81.25716666666666,-0.0533742044178211,-0.0799408687741641,-0.1073182033827245,-0.0042724436613795,90.637,99.57156940911652,81.70243059088347,-0.0443463223907839,0.1971505987423828,-0.0423718783287963,-0.065380616841862,-0.1242558718476025,-0.1332619175147295,0.0324635069520031,0.0250046474654185,0.0330682680237062,29.095421951441462,-0.7577676096800587,0.9249975023283636,-1.6827651120084224,462365752.0,27.717656563153923,5.0600000000000005,0.7458427813575449,0.0,0.5035211267592968,-0.0406624644666913,-0.0423718783287963,0.0330682680237062,29.095421951441462,0.5136597525463196,0.0,0.0,0.0,0.5,,,,,,,,,,,,,,,,,,,,,,,,,,,,,,,,,,,,,,,,,,,,其他,0,0,0.5,1.0,0,0.4170040485829959,0.0029662588060810346,0.019033494005685325,0.26774847870182555,0.12778904665314403,0.7302231237322515,0.29817444219066935,0.3184584178498986,0.10141987829614604,0.5,0.5,0.5,0.5,0.41700404858299595,0.7672064777327935,0.7186234817813765
2026-03-20,80.5,82.27,79.42,81.01,10702736.0,83.674,86.737,90.05550000000001,81.48266666666667,-0.0318378468819465,-0.0660271856301231,-0.1004436153261044,-0.0058008247152768,90.05550000000001,99.90788731422384,80.20311268577618,0.0409488222745179,0.2188070093267572,0.0012359411692004,-0.0998888888888888,-0.1292992261392949,-0.1255397236614852,0.018395562875704,0.024554127717209,0.0331132337644661,19.10006293182068,-1.22643600437911,0.4947107301829844,-1.7211467345620943,473068488.0,14.30453108296875,4.629285714285714,0.6044655211051818,0.0050658561296606,0.5060362173025502,-0.0234538945809159,0.0012359411692004,0.0331132337644661,19.10006293182068,-0.2004426174372803,0.0,0.0,0.0,0.5,,,,,,,,,,,,,,,,,,,,,,,,,,,,,,,,,,,,,,,,,,,,其他,0,0,0.5,1.0,0,0.2222222222222222,-0.019133440316010497,0.02752746574496956,0.14777327935222673,0.2125506072874494,0.7348178137651822,0.09919028340080972,0.11538461538461539,0.18016194331983806,0.5,0.5,0.5,0.5,0.2222222222222222,0.7090909090909091,0.6303030303030303
2026-03-23,79.0,80.17,76.0,76.26,12826821.0,81.582,85.261,89.41850000000001,81.67616666666666,-0.0652349783040375,-0.1055699557828314,-0.1471563490776517,-0.066312694237609,89.41850000000001,101.04575160990356,77.79124839009646,-0.0658473920348304,0.2600636693724575,-0.0586347364522897,-0.1206180811808117,-0.162162162162162,-0.1431460674157303,0.0247322950459402,0.0284040314074723,0.0343896833134328,20.981679916025826,-1.957047453086816,0.0043590289789477,-1.961406482065763,460241667.0,15.654006586585195,4.398571428571429,0.7383190548117883,0.0,0.3865694164980217,0.0792027275111459,-0.0586347364522897,0.0343896833134328,20.981679916025826,0.1984618699368086,0.0,0.0,0.0,0.5,,,,,,,,,,,,,,,,,,,,,,,,,,,,,,,,,,,,,,,,,,,,其他,0,0,0.5,1.0,0,0.692929292929293,0.04982953055337003,0.11972200367164954,0.32186234817813764,0.29959514170040485,0.728744939271255,0.1882591093117409,0.0951417004048583,0.15587044534412955,0.5,0.5,0.5,0.5,0.692929292929293,0.6808080808080809,0.7595959595959596
2026-03-24,77.5,78.36,76.04,78.01,10954760.0,80.136,83.91600000000001,88.8915,81.90966666666667,-0.0265298991714084,-0.0703799037132371,-0.122413279109926,-0.0476093582768007,88.8915,101.5905397896436,76.19246021035637,0.0715620952348981,0.2857200022415942,0.0229478101232625,-0.0848193336461754,-0.1470588235294117,-0.1190287972896667,0.0330633666573741,0.0304659915719336,0.0350424056426954,21.79267875366033,-2.368027850084971,-0.4701183968021409,-1.89790945328283,471196427.0,16.874258110766178,4.054285714285713,0.6403615255831393,0.0717507175068808,0.4305835010049533,0.0346109473144466,0.0229478101232625,0.0350424056426954,21.79267875366033,-0.1459489455727183,0.0,0.0,0.0,0.5,,,,,,,,,,,,,,,,,,,,,,,,,,,,,,,,,,,,,,,,,,,,其他,0,0,0.5,1.0,0,0.7373737373737373,0.07370849891039599,0.0697346494039226,0.2408906882591093,0.3441295546558704,0.7408906882591093,0.08502024291497975,0.145748987854251,0.11538461538461539,0.5,0.5,0.5,0.5,0.7373737373737373,0.8262626262626263,0.7090909090909091
2026-03-25,78.93,81.2,78.93,80.99,12618118.0,79.436,83.02000000000001,88.2715,82.1905,0.0195629185759602,-0.0244519392917371,-0.0824898183445393,-0.0146063109483456,88.2715,101.25343769495886,75.28956230504114,0.2195526518799457,0.2941365603834567,0.0382002307396487,-0.0414250207125103,-0.0996108949416343,-0.1327765285362458,0.041600643049227,0.034835518182169,0.0337179125049818,31.06312292214325,-2.426087136993999,-0.8613121777985233,-1.5647749591954758,483814545.0,24.179171582473813,3.9192857142857136,0.7684174771528717,0.1939319393185976,0.5055331991938994,0.0067909618471417,0.0382002307396487,0.0337179125049818,31.06312292214325,0.1518388353555897,0.0,0.0,0.0,0.5,,,,,,,,,,,,,,,,,,,,,,,,,,,,,,,,,,,,,,,,,,,,其他,0,0,0.5,1.0,0,0.5890688259109311,0.002592912705272399,0.019755525373503113,0.5517241379310345,0.24543610547667344,0.6997971602434077,0.17038539553752535,0.40365111561866124,0.17647058823529413,0.5,0.5,0.5,0.5,0.5890688259109311,0.6255060728744939,0.6518218623481782
2026-03-26,80.19,80.19,77.08,77.62,9648319.0,78.77799999999999,82.125,87.49749999999999,82.41033333333333,-0.014699535403285,-0.0548554033485539,-0.1128889396839908,-0.0581278237761444,87.49749999999999,101.09842392372484,73.89657607627512,0.136881286322623,0.3108871436031731,-0.0416100753179403,-0.0406624644666913,-0.1033845442994108,-0.1662728249194414,0.0414431217745835,0.0352130463459173,0.0345985814536327,26.50822668991128,-2.7119035875832367,-1.2314304847013904,-1.4804731028818463,474166226.0,25.436011248161563,3.78142857142857,0.5974035432988655,0.0557605576053474,0.4207746478862657,0.045477969595465,-0.0416100753179403,0.0345985814536327,26.50822668991128,-0.2353599007395556,0.0,0.0,0.0,0.5,,,,,,,,,,,,,,,,,,,,,,,,,,,,,,,,,,,,,,,,,,,,其他,0,0,0.5,1.0,0,0.8808080808080808,0.04637979902087075,0.07034269518165415,0.41700404858299595,0.16396761133603238,0.7145748987854251,0.1882591093117409,0.26720647773279355,0.09109311740890688,0.5,0.5,0.5,0.5,0.8808080808080808,0.7656565656565657,0.7818181818181819
2026-03-27,76.08,79.69,76.0,79.11,9126081.0,78.398,81.036,86.6495,82.69183333333332,0.0090818643332739,-0.0237672145713017,-0.0870114657326355,-0.0433154422746299,86.6495,100.1141491931554,73.18485080684461,0.2200261257510286,0.310784232872431,0.0191960834836382,-0.0234538945809159,-0.121,-0.1765379410846257,0.0431409679247396,0.0324827009752987,0.0339283459138426,31.557757818390183,-2.786389376714581,-1.5424222798726726,-1.2439670968419083,483292307.0,26.701087400063315,3.62642857142857,0.5872483057906445,0.1168511685112057,0.4582494969807387,0.0044242194412842,0.0191960834836382,0.0339283459138426,31.557757818390183,-0.0541273562783319,0.0,0.0,0.0,0.5,,,,,,,,,,,,,,,,,,,,,,,,,,,,,,,,,,,,,,,,,,,,其他,0,0,0.5,1.0,0,0.854251012145749,0.011250158007837241,0.06509922892175468,0.2210953346855984,0.11561866125760649,0.6957403651115619,0.2210953346855984,0.281947261663286,0.11359026369168357,0.5,0.5,0.5,0.5,0.854251012145749,0.6376518218623481,0.7935222672064778
2026-03-30,78.16,83.5,78.16,82.3,15659527.0,79.60600000000001,80.59400000000001,85.732,83.01466666666667,0.0338416702258621,0.0211678288706353,-0.0400317267764662,-0.008608920512038,85.732,97.5839615964706,73.88003840352941,0.3552138406752202,0.2764886296005404,0.0403236000505624,0.0792027275111459,-0.0509686346863469,-0.1823149528067561,0.0333980461724328,0.0351163204067689,0.0333151628614924,36.92922374281677,-2.5591863479527177,-1.7457751022604917,-0.8134112456922262,498951834.0,27.013612511525267,3.829285714285713,1.0708208449040553,0.3311403508753772,0.5384808853105167,-0.0272174969623328,0.0403236000505624,0.0333151628614924,36.92922374281677,0.7159092714605535,0.0,0.0,0.0,0.5,,,,,,,,,,,,,,,,,,,,,,,,,,,,,,,,,,,,,,,,,,,,其他,0,0,0.5,1.0,0,0.5323886639676113,-0.012636695018225952,0.00024301336573495647,0.691683569979716,0.0973630831643002,0.6815415821501014,0.4198782961460446,0.7525354969574036,0.3813387423935091,0.5,0.5,0.5,0.5,0.5323886639676113,0.4008097165991903,0.5931174089068826
2026-03-31,81.5,82.38,80.41,80.71,8016385.0,80.14599999999999,80.14099999999999,85.115,83.32066666666667,0.0070371571881318,0.0070999862741918,-0.0517535099571168,-0.0313327625799122,85.115,96.64328375413236,73.58671624586763,0.3089481446684592,0.2708872408886522,-0.0193195625759416,0.0346109473144466,-0.0531440638198029,-0.1326168726491133,0.0363582141667411,0.0352118813932108,0.0296178368145123,36.845102504225984,-2.478530961177285,-1.8923262791011453,-0.5862046820761391,490935449.0,28.512602406389107,3.708571428571428,0.5893760027241745,0.2439692982442759,0.4984909456727902,0.0377896171478133,-0.0193195625759416,0.0296178368145123,36.845102504225984,-0.4880825583046027,0.0,0.0,0.0,0.5,,,,,,,,,,,,,,,,,,,,,,,,,,,,,,,,,,,,,,,,,,,,其他,0,0,0.5,1.0,0,0.7890466531440162,-0.0038409119068267827,0.038780820220542855,0.7378048780487805,0.18089430894308944,0.6097560975609756,0.4878048780487805,0.13821138211382114,0.37601626016260165,0.5,0.5,0.5,0.5,0.7890466531440162,0.42190669371196754,0.6511156186612576
2026-04-01,82.0,82.69,81.2,81.54,7451874.0,80.256,79.846,84.467,83.60583333333332,0.0159988038277512,0.021215840492949,-0.0346525862171024,-0.0247092009130142,84.467,95.20390752302065,73.73009247697937,0.3636944579358311,0.2542272727339179,0.0102837318795689,0.0067909618471417,-0.0349153746005442,-0.1371428571428571,0.0323617542946735,0.0354920608828304,0.0294314011235727,42.278170093362334,-2.3210267056330167,-1.9780663667745453,-0.3429603388584714,498387323.0,35.06409212614517,3.5328571428571425,0.5812753602190656,0.3146603098908543,0.5193661971817924,-0.0041697326465538,0.0102837318795689,0.0294314011235727,42.278170093362334,-0.0704196467609776,0.0,0.0,0.0,0.5,,,,,,,,,,,,,,,,,,,,,,,,,,,,,,,,,,,,,,,,,,,,其他,0,0,0.5,1.0,0,0.631578947368421,0.01999018886436099,0.003679175864606199,0.5882352941176471,0.1075050709939148,0.6004056795131846,0.6267748478701826,0.20892494929006086,0.4198782961460446,0.5,0.5,0.5,0.5,0.631578947368421,0.6356275303643725,0.5506072874493927
2026-04-02,81.41,82.27,80.2,81.15,6166930.0,80.96199999999999,79.87,83.905,83.91550000000001,0.002322077023789,0.0160260423187679,-0.03283475359037,-0.0329557709839064,83.905,94.0564562087366,73.75354379126341,0.3643051822621563,0.2419750005059172,-0.0047829286239882,0.045477969595465,0.002966258806081,-0.1216581881155969,0.0227960769271132,0.032739766060238,0.0292090671220483,35.01523873860408,-2.202214824584985,-2.022896059326724,-0.1793187652582615,492220393.0,24.537188347231805,3.2049999999999983,0.5100727779637257,0.291418355183007,0.5095573440631048,0.0008626001232285,-0.0047829286239882,0.0292090671220483,35.01523873860408,-0.172432330444664,0.0,0.0,0.0,0.5,,,,,,,,,,,,,,,,,,,,,,,,,,,,,,,,,,,,,,,,,,,,其他,0,0,0.5,1.0,0,0.4268292682926829,0.01601971657424528,0.028958718422674057,0.879837067209776,0.219959266802444,0.5865580448065173,0.3645621181262729,0.12627291242362526,0.5906313645621182,0.5,0.5,0.5,0.5,0.4268292682926829,0.5182926829268293,0.5386178861788617
2026-04-03,81.3,81.55,79.23,79.46,5754065.0,81.03200000000001,79.715,83.226,84.225,-0.0193997433112846,-0.0031988960672396,-0.0452502823636844,-0.0565746512318195,83.226,92.59095460409948,73.86104539590053,0.298931219678238,0.2250487733181509,-0.0208256315465189,0.0044242194412842,-0.0191334403160104,-0.1459587274290629,0.0252741271495052,0.0334417097809431,0.0292161540398904,37.007874013893655,-2.21857596509588,-2.062032041172028,-0.1565439239238522,486466328.0,25.76572763438591,3.1028571428571405,0.4983281772163155,0.210526315788088,0.4666498867342896,0.0067958721369243,-0.0208256315465189,0.0292161540398904,37.007874013893655,-0.0669482222110515,0.0,0.0,0.0,0.5,,,,,,,,,,,,,,,,,,,,,,,,,,,,,,,,,,,,,,,,,,,,其他,0,0,0.5,1.0,0,0.1991869918699187,0.04757110495846972,0.0848225522275361,0.8533604887983707,0.26272912423625255,0.5987780040733197,0.5926680244399185,0.14052953156822812,0.6680244399185336,0.5,0.5,0.5,0.5,0.1991869918699187,0.4898373983739837,0.6321138211382114
2026-04-07,79.5,80.7,79.5,80.06,5312349.0,80.584,80.095,82.67800000000001,84.544,-0.0065025315199046,-0.0004369810849615,-0.0316650136674812,-0.0530374716124147,82.67800000000001,91.38198964782674,73.97401035217328,0.3496091961294641,0.2105515287698348,0.0075509690410271,-0.0272174969623328,0.04982953055337,-0.1204130960228521,0.0145412379737933,0.0267380572410149,0.0291971099692961,40.42867701195124,-2.1583278360065066,-2.0812912004111475,-0.0770366355953591,491778677.0,30.3428859530012,3.0392857142857133,0.4817981200605389,0.2499999999983552,0.4680960991979641,0.0149887584311767,0.0075509690410271,0.0291971099692961,40.42867701195124,-0.0767659037567354,0.0,0.0,0.0,0.5,,,,,,,,,,,,,,,,,,,,,,,,,,,,,,,,,,,,,,,,,,,,其他,0,0,0.5,1.0,0,0.3630831643002028,0.06657506869847607,0.06520109917561823,0.532520325203252,0.2804878048780488,0.573170731707317,0.5813008130081301,0.1524390243902439,0.6300813008130082,0.5,0.5,0.5,0.5,0.3630831643002028,0.6977687626774848,0.592292089249493
2026-04-08,81.56,83.8,81.3,83.76,11719790.0,81.194,80.66999999999999,82.293,84.90766666666667,0.0316033204423973,0.03830420230569,0.0178265466078524,-0.0135166435696815,82.293,89.98359603466612,74.60240396533389,0.5953762226833795,0.1869076600599508,0.0462153384961279,0.0377896171478133,0.0737084989103959,-0.0841898097528973,0.0247974981467242,0.0293401796063883,0.0313883573481719,48.78373875147295,-1.7918643310936346,-2.023405825893087,0.2315414947994525,503498467.0,38.4275532529157,3.122857142857141,1.0704161886507528,0.5458515283803069,0.5417797069979876,-0.0401146131805157,0.0462153384961279,0.0313883573481719,48.78373875147295,1.2061408239556548,0.0,0.0,0.0,0.5,,,,,,,,,,,,,,,,,,,,,,,,,,,,,,,,,,,,,,,,,,,,其他,0,0,0.5,1.0,0,0.1643002028397566,-0.003701050620821378,0.03462273161413543,0.7886178861788617,0.3353658536585366,0.6117886178861789,0.7520325203252033,0.6138211382113821,0.7764227642276422,0.5,0.5,0.5,0.5,0.1643002028397566,0.46247464503042596,0.5598377281947262
2026-04-09,82.1,82.34,81.06,81.2,8479357.0,81.126,80.691,81.85549999999999,85.19783333333334,0.0009121613292901,0.0063080145245442,-0.0080080141224473,-0.0469241197448291,81.85549999999999,88.6560711060485,75.05492889395148,0.4518055182555064,0.1661603949897123,-0.0305635148042024,-0.0041697326465538,0.0025929127052723,-0.0972762645914396,0.0299266974251158,0.0294095303008654,0.031839146184063,50.50017247082787,-1.6882270774756876,-1.9563700756031848,0.2681429981274972,495019110.0,39.85420876495088,3.0235714285714272,0.8002797491836893,0.359534206693162,0.4718979093117787,0.0242610837438423,-0.0305635148042024,0.031839146184063,50.50017247082787,-0.2764924115534494,0.0,0.0,0.0,0.5,,,,,,,,,,,,,,,,,,,,,,,,,,,,,,,,,,,,,,,,,,,,其他,0,0,0.5,1.0,0,0.6186612576064908,0.017118226600985276,0.048275862068965614,0.6300813008130082,0.35772357723577236,0.6280487804878049,0.7378048780487805,0.5223577235772358,0.6300813008130082,0.5,0.5,0.5,0.5,0.6186612576064908,0.592292089249493,0.59026369168357
2026-04-10,81.88,82.36,81.04,81.22,7443885.0,81.14000000000001,81.051,81.588,85.471,0.0009859502095141,0.0020851069079961,-0.0045104672255723,-0.0497361678230043,81.588,88.01857040933962,75.15742959066037,0.4713866751608334,0.1576352014838393,0.0002463054187191,0.0008626001232285,0.0463797990208707,-0.0617996996650108,0.0298303292104777,0.025437516894217,0.0308877370225102,50.36319612346908,-1.586194644355018,-1.882334988817759,0.2961403444627408,502462995.0,46.60621090881223,2.9142857142857133,0.7344077590174782,0.3609898107688425,0.4724409448806069,0.0151440531888698,0.0002463054187191,0.0308877370225102,50.36319612346908,-0.1221168067342842,0.0,0.0,0.0,0.5,,,,,,,,,,,,,,,,,,,,,,,,,,,,,,,,,,,,,,,,,,,,其他,0,0,0.5,1.0,0,0.6348884381338742,0.022900763358778553,0.05503570549125825,0.4268292682926829,0.556910569105691,0.5975609756097561,0.5792682926829268,0.4146341463414634,0.5609756097560976,0.5,0.5,0.5,0.5,0.6348884381338742,0.6896551724137931,0.6328600405679513
2026-04-13,80.38,80.4,79.06,80.0,7178192.0,81.248,81.14000000000001,81.088,85.74066666666667,-0.0153603781016148,-0.0140497904855806,-0.0134175217048144,-0.0669538375411124,81.088,86.18047370352102,75.99552629647897,0.3931756879483688,0.1256036331766659,-0.0150209308052203,0.0067958721369243,0.0112501580078372,-0.1111111111111111,0.0288898135620822,0.0255915936727125,0.029321425358499,57.368006301012,-1.5853674509455118,-1.8229414808994449,0.2375740299539328,495284803.0,48.54867749565216,2.710714285714284,0.7500461634900585,0.3575525812585317,0.3912146226403559,0.0404999999999999,-0.0150209308052203,0.029321425358499,57.368006301012,-0.0356927867639008,0.0,0.0,0.0,0.5,,,,,,,,,,,,,,,,,,,,,,,,,,,,,,,,,,,,,,,,,,,,其他,0,0,0.5,1.0,0,0.7955465587044535,0.05325000000000002,0.010624999999999885,0.20081135902636918,0.1744421906693712,0.5111561866125761,0.40973630831643004,0.460446247464503,0.3995943204868154,0.5,0.5,0.5,0.5,0.7955465587044535,0.8279352226720648,0.5445344129554656
2026-04-14,80.86,81.78,79.97,81.26,7992233.0,81.488,81.036,80.815,85.95400000000001,-0.0027979579815432,0.0027642035638482,0.0055064035141991,-0.0546106056728017,80.815,85.16792279303293,76.46207720696707,0.5511150807288772,0.1077256151216369,0.0157500000000001,0.0149887584311767,-0.0126366950182259,-0.062961254612546,0.0295315286321895,0.0224236591402018,0.0287356293854219,56.52872639296343,-1.4662607329080544,-1.7516053309707602,0.2853445980627058,503277036.0,56.07846424186168,2.674285714285713,0.8517551951942031,0.5567928730450252,0.4283608490553409,0.0508245139059806,0.0157500000000001,0.0287356293854219,56.52872639296343,0.1134047403580176,0.0,0.0,0.0,0.5,,,,,,,,,,,,,,,,,,,,,,,,,,,,,,,,,,,,,,,,,,,,其他,0,0,0.5,1.0,0,0.8765182186234818,0.013044548363278174,-0.03556485355648531,0.3630831643002028,0.40162271805273836,0.4827586206896552,0.5760649087221096,0.4949290060851927,0.5050709939148073,0.5,0.5,0.5,0.5,0.8765182186234818,0.6518218623481782,0.4251012145748988
2026-04-15,82.16,83.46,80.2,80.4,9783535.0,80.816,81.00500000000001,80.57300000000001,86.1515,-0.0051474955454364,-0.0074686747731621,-0.0021471212440892,-0.0667603001688884,80.57300000000001,84.3960057064539,76.74999429354611,0.4773738239841383,0.0948954539721532,-0.0105833128230371,-0.0401146131805157,-0.0038409119068267,-0.056780854059127,0.0172998363335065,0.0217939857092691,0.0286031064372807,48.70443565796286,-1.4247574693262806,-1.6862357583996477,0.2614782890733669,493493501.0,55.08796711147606,2.6792857142857125,1.0349435126868456,0.5030376670655774,0.40300707547051,0.0379353233830845,-0.0105833128230371,0.0286031064372807,48.70443565796286,0.2241303525560378,0.0,0.0,0.0,0.5,,,,,,,,,,,,,,,,,,,,,,,,,,,,,,,,,,,,,,,,,,,,其他,0,0,0.5,1.0,0,0.7550607287449392,0.042786069651741254,-0.0322139303482587,0.16227180527383367,0.4381338742393509,0.5010141987829615,0.4787018255578093,0.6957403651115619,0.4563894523326572,0.5,0.5,0.5,0.5,0.7550607287449392,0.6902834008097166,0.4230769230769231
2026-04-16,80.92,83.68,80.5,83.17,15372109.0,81.21000000000001,81.16799999999999,80.507,86.38416666666667,0.0241349587489225,0.0246648925685,0.0330778690051796,-0.0372078216494149,80.507,84.08286706452547,76.93113293547454,0.8723572425735787,0.0888336930831114,0.0344527363184079,0.0242610837438423,0.0199901888643609,-0.0156231506687181,0.0203057644533296,0.0242807296419155,0.0297173887875226,62.51691474571384,-1.1552680845970968,-1.5800422233243503,0.4247741387272536,508865610.0,64.75873679382039,2.634285714285713,1.57184740639757,0.9213333333210484,0.4846698113193257,-0.0069736683900444,0.0344527363184079,0.0297173887875226,62.51691474571384,0.5712223649222903,0.0,0.0,0.0,0.5,,,,,,,,,,,,,,,,,,,,,,,,,,,,,,,,,,,,,,,,,,,,其他,0,0,0.5,1.0,0,0.5688259109311741,-0.015991343032343397,-0.07430563905254306,0.6186612576064908,0.6612576064908722,0.537525354969574,0.7829614604462475,0.9046653144016227,0.6957403651115619,0.5,0.5,0.5,0.5,0.5688259109311741,0.44129554655870445,0.2793522267206478
2026-04-17,83.0,83.99,82.08,82.45,8504611.0,81.45599999999999,81.298,80.58399999999999,86.64616666666666,0.012202907090945,0.0141700902851238,0.0231559614811875,-0.0484287629573917,80.58399999999999,84.26128961972925,76.90671038027072,0.753719477235794,0.0912659987025886,-0.0086569676566069,0.0151440531888698,0.0160197165742452,0.0190334940056853,0.0211943686938285,0.0244357122274661,0.0281225869090101,57.80373831397545,-0.9883441935086096,-1.4617026170805691,0.4733584235719594,500360999.0,71.7417117509982,2.507142857142856,0.8918815180886905,0.8253333333223286,0.4042553191476131,0.0076409945421467,-0.0086569676566069,0.0281225869090101,57.80373831397545,-0.4467505402153992,0.0,0.0,0.0,0.5,,,,,,,,,,,,,,,,,,,,,,,,,,,,,,,,,,,,,,,,,,,,其他,0,0,0.5,1.0,0,0.6828282828282828,0.01273499090357788,-0.07616737416616137,0.6336032388663968,0.7206477732793523,0.4898785425101215,0.7044534412955465,0.5384615384615384,0.6417004048582996,0.5,0.5,0.5,0.5,0.6828282828282828,0.5212121212121212,0.3090909090909091
2026-04-20,82.33,83.45,81.26,83.24,11888077.0,82.104,81.676,80.6955,86.86516666666667,0.0138361102991326,0.0191488319702237,0.0315321176521614,-0.0417332609350507,80.6955,84.55775718024007,76.83324281975992,0.8294058216701784,0.0957242270073372,0.0095815645845966,0.0404999999999999,0.0475711049584697,0.0275274657449695,0.0186081030777882,0.0231580898106606,0.0281831207994683,52.47368420665983,-0.7833375888927918,-1.3260296111856231,0.5426920222928315,512249076.0,60.97432107898481,2.282142857142856,1.239005913056971,0.9306666666542563,0.3367619047606214,0.0122537241710716,0.0095815645845966,0.0281831207994683,52.47368420665983,0.3978390075689528,0.0,0.0,0.0,0.5,,,,,,,,,,,,,,,,,,,,,,,,,,,,,,,,,,,,,,,,,,,,其他,0,0,0.5,1.0,0,0.7171717171717171,0.03555982700624716,-0.08721768380586248,0.7955465587044535,0.6295546558704453,0.5121457489878543,0.5728744939271255,0.7894736842105263,0.6497975708502024,0.5,0.5,0.5,0.5,0.7171717171717171,0.6646464646464646,0.3797979797979798
2026-04-21,83.2,85.88,81.81,85.39,15897700.0,82.92999999999999,82.209,81.152,87.04833333333333,0.029663571686965,0.0386940602610419,0.0522229889589904,-0.0190507189492427,81.152,84.96479618349089,77.33920381650911,1.0557601030766652,0.0939667829132046,0.0258289283998078,0.0508245139059806,0.066575068698476,0.1197220036716495,0.0201267481961451,0.0240932443517677,0.0247836492396878,61.96319017961409,-0.4424283071612933,-1.149309350112547,0.706881042951254,528146776.0,69.67186868487083,2.4321428571428547,1.6308018134903512,0.99999999998713,0.3743337433358984,-0.0359526876683453,0.0258289283998078,0.0247836492396878,61.96319017961409,0.3372810421735996,0.0,0.0,0.0,0.5,,,,,,,,,,,,,,,,,,,,,,,,,,,,,,,,,,,,,,,,,,,,其他,0,0,0.5,1.0,0,0.3111111111111111,-0.001288207050005874,-0.11055158683686617,0.8765182186234818,0.757085020242915,0.5161943319838057,0.7510121457489879,0.9068825910931174,0.8097165991902834,0.5,0.5,0.5,0.5,0.3111111111111111,0.4,0.22424242424242424
2026-04-22,84.24,84.4,83.0,83.45,11525532.0,83.54,82.17800000000001,81.424,87.10116666666666,-0.0010773282259995,0.0154785952444691,0.0248820986441342,-0.0419186884217011,81.424,85.0653323183462,77.78266768165382,0.7781948779728983,0.0894412536436852,-0.0227192879728305,0.0379353233830845,-0.0037010506208213,0.0697346494039226,0.0236684952441524,0.0212305932979419,0.0252357968809671,54.62022254105135,-0.3249311930138532,-0.984433718492622,0.6595025254787688,516621244.0,61.839407372586734,2.461428571428569,1.1788493865630232,0.7503217503120938,0.2947929479282705,0.004673457159976,-0.0227192879728305,0.0252357968809671,54.62022254105135,-0.2750189021053359,0.0,0.0,0.0,0.5,,,,,,,,,,,,,,,,,,,,,,,,,,,,,,,,,,,,,,,,,,,,其他,0,0,0.5,1.0,0,0.5668016194331984,0.03846614739364873,-0.10197723187537455,0.7565922920892495,0.7079107505070994,0.5618661257606491,0.6247464503042597,0.7728194726166329,0.6348884381338742,0.5,0.5,0.5,0.5,0.5668016194331984,0.6194331983805668,0.2773279352226721
2026-04-23,84.49,84.88,81.0,82.59,11427756.0,83.424,82.317,81.50399999999999,87.04299999999999,-0.0099971231300345,0.0033164473923978,0.0133244994110719,-0.0511586227496753,81.50399999999999,85.17536515553329,77.8326348444667,0.6479013873488528,0.0900904288262855,-0.0103055721989214,-0.0069736683900444,0.0171182266009852,0.0197555253735031,0.0190288461774047,0.0188399858471977,0.0240461365241236,53.40586565398446,-0.2977269078251652,-0.8470923562257262,0.549365448400561,505193488.0,59.41727609299451,2.5907142857142835,1.1760077745364668,0.6396396396314077,0.2595325953248891,-0.0090810025426807,-0.0103055721989214,0.0240461365241236,53.40586565398446,-0.0084834261880493,0.0,0.0,0.0,0.5,,,,,,,,,,,,,,,,,,,,,,,,,,,,,,,,,,,,,,,,,,,,其他,0,0,0.5,1.0,0,0.4222222222222222,0.030633248577309535,-0.08003390240949271,0.5688259109311741,0.6477732793522267,0.5344129554655871,0.5587044534412956,0.6781376518218624,0.6538461538461539,0.5,0.5,0.5,0.5,0.4222222222222222,0.5777777777777777,0.3656565656565657
2026-04-24,81.59,83.86,81.24,83.08,8543972.0,83.55,82.503,81.777,86.989,-0.0056253740275283,0.0069936850781182,0.0159335754552012,-0.044936716136523,81.777,85.01924158975189,78.53475841024812,0.7009412259790326,0.0792947060847896,0.005932921661218,0.0076409945421467,0.0229007633587785,0.0703426951816541,0.018726122638189,0.0188717504975531,0.0218341194213556,59.07723169093742,-0.2339577992102306,-0.7244654447273376,0.490507645517107,513737460.0,58.1597729570998,2.612142857142856,0.8842679481418203,0.6321656050854748,0.2796227962268156,0.0050553683196918,0.005932921661218,0.0218341194213556,59.07723169093742,-0.2523491051086495,0.0,0.0,0.0,0.5,,,,,,,,,,,,,,,,,,,,,,,,,,,,,,,,,,,,,,,,,,,,其他,0,0,0.5,1.0,0,0.3922764227642276,0.0314155031295138,-0.11603273952816562,0.6822810590631364,0.780040733197556,0.4480651731160896,0.5315682281059063,0.4460285132382892,0.6924643584521385,0.5,0.5,0.5,0.5,0.39227642276422764,0.5304878048780488,0.2804878048780488
2026-04-27,82.75,85.32,82.17,84.26,10224382.0,83.754,82.929,82.03450000000001,86.94250000000001,0.0060415024954032,0.0160498739885925,0.0271288299434993,-0.0308537251631826,82.03450000000001,85.20206240332352,78.8669375966765,0.8512953679428377,0.0772251285329868,0.0142031776600868,0.0122537241710716,0.05325,0.0650992289217546,0.0193193208632124,0.0181174805227386,0.0216747264522028,60.23391812454545,-0.0872575426373174,-0.597023864230109,0.5097663215927916,523961842.0,59.66074400948479,2.748571428571426,1.052203668660621,0.8094435075748839,0.3280032800314555,0.0230239734156183,0.0142031776600868,0.0216747264522028,60.23391812454545,0.1966778449180311,0.0,0.0,0.0,0.5,,,,,,,,,,,,,,,,,,,,,,,,,,,,,,,,,,,,,,,,,,,,其他,0,0,0.5,1.0,0,0.5303643724696356,-0.04046997389033957,-0.11096605744125332,0.7200811359026369,0.7931034482758621,0.4340770791075051,0.6227180527383367,0.5862068965517241,0.716024340770791,0.5,0.5,0.5,0.5,0.5303643724696356,0.26720647773279355,0.29959514170040485
2026-04-28,84.34,84.49,81.88,82.32,8778745.0,83.14,83.035,82.0355,86.8025,-0.0098628818859755,-0.0086108267598,0.0034680108002023,-0.0516402177356642,82.0355,85.20342792980243,78.86757207019757,0.5449031679775693,0.0772330985926475,-0.0230239734156184,-0.0359526876683453,0.0130445483632781,0.0002430133657349,0.0168185844735208,0.0197220844947089,0.0205934616682924,46.16204690487061,-0.1259967613969621,-0.5028184436166291,0.3768216822196669,515183097.0,52.665522845591,2.6678571428571405,0.9365918850986982,0.4822934232633671,0.248462484623827,0.0359572400388727,-0.0230239734156184,0.0205934616682924,46.16204690487061,-0.1413911373812129,0.0,0.0,0.0,0.5,,,,,,,,,,,,,,,,,,,,,,,,,,,,,,,,,,,,,,,,,,,,其他,0,0,0.5,1.0,0,0.5797979797979798,-0.04798347910592793,-0.11965500485908642,0.3076923076923077,0.5870445344129555,0.37044534412955465,0.5060728744939271,0.4473684210526316,0.5890688259109311,0.5,0.5,0.5,0.5,0.5797979797979798,0.2686868686868687,0.26666666666666666
2026-04-29,82.04,84.45,81.26,83.84,10478163.0,83.21799999999999,83.37899999999999,82.192,86.55166666666668,0.0074743444927782,0.0055289701243719,0.0200506131983648,-0.031330034083688,82.192,85.39329315976187,78.99070684023812,0.7573959830731116,0.0778979258263086,0.0184645286686104,0.004673457159976,0.0427860696517412,0.0387808202205428,0.017382605834172,0.019887852669704,0.0204398971505774,57.44920992774103,-0.0337227369752781,-0.4089993022510322,0.375276565275754,525661260.0,59.14145392368792,2.70285714285714,1.1034102053125596,0.7386172006620815,0.310783107829804,0.0336354961832059,0.0184645286686104,0.0204398971505774,57.44920992774103,0.1935832513645172,0.0,0.0,0.0,0.5,,,,,,,,,,,,,,,,,,,,,,,,,,,,,,,,,,,,,,,,,,,,其他,0,0,0.5,1.0,0,0.588957055214724,-0.07192270992366412,-0.15481870229007633,0.5594262295081968,0.6475409836065574,0.3483606557377049,0.5881147540983607,0.5348360655737705,0.6045081967213115,0.5,0.5,0.5,0.5,0.588957055214724,0.2167689161554192,0.12269938650306748
2026-04-30,83.05,83.45,81.4,81.84,11123444.0,83.06800000000001,83.24600000000001,82.20700000000001,86.39233333333333,-0.0147830692926278,-0.0168897004060255,-0.0044643400197064,-0.0526937189642597,82.20700000000001,85.3982254699412,79.01577453005882,0.4424985787589903,0.0776387769882687,-0.023854961832061,-0.0090810025426807,-0.0159913430323433,0.0036791758646061,0.0203919415191239,0.0185954470439459,0.0211342929607278,51.5736040572486,-0.1205099906283209,-0.3513014399081254,0.2307914492798045,514537816.0,52.72767233388127,2.7828571428571403,1.149146820953021,0.4013490725058806,0.2287822878219401,0.0400782013685239,-0.023854961832061,0.0211342929607278,51.5736040572486,0.0615834092292704,0.0,0.0,0.0,0.5,,,,,,,,,,,,,,,,,,,,,,,,,,,,,,,,,,,,,,,,,,,,其他,0,0,0.5,1.0,0,0.7113821138211383,-0.05926197458455529,-0.13025415444770283,0.4175152749490835,0.5498981670061099,0.37474541751527496,0.4969450101832994,0.6109979633401222,0.4460285132382892,0.5,0.5,0.5,0.5,0.7113821138211383,0.23373983739837398,0.241869918699187
2026-05-06,82.0,83.78,81.1,83.5,12776120.0,83.152,83.351,82.32450000000001,86.15066666666667,0.0041851067923801,0.0017876210243428,0.014278859877679,-0.0307678021450791,82.32450000000001,85.52489783711198,79.12410216288805,0.6836490429877915,0.0777507992665142,0.0202834799608992,0.0050553683196918,0.0127349909035778,0.028958718422674,0.0226156845089371,0.0195762100729542,0.0215502588669825,58.689175765533015,-0.0547705929314048,-0.2919952704976802,0.2372246775662753,527313936.0,59.001414786902494,2.819999999999998,1.276310055257283,0.6812816188755267,0.296842968428467,0.0262275449101796,0.0202834799608992,0.0215502588669825,58.689175765533015,0.1485759266644395,0.0,0.0,0.0,0.5,,,,,,,,,,,,,,,,,,,,,,,,,,,,,,,,,,,,,,,,,,,,其他,0,0,0.5,1.0,0,0.6686868686868687,-0.0877844311377245,-0.12071856287425142,0.39271255060728744,0.5384615384615384,0.4089068825910931,0.6133603238866396,0.6012145748987854,0.5161943319838057,0.5,0.5,0.5,0.5,0.6686868686868687,0.19797979797979798,0.3595959595959596
2026-05-07,84.2,86.5,83.77,86.2,16276453.0,83.53999999999999,83.647,82.6615,85.97066666666666,0.0318410342350969,0.0305211185099285,0.0428071109283039,0.0026675765377339,82.6615,86.00797827456073,79.31502172543928,1.0286901198188134,0.0809682445771411,0.0323353293413173,0.0230239734156183,0.0355598270062471,0.0848225522275361,0.026362491514958,0.0218213880029382,0.021907972004037,61.445783128543816,0.2126522366311576,-0.1910657690513529,0.4037180056825105,543590389.0,61.25613970465384,2.904999999999998,1.544794825309149,0.999999999983871,0.4075440754390834,-0.0620649651972158,0.0323353293413173,0.021907972004037,61.445783128543816,0.2739746495806239,0.0,0.0,0.0,0.5,,,,,,,,,,,,,,,,,,,,,,,,,,,,,,,,,,,,,,,,,,,,其他,0,0,0.5,1.0,0,0.101010101010101,-0.11856148491879348,-0.16728538283062644,0.5303643724696356,0.6336032388663968,0.4716599190283401,0.7004048582995951,0.840080971659919,0.7004048582995951,0.5,0.5,0.5,0.5,0.10101010101010101,0.16767676767676767,0.21818181818181817
2026-05-08,85.28,87.0,84.58,85.28,12058049.0,84.13199999999999,83.636,82.92249999999999,85.83233333333332,0.0136452241715401,0.01965660720264,0.0284301606922128,-0.0064350264274922,82.92249999999999,86.2286720590756,79.61632794092436,0.8565301438929801,0.079741253798948,-0.0106728538283062,0.0359572400388727,-0.0012882070500058,0.0652010991756182,0.0235246661637364,0.0207371476350932,0.0221436107609436,61.27541589252375,0.3463853139891313,-0.0835755524257391,0.4299608664148704,531532340.0,61.921706774308,2.844999999999999,1.1089283381884771,0.8516129032120705,0.3698236982354659,-0.0810272045028142,-0.0106728538283062,0.0221436107609436,61.27541589252375,-0.2591721918774318,0.0,0.0,0.0,0.5,,,,,,,,,,,,,,,,,,,,,,,,,,,,,,,,,,,,,,,,,,,,其他,0,0,0.5,1.0,0,0.1171717171717171,-0.10940431519699811,-0.18292682926829262,0.5789473684210527,0.5951417004048583,0.4777327935222672,0.6214574898785425,0.6032388663967612,0.5910931174089069,0.5,0.5,0.5,0.5,0.11717171717171718,0.17777777777777778,0.16161616161616163
2026-05-11,85.35,87.23,85.35,86.66,12566623.0,84.696,83.957,83.0675,85.80983333333333,0.0231888164730329,0.0321950522291172,0.0432479609955758,0.0099075669260904,83.0675,86.76011496275467,79.37488503724532,0.9864438935736434,0.0889063704276697,0.0161819887429643,0.0336354961832059,0.0384661473936487,0.0346227316141354,0.023274940339089,0.0196061848345904,0.0200016510139449,58.61728394656471,0.5572594258126458,0.0445914432386469,0.5126679825739988,544098963.0,61.4129434438516,2.749999999999999,1.1512169411523978,0.999999999984985,0.4264042640408918,-0.1021232402492499,0.0161819887429643,0.0200016510139449,58.61728394656471,0.0421771382750226,0.0,0.0,0.0,0.5,,,,,,,,,,,,,,,,,,,,,,,,,,,,,,,,,,,,,,,,,,,,其他,0,0,0.5,1.0,0,0.0888888888888888,-0.1352411723978767,-0.2272097853681052,0.5910931174089069,0.5587044534412956,0.4433198380566802,0.5789473684210527,0.548582995951417,0.6497975708502024,0.5,0.5,0.5,0.5,0.08888888888888889,0.11515151515151516,0.12121212121212122
2026-05-12,87.0,87.56,84.52,85.12,11920562.0,85.352,84.21000000000001,83.26350000000001,85.647,-0.0027181554035055,0.0108063175394845,0.0222966846217129,-0.0061531635667332,83.26350000000001,86.95488556214642,79.5721144378536,0.7514638431382609,0.088667556904093,-0.0177705977382874,0.0400782013685239,0.0306332485773095,0.0482758620689656,0.0213471936824899,0.0203379189080251,0.019092991465847,56.33602277746224,0.5933147522008397,0.1543361050425314,0.4389786471583083,532178401.0,54.9428737229101,2.830714285714285,1.0750860672018956,0.7687687687572268,0.3632636326348369,-0.0955122180451129,-0.0177705977382874,0.019092991465847,56.33602277746224,-0.0514108682977121,0.0,0.0,0.0,0.5,,,,,,,,,,,,,,,,,,,,,,,,,,,,,,,,,,,,,,,,,,,,其他,0,0,0.5,1.0,0,0.0808080808080808,-0.10737781954887216,-0.18820488721804518,0.7105263157894737,0.5951417004048583,0.4149797570850202,0.5566801619433198,0.5404858299595142,0.5870445344129555,0.5,0.5,0.5,0.5,0.08080808080808081,0.2,0.1797979797979798
2026-05-13,84.71,86.99,83.58,85.69,12496350.0,85.78999999999999,84.471,83.487,85.54516666666667,-0.0011656370206316,0.014430988149779,0.0263873417418281,0.0016930627290454,83.487,87.19866071498458,79.7753392850154,0.7967674269130325,0.0889158962468442,0.0066964285714283,0.0262275449101796,0.0314155031295138,0.0550357054912582,0.0202401003695996,0.0203507146963085,0.0191068104916316,55.87529975644003,0.6602573248129318,0.255520349005054,0.4047369758078777,544674751.0,54.60942369625783,2.9178571428571423,1.1019096434004232,0.8543543543415263,0.3866338663370779,-0.1110981444742676,0.0066964285714283,0.0191068104916316,55.87529975644003,0.0483020850862567,0.0,0.0,0.0,0.5,,,,,,,,,,,,,,,,,,,,,,,,,,,,,,,,,,,,,,,,,,,,其他,0,0,0.5,1.0,0,0.0767676767676767,-0.14295717119850626,-0.2085424203524332,0.6680161943319838,0.631578947368421,0.4190283400809717,0.5688259109311741,0.5809716599190283,0.6012145748987854,0.5,0.5,0.5,0.5,0.07676767676767676,0.15151515151515152,0.18585858585858586
2026-05-14,85.0,85.07,80.83,80.85,17095699.0,84.72,84.13,83.52950000000001,85.45916666666668,-0.0456798866855524,-0.0389872815880185,-0.0320784872410347,-0.0539341400863961,83.52950000000001,87.0894081892363,79.96959181076373,0.1236560245971925,0.0852371482944832,-0.0564826700898588,-0.0620649651972158,-0.0404699738903395,0.0106249999999998,0.0280923092934792,0.0272449338788898,0.0230009167102983,40.35683941985982,0.3191944329535232,0.2682551657955979,0.0509392671579253,527579052.0,44.81292313174009,2.974285714285714,1.4443197478276053,0.071884984024409,0.1881918819180471,-0.0602350030921458,-0.0564826700898588,0.0230009167102983,40.35683941985982,0.3680553921745149,0.0,0.0,0.0,0.5,,,,,,,,,,,,,,,,,,,,,,,,,,,,,,,,,,,,,,,,,,,,其他,0,0,0.5,1.0,0,0.3757575757575757,-0.07346938775510203,-0.13382807668521945,0.09919028340080972,0.5384615384615384,0.5384615384615384,0.31983805668016196,0.819838056680162,0.33805668016194335,0.5,0.5,0.5,0.5,0.37575757575757573,0.43636363636363634,0.4909090909090909
2026-05-15,80.1,80.37,77.89,78.37,11832854.0,83.33800000000001,83.73499999999999,83.385,85.33850000000001,-0.0596126616909453,-0.0640711769272106,-0.0601427115188583,-0.0816571652888205,83.385,87.52081787240277,79.24918212759724,-0.1062887867298456,0.0991981260993657,-0.0306740878169448,-0.0810272045028142,-0.0479834791059279,-0.0355648535564853,0.0291859516159239,0.0279436348700721,0.0237414693553282,39.45182724023121,-0.149438981415571,0.1847163363489031,-0.3341553177644741,515746198.0,44.91004961492763,3.015,0.9837317868953104,0.0,0.0865108651082963,-0.0308791629450044,-0.0306740878169448,0.0237414693553282,39.45182724023121,-0.3078461430562155,0.0,0.0,0.0,0.5,,,,,,,,,,,,,,,,,,,,,,,,,,,,,,,,,,,,,,,,,,,,其他,0,0,0.5,1.0,0,0.4676113360323887,-0.07528390965930842,-0.06852111777465875,0.11561866125760649,0.4198782961460446,0.5415821501014199,0.359026369168357,0.4908722109533469,0.21703853955375255,0.5,0.5,0.5,0.5,0.4676113360323887,0.4068825910931174,0.6558704453441295
2026-05-18,77.0,78.65,76.07,77.81,6958001.0,81.56800000000001,83.132,83.25550000000001,85.16416666666666,-0.0460719890153001,-0.0640186691045566,-0.0654070902222677,-0.0863528283609107,83.25550000000001,87.9140223543864,78.59697764561362,-0.0844664451233303,0.1119090595667744,-0.0071455914252903,-0.1021232402492499,-0.0719227099236641,-0.0322139303482587,0.0240938027825356,0.0267480737228683,0.0236849213113505,39.9495374240568,-0.5595590164114697,0.0358612657904695,-0.5954202822019392,508788197.0,46.25316766854469,2.922142857142858,0.585332611675587,0.0,0.0635506355060944,-0.0368847191877651,-0.0071455914252903,0.0236849213113505,39.9495374240568,-0.4119760963838479,0.0,0.0,0.0,0.5,,,,,,,,,,,,,,,,,,,,,,,,,,,,,,,,,,,,,,,,,,,,其他,0,0,0.5,1.0,0,0.3717171717171717,-0.08932013879964018,-0.06965685644518704,0.08704453441295547,0.4230769230769231,0.5364372469635628,0.3623481781376518,0.10526315789473684,0.20242914979757085,0.5,0.5,0.5,0.5,0.3717171717171717,0.20606060606060606,0.6
2026-05-19,77.82,77.88,76.0,76.99,7265333.0,79.942,82.647,82.94649999999999,84.90416666666667,-0.0369267719096344,-0.0684477355499898,-0.0718113482787097,-0.0932129361535064,82.94649999999999,88.38366750949587,77.50933249050411,-0.0477576320384037,0.1311005891626367,-0.0105384911965044,-0.0955122180451129,-0.0592619745845552,-0.074305639052543,0.0245544700275019,0.0261465366620442,0.0221933631742132,37.37038572989139,-0.9398983836801876,-0.1592906641103312,-0.7806077195698562,501522864.0,46.760449706457145,2.869285714285714,0.6327628286391407,0.0,0.0299302993028698,-0.0131185868294582,-0.0105384911965044,0.0221933631742132,37.37038572989139,0.0441695826143169,0.0,0.0,0.0,0.5,,,,,,,,,,,,,,,,,,,,,,,,,,,,,,,,,,,,,,,,,,,,其他,0,0,0.5,1.0,0,0.6937119675456389,-0.07546434601896335,-0.03922587349006357,0.07723577235772358,0.2784552845528455,0.49390243902439024,0.2784552845528455,0.258130081300813,0.14227642276422764,0.5,0.5,0.5,0.5,0.6937119675456389,0.3509127789046653,0.7505070993914807
2026-05-20,76.05,76.79,74.11,76.17,10752183.0,78.038,81.914,82.63250000000001,84.61783333333334,-0.0239370563059021,-0.0701223234123592,-0.0782077269839349,-0.099835141134552,82.63250000000001,88.85851967974992,76.4064803202501,-0.0189912923835871,0.1506917902699876,-0.0106507338615403,-0.1110981444742676,-0.0877844311377245,-0.0761673741661613,0.0208511890438185,0.0244984782766044,0.022221653794596,32.968421050688164,-1.2925720761038375,-0.3859469465152295,-0.9066251295886084,490770681.0,40.52219764928557,2.8500000000000005,0.9273680250413394,0.0,0.0,-0.0358408822371012,-0.0106507338615403,0.022221653794596,32.968421050688164,0.4799298256528641,0.0,0.0,0.0,0.5,,,,,,,,,,,,,,,,,,,,,,,,,,,,,,,,,,,,,,,,,,,,其他,0,0,0.5,1.0,0,0.5607287449392713,-0.036103452802940805,-0.04030458185637398,0.07707910750507099,0.30628803245436104,0.4787018255578093,0.25557809330628806,0.6511156186612576,0.14807302231237324,0.5,0.5,0.5,0.5,0.5607287449392713,0.5931174089068826,0.7307692307692307
2026-05-21,76.25,79.08,75.76,75.98,10681086.0,77.06400000000001,80.892,82.26950000000001,84.34016666666666,-0.014066230665421,-0.060722939227612,-0.0764499601918087,-0.0991243792499025,82.26950000000001,89.1577370366942,75.38126296330582,0.0434608328299623,0.1674554248338891,-0.0024944203754758,-0.0602350030921458,-0.1185614849187934,-0.0872176838058624,0.0107952236253156,0.0200634781884519,0.0220043045598657,35.590909088644224,-1.569305764822019,-0.622618710181764,-0.946687054640255,480089595.0,46.320022465416045,2.900714285714286,0.9260561798759608,0.0,0.0,-0.0140826533298237,-0.0024944203754758,0.0220043045598657,35.590909088644224,-0.0066123316539534,0.0,0.0,0.0,0.5,,,,,,,,,,,,,,,,,,,,,,,,,,,,,,,,,,,,,,,,,,,,其他,0,0,0.5,1.0,0,0.5575757575757576,-0.05527770465912085,-0.03066596472755989,0.37449392712550605,0.3765182186234818,0.44129554655870445,0.36639676113360325,0.451417004048583,0.2732793522267207,0.5,0.5,0.5,0.5,0.5575757575757576,0.4383838383838384,0.7555555555555555
2026-05-22,76.41,76.74,74.8,75.95,8426178.0,76.58000000000001,79.959,81.7975,84.12266666666666,-0.0082266910420476,-0.0501381958253605,-0.0714875148995995,-0.0971517783554173,81.7975,89.06849464708205,74.52650535291795,0.0978885775719509,0.177780363631484,-0.0003948407475651,-0.0308791629450044,-0.1094043151969981,-0.1105515868368661,0.004662264285116,0.0204193333407608,0.0208650383920392,30.765480251434795,-1.7706277716106769,-0.852220522471564,-0.9184072491391128,471663417.0,40.56999011709287,2.8114285714285714,0.7550085517965492,0.0,0.0,-0.0458196181698485,-0.0003948407475651,0.0208650383920392,30.765480251434795,-0.2111122408339376,0.0,0.0,0.0,0.5,,,,,,,,,,,,,,,,,,,,,,,,,,,,,,,,,,,,,,,,,,,,其他,0,0,0.5,1.0,0,0.4161616161616162,-0.0825543120473996,-0.022383146807109955,0.46558704453441296,0.22064777327935223,0.3967611336032389,0.3076923076923077,0.4716599190283401,0.23076923076923078,0.5,0.5,0.5,0.5,0.4161616161616162,0.30505050505050507,0.7616161616161616
2026-05-25,75.61,76.48,74.35,74.94,7252338.0,76.006,78.787,81.372,83.89583333333333,-0.0140252085361681,-0.0488278523106604,-0.0790443887332251,-0.1067494412714179,81.372,89.20974296190191,73.53425703809809,0.0896777917269069,0.1926398014523983,-0.0132982225148124,-0.0368847191877651,-0.1352411723978767,-0.1019772318753745,0.0056638108235434,0.0179899902896632,0.0205631188017205,32.32581966981266,-1.988735991671888,-1.0795236163148108,-0.9092123753570772,464411079.0,41.728774612588765,2.789285714285715,0.6625127536553879,0.0,0.0,-0.054443554843875,-0.0132982225148124,0.0205631188017205,32.32581966981266,-0.1393087114941079,0.0,0.0,0.0,0.5,,,,,,,,,,,,,,,,,,,,,,,,,,,,,,,,,,,,,,,,,,,,其他,0,0,0.5,1.0,0,0.2323232323232323,-0.10635174806511871,-0.06244995996797431,0.37044534412955465,0.2773279352226721,0.3785425101214575,0.3724696356275304,0.2793522267206478,0.18016194331983806,0.5,0.5,0.5,0.5,0.23232323232323232,0.32525252525252524,0.6545454545454545
2026-05-26,74.11,75.99,72.77,75.98,9490317.0,75.804,77.873,81.04150000000001,83.60566666666666,0.0023217772149226,-0.024308810499146,-0.0624556554357953,-0.0912099259619562,81.04150000000001,89.21332650458595,72.86967349541408,0.1903079135870919,0.2016701691004202,0.0138777688817721,-0.0131185868294582,-0.1073778195488721,-0.0800339024094927,0.0106730584830478,0.0199804778718281,0.020951994543289,30.105820103590048,-2.0540038383292227,-1.2744196607198757,-0.7795841776093471,473901396.0,34.46414842580529,2.827857142857144,0.8746962836124461,0.0887372013644311,0.0404511863086721,-0.0631745196104237,0.0138777688817721,0.020951994543289,30.105820103590048,0.3085872445547903,0.0,0.0,0.0,0.5,,,,,,,,,,,,,,,,,,,,,,,,,,,,,,,,,,,,,,,,,,,,其他,0,0,0.5,1.0,0,0.1878787878787878,-0.09055014477494094,-0.07870492234798632,0.6923076923076923,0.3643724696356275,0.3825910931174089,0.39473684210526316,0.520242914979757,0.3481781376518219,0.5,0.5,0.5,0.5,0.18787878787878787,0.3393939393939394,0.6202020202020202
2026-05-27,75.88,75.88,73.18,73.44,6639021.0,75.25800000000001,76.648,80.55949999999999,83.278,-0.0241569002630951,-0.0418536687193403,-0.0883756726394775,-0.1181344412690027,80.55949999999999,89.33961982893892,71.77938017106105,0.0945670367422636,0.217978508529175,-0.033429849960516,-0.0358408822371012,-0.1429571711985062,-0.1160327395281656,0.0175919356138766,0.020036165738296,0.0218060250186163,15.955176092724784,-2.284323480698774,-1.476400424717465,-0.8079230559813089,467262375.0,25.19532459051905,2.8135714285714286,0.6173194777798723,0.0,0.0,-0.000272331154684,-0.033429849960516,0.0218060250186163,15.955176092724784,-0.3004426511780376,0.0,0.0,0.0,0.5,,,,,,,,,,,,,,,,,,,,,,,,,,,,,,,,,,,,,,,,,,,,其他,0,0,0.5,1.0,0,0.5696969696969697,-0.07652505446623104,-0.06944444444444442,0.5587044534412956,0.2813765182186235,0.42105263157894735,0.12753036437246965,0.1437246963562753,0.2813765182186235,0.5,0.5,0.5,0.5,0.5696969696969697,0.36767676767676766,0.6626262626262627
2026-05-28,73.26,75.35,72.77,74.91,7250557.0,75.044,76.054,80.092,82.92533333333334,-0.0017856191034593,-0.0150419438819786,-0.0647005943165359,-0.096657233816767,80.092,89.03664756153086,71.14735243846914,0.2103295594167521,0.2233593258133069,0.0200163398692809,-0.0140826533298237,-0.073469387755102,-0.1109660574412533,0.0215220791688421,0.0168390746300704,0.0221247741445285,23.120787971364976,-2.321490937368736,-1.6454185272489303,-0.6760724101198059,474512932.0,21.89296979171141,2.825,0.6836340529507725,0.1111951588493857,0.0540242557881145,-0.0417834735015351,0.0200163398692809,0.0221247741445285,23.120787971364976,0.092112376207275,0.0,0.0,0.0,0.5,,,,,,,,,,,,,,,,,,,,,,,,,,,,,,,,,,,,,,,,,,,,其他,0,0,0.5,1.0,0,0.3643724696356275,-0.06514484047523694,-0.10292350820985174,0.5557809330628803,0.3002028397565923,0.43610547667342797,0.32454361054766734,0.3144016227180527,0.4117647058823529,0.5,0.5,0.5,0.5,0.3643724696356275,0.5566801619433198,0.631578947368421
2026-05-29,74.62,74.98,72.1,72.47,8098297.0,74.348,75.46400000000001,79.5995,82.45566666666666,-0.0252595900360467,-0.0396745468037741,-0.0895671455222709,-0.1211034616581839,79.5995,89.09533504268553,70.10366495731448,0.1245985756932354,0.2385903188505856,-0.0325724202376184,-0.0458196181698485,-0.0752839096593084,-0.1196550048590864,0.025180640086044,0.0171377398839999,0.0226174309851879,15.135135134093886,-2.5187743145443307,-1.820089684709012,-0.6986846298353184,466414635.0,12.738627537466598,2.891428571428572,0.7660223089525011,0.0,0.0,-0.0384986891127362,-0.0325724202376184,0.0226174309851879,15.135135134093886,0.1169206724393725,0.0,0.0,0.0,0.5,,,,,,,,,,,,,,,,,,,,,,,,,,,,,,,,,,,,,,,,,,,,其他,0,0,0.5,1.0,0,0.3184584178498986,0.007313371050089668,-0.07009797157444453,0.4146341463414634,0.266260162601626,0.45121951219512196,0.15040650406504066,0.32113821138211385,0.2540650406504065,0.5,0.5,0.5,0.5,0.3184584178498986,0.8093306288032455,0.7139959432048681
2026-06-01,72.01,72.83,70.6,70.86,7098694.0,73.532,74.769,78.9505,82.08583333333334,-0.036337920905184,-0.0522810255587209,-0.1024756018011285,-0.136757256124179,78.9505,88.98501616854752,68.9159838314525,0.0968664625122236,0.2541976597623777,-0.0222160894163101,-0.054443554843875,-0.0893201387996401,-0.1548187022900763,0.0258606532303267,0.0177392548782769,0.0221151034319525,15.08325171297176,-2.773054713490737,-2.0106826904662314,-0.7623720230245055,459315941.0,13.383752156004933,2.8335714285714286,0.6823759312414179,0.0,0.0,-0.0548969799604854,-0.0222160894163101,0.0221151034319525,15.08325171297176,-0.1234337293384029,0.0,0.0,0.0,0.5,,,,,,,,,,,,,,,,,,,,,,,,,,,,,,,,,,,,,,,,,,,,其他,0,0,0.5,1.0,0,0.6153846153846154,0.02159187129551232,-0.058707310189105244,0.23123732251521298,0.12373225152129817,0.4158215010141988,0.036511156186612576,0.2413793103448276,0.11967545638945233,0.5,0.5,0.5,0.5,0.6153846153846154,0.8360323886639676,0.7530364372469636
2026-06-02,70.53,71.85,68.75,71.18,7622333.0,72.572,74.188,78.41749999999999,81.69716666666666,-0.0191809513310918,-0.0405456408044426,-0.0922944495807693,-0.1287335546112369,78.41749999999999,88.92698819425864,67.90801180574134,0.1556682939151401,0.2680393584147735,0.0045159469376236,-0.0631745196104237,-0.0754643460189633,-0.1302541544477028,0.0238848096185036,0.0182418996529192,0.021963436716065,14.030738719898764,-2.915150297844121,-2.1915762119424733,-0.7235740859016482,466938274.0,14.118799907880486,2.8114285714285714,0.74525254197059,0.0202531645568343,0.0144274120828929,-0.0292216914863727,0.0045159469376236,0.021963436716065,14.030738719898764,0.0737655405346391,0.0,0.0,0.0,0.5,,,,,,,,,,,,,,,,,,,,,,,,,,,,,,,,,,,,,,,,,,,,其他,0,0,0.5,1.0,0,0.7195121951219512,0.039196403484124565,-0.06153413880303471,0.18533604887983707,0.24439918533604887,0.40325865580448067,0.05295315682281059,0.3645621181262729,0.17515274949083504,0.5,0.5,0.5,0.5,0.7195121951219512,0.8577235772357723,0.6849593495934959
2026-06-03,72.34,75.93,72.08,73.42,21375066.0,72.568,73.913,77.9135,81.381,0.0117407121596295,-0.0066700039235316,-0.0576729321619488,-0.0978238163699143,77.9135,88.36335273127146,67.46364726872854,0.2849969700251575,0.268242415788228,0.0314695139084011,-0.000272331154684,-0.0361034528029408,-0.1207185628742514,0.0272286646669765,0.021959702658816,0.0228133049134921,28.85600455091645,-2.8145850096885283,-2.31617797149205,-0.4984070381964782,488313340.0,29.954337833026827,2.8035714285714284,2.0055796319760075,0.1620253164546709,0.1154192966631406,-0.0762734949605012,0.0314695139084011,0.0228133049134921,28.85600455091645,1.804268194527844,0.0,0.0,0.0,0.5,,,,,,,,,,,,,,,,,,,,,,,,,,,,,,,,,,,,,,,,,,,,其他,0,0,0.5,1.0,0,0.2732793522267207,-0.004358485426314451,-0.10514846090983376,0.565922920892495,0.359026369168357,0.45030425963488846,0.3103448275862069,0.9634888438133874,0.42190669371196754,0.5,0.5,0.5,0.5,0.2732793522267207,0.7672064777327935,0.46963562753036436
2026-06-04,71.8,72.88,70.5,71.78,9723538.0,71.94200000000001,73.49300000000001,77.19250000000001,81.02666666666667,-0.0022518139612466,-0.0233083422911026,-0.0701169155034492,-0.1141188086226756,77.19250000000001,87.21620007322112,67.1687999267789,0.2300148667415331,0.2597065796083329,-0.022337237809861,-0.0417834735015351,-0.0552777046591208,-0.1672853828306264,0.0261040649508841,0.0227459238800121,0.0211742009335831,30.30484159937677,-2.8345334803481705,-2.419849073263517,-0.4146844070846534,478589802.0,30.69259780844051,2.800714285714286,0.9412771626699716,0.0582278481008974,0.0446601941745405,-0.024380050153246,-0.022337237809861,0.0211742009335831,30.30484159937677,-0.5450990420333672,0.0,0.0,0.0,0.5,-0.7357186234333102,-0.8461650631093716,-0.72590238431348,-0.7807958210312865,-0.7032042591798661,,,,,,,,,,,,,,,,,,,,,,-1.2711640183178574,-1.2794442704801616,-0.3522929385610478,0.4291943664274018,,,,,,,,,,0.0,0.0,0.0,0.0,其他,0,0,0.5,1.0,0,0.6983805668016194,0.0260518250208972,-0.07620507105043184,0.3630831643002028,0.21703853955375255,0.3711967545638945,0.385395537525355,0.665314401622718,0.43204868154158216,0.5,0.5,0.5,0.5,0.6983805668016194,0.8441295546558705,0.4898785425101215
2026-06-05,71.41,72.39,69.29,69.68,9857547.0,71.384,72.866,76.41250000000001,80.67099999999999,-0.0238708954387536,-0.0437240962863336,-0.0881073122852936,-0.1362447471830024,76.41250000000001,86.2117070033618,66.61329299663822,0.1564773048622225,0.256481779901167,-0.0292560601838951,-0.0384986891127362,-0.0825543120473996,-0.1829268292682926,0.0253624628025432,0.0238398032808627,0.0216584695459489,27.750410506904743,-2.9853671085035955,-2.532952680311745,-0.45241442819185,468732255.0,30.20304768289091,2.837857142857142,0.9645227711586044,0.0,0.0,0.0476463834672789,-0.0292560601838951,0.0216584695459489,27.750410506904743,0.0137819176517848,0.0,0.0,0.0,0.5,-0.768661271690193,-0.8862767041728837,-0.8427759306096999,-0.9792734356375636,-0.6923578259750044,,,,,,,,,,,,,,-0.8367453789124711,,,,,,,,-1.3116362722869657,-1.3108237419494433,-0.390111592614547,0.3667579859301522,,,,,,-0.8367453789124711,,,-0.0420591899500127,0.0,0.0,0.0,0.0,其他,0,0,0.5,1.0,0,0.9271255060728744,0.06558553386911581,-0.049942594718714206,0.31643002028397565,0.15821501014198783,0.3894523326572008,0.2434077079107505,0.6186612576064908,0.22515212981744423,0.5,0.5,0.5,0.5,0.9271255060728745,0.8481781376518218,0.6214574898785425
2026-06-08,67.0,69.0,66.39,66.97,8832922.0,70.60600000000001,72.069,75.428,80.26283333333332,-0.0514970399116223,-0.0707516407886886,-0.1121334252532215,-0.1656162981205496,75.428,84.8411030735715,66.01489692642849,0.0507326365228066,0.2495917450697095,-0.0388920780711826,-0.0548969799604854,-0.1063517480651187,-0.2272097853681052,0.0286537035902589,0.0257320283467619,0.0216789400116499,25.148809522063104,-3.2856853254100145,-2.683499209331625,-0.6021861160783892,459899333.0,30.089563675164285,2.9385714285714286,0.8803479818165723,0.0,0.0,0.0809317604897714,-0.0388920780711826,0.0216789400116499,25.148809522063104,-0.1039432020968299,0.0,0.0,0.0,0.5,-1.1875549099503495,-1.1976185448798606,-1.1269999404283753,-1.232839609435301,-0.738126880454204,,,,,,,,,,,,,,-1.0945237634317295,,,,,,,,-1.4043330895230453,-1.3562762308954164,-0.545265256083046,0.310759424215016,,,,,,-1.0945237634317295,,,-0.3732675554954938,0.0,0.0,0.0,0.0,其他,0,0,0.5,1.0,0,0.868421052631579,0.04912647454083929,-0.06017619829774523,0.6146044624746451,0.11764705882352941,0.3772819472616633,0.3002028397565923,0.4158215010141988,0.2129817444219067,0.5,0.5,0.5,0.5,0.868421052631579,0.8016194331983806,0.5708502024291497
2026-06-09,67.5,69.19,66.66,69.1,8466008.0,70.19000000000001,71.381,74.627,79.91533333333334,-0.0155292776748826,-0.0319552822179572,-0.0740616666889999,-0.1353348960983709,74.627,83.26178424440155,65.99221575559844,0.1799572610281792,0.2314118012084095,0.0318052859489323,-0.0292216914863727,-0.0905501447749409,-0.1882048872180451,0.0343558088813499,0.0281588137432377,0.02378595691119,33.53516534480907,-3.313630695334922,-2.8095255065324363,-0.5041051888024857,468365341.0,36.9016019816438,2.913571428571429,0.8585591466323628,0.1137820512814432,0.0924880590530068,0.0704775687409551,0.0318052859489323,0.02378595691119,33.53516534480907,-0.0415393682860553,0.0,0.0,0.0,0.5,-1.1282136186037557,-1.168114350352001,-1.0897495734548936,-1.0153356353741247,-0.751421574347175,,,,,,,,,,,,,,0.8627978865454462,,,,,,,,-1.397414167451417,-1.390688675847366,-0.439318887326707,0.3616266418738457,,,,,,0.8627978865454462,,,-0.1953020109214115,0.0,0.0,0.0,0.0,其他,0,0,0.5,1.0,0,0.8704453441295547,0.013024602026049381,-0.11837916063675824,0.718052738336714,0.17849898580121704,0.45030425963488846,0.5314401622718052,0.6166328600405679,0.4421906693711968,0.5,0.5,0.5,0.5,0.8704453441295547,0.7348178137651822,0.34615384615384615
2026-06-10,67.79,70.17,67.47,67.82,6491049.0,69.07000000000001,70.81899999999999,73.7335,79.60283333333334,-0.0180975821630232,-0.0423473926488653,-0.0802009941207186,-0.1480202756602048,73.7335,81.1622642239294,66.30473577607061,0.1019862912756229,0.2015030949003998,-0.0185238784370477,-0.0762734949605012,-0.076525054466231,-0.2085424203524332,0.0275230935839733,0.0271018861591648,0.0235156139518244,31.914893615040725,-3.3998640786210927,-2.927593220950281,-0.4722708576708117,461874292.0,34.30098390551129,2.8692857142857155,0.6789479875010709,0.0612391930831318,0.0369083803732654,0.0778531406664702,-0.0185238784370477,0.0235156139518244,31.914893615040725,-0.2332810221771584,0.0,0.0,0.0,0.5,-1.0902086820478245,-1.0656154536562652,-0.9993992759279966,-1.130382216109832,-0.8431988394064776,-1.0804293062970165,,,,-0.5032787739266451,,,,,,,,,-0.5337003631906132,,,,,,,,-1.4114006279165554,-1.420933975736713,-0.4036175730570124,0.3197850011343543,,,,,,-0.5337003631906132,,,-0.7370875040534139,0.0,0.0,0.0,0.0,其他,0,0,0.5,1.0,0,0.854251012145749,0.007667354762607159,-0.10365673842524326,0.2718052738336714,0.1845841784989858,0.4340770791075051,0.3894523326572008,0.25963488843813387,0.4279918864097363,0.5,0.5,0.5,0.5,0.854251012145749,0.7510121457489879,0.39878542510121456
2026-06-11,66.96,70.85,66.83,70.03,12423958.0,68.72,70.33099999999999,73.1925,79.27,0.0190628637951106,-0.0042797628357337,-0.0432079789595928,-0.116563643244607,73.1925,79.98806782802285,66.39693217197714,0.2673115713019935,0.1856902777747329,0.0325862577410793,-0.024380050153246,-0.0651448404752369,-0.1338280766852194,0.0342264567949671,0.0287654489192862,0.0229478203613007,38.03556992509096,-3.252395083386901,-2.992553593437655,-0.2598414899492458,474298250.0,42.6674138934937,3.017857142857144,1.332061666172038,0.2684210526292244,0.1549367088599751,0.0516921319434529,0.0325862577410793,0.0229478203613007,38.03556992509096,0.9140138982158356,0.0,0.0,0.0,0.5,-1.1599376749696328,-0.993002549880967,-1.0553015851294305,-0.9071258928675212,-0.5466689016381873,-1.1056052358329187,,,,0.5129636921981447,,,,,,,,,0.8850597238056254,-0.3566918289473143,,,0.08055831228983,,,,-1.3426177254844731,-1.4294098597802682,-0.1765295727629844,0.3956019340413204,,,,,,0.8850597238056254,,,2.4647526573022764,0.0,0.0,0.0,0.0,其他,0,0,0.5,1.0,0,0.8028455284552846,-0.04041125232043408,-0.11380836784235326,0.6965376782077393,0.4908350305498982,0.4195519348268839,0.6456211812627292,0.8981670061099797,0.7169042769857433,0.5,0.5,0.5,0.5,0.8028455284552846,0.6646341463414634,0.23170731707317074
2026-06-12,70.8,74.33,70.52,73.0,21855376.0,69.38399999999999,70.38399999999999,72.924,79.04133333333333,0.0521157615588609,0.0371675380768359,0.0010421809006635,-0.0764325837958198,72.924,79.26754176349925,66.58045823650076,0.5059903444150631,0.1739767912755895,0.0424103955447665,0.0476463834672789,0.0073133710500896,-0.0685211177746587,0.0361939732869889,0.0308645602497353,0.0247150123554335,46.36704119607065,-2.8628825517930068,-2.966619385108709,0.1037368333157022,496153626.0,53.63906912565449,3.172857142857143,2.223788971867198,0.5562730627254956,0.3062468257983432,0.0171232876712328,0.0424103955447665,0.0247150123554335,46.36704119607065,0.7591315102642813,0.0,0.0,0.0,0.5,-0.781711050935937,-0.6584787186486245,-0.6771066717663643,-0.6125146509172988,-0.0781764639199512,-1.0295538816968566,,,,1.4045761201171525,,,,,,,,,1.1484229694314163,0.5696659796086108,,,0.2092323615447713,,,,-1.1903432676285617,-1.402129789633212,0.2115393896224321,0.5299612650697536,,,,,,1.1484229694314163,,,1.990963665994842,0.0,0.0,0.0,0.0,其他,0,0,0.5,1.0,0,0.7064777327935222,-0.07684931506849313,-0.18684931506849312,0.9269776876267748,0.6551724137931034,0.4381338742393509,0.7829614604462475,0.9634888438133874,0.8194726166328601,0.5,0.5,0.5,0.5,0.7064777327935222,0.5647773279352226,0.15789473684210525
2026-06-15,74.1,74.1,71.51,72.39,13969458.0,70.468,70.537,72.653,78.82716666666667,0.0272747913946755,0.026269900903072,-0.0036199468707418,-0.0816617790397981,72.653,78.56615785257502,66.739842147425,0.4777614595614717,0.1627780780578055,-0.0083561643835616,0.0809317604897714,0.0215918712955123,-0.069656856445187,0.0274205201828537,0.0299974090925992,0.0247265259288553,43.16711077044408,-2.5737418001808265,-2.888043868123094,0.3143020679422674,482184168.0,61.58657153037843,3.1278571428571422,1.3724391221650794,0.5409181636672566,0.2752666328071343,-0.0294239535847492,-0.0083561643835616,0.0247265259288553,43.16711077044408,-0.3608228016758897,0.0,0.0,0.0,0.5,-0.4583166866587956,-0.6764843970151527,-0.5734678384420299,-0.6686535095511809,-0.4689464788106128,-0.9129294034101328,,,,0.7196960161824985,,,,,,,,,-0.2653781257895922,0.9922503022546206,,,-0.3691595224407699,,,,-1.0768196159653596,-1.3552092410247312,0.4356175303676638,0.4400305091582522,,,,,,-0.2653781257895922,,,-1.090898267198044,0.0,0.0,0.0,0.0,其他,0,0,0.5,1.0,0,0.4908722109533469,-0.07860201685315649,-0.1566514711976793,0.8678861788617886,0.5975609756097561,0.43089430894308944,0.6422764227642277,0.8109756097560976,0.741869918699187,0.5,0.5,0.5,0.5,0.4908722109533469,0.6146044624746451,0.2231237322515213
2026-06-16,73.5,75.66,72.39,73.97,15873348.0,71.442,70.816,72.50200000000001,78.65183333333334,0.0353853475546597,0.0445379575237234,0.02024771730435,-0.0595260547009924,72.50200000000001,78.09437676616416,66.90962323383586,0.631250098242556,0.1542682068399888,0.0218262190910345,0.0704775687409551,0.0391964034841245,-0.0392258734900635,0.0263222783869935,0.0306170145119941,0.0252816564648202,51.04701698650866,-2.19184282431398,-2.748803659361216,0.5569608350472359,498057516.0,68.20373107720188,3.1614285714285706,1.4962204084080335,0.7608695652091207,0.3555104113745277,-0.0536704069217249,0.0218262190910345,0.0252816564648202,51.04701698650866,0.1362894680666924,0.0,0.0,0.0,0.5,-0.5143538036054303,-0.5249342707469019,-0.4814607362848678,-0.5104611247565917,-0.3721074026590824,-0.8088126009335047,,,,0.9351416196384806,,,,,,,,,0.5759565371033423,0.8509364903757464,,,-0.4398992999967952,,,,-0.9323465674404364,-1.286026874634289,0.6930145503184642,0.5374704602170373,,,,,,0.5759565371033423,,,0.2790214634165934,0.0,0.0,0.0,0.0,其他,0,0,0.5,1.0,0,0.4109311740890688,-0.09693118831958902,-0.18385832094092203,0.8701825557809331,0.7484787018255578,0.45030425963488846,0.7910750507099391,0.9006085192697769,0.8356997971602435,0.5,0.5,0.5,0.5,0.4109311740890688,0.2854251012145749,0.17611336032388664
2026-06-17,73.11,73.71,72.3,73.1,9333688.0,72.498,70.784,72.3485,78.52166666666668,0.0083036773428231,0.0327192585895115,0.0103872229555552,-0.0690467599176449,72.3485,77.67938034597978,67.01761965402022,0.5704855437723039,0.147366713780449,-0.0117615249425443,0.0778531406664702,-0.0043584854263144,-0.0403045818563739,0.0243326509779045,0.0293772342524686,0.0253035751542951,46.33751517341673,-1.9370545165607207,-2.586453830801066,0.6493993142403447,488723828.0,62.691884845075016,3.096428571428571,0.8857139401634115,0.6803551609247455,0.3113255459608361,-0.0651162790697673,-0.0117615249425443,0.0253035751542951,46.33751517341673,-0.4119899595220869,0.0,0.0,0.0,0.5,-0.5497604477367767,-0.7074852381893728,-0.4883113267479471,-0.5933075986598642,-0.6961360795711601,-0.6975062369785127,-0.950986559089422,,,0.1907448209580741,0.5085260594207174,,,,,,,,-0.3645604422382006,0.939287239022307,,,-0.5693149811684098,,,,-0.8349647942729355,-1.2096218688075675,0.7878199195038338,0.4761441831751913,,,,,,-0.3645604422382006,,,-1.2265729429521854,0.0,0.0,0.0,0.0,其他,0,0,0.5,1.0,0,0.3157894736842105,-0.10123119015047866,-0.18002735978112172,0.8539553752535497,0.7281947261663286,0.44016227180527384,0.7099391480730223,0.5598377281947262,0.7910750507099391,0.5,0.5,0.5,0.5,0.3157894736842105,0.2125506072874494,0.16835699797160245
2026-06-18,72.5,74.72,72.38,73.65,10459580.0,73.22200000000001,70.97099999999999,72.232,78.39900000000002,0.005845237770069,0.0377478124867907,0.019631188392956,-0.0605747522289826,72.232,77.32526738269007,67.13873261730993,0.6392033731387524,0.14102523487327,0.0075239398084816,0.0516921319434529,0.0260518250208972,-0.0306659647275598,0.0223964115929952,0.0283601135787709,0.0253871143466999,52.5854513552314,-1.6714865071475489,-2.4034603660703167,0.731973858922768,499183408.0,68.31121598104454,3.057857142857142,0.9935989472139956,0.7413984461626929,0.3392585068545496,-0.0875763747454175,0.0075239398084816,0.0253871143466999,52.5854513552314,0.1206267018996134,0.0,0.0,0.0,0.5,-0.6064541143162563,-0.6073884476899541,-0.477846431421769,-0.5361585077938703,-0.63608963163351,-0.6204767779458932,-0.9240786071938238,,,0.1224848207746719,0.5890759134867914,,,,,,,,0.1775410578205921,0.5969371693869634,0.1250108568936689,,-0.6944402374186167,-0.3656240753440521,,,-0.7347445727191169,-1.1268860794623603,0.8711472477173046,0.5398361820229166,,,,,,0.1775410578205921,,,0.2438367046673715,0.0,0.0,0.0,0.0,其他,0,0,0.5,1.0,0,0.2576064908722109,-0.09966055668703333,-0.23068567549219288,0.8028455284552846,0.7560975609756098,0.4491869918699187,0.8272357723577236,0.6747967479674797,0.8556910569105691,0.5,0.5,0.5,0.5,0.25760649087221094,0.13387423935091278,0.1524390243902439
2026-06-22,73.02,74.31,71.0,74.25,11632915.0,73.47200000000001,71.428,72.147,78.36550000000001,0.0105890679442508,0.0395083160665286,0.0291488211568047,-0.0525167324907007,72.147,77.03147206649977,67.26252793350024,0.7152740328224955,0.1354033311570265,0.0081466395112015,0.0171232876712328,0.0655855338691158,-0.0223831468071099,0.013666688617229,0.0260119039336295,0.0254739591870609,57.77166437043189,-1.3965107197240911,-2.202070436801031,0.8055597170769397,510816323.0,66.36192574833086,3.134999999999999,1.0884802013380273,0.8079911209677245,0.3697308278295089,-0.0923905723905723,0.0081466395112015,0.0254739591870609,57.77166437043189,0.1121780224444959,0.0,0.0,0.0,0.5,-0.5525063624298321,-0.6433255318422221,-0.6165002931434755,-0.4743322615197091,-0.5740512254345673,-0.591839277760745,-0.8694638930458775,,,0.2527103476559961,0.6150189441360492,,,,,,,,0.1943594914281276,0.1470968388657919,0.4349888040069832,,-1.2651849586298949,-0.5557902333424427,,,-0.6319417828191499,-1.0385602704386128,0.943893020591987,0.6106542986759421,,,,,,0.1943594914281276,,,0.2195259989882524,0.0,0.0,0.0,0.0,其他,0,0,0.5,1.0,0,0.2813765182186235,-0.10841750841750841,-0.23717171717171714,0.7038539553752535,0.7586206896551724,0.44421906693711966,0.8661257606490872,0.5273833671399595,0.8154158215010142,0.5,0.5,0.5,0.5,0.2813765182186235,0.17813765182186234,0.1845841784989858
2026-06-23,74.0,74.01,69.9,70.26,11324940.0,73.046,71.75699999999999,71.913,78.23633333333332,-0.0381403499164909,-0.0208620761737529,-0.0229861082140918,-0.101951778585397,71.913,76.68110941237892,67.14489058762108,0.3266608568438934,0.1326077180029282,-0.0537373737373736,-0.0294239535847492,0.0491264745408392,-0.0624499599679743,0.0294473111108805,0.0291373665039094,0.0279962795989053,48.1946624777287,-1.483438355619569,-2.058344020564715,0.5749056649451463,499491383.0,64.90736359146987,3.2242857142857133,1.0398505339846718,0.3651498335142608,0.1670898933460283,-0.0506689439225733,-0.0537373737373736,0.0279962795989053,48.1946624777287,-0.0264744477201114,0.0,0.0,0.0,0.5,-0.4537060321125356,-0.6685549688839058,-0.7256688265179068,-0.8660903103189604,-0.5866092248538683,-0.631895469136874,-0.8289249049599335,,,-1.0914198614370758,-0.3950448533196707,,,,,,,,-1.5403329498489275,-0.4580108533987367,0.3032464288118774,,-0.2111828364076585,-0.2965984840248449,,,-0.659835098001912,-0.9742248995327054,0.6903121480117278,0.5357879053921035,,,,,,-1.5403329498489275,,,-0.1657085495273728,0.0,0.0,0.0,0.0,其他,0,0,0.5,1.0,0,0.6578947368421053,-0.10418445772843732,-0.17506404782237406,0.48884381338742394,0.6531440162271805,0.5030425963488844,0.7626774847870182,0.563894523326572,0.6308316430020284,0.5,0.5,0.5,0.5,0.6578947368421053,0.2591093117408907,0.23529411764705882
2026-06-24,69.59,70.38,68.8,70.0,7399006.0,72.252,71.847,71.614,78.05316666666666,-0.0311686873719757,-0.0257074060155607,-0.0225374926690312,-0.1031753996741535,71.614,76.04645637019468,67.18154362980533,0.3179339100904775,0.1237874262068445,-0.0037005408482778,-0.0536704069217249,0.0130246020260493,-0.0787049223479863,0.0254442647676085,0.0276598738920627,0.0277181919903194,42.72340425277393,-1.555378701524063,-1.957750956756572,0.4023722552325088,492092377.0,57.02682914965428,2.997857142857142,0.6859591684225447,0.3816120906752948,0.1538852209235456,-0.0457142857142857,-0.0037005408482778,0.0277181919903194,42.72340425277393,-0.3466626754755434,0.0,0.0,0.0,0.5,-0.8843108178759603,-1.0113642726205947,-0.8339056747908733,-0.8860193070143536,-0.7806549497397139,-0.709059511211628,-0.8138899181877519,,,-0.8916522284430154,-0.474196746812134,,,,,,,,-0.1285080966699044,-0.7705138844252974,0.0161097768792005,,-0.477055775598014,-0.416970150231107,,-0.3478611432889648,-0.6821810365546968,-0.927725270296294,0.5007997349858873,0.4861928763428496,0.297762054354095,-0.6519538255962983,,,,-0.1285080966699044,,-0.3478611432889648,-1.0516809281766493,0.0,0.0,0.0,0.0,其他,0,0,0.5,1.0,0,0.2860040567951318,-0.12971428571428567,-0.11314285714285721,0.40853658536585363,0.6178861788617886,0.4817073170731707,0.6605691056910569,0.17276422764227642,0.6829268292682927,0.5,0.5,0.5,0.5,0.28600405679513186,0.18052738336713997,0.3509127789046653
2026-06-25,69.44,69.44,67.86,68.34,7624238.0,71.3,71.899,71.35900000000001,77.8985,-0.0415147265077138,-0.0494999930458003,-0.0423072072198321,-0.1227045450169129,71.35900000000001,75.93366662575943,66.78433337424059,0.1700306003701594,0.1282155474643145,-0.0237142857142856,-0.0651162790697673,0.0076673547626071,-0.0694444444444444,0.026120755894621,0.0281251091702205,0.0272513854520917,42.687074827391086,-1.72643456443393,-1.9114876782920385,0.1850531138581084,484468139.0,57.92464174982351,2.942142857142856,0.703626912774831,0.1725440806023615,0.0695784662261577,-0.038630377524144,-0.0237142857142856,0.0272513854520917,42.687074827391086,0.0304408457027876,0.0,0.0,0.0,0.5,-0.8931258280259882,-1.0930704479986777,-0.9246262211645516,-1.043471533205402,-0.7646795110982643,-0.8016458580534351,-0.8030474167021776,,,-1.1682527689004056,-0.8694925457735982,,,,,,,,-0.6912809717197578,-0.913987244717359,-0.0265581352038052,,-0.4296234763203702,-0.3765737524646241,,-0.3484289781693911,-0.740122765579215,-0.9031678164826298,0.2633462852413636,0.4353452711513174,0.344515117805756,-0.6825270429665788,,,,-0.6912809717197578,,-0.3484289781693911,0.0013142771193418,0.0,0.0,0.0,0.0,其他,0,0,0.5,1.0,0,0.2312373225152129,-0.11047702663154824,-0.06438396254024004,0.3150406504065041,0.6626016260162602,0.4634146341463415,0.676829268292683,0.17479674796747968,0.6605691056910569,0.5,0.5,0.5,0.5,0.23123732251521298,0.17038539553752535,0.3597560975609756
2026-06-26,68.0,68.79,67.2,67.2,7427793.0,70.01,71.61600000000001,70.9735,77.7,-0.0401371232681045,-0.061662198391421,-0.0531677316181391,-0.1351351351351351,70.9735,75.58747088942006,66.35952911057994,0.091078911154183,0.1300195393890271,-0.0166812993854258,-0.0875763747454175,-0.040411252320434,-0.1029235082098517,0.0234502323689472,0.0262540149876011,0.0268354814216099,44.50354609652904,-1.9317156557130064,-1.9155332737762325,-0.0161823819367739,477040346.0,58.94103697551771,2.8342857142857136,0.6849371962494827,0.0315934065929731,0.0116810563737346,-0.0132440476190476,-0.0166812993854258,0.0268354814216099,44.50354609652904,-0.0257658535843188,0.0,0.0,0.0,0.5,-1.0279819583027137,-1.1458382727467151,-0.9856215953723648,-1.1472326134432325,-0.7700818914168674,-0.9275498475911236,-0.8275258563191594,,,-1.1202653849504562,-1.0657541276587408,,,,,,,,-0.4894977632731487,-1.1972134751961376,-0.4100912894092525,,-0.6064391916388332,-0.5298845789308313,,-0.237845738059514,-0.8099413658849876,-0.8987029377521728,0.0435080063585733,0.3859038654548865,0.3975599899717477,-0.7451316512798537,,,,-0.4894977632731487,,-0.237845738059514,-0.1556377430880187,0.0,0.0,0.0,0.0,其他,0,0,0.5,1.0,0,0.1890243902439024,-0.07648809523809519,-0.08958333333333335,0.25661914460285135,0.6334012219959266,0.45824847250509165,0.7596741344195519,0.1690427698574338,0.7026476578411406,0.5,0.5,0.5,0.5,0.18902439024390244,0.15853658536585366,0.29327902240325865
2026-06-29,66.94,67.54,65.69,67.39,7471392.0,68.638,71.055,70.7195,77.4515,-0.0181823479705119,-0.0515797621560764,-0.0470803668012358,-0.1299071031548775,70.7195,75.54122921591139,65.8977707840886,0.1547400475094766,0.1363620844577399,0.0028273809523808,-0.0923905723905723,-0.0768493150684931,-0.0700979715744445,0.0220499092888934,0.0209628015854437,0.0260831420052885,51.04790418805055,-2.055378121086747,-1.943502243238337,-0.1118758778484099,484511738.0,59.46529620269991,2.731428571428571,0.6909547372142499,0.0576923076915154,0.0213306246824717,-0.0176584062917346,0.0028273809523808,0.0260831420052885,51.04790418805055,0.0058697112318557,0.0,0.0,0.0,0.5,-1.1235853585904343,-1.2542541445793405,-1.1322016769381815,-1.1189103700950265,-0.763391476554595,-1.0599715362685096,-0.8809673929140901,,,-0.5094994050053178,-0.889233854608674,,,,,,,,0.0652758275232611,-1.24786891792207,-0.6990489401228173,,-0.697089788708729,-0.9649344341714252,,0.1577465250579624,-0.8496496814085258,-0.9037372042145204,-0.0611211517572457,0.4322469110211725,0.4239578765381666,-0.8040868474575279,,,,0.0652758275232611,,0.1577465250579624,-0.0663904617600774,0.0,0.0,0.0,0.0,其他,0,0,0.5,1.0,0,0.1781376518218623,-0.11915714497699958,-0.0921501706484642,0.281947261663286,0.7139959432048681,0.43610547667342797,0.7890466531440162,0.1643002028397566,0.6855983772819473,0.5,0.5,0.5,0.5,0.17813765182186234,0.1437246963562753,0.24746450304259635
2026-06-30,66.94,67.32,65.48,66.7,7599028.0,67.926,70.48600000000002,70.5115,77.218,-0.0180490533816212,-0.0537127940300203,-0.0540550123029576,-0.1362117640964542,70.5115,75.65582656326055,65.36717343673945,0.129543347108473,0.1459145405573063,-0.0102389078498292,-0.0506689439225733,-0.0786020168531564,-0.0587073101891052,0.0104468745968915,0.0209771737907026,0.0257615694968617,43.54838709349638,-2.1838828188554515,-1.9915783583617623,-0.1923044604936892,476912710.0,54.48422656714896,2.6871428571428564,0.7011364102362346,0.0,0.0,-0.0563718140929535,-0.0102389078498292,0.0257615694968617,43.54838709349638,0.0170832958570503,0.0,0.0,0.0,0.5,-1.1143470427130575,-1.2632493919470855,-1.1441271245689826,-1.177203428648962,-0.7525583124313111,-1.1234488451180622,-0.9346194091401264,,,-0.5034173266409129,-0.918584298523596,,,,,,,,-0.3066118851862091,-0.6988048504734601,-0.7089562089417704,,-1.464893993740442,-0.956441794324266,,-0.2968584245369418,-0.8907140303734725,-0.9166610617422633,-0.1490210716409869,0.3814468085748354,0.1522616430657335,-0.8261923619378063,,,,-0.3066118851862091,,-0.2968584245369418,-0.0345981710626585,0.0,0.0,0.0,0.0,其他,0,0,0.5,1.0,0,0.180161943319838,-0.08470764617691162,-0.10269865067466266,0.6592292089249493,0.7505070993914807,0.4340770791075051,0.7018255578093306,0.2697768762677485,0.6430020283975659,0.5,0.5,0.5,0.5,0.18016194331983806,0.2125506072874494,0.25760649087221094
2026-07-01,66.13,67.84,65.67,66.8,7424996.0,67.286,69.769,70.29249999999999,76.97233333333334,-0.0072228992658205,-0.0425547162780032,-0.0496852438026815,-0.1321557096272687,70.29249999999999,75.68398597815349,64.90101402184649,0.1761097020219152,0.1534014575707458,0.0014992503748125,-0.0457142857142857,-0.096931188319589,-0.0615341388030347,0.0114763512843983,0.0186240086254467,0.0257258758823448,47.072330650637134,-2.2516984352159994,-2.043602373732612,-0.2080960614833875,484337706.0,54.70026200436909,2.6492857142857136,0.685703321843279,0.0132450331124066,0.0050100200400547,-0.0880239520958082,0.0014992503748125,0.0257258758823448,47.072330650637134,-0.0229018763978761,0.0,0.0,0.0,0.5,-1.1840309371742024,-1.2025383589506675,-1.1153285785549192,-1.1573157755555965,-0.7570947663521213,-1.1784853800997002,-1.0030807904051156,,,-0.2009596886471881,-0.7256516126154269,,,,,,,,0.0296052411331411,-0.6306159893118055,-0.8512056484671106,,-1.3801411577395315,-1.1429090309368464,,-0.0815064843800005,-0.9094312170144656,-0.9310251223648892,-0.1658348540060502,0.4278394258795736,0.163395222624704,-0.8441184101687945,,,,0.0296052411331411,,-0.0815064843800005,-0.1473805099170842,0.0,0.0,0.0,0.0,其他,0,0,0.5,1.0,0,0.1849593495934959,-0.09625748502994014,-0.09281437125748493,0.285132382892057,0.6822810590631364,0.4073319755600815,0.6720977596741344,0.14867617107942974,0.4786150712830957,0.5,0.5,0.5,0.5,0.18495934959349594,0.22357723577235772,0.27346938775510204
2026-07-02,66.28,67.91,65.4,65.7,8727080.0,66.758,69.029,69.9065,76.71483333333332,-0.0158482878456514,-0.0482261078677076,-0.060173231387639,-0.1435815324719902,69.9065,75.45823666522412,64.35476333477587,0.1211545815599047,0.1588332033563741,-0.0164670658682634,-0.038630377524144,-0.1012311901504786,-0.1051484609098337,0.0094784008275897,0.0187330447701048,0.0245665497717899,36.72593500604437,-2.3669172912866543,-2.1082653572434222,-0.258651934043232,475610626.0,47.9792395298686,2.5414285714285705,0.855940720444987,0.0,0.0,-0.0747336377473364,-0.0164670658682634,0.0245665497717899,36.72593500604437,0.175364942957545,0.0,0.0,0.0,0.5,-1.1593019924948478,-1.1854285691397313,-1.1337253187015843,-1.254721111513305,-0.6868925711630461,-1.2211602820036145,-1.072886156720087,-1.1989199753422346,,-0.4402344341273848,-0.8164194283530377,-0.6995955545231536,,-1.1989199753422346,-1.2937800396438095,-0.6702038660531032,-1.073579196758906,-0.449272725994482,-0.4848974508827209,-0.5350947064401592,-0.8798640179988072,,-1.495880641453018,-1.123798209395282,,-0.7110922403908174,-0.9450817732702652,-0.9502247632005996,-0.2210030735051331,0.3694716051030893,-0.2044284752132048,-0.9052882127100008,-0.1575200510964121,-1.2424526372512197,,-0.4848974508827209,,-0.7110922403908174,0.414840929359015,0.0,0.0,0.0,0.0,其他,0,0,0.5,1.0,0,0.2064777327935222,-0.08767123287671241,,0.2332657200811359,0.4746450304259635,0.3488843813387424,0.35294117647058826,0.3103448275862069,0.3367139959432049,0.5,0.5,0.5,0.5,0.20647773279352227,0.25303643724696356,0.5
2026-07-03,66.06,67.45,66.06,66.31,6727555.0,66.58,68.295,69.633,76.49566666666666,-0.0040552718534093,-0.029065085291749,-0.0477216262404318,-0.1331535119636405,69.633,75.33308716461461,63.93291283538538,0.2085132293546678,0.1637179832724837,0.0092846270928461,-0.0132440476190476,-0.0996605566870333,-0.0762050710504318,0.01046603212193,0.0189280525846099,0.0244262653716483,26.021505373732595,-2.38155492692475,-2.162923271179689,-0.2186316557450607,482338181.0,41.65618156869264,2.359285714285713,0.6696687389596704,0.0713450292389316,0.0291030534349756,-0.0640928969989443,0.0092846270928461,0.0244262653716483,26.021505373732595,-0.2291172992570253,0.0,0.0,0.0,0.5,-1.17095124257677,-1.2184509598844842,-1.0576419327054924,-1.183988337298532,-0.7847182634822852,-1.227873086674115,-1.1408309474454408,-1.2187541416318135,,-0.1090205910385843,-0.4891969891669978,-0.5671035508465295,,-1.2187541416318135,-1.2913135553059194,-0.7080668871245945,-0.8034094716889069,-0.4141630436810368,0.2567637781499112,-0.2003432435565915,-0.8613316913680412,-0.5336061543022794,-1.413847138214941,-1.0980744745487516,-0.7969567309595667,-1.352816715528003,-0.9439999996966842,-0.9652861578917756,-0.1758719424688168,0.4117173678852348,-0.5497753904825842,-1.0116614913809758,-0.7049131146184443,-1.0309324636500283,,0.2567637781499112,-0.7969567309595667,-1.352816715528003,-0.7351327944832583,0.0,0.0,0.0,0.0,其他,0,0,0.5,1.0,0,0.2449392712550607,-0.1455285778917208,,0.18864097363083165,0.48884381338742394,0.34685598377281945,0.11359026369168357,0.1947261663286004,0.2778904665314402,0.5,0.5,0.5,0.5,0.24493927125506074,0.23279352226720648,0.5
2026-07-06,66.06,69.52,65.51,66.2,10323706.0,66.34200000000001,67.49000000000001,69.45899999999999,76.26466666666667,-0.0021404238642188,-0.0191139428063418,-0.0469197656171264,-0.1319702439749294,69.45899999999999,75.36189812852831,63.55610187147168,0.2239491577643994,0.1699678408419303,-0.0016588749811491,-0.0176584062917346,-0.1084175084175084,-0.0499425947187142,0.0100670911950838,0.0181035436852554,0.0236727438399574,26.988847580833863,-2.374657621477155,-2.205270141239183,-0.169387480237972,472014475.0,39.57570809435404,2.460714285714285,1.0252551447495122,0.0584795321630587,0.0238549618319472,-0.1033232628398792,-0.0016588749811491,0.0236727438399574,26.988847580833863,0.5345405574536366,0.0,0.0,0.0,0.5,-1.1611488679702882,-1.0134568771766177,-1.105449010893567,-1.1846298052601727,-0.5974380487808507,-1.2404985897913243,-1.214821106569047,-1.2266204826991194,,-0.0549084058208383,-0.3186358600138193,-0.5557557011976964,,-1.2266204826991194,-1.2745864097824886,-0.7411753563575354,-0.7517190013180903,-0.3699387825783398,-0.059692433362428,-0.2576179834905824,-0.925636871768788,-0.3928225477621504,-1.4242446188550286,-1.1563838913266655,-0.8660226449589657,-1.2802064912586888,-0.9351983584634198,-0.9753526029575024,-0.1205100619356696,0.3426869052054595,-0.6609241480543948,-0.9408880817494928,0.3490189867821757,-1.0581402510214346,,-0.059692433362428,-0.8660226449589657,-1.2802064912586888,1.431475141057075,0.0,0.0,0.0,0.0,其他,0,0,0.5,1.0,0,0.2105263157894736,-0.14441087613293058,,0.17647058823529413,0.6166328600405679,0.332657200811359,0.16835699797160245,0.6997971602434077,0.31643002028397565,0.5,0.5,0.5,0.5,0.21052631578947367,0.2408906882591093,0.5
2026-07-07,65.5,65.5,62.9,62.94,9859144.0,65.59,66.75800000000001,69.25750000000001,75.91766666666668,-0.0404025003811557,-0.0571916474430033,-0.0912175576652349,-0.1709439612211476,69.25750000000001,75.76256159200534,62.752438407994674,0.0144165884789156,0.1878514700067412,-0.0492447129909365,-0.0563718140929535,-0.1041844577284373,-0.0601761982977452,0.0231678510114853,0.0169513217672603,0.0246098274592325,13.549239919433631,-2.6022446998226627,-2.2846650529558805,-0.3175796468667822,462155331.0,28.29958380684046,2.462857142857142,0.9741550913868924,0.0,0.0,-0.0300285986653956,-0.0492447129909365,0.0246098274592325,13.549239919433631,-0.0449995379566213,0.0,0.0,0.0,0.5,-1.2056819175876945,-1.3827764163507663,-1.3600667075652226,-1.4894092164775583,-0.6182916462042715,-1.3041469872271618,-1.2795763369579962,-1.2375547781520198,,-1.1267383466710197,-0.9613974785940724,-1.0102717945078503,,-1.2375547781520198,-1.223623330764302,-0.8164697149915309,-1.3721737641685312,-0.2468293078585212,-1.4260050618375546,-0.7660720920653709,-0.885293288146688,-0.4449534136875244,-0.5525816917484595,-1.2402489373699257,-0.7671387112373287,-2.05703589964134,-1.0112726757120991,-0.9998987917451366,-0.2853086850340166,0.2768063908999814,-1.2718152863716574,-0.9327092733006838,0.1959520247626827,-1.2117156861237155,,-1.4260050618375546,-0.7671387112373287,-2.05703589964134,-0.2176174252356326,0.0,0.0,0.0,0.0,其他,0,0,0.5,1.0,0,0.3407707910750507,-0.07912297426120107,,0.17886178861788618,0.5711382113821138,0.3800813008130081,0.034552845528455285,0.7540650406504065,0.1910569105691057,0.5,0.5,0.5,0.5,0.3407707910750507,0.31643002028397565,0.5
2026-07-08,62.51,62.94,60.88,60.92,7029340.0,64.41400000000002,65.85,68.8485,75.57966666666667,-0.0542428664576025,-0.0748671222475321,-0.1151586454316361,-0.19396310295097,68.8485,76.3478846063312,61.3491153936688,-0.0286100404360953,0.2178517936141037,-0.0320940578328566,-0.0880239520958082,-0.1297142857142856,-0.1183791606367582,0.0233917784676599,0.0179753069807188,0.0240203557885183,12.592137591054724,-2.9120354591907898,-2.410139134202864,-0.5018963249879258,455125991.0,29.15283440361499,2.490714285714285,0.6995148066010742,0.0,0.0,-0.0090282337491792,-0.0320940578328566,0.0240203557885183,12.592137591054724,-0.2870232953286816,0.0,0.0,0.0,0.5,-1.4824894638151649,-1.6058037141290826,-1.5484472888045555,-1.6655479462868594,-0.7598266272533958,-1.4082646752064585,-1.3609146326365666,-1.2722651213238216,,-1.4995537820514309,-1.2509388307670417,-1.2473487472283509,,-1.2722651213238216,-1.1566747513757745,-0.9505014489635556,-1.4828973171398925,-0.0411354108344445,-0.9237287442060872,-1.1757764315709185,-1.0833943160049635,-0.7501205391642315,-0.5351878564052397,-1.1450368880239443,-0.8206444007041168,-2.071003158985332,-1.1158523387929469,-1.042246699346009,-0.4901756802355267,0.2295865234246735,-1.2129989444242175,-0.9087341908543712,-0.622024183233843,-1.1997199556436418,,-0.9237287442060872,-0.8206444007041168,-2.071003158985332,-0.9031680296794832,0.0,0.0,0.0,0.0,其他,0,0,0.5,1.0,0,0.3785425101214575,0.019041365725541715,,0.18255578093306288,0.3448275862068966,0.3711967545638945,0.036511156186612576,0.4421906693711968,0.1440162271805274,0.5,0.5,0.5,0.5,0.3785425101214575,0.6761133603238867,0.5
2026-07-09,60.92,61.56,59.33,60.79,7067232.0,63.432,65.095,68.497,75.23916666666666,-0.0416509017530583,-0.0661341116829249,-0.1125158766077346,-0.192043151284238,68.497,76.81380885157746,60.180191148422544,0.0366612280296742,0.2428371710166961,-0.0021339461588969,-0.0747336377473364,-0.1104770266315482,-0.1036567384252432,0.0244848309284314,0.0179279777258644,0.0238497058866226,9.457755358559766,-3.131933527574006,-2.5544980128770938,-0.5774355146969121,448058759.0,20.6834315907451,2.482857142857142,0.7012750885095066,0.0,0.0,-0.0139825629215332,-0.0021339461588969,0.0238497058866226,9.457755358559766,0.0053905487570669,0.0,0.0,0.0,0.5,-1.6172446174883677,-1.7124024040699015,-1.6836576352744006,-1.6562218370057824,-0.7537421526486644,-1.4902081556671667,-1.424259476694132,-1.299506666432081,,-1.136313579088544,-1.093194269972014,-1.207724853029022,,-1.299506666432081,-1.1023540543118948,-1.059222822884722,-1.272657946880096,0.1302061480663347,-0.0563089214819134,-0.9925150774954926,-0.9210563296739736,-0.6676600284933693,-0.4602958451617032,-1.1390641730211837,-0.8320587759337704,-2.2059346189345725,-1.1862568282485908,-1.091391169445285,-0.5725889673560793,0.1821520375537799,-1.6554068161746058,-0.907306079167956,-0.6133538433920067,-1.18807446829071,,-0.0563089214819134,-0.8320587759337704,-2.2059346189345725,-0.0670769984916901,0.0,0.0,0.0,0.0,其他,0,0,0.5,1.0,0,0.3279352226720647,0.05181773317979932,,0.20486815415821502,0.3975659229208925,0.38336713995943206,0.010141987829614604,0.2961460446247465,0.13793103448275862,0.5,0.5,0.5,0.5,0.32793522267206476,0.7105263157894737,0.5
2026-07-10,60.7,63.33,59.91,62.06,8818427.0,62.58200000000001,64.58099999999999,68.0985,74.94016666666667,-0.0083410565338276,-0.0390362490515784,-0.0886730251033429,-0.1718726717536879,68.0985,76.85801278385499,59.33898721614501,0.1553175873465625,0.2572600801439715,0.0208915940121729,-0.0640928969989443,-0.0764880952380951,-0.1138083678423532,0.0277194838117255,0.0204754987415445,0.0230032745860769,13.12764670185244,-3.1672174805864017,-2.6770419064189563,-0.4901755741674454,456877186.0,28.680048875718768,2.490714285714285,0.8909831086047231,0.0943536404153467,0.0490916119054926,-0.0870125684821141,0.0208915940121729,0.0230032745860769,13.12764670185244,0.2477907899443516,0.0,0.0,0.0,0.5,-1.6180010715882294,-1.5281717224326417,-1.6046433493805137,-1.5153320269262756,-0.6599922663752246,-1.5565867198964571,-1.4610797332242489,-1.3314648224423862,,-0.2006322947179232,-0.6287768217961,-0.9523627508888456,,-1.3314648224423862,-1.0885742210695804,-1.1335437416232994,-0.90940403131347,0.2288597816769414,0.6096231045941916,-0.8462913261426821,-0.6420414488114149,-0.7175656904161369,-0.2430808237933195,-0.9214293206630516,-0.9104623488141198,-1.9542609667917803,-1.189111840808863,-1.1312031262068627,-0.4721023144598859,0.2398502972502294,-1.2064294009767254,-0.8961758210855325,-0.0429010752721353,-0.9150839810536632,,0.6096231045941916,-0.9104623488141198,-1.9542609667917803,0.6252259009146287,0.0,0.0,0.0,0.0,其他,0,0,0.5,1.0,0,0.2368421052631578,-0.014179825974863114,,0.2434077079107505,0.22920892494929007,0.3265720081135903,0.02028397565922921,0.3935091277890467,0.16835699797160245,0.5,0.5,0.5,0.5,0.23684210526315788,0.5991902834008097,0.5
2026-07-13,61.27,61.6,59.06,59.36,6204272.0,61.214,63.778,67.41650000000001,74.57516666666666,-0.0302871892050837,-0.0692715356392486,-0.1195033856696804,-0.2040245747579063,67.41650000000001,76.67872952584669,58.15427047415334,0.0650885147293912,0.2747763389031745,-0.043506284241057,-0.1033232628398792,-0.1191571449769995,-0.1868493150684931,0.0297404266403735,0.0229169906122905,0.02150598198707,14.238845143048906,-3.37414985838069,-2.816463496811304,-0.5576863615693863,450672914.0,30.425173636116185,2.394285714285714,0.6806768409057524,0.0,0.0,-0.045822102425876,-0.043506284241057,0.02150598198707,14.238845143048906,-0.2964423246912403,0.0,0.0,0.0,0.5,-1.5446093292871137,-1.667835737704192,-1.6682142419263015,-1.7512931774050056,-0.7908724982383893,-1.6709231794164834,-1.5261388425965785,-1.3949478396317023,,-0.8139394075971542,-1.1348973214184477,-1.260186330849656,,-1.3949478396317023,-1.0960039839384763,-1.2401598035707249,-1.1696730861098468,0.3487522388610425,-1.2538377508974927,-1.3528212251651508,-0.9816712889640934,-1.0991233429293608,-0.1071002611513196,-0.7148543219227063,-1.052244647135597,-1.857897092265717,-1.2534008879874352,-1.1769444975219487,-0.5460745326822349,0.1978026674046167,-1.1018124728682217,-0.9501145450989836,-0.6737649339466834,-1.1704108324937486,,-1.2538377508974927,-1.052244647135597,-1.857897092265717,-0.9331828483954636,0.0,0.0,0.0,0.0,其他,0,0,0.5,1.0,0,0.2935222672064777,0.030660377358490587,,0.20892494929006086,0.15415821501014199,0.24949290060851928,0.036511156186612576,0.20689655172413793,0.1744421906693712,0.5,0.5,0.5,0.5,0.2935222672064777,0.6174089068825911,0.5
2026-07-14,59.1,61.12,58.58,61.05,6545262.0,60.836,63.213,66.8495,74.25266666666667,0.0035176540206456,-0.0342176451046463,-0.0867545755764815,-0.1778073065838264,66.8495,76.21757675594382,57.48142324405619,0.1904647479356201,0.2802736521867718,0.0284703504043126,-0.0300285986653956,-0.0847076461769116,-0.1566514711976793,0.0316757028992212,0.0263312305469469,0.0231719709101227,23.155368924270064,-3.363011133577004,-2.9257730241644446,-0.4372381094125592,457218176.0,36.54605443031844,2.462857142857142,0.7485734413960966,0.1134989926117292,0.061904761904535,-0.0506142506142505,0.0284703504043126,0.0231719709101227,23.155368924270064,0.054960517527278,0.0,0.0,0.0,0.5,-1.729346650784164,-1.6897569394450638,-1.6934910957155345,-1.5702370139723398,-0.7690103621586655,-1.685403374320294,-1.5649552428595022,-1.4434378172852549,,0.1388023266448445,-0.5351364599378745,-0.9135374792694816,,-1.4434378172852549,-1.1296603512775012,-1.2939583541139337,-0.7881743573107234,0.3852665616923537,0.8324063715574667,-0.3820646393709749,-0.6978430333060923,-0.9305685792647164,0.0231284478054215,-0.4291916461196976,-0.8784613701888054,-1.3325604625160012,-1.2385149868949918,-1.210100699265677,-0.4078036910024322,0.2406991931822656,-0.7632219877716883,-0.9007143971500855,-0.4661752088868062,-0.8447198365246873,,0.8324063715574667,-0.8784613701888054,-1.3325604625160012,0.0771501329774244,0.0,0.0,0.0,0.0,其他,0,0,0.5,1.0,0,0.3555555555555555,-0.019656019656019597,,0.340080971659919,0.22064777327935223,0.3076923076923077,0.08704453441295547,0.340080971659919,0.21052631578947367,0.5,0.5,0.5,0.5,0.35555555555555557,0.402020202020202,0.5
2026-07-15,61.08,61.35,60.06,60.37,4449066.0,60.726,62.57000000000001,66.1695,73.87266666666666,-0.0058623983137371,-0.035160620105482,-0.087646120946962,-0.1827829869414938,66.1695,75.3334855153916,57.0055144846084,0.1835710843127336,0.2769851824595244,-0.0111384111384111,-0.0090282337491792,-0.0962574850299401,-0.183858320940922,0.0285369618680548,0.026100472112622,0.0220681312764182,24.60165710424201,-3.370203679607357,-3.014659155253028,-0.3555445243543293,452769110.0,41.87518686558365,2.4021428571428567,0.5443992015596824,0.0678307588981339,0.0369963369962014,0.0283253271492462,-0.0111384111384111,0.0220681312764182,24.60165710424201,-0.320261587695038,0.0,0.0,0.0,0.5,-1.5227545770782354,-1.64738876310308,-1.5286232930312629,-1.61503111823608,-0.8725693235448274,-1.673675618950433,-1.6102298008558664,-1.5031230518371117,,-0.1261720113738372,-0.5486693143365021,-0.916201911420962,,-1.5031230518371117,-1.2020516435776218,-1.3271447885319791,-0.8037361023834977,0.3607310321501298,-0.3183448304900566,-0.1031571810825239,-0.78724860432842,-1.06724253550198,-0.1882879405021612,-0.4464875953147033,-0.981983690764313,-1.2380770114137654,-1.2305263887741191,-1.234686238028176,-0.3136906840156305,0.2101155562590381,-0.4697968508998709,-0.9325177985830412,-1.0765281415276384,-0.9662922539940646,,-0.3183448304900566,-0.981983690764313,-1.2380770114137654,-0.9988113123591772,0.0,0.0,0.0,0.0,其他,0,0,0.5,1.0,0,0.8666666666666667,0.0038098393241676742,,0.3765182186234818,0.17408906882591094,0.22672064777327935,0.0951417004048583,0.11538461538461539,0.20445344129554655,0.5,0.5,0.5,0.5,0.8666666666666667,0.4939271255060729,0.5
2026-07-16,60.0,60.46,59.73,59.94,4432154.0,60.556,61.99399999999999,65.5115,73.4975,-0.0101724024043859,-0.0331322386037358,-0.0850461369377895,-0.1844620565325352,65.5115,74.46769814782749,56.555301852172505,0.1889584225327587,0.2734236934832456,-0.0071227430843133,-0.0139825629215332,-0.0876712328767124,-0.1800273597811217,0.0286523765864167,0.0260007361874455,0.0220716001414601,25.76769025126333,-3.371733584990878,-3.086074041200598,-0.2856595437902798,448336956.0,43.38852187260301,2.3407142857142853,0.5590961011806672,0.0389523169910075,0.0212454212453433,0.0667334000667334,-0.0071227430843133,0.0220716001414601,25.76769025126333,-0.0038012472730231,0.0,0.0,0.0,0.5,-1.605772338860767,-1.7061428514404793,-1.543440318101285,-1.6352425498907002,-0.8682964939447354,-1.6681237701224894,-1.6471458656363518,-1.5582493732609084,,-0.2476443544452332,-0.5116194273614221,-0.8830704810987233,,-1.5582493732609084,-1.2711205484791075,-1.35697588265118,-0.7826229666957444,0.334355786985747,-0.2004920407159556,-0.1684993711533467,-0.7133337254947012,-1.0382696996502812,-0.1798185079935562,-0.452860962970293,-0.9741917428038196,-1.1613793431126926,-1.220736538964411,-1.252024250389148,-0.2331081717720338,0.1796670591648684,-0.3852069649256656,-0.964396669959167,-1.0238026142203265,-1.0393980723167016,,-0.2004920407159556,-0.9741917428038196,-1.1613793431126926,-0.0852925358279757,0.0,0.0,0.0,0.0,其他,0,0,0.5,1.0,0,0.8828282828282829,,,0.3259109311740891,0.1659919028340081,0.24898785425101214,0.0708502024291498,0.12955465587044535,0.20647773279352227,0.5,0.5,0.5,0.5,0.8828282828282829,0.5,0.5
2026-07-17,59.49,59.74,56.61,56.66,8294003.0,59.476,61.029,64.662,73.0545,-0.0473468289730312,-0.0715889167444985,-0.1237511985401009,-0.2244146493371388,64.662,73.59089950194196,55.73310049805805,0.0519044649195101,0.2761714608867077,-0.0547213880547213,-0.0870125684821141,-0.1455285778917208,-0.2306856754921928,0.0328752763314772,0.0287772207541747,0.0238415765280834,20.309905919843143,-3.596157924631221,-3.188090817886723,-0.4080671067444981,440042953.0,43.53007174388587,2.4464285714285703,1.0607393331293835,0.0,0.0,0.0797740910695377,-0.0547213880547213,0.0238415765280834,20.309905919843143,0.8713255450961317,0.0,0.0,0.0,0.5,-1.6335977397466774,-1.7475902158772294,-1.824035945499848,-1.9142073757607647,-0.6643340690880887,-1.7487401586248446,-1.7210423463851168,-1.6325988705840164,,-1.2945792820160136,-1.1621706282306592,-1.2728367134798386,,-1.6325988705840164,-1.3394870095497224,-1.4220425135323067,-1.1849099169875197,0.3521567436318016,-1.574865253981403,-1.1347944421437954,-1.1758500937763006,-1.295736616365213,0.1071145591459978,-0.2192032656566664,-0.7909416974661411,-1.4554454790868825,-1.290366011463714,-1.280903019067576,-0.3718463655874166,0.1232514588048796,-0.3758558950214063,-0.8917235687628164,0.4945280640580183,-1.1391910397346825,,-1.574865253981403,-0.7909416974661411,-1.4554454790868825,2.3925238342070423,0.0,0.0,0.0,0.0,其他,0,0,0.5,1.0,0,0.9414141414141414,,,0.23481781376518218,0.14979757085020243,0.3016194331983806,0.05465587044534413,0.5040485829959515,0.19635627530364372,0.5,0.5,0.5,0.5,0.9414141414141414,0.5,0.5
2026-07-20,56.72,57.97,55.51,56.64,6749984.0,58.932,60.07299999999999,63.7815,72.57533333333335,-0.0388922826308286,-0.0571471376491933,-0.1119682039462852,-0.219569550719712,63.7815,72.18716294076043,55.37583705923956,0.0751970992450095,0.2635768346855203,-0.0003529827038474,-0.045822102425876,-0.1444108761329305,-0.2371717171717171,0.0299054203002473,0.0288485022473148,0.0235230737015924,21.09195402129143,-3.732602456764468,-3.2969931456622725,-0.4356093111021955,433292969.0,44.36201620034739,2.485714285714285,0.8910951253693944,0.0,0.0,0.0801553672316384,-0.0003529827038474,0.0235230737015924,21.09195402129143,-0.1861608923941792,0.0,0.0,0.0,0.5,-1.8656910871087573,-1.8788696415794373,-1.9017444352658408,-1.886813022560745,-0.7409271815558415,-1.7757844703734675,-1.7908714014958125,-1.7072726973873769,,-1.04676572041802,-0.9086065781440984,-1.140458461800576,,-1.7072726973873769,-1.454301195818228,-1.440325061537454,-1.1053480736831447,0.2622759193279836,0.0082753195303423,-0.582558703090993,-1.1570053686545034,-1.3163683072019918,-0.0953086522945788,-0.2124185180969067,-0.8178152160827861,-1.3958826847098271,-1.327330766586149,-1.31185036141316,-0.4019249101129082,0.0772688461475093,-0.3286389505899723,-0.8614062240580285,-0.0211526881696089,-1.1293204197893412,,0.0082753195303423,-0.8178152160827861,-1.3958826847098271,-0.6166248184523465,0.0,0.0,0.0,0.0,其他,0,0,0.5,1.0,0,0.8666666666666667,,,0.291497975708502,0.18421052631578946,0.2732793522267207,0.10526315789473684,0.2550607287449393,0.24696356275303644,0.5,0.5,0.5,0.5,0.8666666666666667,0.5,0.5
2026-07-21,57.11,58.0,55.88,57.96,7000636.0,58.314,59.575,63.1665,72.15050000000001,-0.0060705833933532,-0.0271086865295845,-0.0824250195910807,-0.1966791636925593,63.1665,71.37389659985777,54.95910340014223,0.1828165949657834,0.2598654856559974,0.0233050847457627,-0.0506142506142505,-0.079122974261201,-0.175064047822374,0.028336683663288,0.0284256896619595,0.0228293255212757,26.262083778906188,-3.6916682662782208,-3.375928169785462,-0.3157400964927586,440293605.0,43.52748120159373,2.4821428571428563,0.9513393757011158,0.0988023952088413,0.0439706862090474,0.0326086956521738,0.0233050847457627,0.0228293255212757,26.262083778906188,0.0371337176502937,0.0,0.0,0.0,0.5,-1.803458997726605,-1.84861272700288,-1.8386963352324,-1.740816124745985,-0.7242015314646186,-1.8085095073873008,-1.8131167826134929,-1.7496114554835458,,-0.1139530429778913,-0.3915692642539443,-0.8288919762266069,,-1.7496114554835458,-1.511557768656555,-1.4637902096689772,-0.7768833353166562,0.2350774925625713,0.6960651920296976,-0.6435314611292711,-0.6220141771232212,-0.978573887436483,-0.2020595230430857,-0.2471969366728451,-0.8818832418254189,-1.094818904205038,-1.3008834446203918,-1.3305877470162153,-0.2629721195447267,0.1244353133182608,-0.3732990106197613,-0.8582597233163757,0.1620832230698897,-0.8456287997175661,,0.6960651920296976,-0.8818832418254189,-1.094818904205038,0.0206329491188012,0.0,0.0,0.0,0.0,其他,0,0,0.5,1.0,0,0.705050505050505,,,0.354251012145749,0.23684210526315788,0.25303643724696356,0.18218623481781376,0.2631578947368421,0.2935222672064777,0.5,0.5,0.5,0.5,0.705050505050505,0.5,0.5
2026-07-22,57.83,63.0,57.4,62.08,15768547.0,58.65599999999999,59.691,62.77049999999999,71.80866666666667,0.0583742498636117,0.0400227840042888,-0.011000390310735,-0.1354803969808659,62.77049999999999,70.3281924214227,55.21280757857728,0.4543180668421911,0.2408039579551117,0.0710835058661145,0.0283253271492462,0.0190413657255417,-0.1131428571428572,0.0459184655731796,0.0362833531418003,0.0290703536123541,41.63585951671486,-3.2888683591766537,-3.3585162076637003,0.0696478484870466,456062152.0,55.37556760406715,2.7028571428571424,2.0275371212832547,0.4649572649532906,0.1812125249827407,-0.0238402061855669,0.0710835058661145,0.0290703536123541,41.63585951671486,1.2524449207186317,0.0,0.0,0.0,0.5,-1.7142510863730096,-1.3900173625370924,-1.6713670564469878,-1.3488752954392194,-0.2652208495125088,-1.751353329521635,-1.775273026501638,-1.7662832407126643,,1.700299147931682,0.7596627955170435,-0.0872554547336672,,-1.7662832407126643,-1.587864309007506,-1.422498538991719,0.040931762127982,0.0993127665387007,2.0578935360495128,0.4125551326292984,0.1788880852043877,-0.6456085965826003,0.9995273220758966,0.4167944742937099,-0.2500808142973492,-0.2254698608138336,-1.147283617100092,-1.3119099490300834,0.1815608417257845,0.2311660013650271,0.2834460805399568,-0.7145974850690365,3.3006447376919525,0.1857178668766579,,2.0578935360495128,-0.2500808142973492,-0.2254698608138336,3.355970019361337,0.0,0.0,0.0,0.0,其他,0,0,0.5,1.0,0,0.1072874493927125,,,0.8663967611336032,0.3522267206477733,0.5020242914979757,0.46963562753036436,0.9696356275303644,0.5850202429149798,0.5,0.5,0.5,0.5,0.10728744939271255,0.5,0.5
2026-07-23,62.13,64.99,61.2,63.94,12248545.0,59.456,60.00599999999999,62.5505,71.48966666666666,0.0754171151776104,0.0655601106556011,0.0222140510467541,-0.1056050058516615,62.5505,69.66896072953155,55.43203927046846,0.5975983469414795,0.2276068370203328,0.0299613402061855,0.0667334000667334,0.0518177331797993,-0.06438396254024,0.0461746899049934,0.0372371113384487,0.0297776956946285,44.82306683867399,-2.7874293050770405,-3.2442988271463684,0.4568695220693279,468310697.0,57.45968925643883,2.848571428571428,1.5294606427462158,0.6790697674355433,0.2431712191863984,,0.0299613402061855,0.0297776956946285,44.82306683867399,-0.2232293184654236,0.0,0.0,0.0,0.5,-1.3072232397619477,-1.2037425967278057,-1.2967358983858086,-1.1690073882615857,-0.4479291079092339,-1.6544171114544213,-1.719993776228869,-1.7632738296081083,,2.141713126667524,1.1897921101082851,0.2577498539698589,,-1.7632738296081083,-1.6265754184582812,-1.385772850064215,0.4720870870579992,0.0052054803389914,0.8625530768248463,0.9228618167110948,0.4455785362889735,-0.3839224176805068,1.0102167197264895,0.4956844095987645,-0.1776489803612887,-0.044640199009534,-0.9611504018936166,-1.2565289560264106,0.6274035120921547,0.3138309903645827,0.3979109321809596,-0.6191007493633719,1.804453182366669,0.7866774921725076,,0.8625530768248463,-0.1776489803612887,-0.044640199009534,-0.7182034667081628,0.0,0.0,0.0,0.0,其他,0,0,0.5,1.0,0,,,,0.8825910931174089,0.3603238866396761,0.4959514170040486,0.4939271255060729,0.9190283400809717,0.6538461538461539,0.5,0.5,0.5,0.5,0.5,0.5,0.5
2026-07-24,63.09,63.5,61.18,61.18,7637550.0,60.36,59.918000000000006,62.2495,71.105,0.013585155732273,0.0210621182282451,-0.0171808608904489,-0.1395823078545812,62.2495,69.04179741770147,55.45720258229853,0.4212711153331644,0.2182281758950854,-0.0431654676258992,0.0797740910695377,-0.0141798259748631,-0.0895833333333333,0.0419830627537495,0.0397554694946939,0.0309870310270183,40.17227877618476,-2.5829679643727204,-3.1120326545916384,0.529064690218918,460673147.0,49.1383456278768,2.759285714285714,0.9524440830286618,0.4223255813914201,0.1512325116583903,,-0.0431654676258992,0.0309870310270183,40.17227877618476,-0.3764524684360468,0.0,0.0,0.0,0.5,-1.209430580172267,-1.3238181978200847,-1.2874437335385402,-1.408314313986485,-0.6869131939773436,-1.5513460234583438,-1.7052841680904889,-1.7690176122032524,,0.4106511978431886,0.4222317938496961,-0.153520239285741,,-1.7690176122032524,-1.660917365814972,-1.368595878596493,-0.0624711051912625,-0.0616827738428016,-1.2455860022543508,1.0901304053187768,-0.0963478158804351,-0.5163198988303901,0.7185049353295658,0.7065574247522862,-0.0543300572280916,-0.3080339955176649,-0.8826033662720834,-1.1953655792402695,0.7077810373895959,0.2605359361104472,-0.0668125063960817,-0.6724167400789179,0.1192088254223259,0.0591191747523096,,-1.2455860022543508,-0.0543300572280916,-0.3080339955176649,-1.133765754410669,0.0,0.0,0.0,0.0,其他,0,0,0.5,1.0,0,,,,0.9412955465587044,0.291497975708502,0.5263157894736842,0.4777327935222672,0.7408906882591093,0.5789473684210527,0.5,0.5,0.5,0.5,0.5,0.5,0.5
2026-07-27,61.29,61.57,60.45,61.18,51245.0,61.26800000000001,60.1,61.93900000000001,70.75266666666667,-0.0014363125938501,0.0179700499168053,-0.0122539918306722,-0.1352976095129512,61.93900000000001,68.29565552579906,55.58234447420095,0.4402987941564893,0.2052553488363968,0.0,0.0801553672316384,0.0306603773584905,-0.0921501706484642,0.0419486229534966,0.0368253168384794,0.0309595954442343,46.05026929692683,-2.3933419075450004,-2.9682945051823104,0.57495259763731,460673147.0,54.11193179286144,2.603571428571428,0.0067005421600937,0.4468503936963893,0.1512325116583903,,0.0,0.0309595954442343,46.05026929692683,-0.9932903876243036,0.0,0.0,0.0,0.5,-1.3616270796652232,-1.4790010430036873,-1.3446090989049304,-1.3949258472444288,-1.0786185259992171,-1.4510680775604758,-1.6656128883064738,-1.7754862333832284,,-0.0106408764501593,0.3674435100036244,-0.1014524607185493,,-1.7754862333832284,-1.704386419245155,-1.342460114806223,-0.0045308723371231,-0.1542875451435457,0.0026668439981183,1.087305065263267,0.2723489238890515,-0.5276043526367205,0.712557787000962,0.4546143073919504,-0.0569240473554091,0.0273451057185158,-0.8101126786011847,-1.1309299920917588,0.7573036481926879,0.2596480976085438,0.2113044098467173,-0.7673279184121156,-2.576917315104436,0.1283788256317598,,0.0026668439981183,-0.0569240473554091,0.0273451057185158,-2.7589319003365382,0.0,0.0,0.0,0.0,其他,0,0,0.5,1.0,0,,,,0.8663967611336032,0.24493927125506074,0.5182186234817814,0.41700404858299595,0.31376518218623484,0.4493927125506073,0.5,0.5,0.5,0.5,0.5,0.5,0.5
2026-07-28,60.18,60.73,59.7,59.85,46621.0,61.646,59.98,61.596500000000006,70.35283333333334,-0.0291340881809039,-0.0021673891297098,-0.0283538837433945,-0.1492879936131451,61.596500000000006,67.60148485908849,55.591515140911525,0.3545791504043383,0.1949781191814057,-0.0217391304347825,0.0326086956521738,-0.0196560196560195,-0.1026986506746626,0.0447916582505144,0.0364837557623713,0.0311803943595372,47.52200092327324,-2.323596228196884,-2.839354849785225,0.5157586215883412,460626526.0,58.15802606857914,2.5621428571428564,0.0064125556852733,0.3159448818866542,0.1069287141901835,,-0.0217391304347825,0.0311803943595372,47.52200092327324,-0.0902331934822909,0.0,0.0,0.0,0.5,-1.448458842750622,-1.5361959104250311,-1.4023101318218043,-1.5002908580939165,-1.071452612740821,-1.4019207280142794,-1.6558656992811158,-1.7849938337762914,,-0.7859205512210576,0.0187748943982936,-0.26994709598479,,-1.7849938337762914,-1.741436538596339,-1.3280421093370387,-0.265412970049196,-0.2275063892417046,-0.6252394169017305,0.4471713840460801,-0.1433332095953241,-0.5814990182245755,0.9031374609819212,0.4236832989926154,-0.0341530013956424,0.1112479318122552,-0.7809858040438646,-1.0732390637452298,0.6851493828855794,0.2584487168033336,0.4371409140513538,-0.7892806352002173,-2.508342467450328,-0.2442609944726662,,-0.6252394169017305,-0.0341530013956424,0.1112479318122552,-0.3157962930204444,0.0,0.0,0.0,0.0,其他,0,0,0.5,1.0,0,,,,0.7044534412955465,0.2550607287449393,0.5242914979757085,0.4331983805668016,0.2793522267206478,0.3441295546558704,0.5,0.5,0.5,0.5,0.5,0.5,0.5
2026-07-29,59.38,61.4,59.3,60.6,59092.0,61.35,60.00300000000001,61.2865,69.99883333333334,-0.0122249388753056,0.0099495025248736,-0.01120148809281,-0.1342712854738055,61.2865,66.77867347446994,55.79432652553007,0.4375019741059792,0.1792294705836024,0.0125313283208019,-0.0238402061855669,0.0038098393241676,-0.0928143712574849,0.0286797165553153,0.0365487189122496,0.0313971799676178,49.57226474248532,-2.182643661891482,-2.7080126122064767,0.5253689503149941,460685618.0,62.85852563838269,2.552857142857142,0.0085616097849005,0.4095139606989709,0.1319120586271422,,0.0125313283208019,0.0313971799676178,49.57226474248532,0.2674974796765406,0.0,0.0,0.0,0.5,-1.50541114764995,-1.462690418487203,-1.4262212952637157,-1.4184864223848732,-1.0635478774344729,-1.4154574010513552,-1.6331046526693125,-1.7906644403460386,,-0.3083771503345164,0.228444993811263,-0.0883858901862444,,-1.7906644403460386,-1.7880096336007334,-1.2957536505640184,-0.0111436304384247,-0.3400628775499816,0.3696463445607611,-0.3116146478413891,0.0512396070031033,-0.5257589693562482,-0.2076887115455673,0.4275475603213488,-0.0117933818077709,0.2282567820989623,-0.7266686459449491,-1.0154811745096255,0.6930971935728896,0.2579875221669901,0.6987528139234227,-0.7907504616468206,-2.438635418596827,0.0236019037636671,,0.3696463445607611,-0.0117933818077709,0.2282567820989623,0.6514231380189807,0.0,0.0,0.0,0.0,其他,0,0,0.5,1.0,0,,,,0.10547667342799188,0.2697768762677485,0.5537525354969574,0.3894523326572008,0.3022312373225152,0.3225152129817444,0.5,0.5,0.5,0.5,0.5,0.5,0.5
