date,open,high,low,close,volume,ma5,ma10,ma20,ma60,ma5_ratio,ma10_ratio,ma20_ratio,ma60_ratio,bollinger_mid,bollinger_upper,bollinger_lower,bollinger_pct_b,bollinger_bandwidth,return_1d,return_5d,return_10d,return_20d,volatility_5d,volatility_10d,volatility_20d,rsi_14,macd,macd_signal,macd_histogram,obv,mfi_14,atr_14,volume_ratio_20d,price_position_20d,price_position_60d,future_return,return,volatility,rsi,volume_change,csi300_return_1d,csi300_return_5d,csi300_volatility_20d,market_breadth,open_norm,high_norm,low_norm,close_norm,volume_norm,ma5_norm,ma10_norm,ma20_norm,ma60_norm,ma5_ratio_norm,ma10_ratio_norm,ma20_ratio_norm,ma60_ratio_norm,bollinger_mid_norm,bollinger_upper_norm,bollinger_lower_norm,bollinger_pct_b_norm,bollinger_bandwidth_norm,return_1d_norm,return_5d_norm,return_10d_norm,return_20d_norm,volatility_5d_norm,volatility_10d_norm,volatility_20d_norm,rsi_14_norm,macd_norm,macd_signal_norm,macd_histogram_norm,obv_norm,mfi_14_norm,atr_14_norm,volume_ratio_20d_norm,price_position_20d_norm,price_position_60d_norm,return_norm,volatility_norm,rsi_norm,volume_change_norm,csi300_return_1d_norm,csi300_return_5d_norm,csi300_volatility_20d_norm,market_breadth_norm,sector,sector_momentum_5d,sector_momentum_20d,sector_breadth,sector_vol_flow,sector_relative_strength,future_return_rank,future_return_10d,future_return_20d,cs_rank_return_5d,cs_rank_return_20d,cs_rank_volatility,cs_rank_rsi,cs_rank_volume_ratio_20d,cs_rank_ma20_ratio,cs_rank_max_ret_5d,cs_rank_reversal_1d,cs_rank_amihud_illiq,cs_rank_idio_vol_20d,future_return_rank_5d,future_return_rank_10d,future_return_rank_20d
2024-10-11,87.12,245.0,87.12,178.01,31915473.0,,,,,,,,,,,,,,,,,,,,,,0.0,0.0,0.0,0.0,,,,,,-0.6463120049435425,,,,,0.0,0.0,0.0,0.5,,,,,,,,,,,,,,,,,,,,,,,,,,,,,,,,,,,,,,,,,,,,其他,0,0,0.5,1.0,0,0.002053388090349,-0.6787820908937701,-0.7050165721026909,0.5,0.5,0.5,0.5,0.5,0.5,0.5,0.5,0.5,0.5,0.002053388090349076,0.002053388090349076,0.002053388090349076
2024-10-14,101.0,155.9,101.0,109.95,21382217.0,,,,,,,,,,,,,,-0.3823380708948934,,,,,,,,-1.526987179487179,-0.8483262108262105,-0.6786609686609685,-21382217.0,,,,,,-0.4344702137335152,-0.3823380708948934,,,-0.3300360298592473,0.0,0.0,0.0,0.5,,,,,,,,,,,,,,,,,,,,,,,,,,,,,,,,,,,,,,,,,,,,其他,0,0,0.5,1.0,0,0.002053388090349,-0.47849022282855846,-0.5125966348340154,0.5,0.5,0.5,0.5,0.5,0.5,0.5,0.5,0.5,0.5,0.002053388090349076,0.002053388090349076,0.002053388090349076
2024-10-15,105.0,115.44,92.07,96.73,18824104.0,,,,,,,,,,,,,,-0.1202364711232378,,,,,,,,-2.355636162480081,-1.466076191012223,-0.8895599714678584,-40206321.0,,,,,,-0.3652434611806058,-0.1202364711232378,,,-0.1196374071032951,0.0,0.0,0.0,0.5,,,,,,,,,,,,,,,,,,,,,,,,,,,,,,,,,,,,,,,,,,,,其他,0,0,0.5,1.0,0,0.0020491803278688,-0.4407112581412178,-0.465315827561253,0.5,0.5,0.5,0.5,0.5,0.5,0.5,0.5,0.5,0.5,0.0020491803278688526,0.0020491803278688526,0.0020491803278688526
2024-10-16,99.06,105.51,88.0,90.4,19467502.0,,,,,,,,,,,,,,-0.0654398842137909,,,,,,,,-2.903333541806248,-1.9529519873516623,-0.9503815544545856,-59673823.0,,,,,,-0.3478982300884956,-0.0654398842137909,,,0.0341794754215127,0.0,0.0,0.0,0.5,,,,,,,,,,,,,,,,,,,,,,,,,,,,,,,,,,,,,,,,,,,,其他,0,0,0.5,1.0,0,0.0020491803278688,-0.42190265486725664,-0.3877212389380531,0.5,0.5,0.5,0.5,0.5,0.5,0.5,0.5,0.5,0.5,0.0020491803278688526,0.0020491803278688526,0.0020491803278688526
2024-10-17,83.0,84.88,68.61,68.96,20438092.0,108.81,,,,-0.3662347210734307,,,,,,,,,-0.2371681415929204,,,,,,,,-3.99296856881476,-2.559810799067243,-1.4331577697475169,-80111915.0,,,,,,-0.1744489559164732,-0.2371681415929204,,,0.0498569359335367,0.0,0.0,0.0,0.5,,,,,,,,,,,,,,,,,,,,,,,,,,,,,,,,,,,,,,,,,,,,其他,0,0,0.5,1.0,0,0.0020491803278688,-0.24883990719257543,-0.23593387470997673,0.5,0.5,0.5,0.5,0.5,0.5,0.5,0.5,0.5,0.5,0.0020491803278688526,0.0020491803278688526,0.004098360655737705
2024-10-18,65.0,66.01,62.06,62.96,19839774.0,85.8,,,,-0.2662004662004661,,,,,,,,,-0.0870069605568444,-0.6463120049435425,,,0.1318522805556511,,,,-4.829495970748411,-3.1750216726472287,-1.6544742981011824,-99951689.0,,,,,,-0.0918043202033036,-0.0870069605568444,,,-0.0292746504908579,0.0,0.0,0.0,0.5,,,,,,,,,,,,,,,,,,,,,,,,,,,,,,,,,,,,,,,,,,,,其他,0,0,0.5,1.0,0,0.0061475409836065,-0.1656607369758577,-0.19472681067344344,0.0,0.5,0.5,0.5,0.5,0.5,0.5,0.5,0.5,0.5,0.006147540983606557,0.0020491803278688526,0.004098360655737705
2024-10-21,61.66,64.5,61.03,62.18,13512425.0,76.24600000000001,,,,-0.1844818088817774,,,,,,,,,-0.0123888182973316,-0.4344702137335152,,,0.0839116018418368,,,,-5.318118070387811,-3.717382198305974,-1.6007358720818372,-113464114.0,,,,,,-0.0778385332904469,-0.0123888182973316,,,-0.3189224332898147,0.0,0.0,0.0,0.5,,,,,,,,,,,,,,,,,,,,,,,,,,,,,,,,,,,,,,,,,,,,其他,0,0,0.5,1.0,0,0.0040983606557377,-0.18623351559987134,-0.23303312962367329,0.0,0.5,0.5,0.5,0.5,0.5,0.5,0.5,0.5,0.5,0.004098360655737705,0.0020491803278688526,0.004098360655737705
2024-10-22,62.32,63.5,61.1,61.4,10228712.0,69.17999999999999,,,,-0.1124602486267706,,,,,,,,,-0.0125442264393695,-0.3652434611806058,,,0.0922525655955442,,,,-5.597342567709376,-4.169172027736194,-1.4281705399731814,-123692826.0,,,,,,-0.1188925081433224,-0.0125442264393695,,,-0.2430143368048296,0.0,0.0,0.0,0.5,,,,,,,,,,,,,,,,,,,,,,,,,,,,,,,,,,,,,,,,,,,,其他,0,0,0.5,1.0,0,0.0020491803278688,-0.13941368078175886,-0.21074918566775236,0.0,0.5,0.5,0.5,0.5,0.5,0.5,0.5,0.5,0.5,0.0020491803278688526,0.0020491803278688526,0.004098360655737705
2024-10-23,60.84,60.84,58.66,58.95,10997266.0,62.89,,,,-0.0626490698044204,,,,,,,,,-0.039902280130293,-0.3478982300884956,,,0.0941490155309529,,,,-5.827087744604853,-4.5521587832951385,-1.2749289613097146,-134690092.0,,,,,,-0.1134860050890586,-0.039902280130293,,,0.0751369282857901,0.0,0.0,0.0,0.5,,,,,,,,,,,,,,,,,,,,,,,,,,,,,,,,,,,,,,,,,,,,其他,0,0,0.5,1.0,0,0.0020491803278688,-0.11840542832909251,-0.17082273112807467,0.0,0.5,0.5,0.5,0.5,0.5,0.5,0.5,0.5,0.5,0.0020491803278688526,0.004098360655737705,0.006147540983606557
2024-10-24,58.55,58.57,56.77,56.93,8147784.0,60.484,84.647,,,-0.0587593413134052,-0.32744220114121,,,,,,,,-0.0342663273960984,-0.1744489559164732,,,0.0304964818494178,,,,-6.009334171499702,-4.87865065916816,-1.1306835123315429,-142837876.0,,,,,,-0.0901106622167574,-0.0342663273960984,,,-0.2591082183517249,0.0,0.0,0.0,0.5,,,,,,,,,,,,,,,,,,,,,,,,,,,,,,,,,,,,,,,,,,,,其他,0,0,0.5,1.0,0,0.0020491803278688,-0.08484103284735633,-0.13841559810293347,0.0,0.5,0.5,0.5,0.5,0.5,0.5,0.5,0.5,0.5,0.0020491803278688526,0.006147540983606557,0.00819672131147541
2024-10-25,56.93,57.79,56.79,57.18,6032142.0,59.328,72.564,,,-0.0362055016181228,-0.212005953365305,,,,,,,,0.0043913578078342,-0.0918043202033036,-0.6787820908937701,,0.0180450106457126,0.1222201556582348,,,-6.04343346275094,-5.133498481097591,-0.9099349816533496,-136805734.0,,,,,,-0.0813221406086044,0.0043913578078342,,,-0.2596585771051368,0.0,0.0,0.0,0.5,,,,,,,,,,,,,,,,,,,,,,,,,,,,,,,,,,,,,,,,,,,,其他,0,0,0.5,1.0,0,0.0348360655737704,-0.08167191325638334,-0.19027632039174536,0.004106776180698152,0.5,0.5,0.5,0.5,0.5,0.5,0.5,0.5,0.5,0.03483606557377049,0.012295081967213115,0.010245901639344262
2024-10-28,57.16,57.77,56.95,57.34,4992103.0,58.36,67.303,,,-0.0174777244688142,-0.1480320342332436,,,,,,,,0.0027981811822315,-0.0778385332904469,-0.4784902228285584,,0.0205307922542086,0.0741249050414283,,,-5.97742468231742,-5.314738436221314,-0.6626862460961052,-131813631.0,,,,,,-0.1175444715730729,0.0027981811822315,,,-0.1724161997512657,0.0,0.0,0.0,0.5,,,,,,,,,,,,,,,,,,,,,,,,,,,,,,,,,,,,,,,,,,,,其他,0,0,0.5,1.0,0,0.0205338809034907,-0.0653993721660272,-0.18643181025462163,0.00205761316872428,0.5,0.5,0.5,0.5,0.5,0.5,0.5,0.5,0.5,0.02053388090349076,0.026694045174537988,0.014373716632443531
2024-10-29,57.1,57.39,53.98,54.1,8838118.0,56.9,63.04,,,-0.0492091388400702,-0.1418147208121827,,,,,,,,-0.0565050575514475,-0.1188925081433224,-0.4407112581412178,,0.027095399258445,0.0710638255841188,,,-6.032199462258376,-5.466578116108409,-0.5656213461499666,-140651749.0,,,,,,-0.0232902033271719,-0.0565050575514475,,,0.7704198010337526,0.0,0.0,0.0,0.5,,,,,,,,,,,,,,,,,,,,,,,,,,,,,,,,,,,,,,,,,,,,其他,0,0,0.5,1.0,0,0.1229508196721311,-0.043992606284658065,-0.05138632162661738,0.0,0.5,0.5,0.5,0.5,0.5,0.5,0.5,0.5,0.5,0.12295081967213115,0.05122950819672131,0.2069672131147541
2024-10-30,53.69,53.79,51.77,52.26,6465208.0,55.562,59.226,,,-0.059429106223678,-0.117617262688684,,,,,,,,-0.0340110905730129,-0.1134860050890586,-0.4219026548672566,,0.0263877391084704,0.0711868784858273,,0.3239314213442981,-6.101492789103055,-5.599402739418725,-0.5020900496843304,-147116957.0,2.168089863110282,23.05785714285714,,,,-0.0055491771909682,-0.0340110905730129,,0.3239314213442981,-0.268485892584824,0.0,0.0,0.0,0.5,,,,,,,,,,,,,,,,,,,,,,,,,,,,,,,,,,,,,,,,,,,,其他,0,0,0.5,1.0,0,0.2110655737704918,0.05912743972445478,-0.05625717566016064,0.0,0.5,0.5,0.0,0.5,0.5,0.5,0.5,0.5,0.5,0.21106557377049182,0.5717213114754098,0.1721311475409836
2024-10-31,51.78,52.6,51.77,51.8,4939391.0,54.536,57.510000000000005,,,-0.0501686959072906,-0.0992870805077379,,,,,,,,-0.0088021431305013,-0.0901106622167574,-0.2488399071925754,,0.0262517903060706,0.0285967927822094,,0.3227584035231814,-6.103198231699366,-5.703836265930181,-0.3993619657691853,-152056348.0,2.126681572062111,11.84,,,,0.0057915057915058,-0.0088021431305013,,0.3227584035231814,-0.2360043172624918,0.0,0.0,0.0,0.5,,,,,,,,,,,,,,,,,,,,,,,,,,,,,,,,,,,,,,,,,,,,其他,0,0,0.5,1.0,0,0.2044989775051124,0.01718146718146718,-0.06718146718146711,0.0,0.5,0.5,0.0,0.5,0.5,0.5,0.5,0.5,0.5,0.20449897750511248,0.5357873210633947,0.1738241308793456
2024-11-01,51.5,53.5,50.53,52.53,7556075.0,53.606,56.467,,,-0.0200723799574673,-0.0697221385942231,,,,,,,,0.0140926640926641,-0.0813221406086044,-0.1656607369758577,,0.0286121904244756,0.0225886063635528,,1.9095477386486976,-5.983507491497079,-5.76139051925498,-0.222116972242099,-144500273.0,6.054131633248304,6.551428571428572,,,,-0.0003807348181992,0.0140926640926641,,1.9095477386486976,0.5297584256844619,0.0,0.0,0.0,0.5,,,,,,,,,,,,,,,,,,,,,,,,,,,,,,,,,,,,,,,,,,,,其他,0,0,0.5,1.0,0,0.082135523613963,-0.03483723586521981,-0.08052541404911484,0.03292181069958848,0.5,0.5,0.0,0.5,0.5,0.5,0.5,0.5,0.5,0.08213552361396304,0.20944558521560575,0.059548254620123205
2024-11-04,51.76,51.99,50.0,50.6,5707535.0,52.258,55.309000000000005,,,-0.0317271996632093,-0.0851398506572167,,,,,,,,-0.0367409099562154,-0.1175444715730729,-0.1862335155998713,,0.0273878802796555,0.0232536270708518,,2.354885354197549,-5.937408959919225,-5.797405185576967,-0.1400037743422579,-150207808.0,7.0724223686042365,5.062857142857142,,,,0.059090909090909,-0.0367409099562154,,2.354885354197549,-0.2446428866838934,0.0,0.0,0.0,0.5,,,,,,,,,,,,,,,,,,,,,,,,,,,,,,,,,,,,,,,,,,,,其他,0,0,0.5,1.0,0,0.5523613963039015,-0.05750988142292501,-0.031620553359683834,0.018518518518518517,0.5,0.5,0.0,0.5,0.5,0.5,0.5,0.5,0.5,0.5523613963039015,0.19917864476386038,0.14989733059548255
2024-11-05,50.42,53.19,50.42,52.84,6974001.0,52.00599999999999,54.453,,,0.016036611160251,-0.0296218757460561,,,,,,,,0.0442687747035572,-0.0232902033271719,-0.1394136807817588,,0.0341050872934041,0.0309760194822258,,7.626353790372832,-5.687984323026448,-5.7751195507602375,0.0871352277337891,-143233807.0,12.82144366710702,4.01,,,,-0.0211960635881908,0.0442687747035572,,7.626353790372832,0.2218936896576193,0.0,0.0,0.0,0.5,,,,,,,,,,,,,,,,,,,,,,,,,,,,,,,,,,,,,,,,,,,,其他,0,0,0.5,1.0,0,0.1273100616016427,-0.08289174867524607,-0.07248296744890248,0.12139917695473251,0.5,0.5,0.0,0.5,0.5,0.5,0.5,0.5,0.5,0.1273100616016427,0.13552361396303902,0.10061601642710473
2024-11-06,52.6,53.15,51.61,51.97,5476762.0,51.948,53.755,,,0.0004235004235004,-0.0332062133754998,,,,,,,,-0.0164647993943982,-0.0055491771909682,-0.1184054283290925,,0.0310408204451374,0.029698040046658,,14.231578946529538,-5.482924431463879,-5.715826017024363,0.2329015855604845,-148710569.0,19.23780126375179,2.563571428571428,,,,0.0650375216471041,-0.0164647993943982,,14.231578946529538,-0.2146886701048652,0.0,0.0,0.0,0.5,,,,,,,,,,,,,,,,,,,,,,,,,,,,,,,,,,,,,,,,,,,,其他,0,0,0.5,1.0,0,0.8439425051334702,-0.05945737925726369,-0.08100827400423327,0.20987654320987653,0.5,0.5,0.0,0.5,0.5,0.5,0.5,0.5,0.5,0.8439425051334702,0.188911704312115,0.11704312114989733
2024-11-07,51.65,52.16,51.22,52.1,3575836.0,52.008,53.272000000000006,68.9595,,0.0017689586217504,-0.0220003003453972,-0.2444840812360879,,68.9595,129.99400050241212,7.924999497587876,0.3618854921294073,1.7701549605876958,0.0025014431402732,0.0057915057915058,-0.0848410328473563,,0.0307158039039901,0.0289178750848399,,19.630872481684435,-5.25023727119752,-5.621622171465378,0.3713849002678584,-145134733.0,22.790220304652337,2.1378571428571425,0.3039248733970754,0.0117730162467531,,0.011324376199616,0.0025014431402732,,19.630872481684435,-0.347089393331315,0.0,0.0,0.0,0.5,,,,,,,,,,,,,,,,,,,,,,,,,,,,,,,,,,,,,,,,,,,,其他,0,0,0.5,1.0,0,0.8480492813141683,-0.05854126679462579,-0.07965451055662187,0.2037037037037037,0.5,0.5,0.0,0.00411522633744856,0.0,0.5,0.5,0.5,0.5,0.8480492813141683,0.3203285420944558,0.1806981519507187
2024-11-08,52.26,53.69,52.26,52.51,5294707.0,52.004,52.80500000000001,62.6845,,0.0097300207676331,-0.0055865921787711,-0.1623128524595395,,62.6845,96.04319079533768,29.32580920466232,0.3474985115204705,1.0643361850308917,0.0078694817658349,-0.0003807348181992,-0.0816719132563833,-0.7050165721026909,0.0302013376884908,0.0291097291965182,0.0981673121569334,22.38720730831858,-4.9804051895308845,-5.492184927219373,0.5117797376884887,-139840026.0,30.54081882860966,2.003571428571428,0.5074237616859715,0.0321819713563062,,-0.034469624833365,0.0078694817658349,0.0981673121569334,22.38720730831858,0.480690669258881,0.0,0.0,0.0,0.5,,,,,,,,,,,,,,,,,,,,,,,,,,,,,,,,,,,,,,,,,,,,其他,0,0,0.5,1.0,0,0.639344262295082,-0.11826318796419732,-0.0796038849742906,0.08008213552361396,0.0,1.0,0.002053388090349076,0.018480492813141684,0.0,0.5,0.5,0.5,0.5,0.639344262295082,0.1557377049180328,0.13729508196721313
2024-11-11,52.02,53.7,51.76,53.59,4299820.0,52.602,52.42999999999999,59.8665,,0.0187825557963576,0.0221247377455657,-0.104841605906475,,59.8665,84.89562263743976,34.83737736256023,0.3746160604397542,0.8361645540460175,0.0205675109502951,0.059090909090909,-0.0653993721660272,-0.5125966348340154,0.0225382359928668,0.0303641687053915,0.0616653085436027,28.074115663149755,-4.639712572321358,-5.32042307748631,0.680710505164952,-135540206.0,37.775449344898696,1.9707142857142848,0.448815751892032,0.0648168220245723,,-0.1100951670087704,0.0205675109502951,0.0616653085436027,28.074115663149755,-0.1879021823115046,0.0,0.0,0.0,0.5,,,,,,,,,,,,,,,,,,,,,,,,,,,,,,,,,,,,,,,,,,,,其他,0,0,0.5,1.0,0,0.2238193018480492,-0.12950177271879093,-0.09236797910057848,0.5493827160493827,0.0,0.9794238683127572,0.00823045267489712,0.00823045267489712,0.0,0.5,0.5,0.5,0.5,0.22381930184804927,0.1375770020533881,0.14989733059548255
2024-11-12,53.58,53.66,51.33,51.72,5611394.0,52.378,52.19199999999999,57.616,,-0.0125625262514796,-0.0090435315757203,-0.1023326853651763,,57.616,75.86471144694013,39.36728855305987,0.3384543473883887,0.6334598530584719,-0.0348945698824408,-0.0211960635881908,-0.043992606284658,-0.465315827561253,0.0217745619345332,0.0269757373908938,0.0581836415450611,29.01915263838501,-4.447528826225245,-5.144807576288184,0.6972787500629387,-141151600.0,40.80293789601456,1.9414285714285708,0.6290989213370287,0.0281407035175171,,-0.0630317092034029,-0.0348945698824408,0.0581836415450611,29.01915263838501,0.305029977999079,0.0,0.0,0.0,0.5,,,,,,,,,,,,,,,,,,,,,,,,,,,,,,,,,,,,,,,,,,,,其他,0,0,0.5,1.0,0,0.3388090349075975,-0.007733952049497228,-0.0649651972157772,0.12345679012345678,0.0,0.9506172839506173,0.006172839506172839,0.07407407407407407,0.0,0.5,0.5,0.5,0.5,0.33880903490759756,0.7864476386036962,0.188911704312115
2024-11-13,51.72,55.99,51.34,55.35,11229436.0,53.054,52.501,55.8635,,0.0432766615146833,0.0542656330355613,-0.0091920484753014,,55.8635,65.60481143229967,46.12218856770034,0.4736431791747909,0.3487540677645412,0.0701856148491879,0.0650375216471041,0.0591274397244547,-0.3877212389380531,0.0379393963471864,0.0334995611575147,0.0615188418037166,45.80679405179781,-3.996217548339701,-4.913999610898753,0.9177820625590528,-129922164.0,52.671101779880864,2.1178571428571424,1.319894409490985,0.2587145969484821,,-0.1168925022583559,0.0701856148491879,0.0615188418037166,45.80679405179781,1.0011847323499294,0.0,0.0,0.0,0.5,,,,,,,,,,,,,,,,,,,,,,,,,,,,,,,,,,,,,,,,,,,,其他,0,0,0.5,1.0,0,0.0266940451745379,-0.10894308943089437,-0.11869918699186988,0.8415637860082305,0.0,0.9650205761316872,0.03292181069958848,0.8559670781893004,0.04526748971193416,0.5,0.5,0.5,0.5,0.026694045174537988,0.13552361396303902,0.039014373716632446
2024-11-14,55.6,55.8,52.61,52.69,7669928.0,53.172,52.59,55.05,,-0.0090649213871963,0.0019015021867274,-0.0428701180744777,,55.05,62.67350382214866,47.42649617785133,0.3452155298212101,0.2769665330475864,-0.0480578139114725,0.011324376199616,0.0171814671814671,-0.2359338747099767,0.047140866253,0.0375193408215263,0.0359651605579156,39.43529411504898,-3.783157975037028,-4.686973603720779,0.9038156286837512,-137592092.0,51.92765115567988,2.2742857142857136,0.9746496147807372,0.1690938511313177,,-0.0690833175175554,-0.0480578139114725,0.0359651605579156,39.43529411504898,-0.3169801225992116,0.0,0.0,0.0,0.5,,,,,,,,,,,,,,,,,,,,,,,,,,,,,,,,,,,,,,,,,,,,其他,0,0,0.5,1.0,0,0.0492813141683778,-0.0829379388878344,-0.0764851015372936,0.845679012345679,0.0,0.6790123456790124,0.03292181069958848,0.7654320987654321,0.030864197530864196,0.5,0.5,0.5,0.5,0.049281314168377825,0.11088295687885011,0.04722792607802875
2024-11-15,52.02,52.64,50.6,50.7,5046028.0,52.81,52.407,54.437,,-0.0399545540617307,-0.0325719846585379,-0.0686481620956334,,54.437,61.31792129694391,47.55607870305609,0.2284520605051397,0.2528031043933821,-0.037768077434048,-0.034469624833365,-0.0348372358652198,-0.1947268106734434,0.0503066768883788,0.0392571783618366,0.0320907463527403,35.61525129766633,-3.712697123014955,-4.491527608304115,0.7788304852891601,-142638120.0,46.119876493719055,2.364999999999999,0.7077442606533312,0.0086355785836906,,-0.086785009861933,-0.037768077434048,0.0320907463527403,35.61525129766633,-0.3421022987438734,0.0,0.0,0.0,0.5,,,,,,,,,,,,,,,,,,,,,,,,,,,,,,,,,,,,,,,,,,,,其他,0,0,0.5,1.0,0,0.026639344262295,-0.047337278106509006,-0.05798816568047349,0.6365503080082136,0.0,0.5893223819301848,0.08829568788501027,0.5400410677618069,0.049281314168377825,0.5,0.5,0.5,0.5,0.02663934426229508,0.0942622950819672,0.07172131147540983
2024-11-18,50.5,51.08,47.1,47.69,4953929.0,51.63,52.116,53.7125,,-0.0763122215766026,-0.0849259344539105,-0.1121247381894344,,53.7125,60.20084704438816,47.22415295561184,0.0358987459515965,0.241595421712863,-0.0593688362919133,-0.1100951670087704,-0.057509881422925,-0.2330331296236732,0.0524130888228152,0.0419848733912272,0.0339202475607649,35.97374179210665,-3.827769710157831,-4.358454277102876,0.5306845669450446,-147592049.0,48.68238305095926,2.4057142857142844,0.739192833576458,0.0,,-0.0218075068148458,-0.0593688362919133,0.0339202475607649,35.97374179210665,-0.0182517814011337,0.0,0.0,0.0,0.5,,,,,,,,,,,,,,,,,,,,,,,,,,,,,,,,,,,,,,,,,,,,其他,0,0,0.5,1.0,0,0.2669404517453799,0.027469071084084806,0.0006290626965821389,0.2222222222222222,0.0,0.6131687242798354,0.09259259259259259,0.4506172839506173,0.02263374485596708,0.5,0.5,0.5,0.5,0.2669404517453799,0.34496919917864477,0.2464065708418891
2024-11-19,47.85,48.5,47.12,48.46,3112074.0,50.978,51.678,53.0655,,-0.0493938561732512,-0.0622702116954989,-0.0867889683504348,,53.0655,58.8708966726069,47.260103327393104,0.1033432115206137,0.2188011673345565,0.0161459425456071,-0.0630317092034029,-0.082891748675246,-0.2107491856677523,0.0542088030303008,0.0391559333532317,0.0345254433537165,41.27640036465627,-3.817822394400409,-4.250118348400141,0.4322959539997324,-144479975.0,50.86739148657976,2.3378571428571417,0.4904010956169813,0.0683836589691975,,0.05901774659513,0.0161459425456071,0.0345254433537165,41.27640036465627,-0.3717968101682523,0.0,0.0,0.0,0.5,,,,,,,,,,,,,,,,,,,,,,,,,,,,,,,,,,,,,,,,,,,,其他,0,0,0.5,1.0,0,0.8747433264887063,0.011349566652909537,-0.03528683450268266,0.3374485596707819,0.0,0.6193415637860082,0.15843621399176955,0.2242798353909465,0.03497942386831276,0.5,0.5,0.5,0.5,0.8747433264887063,0.35523613963039014,0.20123203285420946
2024-11-20,48.33,48.98,47.86,48.88,3083458.0,49.684,51.36899999999999,52.562,,-0.0161822719587794,-0.0484533473495686,-0.0700506069023247,,52.562,57.95025858012727,47.17374141987273,0.1583311708911287,0.2050248689211605,0.0086669418076765,-0.1168925022583559,-0.0594573792572636,-0.1708227311280746,0.0342713056949824,0.0393531862121302,0.0341057602984979,43.28426862646746,-3.73538610428006,-4.147012350772683,0.4116262464926228,-141396517.0,55.80371491770271,2.358571428571427,0.5182032875072762,0.1233160621748883,,0.0090016366612111,0.0086669418076765,0.0341057602984979,43.28426862646746,-0.009195154099806,0.0,0.0,0.0,0.5,,,,,,,,,,,,,,,,,,,,,,,,,,,,,,,,,,,,,,,,,,,,其他,0,0,0.5,1.0,0,0.7679671457905544,-0.022913256955810257,-0.04869067103109659,0.024691358024691357,0.00205761316872428,0.6152263374485597,0.19547325102880658,0.26954732510288065,0.037037037037037035,0.5,0.5,0.5,0.5,0.7679671457905544,0.26899383983572894,0.18275154004106775
2024-11-21,49.0,49.3,48.56,49.05,2966692.0,48.956,51.064,52.16799999999999,,0.0019200915107442,-0.0394407018643271,-0.0597684404232479,,52.16799999999999,57.36026793567019,46.9757320643298,0.1997458491500678,0.1990594976100384,0.0034779050736495,-0.0690833175175554,-0.0585412667946257,-0.1384155981029334,0.032981175669637,0.0393762170008116,0.0336620516145672,41.7847025468131,-3.615329859697212,-4.040544051186616,0.4252141914894043,-138429825.0,52.9751230352184,2.1992857142857125,0.521274142082263,0.140932642485586,,-0.0148827726809377,0.0034779050736495,0.0336620516145672,41.7847025468131,-0.037868522937559,0.0,0.0,0.0,0.5,,,,,,,,,,,,,,,,,,,,,,,,,,,,,,,,,,,,,,,,,,,,其他,0,0,0.5,1.0,0,0.5225409836065574,-0.022426095820591074,-0.08583078491335361,0.045174537987679675,0.004106776180698152,0.5811088295687885,0.10677618069815195,0.39835728952772076,0.059548254620123205,0.5,0.5,0.5,0.5,0.5225409836065574,0.26229508196721313,0.0942622950819672
2024-11-22,48.9,49.24,46.3,46.3,3538415.0,48.076,50.443,51.624,,-0.0369415092769781,-0.0821323077533057,-0.1031303269796994,,51.624,56.884635943145575,46.36336405685443,-0.0060224711934677,0.203805824544219,-0.0560652395514781,-0.086785009861933,-0.1182631879641973,-0.1902763203917453,0.037071156239769,0.0420938612509901,0.0352723597502359,40.22727272471281,-3.680802248932835,-3.968524365894228,0.2877221169613926,-141968240.0,54.70437305284867,2.228571428571428,0.6356572491862323,0.0,,0.0431965442764579,-0.0560652395514781,0.0352723597502359,40.22727272471281,0.1927139723301238,0.0,0.0,0.0,0.5,,,,,,,,,,,,,,,,,,,,,,,,,,,,,,,,,,,,,,,,,,,,其他,0,0,0.5,1.0,0,0.6454918032786885,0.04384449244060473,-0.01835853131749443,0.022587268993839837,0.006160164271047228,0.6098562628336756,0.19301848049281314,0.28952772073921973,0.04106776180698152,0.5,0.5,0.5,0.5,0.6454918032786885,0.41598360655737704,0.21721311475409835
2024-11-25,45.94,46.68,45.83,46.65,2903300.0,47.868,49.749,51.0895,,-0.0254449736776135,-0.062292709401194,-0.0868965247262157,,51.0895,56.069609806440994,46.10939019355901,0.0542768962379472,0.1949562945979602,0.0075593952483801,-0.0218075068148458,-0.1295017727187909,-0.1864318102546216,0.0294390430314981,0.0411765326015807,0.0353785176100007,34.60964693941057,-3.663615068071636,-3.907494153213624,0.2438790851419883,-139064940.0,47.96828205379904,2.0914285714285703,0.5315349693868501,0.038674033148744,,0.0503751339764202,0.0075593952483801,0.0353785176100007,34.60964693941057,-0.1794913824410081,0.0,0.0,0.0,0.5,,,,,,,,,,,,,,,,,,,,,,,,,,,,,,,,,,,,,,,,,,,,其他,0,0,0.5,1.0,0,0.5983606557377049,0.042658092175777096,-0.05809217577706327,0.2669404517453799,0.01026694045174538,0.6262833675564682,0.18480492813141683,0.29774127310061604,0.07597535934291581,0.5,0.5,0.5,0.5,0.5983606557377049,0.5,0.2192622950819672
2024-11-26,46.59,51.32,46.1,51.32,6846710.0,48.44,49.709,50.9505,,0.0594549958711809,0.0324086181576777,0.0072521368779501,,50.9505,55.72787419620083,46.17312580379917,0.5386718712802502,0.1875300221270235,0.10010718113612,0.05901774659513,-0.0077339520494972,-0.0513863216266173,0.0558936485074021,0.0534935950948677,0.0413020918591103,48.64073609083659,-3.262039172542579,-3.778321284046848,0.5162821115042693,-132218230.0,48.74073538151495,2.354285714285713,1.2767674362663128,0.554696132590556,,-0.0450116913484022,0.10010718113612,0.0413020918591103,48.64073609083659,1.358250955808907,0.0,0.0,0.0,0.5,,,,,,,,,,,,,,,,,,,,,,,,,,,,,,,,,,,,,,,,,,,,其他,0,0,0.5,1.0,0,0.0307377049180327,-0.05767731878409976,-0.13172252533125484,0.8747433264887063,0.2032854209445585,0.7700205338809035,0.6119096509240246,0.8788501026694046,0.7268993839835729,0.5,0.5,0.5,0.5,0.030737704918032786,0.028688524590163935,0.05327868852459016
2024-11-27,50.99,51.88,48.72,49.32,7644338.0,48.528,49.106,50.8035,,0.0163204747774481,0.0043579196024925,-0.0292007440432253,,50.8035,55.59213248251845,46.01486751748155,0.34510191527015,0.1885158495973319,-0.0389711613406079,0.0090016366612111,-0.1089430894308943,-0.0562571756601606,0.0606235442001254,0.048604864814769,0.04151977424652,44.60822342659226,-3.0593545962433737,-3.634454997612413,0.5751004013690393,-139862568.0,56.292089377841,2.5128571428571425,1.4100064660251377,0.3337016574548764,,-0.0316301703163017,-0.0389711613406079,0.04151977424652,44.60822342659226,0.1164979968481212,0.0,0.0,0.0,0.5,,,,,,,,,,,,,,,,,,,,,,,,,,,,,,,,,,,,,,,,,,,,其他,0,0,0.5,1.0,0,0.0655737704918032,-0.010948905109488982,-0.12206001622060025,0.7679671457905544,0.1704312114989733,0.7761806981519507,0.6078028747433265,0.9158110882956879,0.3737166324435318,0.5,0.5,0.5,0.5,0.06557377049180328,0.0778688524590164,0.09221311475409837
2024-11-28,48.62,49.35,48.18,48.32,4558293.0,48.382,48.669,50.6295,,-0.0012814683146624,-0.0071708890669625,-0.0456156983576768,,50.6295,55.517541153242135,45.741458846757865,0.2637601722630206,0.1930906350342184,-0.0202757502027575,-0.0148827726809377,-0.0829379388878344,-0.0671814671814671,0.061522495392937,0.0469818549828872,0.0416963669311121,42.05536594391819,-2.940429878531141,-3.495593644939498,0.5551637664083571,-144420861.0,49.672761809866586,2.4828571428571427,0.8437476234681553,0.2232044198870366,,-0.0076572847682118,-0.0202757502027575,0.0416963669311121,42.05536594391819,-0.4037033684277173,0.0,0.0,0.0,0.5,,,,,,,,,,,,,,,,,,,,,,,,,,,,,,,,,,,,,,,,,,,,其他,0,0,0.5,1.0,0,0.1700819672131147,0.007036423841059625,-0.0970612582781456,0.5215605749486653,0.1704312114989733,0.7864476386036962,0.49691991786447637,0.5954825462012321,0.2032854209445585,0.5,0.5,0.5,0.5,0.17008196721311475,0.11475409836065574,0.1598360655737705
2024-11-29,48.03,48.48,47.47,48.3,3676806.0,48.782,48.429,50.418,,-0.0098806936984953,-0.0026636932416528,-0.0420088063786743,,50.418,55.32581374844981,45.5101862515502,0.284221640369154,0.1946849834757455,-0.0004139072847683,0.0431965442764579,-0.047337278106509,-0.0805254140491148,0.0537301367986108,0.0457909735283665,0.0415154227664502,39.54958514202412,-2.8150524223655964,-3.3594412164355427,0.5443887940699463,-148097667.0,44.16896465406148,2.416428571428571,0.7059278082860792,0.2209944751356795,,0.0006211180124224,-0.0004139072847683,0.0415154227664502,39.54958514202412,-0.193380943260997,0.0,0.0,0.0,0.5,,,,,,,,,,,,,,,,,,,,,,,,,,,,,,,,,,,,,,,,,,,,其他,0,0,0.5,1.0,0,0.2090163934426229,-0.011180124223602483,-0.09482401656314698,0.6447638603696099,0.055441478439425054,0.8193018480492813,0.42505133470225875,0.38809034907597534,0.1437371663244353,0.5,0.5,0.5,0.5,0.20901639344262296,0.16188524590163936,0.13114754098360656
2024-12-02,48.33,49.57,47.9,49.0,3784400.0,49.252,48.56,50.338,,-0.0051165434906196,0.0090609555189455,-0.0265803170566967,,50.338,55.28532506140006,45.39067493859994,0.3647754106076634,0.1965642282724871,0.0144927536231884,0.0503751339764202,0.0274690710840848,-0.0316205533596838,0.0537537326901659,0.0416190382049139,0.0409252720342458,44.36619718052558,-2.631705119994251,-3.2138562011164,0.5821510811221491,-144313267.0,50.68190901741731,2.3692857142857138,0.740251530013396,0.2983425414331677,,-0.0073469387755101,0.0144927536231884,0.0409252720342458,44.36619718052558,0.0292628982872633,0.0,0.0,0.0,0.5,,,,,,,,,,,,,,,,,,,,,,,,,,,,,,,,,,,,,,,,,,,,其他,0,0,0.5,1.0,0,0.3737166324435318,-0.026122448979591817,-0.1271428571428571,0.5987654320987654,0.14609053497942387,0.8127572016460906,0.37448559670781895,0.30864197530864196,0.13580246913580246,0.5,0.5,0.5,0.5,0.3737166324435318,0.2402464065708419,0.15195071868583163
2024-12-03,48.78,49.73,48.41,49.01,3405554.0,48.79,48.615,50.1465,,0.0045091207214593,0.0081250642805719,-0.0226635956647024,,50.1465,54.98127001031391,45.311729989686086,0.3824659707065926,0.1928258207573517,0.0002040816326529,-0.0450116913484022,0.0113495666529095,-0.0724829674489024,0.0208312168086627,0.0413843075411483,0.0395324531864961,34.551656917720635,-2.45722708079034,-3.0624989413782178,0.6052718605878784,-140907713.0,43.71886344913888,2.1314285714285712,0.6902365555482141,0.2994475138088458,,-0.013262599469496,0.0002040816326529,0.0395324531864961,34.551656917720635,-0.1001072825282739,0.0,0.0,0.0,0.5,,,,,,,,,,,,,,,,,,,,,,,,,,,,,,,,,,,,,,,,,,,,其他,0,0,0.5,1.0,0,0.2813141683778234,-0.0461130381554784,-0.16098755356049788,0.02880658436213992,0.09670781893004116,0.7901234567901234,0.12139917695473251,0.34156378600823045,0.15020576131687244,0.5,0.5,0.5,0.5,0.2813141683778234,0.2874743326488706,0.11909650924024641
2024-12-04,48.71,49.48,47.71,47.76,3106024.0,48.478,48.503,49.93599999999999,,-0.014810842031437,-0.0153186400841185,-0.0435757769945529,,49.93599999999999,54.80297312180992,45.06902687819007,0.2764524330043525,0.1949284332665884,-0.0255049989798,-0.0316301703163017,-0.0229132569558102,-0.0810082740042332,0.0163817073832804,0.042164927475476,0.0397453184327078,37.10099424113337,-2.3876103324896505,-2.927498788852733,0.5398884563630824,-144013737.0,47.70962749482394,2.03,0.6450246441743646,0.1613259668490461,,0.021356783919598,-0.0255049989798,0.0397453184327078,37.10099424113337,-0.087953384383275,0.0,0.0,0.0,0.5,,,,,,,,,,,,,,,,,,,,,,,,,,,,,,,,,,,,,,,,,,,,其他,0,0,0.5,1.0,0,0.4127310061601643,-0.02638190954773867,-0.1647822445561139,0.06378600823045268,0.11316872427983539,0.8004115226337448,0.13580246913580246,0.30864197530864196,0.08847736625514403,0.5,0.5,0.5,0.5,0.4127310061601643,0.3326488706365503,0.09856262833675565
2024-12-05,47.72,48.23,47.22,47.95,2323187.0,48.404,48.393,49.7285,,-0.0093793901330466,-0.009154216518918,-0.0357641996038488,,49.7285,54.56074814193791,44.89625185806209,0.3159759238565978,0.1943452202229382,0.0039782244556114,-0.0076572847682118,-0.022426095820591,-0.0796545105566218,0.0147146989124601,0.0421718380918205,0.0397583796296697,42.056614670197625,-2.291199289429791,-2.8002219709771907,0.5090226815473997,-141690550.0,50.30333057476379,1.9528571428571424,0.4888116125136767,0.1823204419869362,,0.0148070907194992,0.0039782244556114,0.0397583796296697,42.056614670197625,-0.2520382971928098,0.0,0.0,0.0,0.5,,,,,,,,,,,,,,,,,,,,,,,,,,,,,,,,,,,,,,,,,,,,其他,0,0,0.5,1.0,0,0.2402464065708419,-0.06485922836287794,-0.205213764337852,0.16872427983539096,0.17695473251028807,0.8106995884773662,0.1337448559670782,0.18106995884773663,0.0823045267489712,0.5,0.5,0.5,0.5,0.2402464065708419,0.14784394250513347,0.1293634496919918
2024-12-06,48.19,48.6,47.69,48.33,2482377.0,48.41,48.596,49.5195,,-0.0016525511258005,-0.0054737015392213,-0.0240208402750432,,49.5195,54.20454664920877,44.83445335079123,0.3730535585768185,0.1892202727894793,0.0079249217935348,0.0006211180124224,0.0438444924406047,-0.0796038849742906,0.015321368964306,0.0375747401421545,0.0397592088688006,52.1798365072853,-2.160322065598613,-2.672228379288247,0.5119063136896336,-139208173.0,57.25378738234863,1.7335714285714288,0.5382304402380503,0.2243093922627148,,-0.0117939168218498,0.0079249217935348,0.0397592088688006,52.1798365072853,0.0685222498231954,0.0,0.0,0.0,0.5,,,,,,,,,,,,,,,,,,,,,,,,,,,,,,,,,,,,,,,,,,,,其他,0,0,0.5,1.0,0,0.3613963039014374,-0.059590316573556734,-0.21332505690047576,0.20781893004115226,0.1337448559670782,0.8168724279835391,0.23251028806584362,0.0720164609053498,0.08436213991769548,0.5,0.5,0.5,0.5,0.3613963039014374,0.21765913757700206,0.16427104722792607
2024-12-09,48.27,48.99,47.91,48.64,2449531.0,48.338,48.795,49.272000000000006,,0.0062476726385038,-0.0031765549748949,-0.0128267575905179,,49.272000000000006,53.55760184313639,44.98639815686362,0.4262647320988518,0.1739568859850497,0.0064142354645149,-0.0073469387755101,0.042658092175777,-0.0923679791005784,0.0137891781855433,0.0375675130491963,0.039434787606553,50.6329113874201,-2.0092635165787414,-2.539624126024054,0.5303606094453133,-136758642.0,62.56347646693455,1.7121428571428576,0.5419803554465527,0.2585635359087454,,-0.0189144736842105,0.0064142354645149,0.039434787606553,50.6329113874201,-0.0132316727072478,0.0,0.0,0.0,0.5,,,,,,,,,,,,,,,,,,,,,,,,,,,,,,,,,,,,,,,,,,,,其他,0,0,0.5,1.0,0,0.2772073921971252,-0.09662828947368429,-0.20456414473684215,0.3724279835390947,0.14609053497942387,0.8106995884773662,0.29218106995884774,0.10082304526748971,0.1728395061728395,0.5,0.5,0.5,0.5,0.27720739219712526,0.2402464065708419,0.10677618069815195
2024-12-10,49.57,49.77,48.36,48.36,3148670.0,48.208000000000006,48.499,49.104,,0.0031530036508462,-0.0028660384750199,-0.0151515151515151,,49.104,53.24658703812246,44.961412961877535,0.4102010418617274,0.1687270706302552,-0.0057565789473684,-0.013262599469496,-0.0576773187840997,-0.0649651972157772,0.0138735882422432,0.0170234833099245,0.0387701798043204,48.1534090861211,-1.889550105416859,-2.409600472951331,0.5200503675344721,-139907312.0,62.62133785694771,1.7328571428571438,0.7161834272252149,0.2276243093897501,,-0.0332919768403638,-0.0057565789473684,0.0387701798043204,48.1534090861211,0.2854174942060337,0.0,0.0,0.0,0.5,,,,,,,,,,,,,,,,,,,,,,,,,,,,,,,,,,,,,,,,,,,,其他,0,0,0.5,1.0,0,0.4517453798767967,-0.07857733664185274,-0.19210090984284534,0.27983539094650206,0.18518518518518517,0.7983539094650206,0.2674897119341564,0.09259259259259259,0.10493827160493827,0.5,0.5,0.5,0.5,0.4517453798767967,0.33880903490759756,0.16427104722792607
2024-12-11,48.1,48.79,47.81,48.78,2360229.0,48.412,48.445,48.7755,,0.0076014211352557,0.0069150583135515,9.225943352708654e-05,,48.7755,51.69364991859014,45.85735008140986,0.5007710364572525,0.1196563815269615,0.0086848635235732,0.021356783919598,-0.0109489051094889,-0.1186991869918698,0.0058749991537747,0.0128655066608943,0.0349387361898713,49.05792044182269,-1.7417140284286816,-2.276015911011453,0.5343018825827719,-137547083.0,57.66630099219536,1.750000000000001,0.5970732865314613,0.3881064162693572,,-0.046740467404674,0.0086848635235732,0.0349387361898713,49.05792044182269,-0.2504044564848015,0.0,0.0,0.0,0.5,,,,,,,,,,,,,,,,,,,,,,,,,,,,,,,,,,,,,,,,,,,,其他,0,0,0.5,1.0,0,0.4045174537987679,-0.11234112341123415,-0.18306683066830665,0.411522633744856,0.03497942386831276,0.7345679012345679,0.22633744855967078,0.16872427983539096,0.12345679012345678,0.5,0.5,0.5,0.5,0.40451745379876797,0.32238193018480493,0.23613963039014374
2024-12-12,48.6,48.96,48.3,48.66,2290106.0,48.554,48.479,48.574,,0.0021831363018494,0.003733575362528,0.0017704945032321,,48.574,50.83707103872481,46.31092896127519,0.5190007292030385,0.0931803449878598,-0.002460024600246,0.0148070907194992,0.0070364238410596,-0.0764851015372936,0.0066089268726789,0.0110021560383613,0.0334886812255193,60.08547007828036,-1.6153039067097126,-2.1438677542870987,0.5285638475773862,-139837189.0,63.4449954518115,1.587142857142858,0.6216347011699398,0.4701195219029853,,-0.0785039046444716,-0.002460024600246,0.0334886812255193,60.08547007828036,-0.029710252691582,0.0,0.0,0.0,0.5,,,,,,,,,,,,,,,,,,,,,,,,,,,,,,,,,,,,,,,,,,,,其他,0,0,0.5,1.0,0,0.2874743326488706,-0.1033703247020139,-0.20982326346074798,0.23868312757201646,0.043209876543209874,0.7139917695473251,0.2222222222222222,0.11934156378600823,0.07818930041152264,0.5,0.5,0.5,0.5,0.2874743326488706,0.4086242299794661,0.28336755646817247
2024-12-13,48.44,48.88,47.75,47.76,2999412.0,48.44,48.425,48.427,,-0.0140379851362509,-0.0137325761486835,-0.0137733082784397,,48.427,50.48088566278376,46.37311433721624,0.3376248463778313,0.0848239892117832,-0.0184956843403205,-0.0117939168218498,-0.0111801242236024,-0.0579881656804734,0.0108498421781206,0.0125874869569344,0.0327175118424653,54.530612238665874,-1.5676917296642614,-2.028628533861763,0.4609368041975017,-142836601.0,63.198677135811096,1.607142857142858,0.8374327069434896,0.2908366533806606,,-0.0483668341708541,-0.0184956843403205,0.0327175118424653,54.530612238665874,0.3097262746789886,0.0,0.0,0.0,0.5,,,,,,,,,,,,,,,,,,,,,,,,,,,,,,,,,,,,,,,,,,,,其他,0,0,0.5,1.0,0,0.3258196721311475,-0.08458961474036852,-0.18237018425460638,0.3613963039014374,0.07186858316221766,0.7145790554414785,0.26078028747433263,0.28542094455852157,0.15195071868583163,0.5,0.5,0.5,0.5,0.32581967213114754,0.3463114754098361,0.3237704918032787
2024-12-16,47.87,48.61,47.38,47.72,2366942.0,48.256,48.297,48.4285,,-0.011107427055703,-0.0119469118164688,-0.0146298150882228,,48.4285,50.48016197072141,46.37683802927859,0.3273351043828118,0.0847295278902784,-0.0008375209380234,-0.0189144736842105,-0.0261224489795918,0.0006290626965821,0.0098263844434283,0.0113573953128098,0.0298537351684962,26.3779527510592,-1.5155787993712124,-1.926015726536065,0.4104369271648527,-145203543.0,54.53523179697632,1.322142857142858,0.6856079259492854,0.2828685258907796,,-0.0792120704107293,-0.0008375209380234,0.0298537351684962,26.3779527510592,-0.2108646628072435,0.0,0.0,0.0,0.5,,,,,,,,,,,,,,,,,,,,,,,,,,,,,,,,,,,,,,,,,,,,其他,0,0,0.5,1.0,0,0.3926380368098159,-0.10373009220452634,-0.16031014249790443,0.2766393442622951,0.2459016393442623,0.6659836065573771,0.006147540983606557,0.29508196721311475,0.20081967213114754,0.5,0.5,0.5,0.5,0.39263803680981596,0.3210633946830266,0.2719836400817996
2024-12-17,47.6,48.28,46.71,46.75,2231518.0,47.934,48.071,48.343,,-0.0247006300329619,-0.0274801855588607,-0.0329520302835985,,48.343,50.52736646241067,46.15863353758934,0.1353633816883669,0.0903695038539663,-0.0203269069572505,-0.0332919768403638,-0.0461130381554784,-0.0352868345026826,0.0123882000523767,0.0125864310936589,0.0299578779593482,30.50075871886177,-1.5330252485432183,-1.847415878102304,0.314390629559085,-147435061.0,42.9329538152244,1.2085714285714293,0.6547308757998603,0.089641434261163,,-0.0468449197860961,-0.0203269069572505,0.0299578779593482,30.50075871886177,-0.0572147521992512,0.0,0.0,0.0,0.5,,,,,,,,,,,,,,,,,,,,,,,,,,,,,,,,,,,,,,,,,,,,其他,0,0,0.5,1.0,0,0.3073770491803279,-0.12042780748663107,-0.1460962566844919,0.44969199178644764,0.19917864476386038,0.6365503080082136,0.030800821355236138,0.2053388090349076,0.2648870636550308,0.5,0.5,0.5,0.5,0.3073770491803279,0.15778688524590165,0.1721311475409836
2024-12-18,46.6,46.97,46.28,46.5,1762000.0,47.478,47.945,48.224,,-0.020599014280298,-0.0301387005944311,-0.0357498341074984,,48.224,50.54050735284581,45.9074926471542,0.1278880794626277,0.0960727999685218,-0.0053475935828877,-0.046740467404674,-0.0263819095477386,-0.0486906710310965,0.0092193589653466,0.0102751148567702,0.0298742970061223,34.41780821092725,-1.548675368522595,-1.787666710225587,0.238991341702992,-149197061.0,46.16576468570217,1.1742857142857146,0.5271936792290358,0.0398406374494061,,-0.0688172043010753,-0.0053475935828877,0.0298742970061223,34.41780821092725,-0.2104029633639522,0.0,0.0,0.0,0.5,,,,,,,,,,,,,,,,,,,,,,,,,,,,,,,,,,,,,,,,,,,,其他,0,0,0.5,1.0,0,0.3435582822085889,-0.14215053763440855,-0.1427956989247312,0.4036885245901639,0.18237704918032788,0.639344262295082,0.06967213114754098,0.20491803278688525,0.2028688524590164,0.5,0.5,0.5,0.5,0.34355828220858897,0.13701431492842536,0.18404907975460122
2024-12-19,45.8,45.8,44.51,44.84,2728473.0,46.714,47.634,48.0135,,-0.0401164533116409,-0.0586555821472056,-0.0660959938350671,,48.0135,50.74238853410655,45.284611465893455,-0.0814638378094974,0.1136717187499708,-0.0356989247311827,-0.0785039046444716,-0.0648592283628779,-0.0858307849133536,0.0137502078906238,0.0143111373031145,0.0307618639114478,26.87165774898129,-1.6730305218390882,-1.764739145315146,0.0917086234760578,-151925534.0,47.5482134399889,1.2442857142857149,0.8192839459519473,0.0,,-0.0269848349687779,-0.0356989247311827,0.0307618639114478,26.87165774898129,0.5485090805902384,0.0,0.0,0.0,0.5,,,,,,,,,,,,,,,,,,,,,,,,,,,,,,,,,,,,,,,,,,,,其他,0,0,0.5,1.0,0,0.5521472392638037,-0.15008920606601261,-0.11619090098126672,0.28688524590163933,0.09221311475409837,0.6577868852459017,0.028688524590163935,0.6967213114754098,0.06352459016393443,0.5,0.5,0.5,0.5,0.5521472392638037,0.22903885480572597,0.26380368098159507
2024-12-20,44.85,45.76,44.84,45.45,2119613.0,46.252,47.346,47.971,,-0.0173397907117528,-0.0400456215942213,-0.0525525838527441,,47.971,50.83536472243971,45.10663527756029,0.0599373256736075,0.1194206800956302,0.0136039250669044,-0.0483668341708541,-0.0595903165735567,-0.0183585313174944,0.0189039205471931,0.0150449825958254,0.0284155877249489,25.981055475456927,-1.7035384615611804,-1.7524988688051018,0.0489604072439213,-149805921.0,44.82999706720065,1.1907142857142858,0.650312882919563,0.094135802467683,,-0.0380638063806381,0.0136039250669044,0.0284155877249489,25.981055475456927,-0.2231504581500348,0.0,0.0,0.0,0.5,,,,,,,,,,,,,,,,,,,,,,,,,,,,,,,,,,,,,,,,,,,,其他,0,0,0.5,1.0,0,0.3619631901840491,-0.16347634763476349,-0.11727172717271739,0.3237704918032787,0.2151639344262295,0.6290983606557377,0.05737704918032787,0.4487704918032787,0.10655737704918032,0.5,0.5,0.5,0.5,0.3619631901840491,0.22903885480572597,0.2474437627811861
2024-12-23,45.3,45.89,43.88,43.94,2460891.0,45.496,46.876,47.8355,,-0.0342008088623176,-0.0626333304889495,-0.0814353356816591,,47.8355,51.17926072551146,44.49173927448855,-0.0825028044427286,0.1398024783060475,-0.0332233223322333,-0.0792120704107293,-0.0966282894736842,-0.0580921757770632,0.020573536363894,0.0165505966053919,0.0292535214763992,21.48481439481681,-1.8263798410614167,-1.7672751982290504,-0.0591046428323667,-152266812.0,36.28085697977616,1.24,0.7601786044757629,0.0,,-0.0266272189349111,-0.0332233223322333,0.0292535214763992,21.48481439481681,0.1610095805224822,0.0,0.0,0.0,0.5,,,,,,,,,,,,,,,,,,,,,,,,,,,,,,,,,,,,,,,,,,,,其他,0,0,0.5,1.0,0,0.2331288343558282,-0.11948111060537092,-0.08966772872098316,0.39139344262295084,0.2192622950819672,0.6065573770491803,0.04918032786885246,0.36885245901639346,0.22540983606557377,0.5,0.5,0.5,0.5,0.2331288343558282,0.130879345603272,0.20245398773006135
2024-12-24,43.86,44.58,43.65,44.56,2060432.0,45.05800000000001,46.496,47.4975,,-0.0110524213236273,-0.0416379903647625,-0.0618453602821199,,47.4975,50.722754783897216,44.272245216102775,0.0446096205064859,0.1358073491821856,0.0141101502048248,-0.0468449197860961,-0.0785773366418527,-0.1317225253312548,0.0242769149038137,0.018222571846582,0.0172002640910359,30.62953994638245,-1.853051442164919,-1.784430572379261,-0.0686208697856576,-150206380.0,37.62060563731742,1.1800000000000002,0.6872826465694876,0.115241635685591,,-0.0771992818671455,0.0141101502048248,0.0172002640910359,30.62953994638245,-0.1627292716337294,0.0,0.0,0.0,0.5,,,,,,,,,,,,,,,,,,,,,,,,,,,,,,,,,,,,,,,,,,,,其他,0,0,0.5,1.0,0,0.0920245398773006,-0.12320466786355477,-0.12455116696588875,0.3073770491803279,0.05122950819672131,0.2540983606557377,0.13934426229508196,0.5204918032786885,0.30327868852459017,0.5,0.5,0.5,0.5,0.09202453987730061,0.14314928425357873,0.13701431492842536
2024-12-25,44.6,44.73,42.92,43.3,2299076.0,44.418,45.948,47.1965,,-0.0251699761358008,-0.0576303647601637,-0.0825590880679711,,47.1965,50.80631862789741,43.5866813721026,-0.0397085562530894,0.1529697595325821,-0.0282764811490127,-0.0688172043010753,-0.1123411234112341,-0.1220600162206002,0.0254769576141627,0.0182109926624214,0.0162928795813007,25.080385848326628,-1.951826664504153,-1.8179099865251136,-0.1339166779790397,-152505456.0,37.87465545131276,1.237142857142857,0.8419436837762595,0.0,,-0.0787528868360276,-0.0282764811490127,0.0162928795813007,25.080385848326628,0.1158223129906736,0.0,0.0,0.0,0.5,,,,,,,,,,,,,,,,,,,,,,,,,,,,,,,,,,,,,,,,,,,,其他,0,0,0.5,1.0,0,0.0961145194274028,-0.079676674364896,-0.09792147806004603,0.3422131147540984,0.09016393442622951,0.2151639344262295,0.1168032786885246,0.7684426229508197,0.29713114754098363,0.5,0.5,0.5,0.5,0.09611451942740286,0.2985685071574642,0.18609406952965235
2024-12-26,43.12,43.8,43.1,43.63,1473502.0,44.176,45.44500000000001,46.962,,-0.0123596522998913,-0.0399383870612829,-0.070950981644734,,46.962,50.86217867336996,43.061821326630046,0.0728400825893108,0.1660993430161259,0.007621247113164,-0.0269848349687779,-0.1033703247020139,-0.0970612582781456,0.0234982927163988,0.0190392475259294,0.0162328910428594,24.676724134208342,-1.9809374226548184,-1.8505156262412807,-0.1304217964135374,-151031954.0,31.42009361504157,1.2221428571428563,0.5719145914349202,0.0577933450077453,,-0.1265184506073803,0.007621247113164,0.0162328910428594,24.676724134208342,-0.3590894776858181,0.0,0.0,0.0,0.5,,,,,,,,,,,,,,,,,,,,,,,,,,,,,,,,,,,,,,,,,,,,其他,0,0,0.5,1.0,0,0.0961145194274028,-0.11872564749025893,-0.10634884253953703,0.5512295081967213,0.15778688524590165,0.21721311475409835,0.13319672131147542,0.4959016393442623,0.30327868852459017,0.5,0.5,0.5,0.5,0.09611451942740286,0.2085889570552147,0.1574642126789366
2024-12-27,43.63,44.07,43.36,43.72,1617008.0,43.83,45.041,46.733,,-0.002509696554871,-0.0293288337292689,-0.0644726424582201,,46.733,50.83500515794274,42.63099484205727,0.1327405885656687,0.1755506882902427,0.0020628008251202,-0.0380638063806381,-0.0845896147403685,-0.0948240165631469,0.0216820253423522,0.0192115643028355,0.0162788221862128,22.847682115674782,-1.9740307419457963,-1.8752187418075128,-0.0988120001382837,-149414946.0,29.18895963650557,1.1957142857142848,0.6537467091727952,0.0735551663734931,,-0.1303751143641353,0.0020628008251202,0.0162788221862128,22.847682115674782,0.0973911131440607,0.0,0.0,0.0,0.5,,,,,,,,,,,,,,,,,,,,,,,,,,,,,,,,,,,,,,,,,,,,其他,0,0,0.5,1.0,0,0.1454918032786885,-0.1068161024702654,-0.12374199451052148,0.3613963039014374,0.1293634496919918,0.22792607802874743,0.053388090349075976,0.39630390143737165,0.25667351129363447,0.5,0.5,0.5,0.5,0.14549180327868852,0.3709016393442623,0.14754098360655737
2024-12-30,43.44,43.6,42.71,42.77,1630243.0,43.596,44.54600000000001,46.4215,,-0.0189466923570967,-0.0398688995644952,-0.0786596727809312,,46.4215,50.7391761537221,42.10382384627791,0.0771452200207396,0.1860205359030964,-0.0217291857273558,-0.0266272189349111,-0.1037300922045263,-0.1271428571428571,0.0186798258391252,0.0194048242570969,0.0160275701419011,21.2744090411322,-2.020990294150508,-1.9043731395397527,-0.1166171546107543,-151045189.0,19.925161359523983,1.167142857142856,0.6891050637276448,0.0,,-0.0953939677343933,-0.0217291857273558,0.0160275701419011,21.2744090411322,0.0081848698336681,0.0,0.0,0.0,0.5,,,,,,,,,,,,,,,,,,,,,,,,,,,,,,,,,,,,,,,,,,,,其他,0,0,0.5,1.0,0,0.1707818930041152,-0.06312836100070152,-0.09328968903436996,0.2329896907216495,0.15257731958762888,0.2268041237113402,0.061855670103092786,0.49896907216494846,0.2597938144329897,0.5,0.5,0.5,0.5,0.17078189300411523,0.37037037037037035,0.2037037037037037
2024-12-31,42.77,42.96,40.66,41.12,2726454.0,42.908,43.983,46.027,,-0.0416705509462106,-0.0650933315144487,-0.1066113368240381,,46.027,50.76972895016532,41.28427104983468,-0.0173181992434148,0.2060846438027687,-0.0385784428337621,-0.0771992818671455,-0.120427807486631,-0.1609875535604978,0.0198576670036162,0.0211854181907104,0.0174383353277285,15.054744523624436,-2.1649207188957647,-1.956482780188756,-0.208437938707009,-153771643.0,19.93959553863894,1.261428571428571,1.16925647156744,0.0,,-0.0498540856031127,-0.0385784428337621,0.0174383353277285,15.054744523624436,0.6724218414064651,0.0,0.0,0.0,0.5,,,,,,,,,,,,,,,,,,,,,,,,,,,,,,,,,,,,,,,,,,,,其他,0,0,0.5,1.0,0,0.4135802469135802,-0.029182879377431803,-0.03866731517509714,0.09072164948453608,0.11958762886597939,0.27010309278350514,0.06391752577319587,0.8123711340206186,0.16082474226804125,0.5,0.5,0.5,0.5,0.41358024691358025,0.5576131687242798,0.3662551440329218
2025-01-02,41.12,41.4,39.39,39.89,2296751.0,42.226,43.322,45.633500000000005,,-0.0553213659830436,-0.0792207192650386,-0.1258614833400901,,45.633500000000005,51.03148510167398,40.23551489832603,-0.0320040618689075,0.2365799292915136,-0.0299124513618675,-0.0787528868360276,-0.1421505376344085,-0.1647822445561139,0.0201267022607016,0.0216765396749997,0.0176893636551685,13.670256833542837,-2.3501070892537115,-2.0352077928089107,-0.3148992964448007,-156068394.0,12.121036068260793,1.3578571428571418,1.0023699213652213,0.0,,-0.0010027575833542,-0.0299124513618675,0.0176893636551685,13.670256833542837,-0.1576050797115961,0.0,0.0,0.0,0.5,,,,,,,,,,,,,,,,,,,,,,,,,,,,,,,,,,,,,,,,,,,,其他,0,0,0.5,1.0,0,0.7736625514403292,-0.0007520681875157198,0.007771371270995253,0.09484536082474226,0.09896907216494845,0.2556701030927835,0.12783505154639174,0.5896907216494846,0.1154639175257732,0.5,0.5,0.5,0.5,0.7736625514403292,0.5843621399176955,0.46502057613168724
2025-01-03,39.85,39.99,37.99,38.11,2302506.0,41.122,42.649,45.1415,54.60983333333333,-0.0732454647147512,-0.1064268798799501,-0.1557657587807228,-0.3021403349213665,45.1415,51.37894642419768,38.90405357580232,-0.063652135969897,0.2763508711134482,-0.0446227124592629,-0.1265184506073803,-0.1500892060660126,-0.205213764337852,0.018197148768501,0.022778914818156,0.0191202008289865,12.74131273993534,-2.6090469892257104,-2.149975807973742,-0.4590711812519683,-158370900.0,12.628112810970038,1.4199999999999986,1.0053352709073495,0.0,0.0,0.0089215429021254,-0.0446227124592629,0.0191202008289865,12.74131273993534,0.0025057135057304,0.0,0.0,0.0,0.5,,,,,,,,,,,,,,,,,,,,,,,,,,,,,,,,,,,,,,,,,,,,其他,0,0,0.5,1.0,0,0.7839506172839507,0.039884544738913785,0.0653371818420363,0.09484536082474226,0.12989690721649486,0.2865979381443299,0.10927835051546392,0.6701030927835051,0.15051546391752577,0.5,0.5,0.5,0.5,0.7839506172839507,0.6419753086419753,0.5576131687242798
2025-01-06,38.0,38.72,37.37,38.02,1869706.0,39.982000000000006,41.906,44.626,52.27666666666666,-0.0490720824370968,-0.0927313511191714,-0.14803029623986,-0.2727156793980743,44.626,51.432137787243725,37.81986221275627,0.0147027428402468,0.3050301522533266,-0.0023615848858565,-0.1303751143641353,-0.1634763476347634,-0.2133250569004757,0.0164845672707636,0.0209693037180016,0.0187114600320329,12.692307690940863,-2.789240761775403,-2.2778289554815774,-0.5114118062938258,-160240606.0,13.045527392228578,1.4285714285714275,0.8274305284419425,0.0,0.0,0.0270910047343502,-0.0023615848858565,0.0187114600320329,12.692307690940863,-0.1879691084409769,0.0,0.0,0.0,0.5,,,,,,,,,,,,,,,,,,,,,,,,,,,,,,,,,,,,,,,,,,,,其他,0,0,0.5,1.0,0,0.8559670781893004,0.05523408732246171,0.06864807995791677,0.14432989690721648,0.16494845360824742,0.2824742268041237,0.10721649484536082,0.643298969072165,0.18969072164948453,0.5,0.5,0.5,0.5,0.8559670781893004,0.6255144032921811,0.5761316872427984
2025-01-07,38.1,38.69,37.85,38.69,1679662.0,39.166,41.381,44.1285,51.089000000000006,-0.0121533983557167,-0.0650298446146783,-0.1232423490488006,-0.2426941220223533,44.1285,51.15042738573434,37.10657261426565,0.1127487724339005,0.3182490855441917,0.0176223040504996,-0.0953939677343933,-0.1194811106053709,-0.2045641447368421,0.0263406654735671,0.0228140197929868,0.0194380441809674,18.267716533419303,-2.845549380126414,-2.391373151774368,-0.4541762283520461,-158560944.0,18.688909028852063,1.3764285714285702,0.7562094702150413,0.0622676579919858,0.0114120252086331,0.0356681313000775,0.0176223040504996,0.0194380441809674,18.267716533419303,-0.1016437878468593,0.0,0.0,0.0,0.5,,,,,,,,,,,,,,,,,,,,,,,,,,,,,,,,,,,,,,,,,,,,其他,0,0,0.5,1.0,0,0.7901234567901234,0.033858878263117065,0.049883690876195486,0.16907216494845362,0.10721649484536082,0.30721649484536084,0.09072164948453608,0.6556701030927835,0.1711340206185567,0.5,0.5,0.5,0.5,0.7901234567901234,0.6831275720164609,0.5329218106995884
2025-01-08,38.68,39.29,37.84,39.07,2613255.0,38.756,40.832,43.664,50.128,0.0081019713076684,-0.0431524294670846,-0.1052125320630267,-0.2205952760932014,43.664,50.73623005103316,36.59176994896684,0.175208529214459,0.3239387161513815,0.0098216593434996,-0.0498540856031127,-0.1232046678635547,-0.1921009098428453,0.0265019494289419,0.0222945814506257,0.0199722670964121,21.044427121631955,-2.82710291156522,-2.4785191721105924,-0.3485837394546274,-155947689.0,26.45724390169692,1.4307142857142845,1.1908804954563774,0.0975836431217694,0.0200458190148528,0.0217558228820067,0.0098216593434996,0.0199722670964121,21.044427121631955,0.5558219451294368,0.0,0.0,0.0,0.5,,,,,,,,,,,,,,,,,,,,,,,,,,,,,,,,,,,,,,,,,,,,其他,0,0,0.5,1.0,0,0.6872427983539094,-0.0015357051446123204,0.025339134886101844,0.41237113402061853,0.16494845360824742,0.31958762886597936,0.1979381443298969,0.8577319587628865,0.24536082474226803,0.5,0.5,0.5,0.5,0.6872427983539094,0.4547325102880658,0.3662551440329218
2025-01-09,38.99,40.4,38.88,39.85,2796021.0,38.748000000000005,40.487,43.2175,49.28549999999999,0.0284401775575513,-0.0157334453034307,-0.0779198241453115,-0.1914457599091008,43.2175,50.05338018434617,36.38161981565384,0.2536893633875576,0.316347784315629,0.019964166879959,-0.0010027575833542,-0.079676674364896,-0.1830668306683066,0.0264684065210002,0.0237535791999843,0.0206865262098968,29.1213389087222,-2.7185968204380515,-2.52653473191594,-0.1920620885221118,-153151668.0,35.627585686990784,1.3971428571428552,1.2616406742137272,0.171992481201391,0.0591467356171326,0.0002509410288582,0.019964166879959,0.0206865262098968,29.1213389087222,0.0699380657455932,0.0,0.0,0.0,0.5,,,,,,,,,,,,,,,,,,,,,,,,,,,,,,,,,,,,,,,,,,,,其他,0,0,0.5,1.0,0,0.2592592592592592,-0.019824341279799262,0.005771643663738946,0.7731958762886598,0.23711340206185566,0.34845360824742266,0.4618556701030928,0.911340206185567,0.4061855670103093,0.5,0.5,0.5,0.5,0.25925925925925924,0.2551440329218107,0.25308641975308643
2025-01-10,39.85,40.05,38.43,38.45,1957586.0,38.816,39.969,42.707,48.777,-0.0094291014014837,-0.0380044534514247,-0.099679209497272,-0.2117186378826085,42.707,49.35388324270143,36.06011675729857,0.1797747271480697,0.3112783966415746,-0.0351317440401505,0.0089215429021254,-0.1187256474902589,-0.2098232634607479,0.0225040797236898,0.0244641681337215,0.0213513055768835,22.527472524996995,-2.7135633214267827,-2.563940468602077,-0.1496228528247054,-155109254.0,28.358583383882163,1.4471428571428555,0.8899928305872938,0.0441478439420518,0.0172413793102756,0.0306892067620285,-0.0351317440401505,0.0213513055768835,22.527472524996995,-0.2998672041447471,0.0,0.0,0.0,0.5,,,,,,,,,,,,,,,,,,,,,,,,,,,,,,,,,,,,,,,,,,,,其他,0,0,0.5,1.0,0,0.2804123711340206,0.014044213263979088,0.04759427828348506,0.7851239669421488,0.28512396694214875,0.39462809917355374,0.3409090909090909,0.7479338842975206,0.34710743801652894,0.5,0.5,0.5,0.5,0.2804123711340206,0.2927835051546392,0.30103092783505153
2025-01-13,38.32,39.41,38.03,39.05,1865989.0,39.022000000000006,39.502,42.2715,48.3785,0.0007175439495668,-0.0114424586096906,-0.0762097394225425,-0.1928232582655518,42.2715,48.660761632655706,35.8822383673443,0.2478973169951583,0.3022964234834622,0.0156046814044212,0.0270910047343502,-0.1068161024702654,-0.1823701842546063,0.0230643300684493,0.0256907625647713,0.0221102142792858,29.33220625181191,-2.631081038641689,-2.5773685880045387,-0.0537124506371502,-153243265.0,29.247190925964247,1.4021428571428554,0.8707850093803605,0.106185567009214,0.0426324503309491,0.0274007682458385,0.0156046814044212,0.0221102142792858,29.33220625181191,-0.046790792333006,0.0,0.0,0.0,0.5,,,,,,,,,,,,,,,,,,,,,,,,,,,,,,,,,,,,,,,,,,,,其他,0,0,0.5,1.0,0,0.2407407407407407,-0.01895006402048638,0.017669654289372616,0.8556701030927835,0.32577319587628867,0.4247422680412371,0.4061855670103093,0.7938144329896907,0.43917525773195876,0.5,0.5,0.5,0.5,0.24074074074074073,0.14814814814814814,0.28189300411522633
2025-01-14,39.6,40.09,39.2,40.07,2529504.0,39.298,39.232000000000006,41.889,48.01,0.019644765636928,0.0213601141924957,-0.0434242879992359,-0.1653822120391584,41.889,47.80315750106203,35.97484249893796,0.3462164729542653,0.2823728186897714,0.0261203585147247,0.0356681313000775,-0.0631283610007015,-0.1603101424979044,0.0244456718891885,0.0278238693825334,0.0234644167967927,31.643499587546927,-2.4555214750571324,-2.5529991575830246,0.0974776825258922,-150713761.0,37.4213076888274,1.4099999999999986,1.175961333504106,0.2348224513146066,0.0876817792981706,-0.0017469428500125,0.0261203585147247,0.0234644167967927,31.643499587546927,0.3555835538151619,0.0,0.0,0.0,0.5,,,,,,,,,,,,,,,,,,,,,,,,,,,,,,,,,,,,,,,,,,,,其他,0,0,0.5,1.0,0,0.4291581108829568,-0.03219366109308708,0.0074868979286248916,0.7880658436213992,0.2716049382716049,0.39300411522633744,0.2654320987654321,0.7510288065843621,0.36213991769547327,0.5,0.5,0.5,0.5,0.42915811088295686,0.2402464065708419,0.37166324435318276
2025-01-15,39.72,40.47,39.49,39.92,2161351.0,39.468,39.112,41.5475,47.652,0.0114523158001418,0.0206586213949682,-0.0391720320115529,-0.1622597162763367,41.5475,47.0545705747965,36.0404294252035,0.3522354146428057,0.265097566630158,-0.0037434489643124,0.0217558228820067,-0.0291828793774318,-0.1460962566844919,0.0248420217285587,0.0253862747118547,0.0233145589403741,34.80215826899973,-2.301885097524263,-2.502776332658477,0.2008912351342142,-152875112.0,45.161536132645146,1.3507142857142844,1.00644928641831,0.2240566037709426,0.0907787864305265,-0.0227955911823648,-0.0037434489643124,0.0233145589403741,34.80215826899973,-0.1455435532025251,0.0,0.0,0.0,0.5,,,,,,,,,,,,,,,,,,,,,,,,,,,,,,,,,,,,,,,,,,,,其他,0,0,0.5,1.0,0,0.2628336755646817,-0.009769539078156364,0.0037575150300601656,0.6851851851851852,0.1728395061728395,0.411522633744856,0.3065843621399177,0.7736625514403292,0.3868312757201646,0.5,0.5,0.5,0.5,0.26283367556468173,0.29568788501026694,0.3264887063655031
2025-01-16,40.0,40.26,39.44,39.86,1983751.0,39.47,39.109,41.215500000000006,47.33383333333334,0.0098809222194071,0.0192027410570458,-0.0328881124819547,-0.157896219406133,41.215500000000006,46.24537066904991,36.1856293309501,0.3652549847476921,0.2440766541246716,-0.0015030060120241,0.0002509410288582,-0.0007520681875157,-0.1427956989247312,0.0233234232645588,0.0235190694745226,0.0233499710816079,32.62672810638914,-2.1600348632677324,-2.434228024680759,0.2741931614130264,-154858863.0,44.5982584650584,1.359285714285713,0.919003699037246,0.2476446837113367,0.0952380952376021,-0.0200702458605117,-0.0015030060120241,0.0233499710816079,32.62672810638914,-0.0821708274130393,0.0,0.0,0.0,0.5,,,,,,,,,,,,,,,,,,,,,,,,,,,,,,,,,,,,,,,,,,,,其他,0,0,0.5,1.0,0,0.3901437371663244,0.008529854490717526,0.001756146512794876,0.257201646090535,0.1831275720164609,0.4074074074074074,0.205761316872428,0.602880658436214,0.2880658436213992,0.5,0.5,0.5,0.5,0.39014373716632444,0.40451745379876797,0.3798767967145791
2025-01-17,39.54,39.93,39.31,39.63,1276351.0,39.706,39.261,40.955,47.0455,-0.00191406840276,0.0093986398716283,-0.0323525821023072,-0.1576240022956498,40.955,45.72756854600497,36.18243145399503,0.3611858596410052,0.2330640237330394,-0.0057701956848971,0.0306892067620285,0.0398845447389137,-0.1161909009812667,0.0140244943934776,0.0178129712994287,0.022380666906252,31.392174700277607,-2.042541967523789,-2.355890800358939,0.3133488328351501,-156135214.0,39.36025066124178,1.3528571428571416,0.6118703962343693,0.21668909824742,0.0833333333329019,-0.0161493817814787,-0.0057701956848971,0.022380666906252,31.392174700277607,-0.3565971737380347,0.0,0.0,0.0,0.5,,,,,,,,,,,,,,,,,,,,,,,,,,,,,,,,,,,,,,,,,,,,其他,0,0,0.5,1.0,0,0.3913934426229508,0.024476406762553582,0.001766338632349207,0.2813141683778234,0.2648870636550308,0.36344969199178645,0.26078028747433263,0.3408624229979466,0.22587268993839835,0.5,0.5,0.5,0.5,0.39139344262295084,0.45081967213114754,0.3155737704918033
2025-01-20,39.87,40.53,39.76,40.12,2008019.0,39.92,39.471,40.688500000000005,46.76116666666667,0.0050100200400799,0.0164424514200298,-0.0139720068323975,-0.1420231174728319,40.688500000000005,44.974694607169226,36.40230539283078,0.4336824325367209,0.2106833433111904,0.0123643704264444,0.0274007682458385,0.0552340873224617,-0.1172717271727173,0.0135445497854685,0.0178315876329702,0.022325414190549,37.416904078596,-1.8882679508971307,-2.2623662181549675,0.3740982672578368,-154127195.0,45.794130129485865,1.3449999999999989,0.9652067875890772,0.321100917426282,0.1086956521733501,-0.0451146560319041,0.0123643704264444,0.022325414190549,37.416904078596,0.5732498348808439,0.0,0.0,0.0,0.5,,,,,,,,,,,,,,,,,,,,,,,,,,,,,,,,,,,,,,,,,,,,其他,0,0,0.5,1.0,0,0.2069672131147541,0.01271186440677985,-0.006729810568295025,0.2402464065708419,0.24435318275154005,0.3613963039014374,0.3347022587268994,0.6694045174537988,0.34291581108829566,0.5,0.5,0.5,0.5,0.2069672131147541,0.42827868852459017,0.36475409836065575
2025-01-21,40.38,40.38,39.45,40.0,1512354.0,39.906,39.602,40.4915,46.47216666666667,0.0023555355084448,0.0100499974748751,-0.0121383500240791,-0.1392697421036965,40.4915,44.50175146868692,36.481248531313085,0.4387195536387638,0.1980786816332816,-0.0029910269192422,-0.0017469428500125,0.033858878263117,-0.0896677287209831,0.0072603615932001,0.0174667474901691,0.0213873740683029,43.77777777096789,-1.7554103017063412,-2.160975024187503,0.405564722481162,-155639549.0,47.929363699181486,1.2471428571428558,0.7439113707217554,0.302752293573352,0.1142527409110543,-0.0304999999999999,-0.0029910269192422,0.0213873740683029,43.77777777096789,-0.2468427838581208,0.0,0.0,0.0,0.5,,,,,,,,,,,,,,,,,,,,,,,,,,,,,,,,,,,,,,,,,,,,其他,0,0,0.5,1.0,0,0.2233606557377049,0.015499999999999847,0.0015000000000000568,0.4271047227926078,0.20123203285420946,0.3839835728952772,0.48254620123203285,0.49691991786447637,0.4024640657084189,0.5,0.5,0.5,0.5,0.22336065573770492,0.33401639344262296,0.2848360655737705
2025-01-22,39.95,39.95,38.7,39.01,1507443.0,39.724,39.596,40.214000000000006,46.220666666666666,-0.0179740207431277,-0.0147994746944135,-0.029939821952554,-0.1560052501766886,40.214000000000006,43.78263765838485,36.64536234161516,0.3313081748150825,0.1774823523338125,-0.02475,-0.0227955911823648,-0.0015357051446123,-0.1245511669658887,0.013297907431108,0.0193865299972689,0.0213760862027004,44.97716894258353,-1.7100165481993557,-2.0707833213912377,0.360766773191882,-157146992.0,49.375659600354425,1.1964285714285698,0.751719445600532,0.1736842105232679,0.0571263704555269,0.0133299154063062,-0.02475,0.0213760862027004,44.97716894258353,-0.0032472556028548,0.0,0.0,0.0,0.5,,,,,,,,,,,,,,,,,,,,,,,,,,,,,,,,,,,,,,,,,,,,其他,0,0,0.5,1.0,0,0.4610655737704918,0.026916175339656512,0.03127403229941028,0.26078028747433263,0.13552361396303902,0.3839835728952772,0.47638603696098564,0.5975359342915811,0.2936344969199179,0.5,0.5,0.5,0.5,0.4610655737704918,0.41188524590163933,0.4262295081967213
2025-01-23,39.31,39.68,39.03,39.06,1579919.0,39.564,39.517,40.002,46.00066666666667,-0.0127388535031847,-0.01156464306501,-0.0235488225588719,-0.1508818712772278,40.002,43.29158548020557,36.71241451979442,0.3568208660781164,0.1644710504573446,0.0012817226352217,-0.0200702458605117,-0.0198243412797992,-0.097921478060046,0.0135129539228268,0.0181086926793901,0.0207986664151381,56.75675674545388,-1.650979790960541,-1.9868226096461576,0.3358428186856166,-155567073.0,56.38605577473236,1.10142857142857,0.8022464050980803,0.1824561403476761,0.0600115406805538,0.0291858678955452,0.0012817226352217,0.0207986664151381,56.75675674545388,0.0480787664939901,0.0,0.0,0.0,0.5,,,,,,,,,,,,,,,,,,,,,,,,,,,,,,,,,,,,,,,,,,,,其他,0,0,0.5,1.0,0,0.5163934426229508,0.026113671274961447,0.03481822836661541,0.38809034907597534,0.1868583162217659,0.37166324435318276,0.6632443531827515,0.35728952772073924,0.33880903490759756,0.5,0.5,0.5,0.5,0.5163934426229508,0.4323770491803279,0.5655737704918032
2025-01-24,39.0,39.3,38.72,38.99,1363354.0,39.436,39.571,39.77,45.78716666666666,-0.0113094634344252,-0.014682469485229,-0.0196127734473219,-0.148451349177171,39.77,42.60537057821194,36.93462942178805,0.3624518420925198,0.1425884122808556,-0.0017921146953404,-0.0161493817814787,0.014044213263979,-0.106348842539537,0.0134977889274902,0.013874919331791,0.0206052614898122,56.91868757779085,-1.5914722234929286,-1.9077525281520613,0.3162803046591329,-156930427.0,57.34274014385442,1.0464285714285697,0.6942211068006404,0.1701754385935056,0.0559723023655165,0.0412926391382406,-0.0017921146953404,0.0206052614898122,56.91868757779085,-0.1370734828810844,0.0,0.0,0.0,0.5,,,,,,,,,,,,,,,,,,,,,,,,,,,,,,,,,,,,,,,,,,,,其他,0,0,0.5,1.0,0,0.5471311475409836,0.03308540651449077,0.057707104385740005,0.39014373716632444,0.15811088295687886,0.3531827515400411,0.6262833675564682,0.3141683778234086,0.31211498973305957,0.5,0.5,0.5,0.5,0.5471311475409836,0.4610655737704918,0.6618852459016393
2025-01-27,38.99,39.38,38.12,38.31,1320900.0,39.074,39.497,39.4995,45.55016666666667,-0.019552643701694,-0.0300529154112969,-0.03011430524437,-0.158949290342882,39.4995,41.71202392196415,37.28697607803584,0.23118934710384,0.1120279457693669,-0.0174403693254681,-0.0451146560319041,-0.0189500640204863,-0.1237419945105214,0.0113245508579434,0.014071396250593,0.0206946879973114,47.29344728401559,-1.5808065774310904,-1.8423633351872448,0.2615567577561544,-158251327.0,51.90571986460465,1.0764285714285704,0.6777127152250298,0.0610526315776618,0.0167339873051544,0.0605586008874967,-0.0174403693254681,0.0206946879973114,47.29344728401559,-0.0311393812612131,0.0,0.0,0.0,0.5,,,,,,,,,,,,,,,,,,,,,,,,,,,,,,,,,,,,,,,,,,,,其他,0,0,0.5,1.0,0,0.7213114754098361,0.037327068650482964,0.07543722265726971,0.2053388090349076,0.1457905544147844,0.3675564681724846,0.3408624229979466,0.2648870636550308,0.2053388090349076,0.5,0.5,0.5,0.5,0.7213114754098361,0.6577868852459017,0.6823770491803278
2025-02-05,38.6,38.81,38.46,38.78,1110910.0,38.83,39.368,39.3,45.35316666666666,-0.0012876641771825,-0.0149359886201991,-0.0132315521628497,-0.1449329153789332,39.3,40.90774441540429,37.692255584595706,0.3382827534490105,0.0818190542188396,0.0122683372487599,-0.0304999999999999,-0.032193661093087,-0.0932896890343699,0.0148901736162157,0.0114532955412899,0.0207634843896555,47.96061883725108,-1.5170285781547577,-1.7772963815353693,0.2602678033806116,-157140417.0,49.06380599823832,1.0085714285714278,0.5776694821192131,0.245161290314672,0.0438545874204046,0.0474471376998451,0.0122683372487599,0.0207634843896555,47.96061883725108,-0.1589749413278824,0.0,0.0,0.0,0.5,,,,,,,,,,,,,,,,,,,,,,,,,,,,,,,,,,,,,,,,,,,,其他,0,0,0.5,1.0,0,0.5828220858895705,0.04100051572975749,0.04925219185146967,0.22131147540983606,0.2028688524590164,0.375,0.35655737704918034,0.14549180327868852,0.32172131147540983,0.5,0.5,0.5,0.5,0.5828220858895705,0.6298568507157464,0.5991820040899796
2025-02-06,38.77,39.53,38.51,39.53,1726763.0,38.934,39.329,39.2205,45.13133333333334,0.0153079570555298,0.0051107325383306,0.0078912813452147,-0.1241118513375777,39.2205,40.58871781891647,37.85228218108353,0.6131033362011727,0.0697705444302332,0.019339865910263,0.0133299154063062,-0.0097695390781563,-0.0386673151750971,0.0141090249425759,0.0134800993672882,0.0198031814252937,47.74011298491015,-1.3900754157229611,-1.6998521862348872,0.3097767705119258,-155413654.0,46.72021508718448,0.9728571428571426,0.9218720949802728,0.7190476190133797,0.0871321407958041,0.013407538578295,0.019339865910263,0.0198031814252937,47.74011298491015,0.5543680406153513,0.0,0.0,0.0,0.5,,,,,,,,,,,,,,,,,,,,,,,,,,,,,,,,,,,,,,,,,,,,其他,0,0,0.5,1.0,0,0.3885480572597137,0.013660511004300435,0.03364533265874026,0.45901639344262296,0.36270491803278687,0.35655737704918034,0.25614754098360654,0.4262295081967213,0.4344262295081967,0.5,0.5,0.5,0.5,0.3885480572597137,0.4560327198364008,0.5357873210633947
2025-02-07,39.49,40.6,39.34,40.2,3012151.0,39.162000000000006,39.363,39.236,44.93516666666666,0.0265052857361727,0.0212636231994514,0.0245692731165256,-0.1053777479405512,39.236,40.642636899992894,37.82936310000712,0.8426612795102294,0.0717013406050211,0.0169491525423728,0.0291858678955452,0.0085298544907175,0.0077713712709952,0.0153883464158294,0.0146042997419274,0.0190578701627527,63.7795275449935,-1.2214330659156687,-1.6041683600578096,0.3827352941421409,-152401503.0,56.84678691303366,0.947142857142857,1.577972048716135,0.9999999999541284,0.125793421811161,-0.0029850746268658,0.0169491525423728,0.0190578701627527,63.7795275449935,0.744391673900819,0.0,0.0,0.0,0.5,,,,,,,,,,,,,,,,,,,,,,,,,,,,,,,,,,,,,,,,,,,,其他,0,0,0.5,1.0,0,0.3967280163599182,-0.006716417910447858,0.0019900497512437276,0.514344262295082,0.4651639344262295,0.35655737704918034,0.3975409836065574,0.7684426229508197,0.47540983606557374,0.5,0.5,0.5,0.5,0.3967280163599182,0.4130879345603272,0.4458077709611452
2025-02-10,40.0,40.6,40.0,40.6,1922400.0,39.484,39.46,39.3605,44.7435,0.0282646135143349,0.0288900152052711,0.0314909617509939,-0.0926056298680255,39.3605,40.78812924569316,37.93287075430684,0.934111308536822,0.0725412149586277,0.0099502487562188,0.0412926391382406,0.0244764067625535,0.0653371818420363,0.0148128884457121,0.0146470585714244,0.0158918528621452,62.60162600200942,-1.0435393881546062,-1.4920425636960777,0.4485031755414714,-150479103.0,64.37825539712412,0.8914285714285717,1.0172131201972707,0.9999999999612404,0.148874783611374,-0.0078817733990147,0.0099502487562188,0.0158918528621452,62.60162600200942,-0.3617849835549412,0.0,0.0,0.0,0.5,,,,,,,,,,,,,,,,,,,,,,,,,,,,,,,,,,,,,,,,,,,,其他,0,0,0.5,1.0,0,0.3946830265848671,-0.02216748768472898,-0.005911330049261143,0.5450819672131147,0.5594262295081968,0.2848360655737705,0.3114754098360656,0.3442622950819672,0.42418032786885246,0.5,0.5,0.5,0.5,0.3946830265848671,0.2985685071574642,0.4376278118609407
2025-02-11,40.59,41.09,40.31,40.63,2006800.0,39.948,39.511,39.491,44.5455,0.0170721938520077,0.0283212270000758,0.0288420146362462,-0.0878988898990917,39.491,40.8793105977374,38.1026894022626,0.9102107992855728,0.0703102275320395,0.0007389162561577,0.0605586008874967,0.0127118644067798,0.0686480799579167,0.0072342879467788,0.0142342558908376,0.0158488828670438,55.42635657410915,-0.8898828523678617,-1.3716106197281557,0.481727767360294,-148472303.0,63.6821883833185,0.8728571428571428,1.0580347173836533,0.9999999999568966,0.15060588574639,-0.0219049963081466,0.0007389162561577,0.0158488828670438,55.42635657410915,0.0439034540158136,0.0,0.0,0.0,0.5,,,,,,,,,,,,,,,,,,,,,,,,,,,,,,,,,,,,,,,,,,,,其他,0,0,0.5,1.0,0,0.4580777096114519,-0.019197637213881347,-0.010829436377061352,0.7192622950819673,0.5799180327868853,0.2930327868852459,0.3729508196721312,0.6495901639344263,0.47540983606557374,0.5,0.5,0.5,0.5,0.45807770961145194,0.40286298568507156,0.3312883435582822
2025-02-12,40.62,40.68,40.08,40.62,1439068.0,40.316,39.573,39.5875,44.32933333333334,0.0075404305982735,0.0264574330983244,0.0260814651089358,-0.0836767227118238,39.5875,41.0092835352307,38.1657164647693,0.8631002801513498,0.0718299228406497,-0.0002461235540242,0.0474471376998451,0.0154999999999998,0.0498836908761954,0.009001959855704,0.0141674351403162,0.0155075974795901,56.97211153789618,-0.7601518404022158,-1.2493188624801144,0.4891670220778985,-149911371.0,56.43726574985583,0.845714285714286,0.7635550685682765,0.995689655129494,0.1500288517013844,-0.0061546036435253,-0.0002461235540242,0.0155075974795901,56.97211153789618,-0.2829041259716962,0.0,0.0,0.0,0.5,,,,,,,,,,,,,,,,,,,,,,,,,,,,,,,,,,,,,,,,,,,,其他,0,0,0.5,1.0,0,0.6421267893660532,-0.013786312161496728,-0.01107828655834553,0.5819672131147541,0.5327868852459017,0.2786885245901639,0.33811475409836067,0.16188524590163936,0.4323770491803279,0.5,0.5,0.5,0.5,0.6421267893660532,0.37423312883435583,0.3394683026584867
2025-02-13,40.8,41.12,40.06,40.06,2491981.0,40.422,39.678,39.637,44.135,-0.0089555192716838,0.0096275013861584,0.0106718470116304,-0.0923303500623087,39.637,41.05184014347184,38.22215985652816,0.649486852591369,0.0713898702458951,-0.0137863121614967,0.013407538578295,0.0269161753396565,0.0253391348861018,0.0116181559976436,0.0121846205444312,0.015820441396558,51.81159418975796,-0.6944504881046711,-1.1383451866011296,0.4438946984964584,-152403352.0,55.172892154646696,0.8628571428571428,1.3264879221209382,0.7543103447950728,0.1177149451810864,0.0002496255616575,-0.0137863121614967,0.015820441396558,51.81159418975796,0.7316631319715261,0.0,0.0,0.0,0.5,,,,,,,,,,,,,,,,,,,,,,,,,,,,,,,,,,,,,,,,,,,,其他,0,0,0.5,1.0,0,0.5930470347648262,0.004243634548177555,-0.01647528706939605,0.38729508196721313,0.3668032786885246,0.28688524590163933,0.2930327868852459,0.7540983606557377,0.2848360655737705,0.5,0.5,0.5,0.5,0.5930470347648262,0.47443762781186094,0.3169734151329243
2025-02-14,40.06,40.49,39.9,40.08,1971500.0,40.398,39.78,39.6485,43.8805,-0.007871676815684,0.0075414781297133,0.010883135553678,-0.0866102254987978,39.6485,41.07432607635029,38.22267392364971,0.6513157905764305,0.0719233300804163,0.0004992511233148,-0.0029850746268658,0.0261136712749614,0.0057716436637389,0.0084898172767787,0.0121974340093823,0.0152031254683093,54.23728812129333,-0.6334670940910385,-1.0373695673683505,0.4039024732773117,-150431852.0,53.58723769817807,0.860714285714286,1.0729808190868348,0.7629310344498719,0.1404226312192197,-0.0037425149700598,0.0004992511233148,0.0152031254683093,54.23728812129333,-0.2088623468638003,0.0,0.0,0.0,0.5,,,,,,,,,,,,,,,,,,,,,,,,,,,,,,,,,,,,,,,,,,,,其他,0,0,0.5,1.0,0,0.5194274028629857,0.008483033932135786,-0.007734530938123596,0.39549180327868855,0.2520491803278688,0.2540983606557377,0.42827868852459017,0.6762295081967213,0.38524590163934425,0.5,0.5,0.5,0.5,0.5194274028629857,0.6584867075664622,0.25357873210633947
2025-02-17,40.0,40.71,40.0,40.28,1578181.0,40.334,39.909000000000006,39.74,43.67366666666666,-0.0013388208459365,0.0092961487383795,0.0135883241066934,-0.0777051007090465,39.74,41.07389812599268,38.40610187400733,0.7024142584081878,0.0671312594861257,0.0049900199600798,-0.0078817733990147,0.0330854065144907,0.047594278283485,0.0071350765482062,0.012111363423771,0.0127109387401708,51.59362548361935,-0.5625353139640623,-0.9424027161376722,0.3798674021736099,-148853671.0,52.78301053463407,0.8471428571428576,0.8678789603881515,0.8491379309978814,0.1699248120287974,-0.0143992055610724,0.0049900199600798,0.0127109387401708,51.59362548361935,-0.1995024093329952,0.0,0.0,0.0,0.5,,,,,,,,,,,,,,,,,,,,,,,,,,,,,,,,,,,,,,,,,,,,其他,0,0,0.5,1.0,0,0.3619631901840491,0.02383316782522349,-0.0024826216484608032,0.39344262295081966,0.30327868852459017,0.18237704918032788,0.3155737704918033,0.24795081967213115,0.35040983606557374,0.5,0.5,0.5,0.5,0.3619631901840491,0.754601226993865,0.2985685071574642
2025-02-18,40.27,41.99,39.68,39.74,4286231.0,40.156,40.05200000000001,39.7745,43.491,-0.0103595975694789,-0.0077898731648857,-0.0008673899106211,-0.0862477294152812,39.7745,41.06834738382548,38.48065261617453,0.4866676702059468,0.0650591400933874,-0.0134061569016881,-0.0219049963081466,0.0373270686504829,0.0176696542893726,0.0086406456705782,0.0113883917440089,0.012780382785126,47.61029410539443,-0.5435744283650479,-0.8626370582136981,0.3190626298486502,-153139902.0,63.21198699758455,0.9457142857142864,2.2100279071882647,0.6163793103182593,0.1293233082697042,0.0027679919476597,-0.0134061569016881,0.012780382785126,47.61029410539443,1.715931189134833,0.0,0.0,0.0,0.5,,,,,,,,,,,,,,,,,,,,,,,,,,,,,,,,,,,,,,,,,,,,其他,0,0,0.5,1.0,0,0.4580777096114519,0.03673880221439352,0.018621036738802,0.4569672131147541,0.2827868852459016,0.17008196721311475,0.3442622950819672,0.9344262295081968,0.4918032786885246,0.5,0.5,0.5,0.5,0.45807770961145194,0.6871165644171779,0.3006134969325153
2025-02-19,39.51,40.38,39.3,40.37,2180639.0,40.106,40.211,39.7895,43.369,0.0065825562260009,0.0039541419014696,0.0145892760652934,-0.0691507758998363,39.7895,41.10455413136551,38.4744458686345,0.7207133478700041,0.0661005607691577,0.0158530447911422,-0.0061546036435253,0.0410005157297574,0.0074868979286248,0.0126432903891438,0.0117380729341995,0.0118915800860274,63.38582675418501,-0.4723248323039684,-0.7845746127425037,0.3122497804385353,-150959263.0,61.62269721750211,0.9300000000000012,1.1345656898716043,0.8879310344444835,0.1766917293219793,-0.0076789695318304,0.0158530447911422,0.0118915800860274,63.38582675418501,-0.49124557215885,0.0,0.0,0.0,0.5,,,,,,,,,,,,,,,,,,,,,,,,,,,,,,,,,,,,,,,,,,,,其他,0,0,0.5,1.0,0,0.2229038854805726,0.007926678226405803,-0.006688134753529695,0.6413934426229508,0.36885245901639346,0.1885245901639344,0.6823770491803278,0.7459016393442623,0.5676229508196722,0.5,0.5,0.5,0.5,0.2229038854805726,0.6012269938650306,0.21267893660531698
2025-02-20,40.34,40.37,39.75,40.07,1712984.0,40.108,40.265,39.797,43.22916666666666,-0.0009474419068513,-0.0048429156835961,0.0068598135537856,-0.073079518072289,39.797,41.11688994756557,38.477110052434426,0.603417713137064,0.0663311278519614,-0.0074312608372553,0.0002496255616575,0.0136605110043004,0.0037575150300601,0.0113067046051736,0.0108957486543926,0.0119880678470395,59.47467165417175,-0.4350259041674889,-0.714664870820269,0.2796389666527801,-152672247.0,61.84786381958629,0.9264285714285724,0.9017675150563812,0.7586206896224723,0.1541353383447055,0.0039930122285998,-0.0074312608372553,0.0119880678470395,59.47467165417175,-0.2144577804946165,0.0,0.0,0.0,0.5,,,,,,,,,,,,,,,,,,,,,,,,,,,,,,,,,,,,,,,,,,,,其他,0,0,0.5,1.0,0,0.4241803278688524,0.019715497878712185,0.004492138757175024,0.5913757700205339,0.32238193018480493,0.1971252566735113,0.49691991786447637,0.5318275154004107,0.44763860369609854,0.5,0.5,0.5,0.5,0.42418032786885246,0.639344262295082,0.2725409836065574
2025-02-21,40.06,40.08,39.5,39.93,1568100.0,40.078,40.238,39.8005,43.08,-0.0036927990418682,-0.007654455986878,0.0032537279682416,-0.0731197771587743,39.8005,41.12146416143282,38.47953583856718,0.549017226858234,0.0663792747040615,-0.0034938857000249,-0.0037425149700598,-0.0067164179104478,0.0017561465127948,0.0114120734784729,0.0094826811475245,0.0120116843950506,58.70370368848422,-0.4120022166695491,-0.6541323398465768,0.2421301231770276,-154240347.0,61.34155820941543,0.9264285714285724,0.8346274201054885,0.6982758620388663,0.143609022555311,0.0122714750813925,-0.0034938857000249,0.0120116843950506,58.70370368848422,-0.0845798909972305,0.0,0.0,0.0,0.5,,,,,,,,,,,,,,,,,,,,,,,,,,,,,,,,,,,,,,,,,,,,其他,0,0,0.5,1.0,0,0.7321063394683026,0.008765339343851819,-0.00976709241172058,0.5184426229508197,0.3770491803278688,0.2028688524590164,0.5368852459016393,0.23565573770491804,0.4385245901639344,0.5,0.5,0.5,0.5,0.7321063394683026,0.5705521472392638,0.26380368098159507
2025-02-24,39.9,40.15,39.0,39.7,1767278.0,39.962,40.148,39.804,42.92416666666667,-0.0065562284169962,-0.0111587127627776,-0.0026128027333934,-0.0751130870333339,39.804,41.12343209474077,38.484567905259226,0.4605891047896314,0.066296457378025,-0.0057600801402453,-0.0143992055610724,-0.0221674876847289,0.0017663386323492,0.0110804716942925,0.0088121408245812,0.0120114219202156,64.04040402229164,-0.4075989051770534,-0.6048256528191306,0.1972267476420771,-156007625.0,60.33053880455056,0.918571428571429,0.9285098172365942,0.599137931008658,0.1263157894727344,0.0387909319899244,-0.0057600801402453,0.0120114219202156,64.04040402229164,0.1270186850328423,0.0,0.0,0.0,0.5,,,,,,,,,,,,,,,,,,,,,,,,,,,,,,,,,,,,,,,,,,,,其他,0,0,0.5,1.0,0,0.8670756646216768,0.016624685138538986,-0.023173803526448378,0.36065573770491804,0.3135245901639344,0.18032786885245902,0.6331967213114754,0.3012295081967213,0.2827868852459016,0.5,0.5,0.5,0.5,0.8670756646216768,0.6114519427402862,0.3231083844580777
2025-02-25,39.52,40.82,39.25,39.85,2026000.0,39.984,40.07,39.7905,42.81666666666667,-0.0033513405362144,-0.0054903918143248,0.0014953318003043,-0.0692876605683145,39.7905,41.10181874161307,38.47918125838692,0.5226870851683802,0.06591114671139,0.0037783375314861,0.0027679919476597,-0.0191976372138813,-0.006729810568295,0.0095455263759126,0.0089758305340727,0.0117015901032793,61.55507557533975,-0.3875477055191183,-0.5613700632931752,0.1738223577740568,-153981625.0,61.59540233372813,0.9950000000000004,1.063937161959699,0.6637931034196637,0.1375939849613713,0.0338770388958595,0.0037783375314861,0.0117015901032793,61.55507557533975,0.1463957566381746,0.0,0.0,0.0,0.5,,,,,,,,,,,,,,,,,,,,,,,,,,,,,,,,,,,,,,,,,,,,其他,0,0,0.5,1.0,0,0.8282208588957055,0.008531994981179292,-0.02183186951066507,0.4569672131147541,0.36270491803278687,0.16598360655737704,0.625,0.6475409836065574,0.4651639344262295,0.5,0.5,0.5,0.5,0.8282208588957055,0.43149284253578735,0.294478527607362
2025-02-26,39.84,40.28,39.71,40.06,1437300.0,39.922,40.014,39.7935,42.70683333333333,0.0034567406442562,0.0011495976408257,0.0066970736426803,-0.0619768108928702,39.7935,41.10710933069336,38.47989066930664,0.6014380736010723,0.0660213015035148,0.0052697616060226,-0.0076789695318304,-0.0137863121614967,0.0015,0.0057225535517777,0.0092539539405356,0.0117462871124518,56.47921758457927,-0.3506821343282169,-0.5192324774490215,0.1685503431208045,-152544325.0,61.26542799556516,0.9628571428571432,0.7562766144464145,0.7543103447950728,0.1533834586454632,0.0157264103844232,0.0052697616060226,0.0117462871124518,56.47921758457927,-0.2905725567620928,0.0,0.0,0.0,0.5,,,,,,,,,,,,,,,,,,,,,,,,,,,,,,,,,,,,,,,,,,,,其他,0,0,0.5,1.0,0,0.8139059304703476,0.002745881178232601,-0.01647528706939605,0.22131147540983606,0.2827868852459016,0.15778688524590165,0.4610655737704918,0.2192622950819672,0.38114754098360654,0.5,0.5,0.5,0.5,0.8139059304703476,0.48261758691206547,0.33537832310838445
2025-02-27,40.2,40.46,39.54,40.23,2228177.0,39.954,40.031,39.8545,42.522000000000006,0.006907944135756,0.0049711473607954,0.0094217716945388,-0.0539015098066885,39.8545,41.12759775537358,38.58140224462641,0.6474749281232792,0.0638872777413034,0.0042436345481775,0.0039930122285998,0.0042436345481775,0.0312740322994102,0.0050541988172414,0.0082650139187228,0.0102000781992792,50.4178272783885,-0.3042508381763724,-0.4762361495527278,0.1719853113763554,-150316148.0,60.21083149090321,0.9385714285714292,1.150601812993724,0.8275862068608775,0.1955752212372068,0.0156599552572707,0.0042436345481775,0.0102000781992792,50.4178272783885,0.5502518611285048,0.0,0.0,0.0,0.5,,,,,,,,,,,,,,,,,,,,,,,,,,,,,,,,,,,,,,,,,,,,其他,0,0,0.5,1.0,0,0.7576687116564417,-0.02063136962465817,-0.021377081779766383,0.42418032786885246,0.42418032786885246,0.09016393442622951,0.36270491803278687,0.5881147540983607,0.3975409836065574,0.5,0.5,0.5,0.5,0.7576687116564417,0.32719836400818,0.3312883435582822
2025-02-28,40.0,41.97,39.81,40.42,5207209.0,40.052,40.065000000000005,39.9225,42.373666666666665,0.0091880555278138,0.0088606015225258,0.0124616444360949,-0.0461056788414186,39.9225,41.16175062245841,38.68324937754159,0.7007261448628501,0.062082816579889,0.0047228436490183,0.0122714750813925,0.0084830339321357,0.0348182283666154,0.0046234157049184,0.0083747567045253,0.010223594634521,47.33727808690171,-0.2492591976991889,-0.4308407591467448,0.1815815614475558,-145108939.0,64.37334166276835,1.0500000000000005,2.4586704268759525,0.9094827585814874,0.2183803457668937,-0.0034636318654132,0.0047228436490183,0.010223594634521,47.33727808690171,1.3369817568352964,0.0,0.0,0.0,0.5,,,,,,,,,,,,,,,,,,,,,,,,,,,,,,,,,,,,,,,,,,,,其他,0,0,0.5,1.0,0,0.3067484662576687,-0.016081147946561125,-0.05220188025729833,0.7315573770491803,0.5635245901639344,0.06762295081967214,0.5635245901639344,0.9692622950819673,0.6782786885245902,0.5,0.5,0.5,0.5,0.3067484662576687,0.09611451942740286,0.16768916155419222
2025-03-03,40.51,41.46,40.51,41.24,4053167.0,40.36,40.161,40.035,42.25566666666667,0.0218037661050545,0.026866860884938,0.0300986636692892,-0.0240362239384067,40.035,41.32527944749653,38.74472055250347,0.9669531093598788,0.0644575719991661,0.020286986640277,0.0387909319899244,0.0238331678252234,0.05770710438574,0.0070802502525432,0.0103691386370098,0.0109834066739744,57.31414866181301,-0.1379615585517939,-0.3722649189913407,0.2343033604395468,-141055772.0,66.57949881249093,1.0685714285714287,1.7994985275509607,0.9999999999658704,0.2929936305705824,-0.0213385063045586,0.020286986640277,0.0109834066739744,57.31414866181301,-0.2216239063959215,0.0,0.0,0.0,0.5,,,,,,,,,,,,,,,,,,,,,,,,,,,,,,,,,,,,,,,,,,,,其他,0,0,0.5,1.0,0,0.0901639344262295,-0.02570320077594579,-0.056498545101843045,0.8685831622176592,0.6611909650924025,0.09240246406570841,0.7700205338809035,0.9281314168377823,0.7987679671457906,0.5,0.5,0.5,0.5,0.09016393442622951,0.06557377049180328,0.22950819672131148
2025-03-04,40.83,41.21,40.52,41.2,2496297.0,40.63,40.307,40.1795,42.13733333333334,0.0140290425793747,0.0221549606768054,0.0253985241229981,-0.0222447236021896,40.1795,41.29134010588437,39.06765989411562,0.9589239021434608,0.0553436506617358,-0.0009699321047526,0.0338770388958595,0.0367388022143935,0.0754372226572697,0.0079909629696615,0.00890424334426,0.0099495066384648,56.90476188579374,-0.052379899797053,-0.3082879151206659,0.2559080153236129,-143552069.0,64.50467786745573,1.077142857142857,1.0801071567277478,0.9837398373583848,0.2893539581411343,-0.0245145631067962,-0.0009699321047526,0.0099495066384648,56.90476188579374,-0.3841119795952152,0.0,0.0,0.0,0.5,,,,,,,,,,,,,,,,,,,,,,,,,,,,,,,,,,,,,,,,,,,,其他,0,0,0.5,1.0,0,0.0799180327868852,-0.01747572815533993,-0.04854368932038833,0.8295687885010267,0.6837782340862423,0.07597535934291581,0.7597535934291582,0.8069815195071869,0.7494866529774127,0.5,0.5,0.5,0.5,0.07991803278688525,0.0942622950819672,0.24180327868852458
2025-03-05,41.75,41.9,40.6,40.69,2515150.0,40.756,40.339000000000006,40.275,41.99883333333333,-0.0016193934635391,0.0087012568482112,0.0103041589075107,-0.0311635640672558,40.275,41.19168740008468,39.35831259991532,0.7263585164850248,0.0455214103082507,-0.0123786407766991,0.0157264103844232,0.0079266782264058,0.0492521918514696,0.0117840348713225,0.0090790788580808,0.0103494021591826,57.59036142635502,-0.0253943566115708,-0.2517092033963366,0.2263148467847657,-146067219.0,71.67836349645164,1.0942857142857143,1.0561782786437783,0.6783625730597426,0.2429481346656689,-0.0127795527156548,-0.0123786407766991,0.0103494021591826,57.59036142635502,0.0075523865950244,0.0,0.0,0.0,0.5,,,,,,,,,,,,,,,,,,,,,,,,,,,,,,,,,,,,,,,,,,,,其他,0,0,0.5,1.0,0,0.1331967213114754,-0.014499877119685367,-0.03612681248463989,0.8151950718685832,0.5995893223819302,0.08624229979466119,0.7494866529774127,0.813141683778234,0.6509240246406571,0.5,0.5,0.5,0.5,0.13319672131147542,0.13319672131147542,0.305327868852459
2025-03-06,40.6,40.96,40.5,40.86,2389071.0,40.882,40.418,40.3415,41.86299999999999,-0.0005381341421651,0.0109357217081498,0.0128527694805595,-0.0239591046986598,40.3415,41.222916921481534,39.46008307851847,0.7941286848958276,0.0436977763087315,0.0041779306955025,0.0156599552572707,0.0197154978787121,0.0336453326587402,0.0117825901628634,0.0086372885311389,0.0095739318944085,59.06976742262846,0.0095920195240992,-0.1994489587956157,0.209040978319715,-143678148.0,70.76709287575176,1.0849999999999995,0.9894746878028856,0.7532467531978393,0.2639405204436433,-0.0357317670093,0.0041779306955025,0.0095739318944085,59.06976742262846,-0.050127825378208,0.0,0.0,0.0,0.5,,,,,,,,,,,,,,,,,,,,,,,,,,,,,,,,,,,,,,,,,,,,其他,0,0,0.5,1.0,0,0.1557377049180328,-0.01492902594224177,-0.03524229074889862,0.7597535934291582,0.5359342915811088,0.06570841889117043,0.7207392197125256,0.5811088295687885,0.5954825462012321,0.5,0.5,0.5,0.5,0.1557377049180328,0.2028688524590164,0.36065573770491804
2025-03-07,40.69,40.99,40.2,40.28,2250200.0,40.854,40.453,40.3455,41.73833333333334,-0.0140500318206294,-0.0042765678688847,-0.0016234772155506,-0.0349399033662102,40.3455,41.22493702087444,39.46606297912557,0.4627602668004874,0.0435952966686373,-0.0141948115516397,-0.0034636318654132,0.0087653393438518,0.0019900497512437,0.0139891541082574,0.0099543379777504,0.0094954729581723,49.999999985042734,-0.009353192656583,-0.1614298055581284,0.1520766129015453,-145928348.0,65.08544920640693,1.0907142857142855,0.9468997816495898,0.3766233765989196,0.2100371747192374,-0.0126613704071498,-0.0141948115516397,0.0094954729581723,49.999999985042734,-0.0581276152948154,0.0,0.0,0.0,0.5,,,,,,,,,,,,,,,,,,,,,,,,,,,,,,,,,,,,,,,,,,,,其他,0,0,0.5,1.0,0,0.1495901639344262,-0.018371400198609833,-0.11916583912611733,0.3059548254620123,0.4455852156057495,0.07392197125256673,0.5420944558521561,0.5379876796714579,0.49691991786447637,0.5,0.5,0.5,0.5,0.14959016393442623,0.2151639344262295,0.38524590163934425
2025-03-10,40.2,40.5,40.04,40.36,1164323.0,40.678,40.519,40.3335,41.61183333333333,-0.0078174934854222,-0.0039240849971617,0.0006570220784212,-0.0300835900044458,40.3335,41.2048274808863,39.4621725191137,0.515206682062594,0.0432061428283754,0.0019860973187686,-0.0213385063045586,0.0166246851385389,-0.0059113300492611,0.0084505695374986,0.0096744193193075,0.0092256698432652,57.34597154495629,-0.0177105574450067,-0.1326859559296488,0.1149753984846421,-144764025.0,58.265065681259244,0.9585714285714282,0.4978967559650215,0.4285714285435972,0.2174721189570863,-0.0044598612487611,0.0019860973187686,0.0092256698432652,57.34597154495629,-0.4825691049684473,0.0,0.0,0.0,0.5,,,,,,,,,,,,,,,,,,,,,,,,,,,,,,,,,,,,,,,,,,,,其他,0,0,0.5,1.0,0,0.1864754098360656,-0.03914767096134786,-0.1615460852329038,0.08829568788501027,0.43737166324435317,0.06776180698151951,0.5523613963039015,0.09856262833675565,0.4537987679671458,0.5,0.5,0.5,0.5,0.1864754098360656,0.2540983606557377,0.29918032786885246
2025-03-11,40.04,40.29,39.67,40.19,1646509.0,40.476,40.553,40.3115,41.47616666666666,-0.0070659156043088,-0.0089512489828127,-0.0030140282549644,-0.0310097766990681,40.3115,41.17347508817359,39.4495249118264,0.42952232511708,0.0427657163921687,-0.0042120911793855,-0.0245145631067962,0.0085319949811792,-0.0108294363770613,0.0082556195555776,0.0098119758097326,0.0092639132474493,47.60638296099764,-0.0376124264788231,-0.113671250036385,0.0760588235575618,-146410534.0,59.21008364733469,0.9307142857142848,0.7095589435451228,0.3181818181611539,0.2016728624516568,0.0072157253048021,-0.0042120911793855,0.0092639132474493,47.60638296099764,0.4141342222046631,0.0,0.0,0.0,0.5,,,,,,,,,,,,,,,,,,,,,,,,,,,,,,,,,,,,,,,,,,,,其他,0,0,0.5,1.0,0,0.3449691991786447,-0.030106991789002224,-0.1575018661358547,0.07818930041152264,0.33127572016460904,0.06790123456790123,0.31069958847736623,0.36213991769547327,0.33539094650205764,0.5,0.5,0.5,0.5,0.34496919917864477,0.3531827515400411,0.2813141683778234
2025-03-12,40.1,40.46,40.1,40.17,1376138.0,40.372,40.56400000000001,40.289,41.335,-0.0050034677499256,-0.0097130460506854,-0.0029536598078879,-0.0281843474053465,40.289,41.14049775164292,39.437502248357085,0.4301231272699145,0.0422694905130831,-0.0004976362279173,-0.0127795527156548,0.0027458811782326,-0.0110782865583455,0.0072183376295227,0.009694943783366,0.0092637160850981,51.43678158850247,-0.0543711924605929,-0.1018112385196803,0.0474400460590874,-147786672.0,58.7947993788628,0.9121428571428564,0.5938484804710438,0.3051948051749867,0.1998141263921949,-0.0017425939756037,-0.0004976362279173,0.0092637160850981,51.43678158850247,-0.1642086377906224,0.0,0.0,0.0,0.5,,,,,,,,,,,,,,,,,,,,,,,,,,,,,,,,,,,,,,,,,,,,其他,0,0,0.5,1.0,0,0.2874743326488706,-0.019168533731640625,-0.13318396813542444,0.13168724279835392,0.3395061728395062,0.06172839506172839,0.39300411522633744,0.1419753086419753,0.30864197530864196,0.5,0.5,0.5,0.5,0.2874743326488706,0.3798767967145791,0.2997946611909651
2025-03-13,40.11,40.2,39.25,39.4,1862719.0,40.08,40.481,40.256,41.18566666666666,-0.0169660678642714,-0.0267038857735728,-0.0212639109697934,-0.0433565075228437,40.256,41.19184524136728,39.32015475863272,0.0426594258503466,0.0464946960137598,-0.0191685337316406,-0.0357317670093,-0.0206313696246581,-0.016475287069396,0.0090885276391287,0.0113301745975455,0.0097356591753788,43.552311420687765,-0.1282854887289843,-0.1071060885620934,-0.0211794001668909,-149649391.0,58.28740775198524,0.938571428571428,0.8148880946772453,0.0,0.1282527881028969,0.0215736040609137,-0.0191685337316406,0.0097356591753788,43.552311420687765,0.353584451559364,0.0,0.0,0.0,0.5,,,,,,,,,,,,,,,,,,,,,,,,,,,,,,,,,,,,,,,,,,,,其他,0,0,0.5,1.0,0,0.5893223819301848,-0.000761421319796951,-0.12411167512690358,0.15432098765432098,0.3168724279835391,0.07818930041152264,0.257201646090535,0.411522633744856,0.20781893004115226,0.5,0.5,0.5,0.5,0.5893223819301848,0.4887063655030801,0.27720739219712526
2025-03-14,39.32,39.89,39.32,39.77,1563596.0,39.978,40.416,40.2405,41.0355,-0.0052028615738656,-0.0159837688044337,-0.01169220064363,-0.0308391514664131,40.2405,41.19862261604073,39.28237738395927,0.2544677517530603,0.0476198166542837,0.0093908629441625,-0.0126613704071498,-0.0160811479465611,-0.0077345309381235,0.0105628881469153,0.0117282334291487,0.0099969167176307,50.823529395022845,-0.155226788524331,-0.1167302285553439,-0.038496559968987,-148085795.0,63.39858746095771,0.8971428571428568,0.6901881378841048,0.2010869565108126,0.1644736842089806,-0.0057832537088258,0.0093908629441625,0.0099969167176307,50.823529395022845,-0.160584070919983,0.0,0.0,0.0,0.5,,,,,,,,,,,,,,,,,,,,,,,,,,,,,,,,,,,,,,,,,,,,其他,0,0,0.5,1.0,0,0.5154004106776181,-0.03671108876037221,-0.12220266532562252,0.14814814814814814,0.25308641975308643,0.07407407407407407,0.3271604938271605,0.17901234567901234,0.12757201646090535,0.5,0.5,0.5,0.5,0.5154004106776181,0.4394250513347023,0.2546201232032854
2025-03-17,39.99,40.27,39.93,40.18,1488900.0,39.94199999999999,40.31,40.2355,40.89416666666666,0.0059586400280409,-0.0032250062019348,-0.0013793789066869,-0.0174637784525094,40.2355,41.19379838227663,39.27720161772337,0.4710424221340878,0.0476344711647301,0.0103092783505154,-0.0044598612487611,-0.0257032007759457,-0.0024826216484608,0.0120041683301851,0.0099534303701425,0.0102145896959632,53.65853656870909,-0.1418683613200499,-0.1217578551086207,-0.0201105062114292,-146596895.0,62.79274229666396,0.8207142857142854,0.6585141066379762,0.4239130434552219,0.2217659137554231,-0.0348432055749128,0.0103092783505154,0.0102145896959632,53.65853656870909,-0.0477719308568197,0.0,0.0,0.0,0.5,,,,,,,,,,,,,,,,,,,,,,,,,,,,,,,,,,,,,,,,,,,,其他,0,0,0.5,1.0,0,0.3983572895277207,-0.0316077650572425,-0.11000497760079642,0.1831275720164609,0.2962962962962963,0.0823045267489712,0.30864197530864196,0.1728395061728395,0.17078189300411523,0.5,0.5,0.5,0.5,0.39835728952772076,0.6119096509240246,0.3203285420944558
2025-03-18,40.18,41.19,39.97,40.48,1913604.0,40.0,40.238,40.2725,40.77283333333333,0.012,0.0060142154182611,0.0051523992799056,-0.0071820697605022,40.2725,41.20709532475448,39.33790467524551,0.6110106130658273,0.046413573766325,0.0074664011946241,0.0072157253048021,-0.0174757281553399,0.018621036738802,0.0123150911828021,0.0104480113438245,0.0098402417989458,54.56521737469748,-0.1058603329384055,-0.1185783506744079,0.0127180177360023,-144683291.0,63.3658130394792,0.8671428571428567,0.8932190712982301,0.5869565217072286,0.2536082474200654,-0.0370553359683794,0.0074664011946241,0.0098402417989458,54.56521737469748,0.28524682651622,0.0,0.0,0.0,0.5,,,,,,,,,,,,,,,,,,,,,,,,,,,,,,,,,,,,,,,,,,,,其他,0,0,0.5,1.0,0,0.4089979550102249,-0.03162055335968361,-0.028162055335968272,0.3422131147540984,0.29918032786885246,0.10040983606557377,0.42008196721311475,0.5737704918032787,0.2192622950819672,0.5,0.5,0.5,0.5,0.40899795501022496,0.5316973415132924,0.7321063394683026
2025-03-19,40.48,40.48,40.08,40.1,1222800.0,39.986,40.179,40.259,40.645833333333336,0.0028509978492472,-0.0019662012494087,-0.0039494274572144,-0.0134290107637109,40.259,41.19546367282807,39.32253632717193,0.4151061569952103,0.046521953989207,-0.009387351778656,-0.0017425939756037,-0.0144998771196853,-0.0066881347535296,0.0132795489171772,0.0101471844569654,0.0094413365838264,48.64864863448901,-0.1067484944150578,-0.1162123794224368,0.0094638850073789,-145906091.0,58.30913192290781,0.8299999999999993,0.5838214148158577,0.3804347825880206,0.2382588774314058,-0.0174563591022444,-0.009387351778656,0.0094413365838264,48.64864863448901,-0.3609963189876275,0.0,0.0,0.0,0.5,,,,,,,,,,,,,,,,,,,,,,,,,,,,,,,,,,,,,,,,,,,,其他,0,0,0.5,1.0,0,0.485655737704918,-0.02194513715710733,-0.012468827930174564,0.28542094455852157,0.21149897330595482,0.06981519507186858,0.30390143737166325,0.2053388090349076,0.2135523613963039,0.5,0.5,0.5,0.5,0.48565573770491804,0.6004098360655737,0.7581967213114754
2025-03-20,40.25,40.42,40.02,40.25,1155700.0,40.156,40.118,40.268,40.5375,0.0023408706046419,0.0032902936337804,-0.0004470050660574,-0.0070921985815602,40.268,41.20026605644543,39.33573394355457,0.4903461034944969,0.0463030722381599,0.0037406483790523,0.0215736040609137,-0.0149290259422417,0.004492138757175,0.0080577726849014,0.0101213231919072,0.0093265755023145,48.21802933595277,-0.0942647104085026,-0.1118228456194999,0.0175581352109973,-144750391.0,52.01863364614484,0.7042857142857137,0.5592244968685218,0.461956521714024,0.2629716981101062,-0.0218633540372671,0.0037406483790523,0.0093265755023145,48.21802933595277,-0.0548740595354922,0.0,0.0,0.0,0.5,,,,,,,,,,,,,,,,,,,,,,,,,,,,,,,,,,,,,,,,,,,,其他,0,0,0.5,1.0,0,0.4590163934426229,-0.02062111801242228,-0.03850931677018632,0.5872689938398358,0.2731006160164271,0.07186858316221766,0.1601642710472279,0.17453798767967146,0.26078028747433263,0.5,0.5,0.5,0.5,0.45901639344262296,0.5963114754098361,0.6741803278688525
2025-03-21,40.25,40.69,39.5,39.54,1943554.0,40.11,40.044,40.2485,40.4215,-0.0142109199700822,-0.0125861552292477,-0.0176031404897076,-0.0218077013470554,40.2485,41.22576309553521,39.27123690446479,0.1375080552766933,0.0485614666649827,-0.017639751552795,-0.0057832537088258,-0.0183714001986098,-0.0097670924117205,0.011929273828967,0.0106479808466512,0.0101285805172685,31.75965664281894,-0.1400359313987493,-0.1174654627755041,-0.0225704686232452,-146693945.0,40.1004746476204,0.7149999999999993,0.9319882768866712,0.0760869565176041,0.2045760430658867,-0.0311077389984825,-0.017639751552795,0.0101285805172685,31.75965664281894,0.681711516829627,0.0,0.0,0.0,0.5,,,,,,,,,,,,,,,,,,,,,,,,,,,,,,,,,,,,,,,,,,,,其他,0,0,0.5,1.0,0,0.4180327868852459,-0.1026808295397067,-0.03414264036418824,0.5133470225872689,0.26078028747433263,0.10882956878850103,0.04106776180698152,0.5092402464065708,0.22381930184804927,0.5,0.5,0.5,0.5,0.4180327868852459,0.6290983606557377,0.6516393442622951
2025-03-24,39.6,39.65,38.22,38.78,1915323.0,39.83,39.886,40.2025,40.3205,-0.0263620386643232,-0.0277290277290277,-0.0353833716808655,-0.0382063714487668,40.2025,41.35869839856421,39.04630160143579,-0.1151625887715184,0.0575187313506041,-0.0192210419828021,-0.0348432055749128,-0.0391476709613478,-0.0231738035264483,0.0121747236325917,0.0118534952155953,0.0109171294943753,27.509293673138814,-0.2349155065548274,-0.1409554715318825,-0.0939600350229448,-148609268.0,41.23761494499577,0.7657142857142851,0.9152021382397352,0.0,0.1022880215329433,0.0033522434244455,-0.0192210419828021,0.0109171294943753,27.509293673138814,-0.0145254518269108,0.0,0.0,0.0,0.5,,,,,,,,,,,,,,,,,,,,,,,,,,,,,,,,,,,,,,,,,,,,其他,0,0,0.5,1.0,0,0.8155737704918032,-0.12738525012893243,-0.02527075812274382,0.39835728952772076,0.3203285420944558,0.11909650924024641,0.03490759753593429,0.3839835728952772,0.24435318275154005,0.5,0.5,0.5,0.5,0.8155737704918032,0.4098360655737705,0.5942622950819673
2025-03-25,38.78,39.3,38.66,38.98,1195142.0,39.53,39.765,40.159000000000006,40.21266666666666,-0.013913483430306,-0.0197409782472024,-0.029358300754501,-0.0306536912084086,40.159000000000006,41.43073151751144,38.88726848248857,0.0364587635954948,0.0633348199660483,0.00515729757607,-0.0370553359683794,-0.0301069917890022,-0.021831869510665,0.0115142775860634,0.012193430000321,0.0109539516712531,33.13609466540615,-0.2906224744691741,-0.1708888721198646,-0.1197336023493094,-147414126.0,37.63295789785962,0.7185714285714282,0.582642547221163,0.0813008130048234,0.1467889908234426,0.0056439199589535,0.00515729757607,0.0109539516712531,33.13609466540615,-0.3760102081998702,0.0,0.0,0.0,0.5,,,,,,,,,,,,,,,,,,,,,,,,,,,,,,,,,,,,,,,,,,,,其他,0,0,0.5,1.0,0,0.7377049180327869,-0.13134940995382238,0.02360184710107749,0.4086242299794661,0.2915811088295688,0.1293634496919918,0.08418891170431211,0.24845995893223818,0.30184804928131415,0.5,0.5,0.5,0.5,0.7377049180327869,0.3114754098360656,0.8073770491803278
2025-03-26,39.08,39.66,38.7,39.4,1319520.0,39.39,39.688,40.126,40.13700000000001,0.000253871541,-0.0072566014916348,-0.0180930070278622,-0.0183621097740241,40.126,41.442029115019615,38.80997088498038,0.2241702361533262,0.0655948320299226,0.0107747562852744,-0.0174563591022444,-0.0191685337316406,-0.016475287069396,0.0139481964323837,0.0129467046744356,0.0111876746059739,36.27819547917487,-0.2974567552652374,-0.1962024487492935,-0.1012543065159438,-146094606.0,45.48204463407456,0.7542857142857134,0.645130078767013,0.2520325203149569,0.2110091743086995,-0.0045685279187817,0.0107747562852744,0.0111876746059739,36.27819547917487,0.1040696419337618,0.0,0.0,0.0,0.5,,,,,,,,,,,,,,,,,,,,,,,,,,,,,,,,,,,,,,,,,,,,其他,0,0,0.5,1.0,0,0.6864754098360656,-0.11624365482233501,-0.025380710659898442,0.48459958932238195,0.3326488706365503,0.14784394250513347,0.16837782340862423,0.3593429158110883,0.324435318275154,0.5,0.5,0.5,0.5,0.6864754098360656,0.3135245901639344,0.6577868852459017
2025-03-27,39.28,39.84,38.71,39.37,1495700.0,39.214,39.685,40.083,40.05049999999999,0.0039781710613555,-0.0079375078745118,-0.0177880897138438,-0.0169910488008887,40.083,41.44027435848869,38.7257256415113,0.2373412399768422,0.0677231923002424,-0.0007614213197969,-0.0218633540372671,-0.0007614213197969,-0.0213770817797663,0.0135073084539524,0.0114319763041645,0.0111254134836015,40.46121592103857,-0.3018141225429218,-0.2173247835082557,-0.0844893390346661,-147590306.0,54.16603943902738,0.7785714285714279,0.7445994140280896,0.2398373983642326,0.2368421052590019,0.0012700025400051,-0.0007614213197969,0.0111254134836015,40.46121592103857,0.1335182490602644,0.0,0.0,0.0,0.5,,,,,,,,,,,,,,,,,,,,,,,,,,,,,,,,,,,,,,,,,,,,其他,0,0,0.5,1.0,0,0.7049180327868853,-0.12344424688849376,0.020828041656083318,0.45790554414784396,0.32854209445585214,0.13141683778234087,0.24435318275154005,0.5010266940451745,0.35728952772073924,0.5,0.5,0.5,0.5,0.7049180327868853,0.1885245901639344,0.7848360655737705
2025-03-28,39.0,39.43,38.3,38.31,1586686.0,38.968,39.539,39.9775,39.967333333333336,-0.0168856497639088,-0.0310832342750195,-0.041710962416359,-0.041467198211873,39.9775,41.53737685073986,38.41762314926014,-0.0344973224026111,0.0780377387648532,-0.0269240538481075,-0.0311077389984825,-0.0367110887603722,-0.0522018802572983,0.0161689711255004,0.0136618395761117,0.0124385390389713,32.17391303564459,-0.386334701267188,-0.251126767060345,-0.135207934206843,-149176992.0,53.25664280395789,0.826428571428571,0.8681302745281726,0.0,0.0508771929815634,-0.0738710519446621,-0.0269240538481075,0.0124385390389713,32.17391303564459,0.0608317175904258,0.0,0.0,0.0,0.5,,,,,,,,,,,,,,,,,,,,,,,,,,,,,,,,,,,,,,,,,,,,其他,0,0,0.5,1.0,0,0.7453798767967146,-0.08874967371443498,0.027146959018532923,0.4176954732510288,0.1646090534979424,0.20781893004115226,0.1728395061728395,0.5967078189300411,0.28189300411522633,0.5,0.5,0.5,0.5,0.7453798767967146,0.2135523613963039,0.8049281314168378
2025-03-31,38.3,38.96,37.73,38.91,1376900.0,38.994,39.412,39.861,39.88866666666667,-0.0021541775657794,-0.0127372373896276,-0.023857906224129,-0.0245349556264939,39.861,41.37110491096007,38.35089508903994,0.1851212147194758,0.0757685412285832,0.0156617071260765,0.0033522434244455,-0.0316077650572425,-0.056498545101843,0.0166614199562253,0.0143566193573331,0.0120267331102785,39.64401293600293,-0.4002947646726511,-0.28096036658302,-0.119334398089631,-147800092.0,54.06607805685064,0.865,0.8128619328415112,0.207612456740219,0.1561403508744526,-0.1303006939090206,0.0156617071260765,0.0120267331102785,39.64401293600293,-0.132216456186038,0.0,0.0,0.0,0.5,,,,,,,,,,,,,,,,,,,,,,,,,,,,,,,,,,,,,,,,,,,,其他,0,0,0.5,1.0,0,0.3045267489711934,-0.08095605242868154,-0.014392187098432152,0.8164948453608247,0.2268041237113402,0.16907216494845362,0.4515463917525773,0.44329896907216493,0.5649484536082474,0.5,0.5,0.5,0.5,0.3045267489711934,0.19958847736625515,0.5987654320987654
2025-04-01,38.81,39.4,38.81,39.2,1297200.0,39.038,39.284,39.761,39.81333333333334,0.0041498027562889,-0.0021382751247326,-0.0141093030859384,-0.0154052243804421,39.761,41.15843976426082,38.36356023573919,0.2992757847682002,0.0702919828101557,0.0074530968902597,0.0056439199589535,-0.0316205533596836,-0.0485436893203883,0.0168427981637437,0.0143555305758305,0.0122410327723328,42.48062014581815,-0.3835392109120477,-0.3014761354489432,-0.0820630754631044,-146502892.0,53.81482851445077,0.8814285714285711,0.7939107802061494,0.3490196078294508,0.2484210526263489,-0.1362244897959184,0.0074530968902597,0.0122410327723328,42.48062014581815,-0.057883651681313,0.0,0.0,0.0,0.5,,,,,,,,,,,,,,,,,,,,,,,,,,,,,,,,,,,,,,,,,,,,其他,0,0,0.5,1.0,0,0.1864754098360656,0.0035714285714285587,-0.0201530612244899,0.7371663244353183,0.24229979466119098,0.14989733059548255,0.43121149897330596,0.5420944558521561,0.5318275154004107,0.5,0.5,0.5,0.5,0.1864754098360656,0.75,0.6331967213114754
2025-04-02,39.09,39.7,39.08,39.22,1274972.0,39.002,39.196000000000005,39.6875,39.75416666666667,0.0055894569509256,0.0006123073783037,-0.011779527559055,-0.0134367466722566,39.6875,41.032868272806446,38.342131727193554,0.3262557511270059,0.0677980861885004,0.0005102040816324,-0.0045685279187817,-0.0219451371571073,-0.0361268124846398,0.0159944130170533,0.01421551256623,0.0120261757209129,48.42105261968606,-0.3644455018006809,-0.3140700087193485,-0.0503754930813324,-145227920.0,61.4862730637182,0.8578571428571428,0.8110881170532095,0.3568627450840436,0.3726708074418413,-0.1121876593574706,0.0005102040816324,0.0120261757209129,48.42105261968606,-0.0171353684859697,0.0,0.0,0.0,0.5,,,,,,,,,,,,,,,,,,,,,,,,,,,,,,,,,,,,,,,,,,,,其他,0,0,0.5,1.0,0,0.1840490797546012,0.009688934217236156,0.02116267210606826,0.6844262295081968,0.30327868852459017,0.1413934426229508,0.5655737704918032,0.7479508196721312,0.5737704918032787,0.5,0.5,0.5,0.5,0.18404907975460122,0.7484662576687117,0.7280163599182005
2025-04-03,39.0,39.51,38.71,39.42,1254658.0,39.012,39.113,39.6155,39.72583333333333,0.010458320516764,0.0078490527446117,-0.0049349370827074,-0.007698600826498,39.6155,40.8458782045844,38.3851217954156,0.4205528839369811,0.0621160002817731,0.0050994390617031,0.0012700025400051,-0.0206211180124222,-0.0352422907488986,0.0162123309760507,0.0142841358916785,0.0120518965797132,46.83544302611759,-0.32938003663687,-0.317132014302864,-0.0122480223340059,-143973262.0,54.77630138799992,0.8742857142857139,0.8280438477325082,0.5115207373036176,0.4347826086821493,-0.1245560629122274,0.0050994390617031,0.0120518965797132,46.83544302611759,-0.0159328989185645,0.0,0.0,0.0,0.5,,,,,,,,,,,,,,,,,,,,,,,,,,,,,,,,,,,,,,,,,,,,其他,0,0,0.5,1.0,0,0.0449897750511247,-0.0182648401826484,0.04997463216641296,0.7028688524590164,0.35860655737704916,0.14959016393442623,0.6127049180327869,0.5799180327868853,0.6290983606557377,0.5,0.5,0.5,0.5,0.044989775051124746,0.6922290388548057,0.8139059304703476
2025-04-07,38.0,38.01,35.48,35.48,2396000.0,38.446,38.707,39.3755,39.65233333333333,-0.077147167455652,-0.0833699330870386,-0.0989320770529899,-0.1052228956681826,39.3755,41.56155604974626,37.18944395025375,-0.390988133724447,0.1110363576203834,-0.0999492643328261,-0.0738710519446621,-0.1026808295397067,-0.1191658391261173,0.0482243787795935,0.0341729497353242,0.0250104232743583,24.061810150807176,-0.6124247006444961,-0.3761905515713638,-0.2362341490731322,-146369262.0,45.82115958512042,1.12,1.5737303162199576,0.0,0.0,-0.0160653889515219,-0.0999492643328261,0.0250104232743583,24.061810150807176,0.90968375445739,0.0,0.0,0.0,0.5,,,,,,,,,,,,,,,,,,,,,,,,,,,,,,,,,,,,,,,,,,,,其他,0,0,0.5,1.0,0,0.0429447852760736,0.07638105975197296,0.15529875986471264,0.7418032786885246,0.38114754098360654,0.24385245901639344,0.4426229508196721,0.6987704918032787,0.5819672131147541,0.5,0.5,0.5,0.5,0.04294478527607362,0.6380368098159509,0.7914110429447853
2025-04-08,35.1,35.55,33.22,33.84,2792708.0,37.432,38.213,39.0495,39.58116666666667,-0.0959606753579824,-0.1144374950932928,-0.1334075980486305,-0.1450479394661602,39.0495,42.30191594413829,35.79708405586171,-0.3008662006098573,0.1665791338752077,-0.0462232243517473,-0.1303006939090206,-0.1273852501289324,-0.1615460852329038,0.0465419544958211,0.035982125114826,0.0264791957367366,18.076923074489628,-0.9580181384409698,-0.4925560689455582,-0.4654620694954116,-149161970.0,35.74988455226611,1.1992857142857145,1.7411804710899998,0.0,0.0,0.0567375886524821,-0.0462232243517473,0.0264791957367366,18.076923074489628,0.1655709515859766,0.0,0.0,0.0,0.5,-0.9615855982158472,-0.5837441967300296,-1.1492084800744549,-0.8181725506113557,-0.2723695218600637,,,,,,,,,,,,,,,,,,,,,,0.6528479932730135,0.9875464747498052,-1.042595475597029,-0.2988704680694937,,,,,,,,,,0.0,0.0,0.0,0.0,其他,0,0,0.5,1.0,0,0.4233128834355828,0.11702127659574457,0.19562647754137097,0.3012295081967213,0.29918032786885246,0.32172131147540983,0.26639344262295084,0.7602459016393442,0.38114754098360654,0.5,0.5,0.5,0.5,0.4233128834355828,0.7177914110429447,0.8302658486707567
2025-04-09,33.28,34.17,31.0,33.86,2458996.0,36.364,37.701,38.733,39.511833333333335,-0.0688593114068858,-0.1018805867218376,-0.1258100327885782,-0.1430415360799086,38.733,42.67663497830444,34.78936502169557,-0.1178310146345456,0.2036317857276352,0.0005910165484632,-0.1362244897959184,-0.1313494099538223,-0.1575018661358547,0.0453724399149365,0.0357554850529534,0.0265410870091238,18.924302786205715,-1.2162688890582274,-0.637298632968364,-0.5789702560898634,-146702974.0,34.45612296813354,1.3971428571428572,1.495247791967217,0.0030120481927251,0.0027027027026656,0.1618428824571767,0.0005910165484632,0.0265410870091238,18.924302786205715,-0.1194940538001109,0.0,0.0,0.0,0.5,-1.1024924255484905,-0.6388866428178199,-1.3386083191886744,-0.8113303930680195,-0.3399697274417906,,,,,,,,,,,,,,0.2643022627064275,,,,,,,,0.508836205815111,0.8973982186324245,-1.2558918675410211,-0.1939440047683109,,,,,,0.2643022627064275,,,-0.4010062852851837,0.0,0.0,0.0,0.0,其他,0,0,0.5,1.0,0,0.9611451942740288,0.1783815711754282,0.2040756054341406,0.18442622950819673,0.2786885245901639,0.27459016393442626,0.16393442622950818,0.6864754098360656,0.2827868852459016,0.5,0.5,0.5,0.5,0.9611451942740287,0.9427402862985685,0.8773006134969326
2025-04-10,34.21,35.29,34.21,34.82,2375023.0,35.484,37.243,38.4655,39.447333333333326,-0.0187126592266937,-0.0650592057567863,-0.0947732383564492,-0.1173040847712559,38.4655,42.71281977406445,34.21818022593555,0.0708470054141296,0.2208378819489365,0.0283520378027171,-0.1121876593574706,-0.116243654822335,-0.1331839681354244,0.0510930679473511,0.037465826877756,0.0277376461567876,24.97695852212276,-1.328165853668672,-0.7754720771086332,-0.5526937765600388,-144327951.0,37.02736012652316,1.470714285714286,1.4016193297190789,0.14759036144356,0.1324324324306424,0.1372774267662262,0.0283520378027171,0.0277376461567876,24.97695852212276,-0.0341493032115546,0.0,0.0,0.0,0.5,-1.0167462250177528,-0.5877276411574582,-1.0340881803137492,-0.7471856463895852,-0.3557955615256877,,,,,,,,,,,,,,0.8277327105504527,,,,,,,,0.4452077375608871,0.8121643139823019,-1.1914807970021863,-0.0926151233339069,,,,,,0.8277327105504527,,,-0.1791480577699313,0.0,0.0,0.0,0.0,其他,0,0,0.5,1.0,0,0.950920245398773,0.10281447443997704,0.15852958070074674,0.18237704918032788,0.29713114754098363,0.3012295081967213,0.1987704918032787,0.7602459016393442,0.305327868852459,0.5,0.5,0.5,0.5,0.950920245398773,0.8813905930470347,0.8548057259713702
2025-04-11,34.29,35.26,34.08,34.51,1880070.0,34.501999999999995,36.757,38.221,39.37133333333334,0.0002318706161963,-0.0611312131022662,-0.0970932210041599,-0.1234739319640348,38.221,42.792439483069806,33.64956051693019,0.0941103438257262,0.2392108779497056,-0.0089029293509478,-0.1245560629122274,-0.1234442468884937,-0.1241116751269035,0.0495681772299037,0.0372917245951818,0.0275901116888266,25.93301435059267,-1.4254259296504088,-0.9054628476171444,-0.5199630820332644,-146208021.0,37.53673914542514,1.4700000000000004,1.1089551518663432,0.1009036144563109,0.0905405405393163,0.1214140828745293,-0.0089029293509478,0.0275901116888266,25.93301435059267,-0.2083992449757328,0.0,0.0,0.0,0.5,-1.0018481047893557,-0.585802324962524,-1.0371897808093842,-0.7614547984598883,-0.456887764058918,,,,,,,,,,,,,,0.0625624374266309,,,,,,,,0.389801242877112,0.7325078974935696,-1.1159905522714288,-0.1721347076445116,,,,,,0.0625624374266309,,,-0.6287800915648314,0.0,0.0,0.0,0.0,其他,0,0,0.5,1.0,0,0.9652351738241308,0.1645899739206027,0.1634308895972183,0.0430327868852459,0.27459016393442626,0.2848360655737705,0.1721311475409836,0.7377049180327869,0.19467213114754098,0.5,0.5,0.5,0.5,0.9652351738241309,0.9591002044989775,0.8650306748466258
2025-04-14,34.77,35.58,34.77,34.91,1898491.0,34.388,36.417,37.978,39.289,0.0151797138536697,-0.0413817722492242,-0.0807836115645901,-0.1114561327598057,37.978,42.71637902551864,33.23962097448137,0.1762605963458329,0.2495328361423011,0.0115908432338451,-0.0160653889515219,-0.0887496737144349,-0.1222026653256225,0.0278917408374685,0.0376163149587149,0.0276599450091847,30.82259662605034,-1.4534757236211036,-1.0150654228180418,-0.4384103008030617,-144309530.0,45.26835091598541,1.4442857142857146,1.1088686049306715,0.1611445783108252,0.1445945945926397,0.0939558865654541,0.0115908432338451,0.0276599450091847,30.82259662605034,0.0097980394347019,0.0,0.0,0.0,0.5,-0.9545910401547696,-0.5689923166193221,-0.9660668755062732,-0.7320778732868385,-0.4508375870968986,-1.118669968530562,,,,0.6504853820679037,,,,,,,,,0.4826552835039074,,,,,,,,0.3725828451893274,0.6652187205133457,-0.946509908456908,-0.0904185340740214,,,,,,0.4826552835039074,,,-0.0595587704136266,0.0,0.0,0.0,0.0,其他,0,0,0.5,1.0,0,0.952965235173824,0.12718418791177322,0.1429389859639072,0.040983606557377046,0.2520491803278688,0.29098360655737704,0.16188524590163936,0.7049180327868853,0.13524590163934427,0.5,0.5,0.5,0.5,0.9529652351738241,0.9591002044989775,0.8977505112474438
2025-04-15,34.96,35.95,34.92,35.76,2455977.0,34.772000000000006,36.102,37.757,39.244166666666665,0.028413666168181,-0.0094731593817516,-0.0528908546759541,-0.0887817722379121,37.757,42.47520706357173,33.038792936428266,0.2883730013200091,0.2499248914669722,0.0243483242623889,0.0567375886524821,-0.0809560524286815,-0.1100049776007964,0.0156836045181922,0.0383318586152601,0.0282701109704928,35.009310982401004,-1.3910859597049663,-1.0902695301954846,-0.3008164295094819,-141853553.0,47.63743960569511,1.4728571428571438,1.3950838285094185,0.2891566265016688,0.2594594594559525,0.0570469798657717,0.0243483242623889,0.0282701109704928,35.009310982401004,0.2936469016708534,0.0,0.0,0.0,0.5,-0.931786599493896,-0.5501603498279721,-0.945022995755069,-0.6752981891807609,-0.3322048510396173,-1.0702464436640744,,,,0.907018499961292,,,,,,,,,0.7418347651005763,1.0139093243342865,,,-0.4101005930146438,,,,0.4053042665658962,0.6181854751318213,-0.6689076266092625,0.0151850177550161,,,,,,0.7418347651005763,,,0.6796269469274768,0.0,0.0,0.0,0.0,其他,0,0,0.5,1.0,0,0.8834355828220859,0.07242729306487705,0.13227069351230436,0.42299794661190965,0.3203285420944558,0.324435318275154,0.30184804928131415,0.8562628336755647,0.30184804928131415,0.5,0.5,0.5,0.5,0.8834355828220859,0.9038854805725971,0.8752556237218814
2025-04-16,35.46,39.34,35.35,39.34,6606859.0,35.867999999999995,36.116,37.7,39.249,0.0967993754879004,0.0892679144977297,0.043501326259947,0.0023185304084181,37.7,42.30590467712243,33.09409532287758,0.6780323427097932,0.2443450757087643,0.1001118568232664,0.1618428824571767,0.0035714285714285,-0.0281620553359682,0.0412207907435021,0.0513826771417564,0.0367962183269368,49.784172656856285,-1.0407844018351329,-1.080372504523408,0.0395881026882753,-135246694.0,56.79505847141059,1.6892857142857156,3.311519625232433,0.8580343213594696,0.7432432432331996,0.0142348754448398,0.1001118568232664,0.0367962183269368,49.784172656856285,1.6901143618201635,0.0,0.0,0.0,0.5,-0.8839661130498617,-0.4017107636654698,-0.8989077462183627,-0.4501756044600064,0.5404783025051929,-0.9520489088974392,,,,2.2134346295791336,,,,,,,,,2.254374390172191,2.090244532639821,,,0.8587112674081283,,,,0.5970668979138998,0.6205110195519201,0.0097104417518958,0.2992928609352781,,,,,,2.254374390172191,,,4.030913094970113,0.0,0.0,0.0,0.0,其他,0,0,0.5,1.0,0,0.4335378323108384,-0.023640061006609203,0.022877478393492634,0.9609856262833676,0.7330595482546202,0.704312114989733,0.7700205338809035,0.9856262833675564,0.8747433264887063,0.5,0.5,0.5,0.5,0.4335378323108384,0.2822085889570552,0.3558282208588957
2025-04-17,38.9,40.26,38.1,39.6,8333932.0,36.824,36.154,37.675,39.24116666666667,0.0753856180751684,0.0953144880234553,0.0510948905109489,0.0091443084855613,37.675,42.23121495726919,33.118785042730806,0.711249910065991,0.2418694071536614,0.0066090493136756,0.1372774267662262,0.0096889342172361,-0.0124688279301745,0.0427033938124693,0.0514051167808795,0.0367731436421063,50.81387119100218,-0.7337312657726116,-1.0110442567732143,0.2773129910006029,-126912762.0,65.04245674041452,1.7628571428571438,3.5453424130403985,0.898595943823735,0.7783783783678596,-0.0303030303030303,0.0066090493136756,0.0367731436421063,50.81387119100218,0.2614060630021013,0.0,0.0,0.0,0.5,-0.5949429828021382,-0.3601895506195567,-0.6418700246329573,-0.4319095902942172,0.8993026588007039,-0.8494775495820587,,,,1.7635671104450377,,,,,,,,,0.3482256027992441,1.7989774394521794,,,0.9256934296734124,,,,0.7636301608248437,0.6571789413471538,0.4832118998287248,0.6568963378545366,,,,,,0.3482256027992441,,,0.5214362827727664,0.0,0.0,0.0,0.0,其他,0,0,0.5,1.0,0,0.1673469387755102,0.011363636363636243,0.023737373737373613,0.9508196721311475,0.7561475409836066,0.7008196721311475,0.7561475409836066,0.985655737704918,0.8831967213114754,0.5,0.5,0.5,0.5,0.1673469387755102,0.38979591836734695,0.32857142857142857
2025-04-18,39.0,39.1,37.68,38.7,5013353.0,37.662,36.08200000000001,37.5975,39.22083333333333,0.0275609367532261,0.0725569536056758,0.0293237582286056,-0.0132795070646976,37.5975,42.020063557604814,33.17493644239519,0.6246449017156275,0.2352583846049895,-0.0227272727272727,0.1214140828745293,-0.0182648401826484,-0.0385093167701863,0.0459156986489468,0.0519784451348682,0.0371069072565726,51.39584824109132,-0.5565924051784208,-0.92015388645422,0.3635614812757991,-131926115.0,59.48492373302815,1.8192857142857155,1.9710037910746272,0.8437499999853517,0.6567567567478817,0.0385012919896639,-0.0227272727272727,0.0371069072565726,51.39584824109132,-0.3984408560089043,0.0,0.0,0.0,0.5,-0.5835444559080328,-0.4088298778881165,-0.6767928811685255,-0.4859732140756589,0.1956572183322544,-0.7598620143727807,,,,0.8292611897646982,,,,,,,,,-0.2504029565751404,1.60918145165637,,,1.0767586438369086,,,,0.8567928810015875,0.7060945998485195,0.6527275806440128,0.4370105947622408,,,,,,-0.2504029565751404,,,-1.0933438519746377,0.0,0.0,0.0,0.0,其他,0,0,0.5,1.0,0,0.7321063394683026,0.06950904392764845,0.03281653746770008,0.9650924024640657,0.6714579055441479,0.6981519507186859,0.7535934291581109,0.9507186858316222,0.8521560574948666,0.5,0.5,0.5,0.5,0.7321063394683026,0.7423312883435583,0.3721881390593047
2025-04-21,38.65,38.9,38.1,38.19,3031676.0,38.318,36.353,37.53,39.193,-0.0033404666214311,0.0505322806921022,0.0175859312549961,-0.0255913045696936,37.53,41.8681344523098,33.19186554769019,0.5760695648322962,0.2311822250092322,-0.0131782945736435,0.0939558865654541,0.0763810597519729,-0.0341426403641882,0.048831025287329,0.039234776425629,0.0370168381191607,47.40634005285527,-0.4521474168023829,-0.8265525925238231,0.3744051757214401,-134957791.0,57.1350154018275,1.788571428571429,1.1669451480629431,0.7552083333202213,0.5878378378298934,0.0303744435716157,-0.0131782945736435,0.0370168381191607,47.40634005285527,-0.3952797658573015,0.0,0.0,0.0,0.5,-0.6095229336603332,-0.4156746129541936,-0.634445008850182,-0.515502512740243,-0.2244801830090114,-0.6893156065209037,-1.067237298831455,,,0.2275378133583911,1.3763070442047385,,,,,,,,-0.054266258367663,1.3096738269921588,,,1.2102252530949529,,,,0.9087416378775672,0.7562201223581603,0.670758582462912,0.3035663898445387,,,,,,-0.054266258367663,,,-1.0763704952534174,0.0,0.0,0.0,0.0,其他,0,0,0.5,1.0,0,0.8445807770961146,0.07331762241424467,0.15134852055511927,0.9527720739219713,0.648870636550308,0.6878850102669405,0.5441478439425051,0.8357289527720739,0.7494866529774127,0.5,0.5,0.5,0.5,0.8445807770961146,0.7750511247443763,0.9038854805725971
2025-04-22,38.0,38.19,37.61,37.8,2542713.0,38.726,36.749,37.481,39.1625,-0.0239115839487683,0.0285994176712292,0.0085109788959738,-0.034790935205873,37.481,41.78166286200548,33.18033713799453,0.5370873060946623,0.2294849583519116,-0.0102120974076983,0.0570469798657717,0.1170212765957445,-0.0252707581227438,0.050314004367727,0.0351378808492224,0.0368388700882871,44.992846919671656,-0.3962744361087686,-0.7404969612407906,0.3442225251320219,-137500504.0,52.47962023043088,1.7878571428571437,0.9670578285986904,0.6874999999880634,0.5351351351279028,0.0145502645502646,-0.0102120974076983,0.0368388700882871,44.992846919671656,-0.1612847151212728,0.0,0.0,0.0,0.5,-0.6602803902848973,-0.4447382225432774,-0.6761033920478651,-0.5374213340334286,-0.3273643625835302,-0.6442603179432166,-1.0071535079109102,,,-0.1732247887398783,0.956931089690223,,,,,,,,0.0068077198335765,0.9209857435024305,1.6147991698113662,,1.2706655889907257,0.6019469378467093,,,0.9332415979045122,0.8015510801420266,0.6066837837613116,0.1915642722355598,,,,,,0.0068077198335765,,,-0.4987740587107692,0.0,0.0,0.0,0.0,其他,0,0,0.5,1.0,0,0.7591836734693878,0.07037037037037042,0.1164021164021165,0.8834355828220859,0.5922131147540983,0.6967213114754098,0.5225409836065574,0.6885245901639344,0.6024590163934426,0.5,0.5,0.5,0.5,0.7591836734693878,0.8183673469387756,0.8795918367346939
2025-04-23,38.01,41.48,37.76,39.9,7973628.0,38.838,37.353,37.527,39.15883333333333,0.0273443534682527,0.0681872941932373,0.0632344711807497,0.0189271896932579,37.527,41.91398601727781,33.140013982722195,0.7704590338990225,0.2338042485285855,0.0555555555555555,0.0142348754448398,0.1783815711754282,0.0236018471010774,0.0311170441043458,0.0374379714938605,0.038920542983263,52.11706101662741,-0.1804684939195624,-0.6284912677765224,0.44802277385696,-129526876.0,59.09080837679816,2.0092857142857143,2.686303267063041,0.9999999999834984,0.818918918907852,-0.03734335839599,0.0555555555555555,0.038920542983263,52.11706101662741,2.1358741627545066,0.0,0.0,0.0,0.5,-0.6558428597775725,-0.2988603926040402,-0.6585328730147824,-0.4028515516066918,0.8294956190091224,-0.6293875507297167,-0.9214098486000496,,,0.8254879746778038,1.6734928795842017,,,,,,,,1.351888351747072,0.4755324747898069,2.143549677720988,,0.3142340183338063,0.730596395253699,,,1.0456772791187183,0.8615044595825916,0.811352825758728,0.5390427225554358,,,,,,1.351888351747072,,,4.683248688506247,0.0,0.0,0.0,0.0,其他,0,0,0.5,1.0,0,0.2494887525562372,0.021804511278195493,0.1110275689223057,0.4364754098360656,0.8069815195071869,0.7494866529774127,0.7494866529774127,0.9794661190965093,0.9137577002053389,0.5,0.5,0.5,0.5,0.24948875255623723,0.48057259713701433,0.8629856850715747
2025-04-24,39.07,39.74,38.3,38.4,4419128.0,38.598,37.711,37.477,39.13216666666666,-0.0051297994714751,0.0182705311447588,0.0246284387757824,-0.0187100978308552,37.477,41.79637666068191,33.157623339318086,0.6068441203960204,0.2305081335576692,-0.037593984962406,-0.0303030303030303,0.102814474439977,-0.0253807106598984,0.0358317514162583,0.0408949422130528,0.0398314436034913,47.06221197777148,-0.1289870265899466,-0.5285904195391912,0.3996033929492445,-133946004.0,55.54408794937709,2.066428571428572,1.4149207864221487,0.7524752475123352,0.6162162162078885,0.04296875,-0.037593984962406,0.0398314436034913,47.06221197777148,-0.4457820204303486,0.0,0.0,0.0,0.5,-0.5638765124391726,-0.3740079088099066,-0.6050654600690729,-0.4956574067203844,0.0676503866020898,-0.6502346425813588,-0.868490399041928,,,0.187688722888639,0.7386558791577725,,,,,,,,-0.5652247392486283,0.0130507319664143,1.4217935477016297,,0.5468377654385932,0.924249418851492,,,1.0657728798313908,0.9137768738100718,0.7092764432282482,0.3430039311592869,,,,,,-0.5652247392486283,,,-1.123234959749716,0.0,0.0,0.0,0.0,其他,0,0,0.5,1.0,0,0.7607361963190185,0.05052083333333357,0.19791666666666674,0.16598360655737704,0.6591375770020534,0.7679671457905544,0.6119096509240246,0.86652977412731,0.7412731006160165,0.5,0.5,0.5,0.5,0.7607361963190185,0.65439672801636,0.9427402862985685
2025-04-25,38.84,42.24,38.84,40.19,10159280.0,38.896,38.279,37.518,39.151833333333336,0.0332682023858492,0.0499229342459313,0.071219148142225,0.0265164253696079,37.518,41.927657344367965,33.10834265563204,0.802971386578641,0.2350688919641884,0.0466145833333333,0.0385012919896639,0.1645899739206027,0.0208280416560833,0.0406550975331322,0.0417192507734824,0.0412020808246511,65.48323470797656,0.0556046520263606,-0.4117514052260658,0.4673560572524264,-123786724.0,65.3216865664809,2.0592857142857146,2.856609012593449,0.999999999984252,0.8581081080965115,0.0298581736750436,0.0466145833333333,0.0412020808246511,65.48323470797656,1.298933183198133,0.0,0.0,0.0,0.5,-0.580341370302778,-0.2622984201056574,-0.5519044984580093,-0.3801462889135805,1.2891143323129766,-0.616457477183628,-0.7891716864480001,,,0.9369235105666334,1.3148277404355342,,,,,,,,1.164466463884244,0.7259287067983483,1.9549403547421684,,0.7833685204259417,0.9644902663243122,,1.6998451324474988,1.158730072780943,0.9752239777487662,0.8412393862162101,0.7870316063158534,1.1509198296636045,0.1303160849808235,,,,1.164466463884244,,1.6998451324474988,2.7126229426831943,0.0,0.0,0.0,0.0,其他,0,0,0.5,1.0,0,0.6387755102040816,-0.0009952724558347503,0.16148295595919393,0.7341513292433538,0.7807377049180327,0.805327868852459,0.569672131147541,0.9651639344262295,0.9016393442622951,0.5,0.5,0.5,0.5,0.6387755102040816,0.2755102040816326,0.926530612244898
2025-04-28,39.8,40.85,39.31,39.35,5874770.0,39.128,38.723,37.57,39.156666666666666,0.0056736863627071,0.0161919272783617,0.047378227309023,0.0049374308334042,37.57,42.04305382555557,33.09694617444443,0.6989692131313692,0.2381183830473069,-0.0209007215725304,0.0303744435716157,0.1271841879117732,0.0271469590185329,0.0418025566692757,0.0433440809084797,0.0410022987124623,69.11866758523482,0.1325875486352359,-0.3028836144537942,0.4354711630890301,-129661494.0,61.70273923575061,2.002857142857143,1.5579569274740932,0.8677165354194065,0.7445945945845324,0.0416772554002542,-0.0209007215725304,0.0410022987124623,69.11866758523482,-0.4217336267924498,0.0,0.0,0.0,0.5,-0.4968776172511425,-0.3227118112935118,-0.5055082431542031,-0.4318437700857709,0.3684189091361181,-0.5896138892168498,-0.7266781258583438,,,0.3915524427220107,0.6829969857173164,,,,,,,,-0.2279231787216129,0.6375618185172675,1.589036779614078,,0.8353645329867964,1.0499073958433145,,1.8985711883220155,1.1908499902528369,1.0311930676821723,0.7718741355369396,0.5245985396853065,0.912518611735746,0.1055413254009661,,,,-0.2279231787216129,,1.8985711883220155,-1.0546301969483678,0.0,0.0,0.0,0.0,其他,0,0,0.5,1.0,0,0.5173824130879345,0.013977128335451061,0.14332909783989844,0.8422131147540983,0.8028747433264887,0.7905544147843943,0.7084188911704312,0.86652977412731,0.86652977412731,0.5,0.5,0.5,0.5,0.5173824130879345,0.3292433537832311,0.8507157464212679
2025-04-29,38.83,39.64,38.15,38.35,3620686.0,39.238,38.982,37.542,39.146,-0.0226311228910749,-0.0162126109486429,0.021522561397901,-0.0203341337556836,37.542,41.98665663820958,33.09734336179042,0.5908956603075635,0.2367831569014831,-0.025412960609911,0.0145502645502646,0.072427293064877,-0.0143921870984321,0.0438423368222807,0.0447137465961242,0.0413168723776168,64.58739440608042,0.1116209829359817,-0.2199826949758321,0.3316036779118139,-133282180.0,60.280255607243696,1.8828571428571432,0.9324440909954812,0.7102362204612565,0.6094594594512234,0.055019556714472,-0.025412960609911,0.0413168723776168,64.58739440608042,-0.3836888933524206,0.0,0.0,0.0,0.5,-0.5762488239542937,-0.3750556490540569,-0.6113396056090393,-0.493584946144619,-0.1162805948484663,-0.5753784611039157,-0.6887142806104768,,,-0.1672567896644869,0.078275279321593,,,,,,,,-0.3200602875237504,0.4697059135419331,1.0809942890425566,,0.931016927275273,1.119243305828929,,1.5841936267801502,1.1687595511192066,1.0712882051232264,0.5579519145758657,0.3624434576711016,0.8158776024364897,0.0533583294578886,,,,-0.3200602875237504,,1.5841936267801502,-0.9641692429022138,0.0,0.0,0.0,0.0,其他,0,0,0.5,1.0,0,0.7432712215320911,0.05580182529335076,0.12125162972620585,0.7572614107883817,0.5883575883575883,0.8045738045738046,0.6507276507276507,0.6902286902286903,0.7318087318087318,0.5,0.5,0.5,0.5,0.7432712215320911,0.6894409937888198,0.855072463768116
2025-04-30,38.33,38.68,38.17,38.41,2165054.0,38.940000000000005,38.889,37.5025,39.147666666666666,-0.0136106831022086,-0.0123171076654066,0.024198386774215,-0.0188431835017839,37.5025,41.898895054324136,33.10610494567586,0.6032095601880788,0.2344587723118413,0.0015645371577572,-0.03734335839599,-0.0236400610066092,-0.0201530612244899,0.0332265999660937,0.0308350082786163,0.0412825833680332,62.38785368617369,0.0987083508925366,-0.1562444858021542,0.2549528366946908,-131117126.0,57.03982940833762,1.8171428571428567,0.5514096161451968,0.7196850393587447,0.6175675675592213,0.0614423327258528,0.0015645371577572,0.0412825833680332,62.38785368617369,-0.4020321010990735,0.0,0.0,0.0,0.5,-0.6156041878784696,-0.4161831448523737,-0.6063948616477555,-0.4875095584850173,-0.428859291197707,-0.6029462564420115,-0.6968159962560667,,,0.0116647935745578,0.1506193636519295,,,,,,,,0.2396321748833223,-0.0748729814568971,0.206127870166195,,0.3960443708603267,0.312472754009344,,1.4258768999289873,1.1515771724187172,1.0996786932506126,0.3999815809596465,0.4567777780767886,0.6048689412072356,0.0246835987768401,,,,0.2396321748833223,,1.4258768999289873,-0.9969664593435564,0.0,0.0,0.0,0.0,其他,0,0,0.5,1.0,0,0.7689161554192229,0.04764384274928424,0.13590210882582676,0.24795081967213115,0.6365503080082136,0.7864476386036962,0.7084188911704312,0.19917864476386038,0.704312114989733,0.5,0.5,0.5,0.5,0.7689161554192229,0.5541922290388548,0.8793456032719836
2025-05-06,38.93,40.29,38.67,40.05,4695767.0,39.27,38.934000000000005,37.544,39.16883333333333,0.0198624904507258,0.0286638927415625,0.0667483486043043,0.0224966278461191,37.544,42.02354132990391,33.06445867009609,0.7797161378100048,0.2386288797087139,0.042697214267118,0.04296875,0.0113636363636362,0.0211626721060682,0.0342195557770921,0.0339089815053747,0.0423842747963104,67.5094816627994,0.218289742153253,-0.0813376402110688,0.2996273823643218,-126421359.0,61.40958712882846,1.8671428571428577,1.1460250244881651,0.9779527558901108,0.8391891891778481,0.0072409488139826,0.042697214267118,0.0423842747963104,67.5094816627994,1.1688913994754864,0.0,0.0,0.0,0.5,-0.5617924349505957,-0.3425758313587373,-0.5565419673004073,-0.3803308607878075,0.1190489599303984,-0.5660524229385916,-0.6869271958981304,,,0.6746118564927543,0.9144225367234116,,,,,,,,1.0885915092145737,0.7669740168836403,0.5231845809037191,,0.4440653110622134,0.4891164372915089,,1.722899002143785,1.2071379359632668,1.134051710632382,0.4891239087446775,0.662903797052742,0.8792487827429367,0.0463278862368417,,,,1.0885915092145737,,1.722899002143785,2.3879568132969595,0.0,0.0,0.0,0.0,其他,0,0,0.5,1.0,0,0.4282786885245901,0.012234706616729207,0.08489388264669184,0.7659137577002053,0.7325102880658436,0.8106995884773662,0.7592592592592593,0.7345679012345679,0.8168724279835391,0.5,0.5,0.5,0.5,0.42827868852459017,0.33811475409836067,0.805327868852459
2025-05-07,40.4,41.64,39.86,41.39,6234897.0,39.510000000000005,39.203,37.6425,39.19983333333333,0.0475828904074917,0.0557865469479377,0.0995550242412168,0.0558718361897798,37.6425,42.375212029893234,32.90978797010676,0.8959146443138808,0.2514557763103228,0.0334581772784021,0.0298581736750436,0.0695090439276484,0.0499746321664129,0.0309448613447814,0.034077117588882,0.0429672359271715,69.33174223764533,0.4163833612725938,0.0182065600856678,0.3981768011869259,-120186462.0,63.94835588393386,1.917857142857144,1.4344801910082765,0.9999999999867548,0.9999999999867548,-0.0299589272771201,0.0334581772784021,0.0429672359271715,69.33174223764533,0.3277696700027919,0.0,0.0,0.0,0.5,-0.4343952685362028,-0.2807328585056978,-0.4420412191962189,-0.2926339261905482,0.4517844946663332,-0.5386066366059711,-0.6479042958474085,,,1.2164052552560385,1.4080282071478354,,,,,,,,0.8901758469406776,0.6252868385935777,1.04707681188295,,0.2774130148272878,0.4965149726748328,,1.805986138400902,1.3042110328070715,1.1819972338308975,0.6875348872504203,0.9353960126981332,1.033829655889222,0.0682873616783458,,,,0.8901758469406776,,1.805986138400902,0.5728405653591208,0.0,0.0,0.0,0.0,其他,0,0,0.5,1.0,0,0.0531697341513292,-0.034307803817347216,0.033824595312877515,0.6413934426229508,0.8172484599589322,0.8234086242299795,0.8524590163934426,0.8480492813141683,0.9219712525667351,0.5,0.5,0.5,0.5,0.053169734151329244,0.065439672801636,0.6523517382413088
2025-05-08,41.66,41.78,40.87,40.99,3404816.0,39.838,39.483,37.918,39.213,0.0289171143129676,0.0381683256084899,0.0810169312727464,0.0453166041873869,37.918,42.76088995930075,33.07511004069925,0.8171659923862739,0.2554401581986379,-0.0096641700893935,0.0416772554002542,0.0733176224142446,0.1552987598647126,0.028811814484857,0.0338603731786781,0.0356695579409288,66.03310851671084,0.5349315841747497,0.1215515649034877,0.413380019271262,-123591278.0,64.6024795795608,1.908571428571429,0.7743689450400774,0.9470198675371256,0.9470198675371256,-0.0265918516711394,-0.0096641700893935,0.0356695579409288,66.03310851671084,-0.4539098240115273,0.0,0.0,0.0,0.5,-0.3251902238527913,-0.2733557065332598,-0.344817433310968,-0.317298988846919,-0.1648511903304249,-0.5022257702100933,-0.6077175720330115,-0.9226887330180537,,0.8392388221637057,1.068984710443479,1.9931100133122617,,-0.9226887330180537,-0.4477686448370049,-1.1427929425279906,1.5921519908048938,0.3465254668111456,-0.0091230838100847,0.7459825978051989,1.0728826105904423,,0.1685666024489242,0.4815109766442991,,1.5776892992065787,1.3558095000110002,1.2311822070679763,0.7148644432626028,0.7784912484952511,1.0667060773517691,0.0639457526891288,-0.3947389489918907,1.7346271869828245,,-0.0091230838100847,,1.5776892992065787,-1.106547565066771,0.0,0.0,0.0,0.0,其他,0,0,0.5,1.0,0,0.2106339468302658,0.07270065869724318,0.03878994876799213,0.5204918032786885,0.7946611909650924,0.7864476386036962,0.7213114754098361,0.42299794661190965,0.8193018480492813,0.5,0.5,0.5,0.5,0.21063394683026584,0.8997955010224948,0.6973415132924335
2025-05-09,41.3,41.41,40.28,40.46,2665766.0,40.26,39.749,38.249,39.21066666666666,0.0049677098857427,0.0178872424463507,0.0578054328217729,0.0318620783460283,38.249,42.815352454294704,33.6826475457053,0.7420969495955487,0.2387697693682325,-0.0129299829226641,0.055019556714472,0.0703703703703704,0.1956264775413709,0.0254841123166403,0.0340298108399288,0.0337386047715188,54.22322774691458,0.5794367359554258,0.2131285991138777,0.366308136841548,-126257044.0,58.88288664861695,1.7042857142857142,0.6071607389161631,0.8764940238927424,0.8768211920413665,0.000741473059812,-0.0129299829226641,0.0337386047715188,54.22322774691458,-0.2170601876870879,0.0,0.0,0.0,0.5,-0.354695709850977,-0.2889991799488561,-0.3993249281860319,-0.35035183427236,-0.3253250683585318,-0.4562699963398538,-0.5696178627144712,-0.8621381269573757,,0.3601459243025796,0.685330349709876,1.551221808573245,,-0.8621381269573757,-0.440890009903693,-1.0195793911305295,1.310971236958558,0.2629970785142733,-0.0772038280708623,0.8815367723093236,1.0375264357651266,2.282006051549352,-0.0008504849390062,0.4891317968330005,0.5954240366906067,0.839303054360316,1.366157085603651,1.2725913866908651,0.6149359493545159,0.6556560940423931,0.6951778343868664,-0.0262327738224256,-0.7011047056216919,1.502564696998566,,-0.0772038280708623,0.5954240366906067,0.839303054360316,-0.5925024596211763,0.0,0.0,0.0,0.0,其他,0,0,0.5,1.0,0,0.5051124744376279,0.043005437469105345,0.06351952545724182,0.7397540983606558,0.8316221765913757,0.8008213552361396,0.35655737704918034,0.25256673511293637,0.7802874743326489,0.5,0.5,0.5,0.5,0.5051124744376279,0.8650306748466258,0.7566462167689162
2025-05-12,40.72,41.4,40.54,40.77,3175137.0,40.732,39.836,38.5945,39.213,0.0009329274280664,0.0234461291294307,0.0563681353560743,0.0397062198760616,38.5945,42.7934897281183,34.39551027188169,0.7590504074534863,0.2175952391199485,0.0076618882847256,0.0614423327258528,0.0218045112781954,0.2040756054341406,0.0250605898547436,0.0295674805141637,0.0336773428864621,54.39519157955272,0.6324310492215091,0.2969890891354058,0.3354419600861033,-123081907.0,55.733151844354,1.6171428571428572,0.7173260530855081,0.909883720917008,0.9178807946898296,-0.012999754721609,0.0076618882847256,0.0336773428864621,54.39519157955272,0.1910786618180291,0.0,0.0,0.0,0.5,-0.4030254000048133,-0.2883465211784009,-0.3729924602100629,-0.3288407801121427,-0.2126891557159133,-0.4052715713890681,-0.5553104615410411,-0.7999989064018823,,0.2783301416777701,0.7848001660203012,1.504788253464796,,-0.7999989064018823,-0.4406223828037493,-0.8787993265056336,1.3548312256884902,0.1573074735674116,0.3539605287888281,0.943047510024538,0.5902553037538992,2.2914279754976814,-0.0224115257088944,0.2252043648106311,0.5878233416298475,0.8442856157932908,1.380845905689861,1.3086784060877474,0.5487214479556621,0.7936276554651691,0.4900349074342067,-0.0646450920691087,-0.4934352336499304,1.5789031907438618,,0.3539605287888281,0.5878233416298475,0.8442856157932908,0.2892743929196821,0.0,0.0,0.0,0.0,其他,0,0,0.5,1.0,0,0.2106339468302658,0.08731910718665681,0.024282560706401668,0.7684426229508197,0.8788501026694046,0.8213552361396304,0.35860655737704916,0.3470225872689938,0.7474332648870636,0.5,0.5,0.5,0.5,0.21063394683026584,0.934560327198364,0.6094069529652352
2025-05-13,41.0,41.29,40.31,40.34,2154182.0,40.790000000000006,40.03,38.87050000000001,39.208333333333336,-0.011032115714636,0.007744191856108,0.0378050192305217,0.0288629117959617,38.87050000000001,42.73739308169544,35.00360691830458,0.6900104255386726,0.1989628680714413,-0.0105469708118715,0.0072409488139826,0.0505208333333335,0.1585295807007467,0.0196038305684672,0.0265727292789936,0.0336759491346389,56.38629282874293,0.6324421674162437,0.3640797047915745,0.2683624626246692,-125236089.0,58.10522716816789,1.5499999999999996,0.4878892850332947,0.8473837209179164,0.8609271523064781,0.0049578582052551,-0.0105469708118715,0.0336759491346389,56.38629282874293,-0.3215467553053616,0.0,0.0,0.0,0.5,-0.3772998009703198,-0.2922460020880199,-0.3934195769313487,-0.3555649446990597,-0.4358115285755963,-0.3975284115872789,-0.526957661533268,-0.7498272744591439,,0.0379982335786357,0.487459601378924,1.1618267239281683,,-0.7498272744591439,-0.4433344962289504,-0.7592012802415543,1.101606880052849,0.0642506510316056,-0.0296694349627341,0.3663827741835007,0.8480072290734261,1.877700426891694,-0.3011086463571289,0.0478540261410762,0.5844974058230635,0.9608564880746284,1.3668047461009591,1.334398256939241,0.4083150585355452,0.6931265881520745,0.6396839131770717,-0.0941863333746078,-0.9151220967900654,1.3772382355892905,,-0.0296694349627341,0.5844974058230635,0.9608564880746284,-0.8184398077898158,0.0,0.0,0.0,0.0,其他,0,0,0.5,1.0,0,0.4036885245901639,0.1403073872087257,0.03371343579573627,0.4271047227926078,0.8539094650205762,0.8333333333333334,0.37782340862423,0.08436213991769548,0.6378600823045267,0.5,0.5,0.5,0.5,0.4036885245901639,0.9487704918032787,0.639344262295082
2025-05-14,40.37,40.58,39.75,40.15,2126505.0,40.542,40.026,39.1525,39.20983333333333,-0.0096689852498643,0.0030979863088993,0.0254773003001085,0.0239778286909322,39.1525,42.46305012124327,35.841949878756736,0.6506547195183865,0.1691105355333534,-0.0047099652949926,-0.0299589272771201,-0.0009952724558347,0.1634308895972183,0.0082223775601973,0.0223113515180238,0.0335787020410947,57.82747603187232,0.6100870806107181,0.4132811799554039,0.1968059006553142,-127362594.0,58.84180649051327,1.5521428571428568,0.4802805545543617,0.8086419752961628,0.8357615893929035,-0.0044831880448318,-0.0047099652949926,0.0335787020410947,57.82747603187232,-0.0128480323389574,0.0,0.0,0.0,0.5,-0.4301470026703306,-0.3234786902366034,-0.4453460816800307,-0.3665805905769909,-0.4400877592896169,-0.4217890296020866,-0.5249853918286764,-0.6991593506650735,,0.0652276990030931,0.3981730418440771,0.9347428977012056,,-0.6991593506650735,-0.4649567352057349,-0.5975192859828602,0.9556623794912192,-0.0846906941095258,0.0934500569698589,-0.0295117758587907,0.373515893595247,1.882002276443963,-0.8811414939396167,-0.2044142756060067,0.5744866340544745,1.042033432529197,1.3412261873778917,1.3493854667184573,0.2589243142032827,0.5945025809088458,0.6834745813760709,-0.0928684782381793,-0.9223872692750692,1.2497880431739352,,0.0934500569698589,0.5744866340544745,1.042033432529197,-0.1471309189297078,0.0,0.0,0.0,0.0,其他,0,0,0.5,1.0,0,0.3627049180327868,0.16264009962640102,0.04533001245330004,0.0513347022587269,0.8683127572016461,0.8353909465020576,0.4620123203285421,0.07818930041152264,0.5041152263374485,0.5,0.5,0.5,0.5,0.36270491803278687,0.9672131147540983,0.7090163934426229
2025-05-15,40.05,40.43,39.83,39.9,1861514.0,40.324,40.081,39.402,39.20683333333333,-0.0105148298779882,-0.0045158553928296,0.0126389523374448,0.0176797412015763,39.402,42.05266903173331,36.75133096826669,0.5939385479625411,0.1345448978085671,-0.0062266500622665,-0.0265918516711394,0.013977128335451,0.1429389859639072,0.0079836088746219,0.0212315122904,0.0337177503752379,58.48142164120566,0.5656771040996986,0.4437603647842632,0.1219167393154354,-129224108.0,59.36911658564609,1.5535714285714286,0.4206067989792538,0.7353463587791232,0.8026490066118851,0.1020050125313283,-0.0062266500622665,0.0337177503752379,58.48142164120566,-0.1246133914568741,0.0,0.0,0.0,0.5,-0.4560603426465859,-0.3290962450251854,-0.435835893252908,-0.3815206488066649,-0.4966548179547089,-0.4428615618404551,-0.5152055863248812,-0.6542252594140282,,0.0479522692900684,0.2532273465327099,0.7013648631027133,,-0.6542252594140282,-0.498338244669364,-0.4232498062098028,0.7512851732242964,-0.2571514780974301,0.0610454282992378,0.00643982862433,0.50900693480589,1.6887072950308777,-0.8876797505573621,-0.2677061913988638,0.5812205010239205,1.0737549170310676,1.3045645434722082,1.353467098986379,0.1027137906399727,0.5082232801671064,0.7135356423774686,-0.0918741985080754,-1.0254738811931208,1.0255089245036553,,0.0610454282992378,0.5812205010239205,1.0737549170310676,-0.3892674335219285,0.0,0.0,0.0,0.0,其他,0,0,0.5,1.0,0,0.9672131147540984,0.12756892230576455,0.06040100250626579,0.20944558521560575,0.897119341563786,0.8436213991769548,0.5749486652977412,0.04106776180698152,0.46406570841889117,0.5,0.5,0.5,0.5,0.9672131147540983,0.9508196721311475,0.805327868852459
2025-05-16,39.92,41.01,39.64,40.49,2721425.0,40.33,40.295,39.6385,39.21033333333334,0.0039672700223158,0.0048393100881003,0.021481640324432,0.0326359548078312,39.6385,41.69939684105588,37.57760315894412,0.7065848185523653,0.103984602901254,0.0147869674185463,0.000741473059812,0.0558018252933507,0.1322706935123043,0.0105991288068228,0.0192655769323946,0.0335294596137475,52.71389143755297,0.5715013969891487,0.4693085712252405,0.1021928257639081,-126502683.0,55.58038015090762,1.3857142857142857,0.6130641246478078,0.7493036211490451,0.8807947019750889,0.0422326500370462,0.0147869674185463,0.0335294596137475,52.71389143755297,0.4619417313004361,0.0,0.0,0.0,0.5,-0.4654412915221624,-0.3012611836901968,-0.4523098245066494,-0.3412474395695904,-0.3044485756045545,-0.4403603893314344,-0.4842922123065596,-0.6117523069202544,,0.3405082720577504,0.4288490495458715,0.8536219283331076,,-0.6117523069202544,-0.5266383947694061,-0.2650777583669001,1.1379773820355608,-0.4092795567349227,0.5064056997185123,0.2983798735022898,0.8893161580172384,1.5801245760131313,-0.7486618924434476,-0.3836617628492723,0.5648115144978996,0.7112895995915574,1.2955768552611744,1.354720477926776,0.0613120580079973,0.6283889492105855,0.4652214913074832,-0.1668679085671294,-0.6618075374204941,1.057575339495902,,0.5064056997185123,0.5648115144978996,0.7112895995915574,0.8879956392899867,0.0,0.0,0.0,0.0,其他,0,0,0.5,1.0,0,0.919917864476386,0.061990614966658475,0.026920227216596704,0.5041152263374485,0.8786008230452675,0.845679012345679,0.43004115226337447,0.2962962962962963,0.5740740740740741,0.5,0.5,0.5,0.5,0.919917864476386,0.9034907597535934,0.6570841889117043
2025-05-19,40.66,41.26,39.7,40.24,2385831.0,40.224,40.478,39.6835,39.21866666666666,0.0003977724741448,-0.0058797371411629,0.0140234606322526,0.0260420208064189,39.6835,41.75622284688532,37.61077715311468,0.6342437076845145,0.1044627034853325,-0.0061743640405038,-0.012999754721609,0.0476438427492842,0.0228774783934926,0.0099478424108515,0.0195986525553684,0.0253870810683494,59.563409554741305,0.5496089635132648,0.4853686496828455,0.0642403138304192,-128888514.0,62.02899637607285,1.3828571428571423,0.5642926459607527,0.6796657381426284,0.8476821191940705,0.1016401590457256,-0.0061743640405038,0.0253870810683494,59.563409554741305,-0.1233155424088483,0.0,0.0,0.0,0.5,-0.3991442989069927,-0.2886445836604953,-0.4446704477810414,-0.3564301039815536,-0.377769153124006,-0.4496860832659534,-0.457647190011793,-0.60105454424569,,0.2668321782373444,0.2240067740657256,0.7157877647072503,,-0.60105454424569,-0.5190393750278155,-0.2576678583668491,0.8770367600852049,-0.4050036324319653,0.0585775913896473,0.1500018213827135,0.8089593524394312,0.7003197322001553,-0.7778284371389214,-0.3621691277506488,-0.0169529825807156,1.1279373734190197,1.2721120978387386,1.3506646704343983,-0.0181585146284368,0.517898283377056,0.8795485785969991,-0.1675137343393836,-0.7485776595588889,0.8469640563260772,,0.0585775913896473,-0.0169529825807156,1.1279373734190197,-0.3913613181757606,0.0,0.0,0.0,0.0,其他,0,0,0.5,1.0,0,0.9733606557377048,0.0842445328031809,0.019383697813121215,0.20739219712525667,0.35728952772073924,0.6837782340862423,0.4804928131416838,0.14989733059548255,0.4106776180698152,0.5,0.5,0.5,0.5,0.9733606557377049,0.9467213114754098,0.6598360655737705
2025-05-20,39.97,40.87,39.78,40.54,2244659.0,40.264,40.527,39.7305,39.2215,0.0068547585932843,0.0003207738051176,0.0203747750468783,0.0336167663143938,39.7305,41.83759553151909,37.623404468480906,0.6920890599932099,0.1060694192881433,0.007455268389662,0.0049578582052551,0.0122347066167292,0.0237373737373736,0.0095922780025357,0.0145529638528208,0.0253968640337895,52.1525215162345,0.5501247655904393,0.4983198728643643,0.0518048927260749,-126643855.0,50.38521973791122,1.1864285714285705,0.5721005448817532,0.7632311977503277,0.8874172185312923,0.1346817957572768,0.007455268389662,0.0253968640337895,52.1525215162345,-0.0591709974428197,0.0,0.0,0.0,0.5,-0.4577718704547114,-0.3055773386674275,-0.435136004128887,-0.3352306315128076,-0.4077091753986566,-0.4435764051382785,-0.4490768637826273,-0.5901198418182982,,0.3971138635802237,0.3410375865862725,0.8242798574960591,,-0.5901198418182982,-0.5093496863850655,-0.2541935342230312,1.0718247113938215,-0.3950655833521105,0.3493058767732364,0.3425287732769728,0.4791263775209488,0.7030550523251431,-0.7916446025993107,-0.6624108184230123,-0.016187492512308,0.6634844346883066,1.261112726223021,1.3450200058525008,-0.0441580523762323,0.6170775253937186,0.1196529711981147,-0.2556750142756321,-0.7295243172100273,1.0837063791463948,,0.3493058767732364,-0.016187492512308,0.6634844346883066,-0.2496501234728678,0.0,0.0,0.0,0.0,其他,0,0,0.5,1.0,0,0.9836065573770492,0.07178095707942789,-0.011346817957572752,0.4004106776180698,0.324435318275154,0.6919917864476386,0.3059548254620123,0.11498973305954825,0.4209445585215606,0.5,0.5,0.5,0.5,0.9836065573770492,0.9139344262295082,0.5737704918032787
2025-05-21,40.33,40.41,39.95,39.97,1472087.0,40.228,40.385000000000005,39.794,39.21983333333333,-0.006413443372775,-0.0102760926086419,0.0044227773031111,0.0191272272957134,39.794,41.84616599308102,37.74183400691897,0.5428815214117927,0.1031394679135482,-0.0140601874691662,-0.0044831880448318,-0.0343078038173472,0.0328165374677,0.0116753834171156,0.009905854574599,0.0250334880503377,53.94402034662572,0.4987900370129381,0.498413905694079,0.000376131318859,-128115942.0,55.737453667885575,1.1185714285714272,0.3929257735412455,0.6044568244956975,0.8119205297905703,0.1678759069301976,-0.0140601874691662,0.0250334880503377,53.94402034662572,-0.3441823457371475,0.0,0.0,0.0,0.5,-0.4244192824261982,-0.3257386848876823,-0.4169198658177397,-0.3717843842542765,-0.5782968404019463,-0.4455557974250795,-0.4662480871829204,-0.5765465107598202,,0.1248502095213618,0.1375112913270373,0.5350604992980407,,-0.5765465107598202,-0.5061207498471505,-0.2304917301565595,0.5434602288565152,-0.4081336174538482,-0.1127655562121518,0.239396004273062,0.0470240680157411,0.7711835066088832,-0.6803099880524055,-0.9363033622395937,-0.0421970423866899,0.7705485876420914,1.222910589730317,1.3323783561027096,-0.1521511058328567,0.5475719530012665,0.4679264896664926,-0.2854474788049443,-1.0577139497478003,0.6132244235224592,,-0.1127655562121518,-0.0421970423866899,0.7705485876420914,-0.8720462525983425,0.0,0.0,0.0,0.0,其他,0,0,0.5,1.0,0,0.985655737704918,0.07055291468601443,-0.004253189892419407,0.3593429158110883,0.37166324435318276,0.6899383983572895,0.25256673511293637,0.02053388090349076,0.2915811088295688,0.5,0.5,0.5,0.5,0.985655737704918,0.9118852459016393,0.7520491803278688
2025-05-22,40.42,43.97,40.27,43.97,9857057.0,41.042,40.683,40.083000000000006,39.28716666666666,0.0713415525559182,0.0807954182336603,0.0969737794077287,0.1191949873368318,40.083000000000006,42.72675410911717,37.439245890882844,1.2351288810241283,0.1319139839388551,0.1000750562922192,0.1020050125313283,0.0727006586972431,0.1513485205551192,0.0459371494048082,0.0339209368943295,0.032986778468778,75.87476978764043,0.7719715169248502,0.5531254279402334,0.2188460889846167,-118258885.0,69.45806932860616,1.2978571428571417,2.4113678223233634,0.9999999999837924,0.9999999999901285,0.0231976347509665,0.1000750562922192,0.032986778468778,75.87476978764043,5.695974490638121,0.0,0.0,0.0,0.5,-0.4148490226661815,-0.1592337643876942,-0.384177906306919,-0.104091026203243,1.2940092696758547,-0.3571754162543724,-0.4240160172471715,-0.5256611013600759,,1.6999663032971215,1.8581677411760729,2.153658695997621,,-0.5256611013600759,-0.4260607800165084,-0.2876671400230711,2.8793741364508803,-0.260103375794671,2.298200943327234,1.382313487390725,1.0359238235994843,1.699032106773977,1.0883353928139916,0.5106289345915095,0.530309696750422,2.09625496378796,1.3571454489866694,1.3505419074407006,0.3092382292977774,0.991243202405649,1.3544197670862437,-0.2027093338573703,2.650312098364627,1.7517713960024963,,2.298200943327234,0.530309696750422,2.09625496378796,8.653547838044208,0.0,0.0,0.0,0.0,其他,0,0,0.5,1.0,0,0.7827868852459017,-0.03161246304298382,-0.12190129633841251,0.9650924024640657,0.9014373716632443,0.8521560574948666,0.9240246406570842,0.971252566735113,0.9507186858316222,0.5,0.5,0.5,0.5,0.7827868852459017,0.14959016393442623,0.07377049180327869
2025-05-23,44.0,45.0,42.2,42.2,10970741.0,41.384,40.857,40.303,39.328833333333336,0.0197177653199305,0.0328707443033018,0.0470684564424486,0.0730041148775495,40.303,42.878243269040205,37.72775673095979,0.8683147185974756,0.1277941229701917,-0.0402547191266772,0.0422326500370462,0.0430054374691053,0.1164021164021165,0.0535823660835591,0.0367362124372891,0.0344890585802461,65.07557676283966,0.8360098462935355,0.6097023116108939,0.2263075346826415,-129229626.0,78.1839798216119,1.46142857142857,2.432997242382788,0.6850533807707292,0.825271470870432,0.0189573459715639,-0.0402547191266772,0.0344890585802461,65.07557676283966,0.1129834188845615,0.0,0.0,0.0,0.5,-0.097927335080802,-0.110686109433437,-0.1944155347026274,-0.2220108215575417,1.5263919267519246,-0.3193101187519591,-0.3986914978163603,-0.4864898640484849,,0.6426840920360383,0.9386948941515776,1.255160037504685,,-0.4864898640484849,-0.4107442281760229,-0.2308835855843035,1.5991344036656698,-0.280069275289401,-0.6798968240773103,0.7310336051899144,0.7551512224832779,1.4034946964374218,1.4683015883775763,0.677432789739924,0.6358037062133194,1.415111390826072,1.3780542514073713,1.3693428777416397,0.3238904845156622,0.4879943695099378,1.892908515833519,-0.1271922572315044,2.608177593395071,0.8250601395431008,,-0.6798968240773103,0.6358037062133194,1.415111390826072,0.035941646663797,0.0,0.0,0.0,0.0,其他,0,0,0.5,1.0,0,0.7274590163934426,0.019668246445497584,-0.07582938388625604,0.917864476386037,0.8767967145790554,0.8747433264887063,0.7987679671457906,0.9794661190965093,0.891170431211499,0.5,0.5,0.5,0.5,0.7274590163934426,0.444672131147541,0.12090163934426229
2025-05-26,42.92,44.75,42.06,44.33,8669423.0,42.202,41.213,40.5245,39.4035,0.0504241505141935,0.0756314755053015,0.09390615553554,0.1250269646097426,40.5245,43.6558187065684,37.3931812934316,1.107651337423213,0.1545395356666053,0.0504739336492889,0.1016401590457256,0.0873191071866568,0.1110275689223057,0.055421229794328,0.0394975671271569,0.0341220744150245,66.38591117205664,1.0465682443516044,0.6970754981590362,0.3494927461925682,-120560203.0,79.85802780522897,1.5192857142857126,1.9079103497545769,0.9999999999832776,0.9999999999904672,-0.0157906609519511,0.0504739336492889,0.0341220744150245,66.38591117205664,-0.2097686929260293,0.0,0.0,0.0,0.5,-0.1930922398015702,-0.1220085467654413,-0.2074606222631104,-0.0784548641405585,1.0060733730178806,-0.2305277667549509,-0.3487099279523365,-0.4472231402237803,,1.2597283907690189,1.728883800337618,2.0432870701350727,,-0.4472231402237803,-0.3398833079402165,-0.2946822939080873,2.3539889531049067,-0.1419374318111959,1.2405783250820583,1.3619658358669384,1.1586615067212749,1.3460078689492836,1.5449292225189917,0.8397294162232914,0.605953069931835,1.4781298498291875,1.4751752536058331,1.4047647293645982,0.5836775759932988,0.8798877243666895,1.9656678526200608,-0.1001850195022703,1.6433226370931169,1.7210279603698078,,1.2405783250820583,0.605953069931835,1.4781298498291875,-0.4620514887748979,0.0,0.0,0.0,0.0,其他,0,0,0.5,1.0,0,0.2903885480572597,-0.057974283780735436,-0.09654861267764492,0.9733606557377049,0.8627049180327869,0.8688524590163934,0.8545081967213115,0.9528688524590164,0.944672131147541,0.5,0.5,0.5,0.5,0.2903885480572597,0.06748466257668712,0.05521472392638037
2025-05-27,43.7,47.76,43.7,46.0,11044526.0,43.294,41.779,40.9045,39.502500000000005,0.0625028872361066,0.1010316187558342,0.1245706462614137,0.1644832605531294,40.9045,44.72009390424413,37.08890609575587,1.1677204293433117,0.186561082728541,0.037672005413941,0.1346817957572768,0.1403073872087257,0.1979166666666667,0.0552579813784587,0.0397773259783001,0.0332210983814003,67.21433905197162,1.3328272602487488,0.8242258505769791,0.5086014096717697,-109515677.0,81.68612344028075,1.682142857142855,2.265447995465792,0.999999999986928,0.9999999999917764,-0.0554347826086956,0.037672005413941,0.0332210983814003,67.21433905197162,0.2739632153143294,0.0,0.0,0.0,0.5,-0.1232493982639575,0.0196445389964759,-0.045594605801563,0.0341555543252134,1.5192008876082352,-0.1123417272336537,-0.2701801759158065,-0.3815114522704071,,1.4898477644869652,2.164972655662229,2.507602793293217,,-0.3815114522704071,-0.2435698516832475,-0.3525227215425766,2.484832151120042,0.0233203825942958,0.9624039268952342,1.6964261169720536,1.6307045524868595,1.9962812794512368,1.5191104691553976,0.8514943865587639,0.5376703341617993,1.5105447317919105,1.6086967135024337,1.461204889482341,0.9177194656483944,1.3729135800009593,2.043560365845865,-0.0248332529145689,2.22799523728457,1.6956748328296518,,0.9624039268952342,0.5376703341617993,1.5105447317919105,0.2880844158962937,0.0,0.0,0.0,0.0,其他,0,0,0.5,1.0,0,0.0552147239263803,-0.09347826086956512,-0.12456521739130433,0.9836065573770492,0.9426229508196722,0.8627049180327869,0.8770491803278688,0.9610655737704918,0.9508196721311475,0.5,0.5,0.5,0.5,0.05521472392638037,0.049079754601226995,0.04703476482617587
2025-05-28,45.5,46.93,44.63,46.68,7461050.0,44.636,42.432,41.229,39.61,0.0457926337485437,0.1001131221719455,0.1322127628610929,0.1784902802322645,41.229,45.81488176678672,36.64311823321328,1.0943240882668923,0.222459034503655,0.0147826086956521,0.1678759069301976,0.162640099626401,0.1614829559591939,0.051291673020139,0.0392377758924967,0.032096861774773,70.81199706663226,1.5961599404403728,0.978612668549658,0.6175472718907148,-102054627.0,82.94286520569256,1.7814285714285687,1.57396334002149,0.9999999999879952,0.9999999999922118,-0.0833333333333333,0.0147826086956521,0.032096861774773,70.81199706663226,-0.3244572016943053,0.0,0.0,0.0,0.5,0.0373808990081659,-0.0195000945141058,0.0462634655017544,0.0799446797864549,0.7195333882087778,0.032808621029388,-0.1798113924100343,-0.3252811095802523,,1.141156358106013,2.106690742700391,2.5625258650145195,,-0.3252811095802523,-0.144590833250575,-0.4377875687358676,2.1945684782143795,0.2085763264098482,0.4740928195920116,2.0174628971386794,1.809684754303654,1.6856616077303097,1.3042227750663355,0.8139507586912337,0.4534714124040711,1.7049510040526823,1.725647858973733,1.5309757141699911,1.1417048756586574,1.6920511311813822,2.082157888347296,0.0211421466889598,1.007995431436831,1.671412145213951,,0.4740928195920116,0.4534714124040711,1.7049510040526823,-0.6410452670640487,0.0,0.0,0.0,0.0,其他,0,0,0.5,1.0,0,0.036734693877551,-0.10089974293059123,-0.1550985432733505,0.9856850715746421,0.9284253578732107,0.8404907975460123,0.934560327198364,0.9120654396728016,0.9631901840490797,0.5,0.5,0.5,0.5,0.036734693877551024,0.04693877551020408,0.0326530612244898
2025-05-29,46.33,46.46,44.92,44.99,6623699.0,44.84,42.941,41.511,39.686166666666665,0.0033452274754683,0.0477166344519226,0.0838091108380911,0.1336443849032198,41.511,46.29953850904751,36.7224614909525,0.8632632371380559,0.2307117876724708,-0.036203941730934,0.0231976347509665,0.1275689223057645,0.1433290978398984,0.0417623045224426,0.0421491761645684,0.032991707318899,65.27309507138352,1.6494709011145972,1.112784315062646,0.5366865860519512,-108678326.0,77.88531054612311,1.8264285714285688,1.3863662474301923,0.7971188475294466,0.868380062298533,-0.0535674594354301,-0.036203941730934,0.032991707318899,65.27309507138352,-0.1122296459613593,0.0,0.0,0.0,0.5,0.111384740257808,-0.0416405341295722,0.0748053471410888,-0.0347702572359338,0.5310028675817318,0.0547819832351332,-0.1092541108902505,-0.2763195779343737,,0.2780043106053625,1.1313125019292616,1.7250106948948123,,-0.2763195779343737,-0.1004802821152182,-0.4203828689108073,1.4312395574320107,0.2505214695357985,-0.6094160425573725,0.4775541213372713,1.4711684321227103,1.5250066702647018,0.8136024080471282,0.9842276324809188,0.5166001254887264,1.3565576911432586,1.7308064768381364,1.5875763363930613,0.9630984441419668,1.3780447601159849,1.7401171455648412,0.0419408296211764,0.6754620179869009,1.0812410126885652,,-0.6094160425573725,0.5166001254887264,1.3565576911432586,-0.3087228711836265,0.0,0.0,0.0,0.0,其他,0,0,0.5,1.0,0,0.0693877551020408,-0.059568793065125525,-0.0986885974661037,0.7832310838445807,0.8507157464212679,0.8609406952965235,0.8568507157464212,0.8486707566462167,0.9304703476482618,0.5,0.5,0.5,0.5,0.06938775510204082,0.13877551020408163,0.06326530612244897
2025-05-30,44.8,44.98,42.76,43.0,5317365.0,45.0,43.19199999999999,41.7435,39.715500000000006,-0.0444444444444444,-0.0044452676421558,0.0301004946877958,0.0827007087912778,41.7435,46.33323809595633,37.15376190404366,0.6368814487523068,0.2199019294474751,-0.0442320515670149,0.0189573459715639,0.0619906149666584,0.1212516297262058,0.0428699786308493,0.0458207655191807,0.0342170934438008,56.75348273292217,1.5136958701375178,1.1929666260776204,0.3207292440598974,-113995691.0,71.46725981493053,1.9185714285714264,1.093528623275439,0.555018137840931,0.7133956386237273,0.0006976744186046,-0.0442320515670149,0.0342170934438008,56.75348273292217,-0.197221220348328,0.0,0.0,0.0,0.5,-0.0260664880435415,-0.1116509565130934,-0.1398395275911604,-0.1698620806205875,0.2388394375958341,0.0719786508844319,-0.0742736656475583,-0.235809054057156,,-0.6922687019163029,0.1696439155732506,0.8262735433592496,,-0.235809054057156,-0.0970683433211238,-0.3341183104401204,0.6986048088562294,0.1933547237823259,-0.7767376649093775,0.4306576976417389,0.8662378085849749,1.339907464789994,0.8650827622428374,1.197366662696732,0.6035865971660972,0.8385778532949216,1.6396984764891496,1.61310592595056,0.5002124915766977,1.1288945864835012,1.3282461424656349,0.0846870425491396,0.1604512002226945,0.3863110395142096,,-0.7767376649093775,0.6035865971660972,0.8385778532949216,-0.440055463479454,0.0,0.0,0.0,0.0,其他,0,0,0.5,1.0,0,0.2489795918367346,-0.03302325581395349,-0.05697674418604659,0.7280163599182005,0.8466257668711656,0.8773006134969326,0.7586912065439673,0.7341513292433538,0.852760736196319,0.5,0.5,0.5,0.5,0.24897959183673468,0.17142857142857143,0.09591836734693877
2025-06-03,42.51,43.93,42.5,43.63,3274657.0,44.86,43.53099999999999,42.0045,39.75599999999999,-0.0274186357556842,0.0022742413452485,0.0386982347129474,0.09744441090653,42.0045,46.38499011917726,37.62400988082274,0.6855385990731042,0.2085724205343156,0.0146511627906977,-0.0157906609519511,0.0842445328031809,0.1359021088258267,0.0356511673431549,0.0456306813351432,0.0342472632143659,59.84440454316085,1.4403254431152843,1.2424383894851532,0.1978870536301313,-110721034.0,70.29397622434381,1.950714285714284,0.6658438888607838,0.5501474926172549,0.7624610591840931,-0.0428604171441669,0.0146511627906977,0.0342472632143659,59.84440454316085,-0.3841579428908868,0.0,0.0,0.0,0.5,-0.2318087311939758,-0.1612102182753516,-0.1652709841445777,-0.1263690776538447,-0.2174145405192605,0.0564853503824647,-0.0271201971144863,-0.1904833478524429,,-0.3435142114666766,0.2927851611758555,0.9626466568975676,,-0.1904833478524429,-0.0920255059020095,-0.2403198850360456,0.8501537124682294,0.133504688231414,0.4800604476714347,0.0591058527968724,1.0620761648388792,1.4365191354719151,0.4941187247608729,1.17609336527791,0.6027753141320241,1.0175354314502023,1.583294941887469,1.621268864142889,0.2366203686535048,1.266315304479009,1.2443029412888396,0.0994058188051935,-0.5906383503157369,0.3707787582262574,,0.4800604476714347,0.6027753141320241,1.0175354314502023,-0.7298202042520374,0.0,0.0,0.0,0.0,其他,0,0,0.5,1.0,0,0.0531697341513292,-0.05982122392848954,-0.07334402933761175,0.29098360655737704,0.8770491803278688,0.8852459016393442,0.7745901639344263,0.3012295081967213,0.8545081967213115,0.5,0.5,0.5,0.5,0.053169734151329244,0.081799591002045,0.05725971370143149
2025-06-04,43.4,43.73,42.9,43.45,2546768.0,44.35,43.822,42.1745,39.80200000000001,-0.020293122886133,-0.0084888868604809,0.030243393519781,0.0916536857444347,42.1745,46.49915867226281,37.8498413277372,0.6474682855453966,0.2050840518442448,-0.0041256016502406,-0.0554347826086956,0.0717809570794278,0.0848938826466918,0.0278818358376055,0.0458218132186015,0.0332601078138785,59.8802395159382,1.3520686160861928,1.264364434805361,0.0877041812808316,-113267802.0,73.07423995015436,1.950714285714284,0.5294069805457432,0.5235988200512749,0.7484423675954173,-0.0402761795166858,-0.0041256016502406,0.0332601078138785,59.8802395159382,-0.222279463162096,0.0,0.0,0.0,0.5,-0.1508070260964221,-0.1702238768098644,-0.1247804733951681,-0.1382693356880344,-0.3793735507983979,0.0005366448834399,0.0133714310124028,-0.1607294784835584,,-0.1969903653535439,0.0928675257443788,0.8168077257482637,,-0.1607294784835584,-0.0813124758730274,-0.1948322335341859,0.7232229730643451,0.1147423877302317,0.0774266469278273,-0.3646300286382221,0.9419602289285732,1.0363453356458088,0.0957388193453557,1.177989193976087,0.5274213980214422,1.0124982813777956,1.5211566529597147,1.6144290024642505,0.0001884857308132,1.1428405159727717,1.4015202582455175,0.0990590579276186,-0.8266720725867776,0.2931155768977778,,0.0774266469278273,0.5274213980214422,1.0124982813777956,-0.4735096259652211,0.0,0.0,0.0,0.0,其他,0,0,0.5,1.0,0,0.0593047034764826,-0.07756041426927518,-0.07479861910241659,0.055327868852459015,0.8032786885245902,0.875,0.7274590163934426,0.12704918032786885,0.7540983606557377,0.5,0.5,0.5,0.5,0.05930470347648262,0.081799591002045,0.06952965235173825
2025-06-05,43.45,43.45,42.63,42.79,3194164.0,43.572,44.104,42.2445,39.83416666666667,-0.0179473056091068,-0.0297932160348267,0.01291292357585,0.074203468546683,42.2445,46.56100675040764,37.92799324959237,0.5631876690442061,0.2043582833456386,-0.0151898734177216,-0.0833333333333333,0.0705529146860144,0.0338245953128775,0.0238809379810938,0.0458832598417856,0.0328140142659475,58.445353589607045,1.2148640155554773,1.2544643509553843,-0.039600335399907,-116461966.0,71.7284056206299,1.9664285714285688,0.6856535288543353,0.4262536873093473,0.6970404984369388,-0.0191633559242814,-0.0151898734177216,0.0328140142659475,58.445353589607045,0.2542029741224956,0.0,0.0,0.0,0.5,-0.1457991045610636,-0.1830668440261464,-0.1514357181802656,-0.1830917382472275,-0.2329178866644314,-0.0848151060039456,0.0526119888204395,-0.14813685123311,,-0.1483285409663671,-0.302451654426433,0.5252972047183457,,-0.14813685123311,-0.0753765520697261,-0.1786270349201814,0.4486954550877117,0.1105107797004585,-0.1599220607192841,-0.6615208437562208,0.9248729957591744,0.6404705402356542,-0.1095617076247831,1.1721842397626812,0.4921761145855666,0.920133522623214,1.4361322264326863,1.5908709927985016,-0.2729346610678853,0.992484398813382,1.3062089549484444,0.1061083551843183,-0.5476633737534056,0.0115958479232268,,-0.1599220607192841,0.4921761145855666,0.920133522623214,0.2763846353816902,0.0,0.0,0.0,0.0,其他,0,0,0.5,1.0,0,0.1795918367346938,-0.06987613928487968,-0.05982706239775659,0.034764826175869123,0.6503067484662577,0.869120654396728,0.7177914110429447,0.25153374233128833,0.6298568507157464,0.5,0.5,0.5,0.5,0.17959183673469387,0.1510204081632653,0.0836734693877551
2025-06-06,42.8,43.15,42.41,42.58,2154160.0,43.09,43.965,42.324,39.8725,-0.0118356927361336,-0.0315023313999773,0.0060485776391645,0.0679039438209292,42.324,46.60161566640489,38.04638433359511,0.5299232118908619,0.2021366442866829,-0.0049076887123159,-0.0535674594354301,-0.0316124630429838,0.0387899487679921,0.0215869983703379,0.0324632182396449,0.0327409464465467,56.24626419134818,1.076770864313552,1.218925653627018,-0.1421547893134658,-118616126.0,68.8598869666334,1.9214285714285697,0.4686995693114488,0.3952802359823704,0.6806853582501502,-0.0063410051667448,-0.0049076887123159,0.0327409464465467,56.24626419134818,-0.3255950539796954,0.0,0.0,0.0,0.5,-0.2043004932109335,-0.1968700638924715,-0.1730629982515612,-0.1969457166233493,-0.4658651491907048,-0.1375866036982463,0.0330071543707495,-0.1339179219957555,,-0.0223542951087937,-0.3331187830811063,0.4087845991310212,,-0.1339179219957555,-0.0713885232174929,-0.1544342700266043,0.3394446961890912,0.0983907543568568,0.0616324501678459,-0.3396049729718071,-0.0104551292878269,0.675169046730574,-0.2270898834997007,0.3590962126670798,0.4845946134685162,0.7832127983723701,1.352824698010037,1.5544654831627036,-0.492431265774081,0.8902676293940252,1.1211303423489305,0.0844995752801189,-0.9262813476744454,-0.078011774922857,,0.0616324501678459,0.4845946134685162,0.7832127983723701,-0.6371320425399825,0.0,0.0,0.0,0.0,其他,0,0,0.5,1.0,0,0.5950920245398773,-0.09323626115547201,-0.07984969469234382,0.06557377049180328,0.694672131147541,0.8668032786885246,0.5942622950819673,0.055327868852459015,0.5122950819672131,0.5,0.5,0.5,0.5,0.5950920245398773,0.07975460122699386,0.04703476482617587
2025-06-09,43.0,43.05,42.6,43.03,2183889.0,43.096,44.048,42.4525,39.91700000000001,-0.0015314646370891,-0.0231111514711224,0.0136034391378598,0.077986822657013,42.4525,46.64796559739752,38.25703440260248,0.5688243040654827,0.1976545832347983,0.010568341944575,0.0006976744186046,0.0196682464454975,0.0635195254572418,0.0122268775187815,0.0298059187376981,0.0325831196840127,58.2398109815986,0.9922046151998032,1.173581445941575,-0.1813768307417718,-116432237.0,68.83489762894649,1.8435714285714275,0.4776720754295666,0.4616519173973211,0.7157320872218401,-0.033697420404369,0.010568341944575,0.0325831196840127,58.2398109815986,0.013800739035169,0.0,0.0,0.0,0.5,-0.1854400709780049,-0.2010469574178212,-0.1533523685875214,-0.1652565422988199,-0.4574073709858249,-0.1364769836686991,0.0445396773897626,-0.1112433072492896,,0.1899798532982783,-0.1754285329709264,0.5330860139605474,,-0.1112433072492896,-0.0668755477735054,-0.1118427573331105,0.4640264342784794,0.0743042117703221,0.3950218710192594,0.2458830613670336,0.4587792065318243,0.8606637740491269,-0.707867199134586,0.1972090870608494,0.4707873631974653,0.8979813114855247,1.298358047755544,1.5139836713239043,-0.5749210406274745,0.9827384256705142,1.1110478712298373,0.0473283806650581,-0.9044743927870796,0.1148844214407632,,0.3950218710192594,0.4707873631974653,0.8979813114855247,-0.0993905821309534,0.0,0.0,0.0,0.0,其他,0,0,0.5,1.0,0,0.2310838445807771,-0.09365558912386707,-0.08157099697885195,0.2459016393442623,0.7540983606557377,0.8709016393442623,0.7049180327868853,0.06147540983606557,0.5409836065573771,0.5,0.5,0.5,0.5,0.2310838445807771,0.05725971370143149,0.05725971370143149
2025-06-10,43.04,43.98,41.2,41.76,4035761.0,42.722,43.791,42.502,39.94316666666667,-0.0225176723936145,-0.0463793930259641,-0.0174580019763774,0.0454854605919241,42.502,46.636805284029805,38.367194715970186,0.410273888481894,0.1945699159578411,-0.0295142923541715,-0.0428604171441669,-0.0579742837807354,0.0242825607064016,0.0148484601268713,0.0259378873174212,0.033388156974455,53.40782122487312,0.8133316777892645,1.101531492311113,-0.2881998145218485,-120467998.0,67.24211636617585,1.9642857142857129,0.8744928450992179,0.2743362831817943,0.6168224299017379,-0.0177203065134098,-0.0295142923541715,0.033388156974455,53.40782122487312,0.8479698372948441,0.0,0.0,0.0,0.5,-0.181196031591899,-0.155498392244985,-0.2944223660355987,-0.2526309697840841,-0.0372320383735493,-0.177456254536054,0.0082258192202757,-0.1022686230243452,,-0.244287223096868,-0.6096886070663824,0.0106438602177434,,-0.1022686230243452,-0.0676696822766788,-0.0893840761824727,-0.053164943895748,0.0576474313357166,-0.4726875972018368,-0.225440734527874,-0.2554772907078361,0.5549290938346434,-0.5696011965492102,-0.0380792248655342,0.5284814766431911,0.6033360212256127,1.197568223800382,1.4605669945390958,-0.8024808993420404,0.7965115509862748,1.0064101500134566,0.1045516386781253,-0.1990915295992803,-0.4308065519816523,,-0.4726875972018368,0.5284814766431911,0.6033360212256127,1.216113723644641,0.0,0.0,0.0,0.0,其他,0,0,0.5,1.0,0,0.3803680981595092,-0.04094827586206895,-0.046216475095785414,0.05122950819672131,0.6065573770491803,0.8688524590163934,0.6680327868852459,0.22336065573770492,0.22950819672131148,0.5,0.5,0.5,0.5,0.3803680981595092,0.2085889570552147,0.1083844580777096
2025-06-11,41.55,42.18,41.55,41.7,1920578.0,42.372,43.361,42.57000000000001,39.96866666666666,-0.0158595298782213,-0.0383063121237978,-0.0204369274136717,0.0433172651910664,42.57000000000001,46.59846189794029,38.541538102059725,0.3920183407364446,0.1892629503373652,-0.0014367816091952,-0.0402761795166858,-0.0934782608695651,0.0337134357957362,0.0150991263496083,0.0211948016590128,0.0332739997867139,54.974123054803705,0.6591340193929724,1.013051997727485,-0.3539179783345125,-122388576.0,66.83172995406034,1.967142857142856,0.4172182871828741,0.2654867256598017,0.612149532705513,-0.0388489208633094,-0.0014367816091952,0.0332739997867139,54.974123054803705,-0.5241100749028498,0.0,0.0,0.0,0.5,-0.3169977650126826,-0.2421771492822702,-0.2579560242188246,-0.2559692125791076,-0.5164988545373835,-0.2157581176589512,-0.0525177925609659,-0.0900800792268884,,-0.1054940890128987,-0.455942305558391,-0.0394975199176374,,-0.0900800792268884,-0.0709826028160903,-0.0540284014482495,-0.1125499998560468,0.0291379370819053,0.137460801790357,-0.1966966164212368,-0.5809597721902641,0.6249018628942374,-0.5542701648003858,-0.3265276781958231,0.5176203587749982,0.6946726246763091,1.1109490717244386,1.3999027997666682,-0.9396644033749648,0.7064410983987971,0.9747914537027652,0.1055614588014101,-1.0067131229896944,-0.4548247854798961,,0.137460801790357,0.5176203587749982,0.6946726246763091,-0.9543044255641112,0.0,0.0,0.0,0.0,其他,0,0,0.5,1.0,0,0.2693877551020408,-0.03429256594724217,-0.054436450839328576,0.05930470347648262,0.6380368098159509,0.8650306748466258,0.6298568507157464,0.02044989775051125,0.17177914110429449,0.5,0.5,0.5,0.5,0.2693877551020408,0.2530612244897959,0.09591836734693877
2025-06-12,41.7,42.09,41.14,41.97,1700144.0,42.208,42.89,42.661,40.0115,-0.0056387414708112,-0.0214502214968524,-0.0161974637256511,0.0489484273271434,42.661,46.53869274861099,38.78330725138901,0.410900625083226,0.1817909917068001,0.0064748201438848,-0.0191633559242814,-0.1008997429305912,0.0453300124533,0.0156528830037677,0.0202775573596922,0.0332462360882406,42.67935577893476,0.55235078079631,0.92091175434125,-0.36856097354494,-120688432.0,60.85687133019457,1.7492857142857134,0.3710504830569892,0.3053097345087712,0.6331775700885265,-0.051703597807958,0.0064748201438848,0.0332462360882406,42.67935577893476,-0.1147748229959939,0.0,0.0,0.0,0.5,-0.3021680178322797,-0.2457645468296126,-0.298802795827727,-0.2363413380622204,-0.5644812904715886,-0.2333224785427429,-0.1190698929619012,-0.0738798804771552,,0.1073786621934192,-0.1374098596923462,0.0321989585304393,,-0.0738798804771552,-0.0762884659502271,-0.0050717990304292,-0.0503236725469222,-0.0109622525247456,0.3089943670659526,0.033432675604324,-0.6466730924875246,0.7113045141350913,-0.5233350817784583,-0.381277623254148,0.5132638271894491,-0.0506781074377355,1.04953609858656,1.3387726159463746,-0.9656940673825518,0.7795186098557916,0.6054151270125969,0.0009407188074537,-1.0807369785377996,-0.3364633013904851,,0.3089943670659526,0.5132638271894491,-0.0506781074377355,-0.3039001716271839,0.0,0.0,0.0,0.0,其他,0,0,0.5,1.0,0,0.2862985685071574,-0.06028115320466998,-0.05956635692161072,0.18032786885245902,0.7090163934426229,0.8709016393442623,0.24795081967213115,0.012295081967213115,0.2540983606557377,0.5,0.5,0.5,0.5,0.28629856850715746,0.09815950920245399,0.07975460122699386
2025-06-13,41.99,42.8,40.8,42.31,3732333.0,42.154,42.622,42.7815,40.05383333333334,0.0037007164207429,-0.0073201632959504,-0.0110211189415985,0.0563283580847442,42.7815,46.44161374571577,39.12138625428423,0.4355894334437751,0.1711073125396357,0.008101024541339,-0.0063410051667448,-0.0595687930651255,0.0604010025062657,0.0164746286182085,0.0187972230039443,0.0331973954278012,50.44971381270404,0.4895165276943274,0.8346327090118656,-0.3451161813175382,-116956099.0,56.45601954644392,1.6921428571428565,0.798271916883781,0.3487332339739388,0.6596573208671367,-0.0874497754667927,0.008101024541339,0.0331973954278012,50.44971381270404,1.1953040448338492,0.0,0.0,0.0,0.5,-0.2744777546414674,-0.2103913292855763,-0.3324756229952202,-0.2118442220084555,-0.0997355914898606,-0.2385910689165495,-0.1567667817956786,-0.0525138634754706,,0.301790693249981,0.1296620966311439,0.1197656757519259,,-0.0525138634754706,-0.0850750611323926,0.0633837847358608,0.0309870315820278,-0.0683187279866343,0.343389480849362,0.1731469966093312,-0.2623039308834318,0.8236545324651212,-0.4786149131109684,-0.4703307953944791,0.5073687016816006,0.420439178771204,1.011137798998358,1.2820677401670832,-0.9096540397780722,0.9431600323175656,0.3335827860689329,-0.0265048401510539,-0.3188180920806844,-0.2076750402762968,,0.343389480849362,0.5073687016816006,0.420439178771204,1.7577763480981086,0.0,0.0,0.0,0.0,其他,0,0,0.5,1.0,0,0.0388548057259713,-0.041597731032852914,-0.0692507681399196,0.5942622950819673,0.805327868852459,0.8668032786885246,0.42827868852459017,0.22336065573770492,0.44672131147540983,0.5,0.5,0.5,0.5,0.03885480572597137,0.09406952965235174,0.04294478527607362
2025-06-16,42.31,42.31,41.5,41.58,2022613.0,41.864,42.48,42.836,40.07716666666667,-0.0067838715841772,-0.0211864406779662,-0.029321131758334,0.0374984924915682,42.836,46.3831643233491,39.2888356766509,0.3229571728937515,0.1656160390018125,-0.0172536043488538,-0.033697420404369,-0.0330232558139534,0.0269202272165967,0.0162189307745564,0.0140241508707099,0.0333938773581199,37.303785775417815,0.3764754223184852,0.7430012516731895,-0.3665258293547043,-118978712.0,48.01769881122413,1.5578571428571426,0.435853938582291,0.2399403874777951,0.602803738313062,-0.062049062049062,-0.0172536043488538,0.0333938773581199,37.303785775417815,-0.458083456111767,0.0,0.0,0.0,0.5,-0.244048254530941,-0.2336662611310396,-0.2597950316774332,-0.2622946738029605,-0.4898253196747112,-0.2703109765112865,-0.1764964687747215,-0.0427526045420841,,0.0815022277507075,-0.1332488377842066,-0.19167926495217,,-0.0427526045420841,-0.0902507749862489,0.0971809465697485,-0.3404396378852939,-0.0976863101317587,-0.2120799392733595,-0.1266492217322971,-0.0152184070914664,0.560483095622944,-0.4900831455145418,-0.7603452082809704,0.5199063962913881,-0.3801452804966613,0.9478859370765812,1.2236914112346633,-0.9506582722005604,0.8470425194288698,-0.1861932049383529,-0.0911227882911682,-0.959783346683108,-0.5272278612566911,,-0.2120799392733595,0.5199063962913881,-0.3801452804966613,-0.8508370274286849,0.0,0.0,0.0,0.0,其他,0,0,0.5,1.0,0,0.0836734693877551,-0.024771524771524778,-0.04208754208754206,0.22903885480572597,0.65439672801636,0.8670756646216768,0.19222903885480572,0.08384458077709611,0.22699386503067484,0.5,0.5,0.5,0.5,0.0836734693877551,0.17346938775510204,0.08571428571428572
2025-06-17,41.64,41.94,40.92,41.02,1570785.0,41.716,42.219,42.875,40.08616666666667,-0.01668424585291,-0.0283995357540443,-0.0432653061224489,0.0232956506192909,42.875,46.3175969389705,39.4324030610295,0.2305812976499964,0.1605876123131183,-0.0134680134680134,-0.0177203065134098,-0.0598212239284895,0.0193836978131212,0.0114767072745846,0.0127985828836507,0.0335256296183142,24.38271604587084,0.2389478893988723,0.6421905792183261,-0.4032426898194537,-120549497.0,33.873006752079135,1.3407142857142855,0.3414881435817002,0.1564828613985627,0.559190031148293,-0.0236470014627012,-0.0134680134680134,0.0335256296183142,24.38271604587084,-0.2233882606311736,0.0,0.0,0.0,0.5,-0.3052939828035851,-0.2510537939547404,-0.3184336575140665,-0.3007722127574581,-0.5912314624298413,-0.2860521829265141,-0.2132389993346817,-0.0357269964203742,,-0.1265230459100348,-0.2697531389699854,-0.4285770603377742,,-0.0357269964203742,-0.0960975639030365,0.1261108020902485,-0.6439580872481272,-0.1245511418663412,-0.1284050590923396,0.0490694207845149,-0.2645108734080454,0.4995341269613105,-0.7351288376603058,-0.8313761052533972,0.5275542393148817,-1.1616535323875656,0.8729358616399244,1.1615545011521202,-1.0241062271016796,0.7720501482207791,-1.053978468668274,-0.1957821136409199,-1.119689300753984,-0.7705516927898064,,-0.1284050590923396,0.5275542393148817,-1.1616535323875656,-0.4778176731801511,0.0,0.0,0.0,0.0,其他,0,0,0.5,1.0,0,0.2061224489795918,-0.014383227693807954,-0.04900048756704056,0.3783231083844581,0.6605316973415133,0.8732106339468303,0.065439672801636,0.010224948875255624,0.12269938650306748,0.5,0.5,0.5,0.5,0.20612244897959184,0.2163265306122449,0.1
2025-06-18,41.0,41.07,39.71,40.08,2747350.0,41.392,41.882,42.852,40.085833333333326,-0.0316969462698106,-0.0430256434745236,-0.0646877625315037,-0.0001455210693718,42.852,46.36569411243893,39.33830588756106,0.1055433524794727,0.1639920709619497,-0.022915650901999,-0.0388489208633094,-0.0775604142692751,-0.0113468179575727,0.0142002837213865,0.0138191815821248,0.0339261861093667,16.933867733095482,0.0534897746791998,0.5244504183105009,-0.4709606436313011,-123296847.0,19.533042741625408,1.2735714285714284,0.5940270802488455,0.0163934426227064,0.4859813084074298,0.0047405189620759,-0.022915650901999,0.0339261861093667,16.933867733095482,0.7490299436269126,0.0,0.0,0.0,0.5,-0.3636881098004109,-0.2929966805225332,-0.4417276752267124,-0.3659578348036943,-0.31930323016627,-0.3216190123558481,-0.2608637965922565,-0.0396786451535931,,-0.4419163948807416,-0.546989783820851,-0.7918250482312004,,-0.0396786451535931,-0.0912412767912439,0.1064360805830343,-1.0522645191771425,-0.1056487104092127,-0.335745837284198,-0.1836510044995243,-0.4290121363703671,0.2581894575444301,-0.5896968349799817,-0.7645027828267448,0.5554415800269477,-1.5980314078586462,0.7743598102008922,1.0915258039419005,-1.1630230249213998,0.6445210868247939,-1.911192171135556,-0.227675694413635,-0.6656451954916333,-1.1770085049481978,,-0.335745837284198,0.5554415800269477,-1.5980314078586462,1.0571601602084515,0.0,0.0,0.0,0.0,其他,0,0,0.5,1.0,0,0.4142857142857143,0.0029940119760480943,-0.019960079840319334,0.26380368098159507,0.5725971370143149,0.8752556237218814,0.026584867075664622,0.24335378323108384,0.0736196319018405,0.5,0.5,0.5,0.5,0.4142857142857143,0.27346938775510204,0.14489795918367346
2025-06-19,40.25,40.89,39.8,39.8,2015853.0,40.958,41.583000000000006,42.8435,40.07833333333333,-0.0282728648859807,-0.0428780992232404,-0.0710376136403422,-0.0069447332307565,42.8435,46.387243337503975,39.29975666249602,0.0705812032438642,0.165427350122922,-0.0069860279441118,-0.051703597807958,-0.0698761392848796,-0.0042531898924194,0.0119049850625175,0.0135834034078623,0.0338089754366846,19.719953322332827,-0.1147578651174967,0.3966087616249013,-0.5113666267423981,-125312700.0,22.17623456053057,1.225714285714286,0.4333168147911443,0.0,0.464174454825045,-0.0090452261306532,-0.0069860279441118,0.0338089754366846,19.719953322332827,-0.2662554825559174,0.0,0.0,0.0,0.5,-0.4322190410322987,-0.3009195407419631,-0.4308944176347232,-0.3844825768973242,-0.4863762868748892,-0.3695743688583237,-0.3029884916237511,-0.041055957551812,,-0.3681563408883547,-0.5419533646936868,-0.8954719173119313,,-0.041055957551812,-0.0888974292331332,0.0981657906283487,-1.1592677018124498,-0.0974754772863507,0.0166473079418668,-0.3249204140485408,-0.3555947528369783,0.3127023154765032,-0.707160620251469,-0.7751241299170262,0.544144973674432,-1.41472582766384,0.6852019507758178,1.017171154895546,-1.2412546253668866,0.5506564586568591,-1.7264854233093436,-0.2501775857113038,-0.9469741746862594,-1.2153869808528217,,0.0166473079418668,0.544144973674432,-1.41472582766384,-0.5498350299596805,0.0,0.0,0.0,0.0,其他,0,0,0.5,1.0,0,0.1204081632653061,0.01080402010050241,-0.011055276381909507,0.2883435582822086,0.7505112474437627,0.8711656441717791,0.07770961145194274,0.018404907975460124,0.09202453987730061,0.5,0.5,0.5,0.5,0.12040816326530612,0.16326530612244897,0.11632653061224489
2025-06-20,39.67,39.98,38.55,38.61,2633617.0,40.218,41.18599999999999,42.5755,40.06283333333333,-0.0399820975682531,-0.0625455251784585,-0.0931404211342203,-0.0362638688393647,42.5755,46.54560128466832,38.60539871533168,0.0005794921008727,0.1864969893323151,-0.0298994974874371,-0.0874497754667927,-0.093236261155472,-0.1219012963384125,0.0087765396133833,0.0153168122211176,0.0249570225704418,21.750321746402804,-0.3401966075142368,0.2492476877970736,-0.5894442953113106,-127946317.0,24.08461776977194,1.1685714285714286,0.6137574179548708,0.0,0.3714953270999103,0.0502460502460502,-0.0298994974874371,0.0249570225704418,21.750321746402804,0.3064529010795926,0.0,0.0,0.0,0.5,-0.4847563031401112,-0.3448919447431575,-0.5583566008344131,-0.4673272822077709,-0.3423066503551343,-0.4520971244646383,-0.3591985336245306,-0.0886899036448439,,-0.6141186820570982,-0.9141781354859334,-1.2643900688478136,,-0.0886899036448439,-0.0735824597218521,-0.0451497421069081,-1.378180386437876,0.0179937740693901,-0.4900346899835421,-0.7185842845569614,-0.5731388553842942,-0.6106510395002402,-0.8673051296577295,-0.6648302634573898,-0.1297070508350657,-1.2807083601244753,0.5673620351210279,0.9334302279063555,-1.3981030328434674,0.429068947779726,-1.5918740676743977,-0.2771977251275805,-0.6212877559795107,-1.2053956031118764,,-0.4900346899835421,-0.1297070508350657,-1.2807083601244753,0.3585682795657959,0.0,0.0,0.0,0.0,其他,0,0,0.5,1.0,0,0.6959183673469388,0.01476301476301467,0.02667702667702665,0.03680981595092025,0.0736196319018405,0.7464212678936605,0.081799591002045,0.37627811860940696,0.05112474437627812,0.5,0.5,0.5,0.5,0.6959183673469388,0.20816326530612245,0.22448979591836735
2025-06-23,38.5,39.56,38.26,39.0,1584213.0,39.702,40.783,42.4155,40.066500000000005,-0.0176817288801571,-0.0437191967241252,-0.0805248081479648,-0.0266182471640897,42.4155,46.695177680927664,38.13582231907234,0.100962939892502,0.2017978182936696,0.0101010101010101,-0.062049062049062,-0.093655589123867,-0.075829383886256,0.0154376617335538,0.0152488897873593,0.0238545238741879,19.256308097349446,-0.4818344617167298,0.1030312578943129,-0.5848657196110427,-126362104.0,25.44855883465752,1.1592857142857145,0.4145366733728496,0.0483271375458696,0.4018691588753747,0.0397435897435896,0.0101010101010101,0.0238545238741879,19.256308097349446,-0.3984649248542973,0.0,0.0,0.0,0.5,-0.5922061987581966,-0.3645535514138647,-0.5861701997632917,-0.4380215039568131,-0.5834505941793492,-0.509000627443436,-0.4161875883249697,-0.1170092617803709,,-0.1394546308571443,-0.5503960681820668,-1.040670836010649,,-0.1170092617803709,-0.0591054956404633,-0.1420196229048665,-1.0386359222215238,0.1018340523480734,0.3983126710420951,-0.4344948390158201,-0.5746989626623165,-0.2463127627743509,-0.5141496822504377,-0.6660231216903862,-0.213227415081004,-1.4176859779234048,0.4927724685012353,0.8511336952223518,-1.3763164378992498,0.4996388968418128,-1.493585016393769,-0.2807930843717699,-0.97210434750595,-1.0550549314759503,,0.3983126710420951,-0.213227415081004,-1.4176859779234048,-0.7603849642776096,0.0,0.0,0.0,0.0,其他,0,0,0.5,1.0,0,0.6408163265306123,0.01333333333333342,0.02410256410256406,0.081799591002045,0.12065439672801637,0.7341513292433538,0.032719836400818,0.07157464212678936,0.03680981595092025,0.5,0.5,0.5,0.5,0.6408163265306123,0.24285714285714285,0.21428571428571427
2025-06-24,39.05,40.08,39.05,40.05,2100168.0,39.508,40.612,42.2015,40.08433333333333,0.0137187405082515,-0.0138382744016547,-0.0509816001800883,-0.0008565274878797,42.2015,46.50605462577892,37.89694537422108,0.2500902895806917,0.2040000770479115,0.0269230769230768,-0.0236470014627012,-0.0409482758620689,-0.0965486126776449,0.0234042459250658,0.0173864329856751,0.0215071382619884,29.761904756944418,-0.5035527613004049,-0.0182855459446306,-0.4852672153557743,-124261936.0,24.00128179552296,1.1771428571428575,0.6012187188558727,0.1784386617078257,0.483644859809317,0.0094881398252184,0.0269230769230768,0.0215071382619884,29.761904756944418,0.325685371853406,0.0,0.0,0.0,0.5,-0.5384510085888687,-0.3375398211908553,-0.5020712067682841,-0.3618838601171236,-0.4618791496128778,-0.5291390623327366,-0.4394571099355105,-0.155016306757586,,0.5282684035292399,0.0246271075267283,-0.5316600775212412,,-0.155016306757586,-0.0769681389895135,-0.1910535911440824,-0.5427756881112953,0.113612384680354,0.769793057920559,-0.0062846510568293,-0.0760925482225925,-0.4087064222803613,-0.0929166369584479,-0.531162920220433,-0.3917155884127083,-0.7805842078057919,0.4798576524816174,0.7826936246784407,-1.1536616240474231,0.5934914503433256,-1.563546766882666,-0.2710777888648021,-0.6344508889546241,-0.667354089625856,,0.769793057920559,-0.3917155884127083,-0.7805842078057919,0.3928728394762334,0.0,0.0,0.0,0.0,其他,0,0,0.5,1.0,0,0.4049079754601227,-0.00549313358302117,-0.006741573033707815,0.20491803278688525,0.055327868852459015,0.6659836065573771,0.1168032786885246,0.14754098360655737,0.05737704918032787,0.5,0.5,0.5,0.5,0.4049079754601227,0.12678936605316973,0.1165644171779141
2025-06-25,40.06,40.39,39.7,40.27,2062460.0,39.546,40.469,41.915,40.09883333333333,0.0183077934557225,-0.0049173441399588,-0.039246093284027,0.0042686196190246,41.915,45.90641447029537,37.92358552970463,0.293932700766646,0.1904527959100964,0.0054931335830212,0.0047405189620759,-0.0342925659472421,-0.1245652173913043,0.0211748573251074,0.0176378319796804,0.0192437579902629,34.170854265346875,-0.4972801996634786,-0.1140844766884002,-0.3831957229750783,-122199476.0,31.172769652500108,1.167857142857143,0.6775311704465453,0.2057001239131888,0.5007788161954769,-0.0017382666997765,0.0054931335830212,0.0192437579902629,34.170854265346875,-0.0179547540958627,0.0,0.0,0.0,0.5,-0.4417399422251139,-0.3210211960705177,-0.4327465788526983,-0.3450191281189849,-0.4689985909591129,-0.5228011043445555,-0.4586185283077394,-0.2060639244654994,,0.6237748417943174,0.1962334459257784,-0.3286883157157969,,-0.2060639244654994,-0.1341545981666669,-0.1848707598582957,-0.3958402422622329,0.0384610404386365,0.2904435423767223,0.3101878630482788,-0.0129238305192588,-0.6281582960198556,-0.2104148231290607,-0.5135087916180309,-0.5633032429882731,-0.5125174845857052,0.4813690325196144,0.7282664206241066,-0.9287794324454612,0.6852111190428248,-1.1247036617684232,-0.2747358483438948,-0.4953341752163781,-0.5840729084819023,,0.2904435423767223,-0.5633032429882731,-0.5125174845857052,-0.1559397379556746,0.0,0.0,0.0,0.0,其他,0,0,0.5,1.0,0,0.2862985685071574,-0.020859200397318145,-0.01763099081201891,0.4139344262295082,0.045081967213114756,0.5922131147540983,0.1168032786885246,0.1721311475409836,0.07172131147540983,0.5,0.5,0.5,0.5,0.28629856850715746,0.09815950920245399,0.11451942740286299
2025-06-26,40.27,40.58,39.41,39.44,2612041.0,39.474,40.216,41.553,40.1,-0.0008613264427219,-0.0192958026656056,-0.0508507207662505,-0.0164588528678305,41.553,45.00106948275321,38.1049305172468,0.1935966617569167,0.1659600742543213,-0.0206108765830644,-0.0090452261306532,-0.0602811532046699,-0.1550985432733505,0.0232543924651518,0.0180378182774609,0.018810775288164,31.70163169645896,-0.5529095120979264,-0.2018494837703055,-0.3510600283276208,-124811517.0,30.89588341446193,1.1985714285714286,0.932328737522134,0.1300940438851079,0.4361370716476933,0.0200304259634889,-0.0206108765830644,0.018810775288164,31.70163169645896,0.2664686830290041,0.0,0.0,0.0,0.5,-0.4204729191991805,-0.3105188791618927,-0.4614609373612721,-0.4032073527656635,-0.3395678606569846,-0.5290573586348363,-0.493750886908168,-0.2707140188226508,,0.2126129360238674,-0.0819388645271691,-0.526617886515891,,-0.2707140188226508,-0.2207000282841728,-0.1464256496106304,-0.7259915966604352,-0.0973104603920849,-0.2929861437428861,0.1551122938495321,-0.2593439179354257,-0.865972578758367,-0.0995838652966631,-0.4867068520589972,-0.5940361085830286,-0.6588884931141964,0.451017416232899,0.6784466627601908,-0.855239017079949,0.5629932723237908,-1.1331377030918033,-0.2586574291246006,-0.0363284149969654,-0.8040778760230205,,-0.2929861437428861,-0.5940361085830286,-0.6588884931141964,0.2990499228205615,0.0,0.0,0.0,0.0,其他,0,0,0.5,1.0,0,0.5439672801635992,0.0007606490872211769,0.016734279918864114,0.11885245901639344,0.028688524590163935,0.5778688524590164,0.09631147540983606,0.5430327868852459,0.05122950819672131,0.5,0.5,0.5,0.5,0.5439672801635992,0.20449897750511248,0.1983640081799591
2025-06-27,39.72,42.12,39.72,40.55,3783136.0,39.862,40.04,41.331,40.13733333333334,0.0172595454317394,0.0127372627372626,-0.0188962280128718,0.0102813673055839,41.331,44.39800539700577,38.26399460299424,0.3726771069917675,0.1484118650406883,0.0281440162271804,0.0502460502460502,-0.0415977310328529,-0.0986885974661037,0.0198301737466555,0.0207019455002934,0.0192701970355541,36.58008657454413,-0.5016458830055939,-0.2618087636173632,-0.2398371193882306,-121028381.0,33.871743423676264,1.3564285714285715,1.4224440097304003,0.3864541832592333,0.5225856697778611,-0.0337854500616522,0.0281440162271804,0.0192701970355541,36.58008657454413,0.4483448001007641,0.0,0.0,0.0,0.5,-0.4708918849216563,-0.2324628096042916,-0.4275054445740795,-0.3223588476466237,-0.0652046314698481,-0.4826727682216901,-0.5175627659929105,-0.309966076235377,,0.599373321459597,0.5381374757088527,0.0256522700596526,,-0.309966076235377,-0.2780650323906357,-0.1126549949834024,-0.1289342469991659,-0.1944810656586065,0.7975576212977867,0.8179349708862885,-0.0808186970708673,-0.4154464395346003,-0.2812332837990654,-0.3190495862596753,-0.5561832855174988,-0.3620459355514119,0.4759210654873281,0.643699048013834,-0.6130072286927544,0.7339794441109216,-0.9490692509496682,-0.1796459808865976,0.8445576479687413,-0.0424167115017882,,0.7975576212977867,-0.5561832855174988,-0.3620459355514119,0.5890800732437019,0.0,0.0,0.0,0.0,其他,0,0,0.5,1.0,0,0.0736196319018405,-0.02885326757090001,-0.007398273736128114,0.6967213114754098,0.05942622950819672,0.6209016393442623,0.2069672131147541,0.8319672131147541,0.19057377049180327,0.5,0.5,0.5,0.5,0.0736196319018405,0.08588957055214724,0.12065439672801637
2025-06-30,40.18,40.85,40.18,40.55,2302530.0,40.172,39.937,41.2085,40.16466666666666,0.0094095389823758,0.0153491749505469,-0.0159797129233048,0.0095938386973626,41.2085,44.18932485934761,38.2276751406524,0.3895439968614795,0.1446703888440672,0.0,0.0397435897435896,-0.0247715247715247,-0.0569767441860465,0.0203268932390076,0.0201916881976799,0.0169268714613609,42.40903386958937,-0.4557653083026167,-0.300600072554414,-0.1551652357482027,-121028381.0,35.84236293471933,1.2057142857142864,0.9177590946648698,0.3864541832592333,0.5225856697778611,-0.0254007398273734,0.0,0.0169268714613609,42.40903386958937,-0.391370016832596,0.0,0.0,0.0,0.5,-0.4258014948613142,-0.2955107009188903,-0.3779292480946752,-0.321345866450642,-0.4114682833796173,-0.4453700803876908,-0.5306449578389002,-0.331117969853024,,0.4289794383630111,0.5865970627045465,0.0759858150478402,,-0.331117969853024,-0.2972734612497804,-0.11991726421289,-0.072326569460118,-0.2146839053680466,0.1646952192407318,0.6966344081474977,0.0799852578157628,-0.0823115772820766,-0.2538855822491486,-0.3498534897306025,-0.7339067438867314,-0.0079012359223787,0.4979876550008525,0.6204190419728045,-0.4286705910371216,0.7307610157415362,-0.8265630763878739,-0.2539266979532998,-0.0679775933136587,-0.0422811764866296,,0.1646952192407318,-0.7339067438867314,-0.0079012359223787,-0.7597034084260093,0.0,0.0,0.0,0.0,其他,0,0,0.5,1.0,0,0.1370143149284253,-0.017755856966707784,-0.006905055487052891,0.639344262295082,0.0942622950819672,0.514344262295082,0.28688524590163933,0.5348360655737705,0.18032786885245902,0.5,0.5,0.5,0.5,0.13701431492842536,0.1390593047034765,0.15132924335378323
2025-07-01,40.4,40.7,40.11,40.43,1454708.0,40.248000000000005,39.878,41.0485,40.18516666666667,0.0045219638242892,0.01384221876724,-0.0150675420539119,0.0060926295357739,41.0485,43.81809639848947,38.278903601510535,0.3883411315135723,0.134942636075994,-0.0029593094944512,0.0094881398252184,-0.0143832276938079,-0.0733440293376117,0.01757524651608,0.0198171229319813,0.016422222204539,42.092154413582925,-0.4241977199077809,-0.3253196020250874,-0.0988781178826934,-122483089.0,36.43098377523876,1.2028571428571435,0.6016501634263026,0.3760330578434702,0.5132398753854107,-0.0148404650012367,-0.0029593094944512,0.016422222204539,42.092154413582925,-0.3682132263206126,0.0,0.0,0.0,0.5,-0.4035410951276733,-0.3021489797055958,-0.3840509692608638,-0.3289846248148147,-0.608632609998006,-0.4350812889090569,-0.5372557642866164,-0.3590758467638248,,0.3225260429071272,0.5550256586168091,0.0915620354927687,,-0.3590758467638248,-0.3322197415915551,-0.1087403575204752,-0.0761164962882234,-0.2683331263646965,0.0977322741849642,0.3543140076771002,0.1791602557156105,-0.2126369480433992,-0.4000319490152894,-0.3721258365983772,-0.7690810159329676,-0.027129219551143,0.5125873048627675,0.604776252367048,-0.3058582369407113,0.6608716885260301,-0.787291828950558,-0.2545239524059822,-0.6386495390793271,-0.0732046857964476,,0.0977322741849642,-0.7690810159329676,-0.027129219551143,-0.7192344840146326,0.0,0.0,0.0,0.0,其他,0,0,0.5,1.0,0,0.1779141104294478,-0.035122433836260236,-0.008162255750680192,0.4036885245901639,0.055327868852459015,0.4713114754098361,0.3012295081967213,0.1413934426229508,0.14344262295081966,0.5,0.5,0.5,0.5,0.17791411042944785,0.15132924335378323,0.20040899795501022
2025-07-02,40.35,40.45,40.0,40.2,1039454.0,40.234,39.89,40.886,40.2015,-0.0008450564199431,0.0077713712709952,-0.0167783593406055,-3.73120405955385e-05,40.886,43.43490193075983,38.33709806924018,0.3654322491269707,0.1246833601112161,-0.0056888449171406,-0.0017382666997765,0.002994011976048,-0.0747986191024165,0.0177324963027417,0.0184264780530843,0.0164282083721314,38.92365456139014,-0.4129786739580154,-0.342851416411673,-0.0701272575463424,-123522543.0,37.26021725688515,1.167142857142858,0.4437374403566688,0.3597285067791922,0.4953271027998807,-0.0191542288557214,-0.0056888449171406,0.0164282083721314,38.92365456139014,-0.2854552253785639,0.0,0.0,0.0,0.5,-0.4069672734905161,-0.3138328987836429,-0.3943794969674715,-0.3445643632747862,-0.7035575155254119,-0.4352051917245686,-0.5334404625312941,-0.387454345079283,,0.2058427900523307,0.4348309619203097,0.061507362699932,,-0.387454345079283,-0.3682878297295603,-0.0960955018994238,-0.1526849847661826,-0.3249145276137793,0.035950385834092,0.2267082558095676,0.3453219561190734,-0.2235714870135646,-0.3902732950477872,-0.4581235524083268,-0.764733648332423,-0.2201178205235015,0.5165905972856428,0.5930629411655775,-0.2427248376342449,0.6104158387403028,-0.7339923345726946,-0.2715387469389703,-0.9202865886066024,-0.1217185372383524,,0.035950385834092,-0.764733648332423,-0.2201178205235015,-0.5833889617348917,0.0,0.0,0.0,0.0,其他,0,0,0.5,1.0,0,0.1349693251533742,-0.022885572139303534,-0.010696517412935314,0.2848360655737705,0.06967213114754098,0.48155737704918034,0.18032786885245902,0.040983606557377046,0.12090163934426229,0.5,0.5,0.5,0.5,0.13496932515337423,0.1656441717791411,0.16768916155419222
2025-07-03,40.1,40.5,40.1,40.23,1159261.0,40.392,39.933,40.758,40.215,-0.0040106951871657,0.0074374577417173,-0.0129545119976446,0.0003729951510629,40.758,43.157022607997646,38.358977392002345,0.3899551846075159,0.1177203301433713,0.0007462686567163,0.0200304259634889,0.0108040201005024,-0.0598270623977565,0.0137096158431541,0.0182409931133564,0.0162294763890749,36.458333326687246,-0.39708935289039,-0.3536990037074164,-0.0433903491829735,-122363282.0,31.36740535700133,1.0528571428571436,0.5173533875469613,0.3665158370957794,0.4976635513979929,-0.0188913745960724,0.0007462686567163,0.0162294763890749,36.458333326687246,0.115259549725144,0.0,0.0,0.0,0.5,-0.4294305103439477,-0.3103391969953719,-0.3825606974446824,-0.3413140218542386,-0.6725142171225019,-0.415458232796488,-0.5250943243929145,-0.409478189269642,,0.1367934392051994,0.4267943782846774,0.1280505915872068,,-0.409478189269642,-0.3940456945684891,-0.0911533420882276,-0.0697154771631129,-0.3629081669389498,0.1812541300614187,0.4718165943061971,0.4192533593750294,-0.1026422498247012,-0.6046017273037146,-0.468142211249985,-0.7762199277801577,-0.3699903650319153,0.5230263845403745,0.5849980946904078,-0.1839990112166548,0.6614534663985431,-1.0814740303695052,-0.327892346764463,-0.782410022059121,-0.1009760062853214,,0.1812541300614187,-0.7762199277801577,-0.3699903650319153,0.0646270209455684,0.0,0.0,0.0,0.0,其他,0,0,0.5,1.0,0,0.1513292433537832,-0.02162565249813564,-0.017897091722595015,0.5430327868852459,0.08401639344262295,0.48565573770491804,0.06967213114754098,0.09836065573770492,0.13934426229508196,0.5,0.5,0.5,0.5,0.15132924335378323,0.16973415132924335,0.2474437627811861
2025-07-04,40.23,40.23,39.04,39.18,1960846.0,40.118,39.99,40.588,40.27666666666666,-0.0233810259733784,-0.0202550637659415,-0.0346900561742387,-0.0272283373334436,40.588,42.92444444221956,38.25155555778044,0.198687464042092,0.1151298138471371,-0.0260999254287843,-0.0337854500616522,0.0147630147630146,-0.0798496946923438,0.0110866909030318,0.0175470123329034,0.0170355120432633,34.999999993874994,-0.4638758221217216,-0.3757343673902775,-0.088141454731444,-124324128.0,31.559287611586527,1.0800000000000003,0.8788747368435207,0.1289592760151819,0.4158878504640505,0.0051046452271568,-0.0260999254287843,0.0170355120432633,34.999999993874994,0.6914620607438704,0.0,0.0,0.0,0.5,-0.4156144130675198,-0.3230831005682472,-0.493329128735457,-0.4164273525068245,-0.4812925983143096,-0.4458203417813563,-0.5147266612497502,-0.4391708451310569,-0.4383679471338589,-0.2835888310755876,-0.1167487780198386,-0.2528681000534349,0.1001673086993829,-0.4391708451310569,-0.4153411576349771,-0.1137137549674228,-0.7137823629159774,-0.3762213948843403,-0.4273895014182861,-0.1392361916385978,0.4559375600952722,-0.2635567643556289,-0.7428368335782386,-0.5101884478185273,-0.7101149496284326,-0.4579651597342767,0.4863392819494838,0.5709661884080948,-0.280819186023418,0.5683395845432029,-1.0630422512733286,-0.3131739328730286,-0.1237141475799208,-0.8137488479575117,0.0684523556470192,-0.4273895014182861,-0.7101149496284326,-0.4579651597342767,0.9937495140366156,0.0,0.0,0.0,0.0,其他,0,0,0.5,1.0,0,0.2740286298568507,0.011740684022460535,0.009698825931597765,0.07172131147540983,0.045081967213114756,0.5327868852459017,0.07377049180327869,0.4692622950819672,0.055327868852459015,0.5,0.5,0.5,0.5,0.2740286298568507,0.3987730061349693,0.3824130879345603
2025-07-07,39.25,39.68,39.2,39.52,868160.0,39.912,40.042,40.4125,40.37133333333333,-0.0098216075365803,-0.0130363118725338,-0.0220847510052581,-0.0210875703882291,40.4125,42.48951075688364,38.33548924311636,0.2851479591353618,0.1027905107023073,0.0086778968861664,-0.0254007398273734,0.0133333333333334,-0.0815709969788519,0.0129414958637797,0.0174760773660421,0.0169553987485507,40.3598971649738,-0.4837925850277642,-0.3973460109177749,-0.0864465741099893,-123455968.0,32.41166195609175,1.0428571428571434,0.4009420308880446,0.2459459459392995,0.4414976599029527,0.0078441295546558,0.0086778968861664,0.0169553987485507,40.3598971649738,-0.5572523288417346,0.0,0.0,0.0,0.5,-0.5079339468563552,-0.3500521059979982,-0.4746958240703687,-0.3903544608226511,-0.7370810731547348,-0.4682278754615023,-0.5051447356127025,-0.4698147327034969,-0.4071738313492559,0.0120435667455508,0.0253714662773423,-0.0307210062855824,0.1695830809939923,-0.4698147327034969,-0.4564098845683678,-0.0954508645291899,-0.4191262437112545,-0.444565826761582,0.3635976066086733,-0.0435727602806202,0.4405190681789707,-0.276577466321111,-0.6400129466838684,-0.5127821650641909,-0.712981759315809,-0.1273054907319634,0.4742617333034558,0.5572281086660986,-0.2762848488314789,0.6063988514477892,-1.0056783406839924,-0.3308497858473034,-0.9905508018856234,-0.4585439978352132,0.1501755929989031,0.3635976066086733,-0.712981759315809,-0.1273054907319634,-1.0260230141482825,0.0,0.0,0.0,0.0,其他,0,0,0.5,1.0,0,0.3394683026584867,0.010627530364372362,0.011892712550607198,0.13524590163934427,0.055327868852459015,0.5307377049180327,0.10655737704918032,0.06147540983606557,0.0942622950819672,0.5,0.5,0.5,0.5,0.3394683026584867,0.29243353783231085,0.42535787321063395
2025-07-08,39.52,39.99,39.41,39.83,1181382.0,39.792,40.02,40.316,40.47083333333333,0.0009549658222758,-0.0047476261869064,-0.0120547673380296,-0.0158344486770307,40.316,42.30696273987707,38.32503726012293,0.3779484943882458,0.0987678708141745,0.0078441295546558,-0.0148404650012367,-0.0054931335830211,-0.0462164750957854,0.0142196466494138,0.0152927171457726,0.0160424761257721,48.25174824230036,-0.4691542554750043,-0.4117076598292209,-0.0574465956457834,-122274586.0,38.73473841622869,0.9871428571428582,0.5840960878908421,0.3297297297208175,0.4371405094458739,-0.020587496861662,0.0078441295546558,0.0160424761257721,48.25174824230036,0.3607883339476594,0.0,0.0,0.0,0.5,-0.4803195135580333,-0.3331744029850103,-0.4508147311630648,-0.3665194026419716,-0.6601256937174736,-0.480584414161011,-0.5065656784526898,-0.4858321829950851,-0.3745919809532327,0.2469638925193133,0.1885562457871531,0.1460589354452826,0.2288388940513838,-0.4858321829950851,-0.4726239230530596,-0.0973918435837915,-0.1033722170775977,-0.4656915874446812,0.3434933788374634,0.0768826166624924,0.2566455866189697,0.0107654896172509,-0.5686783420456806,-0.6489642217221993,-0.7803277776820717,0.3592243020855111,0.4803315595514877,0.5474647623265629,-0.2120540019516455,0.6588118107736729,-0.6229187583955644,-0.3578860815230694,-0.6531023640312724,-0.2041063345081889,0.1355416254248038,0.3434933788374634,-0.7803277776820717,0.3592243020855111,0.4614506111713208,0.0,0.0,0.0,0.0,其他,0,0,0.5,1.0,0,0.2622950819672131,-0.001255335174491501,0.0075320110469496715,0.17453798767967146,0.10882956878850103,0.47638603696098564,0.14784394250513347,0.09034907597535935,0.09856262833675565,0.5,0.5,0.5,0.5,0.26229508196721313,0.2151639344262295,0.38934426229508196
2025-07-09,39.97,39.98,39.39,39.43,1413116.0,39.638,39.93599999999999,40.2025,40.54766666666667,-0.0052474897825318,-0.0126702724358972,-0.0192152229338972,-0.0275642659257007,40.2025,42.11866805108527,38.28633194891473,0.2984258218916869,0.095325815612487,-0.0100426813959326,-0.0191542288557214,-0.0208592003973181,-0.0544364508393285,0.0145619951253128,0.0154110774425982,0.0161349278613873,47.45529572676241,-0.4842477984047306,-0.426215687544323,-0.0580321108604076,-123687702.0,39.66224666492871,0.951428571428572,0.7075455567107791,0.2216216216156317,0.4042728019687406,-0.0038042099923915,-0.0100426813959326,0.0161349278613873,47.45529572676241,0.1961550116727697,0.0,0.0,0.0,0.5,-0.4355037277455121,-0.3326719025924043,-0.4514559682345617,-0.3946085561477315,-0.6027846187149366,-0.4968860580787873,-0.5171992979128269,-0.5049574071389823,-0.3491075763073943,0.1106522507232718,0.0315016304818387,0.0190817714031703,0.0934114902687631,-0.5049574071389823,-0.4893729987649817,-0.1054008899260734,-0.3732017057033557,-0.4834819665666781,-0.0657404402746856,0.027370337935977,0.1064965915515424,-0.0560862891051286,-0.5480915840362628,-0.6387977762011204,-0.7692999989666351,0.3088716455201382,0.470786988415543,0.5376685119540029,-0.2127314965322163,0.590685392324362,-0.5648392699480828,-0.374769781925284,-0.4256556968826953,-0.5304559095319604,0.0288613336966839,-0.0657404402746856,-0.7692999989666351,0.3088716455201382,0.1932787876796988,0.0,0.0,0.0,0.0,其他,0,0,0.5,1.0,0,0.4221311475409836,0.0032969819934061118,0.01826020796347949,0.13141683778234087,0.09034907597535935,0.4887063655030801,0.09856262833675565,0.1601642710472279,0.08213552361396304,0.5,0.5,0.5,0.5,0.42213114754098363,0.3401639344262295,0.45081967213114754
2025-07-10,39.43,39.66,39.25,39.47,1091518.0,39.486,39.939,40.0775,40.630333333333326,-0.0004052069087777,-0.0117429079346003,-0.0151581311209532,-0.0285583020895716,40.0775,41.8271210115938,38.327878988406205,0.3263909738145959,0.0873118838046,0.001014455997971,-0.0188913745960724,0.0007606490872211,-0.0595663569216107,0.0145832898198966,0.0139579619839353,0.0160177998711655,57.026143777804485,-0.4873638486741001,-0.4384453197702784,-0.0489185289038216,-122596184.0,42.06999084057215,0.8785714285714289,0.5549779608996891,0.2324324324261501,0.3874256584504043,-0.0027869267798327,0.001014455997971,0.0160177998711655,57.026143777804485,-0.2275807506248602,0.0,0.0,0.0,0.5,-0.4860451621910447,-0.3480529325866853,-0.4648955883828609,-0.3904371798267435,-0.6766479075288738,-0.5129215710604487,-0.5148750886409049,-0.5261662022980843,-0.321876582433674,0.2164909079288775,0.049784978189373,0.0909372803769852,0.0815898733309294,-0.5261662022980843,-0.5162628828444057,-0.0961306126152517,-0.2766917467959471,-0.5272195178027986,0.1875194198934835,0.0303061076480919,0.316918423058306,-0.097743062451793,-0.544944193820692,-0.7283148533337552,-0.7746420317333845,0.8987131734143774,0.4675805237227259,0.529151768732893,-0.1920883717780364,0.6392348012960126,-0.4180667035482934,-0.4104766430862427,-0.702337440865377,-0.4956527885180661,-0.0258810373594352,0.1875194198934835,-0.7746420317333845,0.8987131734143774,-0.4956715933051434,0.0,0.0,0.0,0.0,其他,0,0,0.5,1.0,0,0.4969325153374233,0.015961489739042323,0.013427919939194455,0.14959016393442623,0.08196721311475409,0.45901639344262296,0.17827868852459017,0.11270491803278689,0.0942622950819672,0.5,0.5,0.5,0.5,0.49693251533742333,0.40286298568507156,0.4621676891615542
2025-07-11,39.56,39.63,39.19,39.38,1157141.0,39.526,39.822,39.931,40.70483333333333,-0.0036937711885846,-0.0110993922957159,-0.0137988029350628,-0.0325473223900518,39.931,41.35365726167991,38.50834273832009,0.3063482980503698,0.0712557793031151,-0.0022802128198631,0.0051046452271568,-0.0288532675709,-0.0692507681399196,0.0077214620296493,0.0099103061914864,0.0158078735978358,53.26460479818381,-0.4914306764699034,-0.4490423911102034,-0.0423882853597,-123753325.0,42.76935761487679,0.8171428571428575,0.6295592599330931,0.2592592592505311,0.3315018314987961,0.0066023362112748,-0.0022802128198631,0.0158078735978358,53.26460479818381,0.0601208592070858,0.0,0.0,0.0,0.5,-0.4718852598906008,-0.3485361642167375,-0.4697716951568672,-0.3958252201439963,-0.658426102999736,-0.5064437358950336,-0.5304588567909126,-0.5513055937187258,-0.2972477643836029,0.1435815752106609,0.0624297233097302,0.1148277761246578,0.0351488373680967,-0.5513055937187258,-0.5610401745698834,-0.056855571319748,-0.344237816966447,-0.6165899174215266,0.1113873335675571,0.3059276612331117,0.0264749570151487,-0.1766432477875903,-0.9138832115649512,-0.9814507520891632,-0.7871806113387467,0.6620753903879181,0.4638919114862735,0.5215609711463046,-0.1771520650787862,0.5829331545521006,-0.3745016147007691,-0.4403112172666084,-0.5630474775187508,-0.4123169730727209,-0.2078213589364002,0.1113873335675571,-0.7871806113387467,0.6620753903879181,-0.0256949361295967,0.0,0.0,0.0,0.0,其他,0,0,0.5,1.0,0,0.621676891615542,0.02209243270695782,0.010665312341289868,0.2725409836065574,0.040983606557377046,0.5081967213114754,0.15163934426229508,0.125,0.10040983606557377,0.5,0.5,0.5,0.5,0.621676891615542,0.5337423312883436,0.44171779141104295
2025-07-14,39.31,39.93,39.3,39.83,1367713.0,39.588,39.75,39.84349999999999,40.77266666666666,0.0061129635243002,0.002012578616352,-0.0003388256553764,-0.023120064095227,39.84349999999999,41.035725252471885,38.6512747475281,0.4943383181905277,0.0598454077813897,0.0114271203656677,0.0078441295546558,-0.0177558569667077,-0.042087542087542,0.008463334380959,0.0108895566123617,0.0157918968022237,47.892720293668624,-0.453119173347055,-0.4498577475575738,-0.0032614257894811,-122385612.0,40.992935208834936,0.7850000000000007,0.757621314365487,0.506224066369035,0.2286036036010293,0.0027617373838815,0.0114271203656677,0.0157918968022237,47.892720293668624,0.1819760945295343,0.0,0.0,0.0,0.5,-0.4944816802337975,-0.3320455541910698,-0.4564532167665684,-0.3614781169890462,-0.605893131181178,-0.4974158143325757,-0.5392867170496607,-0.5654060123832463,-0.2747502964517785,0.359262893358494,0.3234524578124548,0.3543995523503708,0.1444302580456453,-0.5654060123832463,-0.590274508759927,-0.02571347353571,0.3010064161284704,-0.6790627000014886,0.426340302923537,0.3365402282777638,0.1352089214817519,0.0467386834356201,-0.8692000665149601,-0.9140241422630108,-0.7845701646882416,0.3265212289768999,0.4826220278462637,0.5193292788347534,-0.0901559077968535,0.6446057850317375,-0.4805359428717539,-0.455167117477711,-0.3261667830854923,0.3421550133177518,-0.5426881380897689,0.426340302923537,-0.7845701646882416,0.3265212289768999,0.1733964842813712,0.0,0.0,0.0,0.0,其他,0,0,0.5,1.0,0,0.3660531697341513,0.011046949535526096,0.0075320110469496715,0.33811475409836067,0.08401639344262295,0.48770491803278687,0.12295081967213115,0.25,0.1557377049180328,0.5,0.5,0.5,0.5,0.3660531697341513,0.4274028629856851,0.34355828220858897
2025-07-15,39.83,39.9,38.62,39.01,1722641.0,39.424,39.608,39.743,40.76716666666667,-0.0105012175324675,-0.0150979600080791,-0.018443499484186,-0.0431024966987323,39.743,40.85373422847949,38.63226577152052,0.1700380787668572,0.055895842210034,-0.020587496861662,-0.020587496861662,-0.0351224338362602,-0.0490004875670405,0.0120178364610541,0.0124277702049122,0.0161397328621861,39.17525772253507,-0.4833523554486802,-0.456556669135795,-0.0267956863128852,-124108253.0,32.7142286622192,0.8271428571428581,0.9502310541091468,0.2061855669996806,0.1362612612597268,0.0197385285824147,-0.020587496861662,0.0161397328621861,39.17525772253507,0.2595047352770647,0.0,0.0,0.0,0.5,-0.4424876619461824,-0.3326055778075101,-0.5278975127332881,-0.4208630741221792,-0.5192099572074114,-0.5150007804664959,-0.5585745261406566,-0.5818896944556262,-0.2753203042182511,-0.0089022355201869,-0.0193188295817584,0.029590889071118,-0.0890105323815624,-0.5818896944556262,-0.6059327721098907,-0.0297683684011674,-0.8128231965290795,-0.6986357894873233,-0.3131869519836193,0.0071895610371547,-0.0359477613018448,-0.0102901986694925,-0.672713099588736,-0.8118008618656483,-0.7536724990248895,-0.2170764128987157,0.4650141180479563,0.5139084550186744,-0.1420872946711215,0.561692165555096,-0.978270154766198,-0.4320584746960997,0.0293513681563558,-0.5760171150586519,-0.8408693276688617,-0.3131869519836193,-0.7536724990248895,-0.2170764128987157,0.2998288043424436,0.0,0.0,0.0,0.0,其他,0,0,0.5,1.0,0,0.3653061224489796,0.027941553447834,0.028454242501922522,0.261758691206544,0.09815950920245399,0.4621676891615542,0.11451942740286299,0.3047034764826176,0.11451942740286299,0.5,0.5,0.5,0.5,0.3653061224489796,0.5204081632653061,0.4204081632653061
2025-07-16,39.02,39.58,39.02,39.28,1019030.0,39.394,39.516000000000005,39.703,40.76183333333333,-0.0028938417017819,-0.0059722643992308,-0.0106541067425636,-0.0363534515539453,39.703,40.8202353095218,38.58576469047821,0.3106934159590223,0.0562796418164361,0.0069213022301974,-0.0038042099923915,-0.0228855721393035,-0.0199600798403193,0.0123095517254608,0.012814614731099,0.01550876536989,48.47908743956833,-0.4799925816037813,-0.4612438516293924,-0.0187487299743889,-123089223.0,39.80256335690842,0.784285714285715,0.5902460854051095,0.3453608247244672,0.1666666666647902,0.0071283095723013,0.0069213022301974,0.01550876536989,48.47908743956833,-0.4084490035939003,0.0,0.0,0.0,0.5,-0.5196635838619712,-0.3481686347418304,-0.483121777176142,-0.3995860357718518,-0.6851616308152658,-0.5167603071244004,-0.5703138560257798,-0.5870398253830258,-0.2758504782784959,0.1597066447048578,0.1635732940039063,0.1692040668678855,-0.0096965728847336,-0.5870398253830258,-0.6068002070617645,-0.0398177514667628,-0.326402235667062,-0.693357002248422,0.3236597594707403,0.2015611724387581,0.0848296331455833,0.2294180149661979,-0.6542098028231961,-0.7834455342304112,-0.7993463843371855,0.3642158392310152,0.4652898963183404,0.5096149630687098,-0.1238142548881041,0.6074205165925068,-0.5452413608226017,-0.4525334379677765,-0.634621215855575,-0.1477372137323191,-0.7362308182463796,0.3236597594707403,-0.7993463843371855,0.3642158392310152,-0.7962724490629208,0.0,0.0,0.0,0.0,其他,0,0,0.5,1.0,0,0.3755102040816326,0.012474541751527513,0.025458248472504996,0.4212678936605317,0.14314928425357873,0.41922290388548056,0.1983640081799591,0.1901840490797546,0.147239263803681,0.5,0.5,0.5,0.5,0.37551020408163266,0.4204081632653061,0.42448979591836733
2025-07-17,39.3,39.4,39.11,39.36,893309.0,39.372,39.429,39.681,40.77283333333333,-0.0003047851264857,-0.0017499809784674,-0.0080895138731382,-0.0346513405576425,39.681,40.807483115952685,38.55451688404731,0.3575211667667676,0.0567769519896095,0.0020366598778003,-0.0027869267798327,-0.0216256524981356,-0.0110552763819095,0.0123535743596055,0.0128544384113587,0.0154533320493395,35.933806134679074,-0.4655085155159923,-0.4620967844067123,-0.00341173110928,-122195914.0,25.37442484414385,0.6135714285714293,0.5348123852990758,0.3865979381244026,0.1756756756736975,0.01880081300813,0.0020366598778003,0.0154533320493395,35.933806134679074,-0.1233732078545283,0.0,0.0,0.0,0.5,-0.4906985615347383,-0.3564634129519158,-0.4718496421255858,-0.3924304183900221,-0.7124707130587413,-0.517583573083841,-0.5812749243772581,-0.5888232335674881,-0.271225899381108,0.2167806338297257,0.2479115590419942,0.2148113506296768,0.0103360855774039,-0.5888232335674881,-0.6056195139801032,-0.0465331303431519,-0.1638868933003866,-0.6874812784150129,0.2095469527726025,0.212801637473266,0.0970502869209738,0.3023716854681312,-0.6492715234824697,-0.7773712504299205,-0.7997839267847301,-0.4217528696924397,0.4714937563088394,0.5074454117286895,-0.0892969348699984,0.6470834992916983,-1.4120401229375723,-0.5385539600579423,-0.7340995827533278,-0.0205388413633525,-0.7024058398378237,0.2095469527726025,-0.7997839267847301,-0.4217528696924397,-0.3255419638920303,0.0,0.0,0.0,0.0,其他,0,0,0.5,1.0,0,0.4714285714285714,0.003810975609755962,0.0,0.4948875255623722,0.11451942740286299,0.4703476482617587,0.065439672801636,0.12474437627811862,0.16973415132924335,0.5,0.5,0.5,0.5,0.4714285714285714,0.5816326530612245,0.3673469387755102
2025-07-18,39.38,39.75,39.16,39.64,1356897.0,39.424,39.475,39.7325,40.797,0.005478896103896,0.004179860671311,-0.0023280689611778,-0.0283599284261096,39.7325,40.74079976745647,38.72420023254353,0.4541307044636368,0.0507544084794026,0.0071138211382113,0.0066023362112748,0.0117406840224605,0.0266770266770266,0.0127233000576998,0.0099236060857683,0.0138756699408592,39.9113081916018,-0.4265194874790623,-0.4549813250211824,0.02846183754212,-120839017.0,34.45942684511162,0.6078571428571438,0.8446365739089449,0.4129032257798138,0.2072072072048741,0.0153884964682138,0.0071138211382113,0.0138756699408592,39.9113081916018,0.5189559267845729,0.0,0.0,0.0,0.5,-0.4812996756459299,-0.3372199377390817,-0.4649317884076291,-0.370441831248434,-0.5988857581166611,-0.5096632204918214,-0.572199088708896,-0.5768527477377068,-0.2624378291057555,0.3449481252490124,0.3665500223433324,0.3180284545177798,0.0844942217383225,-0.5768527477377068,-0.6098376560864569,-0.0091808999270564,0.170825469903648,-0.7190339823396814,0.3268918955330046,0.3214774656016711,0.4274828149534556,0.614005046119704,-0.6266415046028336,-0.9602086600985345,-0.9190661936108449,-0.1710184514263268,0.490755415791906,0.5096663790863925,-0.0178226042881886,0.7083249541003465,-0.8558915271988995,-0.5395223543636276,-0.1580665757185171,0.0606263411407268,-0.595017688010864,0.3268918955330046,-0.9190661936108449,-0.1710184514263268,0.7324786473556097,0.0,0.0,0.0,0.0,其他,0,0,0.5,1.0,0,0.4612244897959183,-0.0020181634712411745,0.0,0.6196319018404908,0.2249488752556237,0.40286298568507156,0.11860940695296524,0.5173824130879345,0.24130879345603273,0.5,0.5,0.5,0.5,0.46122448979591835,0.49387755102040815,0.32857142857142857
2025-07-21,39.77,40.08,39.75,39.94,1565115.0,39.446,39.517,39.7795,40.83266666666667,0.0125234497794453,0.0107042538654249,0.004034741512588,-0.0218615814135741,39.7795,40.73001177350891,38.82898822649109,0.5844282019511728,0.0477890256793838,0.0075681130171543,0.0027617373838815,0.0106275303643723,0.024102564102564,0.0120614757850553,0.0098366667950186,0.0138035299257258,44.77611938961902,-0.3671802930705965,-0.4374211186310652,0.0702408255604687,-119273902.0,43.14479327491421,0.5971428571428576,0.9748268376954096,0.60389610385689,0.1908763505379242,0.0082623935903856,0.0075681130171543,0.0138035299257258,44.77611938961902,0.1534515884403902,0.0,0.0,0.0,0.5,-0.4416684338611627,-0.3190472607239384,-0.3996226202195833,-0.3470024115347622,-0.5468799974139193,-0.5053341055809929,-0.5637743799741606,-0.5657903702513025,-0.250004764556286,0.5010179094335753,0.4969599304824212,0.4319635090355092,0.1610968555962975,-0.5657903702513025,-0.608475512708806,0.0138972410927139,0.6217242375676612,-0.7328713087350005,0.3365118917175818,0.2757184142416454,0.4150336838322142,0.5901836308167145,-0.6603785879494272,-0.9606164678212822,-0.9197223199029454,0.1355024016789729,0.5208449144222946,0.5176357699990883,0.0758516446100682,0.7790105774522535,-0.3268399048070682,-0.5430771977286011,0.0842394465604736,0.6502667776975645,-0.6456512616598736,0.3365118917175818,-0.9197223199029454,0.1355024016789729,0.1276326493271783,0.0,0.0,0.0,0.0,其他,0,0,0.5,1.0,0,0.5877551020408164,0.0012518778167251998,0.005758637956935431,0.36400817995910023,0.21063394683026584,0.36809815950920244,0.15337423312883436,0.4049079754601227,0.17586912065439672,0.5,0.5,0.5,0.5,0.5877551020408164,0.6551020408163265,0.46122448979591835
2025-07-22,39.86,40.16,39.51,39.78,1208430.0,39.6,39.512,39.766000000000005,40.830666666666666,0.0045454545454546,0.0067827495444421,0.0003520595483577,-0.0257322927211572,39.766000000000005,40.70796658785316,38.82403341214685,0.5074312614320855,0.0473754759267103,-0.0040060090135202,0.0197385285824147,-0.0012553351744915,-0.0067415730337078,0.0049720568267809,0.0096460794548999,0.0124454200548352,45.4545454407713,-0.329268608274738,-0.4157906165597997,0.0865220082850617,-120482332.0,42.76179354555968,0.6114285714285715,0.7741659472304074,0.4999999999675347,0.1716686674649259,0.0080442433383609,-0.0040060090135202,0.0124454200548352,45.4545454407713,-0.2278969915948668,0.0,0.0,0.0,0.5,-0.4314835963438487,-0.31395319676078,-0.4244382033728849,-0.3579281512838735,-0.6306026664195199,-0.4853466504371057,-0.5624943264775688,-0.5661645435847548,-0.2496436483585831,0.3210468944998806,0.4160373106827,0.3637930658526051,0.1144817582428283,-0.5661645435847548,-0.6082640436730559,0.0127638085880531,0.3521440162764421,-0.7319817733239384,0.0653546435028481,0.47338696625218,0.2954180348692278,0.3313391415296582,-1.0440058606957887,-0.9676321479143776,-1.0207021619146015,0.1779076114596282,0.5393969662217771,0.5278369074237825,0.1122338828398689,0.7189512508725624,-0.3490834173952778,-0.5337366881835791,-0.2897896912117825,0.3264398795453703,-0.7054485231595683,0.0653546435028481,-1.0207021619146015,0.1779076114596282,-0.5030698911737568,0.0,0.0,0.0,0.0,其他,0,0,0.5,1.0,0,0.6728016359918201,0.008798391151332297,0.019356460532931052,0.36270491803278687,0.11475409836065574,0.3135245901639344,0.12704918032786885,0.1864754098360656,0.17827868852459017,0.5,0.5,0.5,0.5,0.6728016359918201,0.6768916155419223,0.5685071574642127
2025-07-23,39.79,40.06,39.53,39.56,1574056.0,39.656,39.525,39.7305,40.85,-0.0024208190437764,0.0008855154965212,-0.0042914133977673,-0.031578947368421,39.7305,40.645623805256704,38.815376194743294,0.4068432057710193,0.0460665637358906,-0.0055304172951231,0.0071283095723013,0.0032969819934061,-0.0176309908120189,0.006089903248712,0.0092247802467238,0.012421090837061,43.03534302281719,-0.3133632237508692,-0.3953051379980137,0.0819419142471444,-122056388.0,35.407526697388974,0.6207142857142861,1.0244264294698384,0.357142857119669,0.1452581032395528,0.0053083923154702,-0.0055304172951231,0.012421090837061,43.03534302281719,0.302562829456402,0.0,0.0,0.0,0.5,-0.4370198261949016,-0.3182918021591899,-0.4209644134717479,-0.3733346219918013,-0.5404461897168211,-0.4770886734248921,-0.558509116150332,-0.5707000563539838,-0.2424443491270036,0.1639001500464173,0.295211509230409,0.2782666650412646,0.044301989595491,-0.5707000563539838,-0.61211064949061,0.0108113509647601,0.000567455331027,-0.7362733513196027,0.0294921363872604,0.324132626297747,0.3399764289134564,0.2393602015730802,-0.977448958663136,-0.9892554851782566,-1.0165576236351015,0.0243696651642375,0.5461122099716098,0.5373888089864498,0.1016215579876044,0.6419914646905451,-0.7948002328616549,-0.527025448606669,0.1785565194350554,-0.1181960965412379,-0.7885301488314985,0.0294921363872604,-1.0165576236351015,0.0243696651642375,0.377169678911024,0.0,0.0,0.0,0.0,其他,0,0,0.5,1.0,0,0.5664621676891616,0.014914054600606574,0.026794742163801732,0.3729508196721312,0.11270491803278689,0.3176229508196721,0.1290983606557377,0.45491803278688525,0.20901639344262296,0.5,0.5,0.5,0.5,0.5664621676891616,0.6462167689161554,0.4887525562372188
2025-07-24,39.71,40.66,39.62,40.1,2123742.0,39.804,39.588,39.7635,40.8485,0.0074364385488896,0.01293321208447,0.0084625347366302,-0.0183238062597156,39.7635,40.68210936087918,38.84489063912082,0.6831572887574477,0.0462036471073658,0.0136501516683518,0.01880081300813,0.0159614897390423,0.0167342799188641,0.0082186934294505,0.0101429090346614,0.0118989174934616,60.697674398842686,-0.2542537402325209,-0.3670948584449152,0.1128411182123942,-119932646.0,46.63084381793258,0.6142857142857144,1.4044897880229223,0.7077922077462498,0.2100840336109234,-0.014713216957606,0.0136501516683518,0.0118989174934616,60.697674398842686,0.3492162921776607,0.0,0.0,0.0,0.5,-0.4435377376094176,-0.2859074909960334,-0.4098826631279948,-0.331752637121323,-0.4061704451995312,-0.4578831107942018,-0.5469686789377581,-0.5623009236212477,-0.2419748447403284,0.3850384628823952,0.538982747770705,0.5095755089309119,0.2028475857283715,-0.5623009236212477,-0.6060359432477592,0.0173307292485318,0.963773320817202,-0.7322293146056732,0.4794050084302366,0.4602476715613208,0.465597721723522,0.5261618161120425,-0.8565223399023854,-0.9255853101803534,-1.0512794521022746,1.140628777562115,0.5760112236526715,0.5511947653819552,0.1711406437468811,0.739806804620862,-0.1080247471175196,-0.5284912244485275,0.8880440433042187,0.971702674371516,-0.5695816134404282,0.4794050084302366,-1.0512794521022746,1.140628777562115,0.4534353492620001,0.0,0.0,0.0,0.0,其他,0,0,0.5,1.0,0,0.689161554192229,-0.0024937655860349794,0.02194513715710711,0.4713114754098361,0.19672131147540983,0.27459016393442626,0.35040983606557374,0.7540983606557377,0.23565573770491804,0.5,0.5,0.5,0.5,0.689161554192229,0.6114519427402862,0.5419222903885481
2025-07-25,40.1,40.46,39.9,40.25,1492286.0,39.926,39.675,39.7485,40.8635,0.0081150127736311,0.0144927536231884,0.0126168283079863,-0.0150133982649552,39.7485,40.62171004888504,38.87528995111496,0.7871588574602549,0.0439367547898836,0.0037406483790523,0.0153884964682138,0.0220924327069578,-0.0073982737361281,0.0080102813563642,0.0100633092378638,0.0100682742843553,58.88077856875108,-0.1930796045190135,-0.3322918076597349,0.1392122031407213,-118440360.0,52.94253777383524,0.6185714285714289,1.067774401473132,0.8051948051425215,0.2280912364918595,-0.0171428571428571,0.0037406483790523,0.0100682742843553,58.88077856875108,-0.297331785122675,0.0,0.0,0.0,0.5,-0.4037596173892782,-0.2956321101382429,-0.3780870289944536,-0.3195332426786587,-0.5574571626492235,-0.4418388257371121,-0.5318313939712263,-0.5630308074930632,-0.236179936340261,0.3991583176786544,0.5688053024016625,0.5834428308103525,0.2418370687695341,-0.5630308074930632,-0.6097512184203242,0.0240477851761504,1.317964523271384,-0.7421040863077066,0.2450222605035007,0.4186340308511815,0.525468804144315,0.3219441964798673,-0.8639638394614562,-0.9259896551281722,-1.1872830515311787,1.019351806893654,0.6069275166731695,0.5686203269904425,0.2303878017576316,0.8072603833853789,0.2782711900035619,-0.5244038267205993,0.2542511740918025,1.2664754048760356,-0.5070276741785685,0.2450222605035007,-1.1872830515311787,1.019351806893654,-0.6232446416774586,0.0,0.0,0.0,0.0,其他,0,0,0.5,1.0,0,0.6257668711656442,-0.011180124223602594,0.013664596273291751,0.4610655737704918,0.11885245901639344,0.14754098360655737,0.4323770491803279,0.6209016393442623,0.3483606557377049,0.5,0.5,0.5,0.5,0.6257668711656442,0.4376278118609407,0.4233128834355828
2025-07-28,40.38,41.66,40.12,40.27,1877479.0,39.992,39.719,39.7345,40.8955,0.0069513902780555,0.0138724539892747,0.0134769532773786,-0.0152950813659203,39.7345,40.56135135175247,38.90764864824754,0.8238187848291315,0.0416188124551906,0.0004968944099379,0.0082623935903856,0.011046949535526,-0.0069050554870528,0.0076362766230613,0.0095334235200242,0.0100697255100563,55.75916228322972,-0.1413553721685119,-0.2941045205614903,0.1527491483929783,-116562881.0,54.69588885678176,0.6871428571428569,1.3641354568600688,0.8873239435994867,0.2249093107590707,-0.006953066799106,0.0004968944099379,0.0100697255100563,55.75916228322972,0.2581227727124693,0.0,0.0,0.0,0.5,-0.374913327607954,-0.2315386342449491,-0.3529086940393773,-0.3171265606844746,-0.4624113478561246,-0.4325492876650839,-0.5233015765697052,-0.5635846611598441,-0.224881424790532,0.3716891025280038,0.5541569739293135,0.5969234417510814,0.2375051662709491,-0.5635846611598441,-0.6134645200794053,0.0312030912069171,1.4335863958536406,-0.7522340646713545,0.1678876702205633,0.3332911000850393,0.4127882895412447,0.3250808713385039,-0.8804004763008948,-0.9550592507915489,-1.1790260824319687,0.8171945138054951,0.6326501772004547,0.5878771196927929,0.2604843919172459,0.8924150156663937,0.3848738361673198,-0.4868906363431866,0.809083395196508,1.5083505362846936,-0.515288619526309,0.1678876702205633,-1.1790260824319687,0.8171945138054951,0.3042926579604434,0.0,0.0,0.0,0.0,其他,0,0,0.5,1.0,0,0.6795918367346939,-0.0034765333995530057,0.014154457412465904,0.588957055214724,0.1492842535787321,0.16359918200409,0.4049079754601227,0.8670756646216768,0.41922290388548056,0.5,0.5,0.5,0.5,0.6795918367346939,0.3979591836734694,0.3510204081632653
2025-07-29,40.45,40.45,39.72,40.1,1477474.0,40.056,39.828,39.718,40.92366666666666,0.0010984621529857,0.0068293662749823,0.0096178055289792,-0.0201269029331029,39.718,40.49827255696843,38.93772744303158,0.7447862586694668,0.0392906267670306,-0.0042215048423144,0.0080442433383609,0.027941553447834,-0.0081622557506801,0.0076768231590769,0.0062168276682649,0.0100912157058679,59.33147629998221,-0.1127810513611393,-0.2578398267214201,0.1450587753602807,-118040355.0,54.47020872309572,0.6971428571428575,1.0726133932023063,0.8650793650107071,0.1846344485726813,0.0007481296758105,-0.0042215048423144,0.0100912157058679,59.33147629998221,-0.2130543137899279,0.0,0.0,0.0,0.5,-0.3668981787860071,-0.2948750327196544,-0.3957676599496805,-0.32907587233103,-0.55794222770281,-0.4235275240376483,-0.5048891408389379,-0.5646274713297699,-0.214848260193293,0.2381374091128741,0.4084507994824886,0.524066492328106,0.1781327522600958,-0.5646274713297699,-0.6174543906176245,0.0378489999912136,1.1503100960218742,-0.7623806984295038,0.0559078746224653,0.3297450825337221,0.5814278492445234,0.3134623233230945,-0.8741065921490973,-1.1607823957350447,-1.1693834253023467,1.0384869789415685,0.6458007606917276,0.606010166289036,0.242285208033481,0.818604599221422,0.3698143504014585,-0.4800342431727895,0.2582303179471223,1.4268122097278952,-0.6472779818742674,0.0559078746224653,-1.1693834253023467,1.0384869789415685,-0.4835645434280197,0.0,0.0,0.0,0.0,其他,0,0,0.5,1.0,0,0.610204081632653,0.0004987531172069293,0.025187032418952482,0.6728016359918201,0.1983640081799591,0.1554192229038855,0.5419222903885481,0.7341513292433538,0.4539877300613497,0.5,0.5,0.5,0.5,0.610204081632653,0.42244897959183675,0.39387755102040817
2025-07-30,40.06,40.06,39.52,39.77,1224900.0,40.098,39.877,39.6965,40.919,-0.0081799591002044,-0.0026832509968149,0.0018515486251937,-0.0280798650993425,39.6965,40.443853928695766,38.94914607130424,0.5491734887065843,0.0376533915430268,-0.0082294264339152,0.0053083923154702,0.0124745417515275,-0.0106965174129353,0.0083695710569113,0.0069029076701494,0.010177435369455,53.86597936200719,-0.1154332888138895,-0.2293585191399139,0.1139252303260243,-119265255.0,54.084296908855656,0.7092857142857147,0.8833043153190885,0.6031746031267338,0.1437422552646381,0.0095549409102337,-0.0082294264339152,0.010177435369455,53.86597936200719,-0.1709498779673957,0.0,0.0,0.0,0.5,-0.4045254956172521,-0.3147234148320318,-0.4165872662183145,-0.3531268576351928,-0.617382388669372,-0.4171805193059797,-0.4957146640418071,-0.5666341179199829,-0.2155636676307669,0.0268695972216313,0.2123498976169615,0.3797366001939785,0.080870806112443,-0.5666341179199829,-0.6205690142963136,0.0403065953024795,0.4671057610889229,-0.768482983539267,-0.0392333673480874,0.2963621595803393,0.4235015498735424,0.2910659525143721,-0.8322603358133314,-1.1100483909926957,-1.1549130464021011,0.6881304076776634,0.6420517184857687,0.6197582747022208,0.1706383541622317,0.7572322018384124,0.3449220987338991,-0.4720867742453091,-0.0996470823614183,0.6130860439087864,-0.7804222426660394,-0.0392333673480874,-1.1549130464021011,0.6881304076776634,-0.4116558499316535,0.0,0.0,0.0,0.0,其他,0,0,0.5,1.0,0,0.6720977596741344,0.012823736484787407,0.0165954236861956,0.5644171779141104,0.1656441717791411,0.15950920245398773,0.4498977505112474,0.4867075664621677,0.36809815950920244,0.5,0.5,0.5,0.5,0.6720977596741344,0.5132382892057027,0.5193482688391039
2025-07-31,39.77,39.98,39.35,39.51,1340500.0,39.98,39.892,39.6605,40.88766666666667,-0.0117558779389694,-0.0095758548079816,-0.0037947075805903,-0.0336939419384819,39.6605,40.36794834291622,38.953051657083776,0.3936318096251541,0.0356752104947965,-0.0065375911491074,-0.014713216957606,0.0038109756097559,-0.017897091722595,0.0049750812782744,0.007316124668509,0.0102609245305427,51.60493825376613,-0.1369365095996713,-0.2108741172318654,0.0739376076321941,-120605755.0,53.58052810721344,0.7228571428571426,0.9603902601883848,0.3968253967939011,0.111524163567391,0.0124019235636547,-0.0065375911491074,0.0102609245305427,51.60493825376613,0.0943750510245733,0.0,0.0,0.0,0.5,-0.4321591846107153,-0.3181001860160603,-0.4340751705987818,-0.3718454582358377,-0.5871402451403668,-0.4301601014756788,-0.4917867281648747,-0.5714145165748415,-0.225035630265741,-0.0545982470198718,0.0701381479219736,0.274616071106615,0.0121273402858238,-0.5714145165748415,-0.6258646819580328,0.0410736452704916,-0.0758596575534161,-0.7765439843094952,0.0010707931173844,0.0574812021035651,0.3346069650304656,0.2291284421461991,-1.0140082513036042,-1.0772910807472202,-1.140905817617316,0.5422271743932469,0.6281388844422892,0.6278967653350305,0.078760541010829,0.6907367793534375,0.3127939588242899,-0.4634214685654804,0.0464739065837778,-0.0272112476974319,-0.8833805770026253,0.0010707931173844,-1.140905817617316,0.5422271743932469,0.0346015069376289,0.0,0.0,0.0,0.0,其他,0,0,0.5,1.0,0,0.4224489795918367,-0.0037965072133636646,0.028853454821564206,0.6885245901639344,0.2459016393442623,0.12090163934426229,0.6065573770491803,0.45286885245901637,0.5778688524590164,0.5,0.5,0.5,0.5,0.42244897959183675,0.2693877551020408,0.46938775510204084
2025-08-01,39.51,39.72,39.43,39.56,770449.0,39.842,39.884,39.6795,40.86383333333333,-0.0070779579338385,-0.0081235583191253,-0.0030116306909109,-0.0319067798338382,39.6795,40.35216868359908,39.00683131640093,0.4111746964332109,0.0339050987838745,0.0012655024044547,-0.0171428571428571,-0.0020181634712411,0.0096988259315977,0.0042066964555128,0.0069445166126946,0.0083667221795995,46.30136984525433,-0.1482346290678577,-0.1983462195990639,0.0501115905312061,-119835306.0,48.27306725901816,0.6985714285714282,0.5765681990626275,0.4365079364732946,0.1177199504322466,0.0060667340748228,0.0012655024044547,0.0083667221795995,46.30136984525433,-0.4252525177172697,0.0,0.0,0.0,0.5,-0.4567614266506187,-0.3310581964887357,-0.42395579584074,-0.3669850474337032,-0.723862269455276,-0.4455422708806886,-0.4914128139479222,-0.5656844955183673,-0.2320412253122062,0.0523026904945733,0.0998778185781348,0.2882515109941973,0.0339554652807594,-0.5656844955183673,-0.6250531060281705,0.0531025908827296,-0.0143851596545223,-0.7833662878145857,0.1869622613658892,0.0283623426970645,0.2745398823413035,0.4629653823633168,-1.0506162694640375,-1.0946956751779389,-1.2798957461633145,0.203232422267971,0.6198231867871782,0.6326934325263531,0.0239372319991534,0.7247280830454318,-0.0166786102483493,-0.4746628406912756,-0.6809999416721327,0.0960157653197056,-0.8571130689307973,0.1869622613658892,-1.2798957461633145,0.203232422267971,-0.8381586617035094,0.0,0.0,0.0,0.0,其他,0,0,0.5,1.0,0,0.310204081632653,0.002022244691607611,0.016936299292214185,0.625,0.38114754098360654,0.0430327868852459,0.3975409836065574,0.32991803278688525,0.555327868852459,0.5,0.5,0.5,0.5,0.31020408163265306,0.2836734693877551,0.42244897959183675
2025-08-04,39.57,39.99,39.3,39.99,1113142.0,39.786,39.889,39.703,40.856,0.0051274317599154,0.0025320263731858,0.0072286728962547,-0.0211963971020168,39.703,40.38498163272084,39.02101836727917,0.7104162239560192,0.0343541612834857,0.0108695652173913,-0.006953066799106,0.0012518778167251,0.0118927125506071,0.0077239827226616,0.0074162650008152,0.0084926533104919,65.03067481869851,-0.1210951607532422,-0.1828960078298996,0.0618008470766573,-118722164.0,55.578899449552026,0.6564285714285713,0.8254570209029778,0.7777777777160494,0.1710037174700002,0.0035008752188048,0.0108695652173913,0.0084926533104919,65.03067481869851,0.4447964758212419,0.0,0.0,0.0,0.5,-0.4493994969923003,-0.3157426529990851,-0.4370828742301241,-0.3331895831303008,-0.6376468514946446,-0.4509685866474418,-0.4890508331666409,-0.5591283835773856,-0.2337658861087616,0.3313559268244196,0.3196812843243493,0.476768972653606,0.1653702283300326,-0.5591283835773856,-0.6193223076246483,0.0561683394872773,1.0305651638708546,-0.7772743538606581,0.415696698387049,0.1501023948971733,0.3069965463831508,0.4800783872580349,-0.8529999338576113,-1.058501781635427,-1.260857132102483,1.3904235739545552,0.6324077305043195,0.639118389303306,0.050745586257388,0.7748170324830499,0.4367474848667508,-0.495281780665654,-0.2061652615990631,1.153526262023952,-0.6735971200882127,0.415696698387049,-1.260857132102483,1.3904235739545552,0.6281246657578343,0.0,0.0,0.0,0.0,其他,0,0,0.5,1.0,0,0.2229038854805726,0.004501125281320295,-0.0037509377344335793,0.6817248459958932,0.42505133470225875,0.04106776180698152,0.8193018480492813,0.6632443531827515,0.6406570841889117,0.5,0.5,0.5,0.5,0.2229038854805726,0.32719836400818,0.28629856850715746
2025-08-05,40.1,40.2,39.9,40.13,1166577.0,39.792,39.924,39.718,40.84533333333333,0.0084941696823483,0.0051598036268911,0.0103731305705221,-0.0175132206045568,39.718,40.42449915260511,39.0115008473949,0.7915785520772785,0.0355757667860076,0.0035008752188048,0.0007481296758105,0.0087983911513322,0.0075320110469496,0.0077832773124804,0.0073282769293373,0.0083527346151694,63.57827473194583,-0.087283953545949,-0.1637735969731095,0.0764896434271604,-117555587.0,55.96810599307419,0.6371428571428572,0.8655571967369201,0.8888888888183422,0.1883519206915945,-0.0002491901320709,0.0035008752188048,0.0083527346151694,63.57827473194583,0.0480037587297936,0.0,0.0,0.0,0.5,-0.3950679517212129,-0.3036552745316033,-0.3693031636618519,-0.3215810579327133,-0.6223804378446866,-0.4488667839434668,-0.4820797116378011,-0.5542402145539791,-0.2364374929215281,0.4075585496186696,0.3731360857651736,0.533392789607803,0.2101557898143625,-0.5542402145539791,-0.6129496985867132,0.0538531975706546,1.3057091649293455,-0.7667520209782224,0.2382614324225611,0.2419880093256131,0.382973910472895,0.441258266717298,-0.8460061224159772,-1.058215746794608,-1.2626319045975265,1.2885137047725732,0.6485802243189855,0.6475866776186905,0.0844665486545503,0.8271465399416096,0.4595477624012373,-0.5038112073453542,-0.1291925297174435,1.4866332055246927,-0.6118963975239881,0.2382614324225611,-1.2626319045975265,1.2885137047725732,-0.0425108902934836,0.0,0.0,0.0,0.0,其他,0,0,0.5,1.0,0,0.2658486707566462,0.0104659855469722,-0.02143035135808624,0.6119096509240246,0.39014373716632444,0.04106776180698152,0.7659137577002053,0.6447638603696099,0.5913757700205339,0.5,0.5,0.5,0.5,0.2658486707566462,0.41922290388548056,0.25357873210633947
2025-08-06,40.2,40.29,39.96,40.15,1109734.0,39.868,39.983,39.754000000000005,40.84216666666666,0.0070733420286945,0.0041767751294299,0.0099612617598228,-0.0169473542458161,39.754000000000005,40.471991350189896,39.036008649810114,0.775769338876913,0.0361217160631928,0.0004983802641413,0.0095549409102337,0.0149140546006065,0.0182602079634794,0.0062564786366447,0.0069801584863452,0.0079829448617444,62.8664494827319,-0.0582035612568674,-0.1426595898298611,0.0844560285729937,-116445853.0,61.03036830060309,0.64,0.832754361536467,0.904761904690095,0.190830235437536,0.0032378580323786,0.0004983802641413,0.0079829448617444,62.8664494827319,-0.0487263163940314,0.0,0.0,0.0,0.5,-0.3839190171307327,-0.2980144561017605,-0.3616027204088412,-0.3191748134991844,-0.6341424794388765,-0.4382628351035804,-0.4714272406344751,-0.545346259017639,-0.2366219548392653,0.3737442853838011,0.3516546678106482,0.5238857241862056,0.2163876030928341,-0.545346259017639,-0.6058059940834888,0.0592862912193834,1.2415883205749596,-0.7602541009494755,0.1656245824840479,0.3470810733556544,0.4442318715467725,0.531505919781186,-0.9258640629978712,-1.0744310368177097,-1.2820527767969023,1.2348303909853944,0.6621252386212034,0.6571501812208123,0.1026589106785675,0.8764235448852925,0.7727685335259783,-0.500635887594173,-0.1914921206174267,1.5219419591091083,-0.6006194601932688,0.1656245824840479,-1.2820527767969023,1.2348303909853944,-0.2059023778045889,0.0,0.0,0.0,0.0,其他,0,0,0.5,1.0,0,0.3660531697341513,0.011706102117061024,-0.033872976338729766,0.6741803278688525,0.4517453798767967,0.028747433264887063,0.7905544147843943,0.6201232032854209,0.6119096509240246,0.5,0.5,0.5,0.5,0.3660531697341513,0.3456032719836401,0.3210633946830266
2025-08-07,40.23,40.24,39.9,40.0,1055554.0,39.966,39.973,39.7805,40.839666666666666,0.0008507231146475,0.0006754559327546,0.0055177788112266,-0.020560076396314,39.7805,40.49346194627921,39.0675380537208,0.6539352844006089,0.0358447956298898,-0.0037359900373599,0.0124019235636547,-0.0024937655860349,0.0134279199391944,0.0053727866029926,0.0056586374140748,0.0080508561428347,56.12244895286685,-0.0467222998488523,-0.1234721318336593,0.076749831984807,-117501407.0,54.91925907046711,0.6221428571428572,0.7931674915349388,0.7857142856519258,0.172242874842971,-0.016,-0.0037359900373599,0.0080508561428347,56.12244895286685,-0.048822510619662,0.0,0.0,0.0,0.5,-0.3798241616556319,-0.2999031900492876,-0.3672781368940563,-0.3298175912353123,-0.6452195472020129,-0.425005802616131,-0.4714950662063875,-0.5383247569462452,-0.2365927614221378,0.2294447399866956,0.2778520085369446,0.4394481777288687,0.1707885929621375,-0.5383247569462452,-0.6013668424929477,0.066323843179826,0.8116338666260303,-0.7586169185584636,0.0633765951431226,0.3803509021169585,0.2648083088220067,0.4882730388540564,-0.9698577913632632,-1.1520242025270313,-1.2676261301836365,0.802368831439722,0.6660392813510212,0.6656061284934834,0.0845590078377378,0.8224395319429195,0.3891023963672368,-0.5084427468608093,-0.2667553758565325,1.14611889596325,-0.660514016406359,0.0633765951431226,-1.2676261301836365,0.802368831439722,-0.205535923647262,0.0,0.0,0.0,0.0,其他,0,0,0.5,1.0,0,0.3061224489795918,0.024499999999999966,-0.02300000000000002,0.4212678936605317,0.4610655737704918,0.030737704918032786,0.5614754098360656,0.4979508196721312,0.5266393442622951,0.5,0.5,0.5,0.5,0.30612244897959184,0.47551020408163264,0.4
2025-08-08,40.02,40.09,39.6,39.8,1080147.0,40.014,39.928,39.8015,40.838,-0.0053481281551456,-0.003205770386696,-3.768702184592243e-05,-0.0254175033057447,39.8015,40.48908233956693,39.11391766043307,0.4989092215116841,0.0345505742027412,-0.0050000000000001,0.0060667340748228,-0.0111801242236025,0.0106653123412898,0.0063656746965964,0.0056513176582257,0.008126425715291,47.53521124417277,-0.0531489754187646,-0.1094075005506804,0.0562585251319158,-118581554.0,47.96322868621774,0.6257142857142861,0.8140019424115482,0.6269841269343631,0.1474597273835504,-0.0040201005025124,-0.0050000000000001,0.008126425715291,47.53521124417277,0.0232986659138234,0.0,0.0,0.0,0.5,-0.3998981304085935,-0.3071788381823641,-0.3997255377568479,-0.3442990100829623,-0.6369564617627664,-0.4178902221481679,-0.4770043926274021,-0.532400382559324,-0.2362933955177812,0.0857411755699737,0.1961801183589919,0.3344288782072363,0.1097100842059637,-0.532400382559324,-0.5996081518357236,0.0767625592227916,0.2679470242062238,-0.7629502844058845,0.0327448885470201,0.3028728423441956,0.1749626053550474,0.4629234841967063,-0.9108270367766986,-1.1455982865784824,-1.252898812095539,0.2549296367666618,0.6601822091728492,0.6711611417183243,0.036779738055014,0.7676459712544016,-0.047123617451499,-0.5048786750116915,-0.2259925565874349,0.652636823686274,-0.7409708013087664,0.0327448885470201,-1.252898812095539,0.2549296367666618,-0.0825237483612661,0.0,0.0,0.0,0.0,其他,0,0,0.5,1.0,0,0.4326530612244898,0.025125628140703515,0.0542713567839197,0.3067484662576687,0.4405737704918033,0.02459016393442623,0.4139344262295082,0.5471311475409836,0.4077868852459016,0.5,0.5,0.5,0.5,0.4326530612244898,0.5142857142857142,0.7387755102040816
2025-08-11,39.75,40.22,39.7,40.13,1152765.0,40.042,39.914,39.816500000000005,40.832,0.0021976924229558,0.0054116350152828,0.007873620232818,-0.0171923981191222,39.816500000000005,40.51961412564699,39.11338587435302,0.7229367811656685,0.0353177263519002,0.0082914572864323,0.0035008752188048,-0.003476533399553,0.0075320110469496,0.0054240940473273,0.006387103649786,0.0079337365628966,55.81395346241212,-0.0312536508582539,-0.0937767306121951,0.0625230797539412,-117428789.0,54.30312763520862,0.6164285714285717,0.8758205891477838,0.8888888888183422,0.1883519206915945,0.000996760528283,0.0082914572864323,0.0079337365628966,55.81395346241212,0.0672297381745261,0.0,0.0,0.0,0.5,-0.4259981282389758,-0.2993480948807283,-0.3874201044204208,-0.3179375940321205,-0.6169477796535838,-0.4132442871547428,-0.4776916644174859,-0.5276677732950829,-0.237458568991376,0.2601546344030157,0.3757094696829191,0.4813137851895941,0.2120834968268033,-0.5276677732950829,-0.5942902639539268,0.0764337523749424,1.0485223078517452,-0.7552293795474291,0.353820102096014,0.2710308132872863,0.2537390912048046,0.4344518635628324,-0.9582055062460976,-1.0923731091607063,-1.2589541104338409,0.780035157850572,0.6698366304976122,0.6775876542887492,0.0512699140723974,0.8196138138688744,0.3505989919059532,-0.5081667913564157,-0.1063503974009053,1.4516773359079045,-0.5986341974464469,0.353820102096014,-1.2589541104338409,0.780035157850572,-0.0075150403562327,0.0,0.0,0.0,0.0,其他,0,0,0.5,1.0,0,0.5458248472505092,0.017692499377024662,0.036880139546473956,0.22040816326530613,0.34151329243353784,0.03067484662576687,0.6441717791411042,0.4621676891615542,0.4376278118609407,0.5,0.5,0.5,0.5,0.5458248472505092,0.45824847250509165,0.6659877800407332
2025-08-12,40.13,40.28,40.0,40.12,1134065.0,40.04,39.916,39.872,40.830000000000005,0.0019980019980019,0.0051107325383306,0.0062199036918137,-0.0173891746265003,39.872,40.47520547254261,39.26879452745739,0.7055684266955331,0.030257096335328,-0.0002491901320709,-0.0002491901320709,0.0004987531172069,0.0284542425019225,0.0051963624862456,0.0062400108783474,0.006219620937094,59.99999996999985,-0.0145407480536974,-0.0779295341004955,0.0633887860467981,-118562854.0,61.84781347073905,0.5985714285714288,0.881318292667242,0.8484848483991375,0.1871127633186229,0.0107178464606181,-0.0002491901320709,0.006219620937094,59.99999996999985,-0.0162218665556292,0.0,0.0,0.0,0.5,-0.3863796959010668,-0.2953145879219587,-0.3527326926440445,-0.3178627845690771,-0.6194841417911038,-0.4122956374773762,-0.4758951819430874,-0.5151136155997604,-0.2372834235961715,0.2548384263558333,0.368326402000161,0.4487685054444409,0.208867325714441,-0.5151136155997604,-0.596709946829381,0.1120005428432814,0.9823586974439976,-0.78167742135117,0.1460698734304546,0.2248620893065388,0.2940317893393725,0.6133604402551714,-0.9661067455816628,-1.0955648807297225,-1.380840496715903,1.041806115733828,0.6766285711286474,0.6841221059330275,0.053165340090717,0.7622027038859704,0.8226222728391932,-0.516020555171791,-0.0954502758697813,1.317139413942682,-0.6000856050588967,0.1460698734304546,-1.380840496715903,1.041806115733828,-0.1499454398790281,0.0,0.0,0.0,0.0,其他,0,0,0.5,1.0,0,0.6089613034623218,0.02467597208374883,0.03539381854436696,0.26326530612244897,0.41922290388548056,0.0081799591002045,0.6768916155419223,0.5460122699386503,0.40899795501022496,0.5,0.5,0.5,0.5,0.6089613034623218,0.48065173116089616,0.6741344195519349
2025-08-13,40.09,40.49,39.91,40.28,1774363.0,40.066,39.967,39.922,40.82566666666666,0.0053411870413817,0.007831460955288,0.0089674865988678,-0.0133657747985335,39.922,40.48288651633873,39.36111348366126,0.8191376414742382,0.0280991190991096,0.0039880358923232,0.0032378580323786,0.0128237364847874,0.0254582484725049,0.0055113952827683,0.0055980955098082,0.0061168575138879,53.71900823338566,0.0114826444141016,-0.0600470983975761,0.0715297428116777,-116788491.0,61.10587894907744,0.5614285714285724,1.3395976532997038,0.9999999998913044,0.2069392812861595,0.0084409136047665,0.0039880358923232,0.0061168575138879,53.71900823338566,0.5646043216217764,0.0,0.0,0.0,0.5,-0.3893612774764357,-0.2831603611636748,-0.3618827666162087,-0.3046368220562465,-0.4596064466370838,-0.4079139610890563,-0.4664635680592181,-0.5036749707330036,-0.2379058521942809,0.3318739203943218,0.4243404635892196,0.4988943258911242,0.2587168380127475,-0.5036749707330036,-0.5937727205288651,0.1330057442467338,1.37038133842379,-0.7909741644277448,0.2485669344784657,0.2666408871128164,0.42052388110104,0.5852648756119514,-0.9442493763748564,-1.1299578654864717,-1.377959121690943,0.6382861316370525,0.6885038805315861,0.6917897773242129,0.0720767244655655,0.8440087218275686,0.7726161058518117,-0.5341490240220096,0.7906616455579761,1.7644606894137351,-0.5298317221845482,0.2485669344784657,-1.377959121690943,0.6382861316370525,0.8428472625487993,0.0,0.0,0.0,0.0,其他,0,0,0.5,1.0,0,0.4582484725050916,0.003723932472691205,0.03227408142999,0.363265306122449,0.4233128834355828,0.006134969325153374,0.6094069529652352,0.7995910020449898,0.48057259713701433,0.5,0.5,0.5,0.5,0.45824847250509165,0.5010183299389002,0.6537678207739308
2025-08-14,40.24,40.35,39.35,39.36,1803259.0,39.938,39.952000000000005,39.922,40.8155,-0.0144724322700185,-0.0148177813376052,-0.0140774510295075,-0.0356604721245605,39.922,40.48288651633873,39.36111348366126,-0.000992610473535,0.0280991190991096,-0.0228401191658391,-0.016,-0.0037965072133636,0.0,0.012056074986273,0.0092881829814796,0.0081465004680595,36.05015672399063,-0.0416498199414618,-0.0563676427063533,0.0147178227648914,-118591750.0,51.83455582034098,0.5928571428571436,1.3162025790799687,0.0,0.092936802972826,0.0411585365853657,-0.0228401191658391,0.0081465004680595,36.05015672399063,0.0162852809712557,0.0,0.0,0.0,0.5,-0.3730629174709956,-0.2900321073927439,-0.4239002828142801,-0.3751912139790403,-0.4511317076904778,-0.4225226889336996,-0.4673870420992874,-0.502009233932357,-0.240515046076298,-0.130756211166987,-0.0533572416363623,0.0635053685847634,-0.0234952654801917,-0.502009233932357,-0.5916536526849242,0.1326490461032379,-1.488707757224353,-0.7875805925418006,-0.4048116968447789,0.0316294361230283,0.247228945513117,0.3629425757969248,-0.5806328043582742,-0.8904730350264164,-1.2133984372790705,-0.4904796973235324,0.6569292082029482,0.6914147703129989,-0.0612918406124763,0.7543855051654996,0.1865599746830551,-0.5156012703988313,0.7421462182598516,-1.2908374972142065,-0.9158329007589512,-0.4048116968447789,-1.2133984372790705,-0.4904796973235324,-0.0981232875865055,0.0,0.0,0.0,0.0,其他,0,0,0.5,1.0,0,0.670061099796334,0.032774390243902385,0.04395325203252032,0.3040816326530612,0.3721881390593047,0.03680981595092025,0.21267893660531698,0.7811860940695297,0.3946830265848671,0.5,0.5,0.5,0.5,0.670061099796334,0.615071283095723,0.5865580448065173
2025-08-15,39.36,39.78,39.35,39.64,1021676.0,39.906,39.96,39.922,40.74333333333333,-0.0066656643111311,-0.008008008008008,-0.0070637743600019,-0.0270800949030516,39.922,40.48288651633873,39.36111348366126,0.2486122488149182,0.0280991190991096,0.0071138211382113,-0.0040201005025124,0.0020222446916076,0.0,0.0127892553423711,0.0095801185771767,0.0081465004680595,40.86956520080658,-0.0604669970061593,-0.0571875135663145,-0.0032794834398448,-117570074.0,43.4328023716448,0.5135714285714295,0.7549596051653988,0.3043478260538759,0.1276332094160145,0.0292633703329969,0.0071138211382113,0.0081465004680595,40.86956520080658,-0.4334280322460612,0.0,0.0,0.0,0.5,-0.4615298368570972,-0.3203106930664238,-0.4227072852170018,-0.3524114473200067,-0.6432071536252657,-0.4252623669768445,-0.4647133302632814,-0.5003599335317959,-0.2642289720013183,0.0519693453549471,0.0904442637103106,0.1957815206676796,0.0852306978112279,-0.5003599335317959,-0.5895571420262099,0.1322952027011152,-0.6152729677280531,-0.7842303998033172,0.3265830433674941,0.1778423139642249,0.3069683718399374,0.3618595030194403,-0.5383408073402578,-0.8679911528350548,-1.2054898834318364,-0.1810862362052053,0.6443475409864878,0.6885116408835398,-0.1034404404109551,0.8004382691237545,-0.3444228619387843,-0.5563801406807884,-0.3486183922120079,-0.3587786222173385,-0.7922294232197853,0.3265830433674941,-1.2054898834318364,-0.1810862362052053,-0.8682534760782088,0.0,0.0,0.0,0.0,其他,0,0,0.5,1.0,0,0.6741344195519349,0.014883955600403453,0.03229061553985879,0.4306122448979592,0.3312883435582822,0.03067484662576687,0.21063394683026584,0.30265848670756645,0.34355828220858897,0.5,0.5,0.5,0.5,0.6741344195519349,0.5763747454175153,0.5763747454175153
2025-08-18,39.74,40.4,39.72,40.17,2124813.0,39.914,39.978,39.9335,40.7095,0.0064137896477427,0.004802641452799,0.0059223459000588,-0.0132524349353344,39.9335,40.50526642268092,39.361733577319086,0.7068152225697422,0.0286359283648808,0.0133703329969727,0.000996760528283,0.0045011252813202,0.0057586379569354,0.0138440181425413,0.0099150963912467,0.008523597939629,50.91863515189342,-0.0322415184144517,-0.0521983145359419,0.0199567961214901,-115445261.0,53.79457931765181,0.5157142857142861,1.5383032672346486,0.880434782512997,0.1933085501834784,0.0166791137664925,0.0133703329969727,0.008523597939629,50.91863515189342,1.0797327136978847,0.0,0.0,0.0,0.5,-0.4214927410486115,-0.285648316828053,-0.3797355938285664,-0.3101903015344672,-0.3676485985804724,-0.4230572733387967,-0.4604844596807534,-0.4964797318356738,-0.274845930900312,0.3580909635176407,0.3610563266707132,0.4409338647007835,0.2605751147856917,-0.4964797318356738,-0.5851662244584632,0.1320884156838875,0.981541636570904,-0.7777688342275152,0.4784542092809664,0.238792210503747,0.3319157427040873,0.4108695117780853,-0.4784139700421178,-0.8429701212736131,-1.1691304326471204,0.4632174870415419,0.6577087398971747,0.6889260290994367,-0.0484537731286065,0.8989762555028366,0.3122618204036355,-0.5533867933891056,1.171435022599728,1.3966007513650645,-0.5637078002626471,0.4784542092809664,-1.1691304326471204,0.4632174870415419,1.720367917750253,0.0,0.0,0.0,0.0,其他,0,0,0.5,1.0,0,0.4175152749490835,-0.00821508588498876,0.026387851630570003,0.5448979591836735,0.45807770961145194,0.04703476482617587,0.4387755102040816,0.7648261758691206,0.4948875255623722,0.5,0.5,0.5,0.5,0.4175152749490835,0.40122199592668023,0.5885947046843177
2025-08-19,40.1,40.8,39.92,40.55,2451265.0,40.0,40.02,39.972,40.6465,0.0137499999999999,0.0132433783108445,0.0144601220854598,-0.0023741281537155,39.972,40.60107116156746,39.34292883843253,0.9594074845712608,0.031475590991989,0.0094597958675628,0.0107178464606181,0.0104659855469722,0.019356460532931,0.0144207278402717,0.0102879563223399,0.0086938881822152,60.1036269212058,0.0205532730502184,-0.0376479970187098,0.0582012700689283,-112993996.0,63.22155813741387,0.5371428571428574,1.6982431145972636,0.9999999999159664,0.2403965303563764,0.013810110974106,0.0094597958675628,0.0086938881822152,60.1036269212058,0.1536379907314196,0.0,0.0,0.0,0.5,-0.3835676402730053,-0.2630455082446385,-0.3560695421526536,-0.2797200572588876,-0.2854964292983503,-0.4111947454393396,-0.4524967020753701,-0.4873343698102189,-0.2954477120438772,0.5290720784811467,0.5386940066290693,0.6012245537121191,0.3981582899846555,-0.4873343698102189,-0.5731908205049973,0.1273541795859764,1.8431507929684183,-0.7578217296393917,0.381430177429202,0.3573841825667046,0.3931725160146494,0.5280733900689994,-0.4450767909071418,-0.8157402199279754,-1.1489981886978666,1.0490027777588915,0.6845590780939783,0.6947743970771724,0.041975207266678,1.0123057835134457,0.907668821170613,-0.5400557845926508,1.4706908583429843,1.743571701306686,-0.3997352607404242,0.381430177429202,-1.1489981886978666,1.0490027777588915,0.1332177230692035,0.0,0.0,0.0,0.0,其他,0,0,0.5,1.0,0,0.3421588594704684,-0.03156596794081368,0.008631319358816336,0.6081632653061224,0.5644171779141104,0.065439672801636,0.6306122448979592,0.885480572597137,0.5194274028629857,0.5,0.5,0.5,0.5,0.3421588594704684,0.29124236252545826,0.49287169042769857
2025-08-20,40.6,41.09,40.25,40.62,2268913.0,40.068,40.06699999999999,40.025,40.55683333333333,0.0137765798143156,0.0138018818479048,0.0148657089319175,0.0015574851751245,40.025,40.68573324500336,39.36426675499664,0.9502573500005668,0.0330160272330646,0.0017262638717632,0.0084409136047665,0.011706102117061,0.0267947421638017,0.0143867726527201,0.0102874427726137,0.0085575757792336,65.12261577897223,0.0672665334370208,-0.0166650909275637,0.0839316243645845,-110725083.0,71.62817999221537,0.5521428571428579,1.5349626864270642,0.9999999999206348,0.2490706319671735,-0.0046774987690791,0.0017262638717632,0.0085575757792336,65.12261577897223,-0.0743909777196671,0.0,0.0,0.0,0.5,-0.3313710075513226,-0.2464897371859148,-0.3176867123190116,-0.2735334785996177,-0.3302129537389031,-0.4015949596278818,-0.4437454725622302,-0.4753771749577888,-0.3251918657296143,0.5280721330689307,0.5488202114548394,0.6067965095691628,0.4468185108255477,-0.4753771749577888,-0.5624270077996949,0.1320094891417839,1.791446231432527,-0.7456645888981999,0.1907551691187086,0.3284388758786867,0.4050026626593128,0.591195708289719,-0.4456752658006681,-0.8124175700869646,-1.1524063023131588,1.3621787794887523,0.7079486117769355,0.7042620489249871,0.1027821065392027,1.115767403335656,1.4315022745816777,-0.5302349547540232,1.146678332095291,1.7254655526797122,-0.3683595151219545,0.1907551691187086,-1.1524063023131588,1.3621787794887523,-0.2577713765993927,0.0,0.0,0.0,0.0,其他,0,0,0.5,1.0,0,0.6089613034623218,-0.045051698670605544,0.0002461841457410685,0.45714285714285713,0.48466257668711654,0.05725971370143149,0.45510204081632655,0.8077709611451943,0.4049079754601227,0.5,0.5,0.5,0.5,0.6089613034623218,0.42769857433808556,0.49490835030549896
2025-08-21,40.8,41.23,40.41,40.98,3055698.0,40.392,40.165,40.069,40.46183333333333,0.0145573380867496,0.0202912983941241,0.0227357807781576,0.0128063071783697,40.069,40.85591670126949,39.28208329873051,1.078841444350109,0.0392780803747299,0.0088626292466764,0.0411585365853657,0.0244999999999999,0.0219451371571071,0.0042368591938491,0.010385081204625,0.0082573265906282,67.83919595603635,0.1318166181847644,0.0130312508949019,0.1187853672898625,-107669385.0,78.01095394720863,0.5900000000000009,2.004061051332939,0.9999999999382716,0.3714733542261519,-0.0080527086383601,0.0088626292466764,0.0082573265906282,67.83919595603635,0.3467673727463327,0.0,0.0,0.0,0.5,-0.309998296925476,-0.2381871285759759,-0.2986743191881735,-0.2446113635422044,-0.1328162837409011,-0.3601443032818958,-0.4269596048754056,-0.4652276905780761,-0.3567408723878909,0.5448138329685294,0.6847264899008387,0.7539577943500382,0.5888581447535435,-0.4652276905780761,-0.5428080082710006,0.11239828374743,2.201481548664818,-0.705740871744267,0.3657005582183059,0.729904124345751,0.5376673265107211,0.5467663397849792,-1.0068932261854997,-0.802897396749685,-1.1682060370142802,1.52381857524149,0.7410819218201259,0.7186713507609377,0.1852264117576933,1.255373430667986,1.816665041060314,-0.5081269693229249,2.0294325830084845,1.7079127065876796,0.056116579559134,0.3657005582183059,-1.1682060370142802,1.52381857524149,0.4658433926365392,0.0,0.0,0.0,0.0,其他,0,0,0.5,1.0,0,0.5621181262729125,-0.046364080039043354,-0.030746705710102407,0.6693877551020408,0.5378323108384458,0.053169734151329244,0.6204081632653061,0.9038854805725971,0.5173824130879345,0.5,0.5,0.5,0.5,0.5621181262729125,0.4256619144602851,0.4256619144602851
2025-08-22,41.05,41.23,40.63,40.8,2207600.0,40.624,40.265,40.0965,40.392,0.004332414336353,0.0132869737985843,0.017545172271894,0.0101010101010099,40.0965,40.94600202131044,39.24699797868956,0.9140661130054594,0.0423728765008578,-0.0043923865300146,0.0292633703329969,0.0251256281407035,0.0136645962732917,0.0070810252207949,0.0103381759395349,0.0083214137553047,60.85790882434278,0.1665288892429473,0.043730778564511,0.1227981106784363,-109876985.0,79.08331586906381,0.5835714285714287,1.4146578767257925,0.8888888888340192,0.4362549800709902,-0.0139705882352941,-0.0043923865300146,0.0083214137553047,60.85790882434278,-0.2775464067456927,0.0,0.0,0.0,0.5,-0.2835089107355593,-0.2376009424331731,-0.2728433662563952,-0.2581566564524952,-0.3448463112935256,-0.330227872294514,-0.4098941733049501,-0.4583620092787706,-0.3795597877095822,0.3021868423039868,0.5334959935099742,0.6523764898235996,0.5516745896343606,-0.4583620092787706,-0.5316144773415636,0.1038610188953953,1.6227873642177386,-0.6847494444283277,0.0381793397095151,0.5809324369053773,0.5425252572225593,0.4724288512136499,-0.8447804171338866,-0.8026522234567646,-1.156262221134179,1.0711650190951785,0.7575774722102673,0.7335954131969421,0.1943210273701051,1.142908667169838,1.86318453348592,-0.5100142498554241,0.891120584944672,1.363294588784587,0.2806266417496347,0.0381793397095151,-1.156262221134179,1.0711650190951785,-0.6088429175680677,0.0,0.0,0.0,0.0,其他,0,0,0.5,1.0,0,0.5478615071283096,0.02843137254901973,-0.02892156862745099,0.673469387755102,0.4233128834355828,0.053169734151329244,0.41020408163265304,0.7955010224948875,0.4498977505112474,0.5,0.5,0.5,0.5,0.5478615071283096,0.8167006109979633,0.4623217922606925
2025-08-25,40.8,41.22,40.73,40.84,2168858.0,40.758,40.336,40.125,40.356,0.0020118749693314,0.012495041650139,0.0178193146417446,0.0119932599861236,40.125,41.03509542588155,39.21490457411845,0.892815950710964,0.0453630118818333,0.0009803921568629,0.0166791137664925,0.0176924993770246,0.0141544574124659,0.0058290700085219,0.0101423614704727,0.0083214586734578,59.77961430201334,0.1950182308445747,0.0739882690205237,0.1210299618240509,-107708127.0,79.97530576645532,0.5971428571428571,1.3769761123127373,0.9135802468571904,0.4442231075608726,-0.0244857982370225,0.0009803921568629,0.0083214586734578,59.77961430201334,-0.0175493748867548,0.0,0.0,0.0,0.5,-0.3085527885004135,-0.2375708810504984,-0.2607409934097771,-0.2543671733105868,-0.3536678136074176,-0.312603258414455,-0.3974664817619799,-0.4513234460301101,-0.3906364455554528,0.2465617918971318,0.5149728063427359,0.6552255751892097,0.5736585984896891,-0.4513234460301101,-0.5205684426263797,0.0960314121562426,1.5370637945640695,-0.6644925678449111,0.1708035223801329,0.4238622517056851,0.4628083508362902,0.4752509719556663,-0.9106640667153671,-0.8119088590101233,-1.149351892183241,0.9972085689107504,0.7705593058766848,0.7482068461223272,0.1896400829158498,1.239830790034087,1.897073217785728,-0.5010810348188818,0.8150924178198881,1.4262704415036112,0.3073666201342852,0.1708035223801329,-1.149351892183241,0.9972085689107504,-0.1594212149344927,0.0,0.0,0.0,0.0,其他,0,0,0.5,1.0,0,0.45010183299389,0.018854064642507273,-0.023996082272282226,0.4163265306122449,0.3496932515337423,0.05725971370143149,0.4061224489795918,0.5398773006134969,0.3660531697341513,0.5,0.5,0.5,0.5,0.45010183299389,0.7637474541751528,0.5885947046843177
2025-08-26,40.85,41.6,40.53,41.11,2138991.0,40.87,40.435,40.1755,40.314,0.0058722779544899,0.016693458637319,0.0232604447984468,0.0197450017363693,40.1755,41.18627302361269,39.16472697638731,0.962269954813245,0.0503178814755349,0.0066111655239959,0.013810110974106,0.0246759720837488,0.0251870324189524,0.0051832851227813,0.010219927660901,0.0083343274898368,62.37113399811346,0.2366549703909086,0.1065216092946007,0.1301333610963079,-105569136.0,80.81885524126055,0.6500000000000001,1.3300830832836052,0.9999999999428572,0.5165289256091623,-0.044757966431525,0.0066111655239959,0.0083343274898368,62.37113399811346,-0.0137708416134205,0.0,0.0,0.0,0.5,-0.3026113249531985,-0.2159753515475791,-0.2829936842747465,-0.2324242237758979,-0.3602550111378652,-0.2977571693745451,-0.3806108948533889,-0.4399554791894851,-0.403787230573935,0.337386791915889,0.6029446178911669,0.7564750936338678,0.670865126160311,-0.4399554791894851,-0.5030621413198535,0.0839315229662046,1.7541668744407444,-0.6326911028995185,0.3097556225304036,0.3871988769687238,0.5348827401823939,0.5707625719986266,-0.9424766720847672,-0.8037030431822679,-1.1415955622208809,1.1563132381604335,0.7907576400706587,0.764053586802375,0.2109291248475262,1.333896414252646,1.92678412530304,-0.4708696088269422,0.7219328456896466,1.6688433233521407,0.5582007306494376,0.3097556225304036,-1.1415955622208809,1.1563132381604335,-0.1525177269104506,0.0,0.0,0.0,0.0,其他,0,0,0.5,1.0,0,0.3523421588594704,0.010459742155193297,-0.04864996351252737,0.3408163265306122,0.39263803680981596,0.05112474437627812,0.44081632653061226,0.6795918367346939,0.41020408163265304,0.5,0.5,0.5,0.5,0.35234215885947046,0.7657841140529531,0.5560081466395111
2025-08-27,41.11,41.78,40.42,40.43,2779041.0,40.83200000000001,40.45,40.2085,40.26366666666666,-0.0098452194357369,-0.0004944375772559,0.0055087854558115,0.004131102482801,40.2085,41.20654598565079,39.21045401434921,0.610966830749021,0.0496435323699371,-0.0165409875942592,-0.0046774987690791,0.0037239324726912,0.0165954236861956,0.0101501180038062,0.0118214973195858,0.009012929155593,54.87528342929127,0.2123344133122913,0.1276841700981388,0.0846502432141524,-108348177.0,75.57827206409806,0.7228571428571426,1.648430884815886,0.6114285713936328,0.4117647058730369,-0.0405639376700469,-0.0165409875942592,0.009012929155593,54.87528342929127,0.2992298705324145,0.0,0.0,0.0,0.5,-0.274953161844686,-0.2054782817814156,-0.2949103164943368,-0.2856675336272222,-0.1980927453147132,-0.3017724100876569,-0.3771754338204621,-0.4320890943292236,-0.4198241409700581,-0.0367135206433918,0.2334839624473455,0.4146563395913461,0.4666413533094962,-0.4320890943292236,-0.4993473375616213,0.0945498698055611,0.567046680363586,-0.6344641365289678,-0.2653823410975195,0.1569013556256957,0.312409169671222,0.4931858435927863,-0.662826907150797,-0.6982901199893194,-1.0836972036691923,0.6746712605992445,0.7743354891944698,0.7733433075709497,0.101537812437717,1.1939217220723957,1.5886771670250956,-0.4298564417141139,1.3267623809436202,0.5085984498345794,0.1899444749743323,-0.2653823410975195,-1.0836972036691923,0.6746712605992445,0.3895075667528405,0.0,0.0,0.0,0.0,其他,0,0,0.5,1.0,0,0.3279022403258655,0.028444224585703726,-0.024239426168686573,0.6081632653061224,0.5183673469387755,0.04285714285714286,0.5102040816326531,0.8142857142857143,0.5408163265306123,0.5,0.5,0.5,0.5,0.32790224032586557,0.7046843177189409,0.48879837067209775
2025-08-28,40.35,40.96,39.41,40.65,2509292.0,40.766,40.57899999999999,40.2655,40.228,-0.0028455085119952,0.0017496734764288,0.00954911773106,0.0104902058267875,40.2655,41.2250497847812,39.30595021521881,0.700354377661414,0.0476611384325942,0.0054415038337867,-0.0080527086383601,0.0327743902439023,0.0288534548215642,0.0094166472868074,0.008570452763971,0.0088925325821862,59.593679439406046,0.2084099371067509,0.1438293234998613,0.0645806136068896,-105838885.0,71.78020282348791,0.7985714285714286,1.438558430636846,0.7371428571007342,0.4615384615280191,-0.0386223862238622,0.0054415038337867,0.0088925325821862,59.593679439406046,-0.0970654984939048,0.0,0.0,0.0,0.5,-0.3530670764820671,-0.2505427885661302,-0.4102537568893151,-0.2675169731254024,-0.2657359878529857,-0.3093145927204899,-0.3555401469256939,-0.4194765132569413,-0.430721737720555,0.1300139056019997,0.2810299129005685,0.4908065328100633,0.5470472467843971,-0.4194765132569413,-0.495838666127859,0.1169873136801796,0.8653172081214786,-0.6440243902018572,0.2818083780047311,0.1145564938417047,0.6183399907991358,0.599788800438995,-0.7013795362763438,-0.9034478239077988,-1.0868555720239137,0.972090287182585,0.7693250756687976,0.7797326772574432,0.0531397858377451,1.3059184435429685,1.3453002134684473,-0.3873629696320163,0.9183689474188804,0.8802058654872972,0.3638507978612452,0.2818083780047311,-1.0868555720239137,0.972090287182585,-0.2986858897019405,0.0,0.0,0.0,0.0,其他,0,0,0.5,1.0,0,0.3217922606924643,0.010824108241082486,-0.04182041820418192,0.5612244897959183,0.46938775510204084,0.07142857142857142,0.6469387755102041,0.7387755102040816,0.5653061224489796,0.5,0.5,0.5,0.5,0.32179226069246436,0.5560081466395111,0.41140529531568226
2025-08-29,40.63,40.8,40.23,40.23,1335727.0,40.652,40.638,40.29899999999999,40.188833333333335,-0.0103807930729116,-0.0100398641665436,-0.0017122012953173,0.0010243309708748,40.29899999999999,41.199827689580935,39.39817231041905,0.4617018876949353,0.0447071981725952,-0.0103321033210332,-0.0139705882352941,0.0148839556004034,0.0169362992922141,0.0102020339786708,0.0094318889205428,0.009275833448962,51.10619467443607,0.1694558909886083,0.1489546369976107,0.0205012539909976,-107174612.0,71.9704322327294,0.8021428571428574,0.7535521789217262,0.4971428571144475,0.3665158370957794,0.0430027342779022,-0.0103321033210332,0.009275833448962,51.10619467443607,-0.4676876983627254,0.0,0.0,0.0,0.5,-0.3230790872935832,-0.2588439546425138,-0.3147439803055906,-0.3002377382736427,-0.5618085631594933,-0.3229110158752495,-0.3451434836149937,-0.4115747758042298,-0.4428322574610148,-0.0501023986952835,0.0268079464569911,0.2731371782614984,0.4221927666377569,-0.4115747758042298,-0.4969554543702201,0.1386448899009636,0.0581126492484935,-0.6593454699237172,-0.1119136979691475,0.0405218526517874,0.4271737586504519,0.4924308488236005,-0.6552106584561331,-0.8445309628618085,-1.0519733453785087,0.4274417084588681,0.7449175473896091,0.7798049246287965,-0.0530129321646864,1.2348599304237529,1.3476779655932585,-0.3843345296683054,-0.3999678292237634,0.1624156062346886,0.0283625140628289,-0.1119136979691475,-1.0519733453785087,0.4274417084588681,-0.940271151807659,0.0,0.0,0.0,0.0,其他,0,0,0.5,1.0,0,0.8981670061099797,0.017151379567487135,-0.04598558289833443,0.5469387755102041,0.4204081632653061,0.07551020408163266,0.5102040816326531,0.2510204081632653,0.5,0.5,0.5,0.5,0.5,0.8981670061099797,0.5804480651731161,0.3564154786150713
2025-09-01,39.9,40.1,39.41,39.84,1760418.0,40.452,40.605,40.2915,40.135666666666665,-0.0151290418273507,-0.0188400443295159,-0.0112058374595136,-0.0073666813391246,40.2915,41.20556034581389,39.377439654186105,0.2530250589619028,0.045372366172102,-0.0096942580164055,-0.0244857982370225,-0.0082150858849887,-0.0037509377344335,0.0103375388603263,0.0090229006616988,0.0092500606556144,47.14285712938781,0.1058941080950077,0.1403425312170901,-0.0344484231220823,-108935030.0,66.66520653541349,0.840714285714286,0.9753344408876584,0.2742857142700431,0.3324324324234486,0.0444277108433734,-0.0096942580164055,0.0092500606556144,47.14285712938781,0.3179474548317134,0.0,0.0,0.0,0.5,-0.3982455297891575,-0.2972679139593542,-0.408575941650862,-0.3305467631904301,-0.4526432279618877,-0.3473710971394687,-0.3495255874164184,-0.4118780086401689,-0.4598362770828685,-0.1635507926956824,-0.1629649176468374,0.089602550865291,0.3115503603088101,-0.4118780086401689,-0.4948130606265893,0.1333471703209369,-0.647059441147698,-0.6530305288683214,-0.0957253691428863,-0.0909545637122097,0.180985229975869,0.3075450526960232,-0.6454805523049197,-0.8672308375255696,-1.0483938541872675,0.1727481245065169,0.7069692247711892,0.7720345558757803,-0.1853634991730033,1.1447222359151792,1.017039782110091,-0.3621627259860721,0.0280762047764311,-0.50377894298946,-0.0920330820800681,-0.0957253691428863,-1.0483938541872675,0.1727481245065169,0.42760976213106,0.0,0.0,0.0,0.0,其他,0,0,0.5,1.0,0,0.910386965376782,0.034889558232931606,-0.04568273092369479,0.4489795918367347,0.2857142857142857,0.06938775510204082,0.39591836734693875,0.5163265306122449,0.3489795918367347,0.5,0.5,0.5,0.5,0.9103869653767821,0.7494908350305499,0.3625254582484725
2025-09-02,40.08,40.08,38.95,39.27,1838282.0,40.084,40.477,40.24849999999999,40.094166666666666,-0.0203073545554334,-0.0298194036119278,-0.0243114650235409,-0.02055577494648,40.24849999999999,41.26923812302148,39.227761876978505,0.0206899899527608,0.0507217969871648,-0.0143072289156626,-0.044757966431525,-0.0315659679408136,-0.0214303513580862,0.0085995521463664,0.0091529551334846,0.0097253245158383,40.48964217388221,0.0094181362612459,0.1141576522259213,-0.1047395159646753,-110773312.0,60.61333947747095,0.8799999999999996,0.9998688893239605,0.0,0.1783783783735582,0.0578049401578812,-0.0143072289156626,0.0097253245158383,40.48964217388221,0.0442304043698713,0.0,0.0,0.0,0.5,-0.3784371355960754,-0.2976560780338971,-0.4606583927573371,-0.3751867214775336,-0.4316604251839066,-0.393085524806428,-0.3691822830437763,-0.4192894033846555,-0.472709621032366,-0.2872636974416818,-0.3996830522150873,-0.1636650044125722,0.1383868472225203,-0.4192894033846555,-0.4865585372490636,0.0972046182791789,-1.4250439447928014,-0.6187715796328587,-0.2109706975681887,-0.3445352805681602,-0.0678533893371459,0.1495210233855786,-0.7403899121564159,-0.8553219106871397,-1.0070397711357508,-0.2544403768850973,0.6508767508832731,0.7542582337924902,-0.3546940861109997,1.051941044413229,0.6434542262536243,-0.3396321517095668,0.0753672498401475,-1.318148672450389,-0.6364390343776972,-0.2109706975681887,-1.0070397711357508,-0.2544403768850973,-0.0501478759605305,0.0,0.0,0.0,0.0,其他,0,0,0.5,1.0,0,0.9083503054989815,0.04150751209574732,-0.03488668194550559,0.3510204081632653,0.2510204081632653,0.07959183673469387,0.2816326530612245,0.5510204081632653,0.2979591836734694,0.5,0.5,0.5,0.5,0.9083503054989817,0.7067209775967414,0.37067209775967414
2025-09-03,39.27,39.55,38.78,38.79,1022701.0,39.75600000000001,40.294,40.1805,40.04566666666667,-0.0242982191367342,-0.0373256564252741,-0.034606338895733,-0.0313558687165487,40.1805,41.39220562692256,38.96879437307745,-0.073777974244524,0.0603131183992003,-0.0122230710466005,-0.0405639376700469,-0.0450516986706055,-0.0338729763387297,0.0078477702544143,0.0093847926963753,0.0100308078952652,44.14784392981375,-0.1045663774508156,0.0704128462905739,-0.1749792237413895,-111796013.0,62.266521355999146,0.8635714285714278,0.5575820231413487,0.0,0.0486486486473337,0.0719257540603248,-0.0122230710466005,0.0100308078952652,44.14784392981375,-0.443664791364981,0.0,0.0,0.0,0.5,-0.4620692960581932,-0.326614648645199,-0.4790806700640326,-0.412581052521797,-0.6376559699052363,-0.4336625636641513,-0.3976790542421084,-0.4317065548963004,-0.4880284076025378,-0.3823585014515986,-0.5608580960765206,-0.3624148413458337,-0.0034769651901277,-0.4317065548963004,-0.4720504138677594,0.0348522577313113,-1.7276878898792094,-0.5592543419775263,-0.1581952864535145,-0.2910528027313417,-0.2114785199532491,0.0382056231147356,-0.7797386215730812,-0.8369992747631992,-0.9789480799038892,-0.0186195181316061,0.5852316324063072,0.726517826249905,-0.5236375315138347,0.9986233734987824,0.7422847363115364,-0.3477597426231936,-0.7795581056464093,-1.3092950323915185,-1.0906675000239026,-0.1581952864535145,-0.9789480799038892,-0.0186195181316061,-0.9001832867590918,0.0,0.0,0.0,0.0,其他,0,0,0.5,1.0,0,0.879837067209776,0.04743490590358346,-0.012374323279195631,0.32653061224489793,0.32040816326530613,0.0673469387755102,0.4122448979591837,0.14285714285714285,0.4163265306122449,0.5,0.5,0.5,0.5,0.879837067209776,0.6354378818737271,0.3095723014256619
2025-09-04,38.79,39.73,38.79,39.08,1204521.0,39.442,40.104,40.1345,39.9975,-0.0091780335682775,-0.0255336126072212,-0.0262741531599994,-0.022938933683355,40.1345,41.44118685090032,38.82781314909968,0.0964985798689692,0.0651153920391216,0.0074761536478473,-0.0386223862238622,-0.0463640800390433,-0.023,0.0087359447153907,0.0091723034854643,0.0102209837082566,44.26229506926899,-0.1695449415841565,0.0224212887156278,-0.1919662302997843,-110591492.0,65.95199959785965,0.8999999999999991,0.6540552141667682,0.1249999999946116,0.1270270270235934,0.0514329580348005,0.0074761536478473,0.0102209837082566,44.26229506926899,0.1777841226321279,0.0,0.0,0.0,0.5,-0.5110207665163935,-0.3157042511709403,-0.4766037876861156,-0.3882850245418598,-0.5894338349025042,-0.4723940685397886,-0.4272686511024767,-0.4396919038899151,-0.5031998653849361,-0.0175043982117818,-0.3037437597089188,-0.1998806129338246,0.107104368840661,-0.4396919038899151,-0.4654387796400591,0.0008682872173848,-1.1473779555737171,-0.528651858348443,0.3374220528603536,-0.2659259876018501,-0.2249835820467829,0.1352991453269625,-0.7272177028024182,-0.8472746552183044,-0.95986004799253,-0.011198554122699,0.5471692642272256,0.6964807686442166,-0.5632601771188831,1.0510961156164929,0.9645566495492972,-0.3267655660114301,-0.5902652057019979,-0.931130815078212,-0.8078390513788615,0.3374220528603536,-0.95986004799253,-0.011198554122699,0.1872844814664203,0.0,0.0,0.0,0.0,其他,0,0,0.5,1.0,0,0.7393075356415478,0.016376663254861867,-0.013306038894575156,0.32040816326530613,0.3979591836734694,0.06938775510204082,0.5,0.21836734693877552,0.49183673469387756,0.5,0.5,0.5,0.5,0.7393075356415478,0.5274949083503055,0.2769857433808554
2025-09-05,39.09,42.9,38.91,41.96,8442422.0,39.788,40.22,40.2425,39.99166666666667,0.0545893234140946,0.0432620586772749,0.0426787600173945,0.0492185872056678,40.2425,41.77100632283525,38.71399367716475,1.0618229948529108,0.0759647796648543,0.0736949846468781,0.0430027342779022,0.0284313725490197,0.0542713567839197,0.0371849550308735,0.0264423819317032,0.0195426188150843,62.37897647478139,0.0112216458795586,0.0201813601484139,-0.0089597142688553,-102149070.0,72.21693070365014,1.1307142857142851,3.820561167217676,0.9999999999684542,0.9999999999701492,-0.0247855100095328,0.0736949846468781,0.0195426188150843,62.37897647478139,6.008945464628678,0.0,0.0,0.0,0.5,-0.4781559594990993,-0.1365954551931933,-0.4613629322641143,-0.1561546672057595,1.254581972098949,-0.4270325733088716,-0.4073406028340164,-0.4166840247266363,-0.5033595637354663,1.513128498367769,1.1882285436564255,1.137713640053397,1.0540205627706272,-0.4166840247266363,-0.4289685325410837,-0.0265695968391372,2.0751390635339795,-0.4617823169570531,1.987153710000633,0.7624348622700763,0.5763059813759875,0.8259911740800671,0.8712959802940808,0.2670931742019049,-0.2476672753533171,1.1556198552322012,0.6467201463663985,0.6928890175305011,-0.117481806087781,1.443738558409723,1.3410485730048038,-0.1984945507257351,5.175539806024823,1.671117154528306,2.256904461284417,1.987153710000633,-0.2476672753533171,1.1556198552322012,8.518615392964954,0.0,0.0,0.0,0.0,其他,0,0,0.5,1.0,0,0.046938775510204,-0.0557673975214491,-0.09437559580552912,0.8977505112474438,0.7402862985685071,0.5419222903885481,0.8588957055214724,1.0,0.8773006134969326,0.5,0.5,0.5,0.5,0.04693877551020408,0.04693877551020408,0.061224489795918366
2025-09-08,41.99,42.36,41.41,41.61,4393933.0,40.142,40.297,40.316500000000005,39.99216666666667,0.0365701758756413,0.032583070700052,0.0320836382126423,0.040453755527124,40.316500000000005,41.96097752060934,38.67202247939067,0.8932860083825833,0.0815783870427867,-0.0083412774070543,0.0444277108433734,0.0188540646425072,0.0368801395464739,0.0370195588200669,0.0266889811749972,0.0196512110081914,57.361111099957576,0.1247997804243539,0.0411050442036019,0.0836947362207519,-106543003.0,73.76799278099418,1.1357142857142857,1.852579477988773,0.8895899053347128,0.8955223880329691,-0.0091324200913243,-0.0083412774070543,0.0196512110081914,57.361111099957576,-0.4795411790597532,0.0,0.0,0.0,0.5,-0.1722330158543377,-0.1667399559905168,-0.1689949170139072,-0.1839610917919895,0.2199124710783123,-0.3807259492933671,-0.3937682972058496,-0.4005778824608593,-0.501288100943396,1.0734033180952334,0.9515932160413468,0.9271365544004988,0.932916854066128,-0.4005778824608593,-0.4074815900566276,-0.0366472370213929,1.50038426545863,-0.426600579112081,-0.0703894894472119,0.7776047410628207,0.4719680102047061,0.6672869570174796,0.8585694881448833,0.2823407975829798,-0.2387437010288794,0.8276131553513542,0.7082709178015174,0.7026577503910212,0.1083341503414504,1.2277604028403066,1.425972818238415,-0.1952412396536986,1.5867907168790194,1.3331566098055023,1.8639704971122448,-0.0703894894472119,-0.2387437010288794,0.8276131553513542,-0.8286591564430056,0.0,0.0,0.0,0.0,其他,0,0,0.5,1.0,0,0.3462321792260692,-0.042057197788993084,-0.08315308819995193,0.9102040816326531,0.6653061224489796,0.5408163265306123,0.7142857142857143,0.9571428571428572,0.7775510204081633,0.5,0.5,0.5,0.5,0.34623217922606925,0.27494908350305497,0.1079429735234216
2025-09-09,41.59,41.89,40.72,41.54,3436624.0,40.596,40.34,40.3875,40.00083333333334,0.0232535225145333,0.0297471492315319,0.028536056948313,0.0384783650340616,40.3875,42.11669056208387,38.65830943791614,0.8332484068522159,0.0856299875991127,-0.0016822879115597,0.0578049401578812,0.0104597421551932,0.0353938185443669,0.035405630615591,0.0266647796650994,0.0196624160104128,56.38888887792439,0.2067792331773148,0.0742398819983445,0.1325393511789702,-109979627.0,65.51532929187087,1.159285714285714,1.381879677384858,0.8675078864079646,0.874626865645533,-0.0154068367838228,-0.0016822879115597,0.0196624160104128,56.38888887792439,-0.2178706411772778,0.0,0.0,0.0,0.5,-0.2139717768432346,-0.1929234787154567,-0.2491720288676214,-0.1891858331720115,-0.0250908623645763,-0.3216909877052432,-0.3857418783464253,-0.3851097093757508,-0.4963347578176389,0.7497931792685877,0.886194808430274,0.854425494933168,0.9018733464336182,-0.3851097093757508,-0.3896965697216155,-0.0398806753233932,1.2921142508547676,-0.4009185631125934,0.0967937624597781,0.9428516218543186,0.3805224540656436,0.6516464287641698,0.7648273712253932,0.2800724403459158,-0.2372764002334667,0.7618165098496491,0.7518468593293297,0.719431409211393,0.2272410767669903,1.0594157413843392,0.9164383841732712,-0.1816859543704013,0.7322121128877375,1.2595570117428658,1.7687425650191286,0.0967937624597781,-0.2372764002334667,0.7618165098496491,-0.4501042093081152,0.0,0.0,0.0,0.0,其他,0,0,0.5,1.0,0,0.1934826883910387,-0.05849783341357728,-0.07847857486759746,0.9081632653061225,0.673469387755102,0.5224489795918368,0.7428571428571429,0.8857142857142857,0.7693877551020408,0.5,0.5,0.5,0.5,0.1934826883910387,0.2158859470468432,0.07942973523421588
2025-09-10,41.31,42.0,41.0,41.58,3093518.0,41.154,40.455,40.4525,40.02583333333334,0.010351363172474,0.0278086763070077,0.0278721957851801,0.0388290895463345,40.4525,42.260608927785256,38.644391072214745,0.8117898436848847,0.089394174786764,0.0009629272989888,0.0719257540603248,0.0284442245857037,0.03227408142999,0.0336161903547484,0.0259241371115791,0.0196572933449351,54.36046510521735,0.2718425737389793,0.1137604203464715,0.1580821533925078,-106886109.0,65.5937754596643,1.172142857142857,1.211776859180401,0.8801261829375348,0.886567164152639,-0.0228475228475227,0.0009629272989888,0.0196572933449351,54.36046510521735,-0.0998380969230268,0.0,0.0,0.0,0.5,-0.2430314570011264,-0.1862543282625786,-0.2158331184237619,-0.1855233612430281,-0.1128657807686731,-0.2493760174953791,-0.3660187332567235,-0.3708851959733443,-0.4855897856612358,0.4373452999643608,0.8406698378686046,0.8380348954114718,0.9016101811908132,-0.3708851959733443,-0.3732069910047897,-0.0431647272215692,1.2135188443078848,-0.3770211868737459,0.1630692198428602,1.1159181465816348,0.5729083894424575,0.6214362324832802,0.6617001709459803,0.2313805327813684,-0.2370656671871674,0.6282788877125943,0.785729802590276,0.7398225034688142,0.2891406430295908,1.1998947041727996,0.9172752286551312,-0.1740971595178582,0.4228226618525073,1.2886827318375689,1.7873047311339745,0.1630692198428602,-0.2370656671871674,0.6282788877125943,-0.2789227574579584,0.0,0.0,0.0,0.0,其他,0,0,0.5,1.0,0,0.1364562118126273,-0.051226551226551065,-0.09018759018759015,0.8795918367346939,0.6530612244897959,0.5102040816326531,0.689795918367347,0.863265306122449,0.7571428571428571,0.5,0.5,0.5,0.5,0.1364562118126273,0.20977596741344195,0.0835030549898167
2025-09-11,41.44,41.44,40.75,41.09,2673732.0,41.556,40.499,40.539,40.04733333333333,-0.0112137838097986,0.0145929529124175,0.0135918498236267,0.0260358575685439,40.539,42.29172299429679,38.78627700570321,0.6571839936279693,0.0864709536146656,-0.0117845117845116,0.0514329580348005,0.0108241082410824,0.0439532520325203,0.0356529756889374,0.0263205125104244,0.0190757346226666,52.01668983688136,0.2806318861479298,0.1471347135067632,0.1334971726411666,-109559841.0,59.09819957732766,1.1885714285714286,1.0297838209714312,0.725552050450299,0.740298507440589,-0.0333414456072037,-0.0117845117845116,0.0190757346226666,52.01668983688136,-0.135698580063216,0.0,0.0,0.0,0.5,-0.228720094847671,-0.2176155001093991,-0.2446496924898486,-0.2247817424525121,-0.2202948036850674,-0.1971395139118001,-0.3579004004798378,-0.3523213874164053,-0.4761391862219076,-0.0836994607335873,0.5510128086064915,0.5576656972310022,0.7290098182716167,-0.3523213874164053,-0.3688532692064913,-0.0085242296964225,0.6978429346560855,-0.3937236258226989,-0.1584387825167568,0.8533238913197597,0.3813997303228373,0.724212709993431,0.7739948201851421,0.2565685842765187,-0.2811407051043578,0.4747822473430623,0.7878784883939821,0.7565799215596176,0.2282492491648575,1.0679315233496716,0.5175399550554921,-0.1645218858688766,0.0922116906601687,0.8272151651405388,1.2738493831580495,-0.1584387825167568,-0.2811407051043578,0.4747822473430623,-0.3300291469883464,0.0,0.0,0.0,0.0,其他,0,0,0.5,1.0,0,0.2857142857142857,-0.052080798247748805,-0.08615234850328557,0.7382413087934561,0.5848670756646217,0.5051124744376279,0.5930470347648262,0.7811860940695297,0.5991820040899796,0.5,0.5,0.5,0.5,0.2857142857142857,0.3326530612244898,0.16122448979591836
2025-09-12,40.82,41.2,40.6,40.92,2000376.0,41.348,40.568,40.603,40.085833333333326,-0.0103511657153912,0.0086767895878525,0.0078073048789497,0.0208095129201923,40.603,42.3103969106585,38.89560308934151,0.5928313732916557,0.0841020077656473,-0.0041372596738866,-0.0247855100095328,0.0171513795674871,0.0322906155398587,0.0051113038778008,0.0260861640493349,0.0190928170663162,50.546448077764325,0.2707587621065812,0.1718595232267268,0.0988992388798544,-111560217.0,53.74173977900164,1.1964285714285714,0.7561896904410546,0.6719242901996243,0.6719242901996243,-0.0317693059628544,-0.0041372596738866,0.0190928170663162,50.546448077764325,-0.251841246617088,0.0,0.0,0.0,0.5,-0.293898925772368,-0.2307684074286577,-0.2617069435979927,-0.2380615269826941,-0.3928014088224619,-0.2234678032890195,-0.3457129218305602,-0.3383620143383186,-0.4606390100757807,-0.0626636359591124,0.4207475542192509,0.443354770382931,0.6569808997603431,-0.3383620143383186,-0.3658499512924061,0.0181724269401496,0.4825550260717677,-0.4070401268551664,0.0349909728009929,-0.1113114978030193,0.4487123199829391,0.6167575933454335,-0.9491592931724364,0.2406919729139298,-0.2791021767608045,0.3781700373110532,0.7795529442778021,0.7682698816024859,0.1428029767509058,0.9688838648361158,0.1881524440298591,-0.1597412929800271,-0.404535404256313,0.6658607656396203,1.0326243747540909,0.0349909728009929,-0.2791021767608045,0.3781700373110532,-0.497131167439465,0.0,0.0,0.0,0.0,其他,0,0,0.5,1.0,0,0.3279022403258655,-0.0620723362658846,-0.06695992179863153,0.044897959183673466,0.5755102040816327,0.5122448979591837,0.5979591836734693,0.463265306122449,0.536734693877551,0.5,0.5,0.5,0.5,0.32790224032586557,0.24236252545824846,0.21384928716904278
2025-09-15,40.8,41.86,40.73,41.23,2644516.0,41.272000000000006,40.707,40.656,40.123,-0.0010176390773407,0.0128479131353329,0.0141184573002755,0.027590160257209,40.656,42.37258657622738,38.93941342377261,0.6671922662924414,0.0844444399952362,0.0075757575757573,-0.0091324200913243,0.0348895582329316,0.02638785163057,0.0070835170838351,0.0257962602919503,0.0189507581198027,50.81521738163839,0.2846671828244709,0.1944210551462756,0.0902461276781952,-108915701.0,54.35617253020558,1.2007142857142858,0.9899654904872174,0.7697160883037933,0.7697160883037933,-0.0332282318699974,0.0075757575757573,0.0189507581198027,50.81521738163839,0.3220094622211025,0.0,0.0,0.0,0.5,-0.2953302960866516,-0.1926268802981473,-0.2457972690789948,-0.2123099683228312,-0.2260073034945199,-0.2327564571728394,-0.3220834488683363,-0.3266658263097758,-0.4456681494680136,0.1635661283999444,0.5105085670562748,0.5651594121983755,0.7435850641965172,-0.3266658263097758,-0.3581666129756604,0.028845315461716,0.7274937346381877,-0.4038338259149708,0.3312293764203438,0.087094043263646,0.6391744367533051,0.5615633656373988,-0.8344410897286451,0.2212024026641115,-0.289348952336048,0.3946317487008273,0.7846491819329865,0.7786624384635397,0.1211989714621089,1.0891698180060698,0.2254238125507328,-0.1569646428469443,0.0216767820174926,0.9519663992527916,1.3570635036615162,0.3312293764203438,-0.289348952336048,0.3946317487008273,0.3358000204944933,0.0,0.0,0.0,0.0,其他,0,0,0.5,1.0,0,0.3910386965376782,-0.07785593014795034,-0.07300509337860772,0.3448979591836735,0.5857142857142857,0.5102040816326531,0.6387755102040816,0.7489795918367347,0.6224489795918368,0.5,0.5,0.5,0.5,0.3910386965376782,0.11608961303462322,0.12830957230142567
2025-09-16,41.15,41.7,40.51,40.9,2284952.0,41.14399999999999,40.87,40.6735,40.137166666666666,-0.0059303908224769,0.0007340347443112,0.0055687364008505,0.0190056597584118,40.6735,42.39267085278121,38.9543291472188,0.5658747789892391,0.0845351815200057,-0.0080038806694154,-0.0154068367838228,0.0415075120957473,0.0086313193588163,0.0075996927727226,0.0253803849968985,0.0189654610191043,53.352353769658585,0.2659952373119836,0.2087358915794172,0.0572593457325663,-111200653.0,55.03749901158111,1.188571428571429,0.8580349479155274,0.6656151419348381,0.6656151419348381,-0.0437652811735941,-0.0080038806694154,0.0189654610191043,53.352353769658585,-0.1359659007546182,0.0,0.0,0.0,0.5,-0.2573992540757815,-0.2013342186414959,-0.2711862922844882,-0.2387201132024994,-0.3182592087270577,-0.2487676082549072,-0.2945417504853375,-0.3222401773463894,-0.4390217417157305,0.0439378149273562,0.2445574408863213,0.3963972582116798,0.626947548704465,-0.3222401773463894,-0.3550468930377457,0.0324345302944269,0.3887222760795473,-0.4021755214701619,-0.0645017717747163,0.0072936190559541,0.7086795096032198,0.399469667160765,-0.8022934777461669,0.1934870093940761,-0.2874713058547543,0.5585933253411992,0.7714088595930895,0.7842427558068168,0.0395985896906159,0.9766214393612594,0.2667950072966358,-0.1634137303555395,-0.2189173375536918,0.64059111273333,0.994617308509688,-0.0645017717747163,-0.2874713058547543,0.5585933253411992,-0.3300944585205892,0.0,0.0,0.0,0.0,其他,0,0,0.5,1.0,0,0.4847250509164969,-0.07334963325183375,-0.06356968215158931,0.19183673469387755,0.49387755102040815,0.5040816326530613,0.5142857142857142,0.5836734693877551,0.5122448979591837,0.5,0.5,0.5,0.5,0.4847250509164969,0.1690427698574338,0.1894093686354379
2025-09-17,40.9,41.08,40.58,40.63,1750787.0,40.954,41.054,40.674,40.143166666666666,-0.0079113151340527,-0.0103278608661762,-0.0010817721394501,0.0121274272499678,40.674,42.39311115344371,38.95488884655629,0.4872026890289855,0.0845312068367746,-0.0066014669926649,-0.0228475228475227,0.0474349059035834,0.000246184145741,0.0073428913128496,0.0250322924427653,0.0190306140078534,49.85835693062302,0.2267964742256083,0.2123480081086555,0.0144484661169528,-112951440.0,56.09611151006011,1.1135714285714289,0.6639063232901588,0.5804416403602392,0.5804416403602392,-0.0290425793748461,-0.0066014669926649,0.0190306140078534,49.85835693062302,-0.2337751515130296,0.0,0.0,0.0,0.5,-0.2834631176988835,-0.2363678034311725,-0.2622868332440817,-0.2602218195791616,-0.4555189125711871,-0.2728061654610939,-0.2635708775469047,-0.3213053460943839,-0.4353486669482663,-0.0043570048650389,0.00171369239248,0.2650386154276838,0.5333873366676021,-0.3213053460943839,-0.3540634836476453,0.0324961383900065,0.125660927191723,-0.401106124185436,-0.0287271555541518,-0.0873380558911845,0.7703931691004241,0.3224509690585881,-0.8138468599762897,0.1702244872367547,-0.2816903663362976,0.3292795972041102,0.7466915004450688,0.7836100228298626,-0.0662797155303015,0.8901044336599273,0.3313941025845205,-0.2052280810917796,-0.5727477524427493,0.3861820858482377,0.6997867047297084,-0.0287271555541518,-0.2816903663362976,0.3292795972041102,-0.47150754984028,0.0,0.0,0.0,0.0,其他,0,0,0.5,1.0,0,0.5010183299389002,-0.05710066453359586,-0.047747969480679386,0.1346938775510204,0.49387755102040815,0.5122448979591837,0.42653061224489797,0.363265306122449,0.42244897959183675,0.5,0.5,0.5,0.5,0.5010183299389002,0.22606924643584522,0.23421588594704684
2025-09-18,40.5,40.67,39.63,39.72,2304712.0,40.68,41.118,40.611,40.14783333333333,-0.023598820058997,-0.0339997081570115,-0.0219398685085322,-0.0106564488743684,40.611,42.37466723200921,38.8473327679908,0.2474013283646199,0.0868566266284928,-0.0223972434161949,-0.0333414456072037,0.0163766632548618,-0.0307467057101024,0.0107060419293816,0.0264359871148915,0.0195562561738399,46.62251654764617,0.1209080259064023,0.1940600116682048,-0.0731519857618025,-115256152.0,51.35374274856251,1.1471428571428572,0.8865810878855328,0.2933753943125116,0.2933753943125116,-0.0193856998992949,-0.0223972434161949,0.0195562561738399,46.62251654764617,0.3163862879950558,0.0,0.0,0.0,0.5,-0.3255337986119582,-0.2593451525507212,-0.3741804107128291,-0.3340618132502052,-0.3109723886311694,-0.3077362824764836,-0.2523969367294105,-0.3334067063418454,-0.4321777813138274,-0.3867671243266166,-0.5176571709700923,-0.1454111336823912,0.2287236879798647,-0.3334067063418454,-0.3551358424538572,0.0059238110732224,-0.6748303924474661,-0.3857750229662404,-0.4307415510170658,-0.2208612189373403,0.4310209235227223,0.0401859622972003,-0.6212983918251348,0.2620174966282414,-0.240149357382908,0.1169774460727829,0.6844973976419327,0.7703013111424212,-0.2830363521558343,0.7780249161199939,0.0375554800359769,-0.1858144607124399,-0.1637945146262677,-0.4681410655515222,-0.2842767966613088,-0.4307415510170658,-0.240149357382908,0.1169774460727829,0.3315104540121061,0.0,0.0,0.0,0.0,其他,0,0,0.5,1.0,0,0.5173116089613035,-0.02920443101711978,-0.0332326283987916,0.2836734693877551,0.42653061224489797,0.5122448979591837,0.46530612244897956,0.3,0.3693877551020408,0.5,0.5,0.5,0.5,0.5173116089613035,0.24643584521384929,0.24643584521384929
2025-09-19,39.71,39.99,39.59,39.62,1174491.0,40.42,40.884,40.55200000000001,40.132333333333335,-0.0197921820880753,-0.0309167400450054,-0.0229828368514501,-0.0127660988230604,40.55200000000001,42.36724074088489,38.736759259115125,0.2432847393095605,0.0895265703728745,-0.0025176233635448,-0.0317693059628544,-0.0557673975214491,-0.0289215686274509,0.0108272670861988,0.0080157315458192,0.0195455712545263,48.48484847549875,0.0285919138040071,0.1609663920953653,-0.1323744782913581,-116430643.0,52.11953183920373,1.1171428571428572,0.4609652824349451,0.2618296529885851,0.2618296529885851,-0.0312973245835435,-0.0025176233635448,0.0195455712545263,48.48484847549875,-0.4903957631148707,0.0,0.0,0.0,0.5,-0.4092911295645961,-0.2978247815858503,-0.3780155543952774,-0.3414645849037392,-0.6032206936433926,-0.3408198428406274,-0.2904430929725644,-0.3446788685730636,-0.4363362399222047,-0.2928728886351231,-0.4485143511792183,-0.1656042153545576,0.1999067853827036,-0.3446788685730636,-0.3550156979159379,-0.0213943766325894,-0.686273508852985,-0.3683559209211121,0.0773258665592953,-0.2002847314467429,-0.355181609199466,0.056709176450768,-0.6125728815703877,-0.9492885181184793,-0.2403896943558688,0.2387144786846712,0.6302153198197274,0.7484818999017907,-0.4292238445247112,0.7198893031218215,0.0849054680572941,-0.2023340000503507,-0.9423348311732626,-0.5606249844279227,-0.3915103384195999,0.0773258665592953,-0.2403896943558688,0.2387144786846712,-0.8463800692355463,0.0,0.0,0.0,0.0,其他,0,0,0.5,1.0,0,0.2627291242362525,-0.04088844018172633,-0.020696617869762735,0.32653061224489793,0.45918367346938777,0.5020408163265306,0.6,0.05510204081632653,0.3673469387755102,0.5,0.5,0.5,0.5,0.26272912423625255,0.20773930753564154,0.2668024439918534
2025-09-22,39.62,40.02,39.22,39.86,1273135.0,40.146,40.709,40.503,40.12083333333333,-0.0071239974094555,-0.0208553391142006,-0.0158753672567464,-0.0065011943088585,40.503,42.338304076340336,38.667695923659664,0.3248246684781933,0.0906255870595167,0.006057546693589,-0.0332282318699974,-0.042057197788993,-0.0239960822722822,0.0103484329447717,0.008746986189318,0.0196094914707215,54.25685424589325,-0.0249160593200272,0.1237899018122868,-0.1487059611323141,-115157508.0,52.85978963551317,1.0935714285714293,0.5086215697677194,0.3375394321660081,0.3375394321660081,-0.046161565479177,0.006057546693589,0.0196094914707215,54.25685424589325,0.083988723625809,0.0,0.0,0.0,0.5,-0.417921528755145,-0.2954099045731588,-0.4210591436580391,-0.320951577578443,-0.5758897220560777,-0.3756972672394452,-0.3187024158216432,-0.3538843063714882,-0.4390441715914371,0.0178816525917121,-0.2258536476935981,-0.0249235874789661,0.2830840314739814,-0.3538843063714882,-0.3572447028004206,-0.0384392076554224,-0.4114971349774292,-0.3606290125623371,0.2963375753528708,-0.2184996762334158,-0.2048346954563702,0.1015258384433621,-0.6378356461851963,-0.8974100075558357,-0.2348125468447601,0.6166806009715755,0.5980749187163056,0.724405502785687,-0.4686905718832586,0.7777629452670648,0.1306686520461601,-0.2152101394186535,-0.8512567385235664,-0.3333219373220937,-0.1300403167191838,0.2963375753528708,-0.2348125468447601,0.6166806009715755,-0.005035404827202,0.0,0.0,0.0,0.0,其他,0,0,0.5,1.0,0,0.1079429735234216,-0.04290015052684393,-0.038384345208228865,0.38979591836734695,0.5877551020408164,0.5081632653061224,0.7326530612244898,0.15714285714285714,0.5448979591836735,0.5,0.5,0.5,0.5,0.1079429735234216,0.18126272912423624,0.1710794297352342
2025-09-23,39.89,39.92,38.6,39.11,1621978.0,39.788,40.466,40.403,40.09883333333333,-0.0170403136624106,-0.0335096130084515,-0.0320025740662821,-0.0246599028234404,40.403,42.31537631178977,38.49062368821023,0.1619389206912709,0.0946650650587846,-0.0188158554942298,-0.0437652811735941,-0.0584978334135772,-0.0486499635125273,0.0117285527818947,0.0098019663612807,0.0199094919425096,52.2222222120679,-0.1263833758925656,0.0737552462713163,-0.2001386221638819,-116779486.0,52.06221162754525,1.132857142857144,0.654747331717057,0.1009463722365632,0.1009463722365632,-0.0309383789312196,-0.0188158554942298,0.0199094919425096,52.2222222120679,0.2740031497052551,0.0,0.0,0.0,0.5,-0.3878972369587194,-0.3004990619664534,-0.4937821565109316,-0.3818919977144328,-0.4836234544275284,-0.4214969906639565,-0.3582112574903565,-0.373613318559003,-0.4455821044455663,-0.2254191634291437,-0.5044301086055327,-0.3438621972371902,0.0387270953730426,-0.373613318559003,-0.3588214947288031,-0.0822805473067426,-0.9549936107213924,-0.3347883967294316,-0.3413722169279112,-0.3530711603229273,-0.3839657241354772,-0.1242224321248127,-0.5576966845040894,-0.8246783091882967,-0.2107785820653752,0.4812513090389776,0.5388557888781569,0.6929661906851466,-0.5953197250810647,0.6983610048160511,0.0807469385066717,-0.1924098077406505,-0.5805013473589747,-1.037431935514652,-0.9431893689781352,-0.3413722169279112,-0.2107785820653752,0.4812513090389776,0.2732641403803616,0.0,0.0,0.0,0.0,其他,0,0,0.5,1.0,0,0.0835030549898167,-0.021222193812324153,-0.025057530043467113,0.48367346938775513,0.5530612244897959,0.5265306122448979,0.6612244897959184,0.1469387755102041,0.4857142857142857,0.5,0.5,0.5,0.5,0.0835030549898167,0.15885947046843177,0.14867617107942974
2025-09-24,39.08,39.53,38.68,39.45,1206559.0,39.552,40.253,40.354,40.086333333333336,-0.0025788834951455,-0.0199488236901597,-0.0224017445606382,-0.0158740717950424,40.354,42.31311258105885,38.394887418941146,0.26928329470011,0.0970963265626207,0.0086934287905906,-0.0290425793748461,-0.051226551226551,-0.0242394261686865,0.0141978500952319,0.0106751119874548,0.0197590884129254,52.55172412778314,-0.1773177880146264,0.0235406394141277,-0.2008584274287541,-115572927.0,52.06538989965299,1.126428571428573,0.5030192603806384,0.2082018927379126,0.2082018927379126,-0.0288973384030418,0.0086934287905906,0.0197590884129254,52.55172412778314,-0.2561187636330455,0.0,0.0,0.0,0.5,-0.4740639885058784,-0.3223466910061066,-0.4829568688021618,-0.3529564812786217,-0.5904842417588472,-0.4512830606950871,-0.3926969903259913,-0.3827746527395193,-0.4486496507279556,0.1305899540902519,-0.2034411044628385,-0.1527165842403695,0.1567886676320868,-0.3827746527395193,-0.3581427680836445,-0.1058965605664241,-0.5921209698970612,-0.3189151014311031,0.3652733281568624,-0.1631206566014696,-0.3034280892864604,0.0998684893823554,-0.4158869987409012,-0.7643129506553518,-0.2220622724704541,0.5016023253249062,0.5084739162056188,0.6615569924298149,-0.59541300416347,0.753345566315875,0.0807643326912141,-0.1956225203790944,-0.8567796350584811,-0.713550490294099,-0.5700228976817723,0.3652733281568624,-0.2220622724704541,0.5016023253249062,-0.5051054989884552,0.0,0.0,0.0,0.0,其他,0,0,0.5,1.0,0,0.1469387755102041,-0.04106463878327005,-0.043092522179974724,0.49897750511247446,0.49079754601226994,0.5337423312883436,0.5603271983640081,0.1411042944785276,0.40899795501022496,0.5,0.5,0.5,0.5,0.1469387755102041,0.1673469387755102,0.17346938775510204
2025-09-25,39.45,39.51,38.7,38.95,1110353.0,39.398,40.039,40.269,40.065000000000005,-0.0113711355906391,-0.0271984814805563,-0.032754724477886,-0.0278297766130038,40.269,42.31942639981361,38.21857360018639,0.1783595840997431,0.1018364697314816,-0.0126742712294043,-0.0193856998992949,-0.0520807982477488,-0.0418204182041819,0.0118228264285327,0.0107396677513664,0.0198609657942134,19.096509234756667,-0.2550889903912434,-0.0321852865469465,-0.2229037038442969,-116683280.0,37.07041918389688,0.899285714285715,0.476815077132419,0.0504731861182827,0.0504731861182827,-0.0100128369704749,-0.0126742712294043,0.0198609657942134,19.096509234756667,-0.0797358438335796,0.0,0.0,0.0,0.5,-0.4329968380270666,-0.3227590515528266,-0.4793213340959477,-0.3933988813971504,-0.6138766089505994,-0.4702873069339204,-0.4273061632845216,-0.3993905186317065,-0.4549538092284497,-0.0863041507703391,-0.3635442658152599,-0.3579929833354946,-0.0049146803804497,-0.3993905186317065,-0.3565309438126968,-0.1495927160855831,-0.8946863850245014,-0.2887635711955117,-0.1849044881031561,-0.0384199973389867,-0.3120719850770453,-0.0619229267443644,-0.5499735757975351,-0.7574195525671177,-0.2135262624872758,-1.6960683785075297,0.4628967451337204,0.627054786496824,-0.6486329216774471,0.6982064570781099,-0.8552597180284095,-0.3246289952294468,-0.901363806030775,-1.1802289317706542,-1.1097247446917085,-0.1849044881031561,-0.2135262624872758,-1.6960683785075297,-0.2447187355717677,0.0,0.0,0.0,0.0,其他,0,0,0.5,1.0,0,0.2036659877800407,-0.0359435173299103,-0.014634146341463428,0.5183673469387755,0.41020408163265304,0.5428571428571428,0.0163265306122449,0.10816326530612246,0.373469387755102,0.5,0.5,0.5,0.5,0.20366598778004075,0.24439918533604887,0.23217922606924643
2025-09-26,38.9,38.9,38.38,38.38,1147977.0,39.15,39.785,40.1765,40.05166666666667,-0.0196679438058747,-0.0353148171421388,-0.044715194205568,-0.0417377553992759,40.1765,42.3944105862097,37.95858941379031,0.0950017076478195,0.1104083524550011,-0.0146341463414634,-0.0312973245835435,-0.0620723362658846,-0.0459855828983344,0.0126909871974319,0.0111215311530681,0.0199794389625885,18.271119837803624,-0.358583932087825,-0.0974650156551222,-0.2611189164327028,-117831257.0,25.335899683031187,0.8721428571428577,0.4949671546279698,0.0,0.0,-0.00990099009901,-0.0146341463414634,0.0199794389625885,18.271119837803624,0.0338847195441449,0.0,0.0,0.0,0.5,-0.4912601894893181,-0.3573962152699841,-0.5163443002064909,-0.4395778639680291,-0.6022981960452415,-0.501586992544189,-0.4685275892357106,-0.4175457061104656,-0.4583221339240868,-0.2909178537545081,-0.5426080915385671,-0.5948508385691015,-0.1930139116191446,-0.4175457061104656,-0.3473863447448518,-0.2141767977648104,-1.1692465155213048,-0.234854971164501,-0.2349875007783934,-0.1920414409778463,-0.4210934159740244,-0.1001448182773631,-0.4989886728474594,-0.7296930060909245,-0.2036902470272406,-1.734790552346616,0.4027395692981784,0.587088733539025,-0.7419556828139021,0.641503506711971,-1.578424306634053,-0.3393339017081097,-0.8644158853399095,-1.32314782892376,-1.275130150804448,-0.2349875007783934,-0.2036902470272406,-1.734790552346616,-0.0768411747519263,0.0,0.0,0.0,0.0,其他,0,0,0.5,1.0,0,0.2240325865580448,-0.005211047420531578,0.0007816571130796479,0.2612244897959184,0.35306122448979593,0.5448979591836735,0.0326530612244898,0.1510204081632653,0.19183673469387755,0.5,0.5,0.5,0.5,0.2240325865580448,0.34012219959266804,0.26476578411405294
2025-09-29,38.37,38.37,37.44,38.02,1204665.0,38.782,39.464000000000006,40.0855,40.02666666666666,-0.0196482904440203,-0.0365903101560917,-0.0515273602674283,-0.050133244503664,40.0855,42.50200007895282,37.66899992104719,0.0726257122858563,0.1205672913620529,-0.0093798853569567,-0.046161565479177,-0.0778559301479503,-0.0456827309236947,0.010655290705095,0.0100017676953957,0.0199733285729618,17.28624534866158,-0.4643012344918844,-0.1708322594224747,-0.2934689750694097,-119035922.0,27.714210462455128,0.8557142857142865,0.5257075493003156,0.0,0.0,0.0034192530247236,-0.0093798853569567,0.0199733285729618,17.28624534866158,0.0493807802769568,0.0,0.0,0.0,0.5,-0.5472433241331969,-0.3873517373131546,-0.6274721440039875,-0.4682970123470124,-0.5857836390249563,-0.5485793499907623,-0.5208501037278597,-0.4353667353632657,-0.4659816157629642,-0.2897652755600876,-0.569396958942895,-0.728468299983956,-0.3062767108174957,-0.4353667353632657,-0.3346692704035933,-0.2861402297856621,-1.237431484768116,-0.1710975775881499,-0.0988433963597183,-0.3837340772598526,-0.5935908749998975,-0.0971199611087719,-0.6137985821820888,-0.801016065022134,-0.2036918292375675,-1.7826792905070228,0.3413905632831003,0.5425066866431285,-0.8202057793334083,0.5822947214263148,-1.4203028218351983,-0.3479003481237278,-0.8046433918834639,-1.3149427477169648,-1.26591753919366,-0.0988433963597183,-0.2036918292375675,-1.7826792905070228,-0.0538065385318727,0.0,0.0,0.0,0.0,其他,0,0,0.5,1.0,0,0.4285714285714285,0.005260389268805676,0.011309836927932748,0.10633946830265849,0.3619631901840491,0.5357873210633947,0.018404907975460124,0.14519427402862986,0.09202453987730061,0.5,0.5,0.5,0.5,0.42857142857142855,0.37551020408163266,0.4061224489795918
2025-09-30,38.05,38.13,37.83,37.9,845500.0,38.54,39.164,40.017,39.9945,-0.0166061235080435,-0.0322745378408743,-0.0529025164305171,-0.0523697008338647,40.017,42.60258839887966,37.431411601120345,0.0906154280150762,0.1292244995313589,-0.0031562335612836,-0.0309383789312196,-0.0733496332518337,-0.0348866819455055,0.0094105904691342,0.01011981208709,0.0197707705726624,16.300366296186738,-0.5514096481388648,-0.2469477371657528,-0.304461910973112,-119881422.0,20.23734761329088,0.8057142857142868,0.3771400747749894,0.0,0.0,0.0100263852242745,-0.0031562335612836,0.0197707705726624,16.300366296186738,-0.2981451274835742,0.0,0.0,0.0,0.5,-0.5803784432720546,-0.4003974515929033,-0.578941539074244,-0.4770668697556949,-0.6780789756207455,-0.5788915873419105,-0.5695420464738604,-0.4484761745490682,-0.4762737877702818,-0.2137277251972063,-0.4718338658524088,-0.753311544271275,-0.3357453809965089,-0.4484761745490682,-0.3227419027025706,-0.345010847019382,-1.1706299669427545,-0.1167185780125991,0.0623773645884487,-0.1856855397843923,-0.5422505383245412,0.0029955965147386,-0.6830656919506589,-0.790396913632537,-0.2192322077248195,-1.829261417426764,0.2907483907030791,0.4964233668583021,-0.84477305760338,0.5403743382930297,-1.867611008670751,-0.3757025629760363,-1.0739306526750996,-1.3068886492585012,-1.256902101426698,0.0623773645884487,-0.2192322077248195,-1.829261417426764,-0.5673834082890498,0.0,0.0,0.0,0.0,其他,0,0,0.5,1.0,0,0.4317718940936864,0.01055408970976246,0.020844327176781086,0.081799591002045,0.37014314928425357,0.5439672801635992,0.026584867075664622,0.044989775051124746,0.07975460122699386,0.5,0.5,0.5,0.5,0.4317718940936864,0.43584521384928715,0.4195519348268839
2025-10-09,37.98,38.49,37.8,38.31,819113.0,38.312,38.932,39.993,39.97583333333333,-5.22029651283118e-05,-0.0159765745402239,-0.0420823644137724,-0.0416710095682808,39.993,42.63484225992315,37.35115774007686,0.1814722768370152,0.1321152331616302,0.0108179419525067,-0.0288973384030418,-0.0571006645335958,-0.0123743232791956,0.0102622936027022,0.0116789206537539,0.0197901326808418,24.163568766946312,-0.5806665576608268,-0.3136915012647676,-0.2669750563960591,-119062309.0,25.768952623089163,0.7957142857142873,0.3670365621941223,0.1009852216723903,0.1009852216723903,-0.0125293657008614,0.0108179419525067,0.0197901326808418,24.163568766946312,-0.0312087522176227,0.0,0.0,0.0,0.5,-0.586358620738001,-0.3784510597833128,-0.5809472772352182,-0.4417998777054737,-0.6829433523533311,-0.6072817177728136,-0.6067283115111605,-0.4522810431673296,-0.4815707094748605,0.1978678526491651,-0.1072539843793223,-0.5350691511048742,-0.188970285960986,-0.4522810431673296,-0.3183812513254749,-0.3643050387026253,-0.8619667722946331,-0.0983867785353263,0.4243819102239246,-0.158789039842356,-0.3614550852683713,0.2117528503494546,-0.632284345247033,-0.6847527739223006,-0.2171818250251119,-1.3111326279689663,0.2733201534989922,0.4559404475753431,-0.7482308164508584,0.5780419969970707,-1.513740045886247,-0.3805104892094576,-1.0872332657900403,-1.0012139485715807,-0.9043907989346056,0.4243819102239246,-0.2171818250251119,-1.3111326279689663,-0.170773343622939,0.0,0.0,0.0,0.0,其他,0,0,0.5,1.0,0,0.3714285714285714,0.00991908117984841,0.011485251892456194,0.14344262295081966,0.3094262295081967,0.5450819672131147,0.08196721311475409,0.004098360655737705,0.13934426229508196,0.5,0.5,0.5,0.5,0.37142857142857144,0.42244897959183675,0.4
2025-10-10,38.5,38.6,38.22,38.56,878382.0,38.234,38.816,39.967,39.96066666666668,0.0085264424334361,-0.0065952184666117,-0.0352040433357518,-0.0350511336147213,39.967,42.65648126479517,37.27751873520483,0.238425394807315,0.1345850959435754,0.0065257113025318,-0.0100128369704749,-0.0292044310171197,-0.0133060388945751,0.0106348791029816,0.0106479643846977,0.0197712492896388,28.38827838099938,-0.5770283352493948,-0.3663588680616931,-0.2106694671877017,-118183927.0,31.50278681113039,0.7800000000000017,0.3964915824497872,0.1625615763506766,0.1625615763506766,-0.0261929460580914,0.0065257113025318,0.0197712492896388,28.38827838099938,0.0723575379709515,0.0,0.0,0.0,0.5,-0.5283447552479436,-0.3711378401018241,-0.5288796003823989,-0.4199094707506703,-0.6653573953048258,-0.6158254419303442,-0.6243817511388081,-0.4565048041567542,-0.4855721778277221,0.4108193969829317,0.1026965652710297,-0.3960710114918282,-0.0979738294750922,-0.4565048041567542,-0.3152048362699499,-0.3819172249536142,-0.6683308596509456,-0.0826937948478253,0.3119729770353106,0.0872172262546986,-0.0518836696636998,0.2026010635776945,-0.6091027396501396,-0.7507217102836111,-0.2181733366714499,-1.0327465010376813,0.2748080022762847,0.4238136544342557,-0.6050254007479343,0.6184421376221828,-1.1534789500782,-0.3886052235420146,-1.0280926134347608,-0.8145506875777122,-0.6893244462278184,0.3119729770353106,-0.2181733366714499,-1.0327465010376813,-0.0166911218093452,0.0,0.0,0.0,0.0,其他,0,0,0.5,1.0,0,0.4562118126272912,-0.004149377593361092,0.005446058091286288,0.20040899795501022,0.2740286298568507,0.5685071574642127,0.09406952965235174,0.014314928425357873,0.147239263803681,0.5,0.5,0.5,0.5,0.45621181262729127,0.4134419551934827,0.3788187372708758
2025-10-13,37.4,38.08,37.1,38.0,833195.0,38.158,38.654,39.769,39.93766666666667,-0.0041406782326117,-0.0169193356444353,-0.044481882873595,-0.0485172727500355,39.769,42.423536534034966,37.11446346596503,0.1667968254843059,0.133497776359893,-0.0145228215767635,-0.00990099009901,-0.0408884401817263,-0.0943755958055291,0.010601790190981,0.0112582976135073,0.0095464336531914,21.716287210087174,-0.6122744189864235,-0.4155419782466392,-0.1967324407397843,-119017122.0,19.86317366968113,0.80357142857143,0.4540758044103058,0.0269541778968479,0.0246305418713148,0.0047368421052631,-0.0145228215767635,0.0095464336531914,21.716287210087174,-0.0514434494331623,0.0,0.0,0.0,0.5,-0.6464155269360354,-0.4007015174033507,-0.6622507228080893,-0.4655832948145365,-0.6752479924933671,-0.6240877044416301,-0.6496963170674529,-0.4967534685629331,-0.4924784111992781,0.094142820484908,-0.1288106639608357,-0.5808014147626731,-0.2822107759991446,-0.4967534685629331,-0.3402809962090812,-0.4220522497002308,-0.905753309052184,-0.0893360184870603,-0.2363126671496562,0.0884920026358013,-0.1813767777613755,-0.5526074940052886,-0.6092559406986635,-0.7078545177733313,-1.0293560019361647,-1.4550168240156636,0.2539114203900927,0.3937916727458161,-0.568410371958779,0.5768179774285881,-1.854195634078045,-0.3740552115801606,-0.9180008346316209,-1.212526856779908,-1.158135089010258,-0.2363126671496562,-1.0293560019361647,-1.4550168240156636,-0.2007901999420127,0.0,0.0,0.0,0.0,其他,0,0,0.5,1.0,0,0.6659877800407332,0.021052631578947212,0.0228947368421053,0.22085889570552147,0.05930470347648262,0.06339468302658487,0.04703476482617587,0.028629856850715747,0.147239263803681,0.5,0.5,0.5,0.5,0.6659877800407332,0.5621181262729125,0.38289205702647655
2025-10-14,38.02,38.45,37.9,38.15,865695.0,38.184,38.483,39.596,39.90966666666667,-0.0008904253090299,-0.0086531715302862,-0.0365188402868976,-0.0440912393822717,39.596,42.19577650861318,36.996223491386814,0.221899171865058,0.1313151080213464,0.0039473684210526,0.0034192530247236,-0.0429001505268439,-0.0831530881999519,0.0099179053979761,0.0110646840536979,0.0097074455926784,25.1356238634377,-0.6209455738976075,-0.4566226973768329,-0.1643228765207746,-118151427.0,26.62858843180622,0.7578571428571443,0.5219705844934589,0.0679347826068496,0.0615763546782862,0.001834862385321,0.0039473684210526,0.0097074455926784,25.1356238634377,0.0390064750748624,0.0,0.0,0.0,0.5,-0.5771506967983929,-0.3780675484955165,-0.5639556351909354,-0.4519060018386026,-0.664710012118077,-0.6188571186758518,-0.6764384190489605,-0.5316743405652732,-0.5012353794926784,0.1751427159061302,0.0570421344010126,-0.4194359263204868,-0.2206112652003434,-0.5316743405652732,-0.3647596150565886,-0.4508118646924752,-0.717786478681484,-0.1028715354130545,0.2456695337084153,0.2622881260891959,-0.2033376239929487,-0.4464855321134063,-0.6467661719532749,-0.7184186433154317,-1.011926344470258,-1.2273715410108563,0.2483591294639447,0.3685973515962765,-0.4855157976033075,0.6167413172533415,-1.4291459752715312,-0.3995331883085625,-0.7897622617247952,-1.085091915186709,-1.0250006733417738,0.2456695337084153,-1.011926344470258,-1.2273715410108563,-0.0655692940464407,0.0,0.0,0.0,0.0,其他,0,0,0.5,1.0,0,0.3897959183673469,0.004718217562254212,0.013368283093053712,0.42827868852459017,0.10655737704918032,0.07581967213114754,0.09631147540983606,0.05122950819672131,0.20081967213114754,0.5,0.5,0.5,0.5,0.38979591836734695,0.40408163265306124,0.32448979591836735
2025-10-15,38.3,38.65,38.0,38.28,761600.0,38.260000000000005,38.4,39.43300000000001,39.8975,0.0005227391531623,-0.0031249999999999,-0.0292394694798774,-0.0405413873049689,39.43300000000001,41.926183127101446,36.93981687289857,0.2687694924023984,0.1264516078966913,0.0034076015727393,0.0100263852242745,-0.0212221938123241,-0.0784785748675974,0.0097083623829989,0.0100113124700789,0.0098450516621432,28.20037105018922,-0.6102925406292812,-0.4873566660273226,-0.1229358746019585,-117389827.0,33.09989104353794,0.7685714285714299,0.4994878544307707,0.1032608695624121,0.0935960591109957,0.0005224660397074,0.0034076015727393,0.0098450516621432,28.20037105018922,-0.1202444278874199,0.0,0.0,0.0,0.5,-0.5450989054726816,-0.3654468892719971,-0.5503816656868648,-0.439929849588837,-0.6901341441387863,-0.6070374886249936,-0.6883048122557506,-0.5644129343117614,-0.5040901734916731,0.2101416267989276,0.1812859702224133,-0.2720105768027222,-0.1711078087836795,-0.5644129343117614,-0.3938723230341446,-0.4638870702829177,-0.5581695094606329,-0.133312915688905,0.2310448492278776,0.3481433940066211,0.0385760810241335,-0.4016677164346598,-0.6569047330056912,-0.7859138882561122,-0.9965242116075675,-1.0250096470655563,0.2539821418112074,0.3495582317789924,-0.3801765336393259,0.65155125896981,-1.0279823634072265,-0.3923442258728152,-0.8282279084714153,-0.975602881099159,-0.9100933128750968,0.2310448492278776,-0.9965242116075675,-1.0250096470655563,-0.3032221148587542,0.0,0.0,0.0,0.0,其他,0,0,0.5,1.0,0,0.5102040816326531,-0.003918495297805635,0.003396029258098121,0.43149284253578735,0.0778688524590164,0.07991803278688525,0.10245901639344263,0.11065573770491803,0.17418032786885246,0.5,0.5,0.5,0.5,0.5102040816326531,0.38571428571428573,0.336734693877551
2025-10-16,38.33,38.47,37.8,37.83,756600.0,38.164,38.238,39.2455,39.873333333333335,-0.0087517031757677,-0.0106700141220775,-0.0360678294326738,-0.0512456111018224,39.2455,41.620044610080704,36.870955389919295,0.2019428495866231,0.1210097774305157,-0.011755485893417,-0.0125293657008614,-0.04106463878327,-0.0901875901875901,0.0098506591419755,0.009643955395069,0.0099159487664497,30.83164299327304,-0.6308886820022082,-0.5160630692222998,-0.1148256127799083,-118146427.0,36.84190830578971,0.7421428571428587,0.5373900529143822,0.0,0.0,0.0227332804652391,-0.011755485893417,0.0099159487664497,30.83164299327304,-0.0065651260504201,0.0,0.0,0.0,0.5,-0.5403985342821138,-0.3751994694873647,-0.5730996343609603,-0.4765653886938173,-0.6893914811029415,-0.6180494153486686,-0.7134171792015684,-0.6022176350662233,-0.5114232806178153,-0.0229415267946204,0.0108031909831482,-0.4089338670730559,-0.318416546458752,-0.6022176350662233,-0.4270260378325002,-0.4801001358965036,-0.7810185196603224,-0.1674061235981404,-0.1662692767960018,0.0516312599686651,-0.1830025551459329,-0.5101301771039551,-0.6467810179899444,-0.807588308729907,-0.9865517846822872,-0.8520311549645683,0.241508752934482,0.3317438824468348,-0.3588514470458018,0.613335214175726,-0.7958923736246812,-0.4066938449224418,-0.7555099461025965,-1.275914040889769,-1.224792958757848,-0.1662692767960018,-0.9865517846822872,-0.8520311549645683,-0.1325029964126939,0.0,0.0,0.0,0.0,其他,0,0,0.5,1.0,0,0.5816326530612245,-0.0021147237642082928,0.019825535289452745,0.3721881390593047,0.08196721311475409,0.08401639344262295,0.12090163934426229,0.15778688524590165,0.19467213114754098,0.5,0.5,0.5,0.5,0.5816326530612245,0.42244897959183675,0.3469387755102041
2025-10-17,37.83,38.01,37.48,37.55,628462.0,37.962,38.098,39.06849999999999,39.84316666666667,-0.0108529582213794,-0.0143839571631056,-0.0388676299320422,-0.0575548295609035,39.06849999999999,41.39132291959367,36.74567708040632,0.1731347906014859,0.118910268865594,-0.0074015331747291,-0.0261929460580914,-0.0359435173299103,-0.0861523485032855,0.0085510261291832,0.0092622415059121,0.0097981191807735,29.745596860735148,-0.6621718276142232,-0.5452848209006845,-0.1168870067135386,-118774889.0,38.41579144697805,0.7514285714285732,0.4813394437907057,0.0,0.0,0.0226364846870839,-0.0074015331747291,0.0097981191807735,29.745596860735148,-0.1693602960613269,0.0,0.0,0.0,0.5,-0.5935985872670159,-0.4014449923914784,-0.6102796337872826,-0.4988775188772624,-0.7210999319034409,-0.643093942347448,-0.7347294681888881,-0.6376968018991777,-0.5209895245736812,-0.0757140003297316,-0.0731276707880294,-0.4643754315066213,-0.4047556264638225,-0.6376968018991777,-0.451481987933133,-0.5106026289438009,-0.8749721411180669,-0.1803274239960575,-0.0517520286247072,-0.1280271146758969,-0.1253277256445492,-0.4709368880722069,-0.7197210745058469,-0.830107127660444,-0.9916121647337875,-0.9185416014938204,0.2228424575669615,0.3136425827580247,-0.3632432160411432,0.5814039102827567,-0.6971621944970217,-0.4002975658154889,-0.8560257160718945,-1.2686163067939829,-1.2167209368672407,-0.0517520286247072,-0.9916121647337875,-0.9185416014938204,-0.3762114566009789,0.0,0.0,0.0,0.0,其他,0,0,0.5,1.0,0,0.4571428571428571,0.022103861517976275,0.028495339547270238,0.4539877300613497,0.1598360655737705,0.06967213114754098,0.12704918032786885,0.04918032786885246,0.2807377049180328,0.5,0.5,0.5,0.5,0.45714285714285713,0.47346938775510206,0.30612244897959184
2025-10-20,37.58,38.67,37.58,38.18,839200.0,37.998000000000005,38.078,38.9315,39.81883333333334,0.0047897257750406,0.0026787121172329,-0.0193031349935142,-0.0411572413388975,38.9315,41.11346700250032,36.749532997499685,0.3277929961425548,0.1120926243527585,0.0167776298268975,0.0047368421052631,-0.0052110474205315,-0.0669599217986315,0.0111434419020829,0.0103702521717548,0.0108885373160751,34.72727271843313,-0.6288788868973825,-0.5620036341000242,-0.0668752527973582,-117935689.0,45.94755410942301,0.774285714285716,0.6726549414809437,0.1711956521692617,0.1428571428539039,0.0162388685175483,0.0167776298268975,0.0108885373160751,34.72727271843313,0.335323376751498,0.0,0.0,0.0,0.5,-0.6193208616936204,-0.3615516263309827,-0.5964890474586462,-0.4446938475347084,-0.663327692178925,-0.6364621332770881,-0.7357456582309889,-0.6646265930981928,-0.5283577842509948,0.3184013160711668,0.3132680985780647,-0.0675069735490605,-0.1761346029290445,-0.6646265930981928,-0.4813985341900758,-0.5082265336502818,-0.3512482009581527,-0.2231883717440748,0.5833356084118508,0.2794780284940597,0.2194192411489748,-0.2895393187693917,-0.5680341707132053,-0.7536220657258343,-0.90102278946576,-0.5950229475658678,0.2417301436896962,0.3030010787553245,-0.235852896619895,0.6202694482415753,-0.2342451014626786,-0.3860226464756443,-0.5002612793999172,-0.7572309223937398,-0.7222326488723134,0.5833356084118508,-0.90102278946576,-0.5950229475658678,0.3824509331694827,0.0,0.0,0.0,0.0,其他,0,0,0.5,1.0,0,0.45010183299389,0.0060240963855420215,0.0,0.6632653061224489,0.21267893660531698,0.12065439672801637,0.1492842535787321,0.3946830265848671,0.3292433537832311,0.5,0.5,0.5,0.5,0.45010183299389,0.3054989816700611,0.24236252545824846
2025-10-21,38.18,38.35,38.04,38.22,761500.0,38.012,38.098,38.781,39.79016666666667,0.0054719562243501,0.0032022678355818,-0.0144658466774967,-0.0394611734054898,38.781,40.69410054210717,36.867899457892825,0.3533793735123226,0.0986617437457641,0.0010476689366158,0.001834862385321,0.0052603892688056,-0.0730050933786077,0.011026224496703,0.0098882975297698,0.0106370525431879,40.70981209666105,-0.5924370799420373,-0.5680903232684268,-0.0243467566736105,-117174189.0,55.21442192897173,0.7021428571428591,0.6601974540913516,0.1999999999940303,0.1519274376382785,0.0028780743066456,0.0010476689366158,0.0106370525431879,40.70981209666105,-0.092588179218303,0.0,0.0,0.0,0.5,-0.5519234967760902,-0.3796598774434364,-0.539072171890688,-0.4402640026523773,-0.6819386402926392,-0.6327866829446018,-0.7300252719963923,-0.6943095039134811,-0.5373417202729656,0.3348959105233725,0.3244248726562998,0.0307290575773193,-0.1520692055119248,-0.6943095039134811,-0.5271182270407767,-0.4767109917603172,-0.2639691834540786,-0.3080758293590844,0.1682453385079821,0.240593988940052,0.3365036878601735,-0.3457326846073045,-0.5732749394620712,-0.7831975997803153,-0.9174033971036036,-0.2075727733766402,0.262445917755117,0.2987114014393345,-0.1274840160659865,0.6552726741916954,0.3350324191179351,-0.4271204770445833,-0.5219361729030382,-0.6694414373967733,-0.6883155295651262,0.1682453385079821,-0.9174033971036036,-0.2075727733766402,-0.2621074624865983,0.0,0.0,0.0,0.0,其他,0,0,0.5,1.0,0,0.5030549898167006,0.006017791732077615,-0.014128728414442682,0.3877551020408163,0.12678936605316973,0.09406952965235174,0.1165644171779141,0.2474437627811861,0.24130879345603273,0.5,0.5,0.5,0.5,0.5030549898167006,0.48268839103869654,0.29327902240325865
2025-10-22,38.22,38.38,38.12,38.3,742800.0,38.016,38.138,38.651,39.7655,0.0074705387205387,0.0042477319209186,-0.0090812656852344,-0.036853553960091,38.651,40.29179441606489,37.010205583935104,0.3930396164800754,0.08490307707747,0.0020931449502876,0.0005224660397074,0.0105540897097624,-0.0635696821515893,0.0109524645288264,0.0098075830477062,0.0106630738224295,37.30684325557844,-0.5507526206116253,-0.5646227827370666,0.0138701621254412,-116431389.0,53.3988149844092,0.6600000000000021,0.690119583564674,0.243506493498587,0.1700680272070278,-0.00443864229765,0.0020931449502876,0.0106630738224295,37.30684325557844,-0.0245567957977675,0.0,0.0,0.0,0.5,-0.5461056434128286,-0.3770195467822968,-0.5279681141403546,-0.4324741258417129,-0.6848951125488668,-0.630463828578898,-0.7209661337434464,-0.7195485326172448,-0.544808747954384,0.3846321191261823,0.3474286845416354,0.1400844501797676,-0.1152976495307777,-0.7195485326172448,-0.5708157445322201,-0.4391545105852722,-0.1290740554544691,-0.3949713896235141,0.1954593808406218,0.2227352872474383,0.3952510080741828,-0.2559497858358438,-0.5759964485921784,-0.7859491326256545,-0.9116918197127832,-0.4270871480742097,0.2862123927552761,0.3001366393978803,-0.0300819178247849,0.6892583783800805,0.2226416141044794,-0.4506536462893886,-0.4651073331462375,-0.5383675431827525,-0.6234649744573921,0.1954593808406218,-0.9116918197127832,-0.4270871480742097,-0.1590241891010088,0.0,0.0,0.0,0.0,其他,0,0,0.5,1.0,0,0.3918367346938775,0.010182767624020927,-0.03080939947780681,0.50920245398773,0.1885245901639344,0.09836065573770492,0.13524590163934427,0.3975409836065574,0.29508196721311475,0.5,0.5,0.5,0.5,0.39183673469387753,0.47346938775510206,0.24693877551020407
2025-10-23,38.31,38.7,38.0,38.69,1068582.0,38.188,38.176,38.554,39.751,0.013145490730072,0.0134639564124054,0.003527519842299,-0.0266911524238383,38.554,39.906181862573945,37.20181813742606,0.5502890933938739,0.0701448286855026,0.0101827676240209,0.0227332804652391,0.0099190811798484,-0.0477479694806793,0.0092518119937649,0.0097394280003699,0.0110372208519692,47.05882351450621,-0.4807063620340202,-0.5478394985964573,0.0671331365624371,-115362807.0,62.519788352904285,0.6521428571428599,1.0252892141950738,0.4935064934851293,0.2585034013546823,-0.0242956836391832,0.0101827676240209,0.0110372208519692,47.05882351450621,0.4385864297253634,0.0,0.0,0.0,0.5,-0.5348177995492798,-0.3571774567727077,-0.5412340639433688,-0.3985172718062355,-0.5966668103449246,-0.6057632086184191,-0.7122950033337785,-0.7377109339861676,-0.5484398425771423,0.5272854188908147,0.5561933100938166,0.3964379843096282,0.0271222552649091,-0.7377109339861676,-0.6125181465840489,-0.389059299994504,0.4047813550252518,-0.4881100488664534,0.4086364487226142,0.5161827881362129,0.3871572653175286,-0.1058521256983348,-0.6729162349334885,-0.7878635980484925,-0.8784338085471649,0.205668627090468,0.3265441718188645,0.3095345280306988,0.1056441604253547,0.7388523953993432,0.783264582649924,-0.4541143980282073,0.1584930216470777,0.2068870818117097,-0.3169523020124439,0.4086364487226142,-0.8784338085471649,0.205668627090468,0.5405062187992009,0.0,0.0,0.0,0.0,其他,0,0,0.5,1.0,0,0.3360488798370672,0.0015507883173946357,-0.04032049625226142,0.5816326530612245,0.22903885480572597,0.10020449897750511,0.21267893660531698,0.6359918200408998,0.34151329243353784,0.5,0.5,0.5,0.5,0.3360488798370672,0.45824847250509165,0.23421588594704684
2025-10-24,38.5,38.66,38.28,38.4,917043.0,38.358,38.16,38.488,39.72266666666667,0.0010949475989363,0.0062893081761004,-0.0022864269382665,-0.0332975295381311,38.488,39.7244567372772,37.251543262722805,0.4644144443580664,0.0642515452750977,-0.0074954768674075,0.0226364846870839,-0.004149377593361,-0.0332326283987916,0.0092821712486538,0.009868780266641,0.0100763270913546,50.24154587672986,-0.4434825825937025,-0.5269681153959064,0.0834855328022038,-116279850.0,63.7569645195502,0.6407142857142881,0.9426437914089808,0.3679653679494389,0.1927437641679651,-0.0005208333333331,-0.0074954768674075,0.0100763270913546,50.24154587672986,-0.1418131692280049,0.0,0.0,0.0,0.5,-0.5125627694307692,-0.3587614585386811,-0.5057299773817714,-0.4221431342009911,-0.6352436206936602,-0.5814090561285078,-0.7128053671975341,-0.749242931131732,-0.5572874161626562,0.2205650862762277,0.3913463044484302,0.2769254088446461,-0.0655802309138662,-0.749242931131732,-0.63116168037094,-0.3753698933464698,0.1119184357046565,-0.5244517503100702,-0.0599585701917762,0.5135857411149561,0.227457551729502,0.0318676351703073,-0.6691897595207874,-0.77662380902787,-0.951314462114784,0.4117385217295014,0.347626952117574,0.3213803220682019,0.1471643171960553,0.6922698144684023,0.856620816353677,-0.4596667370444021,0.004307592006848,-0.1679917802073622,-0.5429185609666104,-0.0599585701917762,-0.951314462114784,0.4117385217295014,-0.3383715731108797,0.0,0.0,0.0,0.0,其他,0,0,0.5,1.0,0,0.5213849287169042,0.009635416666666785,-0.0747395833333333,0.45714285714285713,0.24539877300613497,0.081799591002045,0.294478527607362,0.5214723926380368,0.34151329243353784,0.5,0.5,0.5,0.5,0.5213849287169042,0.4684317718940937,0.2240325865580448
2025-10-27,38.43,38.88,38.25,38.8,1131656.0,38.48199999999999,38.24,38.447,39.6985,0.0082636037627983,0.0146443514644352,0.0091814705958852,-0.0226330969683994,38.447,39.57503695348216,37.31896304651783,0.6564665053058192,0.0586801026597254,0.0104166666666667,0.0162388685175483,0.0210526315789472,-0.0206966178697627,0.0074343496924534,0.0090091489096213,0.0104260464421123,59.33014352079842,-0.3773558884533869,-0.4970456700074025,0.1196897815540155,-115148194.0,73.69150481960507,0.6185714285714309,1.165814661021598,0.5411255411021152,0.283446712011713,-0.0100515463917525,0.0104166666666667,0.0104260464421123,59.33014352079842,0.2340271939265661,0.0,0.0,0.0,0.5,-0.5190026270139587,-0.344864262001451,-0.5081444434519642,-0.3872664181349287,-0.5765258969947272,-0.563277634510944,-0.6970687489402091,-0.7554393377407889,-0.5645460706092057,0.4021669436686911,0.5809812711555665,0.5104999347065485,0.0845099195501335,-0.7554393377407889,-0.6461134809181005,-0.3571612428174713,0.7651427660488849,-0.5586548471416759,0.4149408225127832,0.4274095991739677,0.5118943197833448,0.1507945804284975,-0.7743958942484,-0.831380499657341,-0.9197122256390886,0.9999146286986268,0.3856434084987727,0.338656685887457,0.2394295133098022,0.7450173624919458,1.4613622557413128,-0.4714986923620903,0.4204787537556004,0.3498383076356369,-0.2275480359988758,0.4149408225127832,-0.9197122256390886,0.9999146286986268,0.2317592399826,0.0,0.0,0.0,0.0,其他,0,0,0.5,1.0,0,0.3421588594704684,0.0018041237113401998,-0.07216494845360821,0.4489795918367347,0.26380368098159507,0.10633946830265849,0.5612244897959183,0.65439672801636,0.4233128834355828,0.5,0.5,0.5,0.5,0.3421588594704684,0.34012219959266804,0.2505091649694501
2025-10-28,38.81,38.81,38.24,38.33,808191.0,38.504,38.258,38.3705,39.66616666666667,-0.0045190110118429,0.0018819593287677,-0.0010554983646291,-0.0336852985541835,38.3705,39.281750730994005,37.459249269006,0.4777777955779518,0.0474974645100601,-0.0121134020618556,0.0028780743066456,0.0047182175622542,-0.0383843452082288,0.0102175314799085,0.0100222190639983,0.0105700058471107,54.746136848422815,-0.3587397503363903,-0.4693844860732001,0.1106447357368098,-115956385.0,66.75428929609268,0.6378571428571449,0.8530147499207216,0.4105263157678664,0.1768707482953091,0.0031307070180017,-0.0121134020618556,0.0105700058471107,54.746136848422815,-0.2858333274422616,0.0,0.0,0.0,0.5,-0.4757867841357162,-0.3482857467827941,-0.5081159047351524,-0.4262947564359611,-0.6609883830174406,-0.5588568689424215,-0.6919158655510752,-0.7691407058978249,-0.5748832640070012,0.075979565003962,0.2878544487992484,0.2997483958780621,-0.0714806463007125,-0.7691407058978249,-0.677238777533817,-0.3202407883934134,0.1540868233890636,-0.6286839571548418,-0.1842128363502989,0.2487388140994487,0.3256634376651935,-0.017786547960835,-0.6103637945770967,-0.7609351377632343,-0.9046820460642852,0.6989970222394584,0.3957120870925489,0.354560919659784,0.2157682590119566,0.7036089309268789,1.0289842559557425,-0.458983127872805,-0.1649826664594978,-0.0419913897399808,-0.5962275759427585,-0.1842128363502989,-0.9046820460642852,0.6989970222394584,-0.5575548670926439,0.0,0.0,0.0,0.0,其他,0,0,0.5,1.0,0,0.5326530612244897,0.008609444299504165,-0.060266110096530046,0.5030674846625767,0.1680327868852459,0.11065573770491803,0.47648261758691207,0.48155737704918034,0.35655737704918034,0.5,0.5,0.5,0.5,0.5326530612244897,0.3469387755102041,0.24081632653061225
2025-10-29,38.18,38.36,38.03,38.13,796200.0,38.47,38.243,38.3215,39.63333333333333,-0.0088380556277617,-0.0029547891117328,-0.0049971947862165,-0.0379310344827585,38.3215,39.16844559571766,37.47455440428234,0.3869466935025351,0.0442021108628548,-0.0052178450300024,-0.00443864229765,-0.0039184952978056,-0.0250575300434671,0.0104733506467602,0.0101164274499543,0.0098366804459702,47.91666665113812,-0.3560206705689026,-0.4467117229723406,0.090691052403438,-116752585.0,59.94878043122471,0.6121428571428587,0.8786492373645753,0.3052631578786723,0.131519274373436,0.0146865984788879,-0.0052178450300024,0.0098366804459702,47.91666665113812,-0.0148368393114993,0.0,0.0,0.0,0.5,-0.544261407284429,-0.3744172804600354,-0.5325774949423733,-0.442316885704175,-0.6623261209799312,-0.561963442971763,-0.6923943652874054,-0.7769543655184384,-0.5853880319951222,-0.0343342105835168,0.1764279419195571,0.2182268512430687,-0.1312902348736859,-0.7769543655184384,-0.6879442195958668,-0.3155548315416215,-0.1566640782937637,-0.6479505400132205,-0.0003690257529778,0.1506921950117572,0.2269189210186045,0.109297512985654,-0.5938187064199203,-0.7522049648595804,-0.9594139945084744,0.2528634660456055,0.3964201257402229,0.3674473800680272,0.1641216238806783,0.6629457353905968,0.6074773311775847,-0.4729707659609959,-0.1166248660273111,-0.3577000469287936,-0.7512568195754505,-0.0003690257529778,-0.9594139945084744,0.2528634660456055,-0.1444931596665895,0.0,0.0,0.0,0.0,其他,0,0,0.5,1.0,0,0.5845213849287169,0.007343299239443768,-0.06713873590348807,0.38979591836734695,0.14519427402862986,0.08588957055214724,0.31020408163265306,0.4437627811860941,0.26789366053169733,0.5,0.5,0.5,0.5,0.5845213849287169,0.35030549898167007,0.2545824847250509
2025-10-30,38.07,38.3,37.75,37.75,784386.0,38.282,38.235,38.2365,39.59966666666666,-0.013896870591923,-0.0126847129593304,-0.0127234448759693,-0.0467091473833952,38.2365,38.93474667636366,37.53825332363634,0.1516274144341331,0.0365225204378974,-0.009965906110674,-0.0242956836391832,-0.0021147237642082,-0.0430925221799747,0.008932123213755,0.0099058176171784,0.0097310539366704,40.8988763916273,-0.3801465120382161,-0.4333986807855158,0.0532521687472996,-117536971.0,52.93067763718672,0.6242857142857154,0.8862567863014162,0.1428571428469402,0.0453514739218747,0.0264900662251654,-0.009965906110674,0.0097310539366704,40.8988763916273,-0.0148379804069329,0.0,0.0,0.0,0.5,-0.5550600731181967,-0.3771802361857974,-0.5655694869890103,-0.4736449356901382,-0.6636214424414038,-0.5857449217178415,-0.6916922595002505,-0.7923809862580375,-0.5961856365297862,-0.1635488375264143,-0.0473304314553168,0.0589330594646911,-0.2552739907155607,-0.7923809862580375,-0.7122157719684042,-0.2983847306960271,-0.9603830215983696,-0.6952727072948829,-0.1269557051554583,-0.1148560352374515,0.2469500694483095,-0.0632299441500541,-0.6819657982781371,-0.7639050654350791,-0.9639178695274664,-0.2054529919656207,0.3813105610015088,0.3746746346015805,0.0675187211602874,0.6229986462215903,0.1736406981804287,-0.4646320411023684,-0.1021012040182583,-0.8439616248858014,-1.046258816204719,-0.1269557051554583,-0.9639178695274664,-0.2054529919656207,-0.1442076136179683,0.0,0.0,0.0,0.0,其他,0,0,0.5,1.0,0,0.570264765784114,0.02198675496688729,-0.041059602649006544,0.336734693877551,0.1738241308793456,0.081799591002045,0.24693877551020407,0.4335378323108384,0.3210633946830266,0.5,0.5,0.5,0.5,0.570264765784114,0.34826883910386963,0.35234215885947046
2025-10-31,37.69,38.85,37.66,38.38,1235135.0,38.278,38.318,38.208,39.58083333333333,0.0026647160248707,0.0016180385197559,0.0045016750418762,-0.0303387582373622,38.208,38.82548556343683,37.59051443656317,0.6392745111146818,0.0323223180190124,0.0166887417218544,-0.0005208333333331,0.0221038615179762,-0.0146341463414634,0.0128480873320168,0.0108366697984937,0.010261062060749,54.20353980622017,-0.3444599604546354,-0.4156109367193398,0.0711509762647043,-116301836.0,61.3361885532852,0.6050000000000014,1.3857771525695055,0.6639999999468843,0.1882086167757786,0.0101615424700365,0.0166887417218544,0.010261062060749,54.20353980622017,0.5746520208162818,0.0,0.0,0.0,0.5,-0.5957424985916848,-0.3433670541912049,-0.575170181726004,-0.4187974990989181,-0.5415633208271045,-0.58473700290357,-0.6755244678083259,-0.795740329843236,-0.6013194507997868,0.2608337904246917,0.2817853785394799,0.41352508761167,-0.0221662519717708,-0.795740329843236,-0.7223267015670587,-0.284189227293569,0.7112449503029081,-0.7200775769860833,0.5849365908070032,0.2035699101481411,0.5222059560957951,0.2093394002264046,-0.4516296305825967,-0.6991712275565369,-0.9179366033308426,0.6640375330275043,0.4015341245333065,0.3846042924295882,0.1135069918845431,0.6813788527839577,0.6917491643338586,-0.4748646888827922,0.8363021569680383,0.7248114317740292,-0.5462671249196344,0.5849365908070032,-0.9179366033308426,0.6640375330275043,0.75483809764453,0.0,0.0,0.0,0.0,其他,0,0,0.5,1.0,0,0.3869653767820774,0.006253256904637627,-0.059145388223032946,0.5224489795918368,0.2331288343558282,0.10020449897750511,0.563265306122449,0.8118609406952966,0.48466257668711654,0.5,0.5,0.5,0.5,0.3869653767820774,0.2668024439918534,0.18329938900203666
2025-11-03,38.4,38.48,38.11,38.41,711300.0,38.2,38.341,38.2095,39.56166666666668,0.0054973821989527,0.0017996400719857,0.0052473861212525,-0.0291106711041836,38.2095,38.828887643267,37.590112356733,0.66185340643564,0.0324206097051976,0.0007816571130796,-0.0100515463917525,0.006024096385542,0.0007816571130796,0.0115443900737222,0.0095576754217778,0.0097231312526571,52.95454543769626,-0.3101817794694952,-0.3945251052693709,0.0843433257998757,-115590536.0,60.84772287932061,0.5921428571428581,0.8180937541422969,0.6879999999449595,0.1950113378640584,0.0119760479041917,0.0007816571130796,0.0097231312526571,52.95454543769626,-0.4241115343666887,0.0,0.0,0.0,0.5,-0.515441318213052,-0.364853493199063,-0.5183915653265484,-0.4152864551402697,-0.6800998686402091,-0.5936998472623111,-0.669643592627195,-0.792719084554952,-0.606575092186649,0.3329222649075038,0.2853626044155223,0.4278913721371902,-0.0046271124256954,-0.792719084554952,-0.7196560540681854,-0.2836553298840341,0.7861677008283704,-0.7171724477004598,0.1583148602123693,0.0753606121088622,0.3375346993534387,0.3566956440387451,-0.5267488918864761,-0.7827673006307595,-0.9571336736093417,0.5805543352054142,0.4209040395760676,0.3965246754919024,0.1473420157278579,0.7140643431943039,0.65955751019748,-0.4812849776264173,-0.2337058469016473,0.7945250701423898,-0.5208424600682514,0.1583148602123693,-0.9571336736093417,0.5805543352054142,-0.7712092214048675,0.0,0.0,0.0,0.0,其他,0,0,0.5,1.0,0,0.4134419551934827,-0.0059880239520957446,-0.05076802915907308,0.3408163265306122,0.261758691206544,0.081799591002045,0.40816326530612246,0.34151329243353784,0.39263803680981596,0.5,0.5,0.5,0.5,0.4134419551934827,0.25661914460285135,0.24643584521384929
2025-11-04,38.3,38.66,38.21,38.45,886357.0,38.224,38.364,38.231,39.536,0.0059125156969443,0.0022416849129394,0.0057283356438493,-0.027468636179684,38.231,38.85253968412937,37.60946031587064,0.6761753959758434,0.0325149582342989,0.0010413954699297,0.0031307070180017,0.0060177917320776,0.0113098369279327,0.010056585028345,0.009557646027274,0.0094650866257505,51.97215775573992,-0.2765999364871092,-0.3709400715129186,0.0943401350258094,-114704179.0,61.262573789387545,0.5778571428571436,1.038442209568718,0.7199999999424045,0.2040816326484346,0.0054616384915473,0.0010413954699297,0.0094650866257505,51.97215775573992,0.2461085336707438,0.0,0.0,0.0,0.5,-0.5252987153847513,-0.3532297594794122,-0.5048193165100328,-0.4109294107979343,-0.6314084475581497,-0.5889001853513066,-0.6637935028810118,-0.7854723169803751,-0.614303540029156,0.3428634943962794,0.2949524792854556,0.4367747749785666,0.0188207778619477,-0.7854723169803751,-0.7147145707014515,-0.2779971440080187,0.8324815669572748,-0.714316763121236,0.1649621554583547,0.2523081564448654,0.3367125833248051,0.4569409662206676,-0.6124601588098457,-0.7802490485435533,-0.973814714475504,0.5147274517107224,0.4398397048694311,0.409951313236094,0.1729082874047617,0.7551485986913342,0.6832541189495196,-0.488545697422775,0.1822548668722527,0.8878552119851758,-0.4875924501917977,0.1649621554583547,-0.973814714475504,0.5147274517107224,0.2547331616845862,0.0,0.0,0.0,0.0,其他,0,0,0.5,1.0,0,0.2816326530612245,-0.02002600780234076,-0.060078023407022174,0.5316973415132924,0.4098360655737705,0.07172131147540983,0.5030674846625767,0.7075664621676891,0.4560327198364008,0.5,0.5,0.5,0.5,0.2816326530612245,0.22244897959183674,0.1816326530612245
2025-11-05,38.38,38.88,38.23,38.69,1019582.0,38.336,38.403,38.2705,39.51200000000001,0.0092341402337228,0.0074733744759523,0.0109614454997974,-0.0208038064385505,38.2705,38.90376971056261,37.63723028943738,0.8312174835775593,0.0330944048581001,0.0062418725617683,0.0146865984788879,0.0101827676240209,0.020844327176781,0.0096792855711955,0.0097163995733432,0.0095017479012072,60.487804857394416,-0.2279919406055839,-0.3423504453314517,0.1143585047258677,-113684597.0,68.2197820699138,0.5764285714285725,1.1824682419155164,0.9119999999270404,0.2585034013546823,-0.0072370121478418,0.0062418725617683,0.0095017479012072,60.487804857394416,0.1503062535750268,0.0,0.0,0.0,0.5,-0.5151172042263311,-0.3392098381289779,-0.5011425653592246,-0.3894400197157798,-0.5940636240419841,-0.5722455259053182,-0.6552421019062346,-0.7744427068268505,-0.6213800375919399,0.4275594402336996,0.415263435685984,0.5439086702958484,0.114136241154218,-0.7744427068268505,-0.7066777473672119,-0.2701548990366942,1.3579276336300274,-0.7083615159675185,0.3042241071782252,0.4072455820425242,0.3836438965980733,0.5474414751007762,-0.6329075592059648,-0.7671038518485749,-0.9669744911696518,1.0700714255846495,0.4676625694688749,0.4264058444541443,0.2244354658608016,0.802544068050957,1.1102148024383491,-0.4881754305501222,0.4538117522304775,1.4584249030038026,-0.2959534619537188,0.3042241071782252,-0.9669744911696518,1.0700714255846495,0.1075329373468273,0.0,0.0,0.0,0.0,其他,0,0,0.5,1.0,0,0.2708757637474542,-0.04057896097182734,-0.0700439390023262,0.5836734693877551,0.42244897959183675,0.07551020408163266,0.5836734693877551,0.7510204081632653,0.4530612244897959,0.5,0.5,0.5,0.5,0.2708757637474542,0.219959266802444,0.20366598778004075
2025-11-06,38.8,38.95,38.5,38.75,901165.0,38.536,38.409000000000006,38.2925,39.48866666666667,0.0055532489101099,0.0088781275221951,0.0119475093033885,-0.0187057890027518,38.2925,38.961131752949925,37.62386824705007,0.8421165670769846,0.0349223348148165,0.0015507883173946,0.0264900662251654,0.0015507883173946,0.0114852518924561,0.0067673967964611,0.0091843612300973,0.0092235007805918,65.46391750215224,-0.1825242294173392,-0.3103852021486292,0.12786097273129,-112783432.0,73.85240832955485,0.5707142857142868,1.04018397612378,0.9599999999232024,0.2721088435312451,-0.0043870967741935,0.0015507883173946,0.0092235007805918,65.46391750215224,-0.1161426937705844,0.0,0.0,0.0,0.5,-0.4670756504281401,-0.3342630623198033,-0.4666093097504178,-0.3834344521035931,-0.6242664025233363,-0.5437459393911578,-0.6523691736379945,-0.7672095585654892,-0.6281881530883116,0.3317460260202528,0.4468210101222662,0.5628724566957349,0.1439431606010078,-0.7672095585654892,-0.6979887903155219,-0.2730434158948775,1.386934740114699,-0.694394868648816,0.1774544032267173,0.5652574123812014,0.2837824705404624,0.4558836107338449,-0.8017378074869627,-0.800406332592243,-0.985218560947248,1.388956129986772,0.4935781859973987,0.4448960999771479,0.2590320749541112,0.8439383665964182,1.450650990493634,-0.4903578911013547,0.1835857291977086,1.5913899491667725,-0.2474876068120346,0.1774544032267173,-0.985218560947248,1.388956129986772,-0.3014370885748252,0.0,0.0,0.0,0.0,其他,0,0,0.5,1.0,0,0.2647657841140529,-0.041806451612903195,-0.0689032258064517,0.5693877551020409,0.40408163265306124,0.07142857142857142,0.5979591836734693,0.6632653061224489,0.4489795918367347,0.5,0.5,0.5,0.5,0.26476578411405294,0.26883910386965376,0.2769857433808554
2025-11-07,38.7,38.93,38.5,38.77,664469.0,38.614,38.446000000000005,38.303,39.46816666666667,0.0040399854974879,0.0084274046714871,0.0121922564812158,-0.0176893614685252,38.303,38.99548902708407,37.610510972915925,0.8371894583533889,0.0361584746407468,0.0005161290322581,0.0101615424700365,0.0096354166666667,0.0054460580912862,0.0023873077179896,0.0087796987446263,0.009117975708694,59.0214067025597,-0.1432258889799413,-0.2769533395148917,0.1337274505349503,-112118963.0,73.50889624538522,0.5214285714285722,0.7765609984106929,0.9759999999219248,0.2766439909234332,-0.003868970853753,0.0005161290322581,0.009117975708694,59.0214067025597,-0.2626555625218467,0.0,0.0,0.0,0.5,-0.4771571940106996,-0.3347679963187835,-0.4655313743604506,-0.3808801785047632,-0.68610438983413,-0.531830798436345,-0.6442105327262162,-0.7624768015759374,-0.6338982741306189,0.2919698058541543,0.4353185777651798,0.5664297356215588,0.1581973683840208,-0.7624768015759374,-0.6919603117686179,-0.2759325865532598,1.3619941961275968,-0.6843127710811507,0.1492285469665775,0.3436197180821982,0.3760640738932616,0.3964975766474403,-1.05539150178272,-0.8249932848787189,-0.9896136073557664,0.9624895277076256,0.5157819271730533,0.4642568826924352,0.2737605469379797,0.8735786075540605,1.4207126584475624,-0.5184571418090792,-0.316650768565844,1.62713888136272,-0.2309148841396754,0.1492285469665775,-0.9896136073557664,0.9624895277076256,-0.5257768196071044,0.0,0.0,0.0,0.0,其他,0,0,0.5,1.0,0,0.2810590631364562,-0.08356977044106273,-0.0673200928553006,0.38571428571428573,0.3795918367346939,0.07142857142857142,0.4816326530612245,0.4306122448979592,0.4530612244897959,0.5,0.5,0.5,0.5,0.28105906313645623,0.2505091649694501,0.2240325865580448
2025-11-10,38.76,38.98,38.63,38.87,690051.0,38.706,38.453,38.3465,39.452666666666666,0.0042370691882394,0.0108444074584557,0.0136518326314005,-0.0147687524290711,38.3465,39.06755989239544,37.62544010760456,0.863007293454206,0.0376075987322732,0.0025793139025018,0.0119760479041917,0.0018041237113401,0.0228947368421053,0.0022862130675204,0.0081740259817443,0.0084295511792365,59.75975973463554,-0.1028271790875337,-0.2421281074294201,0.1393009283418864,-111428912.0,73.3807009822975,0.5242857142857146,0.8132611163694182,0.9999999999242424,0.299319727884369,-0.0177514792899408,0.0025793139025018,0.0084295511792365,59.75975973463554,0.0384999149696976,0.0,0.0,0.0,0.5,-0.4693435601634806,-0.3310351557544735,-0.4483577775351351,-0.3714413490423675,-0.6773295937049023,-0.518050119660381,-0.6412272193492329,-0.7507323376680539,-0.637681758096615,0.2964594194238382,0.4904257195225406,0.5951986075568536,0.1998912564030243,-0.7507323376680539,-0.6816741605089005,-0.271421464083509,1.441197462809024,-0.6729033885692636,0.2046323605501404,0.3674033755506216,0.2850913286616565,0.5641168007216495,-1.056997059203634,-0.8629604862283496,-1.0402743142862243,1.0068809718742593,0.5386011191845629,0.4844410721398346,0.2877205706299571,0.9043016693811152,1.4043898016522185,-0.5154478152500424,-0.2462489719273789,1.685601885628241,-0.1504684346368769,0.2046323605501404,-1.0402743142862243,1.0068809718742593,-0.0612519356276512,0.0,0.0,0.0,0.0,其他,0,0,0.5,1.0,0,0.2688391038696537,-0.07383586313352197,-0.07152045279135566,0.4122448979591837,0.3816326530612245,0.04693877551020408,0.5408163265306123,0.3489795918367347,0.3795918367346939,0.5,0.5,0.5,0.5,0.26883910386965376,0.3136456211812627,0.23828920570264767
2025-11-11,38.96,38.96,38.5,38.66,1046219.0,38.748000000000005,38.486,38.372,39.42816666666666,-0.0022710849592239,0.0045211245647767,0.0075054727405399,-0.0194826879261441,38.372,39.09984035265135,37.64415964734865,0.6978455844616865,0.0379360133769129,-0.0054026241317211,0.0054616384915473,0.0086094442995041,0.0133682830930537,0.0042265652990397,0.007275991569466,0.008525910721258,55.20231211639213,-0.0867560852292825,-0.2110537029893926,0.12429761776011,-112475131.0,65.7290474700535,0.5385714285714285,1.2200450389254005,0.840909090845385,0.251700680266401,-0.0253491981376098,-0.0054026241317211,0.008525910721258,55.20231211639213,0.5161473572243211,0.0,0.0,0.0,0.5,-0.4458748958572952,-0.3315576430351151,-0.4634718301268281,-0.3887661849418391,-0.5797241240692216,-0.5110919983488563,-0.6338025551812989,-0.7429005446535598,-0.6449212431803656,0.1271779392481995,0.3421642352620547,0.46578569892669,0.1312938736302406,-0.7429005446535598,-0.6759707475670845,-0.265922635523812,0.8741005280891138,-0.6687957595772287,-0.0116519795189232,0.2783994498790138,0.3629558590935113,0.470464464107246,-0.939337804895276,-0.9203493961246396,-1.0282144859373894,0.7057000648207453,0.5468735693977194,0.5023026578283966,0.2479883593903871,0.8501850677863002,0.9290366865979052,-0.5056346131290191,0.5282978344430411,1.2050137993493395,-0.3181723945526468,-0.0116519795189232,-1.0282144859373894,0.7057000648207453,0.6748613104057992,0.0,0.0,0.0,0.0,其他,0,0,0.5,1.0,0,0.3455284552845528,-0.06828763579927555,-0.07216761510605274,0.2790224032586558,0.32382892057026474,0.05091649694501019,0.39307535641547864,0.7230142566191446,0.2973523421588595,0.5,0.5,0.5,0.5,0.34552845528455284,0.3008130081300813,0.3008130081300813
2025-11-12,38.69,38.69,38.32,38.41,727800.0,38.69199999999999,38.514,38.3785,39.39966666666667,-0.0072883283366069,-0.0027003167679284,0.0008207720468489,-0.0251186558261915,38.3785,39.10520199495664,37.65179800504337,0.5216732582038023,0.0378702656411658,-0.0064666321779617,-0.0072370121478418,0.0073432992394437,0.0033960292580981,0.0041801750809121,0.0074019306844458,0.008645838206241,45.78313251081432,-0.0931191189606295,-0.18746678618364,0.0943476672230105,-113202931.0,58.87661976825635,0.5149999999999996,0.8503976643158627,0.6515151514657938,0.1950113378640584,-0.033585003905233,-0.0064666321779617,0.008645838206241,45.78313251081432,-0.3043521480684255,0.0,0.0,0.0,0.5,-0.4751450833933089,-0.3472819737221873,-0.4847780386365043,-0.409532084492784,-0.6639808975956953,-0.5174778328370898,-0.627268455976603,-0.7391803423196917,-0.6536838522175863,-0.0033740549199074,0.1730574834890021,0.325340555601155,0.049350498200958,-0.7391803423196917,-0.673369307559329,-0.2633412597209843,0.2716796211378557,-0.6672658939094436,-0.0404646134139018,0.105514852874336,0.3475331025063423,0.3726407732289533,-0.9386694884386034,-0.9085732028371036,-1.0144039339641566,0.0867877018797906,0.5417423443944732,0.5155546227401204,0.1691986281089787,0.8119089756686398,0.5050594895548085,-0.5184639500378044,-0.1774572053943896,0.638799040580585,-0.5176853005035601,-0.0404646134139018,-1.0144039339641566,0.0867877018797906,-0.5926318753334302,0.0,0.0,0.0,0.0,其他,0,0,0.5,1.0,0,0.3177189409368635,-0.07393907836500901,-0.0718562874251496,0.2673469387755102,0.3346938775510204,0.05510204081632653,0.2510204081632653,0.42448979591836733,0.2612244897959184,0.5,0.5,0.5,0.5,0.31771894093686354,0.23828920570264767,0.2708757637474542
2025-11-13,38.42,38.63,38.22,38.58,791886.0,38.658,38.597,38.416,39.37133333333334,-0.0020176936209841,-0.0004404487395391,0.0042690545605998,-0.0200992261713262,38.416,39.09965580752171,37.73234419247829,0.6199433970527627,0.0355922432069934,0.0044259307472012,-0.0043870967741935,0.0219867549668872,0.0198255352894527,0.0048407895773679,0.0064194166736117,0.0082140213762798,52.81249997689453,-0.0834819617112003,-0.1666698212891521,0.0831878595779517,-112411045.0,65.96891004062215,0.515,0.923375394939734,0.7803030302439171,0.2335600906976517,-0.0375842405391393,0.0044259307472012,0.0082140213762798,52.81249997689453,0.0880544105523495,0.0,0.0,0.0,0.5,-0.5043693429783463,-0.3502085325652082,-0.4960996816374884,-0.3939238896953781,-0.6449277290041375,-0.5208619957571398,-0.6113043667975785,-0.7288488390495903,-0.6623598213503069,0.1337829179753157,0.2255103749332164,0.3966184516523346,0.1221030167325028,-0.7288488390495903,-0.6720332336389385,-0.2415745817719439,0.6063428646328983,-0.6800947482644072,0.255330643445242,0.1440624194111489,0.5161226440248435,0.5312859674532953,-0.896655829009689,-0.9713747417912028,-1.0445202856370523,0.5480489211459767,0.5461933493060062,0.5270767849668183,0.1396420631236605,0.8480724205505475,0.9397250156411158,-0.5171717161736865,-0.0376989549934947,1.0188331633596144,-0.3796482290054829,0.255330643445242,-1.0445202856370523,0.5480489211459767,0.0149933316409055,0.0,0.0,0.0,0.0,其他,0,0,0.5,1.0,0,0.4265306122448979,-0.06168999481596671,-0.08968377397615346,0.261758691206544,0.3456032719836401,0.05521472392638037,0.29243353783231085,0.48261758691206547,0.24335378323108384,0.5,0.5,0.5,0.5,0.42653061224489797,0.41836734693877553,0.3040816326530612
2025-11-14,38.41,38.86,38.41,38.62,940100.0,38.628,38.621,38.4695,39.359,-0.0002071036553795,-2.589264907681965e-05,0.0039121901766334,-0.0187758835336264,38.4695,39.02286197347168,37.91613802652831,0.6359869372593439,0.0287688674648877,0.0010368066355623,-0.003868970853753,0.0062532569046376,0.0284953395472702,0.0048834636980356,0.0039111709540322,0.0079721607596372,46.830985892407256,-0.071789237810016,-0.1476937045933249,0.0759044667833089,-111470945.0,65.4226584064806,0.5021428571428572,1.0766380536637818,0.7767857142163579,0.2426303854820264,-0.0800103573278093,0.0010368066355623,0.0079721607596372,46.830985892407256,0.1871658294249425,0.0,0.0,0.0,0.5,-0.5043155387690069,-0.3354476018072257,-0.4712769758530986,-0.3896088480414407,-0.6032450855123493,-0.5237003792710139,-0.6055536520740593,-0.7151417938355555,-0.6648421457991395,0.1807239972189287,0.2347566811872929,0.3882357357436971,0.1410643762052676,-0.7151417938355555,-0.6788575313718098,-0.1925886401063128,0.6594186515392577,-0.7223789753167319,0.1626620724485876,0.150841702465755,0.3326372374342687,0.6141456873081028,-0.89108771633161,-1.1360670791538043,-1.0593146375471427,0.1534981131336513,0.5518714149834788,0.5374641256818314,0.1202632199359688,0.8912862363233579,0.902740978042972,-0.5235920266622145,0.2556996824730151,1.0042647269169225,-0.3464194629828475,0.1626620724485876,-1.0593146375471427,0.1534981131336513,0.1684365290177802,0.0,0.0,0.0,0.0,其他,0,0,0.5,1.0,0,0.3653061224489796,-0.06499223200414284,-0.0973588814085965,0.278118609406953,0.3047034764826176,0.05521472392638037,0.24335378323108384,0.6094069529652352,0.29243353783231085,0.5,0.5,0.5,0.5,0.3653061224489796,0.24081632653061225,0.27346938775510204
2025-11-17,38.68,38.84,38.01,38.18,1164191.0,38.49,38.598,38.4695,39.33466666666666,-0.0080540400103922,-0.0108295766620032,-0.0075254422334576,-0.0293549371207755,38.4695,39.02286197347168,37.91613802652831,0.2384171537776887,0.0287688674648877,-0.0113930605903675,-0.0177514792899408,-0.0059880239520957,0.0,0.0062870170516234,0.0054507413056133,0.0075987794340148,47.33096083051128,-0.0969098758848119,-0.1375369388516223,0.0406270629668103,-112635136.0,63.55753164686168,0.5207142857142861,1.3089171145608711,0.3839285713942927,0.1428571428539039,-0.0570979570455736,-0.0113930605903675,0.0075987794340148,47.33096083051128,0.2383693224125094,0.0,0.0,0.0,0.5,-0.4727434646505172,-0.3359775753531777,-0.5201137613660928,-0.4269825389567432,-0.5411741057483782,-0.5412827626540548,-0.6079305285662734,-0.712983988114182,-0.6719623916644928,-0.0245769961949635,-0.0190948772881146,0.1476196045728989,-0.0135977276599883,-0.712983988114182,-0.6768778185229416,-0.1921903131157707,-0.702493707031648,-0.7201843183165956,-0.1763434699629348,-0.0389336227006576,0.1898094153197044,0.3350908233736259,-0.805824829110818,-1.02781534740559,-1.0844189652705452,0.1861391913730282,0.5354798290169203,0.5424180814384152,0.0272802277892747,0.83141342920686,0.78495730683883,-0.5111489896980195,0.6999418866609431,-0.1673749232523413,-0.6999846973547111,-0.1763434699629348,-1.0844189652705452,0.1861391913730282,0.2475322220853557,0.0,0.0,0.0,0.0,其他,0,0,0.5,1.0,0,0.5224489795918368,-0.04504976427448926,-0.09245678365636467,0.2658486707566462,0.2392638036809816,0.0408997955010225,0.25971370143149286,0.7975460122699386,0.25153374233128833,0.5,0.5,0.5,0.5,0.5224489795918368,0.40408163265306124,0.2938775510204082
2025-11-18,38.17,38.17,37.62,37.68,896500.0,38.294,38.521,38.4425,39.29316666666667,-0.0160338434219459,-0.0218322473456037,-0.0198348182350261,-0.0410546363023257,38.4425,39.09154383113708,37.79345616886291,-0.0874025477257845,0.0337669938810117,-0.0130958617077003,-0.0253491981376098,-0.0200260078023407,-0.0141287284144426,0.0076453881771378,0.0066768983612284,0.0081378405111881,42.7652732926458,-0.1553729412825504,-0.1411041393378079,-0.0142688019447424,-113531636.0,63.09114552387116,0.5371428571428579,1.000356345564926,0.0,0.0294784580492187,-0.0440552016985137,-0.0130958617077003,0.0081378405111881,42.7652732926458,-0.2299373556400968,0.0,0.0,0.0,0.5,-0.5291741831895012,-0.3762888916555665,-0.5676032044338745,-0.4695240119071512,-0.612299481842457,-0.5667592866336466,-0.6196297566886294,-0.7166462974707349,-0.6857037676192399,-0.2333354590753256,-0.2775871459843083,-0.1112964609675055,-0.1846376452532438,-0.7166462974707349,-0.6670456091686884,-0.22427789771301,-1.8059194355070736,-0.6855125723390515,-0.2224819727089517,-0.1427587624196349,0.0260970438974362,0.1964439000449475,-0.7236124238164304,-0.941446870704563,-1.0369709453202434,-0.1157108057734381,0.4991141129117398,0.5389264155704162,-0.1173837170684945,0.7849454224507888,0.753797179965739,-0.500025153911101,0.1062079885874359,-1.3078377941369768,-1.099288060617273,-0.2224819727089517,-1.0369709453202434,-0.1157108057734381,-0.4805395022184086,0.0,0.0,0.0,0.0,其他,0,0,0.5,1.0,0,0.3938775510204081,-0.04087048832271756,-0.09156050955414019,0.34355828220858897,0.2903885480572597,0.049079754601226995,0.261758691206544,0.588957055214724,0.261758691206544,0.5,0.5,0.5,0.5,0.39387755102040817,0.3142857142857143,0.3224489795918367
2025-11-19,37.66,37.83,37.07,37.12,987594.0,38.036,38.364,38.3835,39.236,-0.0240824482069619,-0.0324262329267021,-0.0329177901963083,-0.0539300642267305,38.3835,39.261302879203015,37.50569712079698,-0.2196946090705465,0.0457385532429679,-0.0148619957537156,-0.033585003905233,-0.0405789609718273,-0.0308093994778068,0.0088482260147698,0.0071036995184875,0.0086976609587035,40.425531897691215,-0.2440790700752799,-0.1616991254853023,-0.0823799445899776,-114519230.0,62.1667967106817,0.5521428571428579,1.0871553020581275,0.0,0.0,-0.0417564655172413,-0.0148619957537156,0.0086976609587035,40.425531897691215,0.1016107083100947,0.0,0.0,0.0,0.5,-0.5854851334551626,-0.3963360401090013,-0.6349781323307231,-0.5172198567082177,-0.5860798969656554,-0.6006623709611074,-0.6451255916253595,-0.7271853768190759,-0.7054618681951061,-0.4437421479878389,-0.526189083857191,-0.3863868698713947,-0.3727969213617516,-0.7271853768190759,-0.6456609914158948,-0.3001380759767391,-2.231162421245836,-0.6055598947729776,-0.2703352692486183,-0.2553001978185731,-0.2135561551994583,0.0328544656059434,-0.650851177874741,-0.9093741149823809,-0.9882868886505772,-0.2702515826693609,0.444632234591473,0.5249604239015984,-0.2968807990812632,0.7342269568436806,0.6945643985672623,-0.4897887350162079,0.2729162065955497,-1.300825873121532,-1.1976196038405489,-0.2703352692486183,-0.9882868886505772,-0.2702515826693609,0.0363689573735086,0.0,0.0,0.0,0.0,其他,0,0,0.5,1.0,0,0.319755600814664,-0.030711206896551713,-0.07839439655172409,0.3183673469387755,0.24285714285714285,0.0653061224489796,0.23673469387755103,0.7489795918367347,0.23469387755102042,0.5,0.5,0.5,0.5,0.319755600814664,0.35845213849287166,0.31160896130346233
2025-11-20,37.2,37.38,36.93,37.13,711806.0,37.746,38.202,38.3055,39.17783333333333,-0.0163196100249031,-0.0280613580440813,-0.0306874991841901,-0.0522702038142316,38.3055,39.33308736342656,37.27791263657343,-0.071970832763556,0.0536522099136614,0.0002693965517241,-0.0375842405391393,-0.0418064516129031,-0.0403204962522614,0.0076460744494137,0.0070010351865729,0.0082669946544393,26.59176028568224,-0.3099989251680242,-0.1913590854218467,-0.1186398397461774,-113807424.0,54.78765727502796,0.4992857142857149,0.7992597645886556,0.0057142857139621,0.0020661157024377,-0.0250471316994344,0.0002693965517241,0.0082669946544393,26.59176028568224,-0.2792524053406562,0.0,0.0,0.0,0.5,-0.6360038605233914,-0.4231150577350805,-0.650859542359541,-0.5151454565639815,-0.6594010151601009,-0.6388601132608865,-0.6714115267655065,-0.7417796116786235,-0.7255276062810614,-0.2390661133967201,-0.4221433300855511,-0.3385154676382292,-0.3474466699555219,-0.7417796116786235,-0.6356101696642236,-0.3600074910505032,-1.7166247328630195,-0.5523037026650638,0.14469410793175,-0.3096591053060919,-0.2274646182010812,-0.0604513085621386,-0.7198502538210613,-0.9131106757842856,-1.0185858302765198,-1.1834312220398944,0.4039526832280558,0.5054364796245135,-0.3920861541171941,0.7670572052589596,0.236739470114287,-0.5204761227000522,-0.2823757929333845,-1.277094901535875,-1.1835168414256565,0.14469410793175,-1.0185858302765198,-1.1834312220398944,-0.5572585561438657,0.0,0.0,0.0,0.0,其他,0,0,0.5,1.0,0,0.4419551934826884,-0.028279019660651827,-0.0740640991112308,0.42653061224489797,0.23061224489795917,0.05918367346938776,0.08571428571428572,0.5551020408163265,0.29183673469387755,0.5,0.5,0.5,0.5,0.4419551934826884,0.4195519348268839,0.2769857433808554
2025-11-21,37.17,37.24,35.53,35.53,1421300.0,37.128,37.878,38.162,39.087,-0.043040293040293,-0.0619884893605786,-0.0689691315968764,-0.0910021234681606,38.162,39.77107426801881,36.55292573198119,-0.3178615655848167,0.0843286131761748,-0.0430918394828979,-0.0800103573278093,-0.0835697704410627,-0.0747395833333333,0.0160364373750944,0.0138959393783037,0.0123370488638462,16.037735843761254,-0.4857481115449715,-0.2502368906464717,-0.2355112208984998,-115228724.0,46.52334604510333,0.5950000000000009,1.5519859042597333,0.0,0.0,0.0163242330424993,-0.0430918394828979,0.0123370488638462,16.037735843761254,0.9967519239792866,0.0,0.0,0.0,0.5,-0.637762658103344,-0.4308087295277495,-0.8243889995265912,-0.6535473444406894,-0.4650507598644037,-0.72189287665818,-0.7256514548545377,-0.7704266473747103,-0.7581757645938878,-0.9399021930673912,-1.2189864562462922,-1.143590109109917,-0.9148820232721662,-0.7704266473747103,-0.5834708506994949,-0.5520311225704265,-2.5102474289096963,-0.3503415999759567,-1.043546711444843,-0.8910677058565896,-0.7150327551742479,-0.3983051848540576,-0.223060851537906,-0.4453354404300458,-0.6910889412482538,-1.8674125102936192,0.29704458856243,0.4679023560350775,-0.7001973597286214,0.6950694740959171,-0.2758328749064322,-0.4614320368931371,1.168236283706918,-1.2873116584942716,-1.1841720946618628,-1.043546711444843,-0.6910889412482538,-1.8674125102936192,1.430550505478908,0.0,0.0,0.0,0.0,其他,0,0,0.5,1.0,0,0.3760162601626016,0.017731494511680213,-0.02814522938361952,0.3625254582484725,0.219959266802444,0.1425661914460285,0.04276985743380855,0.8615071283095723,0.2729124236252546,0.5,0.5,0.5,0.5,0.37601626016260165,0.4146341463414634,0.24796747967479674
2025-11-24,35.89,36.1,35.52,36.0,645165.0,36.69199999999999,37.591,38.022000000000006,39.00699999999999,-0.0188596969366617,-0.0423239605224653,-0.0531797380463943,-0.0770887276642652,38.022000000000006,39.86725108832041,36.1767489116796,-0.0478929162523066,0.0970622843782835,0.0132282578103011,-0.0570979570455736,-0.0738358631335219,-0.0721649484536082,0.0209874903203651,0.015195142372163,0.0125222379466038,23.76873660957681,-0.5804148745516926,-0.3162724874275159,-0.2641423871241767,-114583559.0,40.46390890246241,0.6042857142857153,0.7237092763148412,0.1407185628700381,0.073094867806017,0.0127777777777777,0.0132282578103011,0.0125222379466038,23.76873660957681,-0.5460740167452333,0.0,0.0,0.0,0.5,-0.7809321357731472,-0.5000435055910876,-0.8231178598757948,-0.6108117271660695,-0.6750289478120283,-0.7796409468978835,-0.7732667796284787,-0.7981934795341806,-0.7864549655571021,-0.3019501606955926,-0.7519828388332934,-0.8069599774543338,-0.7070744929106905,-0.7981934795341806,-0.5708589963396894,-0.6507213463905676,-1.5967444211597173,-0.2661255213579918,0.5036210201544727,-0.5739163267691308,-0.5992613061964384,-0.3720880258580222,0.0702225079370212,-0.3564881439654101,-0.6743279783115128,-1.349529982085406,0.2392201807043712,0.4259999760581698,-0.773952992524774,0.7248933178494312,-0.6509649108564592,-0.4547475355331673,-0.4318198221281869,-0.8659875157958429,-0.9199397947814292,0.5036210201544727,-0.6743279783115128,-1.349529982085406,-0.9744916719393352,0.0,0.0,0.0,0.0,其他,0,0,0.5,1.0,0,0.3699186991869919,0.0025000000000001688,-0.043888888888888866,0.5193482688391039,0.24643584521384929,0.1364562118126273,0.06720977596741344,0.4317718940936864,0.34826883910386963,0.5,0.5,0.5,0.5,0.3699186991869919,0.3353658536585366,0.17276422764227642
2025-11-25,36.18,36.48,35.97,36.02,668337.0,36.36,37.327,37.9065,38.92666666666666,-0.0093509350935092,-0.0350148685937792,-0.0497671903235592,-0.0746703202603183,37.9065,39.94919455686156,35.86380544313844,0.0382324798225637,0.1077754241017331,0.0005555555555556,-0.0440552016985137,-0.0682876357992755,-0.06026611009653,0.0216084508254066,0.0154034381810621,0.0123919968247748,19.999999993707988,-0.6463741347469849,-0.3822928168914097,-0.2640813178555751,-113915222.0,38.51137310212349,0.5942857142857149,0.7556294699077302,0.1467065868219556,0.0762052877126565,0.0033314825097168,0.0005555555555556,0.0123919968247748,19.999999993707988,0.0359163934807373,0.0,0.0,0.0,0.5,-0.7458330169425825,-0.4754911913493944,-0.764247124970616,-0.6075409829172573,-0.6669434570020949,-0.8228652384038873,-0.8166842398492405,-0.8205483046948148,-0.8147130295952796,-0.0508039074054345,-0.577638302286523,-0.7325162603312758,-0.669092758177272,-0.8205483046948148,-0.5599287950171282,-0.7322278131186996,-1.3028703095931475,-0.195217848515995,0.1544618599316266,-0.3931223477284947,-0.5327818539327936,-0.2540485905225238,0.1068909786170168,-0.3416222577279806,-0.6827964223695202,-1.5872156009761276,0.1988076046596416,0.3841627084882055,-0.771545140745774,0.7557476783411778,-0.77020192778807,-0.4597583540885395,-0.3691992842493136,-0.8453338523038542,-0.905027679648408,0.1544618599316266,-0.6827964223695202,-1.5872156009761276,-0.0657344107703265,0.0,0.0,0.0,0.0,其他,0,0,0.5,1.0,0,0.3813387423935091,-0.004164353137146137,-0.05830094392004448,0.39307535641547864,0.23828920570264767,0.13034623217922606,0.04276985743380855,0.5112016293279023,0.26272912423625255,0.5,0.5,0.5,0.5,0.3813387423935091,0.4462474645030426,0.20892494929006086
2025-11-26,36.02,36.18,35.55,35.57,736589.0,36.05,37.043,37.7785,38.83433333333333,-0.0133148404993064,-0.039764597899738,-0.0584591765157429,-0.0840579212552466,37.7785,40.06813131943717,35.48886868056282,0.0177171142678452,0.1212134584184717,-0.0124930594114381,-0.0417564655172413,-0.073939078365009,-0.067138735903488,0.0214672712914238,0.0155004719754565,0.0125652007336887,17.1487603256182,-0.7265829666768582,-0.4511508468484995,-0.2754321198283586,-114651811.0,31.558921878500925,0.6071428571428577,0.8356118446741598,0.0119760479038328,0.0062208398132779,0.0115265673320212,-0.0124930594114381,0.0125652007336887,17.1487603256182,0.1021221329957791,0.0,0.0,0.0,0.5,-0.7618560996646467,-0.4929518040897242,-0.8147069689422013,-0.6454202788877645,-0.6466176463237103,-0.862858631723055,-0.863351431653485,-0.845491294789661,-0.8474716215849132,-0.1553613514273484,-0.6882281303801903,-0.913402217505496,-0.8049029817833598,-0.845491294789661,-0.5447576793128794,-0.8298744972257206,-1.3634704122663863,-0.1063945106808504,-0.2050132564106925,-0.36060430877278,-0.5977434904043497,-0.3213534081256248,0.0983102487350173,-0.3343226125664139,-0.6670143011780411,-1.760728830512991,0.1497583948408213,0.3406080869299152,-0.7993461603588111,0.71735260284084,-1.1978898905374191,-0.4509037309467945,-0.2136476431535576,-1.24011561319526,-1.148214518523227,-0.2050132564106925,-0.6670143011780411,-1.760728830512991,0.0377501367690301,0.0,0.0,0.0,0.0,其他,0,0,0.5,1.0,0,0.4908722109533469,0.0022490863086870316,-0.03823446724768065,0.319755600814664,0.2525458248472505,0.14052953156822812,0.05091649694501019,0.604887983706721,0.1934826883910387,0.5,0.5,0.5,0.5,0.4908722109533469,0.4563894523326572,0.2535496957403651
2025-11-27,35.55,36.84,35.55,36.2,1309107.0,35.864000000000004,36.805,37.701,38.76383333333333,0.0093687262993531,-0.0164379839695693,-0.0398132675525847,-0.0661398296522099,37.701,40.09714514980784,35.304854850192164,0.1867885903867192,0.1271130818705859,0.017711554680911,-0.0250471316994344,-0.0616899948159667,-0.0410596026490065,0.0244229230441013,0.0171245152862819,0.0133054889619762,26.42201834183659,-0.7308880861146108,-0.5070982947017219,-0.2237897914128889,-113342704.0,34.66969916905256,0.6685714285714296,1.4421724281923758,0.2005988023892043,0.1041990668724077,-0.0033149171270719,0.017711554680911,0.0133054889619762,26.42201834183659,0.7772557016192205,0.0,0.0,0.0,0.5,-0.812947129008433,-0.4510565300215275,-0.8122642608496413,-0.5885730615640563,-0.4888262009831229,-0.8856268188487122,-0.9017896719427114,-0.8594095241478386,-0.8715405181377105,0.4447510432649311,-0.1349488274101028,-0.5169436463224176,-0.5380120744107199,-0.8594095241478386,-0.540033989821984,-0.8761563242609055,-0.7993556362224219,-0.0672845263335714,0.6278602454610176,-0.1290858166294135,-0.4524352460466651,-0.0627508885273908,0.2739027361425601,-0.2232198719896037,-0.6059477008607347,-1.1485349259002886,0.1468653214859452,0.3051212501036445,-0.660217969325567,0.7798672694157464,-1.0003778197900102,-0.412559260064444,0.961306148483186,-0.6774556405519587,-0.7963556410820342,0.6278602454610176,-0.6059477008607347,-1.1485349259002886,1.0913055476338973,0.0,0.0,0.0,0.0,其他,0,0,0.5,1.0,0,0.4227642276422764,-0.0298342541436466,-0.04917127071823202,0.44285714285714284,0.3510204081632653,0.1836734693877551,0.1836734693877551,0.8857142857142857,0.3551020408163265,0.5,0.5,0.5,0.5,0.42276422764227645,0.3434959349593496,0.16463414634146342
2025-11-28,36.23,36.32,35.89,36.11,860534.0,35.980000000000004,36.554,37.5875,38.68816666666667,0.0036131183991103,-0.0121464135251956,-0.0393082806784169,-0.0666396701833894,37.5875,40.06199197337879,35.11300802662121,0.2014538709530151,0.131665685314118,-0.0024861878453039,0.0163242330424993,-0.0649922320041428,-0.0591453882230329,0.0122136791156035,0.0169945301859125,0.0125570852762868,24.63235293483737,-0.7331113211559099,-0.5523008999925595,-0.1808104211633504,-114203238.0,28.785863416528343,0.6742857142857156,0.9679769215523104,0.1736526946055789,0.0902021772925315,0.0013846579894765,-0.0024861878453039,0.0125570852762868,24.63235293483737,-0.3426557187456793,0.0,0.0,0.0,0.5,-0.7334064638016004,-0.4822686065720284,-0.7671687390812552,-0.5950467589237288,-0.6102598426147403,-0.8668256572942299,-0.9422519155481296,-0.8810300442024721,-0.8974647125192219,0.2914316695479974,-0.032956206757537,-0.5050003499209953,-0.5438130002915216,-0.8810300442024721,-0.542763645244517,-0.9242497080744132,-0.7483497348112286,-0.0370752094533182,0.0691169465728486,0.4436126032176258,-0.4902559983936829,-0.241859700607781,-0.4539136651708741,-0.2316379069406415,-0.664264769398436,-1.2594341649724163,0.1452420921925162,0.2763548209138944,-0.5444676606648033,0.7352067600955323,-1.3593727437840222,-0.4081729583551991,0.0397289787734759,-0.7553473532643421,-0.8429259282634569,0.0691169465728486,-0.664264769398436,-1.2594341649724163,-0.6612174028207751,0.0,0.0,0.0,0.0,其他,0,0,0.5,1.0,0,0.4827586206896552,-0.03461644973691502,-0.051786208806424705,0.37474541751527496,0.18329938900203666,0.1629327902240326,0.15478615071283094,0.7474541751527495,0.21792260692464357,0.5,0.5,0.5,0.5,0.4827586206896552,0.4077079107505071,0.21906693711967545
2025-12-01,36.12,36.7,36.04,36.46,1080700.0,36.072,36.382,37.49,38.62533333333333,0.0107562652472832,0.0021439173217525,-0.0274739930648171,-0.0560599261279297,37.49,39.98164498611707,34.99835501388292,0.293309238320814,0.1329231787735624,0.0096926059263362,0.0127777777777777,-0.0450497642744892,-0.050768029159073,0.011581381283002,0.0176254112234586,0.0128517489981668,30.28673834365576,-0.6985783990927246,-0.5815563998125926,-0.117021999280132,-113122538.0,37.060820261826095,0.6885714285714302,1.1908899508370832,0.2784431137641187,0.1446345256587148,-0.0101481075150849,0.0096926059263362,0.0128517489981668,30.28673834365576,0.2558481129159335,0.0,0.0,0.0,0.5,-0.7438772861730099,-0.4576520777266596,-0.7461416668388601,-0.5628581982358155,-0.5485682652344626,-0.8514338792237839,-0.9687662054863112,-0.8990774158344434,-0.9182232070766086,0.4802394820181667,0.306474488770053,-0.2529418913043059,-0.3856502190879819,-0.8990774158344434,-0.5507382040355663,-0.9514825485806476,-0.4417651878351964,-0.0286794449272685,0.4057099967007961,0.3935335681512788,-0.2541560945579333,-0.1582009210779313,-0.4906012987481559,-0.1881336185600612,-0.6388050465195515,-0.8868995732464956,0.166046844845633,0.25756054457328,-0.3735830925564419,0.7864824265541657,-0.842238791557687,-0.3985721900705851,0.4726415812554263,-0.4422209689323306,-0.6467332265127658,0.4057099967007961,-0.6388050465195515,-0.8868995732464956,0.2767065632835255,0.0,0.0,0.0,0.0,其他,0,0,0.5,1.0,0,0.4137931034482758,-0.049643444871091624,-0.06088864509051006,0.36863543788187375,0.24439918533604887,0.1629327902240326,0.23014256619144602,0.7922606924643585,0.2769857433808554,0.5,0.5,0.5,0.5,0.41379310344827586,0.3448275862068966,0.22718052738336714
2025-12-02,36.46,36.47,36.1,36.14,469900.0,36.096,36.228,37.3745,38.56366666666666,0.0012189716312056,-0.0024290603952742,-0.0330305422146114,-0.0628484497497643,37.3745,39.89279077372985,34.856209226270146,0.2548932766415487,0.1347598375214712,-0.0087767416346681,0.0033314825097168,-0.0408704883227175,-0.0600780234070221,0.0126912647583493,0.0174421653947122,0.0128959075208208,29.91150441736717,-0.6890887490427957,-0.6030628696586332,-0.0860258793841625,-113592438.0,37.9289842895784,0.6885714285714302,0.5299725173328025,0.182634730533454,0.0948678071524903,-0.0074709463198672,-0.0087767416346681,0.0128959075208208,29.91150441736717,-0.5651892292032942,0.0,0.0,0.0,0.5,-0.7031791398405065,-0.470942497877536,-0.7365251486783063,-0.5896841574836237,-0.7144421492706645,-0.8454792034080918,-0.9919876922550324,-0.9209107693202888,-0.9383850899783134,0.2259267046476873,0.1970950109572606,-0.3704545312506705,-0.4853274576235825,-0.9209107693202888,-0.5596895978216753,-0.985852488923374,-0.5683166514985692,-0.0164423320477019,-0.1066087882530887,0.2616420978862988,-0.2043024861675949,-0.2504893760962459,-0.4232504520017823,-0.2003017934927657,-0.6335349819979528,-0.9083135547263974,0.1715429970548582,0.2436227626232408,-0.2902275254200133,0.7610227633310608,-0.7858503623277704,-0.3977091679575529,-0.8135392578303867,-0.7258915326532794,-0.8213070232369426,-0.1066087882530887,-0.6335349819979528,-0.9083135547263974,-1.009168456518442,0.0,0.0,0.0,0.0,其他,0,0,0.5,1.0,0,0.6064908722109533,-0.05285002767017166,-0.05395683453237421,0.3800813008130081,0.17922606924643583,0.1670061099796334,0.2158859470468432,0.22810590631364563,0.22810590631364563,0.5,0.5,0.5,0.5,0.6064908722109533,0.40365111561866124,0.2961460446247465
2025-12-03,36.15,36.3,35.77,35.98,485856.0,36.178,36.114,37.239,38.50883333333333,-0.0054729393554096,-0.0037104723929778,-0.0338086414780203,-0.0656689157898836,37.239,39.75088249808998,34.727117501910016,0.2493911436975506,0.1349060124108185,-0.0044272274488103,0.0115265673320212,-0.0307112068965517,-0.0700439390023262,0.0109887996276855,0.0170290607637567,0.0127122822835681,26.950354603239347,-0.6865645075563478,-0.6197631972381762,-0.0668013103181716,-114078294.0,32.3194104195189,0.6971428571428581,0.564972848555366,0.1347305389181207,0.0699844478993775,-0.0091717620900499,-0.0044272274488103,0.0127122822835681,26.950354603239347,0.0339561608852947,0.0,0.0,0.0,0.5,-0.7365746325209467,-0.4804873848964532,-0.7760379599498309,-0.6023609868127265,-0.7081573420040381,-0.8315897608264129,-1.0081233350135597,-0.9469318624856168,-0.9557455496921722,0.0473941980861534,0.1661829354755429,-0.3862034316208804,-0.5258639103721094,-0.9469318624856168,-0.5747983522302269,-1.0165012215758291,-0.5851704922642874,-0.0154396011429139,0.0142769869820526,0.375042014346604,-0.0837022529884778,-0.3492570655627426,-0.5241090163619728,-0.2282105338563652,-0.6465890613363433,-1.0974364131990435,0.1727750856211999,0.2327034631842668,-0.2383442823863247,0.734886660208805,-1.130177449528729,-0.3916101897525025,-0.7430365388285101,-0.8660165847969079,-0.9064819387607358,0.0142769869820526,-0.6465890613363433,-1.0974364131990435,-0.0680485536307115,0.0,0.0,0.0,0.0,其他,0,0,0.5,1.0,0,0.4757085020242915,-0.04919399666481372,-0.0483602001111727,0.4898373983739837,0.20162932790224034,0.164969450101833,0.20366598778004075,0.1975560081466395,0.2708757637474542,0.5,0.5,0.5,0.5,0.4757085020242915,0.3623481781376518,0.291497975708502
2025-12-04,35.98,36.8,35.73,36.08,1074365.0,36.154,36.009,37.1055,38.46366666666667,-0.0020467998008518,0.0019717292898997,-0.0276374122434679,-0.0619719042212998,37.1055,39.5624598244472,34.6485401755528,0.2913071288701548,0.1324310317575871,0.0027793218454696,-0.0033149171270719,-0.0282790196606518,-0.0689032258064517,0.0071135874632625,0.0171006507669812,0.0127411442292541,27.71929823880589,-0.6687855205530013,-0.6295676619011412,-0.0392178586518601,-113003929.0,32.70056132887963,0.7414285714285721,1.2368593088293898,0.1646706586777038,0.0855365474325728,-0.0266075388026607,0.0027793218454696,0.0127411442292541,27.71929823880589,1.2112827669103603,0.0,0.0,0.0,0.5,-0.7539129997330164,-0.4483174715531351,-0.7788737326000235,-0.5920926360595318,-0.5449341646277208,-0.8323664760734916,-1.0225920339539414,-0.9723530840855829,-0.969221273651798,0.1386673886448773,0.3015078522063201,-0.2538474292335199,-0.4693680708824408,-0.9723530840855829,-0.5952931155488757,-1.0334824903183744,-0.444144361049239,-0.0318899838024444,0.2145710977793076,0.1676334793505271,-0.054713143928409,-0.3371301510725548,-0.7546077885803267,-0.2228588196973228,-0.642521190260535,-1.0430927550934594,0.1833647055171084,0.2261174295441679,-0.1641216721790667,0.785995565840136,-1.1019008503435528,-0.3636459405234016,0.5676765461928336,-0.7742175003758462,-0.8476052542760997,0.2145710977793076,-0.642521190260535,-1.0430927550934594,1.7711212753729964,0.0,0.0,0.0,0.0,其他,0,0,0.5,1.0,0,0.3208502024291498,-0.04711751662971164,-0.044623059866962245,0.42073170731707316,0.2729124236252546,0.164969450101833,0.23014256619144602,0.8513238289205702,0.45010183299389,0.5,0.5,0.5,0.5,0.3208502024291498,0.2732793522267207,0.22267206477732793
2025-12-05,36.08,36.3,36.01,36.16,572077.0,36.164,36.072,36.975,38.415,-0.0001106072337132,0.0024395653138167,-0.0220419202163625,-0.0587010282441755,36.975,39.335057983230655,34.61494201676935,0.3273347507087315,0.1276569564962418,0.0022172949002217,0.0013846579894765,0.0177314945116802,-0.0673200928553006,0.0071200066221749,0.009557234050346,0.012774894922401,31.086142313947505,-0.6408528609873798,-0.631824701718389,-0.0090281592689908,-112431852.0,34.5050888030507,0.7028571428571431,0.6621232069741356,0.1886227544853694,0.0979782270591287,-0.0359513274336282,0.0022172949002217,0.012774894922401,31.086142313947505,-0.4675208146207295,0.0,0.0,0.0,0.5,-0.7404363528751178,-0.4785362572502446,-0.7413781652612444,-0.583621324687944,-0.6815777614990378,-0.8284684905152393,-1.0078716603956226,-0.9969543190644238,-0.9839628377327796,0.1901305383766264,0.3120930065948291,-0.1338332242624447,-0.4193343720198216,-0.9969543190644238,-0.6202836770112302,-1.0383780655942767,-0.3229390736379923,-0.0636785569958086,0.198526949970866,0.2328855847407479,0.4916657077024302,-0.3205952811707538,-0.7520974188565138,-0.7402837416879451,-0.6380809369940339,-0.8204658181242925,0.2001916809693854,0.2242798517041432,-0.082925080753662,0.8120443980044878,-0.9860642859750992,-0.3865504370499012,-0.5548160856717718,-0.7006296594069512,-0.8001589261509611,0.198526949970866,-0.6380809369940339,-0.8204658181242925,-0.8574313791043536,0.0,0.0,0.0,0.0,其他,0,0,0.5,1.0,0,0.359026369168357,-0.04507743362831851,-0.03484513274336276,0.48268839103869654,0.22040816326530613,0.15918367346938775,0.23265306122448978,0.3979591836734694,0.37142857142857144,0.5,0.5,0.5,0.5,0.359026369168357,0.24543610547667344,0.25963488843813387
2025-12-08,36.25,36.3,36.05,36.09,623489.0,36.09,36.081,36.836,38.31716666666667,2.220446049250313e-16,0.0002494387627838,-0.020251927462265,-0.0581245133817306,36.836,39.04900843102544,34.622991568974555,0.3314511617817322,0.1201546547409835,-0.0019358407079643,-0.0101481075150849,0.0025000000000001,-0.0715204527913556,0.0048073685477194,0.0087077686471441,0.0127033635556461,33.80855396184694,-0.6172491777247728,-0.6289095969196659,0.011660419194893,-113055341.0,35.43331137046346,0.6807142857142858,0.7244179936520809,0.1789137380134542,0.0921052631563802,-0.0399002493765587,-0.0019358407079643,0.0127033635556461,33.80855396184694,0.0898690211282746,0.0,0.0,0.0,0.5,-0.7190383185311819,-0.4775028478040072,-0.7343125692862981,-0.5884319771431687,-0.6657015350880536,-0.8361723748914424,-1.0026257275831878,-1.023215694593241,-1.0177110930762634,0.1927389691622669,0.2590245603230299,-0.0952703062783367,-0.4096299615612106,-1.023215694593241,-0.6520517504686203,-1.0321738265563634,-0.308506709854748,-0.1137014598052946,0.0823249899945723,0.0712694354476327,0.3095477273387881,-0.3619787592825315,-0.8882900426448103,-0.7964526638195821,-0.6421497656676518,-0.6407355066756171,0.2143517821251992,0.22570157032395,-0.0272371945575184,0.7788212853222973,-0.9251563884811538,-0.3993387231156901,-0.4318734767668084,-0.7275762302824367,-0.8181338815716124,0.0823249899945723,-0.6421497656676518,-0.6407355066756171,0.0165495881489625,0.0,0.0,0.0,0.0,其他,0,0,0.5,1.0,0,0.3286004056795132,-0.04627320587420347,-0.03851482405098361,0.4134419551934827,0.23469387755102042,0.1653061224489796,0.23877551020408164,0.34285714285714286,0.33877551020408164,0.5,0.5,0.5,0.5,0.3286004056795132,0.2028397565922921,0.25557809330628806
2025-12-09,36.19,36.19,35.76,35.87,583394.0,36.036,36.066,36.6965,38.2215,-0.0046065046065046,-0.0054344812288581,-0.0225225838976469,-0.0615229648234633,36.6965,38.77291670090318,34.62008329909682,0.3009792543879566,0.1131670159768655,-0.0060958714325299,-0.0074709463198672,-0.0041643531371461,-0.0721676151060527,0.0039373609436664,0.0089357481711537,0.0127094115579831,36.323851192373496,-0.6092719423689061,-0.624982066009514,0.0157101236406078,-113638735.0,36.81904512868076,0.6571428571428574,0.6965611565851915,0.1100323624559849,0.0561983471065085,-0.0457206579314189,-0.0060958714325299,0.0127094115579831,36.323851192373496,-0.0643074697388406,0.0,0.0,0.0,0.5,-0.7239751520744502,-0.4833514359293954,-0.7689438980714217,-0.6065067561343815,-0.6750432916102048,-0.8410913838528893,-1.0015881258322146,-1.049387958664432,-1.0503190730534664,0.0689096074228813,0.1221454516846501,-0.1437745680309538,-0.4594274188220825,-1.049387958664432,-0.6825598071002478,-1.028947752956466,-0.4098989884847555,-0.1602739217806832,-0.0340685982005431,0.1086276153400902,0.2295640386579827,-0.3676972765978823,-0.9374606641070156,-0.7784467294962646,-0.6399535433796836,-0.4749720325320128,0.2188768525742942,0.2277634828643308,-0.0162980498265579,0.747731110097447,-0.8363341868760656,-0.4129953734477672,-0.4853736147939046,-0.9305961926436814,-0.9428053790977092,-0.0340685982005431,-0.6399535433796836,-0.4749720325320128,-0.2252187133621562,0.0,0.0,0.0,0.0,其他,0,0,0.5,1.0,0,0.332657200811359,-0.054362977418455416,-0.024254251463618592,0.6069246435845214,0.29591836734693877,0.16326530612244897,0.3040816326530612,0.32653061224489793,0.42653061224489797,0.5,0.5,0.5,0.5,0.332657200811359,0.15010141987829614,0.22718052738336714
2025-12-10,35.66,35.9,35.56,35.65,729443.0,35.97,36.074,36.5585,38.123333333333335,-0.008896302474284,-0.0117536175638963,-0.0248505819440074,-0.064877153099589,36.5585,38.51905067452198,34.59794932547801,0.2683048921323251,0.1072555315188872,-0.0061332589908,-0.0091717620900499,0.002249086308687,-0.0718562874251496,0.0043114172781125,0.0081716000924973,0.0127057554777996,34.51882844177274,-0.6136285591950781,-0.6227113646466269,0.0090828054515488,-114368178.0,36.855072570387314,0.649285714285714,0.8708554205554534,0.0388349514550531,0.0198347107434733,-0.0403927068723701,-0.0061332589908,0.0127057554777996,34.51882844177274,0.2503436785431459,0.0,0.0,0.0,0.5,-0.7825713079102792,-0.5004604758280441,-0.7920698050673672,-0.6245406910776066,-0.6331272209602817,-0.847650706011575,-0.996587400756867,-1.0750307508178765,-1.0835924613641963,-0.0464144892467877,-0.0300000287581913,-0.1935032690548737,-0.5084693773363629,-1.0750307508178765,-0.7103685019874415,-1.0308736943046182,-0.5185240375437592,-0.1996196846232351,-0.0350555347736225,0.0845753574537595,0.3056409472854225,-0.3637876243016299,-0.9119703880353044,-0.8286498874140271,-0.6385564196676423,-0.5918608019238546,0.2157867556872746,0.2287801547413477,-0.0341249691623749,0.7095246974468471,-0.8315057364406583,-0.4169544479907284,-0.1428067663807913,-1.138952044628037,-1.0680345846527703,-0.0350555347736225,-0.6385564196676423,-0.5918608019238546,0.2693684150335245,0.0,0.0,0.0,0.0,其他,0,0,0.5,1.0,0,0.3630831643002028,-0.04039270687237018,-0.011781206171108005,0.47560975609756095,0.2673469387755102,0.17346938775510204,0.22448979591836735,0.6061224489795919,0.3306122448979592,0.5,0.5,0.5,0.5,0.3630831643002028,0.1926977687626775,0.28600405679513186
2025-12-11,35.65,35.75,35.1,35.12,832556.0,35.778,35.965999999999994,36.38549999999999,38.01566666666667,-0.0183911901168316,-0.0235222154256796,-0.034780338321584,-0.0761703508202759,36.38549999999999,38.2001825153671,34.57081748463288,0.1513164178034974,0.0997475651213875,-0.014866760168303,-0.0266075388026607,-0.0298342541436466,-0.0896837739761534,0.0063375497692312,0.0068211171643044,0.0127929165039385,44.47439351421448,-0.6523281471916604,-0.6286347211556337,-0.0236934260360267,-115200734.0,38.95419588182897,0.5735714285714282,0.9915510644522604,0.0,0.0,-0.0210706150341684,-0.014866760168303,0.0127929165039385,44.47439351421448,0.1413585434365674,0.0,0.0,0.0,0.5,-0.781518905752113,-0.5087717740529676,-0.8479490716697482,-0.6700051931743602,-0.6031650329374266,-0.8715683562494418,-1.011727462357383,-1.1080051988292066,-1.1202200577093124,-0.3017243400939512,-0.3133482578859856,-0.4067196699577589,-0.6764517281254029,-1.1080051988292066,-0.7456821423730045,-1.0341273666911337,-0.9092942771906148,-0.2496813891664382,-0.279873168353159,-0.1605856627318726,-0.078455057993977,-0.5422913750515306,-0.787764861106261,-0.9188461249242674,-0.6298256131853704,0.0615933233305335,0.1914573688990481,0.2246134211817347,-0.1225242856635109,0.6663354545020189,-0.6988813939243406,-0.4627940367390441,0.0944857663281939,-1.2492098862875798,-1.1333614596791948,-0.279873168353159,-0.6298256131853704,0.0615933233305335,0.0974311677894736,0.0,0.0,0.0,0.0,其他,0,0,0.5,1.0,0,0.3144016227180527,-0.01993166287015935,0.017653758542141462,0.31910569105691056,0.3020408163265306,0.17755102040816326,0.32653061224489793,0.6632653061224489,0.4020408163265306,0.5,0.5,0.5,0.5,0.3144016227180527,0.1440162271805274,0.3367139959432049
2025-12-12,35.1,35.12,34.75,34.86,685950.0,35.518,35.840999999999994,36.197500000000005,37.91183333333333,-0.0185258178951518,-0.0273708880890598,-0.0369500656122662,-0.0804981733935314,36.197500000000005,37.80467961528561,34.5903203847144,0.0838984058509489,0.0888005865201277,-0.0074031890660591,-0.0359513274336282,-0.034616449736915,-0.0973588814085965,0.004713042421199,0.0069555973617343,0.0127359773690219,33.71428570080006,-0.6959551389539698,-0.6420988047153009,-0.0538563342386688,-115886684.0,38.873085883002936,0.558571428571428,0.829501296129786,0.0,0.0,-0.0094664371772804,-0.0074031890660591,0.0127359773690219,33.71428570080006,-0.176091458112127,0.0,0.0,0.0,0.5,-0.8421999900415367,-0.5471864624494367,-0.8896485788894654,-0.6913837907229814,-0.6421906340879651,-0.9047470794407302,-1.0297114455026164,-1.1439156676246964,-1.154970136000851,-0.3047721005612736,-0.405518570311502,-0.4525613128340116,-0.7392301985062791,-1.1439156676246964,-0.7898226709192443,-1.0249726789804698,-1.1315250309264944,-0.3228621404408975,-0.0697415850132355,-0.2917924988026844,-0.1355831102114139,-0.6182128495595678,-0.8828074492214317,-0.9065715825033775,-0.6327985806275949,-0.6444206752698036,0.1640818456472224,0.2156703088325587,-0.2038469332983138,0.6305693850417347,-0.7020262672232318,-0.4710446608621844,-0.2245045001036337,-1.243279936971052,-1.1277227553328335,-0.0697415850132355,-0.6327985806275949,-0.6444206752698036,-0.4029395029465681,0.0,0.0,0.0,0.0,其他,0,0,0.5,1.0,0,0.2834008097165992,-0.017785427423981592,0.02008032128514059,0.35699797160243407,0.2729124236252546,0.15885947046843177,0.15853658536585366,0.47046843177189407,0.37474541751527496,0.5,0.5,0.5,0.5,0.2834008097165992,0.15587044534412955,0.3684210526315789
2025-12-15,34.96,35.0,34.33,34.65,830700.0,35.230000000000004,35.66,36.021,37.80733333333333,-0.0164632415554926,-0.028323051037577,-0.0380611310069126,-0.0835111354058295,36.021,37.47996719056941,34.5620328094306,0.0301470763479111,0.0810064790297522,-0.0060240963855422,-0.0399002493765587,-0.0496434448710916,-0.0924567836563646,0.0038232335318396,0.0051983540628323,0.0126511064179829,31.436314351216566,-0.7389568545593761,-0.661470414684116,-0.07748643987526,-116717384.0,32.21474381853652,0.5699999999999997,1.0252162216431822,0.0,0.0,-0.0066378066378065,-0.0060240963855422,0.0126511064179829,31.436314351216566,0.211021211458561,0.0,0.0,0.0,0.5,-0.8557180514640196,-0.5534953457435491,-0.9399643190162276,-0.7082596929461833,-0.6006429962749238,-0.9416031246610468,-1.057263196045923,-1.1770103178571614,-1.1895855918072928,-0.2485426853872508,-0.4276616918969274,-0.4755100077444203,-0.7819740231748497,-1.1770103178571614,-0.8254731525785565,-1.0286074443635955,-1.3058614297598743,-0.3747341203634968,-0.0308155531666584,-0.3468864568367996,-0.3155736209718395,-0.5672478539935333,-0.9333245291793488,-1.024223488623679,-0.6380351790013526,-0.7920558888876669,0.1370999803370667,0.2029808601932698,-0.2674564445684968,0.5876988122864312,-1.1128973405268785,-0.4629309432202538,0.1616621042567525,-1.237433739296438,-1.1221675015476649,-0.0308155531666584,-0.6380351790013526,-0.7920558888876669,0.2087491592204373,0.0,0.0,0.0,0.0,其他,0,0,0.5,1.0,0,0.2368421052631578,-0.01183261183261175,0.021356421356421462,0.3265720081135903,0.2953156822810591,0.15274949083503056,0.15853658536585366,0.7189409368635438,0.32382892057026474,0.5,0.5,0.5,0.5,0.23684210526315788,0.25101214574898784,0.4008097165991903
2025-12-16,34.7,34.8,34.23,34.23,701200.0,34.902,35.469,35.8485,37.690666666666665,-0.0192539109506619,-0.034931912374186,-0.0451483325662163,-0.0918176029432574,35.8485,37.29735108747734,34.399648912522665,-0.0585460141429016,0.0808318946384532,-0.0121212121212122,-0.0457206579314189,-0.0528500276701716,-0.0915605095541401,0.0039782304690436,0.0055586726106305,0.0126191509282857,31.693989058914863,-0.7977307701460319,-0.6887224857764993,-0.1090082843695325,-117418584.0,32.39836492131711,0.5657142857142853,0.8759491374861634,0.0,0.0,-0.0090563832895119,-0.0121212121212122,0.0126191509282857,31.693989058914863,-0.1558926206813531,0.0,0.0,0.0,0.5,-0.8828983505553947,-0.5648269201704167,-0.9495513532700663,-0.7437364616652656,-0.6350460007378095,-0.9837516985877408,-1.0863339686561044,-1.2089142624738614,-1.228489576574511,-0.3234951555884648,-0.5864588630008924,-0.6273922381990449,-0.9039305103999528,-1.2089142624738614,-0.844307420163899,-1.067860340309071,-1.593492579184186,-0.3751258572285223,-0.2026103109539952,-0.42833749036684,-0.3534665211832005,-0.5568203201734017,-0.9209846999971122,-0.9957658252787592,-0.6389692054094207,-0.7728435599914004,0.1003147652736689,0.1852842515163424,-0.3524257997209097,0.5513867966163524,-1.097055066270841,-0.4645745999187539,-0.1333767793164226,-1.2316693395864435,-1.1166936590925731,-0.2026103109539952,-0.6389692054094207,-0.7728435599914004,-0.3716180870949994,0.0,0.0,0.0,0.0,其他,0,0,0.5,1.0,0,0.1518218623481781,-0.0011685655857435195,0.040607654104586555,0.3306288032454361,0.32179226069246436,0.14663951120162932,0.21747967479674796,0.5336048879837068,0.35845213849287166,0.5,0.5,0.5,0.5,0.15182186234817813,0.27530364372469635,0.45546558704453444
2025-12-17,34.25,34.37,33.9,34.21,701800.0,34.614,35.291999999999994,35.703,37.579166666666666,-0.01167157797423,-0.0306585061770371,-0.0418172142396997,-0.089655172413793,35.703,37.19794727947881,34.208052720521195,0.000651287007064,0.0837435105999283,-0.0005842827928715,-0.0403927068723701,-0.0491939966648137,-0.078394396551724,0.005549554224931,0.005762579720607,0.012417035563184,17.377049172351533,-0.8362832023554887,-0.7182346290922973,-0.1180485732631914,-118120384.0,21.473795138458613,0.5071428571428562,0.8926329670799302,0.0,0.0,0.0,-0.0005842827928715,0.012417035563184,17.377049172351533,0.0008556759840274,0.0,0.0,0.0,0.5,-0.9316647516174252,-0.5906167448389147,-0.9881456445705208,-0.7435325106291779,-0.6333512691462609,-1.0201027749352622,-1.1127489215462258,-1.2346887914985056,-1.2649012038084573,-0.1176186368693994,-0.4816944594879275,-0.5538311763229868,-0.8679416173235738,-1.2346887914985056,-0.8533020298333277,-1.1145430544418964,-1.3875336956668596,-0.3546554397967232,0.1234766776175138,-0.3521625343641459,-0.3087816583662918,-0.4224286213581768,-0.8238480344377614,-0.9782519770007831,-0.6537336712080689,-1.704651665438352,0.0761275152490261,0.1661529649225364,-0.3762894425408973,0.5151226789825871,-1.764846129948572,-0.4999120139877254,-0.1001258804735302,-1.225984847380659,-1.1112992578338805,0.1234766776175138,-0.6537336712080689,-1.704651665438352,-0.1227812163182836,0.0,0.0,0.0,0.0,其他,0,0,0.5,1.0,0,0.2074898785425101,0.0008769365682548269,0.045016077170418,0.36105476673427994,0.3095723014256619,0.1425661914460285,0.024390243902439025,0.5193482688391039,0.3319755600814664,0.5,0.5,0.5,0.5,0.2074898785425101,0.3684210526315789,0.5182186234817814
2025-12-18,34.19,34.6,34.15,34.38,752395.0,34.465999999999994,35.122,35.5655,37.475,-0.0024952126733589,-0.0211263595467228,-0.0333328647144001,-0.0825883922615076,35.5655,37.012929300155065,34.118070699844935,0.0904808615239302,0.0813951329322514,0.0049693072201111,-0.0210706150341684,-0.0471175166297116,-0.0740640991112308,0.0065855449738565,0.0061221736997598,0.0125458782522382,22.36421724239308,-0.8433965529219805,-0.743267013858234,-0.1001295390637464,-117367989.0,28.9875373919856,0.5085714285714279,0.9545218202740438,0.0755555555521982,0.030088495574689,0.0011634671320535,0.0049693072201111,0.0125458782522382,22.36421724239308,0.0720931889427187,0.0,0.0,0.0,0.5,-0.9355510423256572,-0.5747608640905024,-0.9532211473258396,-0.7264351207875399,-0.6178149220188399,-1.036898916930255,-1.1377322003152153,-1.2584707831366502,-1.2979969339960375,0.1314862244531593,-0.2495743854990054,-0.3688619374801359,-0.758472681725286,-1.2584707831366502,-0.8722954154413334,-1.1338494041005518,-1.0826133296369558,-0.3698293493059292,0.2802997187672822,-0.0778622774583527,-0.2831614652005736,-0.3776693581169528,-0.7592777953770774,-0.9501811473772596,-0.6415417899924283,-1.3698606802398272,0.0715582698365727,0.1498852693087256,-0.3268332893685765,0.5516129674399826,-1.2920254682774266,-0.49790663603941,0.0227127527864937,-0.9972374803692936,-0.9995149536056028,0.2802997187672822,-0.6415417899924283,-1.3698606802398272,-0.0095802460256363,0.0,0.0,0.0,0.0,其他,0,0,0.5,1.0,0,0.2101010101010101,0.002617801047120283,0.04130308318789977,0.31237322515212984,0.27494908350305497,0.14867617107942974,0.09349593495934959,0.7331975560081466,0.329938900203666,0.5,0.5,0.5,0.5,0.2101010101010101,0.32525252525252524,0.4222222222222222
2025-12-19,34.45,34.58,34.38,34.53,685509.0,34.4,34.959,35.5155,37.38850000000001,0.003779069767442,-0.0122715180640177,-0.027748447860793,-0.0764539898631934,35.5155,37.03536806906666,33.995631930933335,0.1757942284349844,0.085589000242845,0.0043630017452005,-0.0094664371772804,-0.0450774336283185,-0.0281452293836195,0.0072391802428534,0.006425447540328,0.0085759153791348,17.06484640822839,-0.8273925221374725,-0.7600921155140818,-0.0673004066233906,-116682480.0,25.7432444482824,0.4757142857142845,0.9122443137850348,0.1422222222159013,0.0566371681405905,-0.0083984940631335,0.0043630017452005,0.0085759153791348,17.06484640822839,-0.088897454129812,0.0,0.0,0.0,0.5,-0.9028177912636456,-0.5747201530913318,-0.921047794450074,-0.7111874022860651,-0.6349138325620726,-1.0422797254614344,-1.1612886547871517,-1.2632579428556563,-1.3238352665377608,0.3016919786329753,-0.033964070591117,-0.2469491712374167,-0.6635483801682629,-1.2632579428556563,-0.8668655969554618,-1.161589591848506,-0.7948563403031956,-0.340616314015778,0.2626141537732983,0.08692597626954,-0.2579966194639264,0.0891216950849362,-0.7179351991903413,-0.926166051832234,-0.962726942151067,-1.705433215572023,0.0814389263096802,0.1388679777801204,-0.2367962824877733,0.5846834423832752,-1.4846640011266476,-0.5172444407449385,-0.0612716887417985,-0.7962498778754158,-0.9011819290413248,0.2626141537732983,-0.962726942151067,-1.705433215572023,-0.2653234471475049,0.0,0.0,0.0,0.0,其他,0,0,0.5,1.0,0,0.2949494949494949,0.01071532001158415,0.04430929626411828,0.281947261663286,0.24643584521384929,0.07942973523421588,0.026422764227642278,0.5336048879837068,0.23217922606924643,0.5,0.5,0.5,0.5,0.29494949494949496,0.4626262626262626,0.5070707070707071
2025-12-22,34.6,34.63,34.33,34.42,694300.0,34.354,34.792,35.436499999999995,37.30183333333333,0.0019211736624555,-0.010692113129455,-0.0286851128074159,-0.0772571500060317,35.436499999999995,37.01350949501529,33.8594905049847,0.1777127838384051,0.0890048111416672,-0.0031856356791195,-0.0066378066378065,-0.0462732058742034,-0.0438888888888888,0.0069379322315211,0.0063802282285699,0.007858584367773,18.382352931714976,-0.8141997057420838,-0.7709136335596823,-0.0432860721824014,-117376780.0,25.23634893938416,0.4707142857142849,0.920932145685019,0.0933333333291855,0.0371681415922626,-0.0052295177222544,-0.0031856356791195,0.007858584367773,18.382352931714976,0.0128240475325633,0.0,0.0,0.0,0.5,-0.8828652422004908,-0.5702637147774515,-0.9244801678645704,-0.7191727019936945,-0.6309603226694082,-1.0448763584831564,-1.1853217892861965,-1.2742057624556526,-1.3493656231041742,0.2505842233554565,0.0045429321581694,-0.2668327871484334,-0.6736330017216682,-1.2742057624556526,-0.866674443071793,-1.192694894684671,-0.7861134496124151,-0.3167167042219742,0.0479826958366562,0.1269783730195612,-0.2719717087143471,-0.0711401941196595,-0.7341709009226841,-0.9262482692031676,-1.0175852249190038,-1.6089177225708562,0.0895598828038661,0.13169779134207,-0.1708416918192359,0.5485756388551811,-1.5071707569824986,-0.5191952166302626,-0.0438787540609233,-0.9387637253148212,-0.9667442261208152,0.0479826958366562,-1.0175852249190038,-1.6089177225708562,-0.1029889188184717,0.0,0.0,0.0,0.0,其他,0,0,0.5,1.0,0,0.4787878787878787,0.008134805345729301,0.0392213829169088,0.23529411764705882,0.1710794297352342,0.048879837067209775,0.02028397565922921,0.5711382113821138,0.17682926829268292,0.5,0.5,0.5,0.5,0.47878787878787876,0.509090909090909,0.494949494949495
2025-12-23,34.5,34.5,33.77,33.92,627187.0,34.292,34.597,35.3315,37.20283333333334,-0.010848011197947,-0.0195681706506344,-0.0399501860945614,-0.0882414869835183,35.3315,37.020589134789255,33.64241086521074,0.0821712510795579,0.0956137800424253,-0.0145264381173736,-0.0090563832895119,-0.0543629774184554,-0.0583009439200444,0.0078924969742665,0.0071003171793514,0.0082907532238178,16.339869273570017,-0.8344708643359411,-0.7836250797149342,-0.0508457846210068,-118003967.0,24.96094937819976,0.4849999999999994,0.8341888313074152,0.0,0.0,0.0079599056603771,-0.0145264381173736,0.0082907532238178,16.339869273570017,-0.0966628258677805,0.0,0.0,0.0,0.5,-0.8916584295150475,-0.5772063942489336,-0.9923904523863052,-0.7619173852624278,-0.6481208312230624,-1.0496702094018973,-1.2139525396202209,-1.2905909294581943,-1.379236104427333,-0.0979168843472426,-0.2119015088115479,-0.5114640260647805,-0.837300591077742,-1.2905909294581943,-0.8630985174564157,-1.2448899793262396,-1.1016997427487056,-0.2711000859369643,-0.2743991022211214,0.0923220882457623,-0.3694197695590403,-0.217820061617915,-0.6747687579954026,-0.873739969772405,-0.9787446614643076,-1.7296570096057846,0.0766938426429862,0.1233170846187413,-0.191208694352348,0.5159099401954323,-1.515229474578054,-0.5091162893067932,-0.2166454608439472,-1.2115974609646494,-1.0944351354798685,-0.2743991022211214,-0.9787446614643076,-1.7296570096057846,-0.277313615030328,0.0,0.0,0.0,0.0,其他,0,0,0.5,1.0,0,0.6242424242424243,0.03183962264150941,0.05306603773584895,0.15010141987829614,0.2073170731707317,0.06504065040650407,0.02231237322515213,0.49796747967479676,0.15447154471544716,0.5,0.5,0.5,0.5,0.6242424242424243,0.6,0.4666666666666667
2025-12-24,33.81,34.28,33.75,34.21,750548.0,34.292,34.453,35.2635,37.12116666666667,-0.0023912282748163,-0.0070530868139204,-0.0298750833014306,-0.0784233613347281,35.2635,37.02030661248874,33.50669338751126,0.2001662014102961,0.0996388113762817,0.0085495283018868,0.0,-0.0403927068723701,-0.0382344672476806,0.0091921725912866,0.0083710182269071,0.008353103200926,21.23076922162365,-0.8177092835862396,-0.7904419204891954,-0.0272673630970442,-117253419.0,22.029358319098748,0.4464285714285709,0.9973390490073424,0.1141732283419613,0.052441229655471,0.0008769365682548,0.0085495283018868,0.008353103200926,21.23076922162365,0.1966893446452173,0.0,0.0,0.0,0.5,-0.9679736431202958,-0.5898369626783218,-0.991597038279314,-0.7340060452498033,-0.6122456052143631,-1.0458992880972804,-1.2335201406819734,-1.2989012227209085,-1.4020180825890458,0.1331644582865483,0.094175030416189,-0.2907624611912896,-0.6860702047315008,-1.2989012227209085,-0.8604176620166628,-1.2750169107411595,-0.7047034504414843,-0.2431284034054054,0.3828905329296379,0.2213156665498797,-0.1992435193099437,-0.0126347485249775,-0.5947414973566739,-0.7836164784233636,-0.9702161405468936,-1.4045520400951867,0.0870940689684836,0.1187258413005398,-0.1263150061833111,0.5525012482592897,-1.684263989392773,-0.5320804866139462,0.1094395152910134,-0.8686992124519998,-0.9036296848964565,0.3828905329296379,-0.9702161405468936,-1.4045520400951867,0.191524745064911,0.0,0.0,0.0,0.0,其他,0,0,0.5,1.0,0,0.631578947368421,0.029815843320666335,0.04706226249634615,0.2073170731707317,0.2525458248472505,0.06517311608961303,0.022357723577235773,0.7107942973523421,0.15885947046843177,0.5,0.5,0.5,0.5,0.631578947368421,0.562753036437247,0.4291497975708502
2025-12-25,34.28,34.49,34.14,34.42,533914.0,34.3,34.383,35.1745,37.03733333333333,0.0034985422740525,0.0010761131954744,-0.0214501982970618,-0.0706674346605226,35.1745,36.91178735919565,33.437212640804354,0.282851122459783,0.0987810691944851,0.0061385559777842,0.0011634671320535,-0.0199316628701593,-0.049171270718232,0.0093624139009952,0.0079911963464348,0.0072500166890759,24.26035501953717,-0.7785062299112653,-0.7880547823736095,0.0095485524623442,-116719505.0,27.599532185094745,0.4507142857142853,0.7479978203699306,0.1968503936930374,0.0994035785268508,0.0014526438117372,0.0061385559777842,0.0072500166890759,24.26035501953717,-0.2886344377708021,0.0,0.0,0.0,0.5,-0.9109989196594304,-0.5751906816761456,-0.9389753668132604,-0.713348283897257,-0.6711655683828865,-1.041066795252635,-1.240169452740396,-1.311597054177909,-1.4252622094942762,0.293991360003062,0.2928886748251379,-0.1061868783891048,-0.5665834933372391,-1.311597054177909,-0.8704805156121923,-1.2873352004436538,-0.4266861281957284,-0.2485257884990485,0.3134577676357141,0.2375363930656567,0.0498019119130142,-0.1244300722030041,-0.5830887228546492,-0.8075767363615434,-1.056370777361522,-1.2029065312686495,0.1116167030791304,0.120060136376369,-0.0251155406376749,0.5781298497383938,-1.3356633042975077,-0.5282002490631764,-0.389307210741341,-0.6207359034241241,-0.7334343645682783,0.3134577676357141,-1.056370777361522,-1.2029065312686495,-0.5846284034582183,0.0,0.0,0.0,0.0,其他,0,0,0.5,1.0,0,0.5777777777777777,0.03834979662986626,0.041255084253341234,0.20850202429149797,0.16260162601626016,0.04065040650406504,0.02231237322515213,0.4024390243902439,0.15853658536585366,0.5,0.5,0.5,0.5,0.5777777777777777,0.5878787878787879,0.501010101010101
2025-12-26,34.39,34.57,34.2,34.24,606230.0,34.242000000000004,34.321000000000005,35.081,36.95883333333333,-5.840780328258965e-05,-0.0023600710934996,-0.0239730908468972,-0.0735638300271021,35.081,36.807546903656615,33.35445309634339,0.2564502886528849,0.0984320232405969,-0.0052295177222544,-0.0083984940631335,-0.0177854274239815,-0.0517862088064247,0.0092960443468363,0.0078557799421426,0.007275789253794,23.49570199630544,-0.7532786952080883,-0.7810995649405054,0.027820869732417,-117325735.0,27.74057115899265,0.4592857142857137,0.8647141003970114,0.125984251963544,0.0646464646451587,0.0192757009345794,-0.0052295177222544,0.007275789253794,23.49570199630544,0.1354450342189941,0.0,0.0,0.0,0.5,-0.8956011596292185,-0.5688318659466014,-0.9284244842507268,-0.727638383622034,-0.6493774965413391,-1.0453721907193372,-1.2453871563702712,-1.325106289789566,-1.4460966845758685,0.1960368117198712,0.2081497566854861,-0.161204178085267,-0.6089293139771719,-1.325106289789566,-0.8799962069657581,-1.3030171067101786,-0.5141301174123244,-0.2504424825803312,-0.0116632627000022,0.1003009926811791,0.0758476997554275,-0.1509846451135988,-0.5857687167547129,-0.814595360724063,-1.0502674454374066,-1.2468137873642702,0.1273292300581684,0.124340511922191,0.0251331721254604,0.5463266139859982,-1.320605970369198,-0.5216492024643945,-0.1548241344484636,-0.8296618266309684,-0.8546489187955322,-0.0116632627000022,-1.0502674454374066,-1.2468137873642702,0.0953366726396778,0.0,0.0,0.0,0.0,其他,0,0,0.5,1.0,0,0.6470588235294118,0.03855140186915884,0.04672897196261694,0.29065040650406504,0.21428571428571427,0.04081632653061224,0.024439918533604887,0.4306122448979592,0.1510204081632653,0.5,0.5,0.5,0.5,0.6470588235294118,0.6511156186612576,0.539553752535497
2025-12-29,34.21,34.33,33.88,34.24,536110.0,34.206,34.28,34.970000000000006,36.88983333333333,0.0009939776647371,-0.0011668611435239,-0.0208750357449243,-0.0718309922788119,34.970000000000006,36.606350239179584,33.33364976082043,0.2769426182277149,0.0935859444766884,0.0,-0.0052295177222544,-0.0118326118326117,-0.06088864509051,0.0092736845324925,0.0077227427988882,0.0067128219276968,25.07645258865232,-0.7249291600962806,-0.7698654839716605,0.0449363238753799,-117325735.0,27.96132246310424,0.4607142857142849,0.7955970365045493,0.1428571428507657,0.0646464646451587,0.0134345794392523,0.0,0.0067128219276968,25.07645258865232,-0.1156656714448312,0.0,0.0,0.0,0.5,-0.913539807713402,-0.5828219983342298,-0.9660288918543966,-0.7257801987936019,-0.6674007814821011,-1.046628129745646,-1.2469588264467597,-1.3421743379319286,-1.4629799498205056,0.2245638465468079,0.2370620541836351,-0.092993780786133,-0.5808907997425836,-1.3421743379319286,-0.900869333594497,-1.3022283384881803,-0.4443087320604191,-0.2831834996390943,0.1379248685521179,0.1455501846711798,0.1483195451976993,-0.2440874507183728,-0.5857858032412455,-0.821426950734437,-1.091972205370667,-1.139895653854309,0.1450123284729033,0.1313848311724073,0.0721982034852223,0.5451423917114534,-1.3009165873690864,-0.5195953580143714,-0.2931878404243178,-0.7770563627352479,-0.851573699882258,0.1379248685521179,-1.091972205370667,-1.139895653854309,-0.3074988101118766,0.0,0.0,0.0,0.0,其他,0,0,0.5,1.0,0,0.5393939393939394,0.03358644859813076,0.01577102803738306,0.4777327935222672,0.22560975609756098,0.028455284552845527,0.034482758620689655,0.29471544715447157,0.25,0.5,0.5,0.5,0.5,0.5393939393939394,0.5575757575757576,0.34545454545454546
2025-12-30,33.9,34.42,33.9,34.19,410217.0,34.260000000000005,34.276,34.872499999999995,36.826,-0.0020431990659663,-0.0025090442291981,-0.0195712954333643,-0.0715798620539837,34.872499999999995,36.44651096766054,33.298489032339454,0.2831971904736091,0.0902723330794194,-0.0014602803738319,0.0079599056603771,-0.0011685655857435,-0.0539568345323742,0.0056449548642974,0.0067115172357774,0.0065861847389761,26.451612891279908,-0.6984452888817856,-0.7555814449536856,0.0571361560719,-117735952.0,33.35681696161447,0.4735714285714282,0.6114774722670236,0.1205357142803317,0.0545454545443518,0.0236911377595789,-0.0014602803738319,0.0065861847389761,26.451612891279908,-0.2348268079312081,0.0,0.0,0.0,0.5,-0.94628833950456,-0.5757989192126545,-0.960390751112578,-0.7284135474283555,-0.7009487969700551,-1.0354946645180652,-1.2421837688382906,-1.3561735003909976,-1.4776235996214346,0.1407042991696406,0.203636371679948,-0.0641939377188545,-0.5754645371074727,-1.3561735003909976,-0.9167676182894976,-1.3052350050670625,-0.4223718772764787,-0.3053878877115401,0.0958574563329107,0.3346171458238628,0.2783220532870675,-0.1723960750450789,-0.8040922112142315,-0.8887970639702888,-1.0979694766991974,-1.0470970956144527,0.1615144004718235,0.1404024216658755,0.1057106803575496,0.5232673960658349,-0.9676716974268876,-0.5103745324272739,-0.662195132353219,-0.8411760602888803,-0.8844581300094628,0.0958574563329107,-1.0979694766991974,-1.0470970956144527,-0.4981783015728049,0.0,0.0,0.0,0.0,其他,0,0,0.5,1.0,0,0.5364372469635628,0.041825095057034245,0.011991810470898034,0.6247464503042597,0.2973523421588595,0.02240325865580448,0.06707317073170732,0.15040650406504066,0.31910569105691056,0.5,0.5,0.5,0.5,0.5364372469635628,0.5870445344129555,0.3076923076923077
2025-12-31,34.38,34.4,34.0,34.24,538421.0,34.266,34.279,34.7855,36.76499999999999,-0.000758769625868,-0.0011377228040492,-0.0156818214485919,-0.0686794505643952,34.7855,36.292696421383575,33.27830357861642,0.3190348675552379,0.0866565909001878,0.0014624159110852,0.0008769365682548,0.0008769365682548,-0.0483602001111727,0.0041573656511914,0.0067261832775556,0.0066386505393278,33.206106852485405,-0.6657477226725916,-0.7376147004974669,0.0718669778248752,-117197531.0,40.45552337467227,0.4557142857142854,0.7994488413158172,0.1428571428507657,0.0646464646451587,0.028913551401869,0.0014624159110852,0.0066386505393278,33.206106852485405,0.312527272151081,0.0,0.0,0.0,0.5,-0.8882709511033644,-0.5758009015026919,-0.9446727046211036,-0.7220833673035878,-0.6633849737988639,-1.031062376735269,-1.236273592964583,-1.367780137972234,-1.4909483402637915,0.1758202018480389,0.2370430066720431,0.0214978194310451,-0.5297216763627839,-1.367780137972234,-0.93187254152895,-1.3042909334727055,-0.300995772944951,-0.3296573553306966,0.1795613129635488,0.2321785431503615,0.3028294203257754,-0.1144627266614705,-0.8918476444369727,-0.8850563373357696,-1.089418248167022,-0.6088065044380401,0.1819507689274891,0.1518061753905432,0.1462101719338763,0.5493624039507711,-0.5323130822855523,-0.5204873204627393,-0.2828124523846594,-0.7722625357063119,-0.8452623667560066,0.1795613129635488,-1.089418248167022,-0.6088065044380401,0.3828502243109703,0.0,0.0,0.0,0.0,其他,0,0,0.5,1.0,0,0.5192697768762677,0.044100467289719614,0.02949766355140171,0.6321138211382114,0.28716904276985744,0.03054989816700611,0.09164969450101833,0.4419551934826884,0.34826883910386963,0.5,0.5,0.5,0.5,0.5192697768762677,0.6369168356997972,0.42190669371196754
2026-01-05,34.27,34.5,34.1,34.47,641124.0,34.276,34.288,34.705,36.701,0.005659936982145,0.0053079794680355,-0.0067713585938625,-0.0607885343723604,34.705,36.08794118305492,33.32205881694508,0.4150361552172494,0.0796969418268798,0.0067172897196261,0.0014526438117372,0.0026178010471202,-0.0446230598669622,0.0043674062943472,0.0068873346248601,0.006856860554525,42.47104244808515,-0.6141955243883714,-0.7129308652756479,0.0987353408872764,-116556407.0,47.83025486530138,0.4578571428571426,0.9835781882403984,0.2455357142747521,0.1111111111088659,0.0368436321438934,0.0067172897196261,0.006856860554525,42.47104244808515,0.1907485034944773,0.0,0.0,0.0,0.5,-0.8982652517487888,-0.5681590938592765,-0.9290570814764204,-0.6996358606063109,-0.633069024193171,-1.0261226363083824,-1.2294114845204671,-1.3778724899187884,-1.5051705496952978,0.3524551725083478,0.3955580284230774,0.2178450965215826,-0.4079321364844228,-1.3778724899187884,-0.9528864719677228,-1.2866161542991024,0.0230693257000444,-0.3769344973422001,0.3302486911529287,0.2400572720547197,0.3235916603150136,-0.0757125267752343,-0.8764496156432556,-0.8712380103986929,-1.0675249996205165,-0.0089345900567425,0.2143453657960533,0.1675686659789838,0.2202709024468325,0.5806020337523177,-0.080555766993659,-0.5179959575668129,0.0887365853455102,-0.4641315937942957,-0.676665279419089,0.3302486911529287,-1.0675249996205165,-0.0089345900567425,0.1860704706439974,0.0,0.0,0.0,0.0,其他,0,0,0.5,1.0,0,0.5890688259109311,0.038584276182187294,0.014215259646069178,0.5780933062880325,0.22154471544715448,0.03048780487804878,0.17073170731707318,0.40853658536585363,0.3434959349593496,0.5,0.5,0.5,0.5,0.5890688259109311,0.562753036437247,0.5222672064777328
2026-01-06,34.6,35.18,34.5,34.9,1053276.0,34.408,34.325,34.642,36.64,0.014299000232504,0.0167516387472685,0.0074476069510995,-0.0474890829694323,34.642,35.84953075584668,33.43446924415333,0.606829577089493,0.0697148407045315,0.0124746156077748,0.0192757009345794,0.0107153200115841,-0.0348451327433627,0.0057298964620559,0.0078338964730033,0.0075570252079689,54.44839854938513,-0.5325042519527656,-0.6768455426110714,0.1443412906583058,-115503131.0,58.212732257408106,0.4607142857142854,1.558358435489659,0.451612903204993,0.1979797979757979,0.0189111747851002,0.0124746156077748,0.0075570252079689,54.44839854938513,0.6428584797948602,0.0,0.0,0.0,0.5,-0.8577092516279132,-0.5235185125215834,-0.8755347543157287,-0.6593054583656264,-0.5161186166251667,-1.0044304971944091,-1.2178439512685146,-1.3841514624690971,-1.5180163349801437,0.59010645026808,0.6770969176306201,0.5311423798813323,-0.2035320005154816,-1.3841514624690971,-0.9777332851873004,-1.2511803572134457,0.6700120044922447,-0.4450002382965489,0.4952354543629478,0.4965696807293681,0.4223167757514865,0.0254555695148982,-0.7913591543769453,-0.8032595017779386,-1.0067624867198095,0.76578540627272,0.2658796409087111,0.1907405165692451,0.3461895799064177,0.6326335753759401,0.5550966997816034,-0.5150642825388964,1.2454711769730722,0.1528727833480975,-0.3640741751616324,0.4952354543629478,-1.0067624867198095,0.76578540627272,0.9138269609316644,0.0,0.0,0.0,0.0,其他,0,0,0.5,1.0,0,0.6417004048582996,0.0332378223495704,0.0,0.6490872210953347,0.258130081300813,0.034552845528455285,0.4166666666666667,0.7540650406504065,0.3902439024390244,0.5,0.5,0.5,0.5,0.6417004048582996,0.5991902834008097,0.4382591093117409
2026-01-07,35.09,35.1,34.64,34.7,784000.0,34.5,34.352999999999994,34.572500000000005,36.585,0.0057971014492754,0.0101010101010103,0.0036879022344347,-0.051523848571819,34.572500000000005,35.571043676402816,33.573956323597194,0.5638429760042766,0.0577651993000172,-0.0057306590257878,0.0134345794392523,0.0081348053457293,-0.0385148240509836,0.007099243226717,0.0080273328354115,0.0076095374944499,59.07335904142766,-0.4783871097078531,-0.6371538560304278,0.1587667463225747,-116287131.0,57.63871004989164,0.4528571428571425,1.1463434640949584,0.3999999999794886,0.1575757575725745,0.0198847262247838,-0.0057306590257878,0.0076095374944499,59.07335904142766,-0.2556556875880585,0.0,0.0,0.0,0.5,-0.7989666090329467,-0.52753630112846,-0.8552471758810746,-0.6757303224957967,-0.5906012478920479,-0.9884029249600872,-1.2079439581660143,-1.3917275695426754,-1.528389661700294,0.3539952772187833,0.5112520885501258,0.4469373685539444,-0.2649547795317303,-1.3917275695426754,-1.0071340512889395,-1.2090527469024763,0.5233162358045405,-0.5265424847149339,-0.0303114051361237,0.4112508328636464,0.3897756441916628,-0.0125754194762851,-0.706191053737161,-0.7876441437165702,-0.9989431577627113,1.0620575385656397,0.2998457851776862,0.216255953988996,0.3855506407997151,0.5914589444766575,0.5187089650331027,-0.5189057004929476,0.4122345602693965,-0.0019914710185178,-0.5080254967802914,-0.0303114051361237,-0.9989431577627113,1.0620575385656397,-0.5372910557917325,0.0,0.0,0.0,0.0,其他,0,0,0.5,1.0,0,0.6012145748987854,0.03083573487031699,0.0034582132564839885,0.539553752535497,0.25609756097560976,0.036585365853658534,0.42073170731707316,0.49796747967479676,0.37398373983739835,0.5,0.5,0.5,0.5,0.6012145748987854,0.5303643724696356,0.36639676113360325
2026-01-08,34.63,35.01,34.63,35.0,765040.0,34.662,34.461,34.529,36.5325,0.0097513126767065,0.0156408693885843,0.0136407078108256,-0.0419489495654553,34.529,35.349472264517175,33.70852773548283,0.7870298121524352,0.0475236621109673,0.0086455331412103,0.0236911377595789,0.0318396226415094,-0.0242542514636185,0.0070597623592369,0.0062456061105609,0.0078938537625347,63.76306617098666,-0.4066043104038996,-0.5910439469051222,0.1844396365012225,-115522091.0,65.41626840323337,0.4464285714285709,1.1039601960184475,0.6242774566113136,0.2181818181774103,0.0177142857142855,0.0086455331412103,0.0078938537625347,63.76306617098666,-0.0241836734693877,0.0,0.0,0.0,0.5,-0.8497088947738796,-0.5321915460205803,-0.8540916016001089,-0.6471263209756728,-0.5946220236989599,-0.9628459397936364,-1.1844873099131372,-1.3937484467850036,-1.5376463809337302,0.4627275965069252,0.647104825450741,0.6659814587843055,-0.1172969528901217,-1.3937484467850036,-1.0296431066521694,-1.1686469341048449,1.2739617057287682,-0.5961167145947435,0.3846992359653444,0.5586353798693233,0.680415730330506,0.1353208936815067,-0.7068262008872053,-0.9086721495498276,-0.9723964749678248,1.3596796641763838,0.3450483251271695,0.2459495890650804,0.4560945488409909,0.6289541676577831,0.9935947586816432,-0.5218425286865096,0.3258524487438234,0.6704517848997287,-0.2891704669198788,0.3846992359653444,-0.9723964749678248,1.3596796641763838,-0.1624491819292511,0.0,0.0,0.0,0.0,其他,0,0,0.5,1.0,0,0.6531440162271805,0.020571428571428463,-0.005142857142857116,0.5365853658536586,0.2240325865580448,0.054989816700611,0.573170731707317,0.5274949083503055,0.47046843177189407,0.5,0.5,0.5,0.5,0.6531440162271805,0.3894523326572008,0.3752535496957404
2026-01-09,34.99,35.26,34.83,35.23,877260.0,34.86,34.563,34.508,36.48166666666667,0.01061388410786,0.0192980933368049,0.0209226845948764,-0.034309470510302,34.508,35.222293172893266,33.79370682710674,1.0053947225723678,0.041398700179158,0.0065714285714284,0.028913551401869,0.0298158433206663,-0.011781206171108,0.0068377529641028,0.0060850914169054,0.0079863813364275,64.50511942310331,-0.3273829797775462,-0.538311753479607,0.2109287737020607,-114644831.0,65.9364760962456,0.4449999999999993,1.2525363661525055,0.999999999923664,0.2646464646411175,0.014760147601476,0.0065714285714284,0.0079863813364275,64.50511942310331,0.1466851406462408,0.0,0.0,0.0,0.5,-0.8059149431991895,-0.5150612664390175,-0.8262993295230731,-0.6249104719274166,-0.5617575886500223,-0.932492134031814,-1.1622874455870096,-1.3910330485656464,-1.546118475355558,0.485686789459465,0.7359898290478287,0.8252098982129734,0.0005577553178035,-1.3910330485656464,-1.040902250038368,-1.1415559516684124,1.995738449640924,-0.6370563459519948,0.3240477972169611,0.632914919947652,0.6538551255147836,0.2646196956162907,-0.7185544810981059,-0.9169692970960448,-0.9615905367985346,1.400618615290331,0.394960797477152,0.2799567881687594,0.5288031394393573,0.6720493416819507,1.022000955825673,-0.5216154782151448,0.6254125981139165,1.787674727929693,-0.1213071114708264,0.3240477972169611,-0.9615905367985346,1.400618615290331,0.1143061814723709,0.0,0.0,0.0,0.0,其他,0,0,0.5,1.0,0,0.7322515212981744,0.016747090547828636,-0.008515469770082218,0.5203252032520326,0.285132382892057,0.05702647657841141,0.573170731707317,0.5743380855397149,0.49490835030549896,0.5,0.5,0.5,0.5,0.7322515212981744,0.38336713995943206,0.40973630831643004
2026-01-12,35.24,35.98,35.24,35.74,1599360.0,35.114,34.695,34.539,36.44683333333333,0.0178276470923279,0.0301196137772012,0.0347722864008801,-0.0193935458498908,34.539,35.40321001346215,33.67478998653785,1.194854249066808,0.0500425613630763,0.01447629860914,0.0368436321438934,0.0383497966298662,0.0176537585421414,0.0079122447901861,0.0070619706460668,0.0079151357890829,68.38905772165818,-0.220900364846976,-0.4748294757530808,0.2539291109061047,-113045471.0,69.08294664687213,0.4842857142857139,2.1650215732590268,0.999999999945055,0.3676767676693402,0.0016787912702853,0.01447629860914,0.0079151357890829,68.38905772165818,0.8231311127829835,0.0,0.0,0.0,0.5,-0.7749729424871435,-0.4678112890836586,-0.7719594424600773,-0.5775014415345557,-0.3571826397405921,-0.8945964083202024,-1.1351773570131554,-1.3774702203192712,-1.5485093563472363,0.6846077295446293,1.001489144146531,1.1283494318805207,0.2306484436013123,-1.3774702203192712,-1.0158809810670255,-1.168096408424246,2.5980803049333576,-0.5756781398465579,0.5521252961846123,0.7461331010077726,0.7572833408514089,0.5701007370083772,-0.6514155180727833,-0.8465702968049942,-0.9641509330953316,1.6414251245000655,0.4622320735654626,0.3209767766472916,0.6472722685671456,0.7516821687684416,1.210372010309104,-0.4955980500760049,2.446182424277997,1.774725599108125,0.2505694473687414,0.5521252961846123,-0.9641509330953316,1.6414251245000655,1.2075942547948584,0.0,0.0,0.0,0.0,其他,0,0,0.5,1.0,0,0.5679513184584178,0.002797985450475604,-0.022383883603805388,0.5894308943089431,0.3380855397148676,0.06109979633401222,0.7052845528455285,0.890020366598778,0.560081466395112,0.5,0.5,0.5,0.5,0.5679513184584178,0.40365111561866124,0.3488843813387424
2026-01-13,35.75,36.32,35.36,35.56,1561742.0,35.246,34.827000000000005,34.574,36.41366666666666,0.0089088123475005,0.021046888908031,0.0285185399433101,-0.0234435788760628,34.574,35.5432623348114,33.604737665188594,1.0086342285708407,0.0560688572226876,-0.0050363738108561,0.0189111747851002,0.0385514018691588,0.0200803212851405,0.0088608300239713,0.0070347649500259,0.007801252641342,66.96428568638395,-0.149315405970853,-0.4097266617966352,0.2604112558257822,-114607213.0,77.67585602739578,0.5314285714285708,1.9957939553107271,0.9010989010493904,0.3313131313064385,0.014060742407199,-0.0050363738108561,0.007801252641342,66.96428568638395,-0.0235206582633052,0.0,0.0,0.0,0.5,-0.7141914971163703,-0.4450435425632482,-0.7547054086559662,-0.5925066216662178,-0.3671444843221986,-0.8737392844930656,-1.108310113590622,-1.3632607583763532,-1.550250714416627,0.4355417398738088,0.7739855022350074,0.9861291297028462,0.1675743265394949,-1.3632607583763532,-0.9958522808536509,-1.1816305109601164,1.9605651284782413,-0.5325827579006603,-0.0144019221518883,0.4845692263311266,0.7577684183194809,0.5940247723294377,-0.5921254836479612,-0.8460186823327995,-0.970165263110133,1.540634494152304,0.5070941519260437,0.3630307420130133,0.6638182300377214,0.6704083553207301,1.7265467550857443,-0.4646413444500326,2.086270478900291,1.47129872911862,0.1186380283172914,-0.0144019221518883,-0.970165263110133,1.540634494152304,-0.1655721566500587,0.0,0.0,0.0,0.0,其他,0,0,0.5,1.0,0,0.5548780487804879,0.007874015748031482,-0.016310461192351133,0.6435845213849287,0.3693877551020408,0.061224489795918366,0.7759674134419552,0.8775510204081632,0.5877551020408164,0.5,0.5,0.5,0.5,0.5548780487804879,0.44715447154471544,0.3252032520325203
2026-01-14,35.55,35.9,35.21,35.39,1291182.0,35.384,34.942,34.611000000000004,36.36716666666667,0.0001695681664029,0.0128212466372845,0.0225072953685243,-0.0268694747551592,34.611000000000004,35.646697578294,33.575302421706006,0.8760750320549934,0.0598478852556127,-0.0047806524184477,0.0198847262247838,0.0335864485981307,0.0213564213564214,0.0086124749717351,0.0074714894062257,0.0077468962897415,74.25742570826387,-0.1050899777229403,-0.3487993249818963,0.2437093472589559,-115898395.0,73.12472198561856,0.5285714285714279,1.602876080446582,0.8076923076479282,0.2969696969636976,0.0107374964679287,-0.0047806524184477,0.0077468962897415,74.25742570826387,-0.1732424433741296,0.0,0.0,0.0,0.5,-0.7355183045112997,-0.4712011983913046,-0.771876293444058,-0.6065788290725319,-0.4429091055463919,-0.8521659547972892,-1.084573790361535,-1.3488277777878288,-1.556884422443604,0.1916752048201409,0.5682133070747332,0.8501343352413814,0.114177363181293,-1.3488277777878288,-0.980276641574352,-1.184443773694961,1.5121753943753944,-0.5051735271668943,-0.0069536097696377,0.4977113002538542,0.6946099912327051,0.6059202788470399,-0.6059536901915504,-0.8133472776212681,-0.9713224706965614,1.9929198227010427,0.5343714830031175,0.4023118255596484,0.6157574673063662,0.6031293689860453,1.440320502108257,-0.4655042744748107,1.294833229103803,1.1880071359367506,-0.0059719392479319,-0.0069536097696377,-0.9713224706965614,1.9929198227010427,-0.4080654422998242,0.0,0.0,0.0,0.0,其他,0,0,0.5,1.0,0,0.491869918699187,-0.017236507487990993,-0.014975981915795411,0.6028513238289206,0.4020408163265306,0.061224489795918366,0.8594704684317719,0.6428571428571429,0.5244897959183673,0.5,0.5,0.5,0.5,0.491869918699187,0.3333333333333333,0.35365853658536583
2026-01-15,35.18,35.77,35.18,35.62,723359.0,35.508,35.085,34.6805,36.32383333333333,0.0031542187676016,0.0152486817728372,0.0270901515260735,-0.0193766259985409,34.6805,35.792302235348615,33.56869776465139,0.9225121923833683,0.0641168515647356,0.006499011020062,0.0177142857142855,0.0418250950570342,0.0406076541045865,0.00837160678306,0.0073265585024915,0.0071738612489437,73.73737370261533,-0.0508952407462857,-0.2892185081347742,0.2383232673884884,-115175036.0,73.13227675839954,0.5328571428571424,0.8967460060370767,0.9340659340146092,0.3434343434274048,0.0028074115665357,0.006499011020062,0.0071738612489437,73.73737370261533,-0.4397699162472834,0.0,0.0,0.0,0.5,-0.7763938993895497,-0.4786471048282225,-0.7737117404614016,-0.5844319883090601,-0.6025993856295068,-0.8326364805207255,-1.0562530426313337,-1.3278019748212315,-1.5622378424264995,0.2744998262354743,0.6271814298646166,0.9488173910910344,0.2302059612311355,-1.3278019748212315,-0.959854794219032,-1.1812872788488904,1.6551182027528415,-0.4744093239684967,0.3210503741795616,0.465165091280424,0.7944692892269726,0.8049646858114897,-0.619297039662502,-0.8211431886827183,-1.014559442862407,1.9437689653037056,0.5679885131896629,0.4406687735927407,0.5993711442641242,0.63865906095623,1.433345537912194,-0.461825749808924,-0.1147975068578907,1.5550556093881822,0.1626414264492785,0.3210503741795616,-1.014559442862407,1.9437689653037056,-0.8393820594260788,0.0,0.0,0.0,0.0,其他,0,0,0.5,1.0,0,0.2900608519269776,-0.02863559797866355,-0.038180797304884884,0.6524390243902439,0.45621181262729127,0.05702647657841141,0.8902439024390244,0.4134419551934827,0.6171079429735234,0.5,0.5,0.5,0.5,0.29006085192697767,0.23732251521298176,0.25557809330628806
2026-01-16,35.62,35.88,35.42,35.75,789540.0,35.612,35.236000000000004,34.7575,36.281333333333336,0.0038750982814781,0.0145873538426608,0.0285549881320579,-0.0146448127595458,34.7575,35.94297125872499,33.57202874127501,0.9186098956863804,0.0682138392416932,0.0036496350364965,0.014760147601476,0.0441004672897196,0.045016077170418,0.0082079993083638,0.0072705109576989,0.0071555162494382,73.01038058746899,0.002515396380275,-0.2308717272317643,0.2333871236120394,-114385496.0,73.75009544606462,0.5407142857142853,0.9734959879078072,0.9999999999453552,0.369696969689501,0.001958041958042,0.0036496350364965,0.0071555162494382,73.01038058746899,0.0914912235833107,0.0,0.0,0.0,0.5,-0.723581051840836,-0.4706091927947897,-0.7411482890868006,-0.5713970982951051,-0.5825565894533994,-0.815967426628709,-1.0267839226337698,-1.3054768218675612,-1.567193452959967,0.2941309796968452,0.6093173243663373,0.978066981897362,0.3032667908450406,-1.3054768218675612,-0.9389756319511392,-1.175583873061101,1.631891939855746,-0.4448922551448011,0.2375222464907128,0.4212642278749139,0.8203765814660394,0.8485805901530807,-0.6278931598444326,-0.8227494211622888,-1.0125158553309892,1.882896143883623,0.6010351125525966,0.4781677926174435,0.584283595731687,0.677471507943859,1.463255602599538,-0.4558813850142888,0.0386335587490433,1.738763355334462,0.257773671772556,0.2375222464907128,-1.0125158553309892,1.882896143883623,0.0253513476607167,0.0,0.0,0.0,0.0,其他,0,0,0.5,1.0,0,0.1720647773279352,-0.013986013986013957,-0.040279720279720266,0.7302231237322515,0.5182926829268293,0.052845528455284556,0.896551724137931,0.4685598377281947,0.6450304259634888,0.5,0.5,0.5,0.5,0.1720647773279352,0.3319838056680162,0.24493927125506074
2026-01-19,35.65,35.95,35.65,35.8,708300.0,35.624,35.369,34.8285,36.23316666666667,0.0049404895576015,0.0121858124346179,0.0278938225878231,-0.0119549767938216,34.8285,36.086640231494535,33.57035976850546,0.8860857381364206,0.0722477414468567,0.0013986013986013,0.0016787912702853,0.0385842761821872,0.0413030831878997,0.0051267443768264,0.0072725210132943,0.0071280210774461,78.26086952551978,0.048321275651574,-0.1750331266550966,0.2233544023066707,-113677196.0,78.84241810221107,0.5357142857142857,0.8757083294104906,0.9999999999468084,0.3797979797903065,0.0011173184357544,0.0013986013986013,0.0071280210774461,78.26086952551978,-0.1028953567900295,0.0,0.0,0.0,0.5,-0.7183488362620853,-0.4651695564122365,-0.7099787060744795,-0.5656498057118541,-0.6043176619320163,-0.8121042387643194,-1.000601107547139,-1.2846727558803974,-1.5741334324150245,0.3233777702347819,0.5482378317206109,0.9602129783283646,0.3444865397138594,-1.2846727558803974,-0.919055407020939,-1.1712504062440885,1.516258492181385,-0.4158571660041404,0.1714697507211883,0.2298042244397014,0.750039506976036,0.807413945110945,-0.8147520366976525,-0.8203291289146211,-1.0112406732952086,2.194271433257465,0.6291268708963748,0.5139629971588054,0.5549885014412268,0.7120268540414891,1.761108539915127,-0.4581522878830948,-0.1570003672681418,1.726886856093718,0.2940101422696493,0.1714697507211883,-1.0112406732952086,2.194271433257465,-0.2910718866432317,0.0,0.0,0.0,0.0,其他,0,0,0.5,1.0,0,0.3630831643002028,-0.02346368715083791,-0.027932960893854775,0.5650406504065041,0.42073170731707316,0.03861788617886179,0.9308943089430894,0.4065040650406504,0.5528455284552846,0.5,0.5,0.5,0.5,0.3630831643002028,0.5253549695740365,0.3184584178498986
2026-01-20,35.8,36.29,35.61,36.06,1335151.0,35.724000000000004,35.485,34.905,36.19416666666667,0.0094054417198521,0.0162040298717769,0.0330898152127203,-0.0037068588400525,34.905,36.2683781573723,33.541621842627706,0.9235802054118756,0.078119361545245,0.0072625698324024,0.014060742407199,0.0332378223495704,0.0443092962641182,0.0048412067385687,0.0067511685229188,0.0072066000218126,80.13245029397831,0.1043991437335165,-0.119146672577374,0.2235458163108905,-112342045.0,84.16809254798707,0.5521428571428574,1.5869847733848892,0.999999999953271,0.432323232314499,-0.0061009428729894,0.0072625698324024,0.0072066000218126,80.13245029397831,0.8850077650712975,0.0,0.0,0.0,0.5,-0.6992560758868773,-0.4422834196319637,-0.7133812244195644,-0.5408511924892175,-0.4252039521290426,-0.7960855795923714,-0.9775024692094618,-1.2629682762795955,-1.5776102044635134,0.4476909226949889,0.6470665862815489,1.0717311841754271,0.4723059395901043,-1.2629682762795955,-0.8947754803329351,-1.1740198683580247,1.6291122929316049,-0.3740233349723577,0.3424540187911007,0.4101571248362695,0.6820518099826263,0.8364721578293589,-0.8299993406047108,-0.8542561384832199,-1.0013831893701222,2.288021596742548,0.6637487533793317,0.5497307482895786,0.5543664038402936,0.7784645986668268,2.0658236522386426,-0.446734677430665,1.2647269958841567,1.7152506454341143,0.4848900993126567,0.3424540187911007,-1.0013831893701222,2.288021596742548,1.3161965661172528,0.0,0.0,0.0,0.0,其他,0,0,0.5,1.0,0,0.402020202020202,-0.0321686078757627,-0.032445923460898585,0.5506072874493927,0.5060728744939271,0.04251012145748988,0.9352226720647774,0.8319838056680162,0.6133603238866396,0.5,0.5,0.5,0.5,0.402020202020202,0.3414141414141414,0.2101010101010101
2026-01-21,35.86,35.99,35.68,35.77,665365.0,35.8,35.592,34.972500000000004,36.14366666666667,-0.0008379888268155,0.0050011238480558,0.0228036314246908,-0.0103383718678237,34.972500000000004,36.36807005896285,33.57692994103716,0.785725533734261,0.0798095680296722,-0.0080421519689406,0.0107374964679287,0.0308357348703169,0.0392213829169088,0.0061592546543792,0.007123834599863,0.0074742835166532,74.23312880247667,0.1240111583997105,-0.070515106381957,0.1945262647816676,-113007410.0,79.44600721923743,0.5421428571428574,0.7922272866526493,0.8644859812680151,0.3737373737298241,-0.0276768241543192,-0.0080421519689406,0.0074742835166532,74.23312880247667,-0.5016556179787904,0.0,0.0,0.0,0.5,-0.6906519337261093,-0.4608658455585498,-0.7027270486113262,-0.5661018114475741,-0.6146278846025803,-0.783464071713826,-0.9560946952286508,-1.2433823516548594,-1.585204595710209,0.159859172011198,0.366360721328559,0.8407862443691307,0.3676453642169795,-1.2433823516548594,-0.8803030931727451,-1.1601074849196509,1.1730899388655307,-0.3614795084978465,-0.105874625117007,0.3608165437692267,0.6506955126582236,0.7809977174828839,-0.7471459325953944,-0.8259504576480842,-0.9762635251479986,1.9040398868614057,0.6748361828104626,0.5806494502814119,0.4718997197880754,0.7424966403473311,1.7686199491390089,-0.4522434408604863,-0.3278912845834879,1.3107969353951912,0.2697772004286342,-0.105874625117007,-0.9762635251479986,1.9040398868614057,-0.9424335024243106,0.0,0.0,0.0,0.0,其他,0,0,0.5,1.0,0,0.1979797979797979,-0.02655856863293271,-0.030192899077439384,0.48785425101214575,0.4939271255060729,0.048582995951417005,0.8178137651821862,0.3805668016194332,0.4959514170040486,0.5,0.5,0.5,0.5,0.19797979797979798,0.29494949494949496,0.2545454545454545
2026-01-22,35.68,35.92,35.65,35.72,591200.0,35.82,35.664,35.0625,36.10016666666666,-0.0027917364600782,0.0015702108568864,0.0187522281639929,-0.0105308839756047,35.0625,36.40336970990744,33.72163029009256,0.7451766920631199,0.0764845467324699,-0.0013978194017334,0.0028074115665357,0.0205714285714284,0.0530660377358489,0.0057663379001049,0.0069555448258924,0.0064583625039721,72.69938647184685,0.1339748603929749,-0.0296171130269706,0.1635919734199455,-113598610.0,75.10758438041144,0.5328571428571435,0.7054329012735797,0.8181818181380638,0.3636363636290172,-0.0313549832026874,-0.0013978194017334,0.0064583625039721,72.69938647184685,-0.1114651356774101,0.0,0.0,0.0,0.5,-0.7098980673208362,-0.4645180640301577,-0.7048990198587582,-0.5694669769933786,-0.6343583631865948,-0.7786621093609101,-0.9408050049276788,-1.219333624365838,-1.5901257037257088,0.1047540896152166,0.2799870013790076,0.7487615260973481,0.3638208059322384,-1.219333624365838,-0.8735067292302854,-1.117866933962192,1.036786237574956,-0.3840827184106882,0.0890017620186601,0.2440713502062869,0.5220196017149923,0.9232950413504556,-0.7693178206774777,-0.8353698273653661,-1.0554342834778574,1.795772609975537,0.6796900654079782,0.6064025657213924,0.3841639097196312,0.7104491805390724,1.4996366149919118,-0.4572913639103313,-0.5010906935497597,1.1701322880971587,0.2322410349938797,0.0890017620186601,-1.0554342834778574,1.795772609975537,-0.3054354703313947,0.0,0.0,0.0,0.0,其他,0,0,0.5,1.0,0,0.2828282828282828,-0.02519596864501672,-0.033314669652855455,0.2874493927125506,0.46558704453441296,0.02834008097165992,0.7186234817813765,0.2732793522267207,0.39068825910931176,0.5,0.5,0.5,0.5,0.2828282828282828,0.4202020202020202,0.23030303030303031
2026-01-23,35.72,35.87,35.66,35.82,697600.0,35.834,35.723,35.143,36.06166666666668,-0.00039069040576,0.0027153374576602,0.0192641493327263,-0.0067014835698111,35.143,36.461501541822905,33.824498458177096,0.7567308336205414,0.0750363680857725,0.0027995520716685,0.001958041958042,0.0167470905478286,0.0470622624963461,0.0056646252731742,0.0067838705049181,0.0063061578803968,71.56549517565762,0.1482316085596551,0.0059526312903544,0.1422789772693006,-112901010.0,75.26065341777766,0.519285714285715,0.8350295369554136,0.8716577539640817,0.3838383838306295,-0.0159128978224455,0.0027995520716685,0.0063061578803968,71.56549517565762,0.1799729364005413,0.0,0.0,0.0,0.5,-0.7035714652324493,-0.4668711960603653,-0.7019522623711822,-0.5591659678415121,-0.6026911650232442,-0.774718719804688,-0.9278351260908844,-1.197510583465832,-1.5931552086246683,0.172090208365085,0.3081449885649461,0.7581316583761036,0.4230187050363315,-1.197510583465832,-0.8640621750376178,-1.086873447857062,1.0706881518336318,-0.3935010456730068,0.2120437948626769,0.231201319226211,0.4734780538763624,0.8577841824206384,-0.773580310485078,-0.8449897836588341,-1.064009078858616,1.7141280416802325,0.6873003417209328,0.6285810218945819,0.3235511932250848,0.7444493175218541,1.5006910450033322,-0.4650853183887712,-0.2401375466987143,1.3208880472761135,0.305844885283606,0.2120437948626769,-1.064009078858616,1.7141280416802325,0.1703609833836031,0.0,0.0,0.0,0.0,其他,0,0,0.5,1.0,0,0.5373737373737374,-0.02484645449469569,-0.05667225013958688,0.1700404858299595,0.4291497975708502,0.024291497975708502,0.7165991902834008,0.35020242914979755,0.34615384615384615,0.5,0.5,0.5,0.5,0.5373737373737374,0.5171717171717172,0.27070707070707073
2026-01-26,35.99,36.09,35.68,35.84,845587.0,35.842,35.733,35.214,36.02983333333334,-5.580045756359287e-05,0.002994430918199,0.017777020503209,-0.0052687818890828,35.214,36.52145876457063,33.90654123542937,0.7393956952560741,0.0742578954147164,0.0005583472920156,0.0011173184357544,0.0027979854504756,0.0412550842533412,0.0056401586063524,0.0050816642901738,0.006251568664563,67.27941173007682,0.1593076179943651,0.0366236286311566,0.1226839893632084,-112055423.0,74.9252299232071,0.4978571428571438,0.993635511593846,0.8823529411292869,0.3878787878709526,-0.0245535714285715,0.0005583472920156,0.006251568664563,67.27941173007682,0.2121373279816514,0.0,0.0,0.0,0.5,-0.6705670701856941,-0.4516789747596885,-0.697740491165831,-0.556186101004398,-0.5592555836358064,-0.771630849719888,-0.923326487064288,-1.1778819701460304,-1.5937361417952274,0.181237491271402,0.3145907856671932,0.7231778982845093,0.444533349128842,-1.1778819701460304,-0.854458921173151,-1.0615535809559138,1.0105557872198765,-0.3982087118596864,0.1458213340368404,0.2184641842922335,0.2991306704043628,0.7946437350520039,-0.7731008041331447,-0.9609572052426554,-1.0646203615412675,1.4416054260843765,0.6928443689109597,0.6474709516988033,0.2678131118722438,0.7859067110712803,1.4728609868498497,-0.4779181610682818,0.0790804279341165,1.3458299380064993,0.3200383713986186,0.1458213340368404,-1.0646203615412675,1.4416054260843765,0.222614548319673,0.0,0.0,0.0,0.0,其他,0,0,0.5,1.0,0,0.6646464646464646,-0.025111607142857317,-0.0814732142857143,0.3623481781376518,0.5,0.012145748987854251,0.6680161943319838,0.3765182186234818,0.4089068825910931,0.5,0.5,0.5,0.5,0.6646464646464646,0.3838383838383838,0.24444444444444444
2026-01-27,35.71,35.95,34.92,35.84,1258230.0,35.798,35.761,35.294,35.9875,0.0011732499022292,0.0022091104834875,0.0154700515668386,-0.0040986453629731,35.294,36.54511150582189,34.0428884941781,0.718205970206269,0.0708965549848898,0.0,-0.0061009428729894,0.0078740157480314,0.0467289719626169,0.0041042974700989,0.0047325861675925,0.0060371160489123,72.61904757870363,0.1661699317338616,0.0625328892516976,0.1036370424821639,-112055423.0,72.24680776972265,0.5385714285714295,1.4239762825666544,0.8823529411292869,0.3878787878709526,-0.0262276785714287,0.0,0.0060371160489123,72.61904757870363,0.487995912898377,0.0,0.0,0.0,0.5,-0.7015785376712835,-0.4599351408759827,-0.7934958055040746,-0.5550429143490175,-0.4404188900851385,-0.7757844570491751,-0.9157733654454986,-1.1565776440374655,-1.5980813085449708,0.2155997181554837,0.2943277349451297,0.6701601681228638,0.4618942897567012,-1.1565776440374655,-0.8491980897733159,-1.0222987801837429,0.9383023625614836,-0.4210838138833567,0.1291495539982972,0.1119102451116764,0.3618118388058564,0.8496676474809775,-0.8652704007561935,-0.9822145261020316,-1.0781892612312212,1.7593960149453307,0.695660338801384,0.6631663117879607,0.2136436904995121,0.7839106102073231,1.3069655747617708,-0.4507761178107271,0.9440209473753634,1.3395203532288595,0.3193589520344164,0.1291495539982972,-1.0781892612312212,1.7593960149453307,0.6730741691519626,0.0,0.0,0.0,0.0,其他,0,0,0.5,1.0,0,0.402020202020202,-0.02399553571428592,-0.0934709821428572,0.4008097165991903,0.5404858299595142,0.0020242914979757085,0.854251012145749,0.8663967611336032,0.4898785425101215,0.5,0.5,0.5,0.5,0.402020202020202,0.33131313131313134,0.2222222222222222
2026-01-28,35.94,35.94,34.7,34.78,1484489.0,35.6,35.7,35.321,35.927,-0.0230337078651685,-0.0257703081232493,-0.0153166671385294,-0.0319258496395468,35.321,36.49741560862242,34.14458439137758,0.2700642544769902,0.0666128143947843,-0.0295758928571429,-0.0276768241543192,-0.0172365074879909,0.015771028037383,0.0135306130358632,0.0107050599047268,0.0093463579562941,46.646341443504646,0.0850943093749521,0.0670451732763485,0.0180491360986035,-113539912.0,63.47284005875865,0.6000000000000009,1.5944722690002595,0.3155080213735033,0.1737373737338639,0.0011500862564692,-0.0295758928571429,0.0093463579562941,46.646341443504646,0.179823243763064,0.0,0.0,0.0,0.5,-0.6731911183059546,-0.4597147772749492,-0.8196662948979145,-0.650767914899125,-0.3749594642986569,-0.801329471483064,-0.9234989202149612,-1.1464762035811666,-1.6088453720706264,-0.4683967467353787,-0.4094424307781084,-0.0162499169232766,0.0225623711724128,-1.1464762035811666,-0.8523996877974194,-0.9923447939325476,-0.5262695232068368,-0.4504313495823038,-0.7425425031316744,-0.2062083641279415,0.0479265970753438,0.5232724520681323,-0.283970165423882,-0.5634375196224481,-0.8059377627609252,0.1607919143857226,0.641702073181062,0.6646591572907037,-0.028510362491843,0.7058438989950484,0.7812333614753199,-0.4103317333933408,1.28225656000452,-0.316471463489327,-0.4707873938127958,-0.7425425031316744,-0.8059377627609252,0.1607919143857226,0.1674130096032387,0.0,0.0,0.0,0.0,其他,0,0,0.5,1.0,0,0.5393939393939394,0.0023001725129383477,-0.05951696377228288,0.19635627530364372,0.3441295546558704,0.08097165991902834,0.2591093117408907,0.8906882591093117,0.27530364372469635,0.5,0.5,0.5,0.5,0.5393939393939394,0.5393939393939394,0.301010101010101
2026-01-29,34.68,34.84,34.15,34.6,1397000.0,35.376000000000005,35.598,35.3415,35.862833333333334,-0.021935775667119,-0.0280352828810607,-0.0209809996746035,-0.035212871264122,35.3415,36.44708914992008,34.23591085007993,0.1646584311766831,0.0625660568972422,-0.0051753881541115,-0.0313549832026874,-0.0286355979786635,0.011991810470898,0.0133468951641327,0.010343890879496,0.0094306962812106,40.24767800113116,0.0062448125484451,0.0548851011307678,-0.0486402885823227,-114936912.0,55.59384874027739,0.6185714285714299,1.424984849973168,0.1978021977913292,0.1373737373709622,0.00635838150289,-0.0051753881541115,0.0094306962812106,40.24767800113116,-0.0589354316535858,0.0,0.0,0.0,0.5,-0.8182707305550723,-0.5305890737103927,-0.8880252867274192,-0.6657804688166451,-0.3993219563822542,-0.8303897153802081,-0.9382071767490796,-1.1378238166064971,-1.6207095794917137,-0.4364707967507646,-0.4656413520668639,-0.1425151933189993,-0.0293716851402369,-1.1378238166064971,-0.8559058774959631,-0.9652948874198404,-0.8688845600822245,-0.4780706622779524,-0.0213436964581818,-0.2601405929099185,-0.0946059052203545,0.4825228304941226,-0.2947982305133904,-0.5874405871245795,-0.7968732829442261,-0.2332055436035143,0.589319207140769,0.6551064635929369,-0.2171717167441294,0.6324987534934625,0.3101261159968058,-0.3975747359232663,0.9377941623159284,-0.6594036260992869,-0.6037718394959927,-0.0213436964581818,-0.7968732829442261,-0.2332055436035143,-0.2243739760223445,0.0,0.0,0.0,0.0,其他,0,0,0.5,1.0,0,0.6505050505050505,-0.009826589595375856,-0.04682080924855503,0.2813765182186235,0.305668016194332,0.07692307692307693,0.20040485829959515,0.7874493927125507,0.2591093117408907,0.5,0.5,0.5,0.5,0.6505050505050505,0.48484848484848486,0.2868686868686869
2026-01-30,34.7,35.6,34.45,35.25,1459700.0,35.262,35.548,35.392,35.8055,-0.0003403096818104,-0.0083830313941712,-0.0040122061482821,-0.0155143762829733,35.392,36.370733875984655,34.41326612401535,0.42745729787891,0.0553081982358661,0.0187861271676299,-0.0159128978224455,-0.0139860139860139,0.0294976635514017,0.0173729277100611,0.0123198050412422,0.0102686635771332,42.729970308658174,-0.0037511728583652,0.0431578463329412,-0.0469090191913064,-113477212.0,55.10491944152727,0.6471428571428584,1.422120120291273,0.4905660377049955,0.2686868686814405,-0.0090780141843971,0.0187861271676299,0.0102686635771332,42.729970308658174,0.0448818897637794,0.0,0.0,0.0,0.5,-0.8138186162251946,-0.479909830481759,-0.8470927647652832,-0.6047939893335937,-0.3806408482293817,-0.8440330415061154,-0.9439418730474352,-1.1230350400280864,-1.6299147650933854,0.1758068843305469,0.0304622876660482,0.2366708959750184,0.2822154081799481,-1.1230350400280864,-0.8624813426575879,-0.9160020065600918,-0.0079710761085763,-0.5283389951843159,0.6863814073080333,-0.0314759864654218,0.0889187821346088,0.665322111639736,-0.0459304132298532,-0.4481259742252333,-0.7265676253318104,-0.0798359043535564,0.5816150470173603,0.6458720045173022,-0.2119127091310499,0.7061056690086495,0.2803918968794262,-0.3783748603220544,0.9291415364554088,0.1979394106057885,-0.1170180169879269,0.6863814073080333,-0.7265676253318104,-0.0798359043535564,-0.0535171753615561,0.0,0.0,0.0,0.0,其他,0,0,0.5,1.0,0,0.4484848484848485,-0.026666666666666616,-0.07234042553191478,0.5364372469635628,0.42105263157894735,0.09919028340080972,0.32793522267206476,0.819838056680162,0.44534412955465585,0.5,0.5,0.5,0.5,0.4484848484848485,0.3474747474747475,0.17575757575757575
2026-02-02,35.25,35.91,34.9,34.96,1237731.0,35.086,35.464,35.4165,35.742333333333335,-0.0035911759676223,-0.014211594856756,-0.0128894724210466,-0.0218881438443675,35.4165,36.31967043912277,34.51332956087723,0.2472791511710037,0.0510028059870522,-0.0082269503546098,-0.0245535714285715,-0.0234636871508379,0.0142152596460691,0.0173570431369433,0.0124574397030455,0.0104121388340876,41.37931032818075,-0.0346739400814684,0.0275914890500593,-0.0622654291315277,-114714943.0,54.039069996641615,0.6507142857142867,1.1718101186871812,0.2465753424488641,0.2101010100967656,-0.0005720823798628,-0.0082269503546098,0.0104121388340876,41.37931032818075,-0.1520648078372268,0.0,0.0,0.0,0.5,-0.747673379097401,-0.4587261902103129,-0.7870944501264564,-0.6300852833958834,-0.443631656525217,-0.8662466351202085,-0.9554727734791484,-1.1137723128462802,-1.6410050376827063,0.0833213168426303,-0.1167371410798707,0.0377079633885964,0.1806752085285262,-1.1137723128462802,-0.8660423888620152,-0.8871378537345924,-0.5978562074516878,-0.5576513449068867,-0.1137406521606882,-0.1593439774223138,-0.0300496618625454,0.5031507019322565,-0.0468396008554973,-0.4376334762968873,-0.713051863919487,-0.1630806946965583,0.5603728083662968,0.6341180537419212,-0.2551455575044227,0.6408342367086667,0.2161805409907223,-0.3753662536364111,0.4237236245304883,-0.5169191252309149,-0.3337901382079657,-0.1137406521606882,-0.713051863919487,-0.1630806946965583,-0.3773180915378815,0.0,0.0,0.0,0.0,其他,0,0,0.5,1.0,0,0.1434343434343434,-0.004576659038901698,-0.04576659038901609,0.6639676113360324,0.5222672064777328,0.0728744939271255,0.37044534412955465,0.7165991902834008,0.5890688259109311,0.5,0.5,0.5,0.5,0.14343434343434344,0.18181818181818182,0.1494949494949495
2026-02-03,35.2,35.29,34.9,34.9,716700.0,34.898,35.348,35.4165,35.67783333333333,5.730987449137359e-05,-0.0126739843838407,-0.0145835980404613,-0.0218015854849182,35.4165,36.31967043912277,34.51332956087723,0.2140628293132171,0.0510028059870522,-0.0017162471395881,-0.0262276785714287,-0.0321686078757627,0.0,0.017254103405957,0.0120069679005174,0.0100488489525207,42.729970308658174,-0.0632923595287664,0.0094147193342941,-0.0727070788630605,-115431643.0,56.31292957888833,0.6292857142857154,0.6895146440326534,0.2054794520407185,0.1979797979757979,0.002292263610315,-0.0017162471395881,0.0100488489525207,42.729970308658174,-0.4209565729548666,0.0,0.0,0.0,0.5,-0.7516993998352784,-0.4984534847928739,-0.7851239619402891,-0.634227124080305,-0.592374378046765,-0.8900313095599566,-0.9724226325538732,-1.1096757740855347,-1.652344293240137,0.1868308512035798,-0.0776692704102768,-0.0003123723256573,0.1816966384786091,-1.1096757740855347,-0.8635533654122342,-0.8845343527492286,-0.7052252021471382,-0.5564509534186829,0.0793226486582198,-0.183907538209811,-0.1393116638068689,0.3524353991222949,-0.0531373875861128,-0.4683660450584493,-0.7408787463774626,-0.0793042626089328,0.540670313433728,0.6206636260717849,-0.2843962863076629,0.6025461616697392,0.3519599576999865,-0.3885565508592037,-0.5486692308216157,-0.6361802490213744,-0.3780433343591151,0.0793226486582198,-0.7408787463774626,-0.0793042626089328,-0.8187851951145707,0.0,0.0,0.0,0.0,其他,0,0,0.5,1.0,0,0.3292929292929293,-0.0002865329512893311,-0.044412607449856645,0.4008097165991903,0.43724696356275305,0.06072874493927125,0.340080971659919,0.4149797570850202,0.4473684210526316,0.5,0.5,0.5,0.5,0.3292929292929293,0.2383838383838384,0.20404040404040405
2026-02-04,35.02,35.11,34.69,34.82,668996.0,34.90599999999999,35.253,35.4225,35.61033333333333,-0.0024637598120664,-0.0122826426119763,-0.0170089632295856,-0.022193932472784,35.4225,36.30703080039196,34.537969199608035,0.1594239568882426,0.0499417489104081,-0.002292263610315,0.0011500862564692,-0.0265585686329327,0.0034582132564839,0.0106677976578956,0.0118863409872473,0.0099739108021003,37.57763973521479,-0.0913746840582803,-0.0107431613442207,-0.0806315227140595,-116100639.0,51.34390345601188,0.6171428571428582,0.6472004880443265,0.1506849314965275,0.1898734177175131,0.0011487650775416,-0.002292263610315,0.0099739108021003,37.57763973521479,-0.0665606250872052,0.0,0.0,0.0,0.5,-0.7708794893733705,-0.5092901004997986,-0.810151297172222,-0.640199923555887,-0.6048431888100659,-0.8864292061407243,-0.9856847972249924,-1.1043807737084796,-1.664508605223548,0.1148066983658347,-0.0676340959068024,-0.0547443569881977,0.1751046698743046,-1.1043807737084796,-0.8625818957106317,-0.8755236104011768,-0.8822715072320159,-0.5627732391121503,0.0621079923842872,0.2229370332562431,-0.0685290374716474,0.3882594369952656,-0.461206268610001,-0.4759203792352066,-0.7451036818296547,-0.3981659676271566,0.5213550770923245,0.6059280072696732,-0.3064714366821232,0.566803745821583,0.0533396325553708,-0.3957146758137684,-0.6327283593867765,-0.7951822940568609,-0.4073389306810938,0.0621079923842872,-0.7451036818296547,-0.3981659676271566,-0.2334487739518075,0.0,0.0,0.0,0.0,其他,0,0,0.5,1.0,0,0.5131313131313131,-0.0037334865020104413,-0.04910970706490525,0.5384615384615384,0.3643724696356275,0.05465587044534413,0.17611336032388664,0.3319838056680162,0.3360323886639676,0.5,0.5,0.5,0.5,0.5131313131313131,0.38585858585858585,0.29292929292929293
2026-02-05,34.82,35.45,34.7,34.82,1070400.0,34.95,35.163,35.4135,35.54633333333334,-0.003719599427754,-0.0097545715667035,-0.0167591455235996,-0.0204334249195885,35.4135,36.31953299579741,34.50746700420259,0.1724732969052083,0.0511687913250513,0.0,0.00635838150289,-0.0251959686450167,-0.0051428571428571,0.010249622159192,0.0119105580398294,0.0097748966205951,34.95145629484405,-0.1123351983300224,-0.0310615687413811,-0.0812736295886413,-116100639.0,52.2476853914402,0.6378571428571439,1.020454273752875,0.1506849314965275,0.1914893616980532,-0.016082711085583,0.0,0.0097748966205951,34.95145629484405,0.600009566574389,0.0,0.0,0.0,0.5,-0.7923285359418648,-0.4859984601624922,-0.8068042080521712,-0.6388133647886125,-0.4881343681632447,-0.8778410126108852,-0.9980185398561956,-1.102247211489753,-1.675196381457841,0.0788402754540932,-0.0033956759891941,-0.0490389962828113,0.2028116366786654,-1.102247211489753,-0.8586468117252992,-0.8809634520463627,-0.8370211922643291,-0.5528639473829929,0.1301316419564541,0.3000092305306732,-0.0512546734090672,0.296674736611586,-0.4862627989929945,-0.4732945171806763,-0.7594430529162516,-0.5601110287420117,0.5067067561442421,0.5911233509860009,-0.3077862905711443,0.5656533900593684,0.1075513111884066,-0.3815289631266147,0.1221393184084706,-0.7930645209591565,-0.4004369536996615,0.1301316419564541,-0.7594430529162516,-0.5601110287420117,0.8660437747098586,0.0,0.0,0.0,0.0,其他,0,0,0.5,1.0,0,0.2585858585858586,-0.008328546812176874,-0.051120045950603155,0.6497975708502024,0.3724696356275304,0.05263157894736842,0.11133603238866396,0.7672064777327935,0.4048582995951417,0.5,0.5,0.5,0.5,0.2585858585858586,0.24242424242424243,0.28484848484848485
2026-02-06,34.82,35.25,34.51,34.93,1133200.0,34.886,35.074,35.3985,35.48833333333333,0.0012612509316056,-0.004105605291669,-0.0132350240829413,-0.0157328699572628,35.3985,36.326979798833584,34.47002020116641,0.2477058732923815,0.052458708636296,0.0031591039632394,-0.0090780141843971,-0.0248464544946956,-0.0085154697700822,0.0041649302185,0.0119288096768083,0.0096795769146134,36.19047617439163,-0.1187021516959561,-0.0485896853322961,-0.0701124663636599,-114967439.0,45.86948716030845,0.6692857142857151,1.0673030047989076,0.2260273972447913,0.2148936170167041,-0.0177497852848553,0.0031591039632394,0.0096795769146134,36.19047617439163,0.0586696562032884,0.0,0.0,0.0,0.5,-0.7903531400537264,-0.4982159631449543,-0.8292004110173411,-0.6273199482742224,-0.469120880032468,-0.8843449671005339,-1.0101126632066817,-1.1013847756586517,-1.6835676478315134,0.2208605575071261,0.1401359945805961,0.0303936556895893,0.2774251209465666,-1.1013847756586517,-0.855338600982242,-0.8881984303351357,-0.5881875132879254,-0.5425329130581391,0.2239420702167395,0.0696300685231181,-0.0467634970758438,0.2604624081520773,-0.8626334743387772,-0.4710959182732765,-0.7652707175220869,-0.4821139228441469,0.5015864807137015,0.5782152657316044,-0.2754222124284235,0.6230305963511941,-0.2763988081525464,-0.3603901120967625,0.2166955779861642,-0.5700012614137063,-0.3123491952032706,0.2239420702167395,-0.7652707175220869,-0.4821139228441469,-0.0290898914421907,0.0,0.0,0.0,0.0,其他,0,0,0.5,1.0,0,0.3373737373737374,-0.03263670197537938,-0.04322931577440592,0.4473684210526316,0.4068825910931174,0.05465587044534413,0.17408906882591094,0.8481781376518218,0.4311740890688259,0.5,0.5,0.5,0.5,0.3373737373737374,0.20404040404040405,0.29494949494949496
2026-02-09,34.99,35.25,34.86,34.94,1037000.0,34.882000000000005,34.984,35.35850000000001,35.42766666666667,0.001662748695602,-0.0012577178138578,-0.0118359093287331,-0.0137651364752595,35.35850000000001,36.2939374152741,34.42306258472591,0.2763078570547587,0.0529116006205833,0.0002862868594331,-0.0005720823798628,-0.0251116071428573,-0.0223838836038053,0.0021329822965316,0.0119214984587046,0.0090314630094296,30.68965515759805,-0.1215400536015067,-0.0631797589861382,-0.0583602946153685,-113930439.0,44.60418070364472,0.6485714285714295,1.0032665662819618,0.2328767123128139,0.2170212765911265,-0.0040068689181453,0.0002862868594331,0.0090314630094296,30.68965515759805,-0.0848923402753265,0.0,0.0,0.0,0.5,-0.7685322258957704,-0.497266644866809,-0.7820231157234404,-0.6250647115623822,-0.4959882469539643,-0.8824661821305091,-1.0223093690559806,-1.10571631575084,-1.6926918703955276,0.2319763034697746,0.2123738980795125,0.061899790128739,0.3083186474842386,-1.10571631575084,-0.8568545318201223,-0.8978897363249861,-0.4929802488830075,-0.5381758295983233,0.1379628152985038,0.1963972905130487,-0.050040691851339,0.1130116733089694,-0.9861218922441254,-0.4707043633840815,-0.816231050681757,-0.8223949438762865,0.4987783663715423,0.567299044821923,-0.2413844913539855,0.6752968859971057,-0.3521438024270186,-0.3732352596320579,0.0865999297363042,-0.5486520792654482,-0.303767074977678,0.1379628152985038,-0.816231050681757,-0.8223949438762865,-0.2664183479785225,0.0,0.0,0.0,0.0,其他,0,0,0.5,1.0,0,0.4493927125506073,-0.057813394390383355,-0.04922724670864331,0.13995943204868155,0.3448275862068966,0.034482758620689655,0.05476673427991886,0.821501014198783,0.3286004056795132,0.5,0.5,0.5,0.5,0.4493927125506073,0.305668016194332,0.3623481781376518
2026-02-10,35.05,35.05,34.82,34.98,504900.0,34.898,34.898,35.3295,35.367,0.002349704854146,0.0023497048541463,-0.0098925826858575,-0.0109424039358724,35.3295,36.27454747861791,34.3844525213821,0.3150886553643599,0.0534990576495691,0.0011448196908987,0.002292263610315,-0.0239955357142859,-0.0163104611923511,0.0019729971240632,0.0119533664901313,0.0089950771984378,35.09433960410102,-0.1191875259936239,-0.0743813123876354,-0.0448062136059885,-113425539.0,45.16033031584377,0.6378571428571433,0.5147935600335038,0.2602739725849095,0.2488262910739702,-0.0025728987993137,0.0011448196908987,0.0089950771984378,35.09433960410102,-0.5131147540983607,0.0,0.0,0.0,0.5,-0.7596565406808266,-0.5094901050658017,-0.7852560568284307,-0.620055876168107,-0.6485993051377822,-0.8778171516674037,-1.0337509818073016,-1.1077485011832044,-1.7016233807260013,0.2512592562404901,0.3039380322773337,0.1056994021669342,0.3528783501886998,-1.1077485011832044,-0.8567530678196,-0.9053581876115242,-0.3644151540540967,-0.5328741994005326,0.1633754949643029,0.2388658626662175,-0.0358349208309759,0.1773110530711024,-0.9930169482785548,-0.4675550977982402,-0.8169992557009713,-0.5468866824563989,0.4993656462124813,0.5586728658294758,-0.2022013936135194,0.6999066779590112,-0.3179711297498903,-0.3795497940119193,-0.903635493707226,-0.4668840375775924,-0.1841747080873916,0.1633754949643029,-0.8169992557009713,-0.5468866824563989,-0.9737385530343964,0.0,0.0,0.0,0.0,其他,0,0,0.5,1.0,0,0.3286004056795132,-0.07118353344768424,-0.045168667810177254,0.32723577235772355,0.32113821138211385,0.036585365853658534,0.1016260162601626,0.2601626016260163,0.37398373983739835,0.5,0.5,0.5,0.5,0.3286004056795132,0.26369168356997974,0.36511156186612576
2026-02-11,35.0,35.15,34.85,34.86,510900.0,34.906,34.906,35.303000000000004,35.311666666666675,-0.0013178250157566,-0.0013178250157566,-0.0125485086253294,-0.0127908623212349,35.303000000000004,36.27036429756865,34.33563570243136,0.2710273155932381,0.0548035179767103,-0.0034305317324184,0.0011487650775416,0.0023001725129383,-0.0149759819157954,0.0023912385458768,0.0072883801196057,0.0089685249844448,34.19117645298984,-0.1255587647509557,-0.0846168028602994,-0.0409419618906562,-113936439.0,49.08691970532772,0.64,0.5424906404702478,0.178082191768623,0.2499999999933506,-0.0048766494549628,-0.0034305317324184,0.0089685249844448,34.19117645298984,0.011883541295306,0.0,0.0,0.0,0.5,-0.7636878847836177,-0.5019252638217657,-0.779463480219188,-0.6298205260376095,-0.6454686391827256,-0.874313894754594,-1.0290465336562251,-1.1092587837204404,-1.7085227965432588,0.1457293622633678,0.209843148725645,0.0454326278496256,0.3225074932025401,-1.1092587837204404,-0.8548567113160463,-0.9154636760721224,-0.508897473762122,-0.5224784558314725,0.0263336385336542,0.2213723207285294,0.2975571812829516,0.1912062950572691,-0.9640898082105328,-0.7956713826137211,-0.8169686288102704,-0.6019101772603571,0.4942564666359606,0.5507136659003095,-0.1908050953296388,0.6718862024551916,-0.0801572297936827,-0.3774645053971791,-0.8449756084250305,-0.7080149214717839,-0.1794237132310115,0.0263336385336542,-0.8169686288102704,-0.6019101772603571,-0.1027723356766371,0.0,0.0,0.0,0.0,其他,0,0,0.5,1.0,0,0.3434959349593496,-0.06167527251864602,-0.06454388984509463,0.5112016293279023,0.34623217922606925,0.034623217922606926,0.13238289205702647,0.3564154786150713,0.34826883910386963,0.5,0.5,0.5,0.5,0.3434959349593496,0.20934959349593496,0.3943089430894309
2026-02-12,34.8,34.96,34.26,34.26,980300.0,34.794,34.872,35.235,35.254666666666665,-0.0153474737023624,-0.0175498967653131,-0.02767134951043,-0.0282137589349873,35.235,36.29527801716538,34.17472198283462,0.0402149322068119,0.060183227879232,-0.0172117039586919,-0.016082711085583,-0.0098265895953758,-0.0381807973048848,0.0081830664913866,0.0090624836647619,0.0095151194844498,25.776397504320784,-0.1769828547769307,-0.1030900132436257,-0.073892841533305,-114916739.0,43.24214806904784,0.6750000000000002,1.0269067265847485,0.0,0.1059190031119639,0.0078809106830124,-0.0172117039586919,0.0095151194844498,25.776397504320784,0.918770796633392,0.0,0.0,0.0,0.5,-0.785269747442267,-0.5135121729066126,-0.8536248501937281,-0.6838675249664206,-0.5083870856196667,-0.8875734713289495,-1.0315674119246954,-1.1193498256851169,-1.715847840703895,-0.2572751154109504,-0.2053856097140879,-0.2973431131606075,0.074054116158781,-1.1193498256851169,-0.8495241705068096,-0.9548209215346058,-1.2667510816984648,-0.4830310845486924,-0.3862790286252413,-0.0371649337258872,0.143123795980534,-0.0562837872936289,-0.6021300810168642,-0.6685241292084979,-0.770058835722035,-1.1231760817285803,0.4596868667658563,0.5372565832502354,-0.2850933440578161,0.6196270245224169,-0.4337020150566177,-0.3538940006073182,0.1401942507715347,-1.229614262719426,-0.7195221914861507,-0.3862790286252413,-0.770058835722035,-1.1231760817285803,1.3974311110117117,0.0,0.0,0.0,0.0,其他,0,0,0.5,1.0,0,0.3218623481781376,-0.037361354349095155,-0.07793345008756558,0.25557809330628806,0.24949290060851928,0.0486815415821501,0.058823529411764705,0.8235294117647058,0.23935091277890466,0.5,0.5,0.5,0.5,0.32186234817813764,0.23076923076923078,0.42105263157894735
2026-02-13,34.39,34.61,34.27,34.31,527289.0,34.669999999999995,34.778,35.163,35.20783333333334,-0.0103836169599075,-0.0134567830237505,-0.0242584534880412,-0.0255009538596998,35.163,36.2705454131119,34.0554545868881,0.1149142103280493,0.0629949329186218,0.0014594279042616,-0.0177497852848553,-0.0266666666666666,-0.0402797202797202,0.0078820876655389,0.006013151866127,0.0094603179478828,26.461538450139628,-0.2112668813810501,-0.1247253868711106,-0.0865414945099394,-114389450.0,38.12022680923051,0.6707142857142857,0.5600509143953931,0.0277777777762368,0.1214953270990189,-0.0151559312153891,0.0014594279042616,0.0094603179478828,26.461538450139628,-0.4621146587779251,0.0,0.0,0.0,0.5,-0.8313646156273201,-0.5356530159008085,-0.8501095330779304,-0.6777355614049102,-0.6385337560074307,-0.9024505943821944,-1.044342776346599,-1.1301970338475265,-1.7195298036680886,-0.1141563105757003,-0.100282256162797,-0.2193861652813009,0.1175932809371818,-1.1301970338475265,-0.8501208436749714,-0.9830687070087186,-1.01666723491407,-0.4619909261542712,0.1741108354867719,-0.0621259439407652,-0.0712346708607768,-0.0785871826220015,-0.6195750302765722,-0.8821958712594342,-0.7725764944027266,-1.0767485065938704,0.43639027003329,0.5217066104010395,-0.3209825166413698,0.6456773448318387,-0.7428171846207781,-0.3560761697756947,-0.8088380201392494,-1.1432900547348908,-0.6591200265016243,0.1741108354867719,-0.7725764944027266,-1.0767485065938704,-0.8907045086595674,0.0,0.0,0.0,0.0,其他,0,0,0.5,1.0,0,0.2834008097165992,-0.04692509472457007,-0.12940833576216848,0.33468559837728196,0.2413793103448276,0.04056795131845842,0.07910750507099391,0.2697768762677485,0.3367139959432049,0.5,0.5,0.5,0.5,0.2834008097165992,0.2145748987854251,0.3967611336032389
2026-02-24,34.6,35.2,34.4,34.8,828300.0,34.642,34.762,35.113,35.169,0.0045609375902084,0.0010931476900062,-0.0089140774072281,-0.0104921948306747,35.113,36.1893114399603,34.0366885600397,0.3545959894066502,0.0613055814061592,0.0142815505683473,-0.0040068689181453,-0.0045766590389016,-0.0279329608938547,0.0113202513788088,0.0076870059679137,0.0101202517572945,36.09625667097991,-0.196631667109564,-0.1391066429188013,-0.0575250241907626,-113561150.0,45.493416236150495,0.6607142857142857,0.874193497659477,0.2999999999833321,0.3464566928997441,-0.054022988505747,0.0142815505683473,0.0101202517572945,36.09625667097991,0.5708653129498245,0.0,0.0,0.0,0.5,-0.8046495404770198,-0.495599457956586,-0.8311372698699699,-0.6309475498192563,-0.5499928416852292,-0.9038654035712268,-1.0437043574317302,-1.1364218729965885,-1.7204002326877652,0.3163182376628785,0.272896264015581,0.1297764659292122,0.3593861332867452,-1.1364218729965885,-0.8574361045836844,-0.9848893176110792,-0.2245970801279715,-0.4731815909523356,0.5585968485371049,0.144525752185392,0.2101943982373836,0.053484251040701,-0.4043241432392936,-0.7616448334226713,-0.7165225442840901,-0.4747938467528311,0.4452078186377,0.511055165422028,-0.2369339796347101,0.6872847116178947,-0.2944010995936168,-0.3620073348786146,-0.16816536498085,-0.3387881239953108,0.1886022531809557,0.5585968485371049,-0.7165225442840901,-0.4747938467528311,0.8212164343713986,0.0,0.0,0.0,0.0,其他,0,0,0.5,1.0,0,0.2894736842105263,-0.04137931034482756,-0.11666666666666659,0.44421906693711966,0.3144016227180527,0.0486815415821501,0.12981744421906694,0.5983772819472617,0.3691683569979716,0.5,0.5,0.5,0.5,0.2894736842105263,0.21862348178137653,0.3603238866396761
2026-02-25,34.8,35.11,34.8,34.89,529092.0,34.624,34.761,35.054500000000004,35.15833333333333,0.0076825323475044,0.0037110554932253,-0.004692692806915,-0.0076321403176107,35.054500000000004,36.03720250357179,34.07179749642822,0.4163022382441619,0.0560671242533188,0.0025862068965518,-0.0025728987993137,-0.0002865329512893,-0.0324459234608985,0.0113986895308838,0.0077274355170548,0.0099631941080621,51.985559540512696,-0.1757450272432379,-0.1464343197836886,-0.0293107074595492,-113032058.0,53.18322600526567,0.5942857142857149,0.5832149607316014,0.3987341771899538,0.3818897637644922,-0.0687876182287188,0.0025862068965518,0.0099631941080621,51.985559540512696,-0.3612314378848243,0.0,0.0,0.0,0.5,-0.7792155157861318,-0.500633118828205,-0.7773922074392187,-0.6212954116741465,-0.6356786079640613,-0.903885617755226,-1.0405156047166784,-1.1443613148195064,-1.7116661210312565,0.4057515109420779,0.3396345216464501,0.2256666989095644,0.4048175180747214,-1.1443613148195064,-0.8731485251965222,-0.9726291280602678,-0.0204316415101024,-0.5097765928668042,0.2061967532483054,0.1658846316504279,0.2645607754411126,0.0050926178542096,-0.3987188121294806,-0.7569282515005409,-0.7276755493209695,0.5166126477866384,0.4581229125858393,0.50516449053392,-0.1552204796990041,0.7132401719116396,0.1731417875831325,-0.4049942433260885,-0.7603503523015375,-0.0467275473711169,0.3217705152815069,0.2061967532483054,-0.7276755493209695,0.5166126477866384,-0.7244869800929955,0.0,0.0,0.0,0.0,其他,0,0,0.5,1.0,0,0.2975708502024291,-0.04413872169676125,-0.09945543135568924,0.3265720081135903,0.20689655172413793,0.0486815415821501,0.5091277890466531,0.11156186612576065,0.30425963488843816,0.5,0.5,0.5,0.5,0.2975708502024291,0.32186234817813764,0.41700404858299595
2026-02-26,34.89,34.9,34.63,34.69,602533.0,34.59,34.748,35.0005,35.1365,0.0028910089621279,-0.0016691608150108,-0.0088713018385453,-0.0127075832823417,35.0005,35.935176414594885,34.06582358540512,0.3338997351463207,0.0534093178435857,-0.00573230151906,-0.0048766494549628,-0.0037334865020104,-0.0301928990774393,0.0115933182355163,0.0079150278438151,0.0098977643989141,51.61290319990744,-0.1733324743308486,-0.1518139506931206,-0.0215185236377279,-113634591.0,56.70539651864056,0.5642857142857142,0.6664765238621201,0.2721518987169513,0.3031496062872761,-0.057076967425771,-0.00573230151906,0.0098977643989141,51.61290319990744,0.1388057275483281,0.0,0.0,0.0,0.5,-0.7667846831278202,-0.5136170968269554,-0.7974897702430971,-0.6385351715716397,-0.6130333886907896,-0.9061480221800188,-1.039409514208277,-1.1513169736184623,-1.7069071120953196,0.2667627435886617,0.2007642131092364,0.130019925836843,0.3218965299259199,-1.1513169736184623,-0.8828387638183757,-0.9711909214677962,-0.2929621136534759,-0.527813123690853,-0.044519581904074,0.1308992569238376,0.2201077375288122,0.0292395484099266,-0.3858692958103543,-0.7418307860821816,-0.7312765869820816,0.4923563424813251,0.4588805616383027,0.5005973167342461,-0.1324840298528587,0.6803211775998127,0.3870515092665434,-0.4239868336954489,-0.5889765594596391,-0.420879916528644,0.0238682544199713,-0.044519581904074,-0.7312765869820816,0.4923563424813251,0.1060578553669447,0.0,0.0,0.0,0.0,其他,0,0,0.5,1.0,0,0.2348178137651821,-0.045546266935716284,-0.11127125972902852,0.3448275862068966,0.2515212981744422,0.04462474645030426,0.4949290060851927,0.30425963488843816,0.30425963488843816,0.5,0.5,0.5,0.5,0.23481781376518218,0.31983805668016196,0.38866396761133604
2026-02-27,34.65,34.77,34.5,34.53,722600.0,34.644000000000005,34.719,34.940999999999995,35.11166666666667,-0.0032906130931764,-0.0054437051758403,-0.0117626856701295,-0.0165661935728865,34.940999999999995,35.83337471478012,34.04862528521987,0.2697155728307288,0.0510789453523122,-0.0046122801960217,0.0078809106830124,-0.0083285468121768,-0.0333146696528554,0.007971340847815,0.0080262468520154,0.0099223444063055,34.34782606604915,-0.1822305314583161,-0.1578972668461598,-0.0243332646121563,-114357191.0,47.28778124129151,0.5014285714285717,0.7935188856341729,0.1708860759385529,0.2401574803055054,-0.0448885027512309,-0.0046122801960217,0.0099223444063055,34.34782606604915,0.1992704134047429,0.0,0.0,0.0,0.5,-0.7931424292543598,-0.5212760019743974,-0.8123469211827978,-0.6520290908345161,-0.5768969177739155,-0.8961164985285011,-1.0410556068053405,-1.159359285945056,-1.703264430591966,0.087623374453945,0.103259459988335,0.0637775041977261,0.2587443049409924,-1.159359285945056,-0.8924627641166479,-0.9727052734525368,-0.5049386707489056,-0.5434718677094978,-0.0106867462196605,0.323267409425307,0.1609821837728894,-0.0043295057959582,-0.611471440819759,-0.732194553749204,-0.727478519921957,-0.58729581010192,0.4521962448347073,0.4955667622022398,-0.1404226219767021,0.6412493796572377,-0.1872196233845085,-0.4645896001639318,-0.3285688251930033,-0.7194927739449565,-0.2144484613742819,-0.0106867462196605,-0.727478519921957,-0.58729581010192,0.2063351280911765,0.0,0.0,0.0,0.0,其他,0,0,0.5,1.0,0,0.274390243902439,-0.043150883289892916,-0.09904430929626418,0.32179226069246436,0.22810590631364563,0.04073319755600815,0.06924643584521385,0.4908350305498982,0.20570264765784113,0.5,0.5,0.5,0.5,0.27439024390243905,0.40853658536585363,0.4186991869918699
2026-03-02,34.19,34.58,33.66,33.79,1206274.0,34.540000000000006,34.605,34.8395,35.082,-0.0217139548349741,-0.0235515098974136,-0.030123853671838,-0.0368280029644833,34.8395,35.771808397134976,33.907191602865026,-0.0628502345462495,0.0535201938680117,-0.0214306400231683,-0.0151559312153891,-0.0326367019753793,-0.0566722501395868,0.0130346595242304,0.0101594378010995,0.0107921473424086,28.727272712647903,-0.2461565815554891,-0.1755491297880256,-0.0706074517674634,-115563465.0,36.230106821275385,0.4950000000000005,1.2886702208151914,0.0,0.0,-0.0322580645161288,-0.0214306400231683,0.0107921473424086,28.727272712647903,0.66935233877664,0.0,0.0,0.0,0.5,-0.8452351662246552,-0.5329118608364657,-0.9189152414512692,-0.719296815614195,-0.4350444779370345,-0.908216852940786,-1.0572272235740037,-1.1759993362697547,-1.7013284422296102,-0.4458741969568408,-0.3638198169390657,-0.356271265801818,-0.0706780892979679,-1.1759993362697547,-0.8972609282360772,-1.006694282641238,-1.6007052986482475,-0.5248228430844354,-0.5182658448840464,-0.0255129475894932,-0.1506853195863313,-0.255520244384378,-0.2935263817804233,-0.5793491018336673,-0.6541968011242473,-0.9367959389351403,0.4092571281729397,0.4827455526441056,-0.2742025138200607,0.5770818400107346,-0.8605414399429838,-0.4679533716891462,0.6839824550672643,-1.2218767733839124,-1.1215610746266744,-0.5182658448840464,-0.6541968011242473,-0.9367959389351403,0.9866498982667238,0.0,0.0,0.0,0.0,其他,0,0,0.5,1.0,0,0.3346855983772819,-0.010949985202722612,-0.06836342113051197,0.28252032520325204,0.2682926829268293,0.04878048780487805,0.034552845528455285,0.6117886178861789,0.21544715447154472,0.5,0.5,0.5,0.5,0.33468559837728196,0.5314401622718052,0.4847870182555781
2026-03-03,34.0,34.1,32.92,32.92,1135265.0,34.164,34.403,34.6935,35.02733333333334,-0.0364125980564337,-0.0431067058105396,-0.0511190857076974,-0.0601625397308769,34.6935,35.85297855793704,33.53402144206296,-0.2647834398632398,0.0668412560239641,-0.0257472625036992,-0.054022988505747,-0.0578133943903833,-0.0814732142857143,0.0120355288619439,0.0122653341008169,0.0119000941589861,22.19101122722826,-0.3628375999326323,-0.213006823816947,-0.1498307761156853,-116698730.0,35.067484223855445,0.5514285714285718,1.194330683677821,0.0,0.0,0.0133657351154312,-0.0257472625036992,0.0119000941589861,22.19101122722826,-0.058866393539113,0.0,0.0,0.0,0.5,-0.8654015037959102,-0.5638134374228531,-1.0119962852078672,-0.7984088226046313,-0.454966732331155,-0.9582652771396026,-1.088329215446414,-1.2016663323947132,-1.7078286397465734,-0.8703675021905889,-0.8672627861655193,-0.8357301396629364,-0.4499174464842173,-1.2016663323947132,-0.8850593945919044,-1.100996093147783,-2.2481359583099603,-0.427922926812014,-0.6475666127991101,-0.6136482875691437,-0.4733335919207121,-0.5220387389763835,-0.3556539996300552,-0.4287031588313342,-0.5614884384758493,-1.3406625595160393,0.3315389612510335,0.4565717065545192,-0.5033710053464415,0.5167390006457212,-0.928927240837765,-0.4298378786932806,0.4896439167300541,-1.21709738209455,-1.117015926713086,-0.6475666127991101,-0.5614884384758493,-1.3406625595160393,-0.2263711859069182,0.0,0.0,0.0,0.0,其他,0,0,0.5,1.0,0,0.4453441295546558,0.00911300121506664,-0.049817739975698716,0.2880324543610548,0.2434077079107505,0.06896551724137931,0.02434077079107505,0.5111561866125761,0.25760649087221094,0.5,0.5,0.5,0.5,0.44534412955465585,0.597165991902834,0.5161943319838057
2026-03-04,33.0,33.0,32.38,32.49,858165.0,33.684000000000005,34.154,34.526,34.967,-0.0354470965443535,-0.0487205012590034,-0.0589700515553494,-0.0708382188920981,34.526,35.930180225349694,33.1218197746503,-0.2249781627819354,0.0813404521430592,-0.0130619684082624,-0.0687876182287188,-0.0711835334476842,-0.0934709821428572,0.0093609333810991,0.0121851454036519,0.0120169122322015,20.20460357332827,-0.4844214451005015,-0.2672897480736579,-0.2171316970268436,-117556895.0,34.65928017384384,0.5657142857142858,0.9222208956353058,0.0,0.0,0.0264696829793782,-0.0130619684082624,0.0120169122322015,20.20460357332827,-0.2440839803922432,0.0,0.0,0.0,0.5,-0.9805862589133916,-0.6359104629958473,-1.0786755991899637,-0.8363836781154298,-0.5349680955599487,-1.0225572166650418,-1.1272347982829762,-1.2315298861439732,-1.7160895163167715,-0.840169769055532,-1.0093989170796285,-1.01271115818692,-0.6225665252990411,-1.2315298861439732,-0.8733984331664522,-1.2047195233292585,-2.0990261143412883,-0.3226266549381621,-0.2628124490430749,-0.835623578662197,-0.6439608861838635,-0.6501695543237065,-0.5228016483403731,-0.4336312628473265,-0.5506960844483286,-1.4579468972270913,0.2506234545468764,0.4190558056631988,-0.6975278027192731,0.4709590518654992,-0.9510859590995152,-0.4196158704523749,-0.0687056824998164,-1.212373695256174,-1.112525656948703,-0.2628124490430749,-0.5506960844483286,-1.4579468972270913,-0.534402451686938,0.0,0.0,0.0,0.0,其他,0,0,0.5,1.0,0,0.4808080808080808,0.028008618036318822,-0.023699599876885302,0.2975708502024291,0.22064777327935223,0.06477732793522267,0.04251012145748988,0.4939271255060729,0.23076923076923078,0.5,0.5,0.5,0.5,0.4808080808080808,0.6565656565656566,0.5818181818181818
2026-03-05,32.95,33.0,32.62,32.71,499630.0,33.288000000000004,33.939,34.4225,34.9045,-0.0173636145157415,-0.036212027461033,-0.0497494371414045,-0.062871549513673,34.4225,36.03722011588125,32.80777988411875,-0.0302776571475232,0.0938177131746129,0.0067713142505385,-0.057076967425771,-0.061675272518646,-0.0595169637722828,0.0130886972200363,0.0129473987067797,0.0107594884850381,24.455205802848084,-0.5566091135927707,-0.3251536211774805,-0.2314554924152901,-117057265.0,31.03290366571824,0.5485714285714286,0.5669246665787283,0.0797101449246478,0.0599455040855598,0.0122286762457963,0.0067713142505385,0.0107594884850381,24.455205802848084,-0.4177926156391836,0.0,0.0,0.0,0.5,-0.9836219279689732,-0.634595124655731,-1.0442707417460253,-0.8138645703887315,-0.638581820063582,-1.0747151999786693,-1.1600430525018424,-1.247966427302123,-1.7248988165105703,-0.3141507212168993,-0.6842483030307878,-0.7990179297629157,-0.491336547540432,-1.247966427302123,-0.8582470742539118,-1.2819003587647733,-1.4543038838388838,-0.231985508737191,0.3383700172476224,-0.6563777396917021,-0.5205125669627519,-0.2826188050633215,-0.2877188410483113,-0.3785906581092141,-0.6533509833942801,-1.1878958238580155,0.2024382826930938,0.3791544317428635,-0.7375257432647645,0.4962337139000232,-1.1685674979539005,-0.4302027527055386,-0.7969900841853267,-0.9733504528645622,-0.8824504556264808,0.3383700172476224,-0.6533509833942801,-1.1878958238580155,-0.8225127609181385,0.0,0.0,0.0,0.0,其他,0,0,0.5,1.0,0,0.4686868686868687,-0.00305716906144915,-0.048608988077040616,0.23481781376518218,0.29959514170040485,0.04251012145748988,0.07894736842105263,0.13765182186234817,0.20647773279352227,0.5,0.5,0.5,0.5,0.4686868686868687,0.6626262626262627,0.5676767676767677
2026-03-06,32.84,33.1,32.6,32.98,626730.0,32.978,33.811,34.3415,34.85183333333334,6.064649160042457e-05,-0.02457780012422,-0.0396459094681361,-0.0537083175920924,34.3415,36.076760029050696,32.6062399709493,0.1076956832931839,0.1010590701655808,0.0082543564659125,-0.0448885027512309,-0.0373613543490951,-0.046820809248555,0.0157950086577881,0.0130600675847931,0.011032712323128,27.272727263827008,-0.5852848183820356,-0.3771798606183916,-0.208104957763644,-116430535.0,38.37398922365968,0.5314285714285713,0.7436413961919718,0.1775362318776237,0.1335149863723826,0.0018192844147968,0.0082543564659125,0.011032712323128,27.272727263827008,0.2543882473030041,0.0,0.0,0.0,0.5,-0.9936908602720872,-0.6266230817343803,-1.0436461285713383,-0.786792813966985,-0.6001450288549466,-1.1145167905225926,-1.1777603715683802,-1.2596342304181811,-1.7302553027174796,0.1925837712163791,-0.3823366882024617,-0.5658148611552432,-0.3407698372883678,-1.2596342304181811,-0.8512169625163274,-1.329030901461942,-1.0001507275286563,-0.1792363739654769,0.3827771400480745,-0.4702685846238538,-0.2067373022084272,-0.1449322634090382,-0.1169781824466039,-0.3699045165788046,-0.6293312578809793,-1.0088074786862968,0.1831154849552466,0.3432446901159255,-0.6681067294863345,0.5281254888971024,-0.7182602218351216,-0.440780865791526,-0.4327331040304459,-0.682072145598489,-0.6019686094449042,0.3827771400480745,-0.6293312578809793,-1.0088074786862968,0.3003280419763129,0.0,0.0,0.0,0.0,其他,0,0,0.5,1.0,0,0.6383838383838384,-0.04214675560946024,-0.09005457853244381,0.2732793522267207,0.2854251012145749,0.038461538461538464,0.03643724696356275,0.3967611336032389,0.14777327935222673,0.5,0.5,0.5,0.5,0.6383838383838384,0.6363636363636364,0.597979797979798
2026-03-09,32.7,33.03,32.38,32.7,761600.0,32.760000000000005,33.65,34.214,34.79716666666668,-0.0018315018315019,-0.0282317979197621,-0.0442508914479451,-0.0602683168648789,34.214,36.04052272451176,32.38747727548824,0.0855512828581832,0.1067704871985984,-0.0084899939357184,-0.0322580645161288,-0.04692509472457,-0.0723404255319147,0.0142415341541475,0.0130002251416429,0.0099132733745673,25.438596483417967,-0.6234178085344197,-0.4264274502015973,-0.1969903583328224,-117192135.0,29.23480922254297,0.5499999999999997,0.942713972770098,0.0843373493942038,0.0572207084453076,0.0220183486238532,-0.0084899939357184,0.0099132733745673,25.438596483417967,0.2151963365404561,0.0,0.0,0.0,0.5,-1.0072301247303324,-0.6300149884471559,-1.0688362144141714,-0.8109564650344488,-0.5595183538971146,-1.141204140010401,-1.2009582400534733,-1.280731511674308,-1.736159283239846,0.1372371948024676,-0.4761931098672443,-0.6701741132051287,-0.4472938952672911,-1.280731511674308,-0.8532610069939942,-1.3801081005582605,-1.0689631590562327,-0.1375788735906142,-0.1263687249091597,-0.2776306509985938,-0.329658211842788,-0.4208743142432007,-0.2146958583711394,-0.3735419657255642,-0.7204870286797334,-1.1194834727127645,0.1575171880287088,0.3092466062433207,-0.6344084147895557,0.4872349115420773,-1.2720890277076942,-0.4276617835881352,-0.0227410769979763,-0.9554666832808164,-0.8888189539075165,-0.1263687249091597,-0.7204870286797334,-1.1194834727127645,0.2343801574832781,0.0,0.0,0.0,0.0,其他,0,0,0.5,1.0,0,0.7717171717171717,-0.08654434250764531,-0.06360856269113158,0.3340080971659919,0.17408906882591094,0.02631578947368421,0.0708502024291498,0.4493927125506073,0.1902834008097166,0.5,0.5,0.5,0.5,0.7717171717171717,0.6464646464646465,0.6262626262626263
2026-03-10,32.8,33.39,32.73,33.36,762898.0,32.848,33.506,34.134,34.75183333333333,0.0155869459327813,-0.0043574285202651,-0.0226753383722974,-0.0400506448101058,34.134,35.963102742359006,32.304897257640995,0.2884208519006946,0.1071718956086978,0.0201834862385319,0.0133657351154312,-0.0413793103448275,-0.045766590389016,0.0134791453446178,0.0140501945274609,0.0111845348314833,34.36293435364708,-0.5935400337704024,-0.4598499669153583,-0.1336900668550441,-116429237.0,35.69284248363407,0.5828571428571426,0.9729121866976068,0.3493975903474134,0.2370572207019872,-0.0041966426858512,0.0201834862385319,0.0111845348314833,34.36293435364708,0.0017043067226891,0.0,0.0,0.0,0.5,-0.9925317788803254,-0.6046916894301254,-1.0203441562654494,-0.7475997551852607,-0.5580659403200132,-1.125063238496609,-1.2210692798960816,-1.2918947484223606,-1.7388593619431725,0.644221282720291,0.1433007994383004,-0.1734403912879093,-0.1153762980560288,-1.2918947484223606,-0.8602156547817684,-1.395310947522378,-0.4052254780233533,-0.1344501852912254,0.7453936182356758,0.4168429392002194,-0.2575487592728415,-0.1321492386552487,-0.2624685988674808,-0.2978494284609619,-0.61363416776521,-0.561250098520878,0.1771500628596871,0.2860278971036565,-0.4489807228754516,0.5263699691643065,-0.8751446691989483,-0.4050719645784471,0.0394829773331367,-0.1694452254851085,-0.2053628730477535,0.7453936182356758,-0.61363416776521,-0.561250098520878,-0.1231966875055309,0.0,0.0,0.0,0.0,其他,0,0,0.5,1.0,0,0.6700404858299596,-0.07853717026378904,-0.0611510791366906,0.4421906693711968,0.1460446247464503,0.060851926977687626,0.16227180527383367,0.6632860040567952,0.2778904665314402,0.5,0.5,0.5,0.5,0.6700404858299596,0.5465587044534413,0.5101214574898786
2026-03-11,33.36,33.49,33.14,33.35,540300.0,33.02,33.352000000000004,34.0565,34.705,0.0099939430648092,-5.996641880556819e-05,-0.0207449385579844,-0.0390433655092925,34.0565,35.88028755688034,32.23271244311966,0.3063096775264973,0.1071036399439158,-0.0002997601918464,0.0264696829793782,-0.0441387216967612,-0.0444126074498566,0.0106528294144863,0.0139260514901253,0.0111927739531682,35.10848125263274,-0.5641652525875358,-0.4807130240497939,-0.0834522285377419,-116969537.0,35.71961763235548,0.5864285714285715,0.6968748073372676,0.3453815260905474,0.2388888888822528,0.0014992503748125,-0.0002997601918464,0.0111927739531682,35.10848125263274,-0.2917795039441707,0.0,0.0,0.0,0.5,-0.9239151401803484,-0.5968054063884691,-0.964401059959202,-0.7468341366628183,-0.6222101198151726,-1.0973491184606952,-1.2427083110596406,-1.3024414318840272,-1.7419937882313885,0.4799831057034114,0.2546103201128884,-0.1287526436700126,-0.0986456656612039,-1.3024414318840272,-0.8677900473800197,-1.4076513813396443,-0.3460880475877255,-0.1347353752744448,0.1208354942911367,0.6155047339159154,-0.292795596552287,-0.1172424169031119,-0.4405829958427931,-0.3062505119794165,-0.6116461454778988,-0.5136752384940142,0.1964454717135878,0.2713728145519765,-0.3017919146052626,0.4970223848093705,-0.8711780081038716,-0.4019836446834199,-0.5296936448201858,-0.1810800931908905,-0.1980316229064561,0.1208354942911367,-0.6116461454778988,-0.5136752384940142,-0.6144774926094088,0.0,0.0,0.0,0.0,其他,0,0,0.5,1.0,0,0.7878787878787878,-0.05787106446776613,-0.07706146926536728,0.4797570850202429,0.20242914979757085,0.058704453441295545,0.1680161943319838,0.305668016194332,0.32388663967611336,0.5,0.5,0.5,0.5,0.7878787878787878,0.5636363636363636,0.5252525252525253
2026-03-12,33.5,33.5,32.97,33.11,653100.0,33.1,33.194,33.971000000000004,34.65533333333334,0.0003021148036252,-0.0025305778152678,-0.0253451473315475,-0.0445915010676568,33.971000000000004,35.80438513483435,32.13761486516566,0.2651884528603646,0.1079382493791143,-0.0071964017991005,0.0122286762457963,-0.0455462669357162,-0.0491097070649052,0.011921164674018,0.0139490992850337,0.0112482729572528,37.79193204821469,-0.5538668883833751,-0.4953437969165101,-0.0585230914668649,-117622637.0,36.97567534958372,0.5742857142857142,0.8432278001011718,0.2489959839257426,0.1736694677822494,-0.0151011778918755,-0.0071964017991005,0.0112482729572528,37.79193204821469,0.2087729039422543,0.0,0.0,0.0,0.5,-0.9049825020644914,-0.5949616051180234,-0.9836444016841496,-0.7675032030653098,-0.5878855593917452,-1.0826543431764095,-1.264834196397628,-1.3145224601253105,-1.7459876503286402,0.1962714718229547,0.1900011397958582,-0.2345452395571781,-0.1896490238289438,-1.3145224601253105,-0.8745121129309111,-1.4257649789944251,-0.4799273665085746,-0.1284512085759526,-0.089563749173234,0.397358601882955,-0.3105335247640536,-0.1681295679516985,-0.3596077833741715,-0.304097861052733,-0.6057496858976348,-0.3452116278920493,0.2030169395184815,0.2609747286846042,-0.2285453630553415,0.4617881466097625,-0.7924229655853677,-0.409365393026539,-0.2266610695346607,-0.4667939865877115,-0.4456625803693014,-0.089563749173234,-0.6057496858976348,-0.3452116278920493,0.2259637147083207,0.0,0.0,0.0,0.0,其他,0,0,0.5,1.0,0,0.7656565656565657,-0.06886137118695257,-0.06070673512533975,0.4676113360323887,0.2935222672064777,0.0708502024291498,0.2145748987854251,0.5,0.32388663967611336,0.5,0.5,0.5,0.5,0.7656565656565657,0.5111111111111111,0.5616161616161616
2026-03-13,33.1,33.42,33.0,33.04,589100.0,33.112,33.045,33.882,34.60816666666667,-0.0021744382701136,-0.0001513088213043,-0.0248509533085413,-0.0453120409922513,33.882,35.71466960872298,32.04933039127702,0.2702804706261977,0.1081795412736893,-0.0021141649048626,0.0018192844147968,-0.0431508832898929,-0.0511200459506031,0.0115643087387295,0.013970469728562,0.0112339190401541,36.57505284329695,-0.5450705416321426,-0.5052891458596367,-0.0397813957725059,-118211737.0,36.82695445603394,0.5792857142857143,0.7849864642802509,0.2208835341276746,0.1540616246455436,-0.0438861985472154,-0.0021141649048626,0.0112339190401541,36.57505284329695,-0.0979941815954678,0.0,0.0,0.0,0.5,-0.949598913161829,-0.5991534449486827,-0.9769708387694924,-0.7722624176837574,-0.6055238037940779,-1.0775403875609135,-1.2852295915399965,-1.3271991357188864,-1.749079526548048,0.1235644451511961,0.2516303045558984,-0.2227640534390501,-0.2011668803801684,-1.3271991357188864,-0.8828596261886879,-1.441904219874525,-0.4623602525659206,-0.1264927873594761,0.0657091095363716,0.2378342256217059,-0.2789884703848402,-0.1897538926610709,-0.3816082825547248,-0.3020689366209915,-0.6056690061302094,-0.4206967370383876,0.2085851868855841,0.2537812835362782,-0.1734067732826851,0.4299673210410374,-0.7995415716427929,-0.4053131785428306,-0.3466883510753153,-0.5493851527898497,-0.5193446691701823,0.0657091095363716,-0.6056690061302094,-0.4206967370383876,-0.2895789428701356,0.0,0.0,0.0,0.0,其他,0,0,0.5,1.0,0,0.6275303643724697,-0.05841404358353508,-0.05841404358353508,0.6389452332657201,0.28600405679513186,0.06896551724137931,0.20689655172413793,0.35699797160243407,0.3752535496957404,0.5,0.5,0.5,0.5,0.6275303643724697,0.4716599190283401,0.5121457489878543
2026-03-16,33.08,33.44,33.04,33.42,659156.0,33.25600000000001,33.008,33.8065,34.571000000000005,0.0049314409429874,0.0124818225884633,-0.0114327126440181,-0.0332938011628244,33.8065,35.58087045915327,32.03212954084673,0.3910881326824091,0.1049721479093085,0.011501210653753,0.0220183486238532,-0.0109499852027226,-0.0432293157744059,0.0111640399202799,0.013354974168287,0.0116061420703792,35.064935054309345,-0.5016537965521124,-0.5045620759981319,0.0029082794460194,-117552581.0,35.548137105573645,0.5442857142857142,0.9069831632763982,0.3734939758886153,0.2605042016733751,-0.1062238180730101,0.011501210653753,0.0116061420703792,35.064935054309345,0.1189203870310644,0.0,0.0,0.0,0.5,-0.9493427413978938,-0.5966378041803608,-0.9690511121116278,-0.7350397702218331,-0.5837498714410464,-1.0540874502645603,-1.2864544278013297,-1.3369972304188336,-1.748854436884027,0.3314166913319671,0.5802831316592043,0.0877019748602853,-0.0026155695092178,-1.3369972304188336,-0.8964394918509624,-1.4395606997557626,-0.0654387335891632,-0.1497084751634861,0.4816884438007231,0.5460587955145283,0.1394030009572842,-0.1034017884852579,-0.4063441434002761,-0.3458195375831166,-0.573476039220746,-0.5144377513176945,0.23730346895551,0.2538887906249213,-0.048155616115928,0.4639715102091977,-0.8754897185822846,-0.4279704124804204,-0.09353543168025,-0.0944361241442452,-0.1123703223689279,0.4816884438007231,-0.573476039220746,-0.5144377513176945,0.0756611065322968,0.0,0.0,0.0,0.0,其他,0,0,0.5,1.0,0,0.4939271255060729,-0.05804907241172952,-0.07091561938958713,0.7728194726166329,0.29411764705882354,0.07505070993914807,0.2231237322515213,0.5294117647058824,0.4969574036511156,0.5,0.5,0.5,0.5,0.4939271255060729,0.42105263157894735,0.3522267206477733
2026-03-17,33.5,33.75,33.16,33.22,699855.0,33.227999999999994,33.038,33.7205,34.53933333333334,-0.0002407608041409,0.0055088080392275,-0.0148426031642473,-0.0381979964870969,33.7205,35.42906018177202,32.01193981822798,0.3535316445463848,0.10133658645435,-0.0059844404548176,-0.0041966426858512,0.0091130012150666,-0.0492272467086433,0.0074345087437708,0.0104315016237121,0.0116217543411655,32.34672303482333,-0.4778753917565836,-0.4992247391498222,0.0213493473932385,-118252436.0,36.46036878447418,0.5642857142857142,0.9858510224019784,0.2931726907512775,0.2044817927113581,-0.0746538229981939,-0.0059844404548176,0.0116217543411655,32.34672303482333,0.061744109133498,0.0,0.0,0.0,0.5,-0.8973798000791827,-0.5746724629567409,-0.9508512117211216,-0.7520788261499871,-0.5706553295777762,-1.0547478105528612,-1.2763335587696436,-1.3488352394441954,-1.7468518067056866,0.1792665574066063,0.3973821152039741,0.0086373788190623,-0.0836310208669488,-1.3488352394441954,-0.9121113679623348,-1.438024051778544,-0.1886929207535911,-0.1760518464072057,-0.054161738818502,0.1440548019043432,0.3999103337641742,-0.1687530247066817,-0.6422558971655165,-0.5555596412108699,-0.5710139991538281,-0.6836159568694847,0.2528644417936563,0.2571542163791747,0.0059899510279277,0.4262337222445148,-0.8175824237374526,-0.4138462216552414,0.07017031367862,-0.3336058542571627,-0.3262069788344738,-0.054161738818502,-0.5710139991538281,-0.6836159568694847,-0.0207506721114091,0.0,0.0,0.0,0.0,其他,0,0,0.5,1.0,0,0.3603238866396761,-0.058398555087296744,-0.06682721252257673,0.6713995943204868,0.3630831643002028,0.07910750507099391,0.2616632860040568,0.6206896551724138,0.5415821501014199,0.5,0.5,0.5,0.5,0.3603238866396761,0.4392712550607287,0.3684210526315789
2026-03-18,33.22,33.4,32.88,33.4,564835.0,33.238,33.129000000000005,33.64149999999999,34.515,0.0048739394668753,0.0081801442844635,-0.0071786335329874,-0.0323047950166595,33.64149999999999,35.247911823714084,32.0350881762859,0.424832475559063,0.0955017953247813,0.0054184226369655,0.0014992503748125,0.0280086180363188,-0.0451686678101772,0.0079558262929971,0.0092411512107039,0.0117302345061262,36.30573247328489,-0.439440739660327,-0.4872679392519233,0.0478271995915962,-117687601.0,36.69089213090411,0.5821428571428571,0.7923104082067499,0.3791666666508668,0.2549019607771726,-0.0592814371257484,0.0054184226369655,0.0117302345061262,36.30573247328489,-0.1929256774617599,0.0,0.0,0.0,0.5,-0.9279782051215328,-0.5970838996146722,-0.9844141843578988,-0.7335769968507029,-0.6093119339626831,-1.0501218364556972,-1.2559988433017883,-1.359128733092596,-1.742523975749467,0.3291412946699565,0.4664390230385861,0.1862905461346475,0.0140428694506817,-1.359128733092596,-0.9312156103749786,-1.425401871161598,0.0461463046180578,-0.2184903978952163,0.295375138076023,0.2311248317230083,0.6448632882178367,-0.1240945118801331,-0.6078501262355249,-0.6401501815810429,-0.5608287628123829,-0.4340509160005618,0.278247411111954,0.2649580171618795,0.0837365604541745,0.4553497983554361,-0.8014890806792528,-0.4011732085666744,-0.331877941382218,-0.0764733587599587,-0.1326554648673295,0.295375138076023,-0.5608287628123829,-0.4340509160005618,-0.450156490172673,0.0,0.0,0.0,0.0,其他,0,0,0.5,1.0,0,0.3502024291497975,-0.05029940119760479,-0.06287425149700587,0.7870182555780934,0.36511156186612576,0.08113590263691683,0.3225152129817444,0.49290060851926976,0.5963488843813387,0.5,0.5,0.5,0.5,0.35020242914979755,0.43724696356275305,0.3259109311740891
2026-03-19,33.09,33.4,32.45,32.61,852600.0,33.138,33.119,33.529,34.481,-0.0159333695455368,-0.0153688215223889,-0.0274091085329116,-0.0542617673501348,33.529,35.09063072661746,31.96736927338253,0.2057563019360053,0.0931510469511651,-0.0236526946107784,-0.0151011778918755,-0.0030571690614491,-0.0645438898450946,0.0133919254238138,0.0122939437328439,0.0126717605233633,32.0224719017169,-0.4673401918393622,-0.4832823897694111,0.0159421979300488,-118540201.0,36.37421406237474,0.6307142857142851,1.167975444843709,0.0499999999979156,0.0336134453772089,-0.0545844832873352,-0.0236526946107784,0.0126717605233633,32.0224719017169,0.5094673665760798,0.0,0.0,0.0,0.5,-0.940793434310961,-0.5959251539181808,-1.0371562297857473,-0.805786465268183,-0.5233281270776238,-1.060848077705005,-1.252938598284649,-1.3761153494422864,-1.7413941241382829,-0.2830808404968825,-0.1502055452734598,-0.2836593751581841,-0.3499185034539305,-1.3761153494422864,-0.9473750439449948,-1.4362134112250533,-0.6752350214508875,-0.2353771642618019,-0.5969481413506518,-0.0239894355283192,0.239193782960958,-0.3361248110741727,-0.2610300211821647,-0.4188579433136849,-0.481212288782753,-0.701986960590734,0.25908849418186,0.2672884865163158,-0.0101527155829851,0.4094699262073813,-0.8188582182726666,-0.3679313965713396,0.4498323635653523,-1.0583522835759034,-0.9792341751436467,-0.5969481413506518,-0.481212288782753,-0.701986960590734,0.7360556946463972,0.0,0.0,0.0,0.0,其他,0,0,0.5,1.0,0,0.2489878542510121,-0.045691505673106314,-0.04262496166819996,0.7647058823529411,0.39553752535496955,0.09939148073022312,0.38336713995943206,0.8498985801217038,0.5679513184584178,0.5,0.5,0.5,0.5,0.24898785425101214,0.4109311740890688,0.35020242914979755
2026-03-20,32.85,32.9,31.59,31.59,899100.0,32.848,32.980000000000004,33.3955,34.437,-0.038297613248904,-0.0421467556094603,-0.0540641703223487,-0.0826727066817666,33.3955,35.13982583870645,31.651174161293547,-0.0175351875017681,0.1044647236125363,-0.031278748850046,-0.0438861985472154,-0.0421467556094602,-0.0779334500875655,0.0183584228359684,0.0152584801948141,0.0138251773860793,30.42704625576546,-0.5652404442092305,-0.499674000657375,-0.0655664435518554,-119439301.0,37.70981686222293,0.6585714285714277,1.2385643563742672,0.0,0.0,-0.0151946818613485,-0.031278748850046,0.0138251773860793,30.42704625576546,0.0545390570021111,0.0,0.0,0.0,0.5,-0.966484655073484,-0.6284146142739989,-1.145023846119375,-0.8992010072437624,-0.5086585488041866,-1.097951522193219,-1.2717063487798692,-1.39717052785866,-1.7434911416867367,-0.9399035583207151,-0.8505164540000472,-0.9018511284545484,-0.8200905468833787,-1.39717052785866,-0.9387853966872304,-1.510380816010778,-1.4062529830755166,-0.151939470243027,-0.8295367328084077,-0.4662388977001381,-0.2710694281872189,-0.4823421017252536,0.0558093043669222,-0.2040945774802947,-0.3840014857564083,-0.8004911523372289,0.1928746654353226,0.2556127171926701,-0.2501679665226663,0.3611700125994813,-0.7352657669087331,-0.3486184758209187,0.5958298244627063,-1.2035106652169472,-1.1041063279538907,-0.8295367328084077,-0.3840014857564083,-0.8004911523372289,-0.0337520669813908,0.0,0.0,0.0,0.0,其他,0,0,0.5,1.0,0,0.3171717171717171,-0.05001582779360547,-0.0022158911047800434,0.6255060728744939,0.42105263157894735,0.11336032388663968,0.354251012145749,0.819838056680162,0.5303643724696356,0.5,0.5,0.5,0.5,0.31717171717171716,0.43232323232323233,0.4707070707070707
2026-03-23,31.15,31.18,29.82,29.87,1182389.0,32.138,32.697,33.173500000000004,34.36466666666667,-0.0705706640114505,-0.0864605315472367,-0.0995824980782854,-0.1307932566395717,33.173500000000004,35.470402032601406,30.87659796739861,-0.2191207881506054,0.1384781245629479,-0.0544476100031655,-0.1062238180730101,-0.0865443425076453,-0.1294083357621684,0.0231837303869976,0.022089207660299,0.0177634056919895,26.42967541931965,-0.7727094118012303,-0.5542810828861462,-0.2184283289150841,-120621690.0,37.93817626539904,0.7007142857142848,1.5584898483028529,0.0,0.0,0.053900234348845,-0.0544476100031655,0.0177634056919895,26.42967541931965,0.3150806361917473,0.0,0.0,0.0,0.5,-1.1635516926873286,-0.7429477380443822,-1.3691031255711317,-1.0574930635431543,-0.4240637982842174,-1.1931805384886636,-1.3145943490898486,-1.4358841128260795,-1.7545888191319965,-1.879193282761191,-1.9986899913487053,-1.9478139156881384,-1.610869001659391,-1.4358841128260795,-0.8966144552651293,-1.7001091808133857,-2.0545883764323185,0.0984233251443311,-1.5351771399691905,-1.4206192435739349,-0.8497490320892183,-1.0452671763085786,0.3635722926580169,0.2902701904123659,-0.0538556398350512,-1.049051398096725,0.0528919089429152,0.217636646043192,-0.7001234876459498,0.2978786670112548,-0.7196320019940274,-0.3197207862453489,1.2587817235229029,-1.1990815487270274,-1.0999191237617372,-1.5351771399691905,-0.0538556398350512,-1.049051398096725,0.407107395198541,0.0,0.0,0.0,0.0,其他,0,0,0.5,1.0,0,0.4727272727272727,0.025108804820890507,0.0746568463341144,0.49190283400809715,0.3967611336032389,0.11336032388663968,0.3481781376518219,0.7854251012145749,0.5364372469635628,0.5,0.5,0.5,0.5,0.4727272727272727,0.498989898989899,0.602020202020202
2026-03-24,30.48,30.77,30.02,30.74,808900.0,31.642000000000003,32.435,32.9705,34.303999999999995,-0.0285064155236711,-0.0522583628796055,-0.0676513853293095,-0.1038945895522387,32.9705,35.377161588175625,30.56383841182437,0.0365987451325684,0.145988783195179,0.0291262135922329,-0.0746538229981939,-0.078537170263789,-0.1166666666666665,0.0326343758502855,0.0235266387186009,0.0189584979020168,37.33719246710964,-0.8570488090679902,-0.614834628122515,-0.2422141809454752,-119812790.0,45.85185077655426,0.720714285714285,1.0675643234230263,0.1733067729049137,0.1405492730187305,0.0175666883539362,0.0291262135922329,0.0189584979020168,37.33719246710964,-0.3158765854553789,0.0,0.0,0.0,0.5,-1.238242214806022,-0.7689168489105385,-1.337840562733619,-0.9731170593355662,-0.533807960144489,-1.2578952387915334,-1.3535116787397028,-1.470282243232388,-1.7617394985212436,-0.6420312133161636,-1.1015042057040425,-1.2028020914039972,-1.1598000736566014,-1.470282243232388,-0.9053395920615882,-1.7694533622818416,-1.2109990519483569,0.1535871549975256,1.0288859705036706,-0.9323290623076892,-0.7432611506513334,-0.902647467848442,0.965570782586942,0.3938745217706058,0.046387169274949,-0.3613776164337959,-0.0040580250530213,0.1755712001608249,-0.7686794200109567,0.3403782224226557,-0.2332747013881278,-0.3057429772857933,0.2344586599747792,-0.6796287760439002,-0.5592291882206313,1.0288859705036706,0.046387169274949,-0.3613776164337959,-0.6620917135705395,0.0,0.0,0.0,0.0,其他,0,0,0.5,1.0,0,0.5797979797979798,0.018867924528301883,0.036109303838646856,0.3582995951417004,0.3582995951417004,0.1194331983805668,0.4271255060728745,0.6639676113360324,0.4959514170040486,0.5,0.5,0.5,0.5,0.5797979797979798,0.4626262626262626,0.5696969696969697
2026-03-25,30.97,31.47,30.74,31.42,748047.0,31.246,32.242,32.797,34.25216666666667,0.0055687127952379,-0.0254946963587865,-0.0419855474586088,-0.0826857668371343,32.797,35.11986665000043,30.47413334999956,0.2035989991030916,0.1416511662648018,0.0221210149642161,-0.0592814371257484,-0.0578710644677661,-0.0994554313556892,0.0359310664150226,0.0253298904831247,0.0199043248275516,41.24830392703559,-0.8591147321794281,-0.6636906489338977,-0.1954240832455304,-119064743.0,46.97941994519626,0.7364285714285709,0.9731909883753266,0.3215767634788058,0.2504038772172794,0.0095480585614258,0.0221210149642161,0.0199043248275516,41.24830392703559,-0.075229323773025,0.0,0.0,0.0,0.5,-1.1763896961706488,-0.7200244489676527,-1.2401321042751876,-0.906925839533102,-0.5508477693115224,-1.3081500688292125,-1.3804125444905382,-1.4982940899457349,-1.7659370028023356,0.3593704545009635,-0.4017831555059686,-0.6067052761701729,-0.8057724680774806,-1.4982940899457349,-0.9336499819975808,-1.781200851376902,-0.6619931287530791,0.1213608541338345,0.8118111373498841,-0.6942677513387888,-0.4717676449375704,-0.7116781274219313,1.1725057734974142,0.5238685440012303,0.1257056213682229,-0.1145263987092577,-0.0054474557782255,0.141588006751161,-0.6290679522334889,0.3796143955100488,-0.1636843233135349,-0.2946626883864543,0.0372821367792527,-0.2357663366385248,-0.1368678947729276,0.8118111373498841,0.1257056213682229,-0.1145263987092577,-0.2530703699869538,0.0,0.0,0.0,0.0,其他,0,0,0.5,1.0,0,0.6214574898785425,-0.020369191597708447,-0.0025461489497136114,0.3488843813387424,0.4158215010141988,0.13387423935091278,0.48884381338742394,0.6592292089249493,0.5314401622718052,0.5,0.5,0.5,0.5,0.6214574898785425,0.4109311740890688,0.5303643724696356
2026-03-26,31.5,31.59,30.76,30.83,651200.0,30.890000000000004,32.014,32.604,34.19233333333333,-0.0019423761735191,-0.0369838195789343,-0.0544105017789228,-0.0983358842625539,32.604,34.90595706210813,30.30204293789187,0.1146756972115628,0.1412070336217071,-0.0187778485041375,-0.0545844832873352,-0.0688613711869525,-0.1112712597290285,0.0355876538359617,0.0256708861241285,0.020140777351311,36.02080623531481,-0.8980083786948256,-0.7105541948860834,-0.1874541838087422,-119715943.0,40.8681408755411,0.7599999999999992,0.8445218647125773,0.2060085836865657,0.1550888529861855,0.009406422315926,-0.0187778485041375,0.020140777351311,36.02080623531481,-0.1294664640056039,0.0,0.0,0.0,0.5,-1.1103236101407554,-0.7103902888332627,-1.2331282065377418,-0.9597171942412874,-0.5785233412523962,-1.3523721998328406,-1.4128957329301175,-1.5298508644259972,-1.7725685164870215,0.1380283247087956,-0.7007184327926176,-0.892547207593997,-1.0616437350339172,-1.5298508644259972,-0.9566293013780762,-1.813433952762057,-0.9510952056268672,0.1178968772352562,-0.4442017005151402,-0.6206941355353502,-0.6146322598411564,-0.8396206981494918,1.146718822401164,0.5476250356012853,0.1453901916684136,-0.4439351346144709,-0.0317430220479709,0.1089859899400355,-0.6043123682701441,0.3443359513186588,-0.5390356716579563,-0.2782875653468575,-0.2315132207833324,-0.5807722962623294,-0.5026691813604035,-0.4442017005151402,0.1453901916684136,-0.4439351346144709,-0.3447461354965146,0.0,0.0,0.0,0.0,其他,0,0,0.5,1.0,0,0.6686868686868687,0.008757703535517525,0.015244891339604383,0.24898785425101214,0.3866396761133603,0.13360323886639677,0.5080971659919028,0.6417004048582996,0.46153846153846156,0.5,0.5,0.5,0.5,0.6686868686868687,0.4868686868686869,0.5898989898989899
2026-03-27,30.7,31.14,30.6,31.11,580900.0,30.794,31.821,32.43300000000001,34.1455,0.0102617392998636,-0.0223437352691617,-0.0407917861437426,-0.0888989764390622,32.43300000000001,34.63863966136573,30.227360338634284,0.2000870035133435,0.1360120655726526,0.0090820629257217,-0.0151946818613485,-0.058414043583535,-0.0990443092962641,0.0342930280558868,0.0261382975069481,0.0204101759602859,39.66189856235022,-0.8959107128172334,-0.7476254984723135,-0.1482852143449199,-119135043.0,41.73290413626453,0.7521428571428564,0.7603381246807929,0.3163265306041751,0.2003231017738232,-0.0353584056573448,0.0090820629257217,0.0204101759602859,39.66189856235022,-0.1079545454545454,0.0,0.0,0.0,0.5,-1.2005504664793112,-0.739251282348265,-1.249280051611499,-0.9309632399745332,-0.598279141829531,-1.3602040915044296,-1.439140985018203,-1.5565577408897804,-1.7749663645517084,0.4969640488952828,-0.3170771242973162,-0.5753724903197952,-0.9022924023749268,-1.5565577408897804,-0.985875696953103,-1.820628113828317,-0.669319255109949,0.0792891357658133,0.4121918372929592,-0.0134805468689188,-0.4766810342943232,-0.7033693129692852,1.060722444674701,0.5805169223537696,0.1678465484776591,-0.2133520226125419,-0.0302777265824927,0.0831655110708592,-0.4874294090903264,0.3747572067504823,-0.4848459994936563,-0.2831595257895454,-0.407158167365937,-0.2496090361313603,-0.3277267549430613,0.4121918372929592,0.1678465484776591,-0.2133520226125419,-0.3076468109193123,0.0,0.0,0.0,0.0,其他,0,0,0.5,1.0,0,0.5566801619433198,0.0,0.018322082931533368,0.31643002028397565,0.4178498985801217,0.13793103448275862,0.48884381338742394,0.5496957403651116,0.44016227180527384,0.5,0.5,0.5,0.5,0.5566801619433198,0.5394736842105263,0.6295546558704453
2026-03-30,30.85,31.53,30.85,31.48,847000.0,31.116,31.627,32.317499999999995,34.1,0.0116981617174445,-0.0046479274038004,-0.0259147520693121,-0.0768328445747801,32.317499999999995,34.46510454068199,30.169895459318003,0.3050153126039346,0.1329066011093277,0.0118932819029251,0.053900234348845,-0.0580490724117295,-0.0683634211305119,0.0183231377880587,0.0261672260688418,0.0203584992957436,37.29729729024108,-0.8545417641915982,-0.7690087516161705,-0.0855330125754276,-118288043.0,41.946051442022565,0.7514285714285709,1.135330147170689,0.4535211267477879,0.2600969305289159,-0.0273189326556543,0.0118932819029251,0.0203584992957436,37.29729729024108,0.4580822861077638,0.0,0.0,0.0,0.5,-1.17888693347611,-0.7113146757730093,-1.212752986462707,-0.8939402878488371,-0.5181655023516464,-1.3102470844726175,-1.4652436794940988,-1.5717828102844182,-1.7768919605792413,0.5383727926540652,0.1464189260079884,-0.2294355643678853,-0.7002705865445209,-1.5717828102844182,-1.0037456124675777,-1.823377010502764,-0.3241160662339928,0.0561632725011517,0.4979013553135004,1.0499881477845852,-0.4710536201781746,-0.364552378336911,0.0399554330878803,0.5814982730275021,0.1632339394182096,-0.3624975213908357,-0.0021784724179527,0.0682228417274091,-0.3008735317174141,0.4193539566093932,-0.4708512998920204,-0.2831978563752872,0.3787278705122239,0.1620748714587708,-0.0968492560210428,0.4979013553135004,0.1632339394182096,-0.3624975213908357,0.6559357069090992,0.0,0.0,0.0,0.0,其他,0,0,0.5,1.0,0,0.52834008097166,-0.013659466327827219,-0.050190597204574416,0.47058823529411764,0.4827586206896552,0.14198782961460446,0.44016227180527384,0.7829614604462475,0.5172413793103449,0.5,0.5,0.5,0.5,0.52834008097166,0.39473684210526316,0.3319838056680162
2026-03-31,31.49,31.97,31.21,31.28,752200.0,31.224,31.433000000000003,32.2355,34.047666666666665,0.0017934921854982,-0.0048674959437534,-0.0296412340432132,-0.0812879981986037,32.2355,34.4112948335941,30.059705166405905,0.2804250692034009,0.1349937077810083,-0.0063532401524777,0.0175666883539362,-0.0583985550872967,-0.0498177399756987,0.0161376453203054,0.0261680096272421,0.0196855468292645,36.363636356929,-0.8283462430268571,-0.780876249898308,-0.0474699931285491,-119040243.0,42.93208185241734,0.7807142857142849,1.0348263360688637,0.397183098580361,0.2277867528234606,0.0012787723785165,-0.0063532401524777,0.0196855468292645,36.363636356929,-0.1119244391971664,0.0,0.0,0.0,0.5,-1.1000518350247783,-0.6800810665910152,-1.1624318482691849,-0.9103924542274048,-0.5454141074412339,-1.2903121594179847,-1.4910273664011542,-1.580105371833698,-1.7809068837387438,0.2453700135058152,0.1404514087411182,-0.3156069467632007,-0.7722010876602854,-1.580105371833698,-1.0072028225938805,-1.8391793464409387,-0.4043024918237454,0.0715661510674518,-0.0645977013353249,0.4883270998864087,-0.474811209931493,-0.1596114581479206,-0.099786164808159,0.5804356412181484,0.1061706789316266,-0.420978135744898,0.015615766828478,0.059887500077188,-0.1875788698737815,0.3784803626728556,-0.4092292719668311,-0.2629102290720619,0.1674020528979421,-0.0073164377099602,-0.2213787403363476,-0.0645977013353249,0.1061706789316266,-0.420978135744898,-0.3160319893753294,0.0,0.0,0.0,0.0,其他,0,0,0.5,1.0,0,0.3630831643002028,-0.008951406649616356,-0.03420716112531974,0.5792682926829268,0.5142276422764228,0.13008130081300814,0.4695121951219512,0.709349593495935,0.5670731707317073,0.5,0.5,0.5,0.5,0.3630831643002028,0.37322515212981744,0.2961460446247465
2026-04-01,31.72,31.81,31.38,31.72,503352.0,31.284,31.265,32.197,34.00566666666666,0.0139368367216468,0.0145530145530146,-0.0148150448799578,-0.0672142878147759,32.197,34.38106766812464,30.01293233187537,0.390800086691301,0.1356690168722462,0.0140664961636827,0.0095480585614258,-0.0502994011976047,-0.0236995998768853,0.0140989980870941,0.0267130271068735,0.0198437057789418,41.07830551251482,-0.7632831282337023,-0.7773576255653869,0.0140744973316846,-118536891.0,48.531048704837104,0.7807142857142847,0.7098016398912155,0.5211267605487,0.2988691437754621,-0.0296343001261033,0.0140664961636827,0.0198437057789418,41.07830551251482,-0.3308269077373039,0.0,0.0,0.0,0.5,-1.0697395343544676,-0.6895154963799576,-1.136838770609335,-0.8669116596911819,-0.6184231498913857,-1.2771918842337056,-1.5121541247014567,-1.5796503782031148,-1.781617859205172,0.603461610907114,0.6494750434494276,0.0296950753433379,-0.537102884775711,-1.5796503782031148,-1.007828612303301,-1.838943612892422,-0.0407438659594089,0.0764783918407377,0.5648385827673577,0.3638429381509489,-0.36756537887684,0.1288931219025477,-0.2301131740459587,0.6189845593576974,0.1193851264003557,-0.1214939393251956,0.0598449390525444,0.0622501378338076,-0.0045765656271414,0.404800417511376,-0.0627546435108648,-0.2625036604632868,-0.5152168984266995,0.3653115243525754,0.0537938857542572,0.5648385827673577,0.1193851264003557,-0.1214939393251956,-0.688538821789268,0.0,0.0,0.0,0.0,其他,0,0,0.5,1.0,0,0.2591093117408907,-0.013240857503152514,-0.039722572509457654,0.6206896551724138,0.5780933062880325,0.13793103448275862,0.5598377281947262,0.36511156186612576,0.6430020283975659,0.5,0.5,0.5,0.5,0.2591093117408907,0.340080971659919,0.3117408906882591
2026-04-02,31.69,31.79,30.98,31.12,625719.0,31.342,31.116000000000003,32.11749999999999,33.95366666666667,-0.0070831472146002,0.000128551227664,-0.0310578345138939,-0.0834568676922473,32.11749999999999,34.33838531422659,29.89661468577339,0.2754273951838659,0.138297520929069,-0.0189155107187893,0.009406422315926,-0.0456915056731063,-0.0486089880770406,0.014149716285291,0.026381940929441,0.0201426587165263,38.46153845506659,-0.7514726180312259,-0.7721806240585548,0.0207080060273289,-119162610.0,48.52332571935061,0.8085714285714273,0.8745821942177433,0.3521126760464192,0.2019386106590962,-0.0006426735218508,-0.0189155107187893,0.0201426587165263,38.46153845506659,0.2431042292471272,0.0,0.0,0.0,0.5,-1.0700608963563183,-0.689454117518197,-1.1844417883489948,-0.9209426163000765,-0.5808190610580437,-1.2644763475159997,-1.5298500416254772,-1.5873527282766855,-1.7854096148475895,-0.0189403394618861,0.2696881953051012,-0.3486328931925352,-0.8051972449238639,-1.5873527282766855,-1.0099484750280434,-1.855876903978394,-0.4205353911037743,0.0959261642540288,-0.453726345220479,0.3610751273231612,-0.3063347699955858,-0.1466259929895946,-0.2265216839923155,0.5936449335533512,0.1445211354230741,-0.2874053670622579,0.0678052496566769,0.065767753212555,0.0151540448367781,0.370636920628003,-0.063141579676027,-0.2431707476551489,-0.1680246467281932,-0.1440879838989618,-0.321602524474177,-0.453726345220479,0.1445211354230741,-0.2874053670622579,0.2921372673541295,0.0,0.0,0.0,0.0,其他,0,0,0.5,1.0,0,0.3963414634146341,0.0032133676092545027,-0.01285347043701801,0.6659877800407332,0.5641547861507128,0.15274949083503056,0.515274949083503,0.6537678207739308,0.6109979633401222,0.5,0.5,0.5,0.5,0.39634146341463417,0.4329268292682927,0.3638211382113821
2026-04-03,31.29,31.29,29.93,30.01,770299.0,31.122000000000003,30.958,31.969,33.884,-0.0357303515198252,-0.0306221332127397,-0.0612781131721354,-0.1143312477865658,31.969,34.339217844751616,29.59878215524839,0.0867468460026783,0.1482822637395101,-0.0356683804627249,-0.0353584056573448,-0.0500158277936054,-0.0900545785324438,0.0210061121548494,0.026911030293259,0.0212936848347802,31.16022098965477,-0.8222025873251546,-0.7821850167118749,-0.0400175706132797,-119932909.0,41.656343466172814,0.877142857142856,1.0659696731718624,0.0394366197171991,0.0226171243938188,0.0366544485171609,-0.0356683804627249,0.0212936848347802,31.16022098965477,0.2310621860611552,0.0,0.0,0.0,0.5,-1.113677884652812,-0.721907337687993,-1.3147703975207483,-1.0224061941355236,-0.5366676957417965,-1.2901576134294792,-1.5488072007105649,-1.6086191443360578,-1.7945721266367591,-0.8662841720425578,-0.5391607196112284,-1.051249957418391,-1.3133288023350187,-1.6086191443360578,-1.006862035719483,-1.9170786638207176,-1.040402514925008,0.1701940371988257,-0.9694315065998343,-0.331801640415873,-0.3628343659339366,-0.6048655751884281,0.2138192115469717,0.6310709822338172,0.2419021879489419,-0.7505102019481479,0.0194710816033002,0.0587009412230406,-0.1656770352554825,0.3287466398551258,-0.4883311145493448,-0.1961407788645443,0.2351484494146722,-1.0847619127870154,-1.0147860772158008,-0.9694315065998343,0.2419021879489419,-0.7505102019481479,0.2711200269563935,0.0,0.0,0.0,0.0,其他,0,0,0.5,1.0,0,0.4695121951219512,0.05031656114628458,0.022325891369543438,0.5560081466395111,0.5967413441955194,0.1955193482688391,0.3665987780040733,0.8268839103869654,0.5173116089613035,0.5,0.5,0.5,0.5,0.4695121951219512,0.5060975609756098,0.3882113821138211
2026-04-07,30.02,30.69,29.92,30.62,698400.0,30.95,31.033,31.865,33.82366666666666,-0.0106623586429724,-0.0133084136242064,-0.0390710811234897,-0.0947167170915825,31.865,34.28223199679216,29.44776800320784,0.242474036071744,0.1517170561295826,0.0203265578140618,-0.0273189326556543,0.0251088048208905,-0.0636085626911315,0.0231328296441107,0.0214042612354249,0.0219728331932524,36.25792811302737,-0.8195870067170112,-0.7896654147129023,-0.0299215920041089,-119234509.0,37.212886938510685,0.8899999999999986,0.9707179268000292,0.2112676056278515,0.1211631663954577,0.0140431090790333,0.0203265578140618,0.0219728331932524,36.25792811302737,-0.0933390800195768,0.0,0.0,0.0,0.5,-1.2586358318819837,-0.7610439760036999,-1.3110889205656515,-0.962469766794773,-0.5571548186231533,-1.3090048250359971,-1.5289350537653603,-1.620770401436981,-1.8006624373597206,-0.1225047513977604,-0.0826108172568302,-0.5316286208983015,-0.9838842666715238,-1.620770401436981,-1.0107149333612573,-1.9410092961092884,-0.5252458999282605,0.1955707387971136,0.7615192850171018,-0.2068127011545428,0.6288856246294584,-0.3109165938358837,0.3501342998325177,0.2277085917735529,0.2991850975898254,-0.4250656040079744,0.0212305645797222,0.0533967532345275,-0.1353418962153731,0.3657404137650567,-0.7625916413032348,-0.1870873809459139,0.0339826645459695,-0.5649495373040788,-0.6305167410402809,0.7615192850171018,0.2991850975898254,-0.4250656040079744,-0.2844393524579643,0.0,0.0,0.0,0.0,其他,0,0,0.5,1.0,0,0.3529411764705882,0.04833442194644033,0.04996734160679295,0.5284552845528455,0.6239837398373984,0.21544715447154472,0.3882113821138211,0.8089430894308943,0.5508130081300813,0.5,0.5,0.5,0.5,0.35294117647058826,0.6024340770791075,0.5314401622718052
2026-04-08,30.93,31.4,30.7,31.32,784790.0,30.958,31.091,31.763,33.77116666666667,0.01169326183862,0.0073654755395453,-0.0139470453042848,-0.072581640156544,31.763,34.08489668386135,29.441103316138644,0.4046038518596483,0.1462013464631202,0.0228608752449379,0.0012787723785165,0.0188679245283018,-0.0611510791366906,0.026278598582373,0.0206218540369547,0.0221294216004351,39.57915831108109,-0.7523572839418193,-0.7822037885586858,0.0298465046168664,-118449719.0,44.360674045330256,0.9085714285714273,1.0891358288203057,0.4084507042138461,0.2342487883645515,-0.0102171136653895,0.0228608752449379,0.0221294216004351,39.57915831108109,0.123697021764032,0.0,0.0,0.0,0.5,-1.1479148314702563,-0.7112466907226708,-1.2066360651934616,-0.8944108189075973,-0.5303576242378014,-1.3029557230032218,-1.5121414134705649,-1.6323444568771257,-1.8042161214498185,0.5405845869833901,0.4623804537576023,0.055655008330138,-0.6143235222129303,-1.6323444568771257,-1.0313299528618554,-1.92922212415054,0.0106234913831533,0.1540554181592998,0.8380015480105935,0.2369649160231483,0.5453183015706828,-0.2831645677735052,0.5518248653392882,0.1701206890926302,0.3120200637855983,-0.2129348150879542,0.0671819784427926,0.058539861712504,0.0432963639271697,0.4073503207508216,-0.317849897548939,-0.1741373471002156,0.2839319343850349,0.0308542963905376,-0.1904640866584527,0.8380015480105935,0.3120200637855983,-0.2129348150879542,0.0878899578617853,0.0,0.0,0.0,0.0,其他,0,0,0.5,1.0,0,0.460446247464503,0.01692209450830151,0.10823754789272022,0.3597560975609756,0.5060975609756098,0.18089430894308944,0.2967479674796748,0.6361788617886179,0.42276422764227645,0.5,0.5,0.5,0.5,0.460446247464503,0.6206896551724138,0.7789046653144016
2026-04-09,31.27,31.32,30.7,30.78,651200.0,30.77,31.027000000000005,31.6345,33.7025,0.000324991875203,-0.0079608083282303,-0.0270116486747062,-0.0867146354128032,31.6345,33.86942352394769,29.399576476052303,0.3088301476818504,0.1412965922610206,-0.0172413793103447,-0.0296343001261033,-0.0203691915977084,-0.0770614692653672,0.0259762318960832,0.0201184958009359,0.022347237997348,40.59609454708792,-0.7341874751128863,-0.772600525869526,0.0384130507566397,-119100919.0,45.50247476491312,0.884999999999999,0.8968373949242474,0.2563380281617933,0.1470113085598221,0.0168940870695255,-0.0172413793103447,0.022347237997348,40.59609454708792,-0.17022388154793,0.0,0.0,0.0,0.5,-1.1045504299333806,-0.7152019548477944,-1.2025615296209156,-0.9427442411953864,-0.5693427779252627,-1.3238681807434192,-1.5157048082639135,-1.6489527072289318,-1.812623348145368,0.2022657391542548,0.0572358344350543,-0.2498376445307738,-0.8472305226430902,-1.6489527072289318,-1.0539912663207542,-1.9261392134651991,-0.3059132081435888,0.1171179556029055,-0.4034526079715341,-0.2433989282748394,0.0256905526139623,-0.4593710279051026,0.5313698362476855,0.132988924893592,0.3300609738223174,-0.1477747985081259,0.0795332130957615,0.0651826903743406,0.0688493839489711,0.3716554814673352,-0.2464209825611572,-0.1899892494694913,-0.1230522489371829,-0.428735225269539,-0.529109369344344,-0.4034526079715341,0.3300609738223174,-0.1477747985081259,-0.4165237537513434,0.0,0.0,0.0,0.0,其他,0,0,0.5,1.0,0,0.4766734279918864,0.018193632228719947,0.07927225471085109,0.25609756097560976,0.5223577235772358,0.18495934959349594,0.29878048780487804,0.6422764227642277,0.4166666666666667,0.5,0.5,0.5,0.5,0.4766734279918864,0.6004056795131846,0.7018255578093306
2026-04-10,31.0,31.45,30.8,31.1,703900.0,30.766,31.053999999999995,31.534,33.6425,0.0108561398946889,0.0014812906549883,-0.0137629225597766,-0.0755740506799433,31.534,33.66804878353948,29.399951216460515,0.3983153516950051,0.1353490697997537,0.0103963612735542,-0.0006426735218508,0.0087577035355175,-0.0607067351253397,0.0255601279246734,0.0195004778378231,0.0225502487236291,47.28682169809508,-0.6860579955447861,-0.755292019804578,0.0692340242597919,-118397019.0,53.91482662852321,0.8392857142857133,0.9660369196556192,0.3464788732296767,0.1987075928885508,0.0038585209003214,0.0103963612735542,0.0225502487236291,47.28682169809508,0.0809275184275184,0.0,0.0,0.0,0.5,-1.132711450974079,-0.7048910922628564,-1.1857736962276957,-0.9103439548526958,-0.552546621720984,-1.3193662709535212,-1.504239153196464,-1.6598097514756665,-1.8182069703533388,0.5149149647851615,0.306664811488246,0.0606881285738399,-0.660100491308161,-1.6598097514756665,-1.0748286698521163,-1.912974618968036,-0.0093003785130672,0.0723669866036791,0.4528238196736048,0.2077383258927567,0.4112681327272673,-0.2767660372114132,0.5036244556653631,0.0874463731772842,0.3468306643878793,0.2796844759181686,0.1124309696313092,0.0772279176342089,0.1610276828379857,0.4089982517523637,0.2773700663521841,-0.2209907027565513,0.0236448252736945,-0.1553928554893586,-0.3269368898104342,0.4528238196736048,0.3468306643878793,0.2796844759181686,0.0155415023237405,0.0,0.0,0.0,0.0,其他,0,0,0.5,1.0,0,0.4807302231237322,0.006430868167202508,0.07138263665594846,0.39634146341463417,0.5609756097560976,0.18089430894308944,0.40853658536585363,0.6890243902439024,0.4146341463414634,0.5,0.5,0.5,0.5,0.48073022312373226,0.5821501014198783,0.6835699797160243
2026-04-13,30.92,31.19,30.83,31.11,422200.0,30.986,31.054,31.4375,33.577666666666666,0.0040018072677983,0.001803310362594,-0.0104174950298211,-0.0734913087071763,31.4375,33.45624244336211,29.41875755663789,0.4188851452747842,0.1284289427184532,0.0003215434083601,0.0366544485171609,0.0,-0.058414043583535,0.0163737005468389,0.0192949821456801,0.0225611887153724,58.46994534400847,-0.6397336682986108,-0.7321803495033847,0.0924466812047739,-117974819.0,58.36781917812774,0.7385714285714278,0.5861429530748279,0.3492957746380475,0.2003231017738232,0.0131790421086468,0.0003215434083601,0.0225611887153724,58.46994534400847,-0.4001988918880522,0.0,0.0,0.0,0.5,-1.1385101397853794,-0.7211151951581474,-1.1780475495065856,-0.907129825570552,-0.6358812724490585,-1.2842383274848963,-1.49736643999976,-1.6697135801049618,-1.825126956779703,0.3101536949015865,0.3147127552004107,0.1390302266635351,-0.6239560183136352,-1.6697135801049618,-1.0967789800330814,-1.8956325884909004,0.0588923179107168,0.0203158083709949,0.1398708757741302,0.7875058724084856,0.2945429316721069,-0.2508075256234628,-0.0899783008142242,0.0722210292493235,0.3472020646850416,0.9930036861472524,0.1440872788073876,0.0933474041576452,0.2303834366050016,0.4311154702255113,0.5541950484510031,-0.289665988895133,-0.7812356378991461,-0.1466296535766106,-0.3200517221437049,0.1398708757741302,0.3472020646850416,0.9930036861472524,-0.8114908249718585,0.0,0.0,0.0,0.0,其他,0,0,0.5,1.0,0,0.5748987854251012,0.018322082931533368,0.04885888781742209,0.47058823529411764,0.513184584178499,0.1724137931034483,0.4787018255578093,0.2129817444219067,0.4381338742393509,0.5,0.5,0.5,0.5,0.5748987854251012,0.6518218623481782,0.6963562753036437
2026-04-14,31.48,31.48,30.8,31.05,561119.0,31.072000000000003,31.011000000000003,31.319,33.508,-0.0007080329557158,0.0012576182644867,-0.008589035409815,-0.0733556165691775,31.319,33.11354025779366,29.524459742206336,0.4250504415060518,0.1145975451188053,-0.0019286403085824,0.0140431090790333,-0.0136594663278272,-0.0709156193895871,0.0149186935930995,0.018851744377725,0.0223128717482949,52.38095236968767,-0.6009355923274029,-0.7059313980681884,0.1049958057407854,-118535938.0,57.24455939128373,0.7228571428571422,0.7843427507888067,0.3342776203871311,0.1906300484621868,0.0338164251207728,-0.0019286403085824,0.0223128717482949,52.38095236968767,0.3290360018948366,0.0,0.0,0.0,0.5,-1.0696030032430623,-0.6998999516630101,-1.1780341514355326,-0.9104942996247531,-0.5930500358762124,-1.267777566556774,-1.4976470012242005,-1.683750782172021,-1.8333472744183748,0.1693619170312336,0.2997756112481333,0.1817510800635366,-0.6202897246118796,-1.683750782172021,-1.134203445437954,-1.857762233279922,0.0792717583032842,-0.0836908752008104,0.0698268150784926,0.4340442140326313,0.1127940310908199,-0.3897890046971746,-0.1838839644777249,0.0395001222495303,0.3254244343080093,0.6019140430594253,0.1705653682184677,0.1116722380947702,0.2677150809332437,0.400121271671096,0.4831923516541956,-0.3000018134983954,-0.3595366608396765,-0.1919749255917056,-0.357302913628392,0.0698268150784926,0.3254244343080093,0.6019140430594253,0.4446969050499976,0.0,0.0,0.0,0.0,其他,0,0,0.5,1.0,0,0.7955465587044535,-0.03703703703703709,0.07471819645732669,0.35294117647058826,0.35294117647058826,0.17647058823529413,0.4158215010141988,0.40162271805273836,0.35496957403651114,0.5,0.5,0.5,0.5,0.7955465587044535,0.33704453441295545,0.7854251012145749
2026-04-15,31.2,31.2,30.98,31.0,351700.0,31.008,30.983000000000004,31.208,33.429,-0.0002579979360164,0.0005486879901881,-0.006664957703153,-0.0726614616051931,31.208,32.76656344112136,29.649436558878644,0.4332718853286859,0.0998823020453961,-0.001610305958132,-0.0102171136653895,-0.0089514066496163,-0.0668272125225767,0.0098933709407028,0.0187675419545788,0.0223079708847152,46.42857141751699,-0.5676785744886814,-0.6782808333522871,0.1106022588636056,-118887638.0,50.88512522772892,0.6864285714285706,0.5038736089571163,0.3201133144385236,0.1825525040358228,0.0274193548387098,-0.001610305958132,0.0223079708847152,46.42857141751699,-0.3732167329924668,0.0,0.0,0.0,0.5,-1.0991537361259425,-0.7175344864480319,-1.1512804631822255,-0.9129132741863436,-0.6547435601050514,-1.2719868669514185,-1.4954727937637562,-1.6961010101691298,-1.844184210145032,0.1825502782672532,0.2805179563040639,0.2267115311813047,-0.6073408425781722,-1.6961010101691298,-1.1718623925148302,-1.8160070247566047,0.1064856809977313,-0.1943425040236205,0.0796265423513848,0.0550705486184787,0.1752172448786851,-0.3435157480531291,-0.50867765817365,0.0332393224182584,0.3244875287821029,0.220064714391309,0.1932249176468217,0.130983148383583,0.2841715619907474,0.380476735944023,0.0854333654231237,-0.3245614840517757,-0.953572478433412,-0.2347168275299917,-0.3882121851896301,0.0796265423513848,0.3244875287821029,0.220064714391309,-0.7653876702031749,0.0,0.0,0.0,0.0,其他,0,0,0.5,1.0,0,0.6902834008097166,-0.02548387096774196,0.05483870967741944,0.460446247464503,0.3691683569979716,0.17849898580121704,0.39148073022312374,0.09533468559837728,0.40365111561866124,0.5,0.5,0.5,0.5,0.6902834008097166,0.29554655870445345,0.7206477732793523
2026-04-16,31.0,31.45,30.95,31.3,640800.0,31.112,30.941000000000003,31.103,33.358,0.0060426844947287,0.0116027277722114,0.0063337941677652,-0.0616943461838238,31.103,32.27472118113305,29.93127881886695,0.5840643674935936,0.0753445764800362,0.0096774193548387,0.0168940870695255,-0.0132408575031525,-0.0628742514970058,0.0061507196261202,0.0184311218186513,0.022414775305361,54.20393558570923,-0.5112216109456611,-0.6448689888709619,0.1336473779253008,-118246838.0,58.7736604587061,0.6628571428571421,0.9130926846784458,0.521897810199931,0.231017770594006,0.0012779552715653,0.0096774193548387,0.022414775305361,54.20393558570923,0.8220073926642024,0.0,0.0,0.0,0.5,-1.1191856140774907,-0.6990360396142714,-1.151469033687001,-0.8825231067096291,-0.5667274627023012,-1.2532087531191751,-1.495623484613874,-1.7070842370248511,-1.852378312177148,0.3705019396750989,0.573522127568204,0.5322094808695402,-0.4231243598402009,-1.7070842370248511,-1.2264812376184773,-1.7375310815407097,0.6079839516024227,-0.3789734364217212,0.4307744170952327,0.4782704731853791,0.1178692396053216,-0.2987865838830086,-0.7498615202328955,0.008364580679445,0.3331226241590212,0.7175726182117741,0.2318744611056647,0.1543539773315251,0.3530826505008083,0.4145679664234245,0.5782878819363151,-0.3402667151931786,-0.0827811941618108,0.3794665707081985,-0.1978081703090508,0.4307744170952327,0.3331226241590212,0.7175726182117741,1.2934175109670305,0.0,0.0,0.0,0.0,其他,0,0,0.5,1.0,0,0.6497975708502024,-0.026837060702875393,0.051118210862619806,0.4766734279918864,0.3265720081135903,0.18052738336713997,0.47058823529411764,0.5760649087221096,0.43610547667342797,0.5,0.5,0.5,0.5,0.6497975708502024,0.37044534412955465,0.7307692307692307
2026-04-17,31.3,31.37,31.12,31.22,383319.0,31.136000000000003,30.951,31.033500000000004,33.2885,0.0026978417266185,0.0086911569900809,0.0060096347495446,-0.0621385763852381,31.033500000000004,31.970174408409065,30.096825591590942,0.5995543372732951,0.0603653734452152,-0.002555910543131,0.0038585209003214,0.0032133676092545,-0.0426249616681999,0.0050880458993861,0.0173777531424542,0.0218817827810537,51.020408150013246,-0.4675448262786688,-0.6094041563525033,0.1418593300738345,-118630157.0,64.99791048574234,0.6421428571428566,0.5650949608794701,0.7297297296902846,0.2180936995118236,0.0025624599615632,-0.002555910543131,0.0218817827810537,51.020408150013246,-0.4018117977528089,0.0,0.0,0.0,0.5,-1.0807968356052902,-0.703079316322071,-1.126205222558968,-0.8878999565138211,-0.6430478940799025,-1.2455265244041656,-1.4872856082634305,-1.7110196851483326,-1.859933658927932,0.2699009843038845,0.4951368015233428,0.5236046163372421,-0.4297417103805311,-1.7110196851483326,-1.2583422485157367,-1.6881158354529364,0.6583186341333344,-0.4913289281800094,0.0489638398177838,0.2737769361504283,0.3369957286916701,-0.0716526477452776,-0.8169666220231689,-0.0694964936693022,0.2868731246413174,0.5121968438824943,0.2616918012276265,0.1791715186966395,0.3772763060218174,0.3931412037243211,0.9657558668088204,-0.3539965230038234,-0.822279830083032,1.0105471377554782,-0.2481484132916998,0.0489638398177838,0.2868731246413174,0.5121968438824943,-0.8156833122774058,0.0,0.0,0.0,0.0,其他,0,0,0.5,1.0,0,0.6464646464646465,-0.01601537475976933,0.02818705957719425,0.4797570850202429,0.35020242914979755,0.18421052631578946,0.5263157894736842,0.14979757085020243,0.4777327935222672,0.5,0.5,0.5,0.5,0.6464646464646465,0.33131313131313134,0.6707070707070707
2026-04-20,31.25,31.58,31.17,31.52,493900.0,31.218,31.102,31.03,33.220166666666664,0.0096739060798256,0.013439650183268,0.0157911698356427,-0.0511787518625733,31.03,31.958405537524044,30.10159446247596,0.763893298843513,0.0598392225279439,0.0096092248558616,0.0131790421086468,0.0503165611462845,-0.00221589110478,0.0064037179465764,0.0119792272697934,0.0208842668176319,50.37593983636722,-0.4040653530919584,-0.5683363957003944,0.1642710426084359,-118136257.0,63.38378644118124,0.622857142857142,0.7505318229899797,0.8918918918436818,0.2665589660700068,0.0050761421319796,0.0096092248558616,0.0208842668176319,50.37593983636722,0.288482960667225,0.0,0.0,0.0,0.5,-1.0834642459906776,-0.6873405109139438,-1.1163947569765766,-0.8576156776301108,-0.6085851884295964,-1.2300012565566194,-1.4560573385337023,-1.7021613378668736,-1.8669638071077768,0.4783520171786625,0.6205187604235951,0.7530212618440906,-0.245549128471916,-1.7021613378668736,-1.255119905117417,-1.6777603589669603,1.2028960114267175,-0.494433113168671,0.4284093463440907,0.4192130216642188,0.9639680176930971,0.3814300694255664,-0.7299865023230244,-0.4687951400013516,0.2007363557314022,0.4699576596308322,0.3051834688536711,0.2079451014332059,0.4442584823558807,0.4193207116166133,0.862469325063742,-0.3667340123877955,-0.4262716010296494,1.4982400992818714,-0.0573974220964528,0.4284093463440907,0.2007363557314022,0.4699576596308322,0.3749598565027898,0.0,0.0,0.0,0.0,其他,0,0,0.5,1.0,0,0.6707070707070707,-0.026649746192893398,0.052982233502538056,0.5748987854251012,0.4716599190283401,0.1680161943319838,0.5101214574898786,0.3360323886639676,0.5526315789473685,0.5,0.5,0.5,0.5,0.6707070707070707,0.2868686868686869,0.8242424242424242
2026-04-21,31.53,32.42,31.42,32.1,1374900.0,31.428,31.25,31.1415,33.15933333333333,0.0213822069492173,0.0272000000000001,0.0307788642165598,-0.0319467620981521,31.1415,32.01747825015059,30.26552174984941,1.0471026248257398,0.0562579355617279,0.0184010152284264,0.0338164251207728,0.0483344219464403,0.0746568463341144,0.0087888472764164,0.0117178614071906,0.0168291229180459,57.19298244209296,-0.3034581834660166,-0.5153607532535188,0.2119025697875022,-116761357.0,66.2584579990316,0.6399999999999993,2.0591822055744995,0.999999999952153,0.3602584814158278,-0.0685358255451714,0.0184010152284264,0.0168291229180459,57.19298244209296,1.78376189512047,0.0,0.0,0.0,0.5,-1.0476529391208589,-0.6286418871289816,-1.081205408206663,-0.8011696541014561,-0.3422710638218563,-1.197147567006165,-1.4256863948903344,-1.6713220334727086,-1.871608319101371,0.8280197249640482,0.9849326294876064,1.1038483832207395,0.0772978800169703,-1.6713220334727086,-1.243520187690592,-1.6297787445950729,2.1310299409461,-0.5206217992036944,0.7020189029262387,0.7415246298787009,0.9350365142608624,1.241085993166445,-0.5739459247394744,-0.4873504266161632,-0.1484829473120867,0.9064138616316412,0.3743372813453099,0.2451383682956107,0.5872350075737259,0.4933101396400476,1.0396827613656832,-0.354322200428126,2.3446192678018405,1.81622135271488,0.3112558535489322,0.7020189029262387,-0.1484829473120867,0.9064138616316412,2.9199263372873627,0.0,0.0,0.0,0.0,其他,0,0,0.5,1.0,0,0.1474747474747474,0.0015576323987538387,0.006230529595015355,0.7955465587044535,0.5991902834008097,0.14979757085020243,0.6336032388663968,0.9412955465587044,0.680161943319838,0.5,0.5,0.5,0.5,0.14747474747474748,0.4262626262626263,0.6747474747474748
2026-04-22,32.09,32.18,31.53,31.85,911095.0,31.598000000000003,31.303000000000004,31.197,33.0935,0.0079751883030572,0.0174743634795386,0.0209314998237011,-0.0375753546769002,31.197,32.10590564619451,30.288094353805487,0.8592232057574525,0.0582687852159885,-0.0077881619937694,0.0274193548387098,0.0169220945083015,0.0361093038386468,0.0105147611259892,0.0104012654270823,0.0158970159256633,51.17967330823023,-0.2411197094460746,-0.46051254449203,0.2193928350459553,-117672452.0,57.19612068424851,0.6485714285714279,1.3541799816290676,0.8803827750774936,0.3198707592840085,-0.0514913657770801,-0.0077881619937694,0.0158970159256633,51.17967330823023,-0.3373372608917012,0.0,0.0,0.0,0.5,-0.9793993395270106,-0.6438617776920722,-1.0640592838869949,-0.8228846854800572,-0.4815707943499733,-1.1700101820982156,-1.4111212995580689,-1.6517209990524775,-1.8776096170519647,0.424582547021585,0.7239346290011156,0.8689538684186013,-0.0173493500650591,-1.6517209990524775,-1.2285457973746674,-1.616019489183962,1.5002577867073077,-0.5044756998177263,-0.1176449819641952,0.6398357284475636,0.5141790143920402,0.806192391611401,-0.4609229746709522,-0.5840518336420274,-0.2285743559177081,0.5183621146450013,0.4169352092816127,0.2836464414290562,0.6087831358061537,0.4429684466516849,0.4707183630286849,-0.3478444056500772,0.8476886833096228,1.4468003678054346,0.1516385403596244,-0.1176449819641952,-0.2285743559177081,0.5183621146450013,-0.7054686839269928,0.0,0.0,0.0,0.0,其他,0,0,0.5,1.0,0,0.1740890688259109,0.0897959183673469,-0.010989010989011061,0.691683569979716,0.5679513184584178,0.15010141987829614,0.5334685598377282,0.8661257606490872,0.6085192697768763,0.5,0.5,0.5,0.5,0.17408906882591094,0.8137651821862348,0.6194331983805668
2026-04-23,31.9,31.95,31.21,31.34,792998.0,31.606,31.359,31.193,33.014833333333335,-0.0084161235208505,-0.0006058866673044,0.0047125957746929,-0.0507297224984729,31.193,32.09847108995091,30.28752891004909,0.581173215563321,0.0580560439808936,-0.0160125588697017,0.0012779552715653,0.0181936322287199,-0.0025461489497136,0.0137293287066124,0.0101566381873628,0.0156281300492907,52.02952028176359,-0.2302149823997084,-0.4144530320735657,0.1842380496738573,-118465450.0,56.08132089331325,0.6435714285714279,1.174725618289798,0.6363636363331876,0.2462311557747697,-0.0280791320995532,-0.0160125588697017,0.0156281300492907,52.02952028176359,-0.1296209506143706,0.0,0.0,0.0,0.5,-0.9989931084041612,-0.6583677780829391,-1.1017353812152684,-0.8689484093535529,-0.5164026629925855,-1.1651700816073427,-1.39623510392494,-1.6438222299334009,-1.8872267915280685,-0.0682814961034924,0.2408963501439756,0.4846667297527688,-0.2385644650921631,-1.6438222299334009,-1.2250819651467693,-1.6079391464542472,0.5776248103887359,-0.5051941436127905,-0.3748700104673581,0.2286587567572265,0.5302590594299245,0.3711673730744827,-0.2512452161914164,-0.6011082657028933,-0.251429766208194,0.572074923984889,0.4238397813850252,0.3159048305424313,0.5014451737533753,0.3991050528495468,0.4001050157812711,-0.3507633341727088,0.4662266614663963,0.705875234097591,-0.1391730861128251,-0.3748700104673581,-0.251429766208194,0.572074923984889,-0.3495307259548597,0.0,0.0,0.0,0.0,其他,0,0,0.5,1.0,0,0.2787878787878788,0.05998723675813644,-0.03382259093809825,0.6497975708502024,0.5263157894736842,0.15182186234817813,0.5101214574898786,0.6740890688259109,0.5728744939271255,0.5,0.5,0.5,0.5,0.2787878787878788,0.7232323232323232,0.5474747474747474
2026-04-24,31.27,31.45,30.9,31.3,584641.0,31.622000000000003,31.379,31.2165,32.94033333333333,-0.0101827841376257,-0.0025176073169954,0.0026748674579151,-0.0497971079021664,31.2165,32.106568595819,30.326431404181,0.5469064970596333,0.0570255214912722,-0.0012763241863432,0.0025624599615632,0.0064308681672025,0.0152448913396043,0.0136738834038719,0.0097270953781979,0.0149993275725676,64.82758618603249,-0.2222387434613892,-0.3760101743511305,0.1537714308897412,-119050091.0,57.149330539987126,0.5857142857142852,0.8703620666657139,0.6172248803532424,0.2395309882706944,-0.0185303514376997,-0.0012763241863432,0.0149993275725676,64.82758618603249,-0.2627459337854572,0.0,0.0,0.0,0.5,-1.0697884825725326,-0.691315152435328,-1.1378964689206696,-0.8706704573373109,-0.5784333283543347,-1.1592834415870774,-1.3873603613078944,-1.6307908413931056,-1.8953965808637163,-0.1213182843253933,0.1895239826983776,0.4357086583203774,-0.2224582020252986,-1.6307908413931056,-1.2198149373507512,-1.5906660308816998,0.4631542021184478,-0.5121140466109538,0.0874661169633253,0.2485152842964095,0.3721009995939388,0.5702871819626357,-0.2544930335247015,-0.631851636989294,-0.3053644351760589,1.391923361047234,0.4287078737610444,0.3427385202646463,0.4084209048792436,0.3666317686717355,0.4664281377850048,-0.3902973096344068,-0.179846677591963,0.646546007969535,-0.1654253613177055,0.0874661169633253,-0.3053644351760589,1.391923361047234,-0.5765515555144096,0.0,0.0,0.0,0.0,其他,0,0,0.5,1.0,0,0.241869918699187,0.06453674121405739,-0.03578274760383393,0.6456211812627292,0.5865580448065173,0.12830957230142567,0.7006109979633401,0.4215885947046843,0.5784114052953157,0.5,0.5,0.5,0.5,0.241869918699187,0.6910569105691057,0.5934959349593496
2026-04-27,31.3,31.75,31.01,31.68,636164.0,31.654000000000003,31.436,31.245,32.873000000000005,0.0008213811840525,0.0077618017559486,0.013922227556409,-0.0362911812125453,31.245,32.15694413494644,30.33305586505356,0.7385014516002679,0.0583737644386954,0.0121405750798722,0.0050761421319796,0.0183220829315333,0.0183220829315333,0.0141306863417519,0.0103746840767204,0.0151027572139546,62.86407764854132,-0.1831435278435016,-0.3374368450496047,0.1542933172061031,-118413927.0,60.09093926558169,0.583571428571428,0.9431850799306374,0.7990430621627244,0.3031825795594103,-0.0315656565656565,0.0121405750798722,0.0151027572139546,62.86407764854132,0.0881275859886665,0.0,0.0,0.0,0.5,-1.0632375591059524,-0.6694161531467295,-1.1204401737437977,-0.8329106583349434,-0.5618379613612181,-1.1512678166888817,-1.372586290683467,-1.6170036443375098,-1.901283225443108,0.2102201421014748,0.4639039576358534,0.7007373982491794,0.0057612751162627,-1.6170036443375098,-1.2095910138555723,-1.5812456393089662,1.0960596091312478,-0.5009765656604641,0.5082237597402229,0.2877021665523635,0.5306544799703143,0.603783311243492,-0.2243542500955637,-0.5825579416799135,-0.2959505216315188,1.26089416239301,0.4551925331270702,0.3696492839587069,0.4093676761614584,0.4007815871204409,0.6501904512878738,-0.3911631970041464,-0.0249556921399149,1.1942446810474867,0.0867854335959569,0.5082237597402229,-0.2959505216315188,1.26089416239301,0.025024539065474,0.0,0.0,0.0,0.0,其他,0,0,0.5,1.0,0,0.1336032388663967,0.029987373737373924,-0.032196969696969724,0.6734279918864098,0.6267748478701826,0.12981744421906694,0.6957403651115619,0.4766734279918864,0.6430020283975659,0.5,0.5,0.5,0.5,0.13360323886639677,0.6639676113360324,0.597165991902834
2026-04-28,31.4,31.58,29.74,29.9,2065452.0,31.214,31.321,31.166000000000004,32.77433333333333,-0.042096495162427,-0.0453689218096484,-0.0406211897580698,-0.0877007414338455,31.166000000000004,32.24978284870999,30.082217151290013,-0.0840653418249323,0.0695490501640577,-0.0561868686868687,-0.0685358255451714,-0.037037037037037,-0.0501905972045744,0.0258236185444551,0.0211607801882336,0.0195421756775679,36.34615383636833,-0.2924205694209689,-0.3284335899238776,0.0360130205029086,-120479379.0,45.70333572440586,0.666428571428571,2.808582018619884,0.0,0.0050251256280561,0.0752508361204014,-0.0561868686868687,0.0195421756775679,36.34615383636833,2.246728830930389,0.0,0.0,0.0,0.5,-1.0485753831444553,-0.6797761535186666,-1.27833103886061,-0.998356018890298,-0.1282746527565528,-1.2075794820945915,-1.3858337624948274,-1.6238801922024906,-1.9160912929619864,-1.0824827174490304,-0.9572772849191749,-0.5914423280678304,-0.8619818652158049,-1.6238801922024906,-1.1944301226020304,-1.6324636093817106,-1.626616936883056,-0.4151913912782749,-1.6329867168663772,-0.8715640287345809,-0.2122580263418462,-0.1683242153516525,0.5390149107383392,0.221052464028461,0.0890283180035679,-0.4452760190029913,0.3784583463377827,0.375498734492431,0.0498269448645555,0.2873514490511648,-0.2552134940922703,-0.3330091610192373,3.858300630842991,-1.224943268258542,-1.0933303926587312,-1.6329867168663772,0.0890283180035679,-0.4452760190029913,3.658704334542581,0.0,0.0,0.0,0.0,其他,0,0,0.5,1.0,0,0.7616161616161616,0.11605351170568556,0.00234113712374584,0.1437246963562753,0.32793522267206476,0.31376518218623484,0.291497975708502,0.9696356275303644,0.21862348178137653,0.5,0.5,0.5,0.5,0.7616161616161616,0.8626262626262626,0.7313131313131314
2026-04-29,29.74,30.33,29.7,30.21,832567.0,30.886000000000003,31.242,31.1125,32.6805,-0.0218869390662436,-0.033032456308815,-0.0290076335877862,-0.07559553862395,31.1125,32.27534361079121,29.94965638920879,0.1119426586533315,0.0747508950285237,0.0103678929765886,-0.0514913657770801,-0.0254838709677419,-0.0342071611253197,0.028063985927647,0.0216175064755161,0.0197204245346608,44.26559354889902,-0.3499747123159089,-0.3327418144022839,-0.017232897913625,-119646812.0,45.034846393045086,0.6671428571428566,1.125964304056222,0.1409090909026868,0.0569514237846406,0.1489572989076464,0.0103678929765886,0.0197204245346608,44.26559354889902,-0.5969080859782749,0.0,0.0,0.0,0.5,-1.2389442878367738,-0.7641421222155703,-1.2789442794966563,-0.9665899310797896,-0.5017686144722387,-1.2482150162347976,-1.3931268826387102,-1.6258182034281494,-1.9291473953763687,-0.4716391875132249,-0.6254885138118159,-0.3153330402408987,-0.6555382426545815,-1.6258182034281494,-1.1873632583264246,-1.6551998388034816,-0.9746899568068064,-0.3749342532427914,0.4550824301450144,-0.6014726417589609,-0.0568717771704632,0.0120888826691662,0.6842439698307081,0.2547688368292813,0.1043647965280308,0.0649582381290536,0.3378019366909237,0.3718619133410287,-0.1120619009052135,0.3324735938452594,-0.2969092344806717,-0.3320052557158206,0.3456711415386468,-0.7960475333388018,-0.8847174019121556,0.4550824301450144,0.1043647965280308,0.0649582381290536,-1.1380796892912317,0.0,0.0,0.0,0.0,其他,0,0,0.5,1.0,0,0.9222903885480572,0.08242303872889778,-0.001324064879179021,0.17008196721311475,0.29098360655737704,0.3094262295081967,0.29713114754098363,0.5573770491803278,0.23975409836065573,0.5,0.5,0.5,0.5,0.9222903885480572,0.8548057259713702,0.7177914110429447
2026-04-30,30.21,30.7,30.21,30.46,615890.0,30.71,31.158,31.0495,32.590833333333336,-0.0081406707912732,-0.0224019513447588,-0.0189858129760543,-0.0653813700171316,31.0495,32.21028875180449,29.88871124819551,0.2460778289295935,0.0747702057553746,0.0082754054948692,-0.0280791320995532,-0.0268370607028753,-0.0397225725094576,0.02889465826289,0.0215351352506047,0.0195205495298579,43.46938774268222,-0.3711356537599108,-0.3404205822738093,-0.0307150714861015,-119030922.0,44.51391633730903,0.6542857142857138,0.8266395670158344,0.254545454533885,0.1096654275072552,0.0906106369008534,0.0082754054948692,0.0195205495298579,43.46938774268222,-0.2602517274885985,0.0,0.0,0.0,0.5,-1.1801436168412756,-0.7371709987204864,-1.209877389413934,-0.9406239273527812,-0.5666300801731795,-1.2678653267594095,-1.4011584272800268,-1.6295309566533511,-1.94068547361032,-0.0561681509998939,-0.33985184437027,-0.0770762210619092,-0.4815044621267837,-1.6295309566533511,-1.1910824156545197,-1.6608543105066151,-0.529402779285197,-0.3741925538246374,0.388747154116265,-0.2313454639588304,-0.0749850647021157,-0.0501895764426968,0.7371034280063774,0.2482555238588036,0.0868557142239758,0.0135621414577758,0.3225488436059804,0.3658255857580348,-0.1529382278326297,0.3657063194630364,-0.3292883555446892,-0.3404515959473541,-0.2794547638712131,-0.4507007572858126,-0.6738566303101206,0.388747154116265,0.0868557142239758,0.0135621414577758,-0.569004934216009,0.0,0.0,0.0,0.0,其他,0,0,0.5,1.0,0,0.8597560975609756,0.08010505581089955,-0.047603414313854175,0.2729124236252546,0.3054989816700611,0.28716904276985744,0.3258655804480652,0.3034623217922607,0.3136456211812627,0.5,0.5,0.5,0.5,0.8597560975609756,0.8252032520325203,0.6056910569105691
2026-05-06,30.51,30.98,30.5,30.72,716564.0,30.594,31.108000000000004,31.0295,32.52316666666666,0.004118454598941,-0.0124726758390126,-0.0099743792197748,-0.0554425307088791,31.0295,32.19892586002932,29.86007413997069,0.3676701060685396,0.0753751017596511,0.0085357846355875,-0.0185303514376997,-0.0160153747597693,-0.012853470437018,0.0295647272028643,0.0218158921014085,0.0192195214192177,46.21359222044679,-0.3627445320563858,-0.3448853722303246,-0.0178591598260611,-118314358.0,49.8119079726333,0.6657142857142849,0.9559349990241396,0.3727272727103302,0.157992565052825,0.0846354166666667,0.0085357846355875,0.0192195214192177,46.21359222044679,0.1634610076474696,0.0,0.0,0.0,0.5,-1.1415407869609282,-0.7164568190851609,-1.1692114513607546,-0.9138432762144992,-0.5350964374127946,-1.2792103134650166,-1.4036274355789375,-1.6250671013284632,-1.945650391117007,0.3143234436043777,-0.073116855536911,0.1371667592809305,-0.3123279692522933,-1.6250671013284632,-1.1884320316407389,-1.6588932413248825,-0.1260276781699943,-0.3689872113079452,0.3963301594729175,-0.0802206005178698,0.0707901693268567,0.2536002013299736,0.7793238310055545,0.2688717692890279,0.0605485040167073,0.1906139782516474,0.3279382729031646,0.362090766440675,-0.1135608372825848,0.4044336796533126,0.0055036788340941,-0.3319678623729615,-0.0088850769747453,-0.0917981151998788,-0.4808641949596067,0.3963301594729175,0.0605485040167073,0.1906139782516474,0.1464144644757101,0.0,0.0,0.0,0.0,其他,0,0,0.5,1.0,0,0.8707070707070707,0.044921875,-0.09016927083333337,0.242914979757085,0.3643724696356275,0.2793522267206478,0.35020242914979755,0.2793522267206478,0.3299595141700405,0.5,0.5,0.5,0.5,0.8707070707070707,0.8141414141414142,0.5131313131313131
2026-05-07,30.96,30.99,30.55,30.68,893500.0,30.394,31.024,31.063,32.45783333333333,0.009409751924722,-0.0110881897885508,-0.0123297814119691,-0.0547736293755487,31.063,32.14454081121141,29.98145918878859,0.3229377957530313,0.0696353096100135,-0.0013020833333332,-0.0315656565656565,-0.0266497461928933,0.0223258913695434,0.028389069918542,0.021474644532688,0.0173523435141047,46.3937621705748,-0.3552273337752041,-0.3469537645393006,-0.0082735692359035,-119207858.0,51.24409441830228,0.6485714285714277,1.1822615253793576,0.3545454545293389,0.1505576208150452,0.0635593220338983,-0.0013020833333332,0.0173523435141047,46.3937621705748,0.2469228149893101,0.0,0.0,0.0,0.5,-1.0857594015559535,-0.7143451885366031,-1.1592428132029575,-0.9154013323708728,-0.4804437026934068,-1.3018524447302393,-1.4115552347739226,-1.6105839511636229,-1.9498164155942472,0.4738552526122666,-0.0358400302370464,0.0809278767856348,-0.3004518474301636,-1.6105839511636229,-1.190895705031692,-1.6220667368414516,-0.2741545987373094,-0.4122383662499548,0.086434135310687,-0.2862403286885908,-0.0726520365056627,0.6510717208304727,0.7008640972531051,0.2429590275117785,-0.1021852922290767,0.2019850769963446,0.3327156181768123,0.3600738943778248,-0.0841637328506861,0.3547891706865902,0.0960011166951779,-0.3434296556645492,0.4645928337085299,-0.146862838547854,-0.5094479581039825,0.086434135310687,-0.1021852922290767,0.2019850769963446,0.287148103526756,0.0,0.0,0.0,0.0,其他,0,0,0.5,1.0,0,0.9151515151515152,0.08181225554106897,-0.10821382007822689,0.13562753036437247,0.39271255060728744,0.2591093117408907,0.37449392712550605,0.6376518218623481,0.31376518218623484,0.5,0.5,0.5,0.5,0.9151515151515152,0.9292929292929293,0.494949494949495
2026-05-08,30.67,33.15,30.55,32.15,2830315.0,30.844,31.029000000000003,31.1395,32.406166666666664,0.0423421086759174,0.0361274936349864,0.0324507458372806,-0.0079048740723215,31.1395,32.302481196390524,29.97651880360948,0.9344438255075764,0.0746949177980886,0.0479139504563232,0.0752508361204014,0.0015576323987538,0.0499673416067929,0.0190870136636881,0.0261770528391921,0.019863348863842,58.778625941635084,-0.2280246589534975,-0.32316794342214,0.0951432844686424,-116377543.0,62.7917801456829,0.8185714285714276,3.2820927726967697,0.9999999999555556,0.4461839530245364,0.0379471228615861,0.0479139504563232,0.019863348863842,58.778625941635084,2.1676720761052044,0.0,0.0,0.0,0.5,-1.1163775290672928,-0.5644383658267508,-1.155682799307978,-0.7748481336119364,0.1097375514375475,-1.2362356920796358,-1.4050871743426452,-1.58821848192327,-1.949996716462946,1.4664280021784677,1.2313074977631744,1.1457850256692463,0.4961115827923069,-1.58821848192327,-1.168267598527113,-1.6151070870130082,1.7490805492687709,-0.3728919851554963,1.6303060223114552,1.4018653109877612,0.3081456098357709,0.9620658535933898,0.0905862837221744,0.5946115551666734,0.1169923359323687,1.0016279449913237,0.4212378633856121,0.3765665211459653,0.2318868605788358,0.5097177438088176,0.8258416980334562,-0.2241159241647339,4.710569529424161,1.8072197789783064,0.6667415941049515,1.6303060223114552,0.1169923359323687,1.0016279449913237,3.4776559763225934,0.0,0.0,0.0,0.0,其他,0,0,0.5,1.0,0,0.9050505050505052,0.004665629860031162,-0.13654743390357693,0.7591093117408907,0.5323886639676113,0.39271255060728744,0.5546558704453441,0.9939271255060729,0.6214574898785425,0.5,0.5,0.5,0.5,0.9050505050505051,0.8141414141414142,0.3797979797979798
2026-05-11,32.63,35.2,32.63,34.71,5896983.0,31.744,31.315,31.309000000000005,32.402,0.0934349798387097,0.1084144978444836,0.1086269123894085,0.0712301709771001,31.309000000000005,33.286014229376704,29.331985770623305,1.3601354379063393,0.1262904742642936,0.0796267496111975,0.1489572989076464,0.0897959183673469,0.1082375478927202,0.0342292047440103,0.0359029033131328,0.0260107318447628,69.35300793449554,0.0784506521911545,-0.2428442242994811,0.3212948764906356,-110480560.0,73.83249389491974,1.000714285714285,5.274769360111922,0.99999999997921,0.9471624265959466,-0.0579083837510803,0.0796267496111975,0.0260107318447628,69.35300793449554,1.083507666107836,0.0,0.0,0.0,0.5,-0.885096248172333,-0.4223152986775156,-0.8886146058967284,-0.5318952671868719,1.04279156166079,-1.11013301724753,-1.353529002112496,-1.5486907093733222,-1.93676466540523,2.973954308379809,3.129937595593154,2.9233715615871545,1.8317691414620456,-1.5486907093733222,-1.0482632185782157,-1.756281871723076,3.113350291166068,0.0228009747939201,2.601036074908394,2.543404449981833,1.4956828650284797,1.615040545006836,1.082005686482323,1.3199129822480535,0.6534264989962655,1.6779521996389724,0.6351518426151878,0.433558045622804,0.9223471574417976,0.8327354490172781,1.51889248743256,-0.09632536985095,7.950269314076619,1.796648922135511,2.6312614491552857,2.601036074908394,0.6534264989962655,1.6779521996389724,1.660931301214274,0.0,0.0,0.0,0.0,其他,0,0,0.5,1.0,0,0.3717171717171717,-0.09248055315471049,-0.2451743013540767,0.9230769230769231,0.7793522267206477,0.6376518218623481,0.8299595141700404,1.0,0.8704453441295547,0.5,0.5,0.5,0.5,0.3717171717171717,0.30505050505050507,0.08888888888888889
2026-05-12,33.88,34.56,33.21,33.22,3540160.0,32.296,31.503000000000004,31.431,32.374,0.0286103542234332,0.054502745770244,0.0569183290382107,0.0261320812998084,31.431,33.56543841991778,29.296561580082223,0.9190797877356895,0.1358174044676268,-0.0429271103428406,0.0906106369008534,0.0599872367581364,0.079272254710851,0.0470804438459233,0.0388883496000071,0.027765936802934,59.78473580394338,0.1988122133194139,-0.1545129367757021,0.353325150095116,-114020720.0,61.15943972027187,1.0899999999999994,2.804290703558797,0.6902286902143401,0.6555772994000867,-0.0096327513546056,-0.0429271103428406,0.027765936802934,59.78473580394338,-0.3996658969510341,0.0,0.0,0.0,0.5,-0.737386601216402,-0.4657891503169977,-0.8129382660688973,-0.671639057699101,0.3231332057607128,-1.0320104177322402,-1.3182168943307553,-1.5185946042111944,-1.9305126213116544,1.0288806798970809,1.6879118429892856,1.6939731830021525,1.0627978923211272,-1.5185946042111944,-1.0122123353022587,-1.7546371756796677,1.6602653151251492,0.095838335804515,-1.2210447288909554,1.618436573946002,1.0897612618991086,1.282457273324817,1.9139530354212675,1.5368470777473888,0.8052463043602303,1.0565624844672168,0.718262592982682,0.4962325244232778,1.0177589484427965,0.6364580679340003,0.7154756855386616,-0.0336176207561057,3.3215945617157456,0.8575178799074569,1.472225154305917,-1.2210447288909554,0.8052463043602303,1.0565624844672168,-0.8055896937537399,0.0,0.0,0.0,0.0,其他,0,0,0.5,1.0,0,0.6444444444444445,-0.08850090307043945,-0.19385912101143887,0.8582995951417004,0.7024291497975709,0.680161943319838,0.6680161943319838,0.9777327935222672,0.7874493927125507,0.5,0.5,0.5,0.5,0.6444444444444445,0.3111111111111111,0.16767676767676767
2026-05-13,33.0,33.64,32.92,33.32,1851499.0,32.815999999999995,31.705,31.542,32.349,0.0153583617747441,0.0509383378016086,0.0563692853972481,0.0300163838140283,31.542,33.82938048292895,29.254619517071053,0.8886541861270145,0.1450371240201442,0.0030102347983143,0.0846354166666667,0.0645367412140573,0.0713826366559484,0.0474325074145008,0.038816461845611,0.0277280522264214,58.98203591990272,0.2988241234533042,-0.0638455247299008,0.362669648183205,-112169221.0,55.44440075023434,1.1121428571428569,1.4028757490879409,0.711018711003929,0.6751467710239701,-0.0366146458583432,0.0030102347983143,0.0277280522264214,58.98203591990272,-0.477001321974148,0.0,0.0,0.0,0.5,-0.8385221898484232,-0.5285312085779653,-0.8480052826713089,-0.6609292057767581,-0.1925126093056612,-0.9586531450154652,-1.280986664219677,-1.4909417020456033,-1.9235488507070395,0.6306965410518783,1.5858936288902292,1.6722726077996262,1.1247718073046469,-1.4909417020456033,-0.9781977230020082,-1.7545174556868313,1.5535415933452783,0.1665115147418604,0.2118781731477206,1.5180466418243534,1.1476356741838556,1.1892626592555506,1.9249092537448445,1.5246361054801036,0.8001205191452334,1.0019788612940708,0.7868865918338924,0.5604981044273909,1.043534849994351,0.7370942532822093,0.3530533185709392,-0.0180320010920453,0.7625740731647976,0.9181059225533073,1.541307046861526,0.2118781731477206,0.8001205191452334,1.0019788612940708,-0.9320668969355572,0.0,0.0,0.0,0.0,其他,0,0,0.5,1.0,0,0.5737373737373738,-0.09423769507803126,-0.21788715486194488,0.8704453441295547,0.6862348178137652,0.6740890688259109,0.6437246963562753,0.791497975708502,0.7408906882591093,0.5,0.5,0.5,0.5,0.5737373737373738,0.4262626262626263,0.15757575757575756
2026-05-14,33.5,33.5,32.4,32.63,1744569.0,33.206,31.8,31.618,32.3125,-0.0173462627236041,0.0261006289308176,0.0320070845720792,0.009825918762089,31.618,33.945597360731504,29.290402639268496,0.7173915508329622,0.1472324220838853,-0.0207082833133253,0.0635593220338983,0.0299873737373739,0.048858887817422,0.0500531199941899,0.0397076741607767,0.0282611040610329,52.61599209539364,0.3187328949433556,0.0126701592047505,0.3060627357386051,-113913790.0,48.846991691157655,1.119285714285714,1.2587924836934374,0.5675675675557684,0.5401174168191766,0.0171621207477778,-0.0207082833133253,0.0282611040610329,52.61599209539364,-0.0577532042955464,0.0,0.0,0.0,0.5,-0.7783493092166929,-0.5373218911132384,-0.9121444997957718,-0.7248888454936169,-0.2249153400643923,-0.90329202862541,-1.2612542236997049,-1.470176845064769,-1.9199301330262544,-0.349380020921698,0.9262735343678544,1.096932905559352,0.7803563577720086,-1.470176845064769,-0.961839724339341,-1.7365789726407328,0.9924249966151202,0.1831593227516634,-0.5281687415631988,1.1842794773640133,0.6798716451681195,0.9322780814826956,2.080985826304132,1.583766578555904,0.8448409185895591,0.5895710166107635,0.7991799379060034,0.6144915193928485,0.8681606307683811,0.6396414910714188,-0.0651143880198878,-0.0129879753326892,0.4986422417437938,0.4830913215985868,1.0069227386218955,-0.5281687415631988,0.8448409185895591,0.5895710166107635,-0.2336040845024583,0.0,0.0,0.0,0.0,其他,0,0,0.5,1.0,0,0.8848484848484849,-0.06037388905914809,-0.2145265093472266,0.9149797570850202,0.6963562753036437,0.6761133603238867,0.6012145748987854,0.7165991902834008,0.7489878542510121,0.5,0.5,0.5,0.5,0.8848484848484849,0.5252525252525253,0.13737373737373737
2026-05-15,32.7,34.34,32.3,33.37,2545091.0,33.45,32.147000000000006,31.734,32.2865,-0.002391629297459,0.0380439854418761,0.0515535387912018,0.033558917813947,31.734,34.171076764875245,29.296923235124755,0.8356480237913597,0.153594048330974,0.0226785167024208,0.0379471228615861,0.1160535117056855,0.0747181964573266,0.0468719516760125,0.0339088425052825,0.028579939437274,57.15630884368936,0.3897299906128388,0.0880821254863681,0.3016478651264707,-111368699.0,55.748232944223325,1.2185714285714286,1.713744415505607,0.7214137213987226,0.6849315068359112,-0.0320647287983218,0.0226785167024208,0.028579939437274,57.15630884368936,0.4588651982237446,0.0,0.0,0.0,0.5,-0.8700838850498287,-0.4783603321082209,-0.9226802483822696,-0.6534975390070679,0.0202385841248262,-0.8680008555941597,-1.2012741458298273,-1.4421870934023306,-1.913466021619508,0.0993961101646129,1.2382268721766438,1.5485245668185288,1.178839559386294,-1.4421870934023306,-0.9326421760209296,-1.7256258114666407,1.37258591037454,0.2318833008158146,0.8266283817791776,0.7818087033126784,1.831928261427077,1.220446564088398,1.863455838772104,1.1477480989301438,0.8706925272719391,0.8810944485706662,0.8472333746490085,0.6675828807821802,0.8527199010938877,0.7785855593707106,0.3724229006636753,0.0568993256975812,1.325183478781707,0.9467893889050932,1.5682910732877735,0.8266283817791776,0.8706925272719391,0.8810944485706662,0.6266100763660235,0.0,0.0,0.0,0.0,其他,0,0,0.5,1.0,0,0.4412955465587044,-0.10188792328438712,-0.2148636499850164,0.9046653144016227,0.7849898580121704,0.6835699797160243,0.7302231237322515,0.949290060851927,0.845841784989858,0.5,0.5,0.5,0.5,0.44129554655870445,0.242914979757085,0.08097165991902834
2026-05-18,33.0,33.1,32.43,32.7,1539631.0,33.048,32.396,31.81900000000001,32.24916666666667,-0.0105301379811183,0.0093838745524139,0.0276878594550424,0.0139796893976589,31.81900000000001,34.26684674442879,29.371153255571222,0.679954076360607,0.1538606960885691,-0.0200779142942761,-0.0579083837510803,0.0824230387288977,0.0548387096774194,0.0251231926997027,0.0353621628196678,0.0290647389875805,56.30797772923646,0.3874658349053064,0.1479588673701558,0.2395069675351505,-112908330.0,54.099043057563975,1.2328571428571429,0.9968462971783978,0.5821205821084804,0.5538160469558948,-0.0366972477064221,-0.0200779142942761,0.0290647389875805,56.30797772923646,-0.3950585656858635,0.0,0.0,0.0,0.5,-0.8330989503552866,-0.5633999958080897,-0.9039650977929368,-0.7156860624781989,-0.2877071064008631,-0.9206417733541232,-1.157465376756106,-1.4203038614390822,-1.910262827295736,-0.145030077178196,0.4793661110124538,0.9867418665878612,0.8445127182233277,-1.4203038614390822,-0.9189405565101576,-1.6994019033912788,0.863489781774825,0.233607557369597,-0.5099869725764242,-0.7176046189864729,1.3737154841779908,0.993160265199291,0.4557238319119439,1.2518007634117787,0.9109260031729663,0.8243590434640812,0.8437683724266873,0.7093820723146385,0.6610207757801884,0.6921813786791051,0.2672246178650678,0.0668898024204876,0.0162004429357127,0.5237652845471433,1.050225920746534,-0.5099869725764242,0.9109260031729663,0.8243590434640812,-0.79655842072288,0.0,0.0,0.0,0.0,其他,0,0,0.5,1.0,0,0.3777777777777777,-0.07737003058103975,-0.18593272171253827,0.37044534412955465,0.7206477732793523,0.6983805668016194,0.7044534412955465,0.6396761133603239,0.7692307692307693,0.5,0.5,0.5,0.5,0.37777777777777777,0.26666666666666666,0.12121212121212122
2026-05-19,32.6,33.22,32.53,32.9,1087600.0,32.983999999999995,32.64,31.899,32.2145,-0.0025466893039047,0.0079656862745096,0.0313802940531049,0.0212792376103927,31.899,34.379788499438725,29.41821150056128,0.7017503709317215,0.1555402049864225,0.0061162079510701,-0.0096327513546056,0.0801050558108995,0.0511182108626198,0.0185513324689543,0.0353702947339942,0.0290330209735901,57.312614252263465,0.397230774622713,0.1978132488206673,0.1994175258020457,-111820730.0,57.09585920375782,1.2428571428571429,0.6941351262051392,0.6237006236876567,0.6035856573584939,-0.0796352583586625,0.0061162079510701,0.0290330209735901,57.312614252263465,-0.2935969722615353,0.0,0.0,0.0,0.5,-0.8779828334309253,-0.5541356231893666,-0.8891455355873912,-0.6953600766787252,-0.4258495052580855,-0.9271262674422824,-1.114768369032853,-1.3995976740612364,-1.906383310422309,0.0951118625008858,0.4411200540984309,1.0701263729175727,0.9655381285945378,-1.3995976740612364,-0.9032746488886854,-1.67977160305066,0.9321282635985844,0.2462385655446639,0.3097316969460215,0.0386922487897538,1.3375693269002122,0.9486693014678153,0.0300828449338169,1.248159352906928,0.9058953293638928,0.8872562164735411,0.8487555768517149,0.7438650067854005,0.53715900527776,0.7508054317398005,0.4571897035491674,0.0738564589801984,-0.5363276093018795,0.6486439268120683,1.2407405566712149,0.3097316969460215,0.9058953293638928,0.8872562164735411,-0.6260515153986296,0.0,0.0,0.0,0.0,其他,0,0,0.5,1.0,0,0.1845841784989858,-0.11823708206686923,-0.20151975683890577,0.6443089430894309,0.7296747967479674,0.6951219512195121,0.6666666666666666,0.34552845528455284,0.7682926829268293,0.5,0.5,0.5,0.5,0.1845841784989858,0.16024340770791076,0.09330628803245436
2026-05-20,32.89,32.89,31.95,32.1,1178100.0,32.739999999999995,32.778,31.942999999999994,32.1685,-0.01954795357361,-0.020684605528098,0.0049150048523936,-0.0021294123132878,31.942999999999994,34.404220065440384,29.481779934559608,0.5318947505246191,0.1541007460434326,-0.0243161094224922,-0.0366146458583432,0.044921875,0.0281870595771942,0.020683954104304,0.036839697742599,0.0296491206501315,51.848591542906,0.3365368581662835,0.2255579706897906,0.1109788874764929,-112998830.0,53.70837531279711,1.2578571428571428,0.7332963832292422,0.4573804573709488,0.4442231075608722,-0.0598130841121495,-0.0243161094224922,0.0296491206501315,51.848591542906,0.0832107392423684,0.0,0.0,0.0,0.5,-0.8421195779379941,-0.5760759984931972,-0.9607979113477948,-0.7698071192571125,-0.3974413143976855,-0.958047557573756,-1.0893529908539357,-1.3858212324981067,-1.905682058783828,-0.4165797346898601,-0.3178246807445326,0.4494712116391964,0.5671175932612058,-1.3858212324981067,-0.8981672178413801,-1.6566902362630946,0.3780950424578813,0.234760799857739,-0.6430709787280611,-0.3840200432209856,0.8628122986031804,0.6881902313765552,0.1681499638116918,1.352451590942329,0.9574507615844238,0.5326238050666791,0.8043054729689336,0.7623443334664712,0.2652710743142176,0.6843299433610514,0.2410595842172428,0.084356084158643,-0.4638950378038374,0.1435305068486428,0.6145153359542358,-0.6430709787280611,0.9574507615844238,0.5326238050666791,0.0034798431273468,0.0,0.0,0.0,0.0,其他,0,0,0.5,1.0,0,0.3866396761133603,-0.12928348909657328,-0.14018691588785048,0.5720081135902637,0.6713995943204868,0.6896551724137931,0.6450304259634888,0.3793103448275862,0.7139959432048681,0.5,0.5,0.5,0.5,0.3866396761133603,0.12955465587044535,0.3481781376518219
2026-05-21,32.2,34.98,32.2,33.19,5216842.0,32.852,33.029,32.0265,32.150666666666666,0.0102885669061245,0.0048745042235609,0.0363292898068785,0.0323269605606932,32.0265,34.54005294773209,29.512947052267904,0.7314452935985786,0.1569670708771952,0.0339563862928347,0.0171621207477778,0.0818122555410689,0.052982233502538,0.0256503342041343,0.0378429653069983,0.0304747968327545,65.4170571610512,0.3721010334990922,0.2548665832516509,0.1172344502474412,-107781988.0,65.08127628834461,1.3249999999999995,2.831042811770299,0.6839916839774632,0.6613545816601318,-0.0762277794516419,0.0339563862928347,0.0304747968327545,65.4170571610512,3.428182667006197,0.0,0.0,0.0,0.5,-0.9208760730271665,-0.4300875945336085,-0.9266670737734418,-0.6649348640560452,0.8434156346090879,-0.9404495701929912,-1.0459767670731148,-1.3648462672307835,-1.89729411535824,0.4827301413055336,0.3599168314991585,1.1822773223510843,1.148456456947841,-1.3648462672307835,-0.8798893859976125,-1.6412951552253323,1.0262053910295936,0.2566095216819872,1.1813526531819705,0.4598349502484966,1.3536075441115538,0.9660211972422462,0.4898201610971934,1.4213579169764885,1.027032830731175,1.406248651783373,0.8275699445018218,0.7818979594458905,0.2841062678265506,0.97073712375915,0.96397700645732,0.1317451319213643,3.3238933646201363,0.830495969451481,1.4598405587141474,1.1813526531819705,1.027032830731175,1.406248651783373,5.378912067680182,0.0,0.0,0.0,0.0,其他,0,0,0.5,1.0,0,0.0727272727272727,-0.1756553178668273,-0.20156673696896654,0.8846153846153846,0.8218623481781376,0.6862348178137652,0.9149797570850202,0.9676113360323887,0.888663967611336,0.5,0.5,0.5,0.5,0.07272727272727272,0.03636363636363636,0.08484848484848485
2026-05-22,34.08,34.1,31.82,32.3,3751900.0,32.638,33.044,32.0365,32.11716666666667,-0.0103560267173233,-0.022515433966832,0.0082249933669409,0.0056926980898064,32.0365,34.55287395764955,29.52012604235044,0.5523570829255623,0.1570941867957924,-0.0268153058150045,-0.0320647287983218,0.0046656298600311,0.0062305295950153,0.0260288366946101,0.0365576409904622,0.030947339924228,59.28888888151072,0.3247270850162707,0.2688386836045749,0.0558884014116957,-111533888.0,59.32054271230163,1.4428571428571426,1.9126947306532105,0.498960498950125,0.4840637450102769,-0.0721362229102167,-0.0268153058150045,0.030947339924228,59.28888888151072,-0.2808101146249014,0.0,0.0,0.0,0.5,-0.6989529654737211,-0.4905664225689378,-0.9727568339908296,-0.7481240645446836,0.3919110356270649,-0.9672491320178218,-1.0407078911379306,-1.357748032498591,-1.893336200112865,-0.1404936610653616,-0.3672322089776519,0.5227108802958188,0.6946303834275178,-1.357748032498591,-0.8762740702990944,-1.6315511956612632,0.4413296531261078,0.2572275272071036,-0.7227327875773893,-0.3136349785116168,0.3173108261126823,0.4366424669053533,0.5135785921405893,1.3211333969772427,1.065411650358163,1.006979810944947,0.7925245280106663,0.7903504607386276,0.0951905112287035,0.7614543675341948,0.5954405909402687,0.2150516956758269,1.656135670615979,0.2674103928199628,0.7633161451324829,-0.7227327875773893,1.065411650358163,1.006979810944947,-0.5959856286563912,0.0,0.0,0.0,0.0,其他,0,0,0.5,1.0,0,0.2363636363636363,-0.14055727554179553,-0.1962848297213622,0.4392712550607287,0.6740890688259109,0.6781376518218624,0.8259109311740891,0.9412955465587044,0.7672064777327935,0.5,0.5,0.5,0.5,0.23636363636363636,0.07878787878787878,0.09898989898989899
2026-05-25,32.29,32.88,31.01,31.5,2325675.0,32.398,32.723,32.019,32.06216666666667,-0.0277177603555776,-0.0373743238700607,-0.0162091258315374,-0.0175336455739631,32.019,34.54568203485584,29.492317965144164,0.3972961391896424,0.1578239192259561,-0.024767801857585,-0.0366972477064221,-0.0924805531547104,-0.010989010989011,0.0267278534540293,0.0245662068531151,0.031423440760244,54.40677965456192,0.2200924862332485,0.2590894441303096,-0.0389969578970611,-113859563.0,54.88112386877795,1.5414285714285714,1.1443521784761803,0.3326403326334172,0.3247011952126551,-0.0422222222222221,-0.024767801857585,0.031423440760244,54.40677965456192,-0.3801340654068605,0.0,0.0,0.0,0.5,-0.9070050324406056,-0.5745986083357685,-1.0732288105012526,-0.822524367984631,-0.0475141108284282,-0.9974559068427844,-1.089352950245614,-1.3558330900625426,-1.8952760609293948,-0.6642005458506026,-0.7608793275970913,-0.050437232415157,0.299429914793934,-1.3558330900625426,-0.8750527717751085,-1.6298461543876528,-0.0649249466393071,0.2625219861893743,-0.6572880805543944,-0.3859770527665354,-0.9860499977279106,0.2413639252876888,0.5581063795161998,0.4309818564319904,1.1038670448948449,0.689702920905394,0.7173497248714025,0.7816903167215606,-0.1969308672298458,0.6314851787816473,0.3115636000231961,0.284657798349175,0.2707245999176297,-0.2386838488199918,0.1382622201077754,-0.6572880805543944,1.1038670448948449,0.689702920905394,-0.7546312090479236,0.0,0.0,0.0,0.0,其他,0,0,0.5,1.0,0,0.301010101010101,-0.16825396825396832,-0.09333333333333338,0.3765182186234818,0.6194331983805668,0.6639676113360324,0.7307692307692307,0.7955465587044535,0.645748987854251,0.5,0.5,0.5,0.5,0.301010101010101,0.08888888888888889,0.5212121212121212
2026-05-26,31.31,31.44,30.0,30.28,1717861.0,31.874,32.428999999999995,31.966,31.985333333333333,-0.0500094120599862,-0.0662678466804401,-0.0527435400112619,-0.053316103213973,31.966,34.59504745607908,29.33695254392093,0.1793515468654923,0.1644902368811144,-0.0387301587301587,-0.0796352583586625,-0.0885009030704394,-0.0338225909380982,0.0286147380276659,0.0239578133777945,0.0324240169914433,48.2758620636688,0.038283698169824,0.2149282949382125,-0.1766445967683885,-115577424.0,51.6253345862441,1.6114285714285714,0.8264707775640925,0.079002079000437,0.0847107437999027,-0.0419418758256274,-0.0387301587301587,0.0324240169914433,48.2758620636688,-0.2613495006825975,0.0,0.0,0.0,0.5,-1.0194392918513495,-0.6737736519291441,-1.1984382240284326,-0.93647839359854,-0.2347341139120466,-1.066087531510511,-1.1333680586312893,-1.360527716305756,-1.9030531898391707,-1.3338946771819635,-1.5231824311556557,-0.9064580380102903,-0.3089891035509015,-1.360527716305756,-0.8671344221078172,-1.6568888507986177,-0.7758979934873397,0.3139279485651599,-1.0925952121838711,-1.0596505018239792,-0.930277248878552,-0.0174309611374654,0.6796844226137513,0.3852273629297297,1.1877506438185437,0.2922659251530314,0.5880542868148314,0.7482522904360357,-0.6205091193636806,0.5353664319182306,0.1033180552653725,0.3339485789921558,-0.3025650069996923,-1.0092392161192631,-0.802126841462816,-1.0925952121838711,1.1877506438185437,0.2922659251530314,-0.5620365393762201,0.0,0.0,0.0,0.0,其他,0,0,0.5,1.0,0,0.3292929292929293,-0.11558784676354028,-0.08025099075297226,0.18218623481781376,0.548582995951417,0.6842105263157895,0.708502024291498,0.43724696356275305,0.4089068825910931,0.5,0.5,0.5,0.5,0.3292929292929293,0.2080808080808081,0.6121212121212121
2026-05-27,30.4,30.49,29.68,30.18,1163069.0,31.49,32.114999999999995,31.91,31.910166666666665,-0.0416005080978088,-0.060252218589444,-0.0542149796302098,-0.0542199194614045,31.91,34.64438148495473,29.175618515045265,0.1836578931035653,0.1713808514538491,-0.0033025099075297,-0.0598130841121495,-0.0942376950780312,-0.0357827476038339,0.0286558196898071,0.0236888593833197,0.0324273533058084,48.04992199163261,-0.112572573938781,0.1494281211628138,-0.2620006951015948,-116740493.0,49.00695252772903,1.637857142857143,0.5518788485690626,0.0582120582108481,0.0640495867755359,-0.0738899933730947,-0.0033025099075297,0.0324273533058084,48.04992199163261,-0.3229551168575338,0.0,0.0,0.0,0.5,-1.123064825470828,-0.7386196394799528,-1.2352875133951398,-0.943732165778112,-0.4055169183267249,-1.115304398615994,-1.1802893498860292,-1.3657393032570322,-1.9102012617411148,-1.0767267178418267,-1.358317096167453,-0.9386692395819906,-0.3238565825327081,-1.3657393032570322,-0.8592575072849544,-1.6848728886426236,-0.7602062227150602,0.3670495332595863,0.0194260268214627,-0.74586315115677,-1.0047721899413526,-0.03962619465701,0.6810773244318397,0.3646955205098783,1.184219489417683,0.2772253281342853,0.4807670762775419,0.6995129873863319,-0.8820617857294847,0.470096021084887,-0.0641818112271742,0.3522451424637962,-0.797026891339652,-1.0695506942998418,-0.8809564033588605,0.0194260268214627,1.184219489417683,0.2772253281342853,-0.6603112510074202,0.0,0.0,0.0,0.0,其他,0,0,0.5,1.0,0,0.0848484848484848,-0.13651424784625588,-0.05699138502319412,0.38461538461538464,0.5931174089068826,0.6740890688259109,0.7449392712550608,0.07894736842105263,0.52834008097166,0.5,0.5,0.5,0.5,0.08484848484848485,0.12525252525252525,0.6989898989898989
2026-05-28,30.22,30.96,30.03,30.66,1086492.0,30.984,31.918,31.859,31.845666666666663,-0.0104570100697133,-0.0394134970862836,-0.0376345773564769,-0.0372316484712729,31.859,34.64892850313976,29.06907149686024,0.2851199414825206,0.1751422519935341,0.0159045725646123,-0.0762277794516419,-0.060373889059148,-0.0321969696969697,0.0217289299823091,0.0245928079480556,0.0325204100800384,43.70245138958719,-0.1911913332952259,0.0813042302712058,-0.2724955635664318,-115654001.0,46.44858950548573,1.518571428571429,0.510093014608533,0.1580041580008733,0.1632231404924952,-0.1076320939334638,0.0159045725646123,0.0325204100800384,43.70245138958719,-0.0658404617438862,0.0,0.0,0.0,0.5,-1.1408560305823323,-0.704463764111125,-1.1870216584134814,-0.8959506403223559,-0.428555284938477,-1.1807500593054112,-1.20815432344206,-1.369981865965517,-1.9143259175142588,-0.1353795691138635,-0.8036004904460015,-0.548074393770497,-0.0339271311762286,-1.369981865965517,-0.8567338997476093,-1.7001642219287476,-0.4274075267712732,0.3957753806713785,0.6219950030756045,-1.002034542093001,-0.5485333899154667,0.0011263412346098,0.2291114139943791,0.431305435487577,1.188527219612328,-0.0049804532140165,0.4245571182335012,0.6489975756134718,-0.9123521908592418,0.529588668327612,-0.2278262007001779,0.2668455447304192,-0.870531862136883,-0.76376202245692,-0.4902890562815422,0.6219950030756045,1.188527219612328,-0.0049804532140165,-0.2444848268804466,0.0,0.0,0.0,0.0,其他,0,0,0.5,1.0,0,0.048582995951417,-0.16405740378343125,-0.12915851272015655,0.06896551724137931,0.5983772819472617,0.6835699797160243,0.7079107505070994,0.0872210953346856,0.6206896551724138,0.5,0.5,0.5,0.5,0.048582995951417005,0.09716599190283401,0.5303643724696356
2026-05-29,30.6,30.6,29.87,29.97,891961.0,30.518,31.578,31.8625,31.782,-0.0179566157677436,-0.0509215276458292,-0.0593958415064731,-0.0570134038134794,31.8625,34.64223777634928,29.08276222365072,0.1595901929818999,0.1744833441406391,-0.022504892367906,-0.0721362229102167,-0.1018879232843871,0.0023411371237458,0.0212500951849187,0.0228397620506332,0.0303170681568123,26.20481927342496,-0.3056511438075908,0.0039131554554464,-0.3095642992630373,-116545962.0,33.98401365737472,1.357142857142857,0.4306257944687222,0.0,0.020661157024366,-0.0737404070737403,-0.022504892367906,0.0303170681568123,26.20481927342496,-0.1790450366868785,0.0,0.0,0.0,0.5,-1.0932208282387486,-0.728207728281767,-1.2036714850823385,-0.9593701803802266,-0.4880112437009707,-1.2402981210628832,-1.2586655596128726,-1.364119834762615,-1.9181252100742148,-0.3617849479883905,-1.1059391324210242,-1.0569693209006257,-0.3713498600913392,-1.364119834762615,-0.85556053889299,-1.6883665512110917,-0.83687268106685,0.3900346547972814,-0.5851345896891493,-0.9352871581864196,-1.104025345238849,0.3935891790845247,0.1975892217598943,0.3002759463384501,0.9930002939872316,-1.1388857483704202,0.3430772945923344,0.5918872225508934,-1.0242031641275795,0.479252539289624,-1.0248854090065502,0.1514384314809395,-1.011524700620735,-1.241434576896015,-1.0479294167081354,-0.5851345896891493,0.9930002939872316,-1.1388857483704202,-0.4270034543411286,0.0,0.0,0.0,0.0,其他,0,0,0.5,1.0,0,0.101419878296146,-0.1257924591257924,-0.0997664330997664,0.23373983739837398,0.733739837398374,0.6199186991869918,0.3983739837398374,0.014227642276422764,0.491869918699187,0.5,0.5,0.5,0.5,0.10141987829614604,0.1359026369168357,0.6146044624746451
2026-06-01,30.09,30.25,29.86,30.17,574500.0,30.252,31.325,31.860499999999995,31.736166666666666,-0.0027105645907707,-0.0368715083798881,-0.0530594309568271,-0.0493495853836578,31.860499999999995,34.64529688383382,29.075703116166167,0.1964769657289456,0.174811875759959,0.0066733400066734,-0.0422222222222221,-0.0773700305810397,-0.001324064879179,0.0221515711824533,0.023151775609193,0.0302652876013085,32.410611298111306,-0.3758900136528034,-0.0720474783662035,-0.3038425352865999,-115971462.0,37.99022498399858,1.2778571428571426,0.2790989025947745,0.0421940928261146,0.0619834710730996,-0.1315876698707325,0.0066733400066734,0.0302652876013085,32.410611298111306,-0.3559135433051444,0.0,0.0,0.0,0.5,-1.1496749189760558,-0.7511942212720246,-1.2012303918417162,-0.938080468486778,-0.5853889178639715,-1.2723055898427165,-1.2948727740701105,-1.3593384596033258,-1.917093527417245,0.0999239722885152,-0.7315805837994861,-0.9057576571382966,-0.2398396734383631,-1.3593384596033258,-0.853239416005444,-1.681372134878676,-0.7145169330088033,0.3920042157078324,0.3329323914589385,-0.4629445392595464,-0.7725706772935447,0.3513060632967823,0.2561647790757667,0.3230880893779379,0.9858785746928984,-0.7341969203690301,0.2929177758645045,0.5359092707492084,-1.0039801780754811,0.5104138798178995,-0.7662496041590785,0.0946586689747626,-1.2810528247090611,-1.109554851527456,-0.8830358042165762,0.3329323914589385,0.9858785746928984,-0.7341969203690301,-0.7121053135127344,0.0,0.0,0.0,0.0,其他,0,0,0.5,1.0,0,0.068825910931174,-0.11766655618163735,-0.12031819688432221,0.3002028397565923,0.718052738336714,0.6085192697768763,0.38336713995943206,0.006085192697768763,0.3671399594320487,0.5,0.5,0.5,0.5,0.06882591093117409,0.16194331983805668,0.5931174089068826
2026-06-02,30.23,30.23,28.8,29.01,1273300.0,29.998,30.936,31.788000000000004,31.678166666666662,-0.0329355290352689,-0.0622575640031031,-0.0873914684786713,-0.0842273069253796,31.788000000000004,34.79310162714571,28.78289837285429,0.0377860144712692,0.1890714500526143,-0.0384487901889294,-0.0419418758256274,-0.1182370820668692,-0.0476034143138541,0.0220553809279685,0.0244336538839012,0.0314042053785635,27.852004106989384,-0.5191724328916116,-0.1614724692712852,-0.3576999636203264,-117244762.0,39.088121470654,1.3285714285714283,0.6088613837856096,0.0,0.0,-0.0768700448121337,-0.0384487901889294,0.0314042053785635,27.852004106989384,1.216362053959965,0.0,0.0,0.0,0.5,-1.1300099480683683,-0.7511139683259638,-1.3314983603004047,-1.0458883329986404,-0.3681526888807801,-1.3024295739664211,-1.3524468513267809,-1.3676096737529029,-1.9192881814033376,-0.8150904961831746,-1.400402727145844,-1.7045264156428537,-0.8353676544206755,-1.3676096737529029,-0.8337305236514101,-1.737988640620927,-1.230979778069336,0.5027578962576674,-1.0861240739144744,-0.4578151477175375,-1.3179943303040604,-0.1763546063484272,0.2495327548241994,0.4181813651950644,1.0824675764800569,-1.0278091555285551,0.1910468663010965,0.4702524667073239,-1.16686250465847,0.4388274553878028,-0.6944285219213687,0.1307720912197274,-0.6838765599572413,-1.2339747905662566,-1.123188790157973,-1.0861240739144744,1.0824675764800569,-1.0278091555285551,1.8259084220216808,0.0,0.0,0.0,0.0,其他,0,0,0.5,1.0,0,0.2378048780487804,-0.09445018958979667,-0.060668734918993494,0.32790224032586557,0.6109979633401222,0.6374745417515275,0.3075356415478615,0.15682281059063136,0.20977596741344195,0.5,0.5,0.5,0.5,0.23780487804878048,0.21138211382113822,0.6869918699186992
2026-06-03,29.01,29.28,27.85,27.95,1395405.0,29.552,30.521,31.6495,31.59883333333333,-0.0542095289658906,-0.084237082664395,-0.1168896823014581,-0.1154736725512018,31.6495,35.08619042141297,28.212809578587027,-0.0382358528638072,0.2171718618873672,-0.0365391244398484,-0.0738899933730947,-0.1292834890965732,-0.0901692708333333,0.0249746265050553,0.0253920917831629,0.0322171412067661,26.831683164597536,-0.7100726481597128,-0.2711925050489707,-0.4388801431107421,-118640167.0,39.93065002963656,1.3521428571428569,0.656592381038288,0.0,0.0,-0.0676207513416815,-0.0365391244398484,0.0322171412067661,26.831683164597536,0.0958964894368963,0.0,0.0,0.0,0.5,-1.2688547560063352,-0.8158973918046939,-1.446666217199911,-1.1435915936921683,-0.3297861159766949,-1.3582198136579493,-1.4136066305719603,-1.3879585023605936,-1.927040186580356,-1.4548391487688703,-1.9709136982283533,-2.375601111462905,-1.3652182993418052,-1.3879585023605936,-0.7970197697050505,-1.855039730904076,-1.4739922120677147,0.7214230617405392,-1.0233115974723854,-0.9601757301197812,-1.4606201379542632,-0.6612654863071583,0.4401351870065104,0.4890513803073739,1.1500821582174952,-1.091028629529695,0.0554177635209332,0.3899391906765133,-1.412172362696089,0.3605073042566382,-0.6391362352830605,0.1474640020590583,-0.5965047873409756,-1.229886185728584,-1.1194596454405064,-1.0233115974723854,1.1500821582174952,-1.091028629529695,0.0154214388068953,0.0,0.0,0.0,0.0,其他,0,0,0.5,1.0,0,0.340080971659919,-0.012522361359570633,-0.03148479427549189,0.07910750507099391,0.5111561866125761,0.6693711967545639,0.2515212981744422,0.21906693711967545,0.07910750507099391,0.5,0.5,0.5,0.5,0.340080971659919,0.7307692307692307,0.7408906882591093
2026-06-04,27.82,27.98,27.12,27.36,910400.0,28.892000000000003,29.938,31.4835,31.50516666666667,-0.0530250588398173,-0.0861112966798048,-0.1309733670017628,-0.1315710121620265,31.4835,35.404033127012205,27.56296687298779,-0.0258851113368707,0.2490531946575034,-0.0211091234347048,-0.1076320939334638,-0.1756553178668273,-0.1082138200782268,0.0180583356822245,0.0191777721399493,0.0324262196642426,19.798994972088565,-0.8986118749576875,-0.3966763790307141,-0.5019354959269733,-119550567.0,31.93567030952275,1.267857142857142,0.4282083874424222,0.0,0.0,-0.0632309941520468,-0.0211091234347048,0.0324262196642426,19.798994972088565,-0.3475729268563606,0.0,0.0,0.0,0.5,-1.4030083585727124,-0.9048594374110174,-1.5329068457444084,-1.196148295930656,-0.4797897632566197,-1.4423172221627931,-1.5008010167134749,-1.4131618895215323,-1.9383676730468056,-1.4135632369250697,-2.0073827978994414,-2.674869831636757,-1.631963316225521,-1.4131618895215323,-0.7574866996324989,-1.9874188291321384,-1.427834436858006,0.9688345368082047,-0.536302614184863,-1.4871899048758024,-2.0691242266732446,-0.8655170872908025,-0.0134700275289563,0.0240029523310599,1.1647448531917524,-1.5413200794923916,-0.078534448793847,0.298227844390439,-1.599440342508432,0.3092631083548145,-1.1496652578521818,0.0868903489664817,-1.007141744672616,-1.225837988188537,-1.1157674350928934,-0.536302614184863,1.1647448531917524,-1.5413200794923916,-0.7007362221469642,0.0,0.0,0.0,0.0,其他,0,0,0.5,1.0,0,0.340080971659919,-0.0314327485380117,0.02266081871345027,0.04462474645030426,0.49290060851926976,0.6713995943204868,0.12170385395537525,0.038539553752535496,0.06288032454361055,0.5,0.5,0.5,0.5,0.340080971659919,0.6093117408906883,0.819838056680162
2026-06-05,27.38,28.03,27.21,27.76,892500.0,28.45,29.484,31.264,31.422833333333337,-0.0242530755711773,-0.058472391805725,-0.1120777891504605,-0.1165659790916372,31.264,35.505818875013546,27.022181124986453,0.0869696345771594,0.2713548410312166,0.0146198830409356,-0.0737404070737403,-0.1405572755417955,-0.1365474339035769,0.0244855287506424,0.0216143663697764,0.0303426255264478,24.48347107083916,-1.0041783703127116,-0.5181767772871136,-0.486001593025598,-118658067.0,36.402203201825415,1.2592857142857137,0.4398335108190912,0.0544217687067428,0.0544217687067428,-0.0561959654178675,0.0146198830409356,0.0303426255264478,24.48347107083916,-0.0196616871704745,0.0,0.0,0.0,0.5,-1.4488490774760656,-0.8993230274937507,-1.5152249037684355,-1.154685657357238,-0.4846118169562811,-1.4961899972332944,-1.566525348050058,-1.447923906256218,-1.946470149444532,-0.5419943151943432,-1.275582849613726,-2.220373041183491,-1.369900816974066,-1.447923906256218,-0.743806371015391,-2.093050995625585,-1.0560302863354858,1.140198813273975,0.5894018212404194,-0.9502619328593124,-1.592572519115983,-1.185714452255944,0.4080082444967633,0.206293090491687,0.9800026643131148,-1.2333865404930675,-0.1534898200860424,0.2094472754301147,-1.5438418036244697,0.3586363122642899,-0.8606981063966245,0.0806293770771346,-0.9835615399684184,-1.0574306553704738,-0.8994613775681479,0.5894018212404194,0.9800026643131148,-1.2333865404930675,-0.1696659340079855,0.0,0.0,0.0,0.0,其他,0,0,0.5,1.0,0,0.291497975708502,-0.06484149855907784,0.018731988472622474,0.09939148073022312,0.3772819472616633,0.6146044624746451,0.17849898580121704,0.016227180527383367,0.10344827586206896,0.5,0.5,0.5,0.5,0.291497975708502,0.38461538461538464,0.8076923076923077
2026-06-08,27.45,27.47,26.17,26.2,1065400.0,27.656,28.954,30.8385,31.3035,-0.052646803586925,-0.0951163915175795,-0.1504126335587009,-0.163032887696264,30.8385,35.32508949126818,26.351910508731816,-0.0169293969312071,0.2909732633723192,-0.0561959654178675,-0.1315876698707325,-0.1682539682539683,-0.2451743013540767,0.0266456472290563,0.0252076649735591,0.0246216080630664,19.655797098956697,-1.199887979262506,-0.6545190176821922,-0.5453689615803139,-119723467.0,31.868339902962504,1.3235714285714282,0.5959953798330748,0.0,0.0,0.016030534351145,-0.0561959654178675,0.0246216080630664,19.655797098956697,0.1937254901960783,0.0,0.0,0.0,0.5,-1.435172963677268,-0.9363591764855372,-1.6392807420045066,-1.2987983210692744,-0.4301359206518167,-1.596661703192389,-1.6434101458044488,-1.5200327487603262,-1.9639985225440328,-1.3967879884025471,-2.2223192723361755,-3.060039975182791,-2.1446854301504708,-1.5200327487603262,-0.7638356209233913,-2.224299457245185,-1.3902155565092782,1.2894099496676188,-1.6379892779036764,-1.8524629813968885,-1.950091641359927,-2.405366086066064,0.5491139234647201,0.4751135121544647,0.4789013609436905,-1.539646811829185,-0.2925878166101012,0.1098704092934565,-1.7177151231393848,0.2986262057087608,-1.1487111669969952,0.1266968087546843,-0.6995851552194032,-1.2188904907055005,-1.1098098879114775,-1.6379892779036764,0.4789013609436905,-1.539646811829185,0.1759794913594675,0.0,0.0,0.0,0.0,其他,0,0,0.5,1.0,0,0.6072874493927125,0.09007633587786268,0.03435114503816794,0.06693711967545639,0.0872210953346856,0.4787018255578093,0.1460446247464503,0.06490872210953347,0.07505070993914807,0.5,0.5,0.5,0.5,0.6072874493927125,0.8522267206477733,0.8299595141700404
2026-06-09,26.51,27.0,26.07,26.78,842200.0,27.21,28.604000000000003,30.5165,31.194,-0.0158030135979418,-0.0637673052719899,-0.122441957629479,-0.1415015708149002,30.5165,35.2033518218523,25.8296481781477,0.1013848802954658,0.3071683726401745,0.0221374045801527,-0.0768700448121337,-0.1155878467635402,-0.1938591210114388,0.0333692076473318,0.0269261389053239,0.0248504118947032,25.41589648469666,-1.2932799751147677,-0.7822712091687074,-0.5110087659460603,-118881267.0,35.708278783252155,1.3221428571428568,0.5095904443623229,0.0808926080881328,0.0681551116325718,-0.0190440627333832,0.0221374045801527,0.0248504118947032,25.41589648469666,-0.2094987798010137,0.0,0.0,0.0,0.5,-1.5383755963295522,-0.9669590360502404,-1.6442940031992066,-1.2397200877359524,-0.4989380633585715,-1.6492579096318976,-1.6908610309196783,-1.5723422099651223,-1.978568044501694,-0.2818090998476802,-1.396740151033742,-2.402106574019574,-1.7686714092049896,-1.5723422099651223,-0.776775476139666,-2.320040916208184,-1.0014175720250986,1.4106659925289518,0.827262526673378,-0.9893980450282904,-1.2457678536229628,-1.812433478496884,0.9890457267078352,0.603110709299059,0.4981192646062335,-1.1633532360940473,-0.3587270327108399,0.016561234426171,-1.6052340786332642,0.3453185097439561,-0.8998732479134413,0.1255047586353814,-0.8541313913476397,-0.9706793627533769,-0.839838861831349,0.827262526673378,0.4981192646062335,-1.1633532360940473,-0.4776550600562181,0.0,0.0,0.0,0.0,其他,0,0,0.5,1.0,0,0.3319838056680162,0.03995519044062745,0.01755041075429431,0.23732251521298176,0.1663286004056795,0.4766734279918864,0.24949290060851928,0.08519269776876268,0.1075050709939148,0.5,0.5,0.5,0.5,0.3319838056680162,0.7995951417004049,0.8441295546558705
2026-06-10,26.7,26.7,25.8,26.06,791300.0,26.832,28.192,30.1535,31.076500000000003,-0.0287716159809183,-0.0756242905788876,-0.135755384947021,-0.1614242273100253,30.1535,35.04617239429486,25.26082760570513,0.081670335747247,0.3245177106656697,-0.0268857356235997,-0.0676207513416815,-0.1365142478462558,-0.2178871548619448,0.0320966263202563,0.0271237874935273,0.0248990796155328,15.885167461986724,-1.4091480063367392,-0.907646568602314,-0.5015014377344252,-119672567.0,14.34327068756987,1.1864285714285714,0.4946584018976679,0.0,0.0,0.0590943975441289,-0.0268857356235997,0.0248990796155328,15.885167461986724,-0.0604369508430301,0.0,0.0,0.0,0.5,-1.5100709216574248,-0.985566188077173,-1.6704222939088762,-1.303761794613101,-0.5140144906996098,-1.6920530747954896,-1.7473462939697788,-1.6314369793760457,-1.994847702587477,-0.6733640246327292,-1.6982031239021276,-2.674303936693635,-2.0891458423635125,-1.6314369793760457,-0.7939060520125019,-2.4229422194826795,-1.062812981915087,1.5395201553409166,-0.7159057828467459,-0.8421135165718695,-1.5174044983287482,-2.0700364170938785,0.903248112438052,0.6168823951147775,0.5015658990581444,-1.7704054758281256,-0.440844645655186,-0.075012512467699,-1.5693782608511688,0.3005433808377272,-2.2552680340529685,0.0276189846082948,-0.8791515867718813,-1.2125336239789848,-1.10426587479304,-0.7159057828467459,0.5015658990581444,-1.7704054758281256,-0.2352119541808572,0.0,0.0,0.0,0.0,其他,0,0,0.5,1.0,0,0.8238866396761133,0.0920951650038373,0.024558710667689887,0.33874239350912777,0.15618661257606492,0.4787018255578093,0.05070993914807302,0.034482758620689655,0.09939148073022312,0.5,0.5,0.5,0.5,0.8238866396761133,0.8785425101214575,0.8441295546558705
2026-06-11,26.14,26.35,25.43,25.63,840000.0,26.486,27.689,29.8035,30.953,-0.0323189609605074,-0.0743616598649283,-0.1400338886372405,-0.1719704067457113,29.8035,34.94539510425467,24.66160489574532,0.0941671392172081,0.3450531047855066,-0.0165003837298541,-0.0632309941520468,-0.1640574037834312,-0.2145265093472266,0.0318885034408292,0.0249734054292985,0.024838578039646,16.616616614288006,-1.518171130441285,-1.0297514809701085,-0.4884196494711768,-120512567.0,17.50661510884214,1.0892857142857142,0.540380113021144,0.0,0.0,0.0339445961763558,-0.0165003837298541,0.024838578039646,16.616616614288006,0.0615442941994186,0.0,0.0,0.0,0.5,-1.5684430142073789,-1.0075746677281858,-1.7086122640474626,-1.3399379021647193,-0.4980376375278641,-1.7299696605751442,-1.817176418302628,-1.687335101852076,-2.01226903058394,-0.7793105599408459,-1.6573770897893565,-2.7395105202442727,-2.24669136709326,-1.687335101852076,-0.804255640439579,-2.5290003997841626,-1.019327801680491,1.691253660536972,-0.3879558266275488,-0.7715028507428112,-1.8719701862275413,-2.0186952965185343,0.8875609819827353,0.4544510131757721,0.4954569017418578,-1.71452972897482,-0.5179907563494723,-0.164190675453341,-1.52315170268988,0.2530574932077781,-2.039448888611988,-0.0424570207696455,-0.7946146171175928,-1.2086604185554768,-1.1007300257113717,-0.3879558266275488,0.4954569017418578,-1.71452972897482,-0.0367875025966258,0.0,0.0,0.0,0.0,其他,0,0,0.5,1.0,0,0.725609756097561,0.04174795161919631,0.04877097151775267,0.3380855397148676,0.1364562118126273,0.47046843177189407,0.09368635437881874,0.11812627291242363,0.09572301425661914,0.5,0.5,0.5,0.5,0.725609756097561,0.8414634146341463,0.8455284552845529
2026-06-12,26.04,26.31,25.44,26.2,786307.0,26.174,27.312,29.445,30.832666666666668,0.0009933521815541,-0.0407147041593439,-0.1102054678213618,-0.1502518973383209,29.445,34.539486183481564,24.35051381651844,0.1815184217654976,0.3460340420081008,0.0222395630120952,-0.0561959654178675,-0.1257924591257924,-0.2148636499850164,0.0336460763851596,0.0278184774584327,0.0248067705056127,22.848360652460315,-1.540816927042382,-1.131964570184563,-0.4088523568578188,-119726260.0,24.86149221237968,1.0178571428571426,0.5361712402366374,0.0753968253958281,0.0627753303957844,-0.0091603053435114,0.0222395630120952,0.0248067705056127,22.848360652460315,-0.063920238095238,0.0,0.0,0.0,0.5,-1.5732668881638605,-1.0078659827735232,-1.699154919415429,-1.2816767316381446,-0.5140204037188166,-1.7628024699993237,-1.8661673094568167,-1.7439301839629653,-2.0284502428323665,0.2305045362783077,-0.7804953170058843,-2.062073469793101,-1.871083026105079,-1.7439301839629653,-0.8509910382738941,-2.5706698681791385,-0.7328228186035876,1.690391878253131,0.8328608337086052,-0.6595751196693672,-1.3610971967937755,-2.009220197303383,1.000759246960812,0.6674331777354165,0.4918722060468235,-1.3089971437173185,-0.5333539802229486,-0.238794711543432,-1.2764768997023113,0.2968504114117476,-1.5642311069290982,-0.0939687720328828,-0.8005436656246964,-0.9773945108698148,-0.8519190065285301,0.8328608337086052,0.4918722060468235,-1.3089971437173185,-0.2407701683494102,0.0,0.0,0.0,0.0,其他,0,0,0.5,1.0,0,0.6032388663967612,0.02977099236641223,-0.017557251908396965,0.29006085192697767,0.07910750507099391,0.4421906693711968,0.13793103448275862,0.07302231237322515,0.14198782961460446,0.5,0.5,0.5,0.5,0.6032388663967612,0.8522267206477733,0.8036437246963563
2026-06-15,26.25,26.82,26.25,26.62,670113.0,26.258,26.957,29.141,30.72266666666667,0.0137862746591514,-0.0125013911043513,-0.0865104148793796,-0.1335387553163788,29.141,34.14242674380867,24.13957325619133,0.2479719158992407,0.343257042914897,0.016030534351145,0.016030534351145,-0.1176665561816373,-0.1859327217125382,0.0233388133069008,0.0286972740054591,0.0254720865324513,29.575892852521665,-1.507495919512845,-1.2070708400502197,-0.3004250794626255,-119056147.0,31.9966433254758,0.9549999999999998,0.4709003660281596,0.130952380950649,0.1090308370032047,0.0728775356874529,0.016030534351145,0.0254720865324513,29.575892852521665,-0.1477717990555851,0.0,0.0,0.0,0.5,-1.542485027629333,-0.969811498608874,-1.5908253382106576,-1.237997943879408,-0.5494944199878745,-1.7427397641405595,-1.91086046176241,-1.7897780970900874,-2.0415967306193044,0.617817731984416,-0.0461310425074443,-1.5307729560633636,-1.5844416662258975,-1.7897780970900874,-0.8964937844001701,-2.5898513464084925,-0.5149999732232198,1.660713210785307,0.6357399806073966,0.4774887904750872,-1.2497191735322235,-1.6773814272841252,0.3217692846824099,0.7322236102940078,0.5494204209641602,-0.8745412249233336,-0.5086974770786543,-0.2935147577282552,-0.9440522726406574,0.3340971423213971,-1.107617161447608,-0.1392826473808713,-0.9167524725674552,-0.8070828881274157,-0.6686858350807283,0.6357399806073966,0.5494204209641602,-0.8745412249233336,-0.3769369488060894,0.0,0.0,0.0,0.0,其他,0,0,0.5,1.0,0,0.8985801217038539,-0.003005259203606392,-0.037565740045078844,0.6077235772357723,0.12195121951219512,0.45528455284552843,0.1991869918699187,0.028455284552845527,0.15040650406504066,0.5,0.5,0.5,0.5,0.8985801217038539,0.8113590263691683,0.7261663286004056
2026-06-16,26.69,26.7,26.02,26.27,761400.0,26.156,26.683,28.8095,30.60383333333333,0.0043584645970331,-0.0154780197129258,-0.0881480067338897,-0.1416108003899293,28.8095,33.6377609923788,23.981239007621195,0.2370171160970597,0.3351853376394623,-0.0131480090157776,-0.0190440627333832,-0.0944501895897966,-0.2015197568389057,0.0215222954930936,0.0271883679843914,0.0251964366803821,28.773072742640394,-1.4921305042744564,-1.264082772895067,-0.2280477313793893,-119817547.0,33.3450222389864,0.9457142857142856,0.5412528467934199,0.0846560846549649,0.0704845814970211,0.0601446516939474,-0.0131480090157776,0.0251964366803821,28.773072742640394,0.1362262782545631,0.0,0.0,0.0,0.5,-1.485711849547685,-0.975877047582941,-1.612388235894184,-1.2670807126452028,-0.5200981609290477,-1.747527819054593,-1.9421809905982064,-1.839799643667856,-2.0566358894458348,0.330928944637424,-0.1235440322253716,-1.560030422768273,-1.7089981612763483,-1.839799643667856,-0.9546466470745,-2.5973302225284574,-0.5498817796054455,1.5908901556391588,-0.2857284215386438,-0.0754844584459615,-0.941068610801484,-1.8407474131941564,0.2017898340788189,0.6174005236146478,0.5243098849668322,-0.923991882260362,-0.4969205995106873,-0.3349397256020729,-0.7222427884412463,0.2908245233324916,-1.019305790257961,-0.1458233296783558,-0.7874749422910304,-0.9453282572555513,-0.8183762698300838,-0.2857284215386438,0.5243098849668322,-0.923991882260362,0.0864285959862354,0.0,0.0,0.0,0.0,其他,0,0,0.5,1.0,0,0.917004048582996,0.03730491054434726,-0.025504377617053597,0.3286004056795132,0.09127789046653144,0.44421906693711966,0.13184584178498987,0.056795131845841784,0.13793103448275862,0.5,0.5,0.5,0.5,0.917004048582996,0.8603238866396761,0.6983805668016194
2026-06-17,26.31,28.0,25.72,27.6,2524297.0,26.464,26.648000000000003,28.5845,30.520333333333333,0.042926239419589,0.0357250075052535,-0.0344417429026219,-0.0956848439837921,28.5845,33.180963056696896,23.9880369433031,0.3929067863816611,0.3216052795522621,0.050628092881614,0.0590943975441289,-0.0125223613595706,-0.1401869158878504,0.0276487119363324,0.0312400126117387,0.028455874347122,34.79125248024778,-1.3569908712042178,-1.2826643925568972,-0.0743264786473205,-117293250.0,39.35580510342848,1.042142857142857,1.7124952876304207,0.2605820105785641,0.2169603524205182,0.031159420289855,0.050628092881614,0.028455874347122,34.79125248024778,2.3153362227475704,0.0,0.0,0.0,0.5,-1.5233713509133349,-0.8828517138613114,-1.6423075690312774,-1.137996429554776,0.0323932223049736,-1.6982535342287333,-1.936050201585768,-1.8698432916652183,-2.062390305519522,1.4979451528136043,1.208708647109017,-0.3746100616869757,-0.9447357614372088,-1.8698432916652183,-1.0068108911375595,-2.570400904340986,-0.0398810664249632,1.4797770990939052,1.723003047031184,1.1548032728396644,0.1402033363027037,-1.155199279674998,0.6050143027812914,0.9209356954876584,0.8095768293976949,-0.5360443100363699,-0.3993701756231349,-0.3481276504743882,-0.2534063051263495,0.4325385271786048,-0.6362963025902538,-0.0757611103949644,1.3336524849238856,-0.4105344638659446,-0.2414532689849909,1.723003047031184,0.8095768293976949,-0.5360443100363699,3.58443616419228,0.0,0.0,0.0,0.0,其他,0,0,0.5,1.0,0,0.8643724696356275,-0.019202898550724656,-0.047826086956521796,0.8255578093306288,0.34685598377281945,0.5273833671399595,0.42190669371196754,0.9553752535496958,0.59026369168357,0.5,0.5,0.5,0.5,0.8643724696356275,0.6862348178137652,0.5476673427991886
2026-06-18,27.39,27.39,26.41,26.5,1488808.0,26.638,26.562,28.25,30.4355,-0.005180569111795,-0.002334161584218,-0.0619469026548672,-0.129306237781538,28.25,32.38590695202273,24.11409304797727,0.2884381805092376,0.2928075718235815,-0.0398550724637681,0.0339445961763558,-0.0314327485380117,-0.2015667369689665,0.0347072944742818,0.0330999391541544,0.0276198490530772,33.42884431262655,-1.3233972456226404,-1.290810963170046,-0.0325862824525944,-118782058.0,38.09218538061351,1.070714285714286,1.1562260512296718,0.1304347826067403,0.0958149779725131,0.0075471698113207,-0.0398550724637681,0.0276198490530772,33.42884431262655,-0.4102088621109164,0.0,0.0,0.0,0.5,-1.393808467545896,-0.9235162212544776,-1.5499862861672398,-1.238222002683655,-0.2921633466742552,-1.66728573271357,-1.937860024310915,-1.9188884394195784,-2.068311054998245,0.0369780676423302,0.2159664537781296,-0.9796389122624968,-1.495491975631951,-1.9188884394195784,-1.0990253877177556,-2.51983296136046,-0.3815013317416128,1.253276974405575,-1.1287768583048234,0.756436751612551,-0.1095840686490493,-1.827224572109841,1.0683023598406165,1.0584666919579508,0.7344792257886217,-0.6226604823241728,-0.3747152904415181,-0.3536399223244207,-0.1258898126522469,0.348026821731577,-0.7152729832399194,-0.0549349294876531,0.3245360380611133,-0.8044354665363642,-0.7173989496685869,-1.1287768583048234,0.7344792257886217,-0.6226604823241728,-0.8017288416638152,0.0,0.0,0.0,0.0,其他,0,0,0.5,1.0,0,0.8681541582150102,0.055849056603773706,-0.03962264150943395,0.7276422764227642,0.08130081300813008,0.5040650406504065,0.42073170731707316,0.8048780487804879,0.4410569105691057,0.5,0.5,0.5,0.5,0.8681541582150102,0.8722109533468559,0.6199186991869918
2026-06-22,26.36,26.6,25.44,25.96,1180141.0,26.590000000000003,26.382,27.933000000000003,30.37033333333333,-0.0236931177134261,-0.0159957546812219,-0.0706333011133785,-0.1452184697786217,27.933000000000003,31.718957989034926,24.14704201096508,0.2394318682697688,0.2710742125100325,-0.0203773584905659,-0.0091603053435114,-0.0648414985590778,-0.1962848297213622,0.0353117506941443,0.0329156765315462,0.027460780856256,30.52728954276245,-1.325072926484676,-1.297663355832972,-0.0274095706517041,-119962199.0,36.86875501817348,1.125714285714286,1.0181911329685454,0.056218057920678,0.0363436123344017,0.0392912172573189,-0.0203773584905659,0.027460780856256,30.52728954276245,-0.2073249203389557,0.0,0.0,0.0,0.5,-1.5064021364796958,-0.9765719174515536,-1.6627783665141975,-1.2851095306299165,-0.3885892803555372,-1.665866713855083,-1.9540175811361773,-1.963872719652961,-2.069156190793903,-0.5250870681564703,-0.1405310020818611,-1.167961083544673,-1.74878741652124,-1.963872719652961,-1.175386103001518,-2.489729833718498,-0.5413003451131653,1.0825776874618174,-0.5136314873307888,0.075734539403929,-0.550776807546994,-1.7593899841233724,1.1051746971688745,1.0418445792624014,0.7190608678320881,-0.8079129590071246,-0.3753991891231647,-0.3581983352740853,-0.1099399375514447,0.2809732853297286,-0.7914856222047454,-0.0149089207795422,0.0738613543834634,-1.0274242122377313,-0.9493949214234636,-0.5136314873307888,0.7190608678320881,-0.8079129590071246,-0.4742600155785578,0.0,0.0,0.0,0.0,其他,0,0,0.5,1.0,0,0.9230769230769232,0.08936825885978439,-0.06394453004622491,0.6024340770791075,0.09533468559837728,0.4908722109533469,0.4462474645030426,0.4158215010141988,0.2880324543610548,0.5,0.5,0.5,0.5,0.9230769230769231,0.9311740890688259,0.5354969574036511
2026-06-23,25.84,28.56,25.73,28.56,2676700.0,26.978,26.618,27.786,30.334,0.0586403736377787,0.0729581486212336,0.0278557546966096,-0.0584822311597548,27.786,31.19871554167961,24.373284458320388,0.6133994308177415,0.2456428087286641,0.1001540832049305,0.0728775356874529,0.0900763358778626,-0.0933333333333333,0.0582502620206685,0.0423159434589665,0.0366992904521026,48.16326530061807,-1.103877828282748,-1.2589062503229274,0.1550284220401794,-117285499.0,50.19374513099197,1.2257142857142858,2.274929868298499,0.5825049701673456,0.3226872246660496,-0.0707282913165265,0.1001540832049305,0.0366992904521026,48.16326530061807,1.2681188095320812,0.0,0.0,0.0,0.5,-1.559653316707802,-0.8374201579299865,-1.6196626192150057,-1.0368622331890616,0.0819541868355009,-1.607374722800166,-1.9063754365503915,-1.9778423207556923,-2.062797007819626,1.9686770240573293,2.1691681494635966,1.0038247227988055,-0.3163378503917348,-1.9778423207556923,-1.233738097903795,-2.421350689543485,0.6847746552477028,0.8843904405928805,3.2449254665210816,1.367817335016347,1.4949380719646188,-0.6204540606712446,2.594222956182616,1.742169015485146,1.5273181891812262,0.3283345482788273,-0.2158845927861337,-0.329161389655662,0.4474192498043612,0.4317704726058196,0.0565691792846374,0.0578506738051742,2.3386494099908366,0.5719304083559926,0.1799089389285631,3.2449254665210816,1.5273181891812262,0.3283345482788273,1.8936392790711487,0.0,0.0,0.0,0.0,其他,0,0,0.5,1.0,0,0.4979757085020243,-0.05112044817927164,-0.165266106442577,0.8985801217038539,0.5192697768762677,0.7058823529411765,0.7606490872210954,0.9655172413793104,0.8336713995943205,0.5,0.5,0.5,0.5,0.4979757085020243,0.582995951417004,0.2657200811359026
2026-06-24,28.56,28.95,27.74,27.85,2552409.0,27.294,26.725,27.6645,30.2745,0.0203707774602477,0.0420954162768942,0.0067053443944407,-0.0800838989908997,27.6645,30.87009691460856,24.45890308539144,0.5289337687938478,0.2317480463841363,-0.0248599439775909,0.0601446516939474,0.0399551904406274,-0.0802509907529722,0.0599013658671841,0.0433466081431348,0.0361404282772457,49.579831926940194,-0.974635197745254,-1.2020520398073928,0.2274168420621387,-119837908.0,61.65281089829031,1.2100000000000002,2.094997509305937,0.441351888659218,0.2444933920677921,-0.0215439856373429,-0.0248599439775909,0.0361404282772457,49.579831926940194,-0.0464344155116375,0.0,0.0,0.0,0.5,-1.24357088959858,-0.8084443594904026,-1.3662967329879014,-1.100969537271087,0.042767524743333,-1.5590261232081384,-1.879206466963768,-1.9870195373907,-2.062286133084815,0.8065344987865066,1.3613314429116798,0.5360130362440161,-0.6720428353170478,-1.9870195373907,-1.2688583343172517,-2.383207239790437,0.406769708862242,0.7755976190760385,-0.6542262909269315,1.1633697275083528,0.8304052363250277,-0.4750106692466131,2.6752292888971225,1.8100293060850128,1.4721397558595268,0.4191237591813255,-0.1225829205781844,-0.2867942542690431,0.6678735142272538,0.2868634212306604,0.7852546937094255,0.0463332382643719,2.000632714853586,0.1421625952391762,-0.1287897211648184,-0.6542262909269315,1.4721397558595268,0.4191237591813255,-0.2185460266441162,0.0,0.0,0.0,0.0,其他,0,0,0.5,1.0,0,0.513184584178499,-0.021543985637342944,-0.16122082585278286,0.9186991869918699,0.6097560975609756,0.6910569105691057,0.7764227642276422,0.9634146341463414,0.782520325203252,0.5,0.5,0.5,0.5,0.513184584178499,0.6125760649087221,0.2535496957403651
2026-06-25,27.84,29.0,26.92,28.46,2908752.0,27.466,26.965,27.5785,30.235,0.0361901987912327,0.0554422399406639,0.0319633047482639,-0.0587067967587232,27.5785,30.586120321782744,24.57087967821726,0.6465444280900527,0.218113408762031,0.0219030520646319,0.031159420289855,0.0920951650038373,-0.0569913850231941,0.0566987339490851,0.0421194770211268,0.0365868589592488,54.614093953317145,-0.8136088040449856,-1.1243633926549117,0.3107545886099259,-116929156.0,55.20199629058317,1.2971428571428572,2.2278715636277573,0.562624254461976,0.3116740088071403,-0.0488404778636683,0.0219030520646319,0.0365868589592488,54.614093953317145,0.1396104621163771,0.0,0.0,0.0,0.5,-1.3217543163021492,-0.8033357773977481,-1.462029591162879,-1.040733914154287,0.1549119502381862,-1.5300562549839123,-1.832306447655796,-1.989757913503452,-2.056841906628702,1.2822997667017542,1.6999909605905568,1.0910975081903185,-0.3179018281989516,-1.989757913503452,-1.2983932396458804,-2.340797479003662,0.7918039378781057,0.6691104867393245,0.8041314541882606,0.7045475588914933,1.5139421096405692,-0.21719609970294,2.4457589763752616,1.7095850421823708,1.5051042797288638,0.7428602034774472,-0.0063771058913024,-0.2290598532233254,0.9211302709030909,0.4511004028214737,0.3734221074204191,0.1098220925960067,2.2229007532914205,0.5108863949140455,0.1367633534758364,0.8041314541882606,1.5051042797288638,0.7428602034774472,0.0806734003540927,0.0,0.0,0.0,0.0,其他,0,0,0.5,1.0,0,0.178498985801217,-0.06184118060435706,-0.1676036542515812,0.8658536585365854,0.6991869918699187,0.709349593495935,0.8313008130081301,0.9817073170731707,0.8536585365853658,0.5,0.5,0.5,0.5,0.17849898580121704,0.3448275862068966,0.18292682926829268
2026-06-26,28.01,28.18,26.7,26.7,1736100.0,27.506,27.072000000000003,27.3805,30.1615,-0.0293026975932524,-0.0137411347517731,-0.024853454100546,-0.1147655123253154,27.3805,30.03457313586624,24.726426864133764,0.3718008198717025,0.1938659364041229,-0.061841180604357,0.0075471698113207,0.0417479516191963,-0.1291585127201565,0.0618936532291494,0.0473584818340519,0.0386235894180274,46.009036139727954,-0.8185754892764621,-1.0632058119792216,0.2446303227027595,-118665256.0,48.63481247083092,1.3642857142857143,1.29743700329045,0.2356828193780686,0.1178414096903321,0.0479400749063669,-0.061841180604357,0.0386235894180274,46.009036139727954,-0.4031460915196621,0.0,0.0,0.0,0.5,-1.2980487575557351,-0.8590926569351475,-1.4834138050111043,-1.2033605981627546,-0.2149293615901487,-1.5186366087888057,-1.8063109432457127,-2.012035081610425,-2.0598239593584093,-0.7017405385166561,-0.0937775544163129,-0.1638564663715452,-1.242016226980308,-2.012035081610425,-1.3594032925893509,-2.290798236630047,-0.1117556328926585,0.4810414271782531,-1.802195549925473,0.3311509027009262,0.8471833328091749,-1.0145710706493256,2.7522403888093696,2.087757582281674,1.675720968592508,0.1864845466493186,-0.0099534720772119,-0.1835591916456086,0.7171992198181388,0.3521114265532771,-0.0456936782440433,0.1587048370764075,0.5554215148336972,-0.485543711938631,-0.6298157531709693,-1.802195549925473,1.675720968592508,0.1864845466493186,-0.7920330169967188,0.0,0.0,0.0,0.0,其他,0,0,0.5,1.0,0,0.6544715447154471,0.006741573033707926,-0.1378277153558053,0.869653767820774,0.5295315682281059,0.745417515274949,0.780040733197556,0.8655804480651731,0.8105906313645621,0.5,0.5,0.5,0.5,0.6544715447154471,0.4796747967479675,0.2158859470468432
2026-06-29,26.7,26.99,25.77,26.98,1262382.0,27.71,27.15,27.231,30.0865,-0.0263442800433055,-0.0062615101289134,-0.0092174360104293,-0.1032522892327123,27.231,29.59152536525252,24.87047463474748,0.4468338693285268,0.1733704502400831,0.0104868913857678,0.0392912172573189,0.0297709923664122,-0.0997664330997664,0.0605032913615258,0.0470302230662673,0.0385948144437941,53.24999999378751,-0.7908020889390031,-1.0087250673711778,0.2179229784321747,-117402874.0,48.191475034880696,1.3378571428571429,0.930534231122966,0.297356828187283,0.148678414095279,0.0481838398813936,0.0104868913857678,0.0385948144437941,53.24999999378751,-0.2728633143252117,0.0,0.0,0.0,0.5,-1.4426831269409153,-0.9405150804831848,-1.5911814765712269,-1.1735662504743352,-0.3641208845558027,-1.4859865573297222,-1.7851066119052208,-2.0253819758399483,-2.0630738906629293,-0.6109854413468534,0.1002781973383902,0.1817562385343368,-1.0483584186481367,-2.0253819758399483,-1.406990889235699,-2.2443288984371064,0.1351831653263758,0.322104295508788,0.4500448807175171,0.8313703374251176,0.6876937261286526,-0.6874847546239846,2.637157723963828,2.050007469101464,1.665201870898381,0.653864567938328,0.0101244869795379,-0.1430071384213026,0.6342432459277783,0.4232190200168014,-0.0739342878105033,0.1391846694720636,-0.1022072017542281,-0.2968458087809302,-0.5066665824752384,0.4500448807175171,1.665201870898381,0.653864567938328,-0.5811425403176426,0.0,0.0,0.0,0.0,其他,0,0,0.5,1.0,0,0.6963562753036437,-0.045959970348406265,-0.1304670126019274,0.922920892494929,0.6105476673427992,0.7322515212981744,0.8194726166328601,0.43204868154158216,0.8296146044624746,0.5,0.5,0.5,0.5,0.6963562753036437,0.354251012145749,0.1947261663286004
2026-06-30,26.7,26.76,26.28,26.54,893800.0,27.306,27.142000000000003,27.0495,30.0075,-0.0280524426865891,-0.022179647778351,-0.0188358380007025,-0.1155544447221528,27.0495,28.97704520733402,25.121954792665985,0.3678370815641013,0.1425198400951508,-0.0163083765752409,-0.0707282913165265,-0.0030052592036063,-0.1203181968843222,0.0327895020325557,0.04721582622924,0.0385853668659078,48.98819560973158,-0.7951300278319948,-0.9660060594633412,0.1708760316313463,-118296674.0,44.16194583044071,1.3214285714285714,0.6511797405437052,0.2692307692228036,0.1002202643160768,0.0211002260738508,-0.0163083765752409,0.0385853668659078,48.98819560973158,-0.2919734280114894,0.0,0.0,0.0,0.5,-1.4373651630284374,-0.9544731178092802,-1.5223698974529332,-1.2114706000533362,-0.4800001393770263,-1.532772585077584,-1.7771895654518892,-2.043990047510601,-2.0671897075522843,-0.6616836263190553,-0.3130594217912885,-0.0312117302350084,-1.2474685627728044,-2.043990047510601,-1.4743518251596028,-2.1777414666747097,-0.1251464866361426,0.0831643421746564,-0.3848544954312466,-0.906890699422549,0.2540391876283623,-0.9133325053521744,0.871542614475849,2.050528350044001,1.6565004157990788,0.3773665004553713,0.0069816911931025,-0.1111749416411688,0.4891647513513059,0.3718901189637749,-0.3313172835909418,0.1269855763872218,-0.6026087244810899,-0.3822633150138409,-0.6975334536464554,-0.3848544954312466,1.6565004157990788,0.3773665004553713,-0.6109536278874593,0.0,0.0,0.0,0.0,其他,0,0,0.5,1.0,0,0.6336032388663968,-0.03466465712132627,-0.11642803315749817,0.4969574036511156,0.592292089249493,0.7363083164300203,0.7748478701825557,0.20689655172413793,0.7849898580121704,0.5,0.5,0.5,0.5,0.6336032388663968,0.3684210526315789,0.23732251521298176
2026-07-01,26.6,27.52,26.32,27.25,1241700.0,27.186,27.24,26.9615,29.933,0.0023541528728021,0.000367107195301,0.010700443224598,-0.0896335148498312,26.9615,28.659179840872778,25.263820159127224,0.5849689066794787,0.1259336343205296,0.0267520723436323,-0.0215439856373429,0.0373049105443472,-0.0606687349189934,0.0364809175957704,0.0476019232908265,0.0384262970677694,55.02109703991312,-0.7328213756503565,-0.9193691227007444,0.1865477470503878,-117054974.0,48.932977279861454,1.337142857142857,0.9056855124672348,0.5529010238719151,0.1784140969143347,0.0,0.0267520723436323,0.0384262970677694,55.02109703991312,0.389236965764153,0.0,0.0,0.0,0.5,-1.44342854046256,-0.8991434526827243,-1.511479686112654,-1.1413742516966807,-0.3693501563392428,-1.5421655147441873,-1.7534579682890916,-2.046020617000447,-2.0700937832070814,0.2616120433059664,0.2732880434254566,0.6226330195740952,-0.8169338249214446,-2.046020617000447,-1.5059909262247209,-2.134250373307661,0.5907277676461502,-0.0453443578698168,0.9568714127484712,-0.1285756191793627,0.7860175283478321,-0.2512156876360136,1.1035625486120526,2.0655952253036887,1.6350269113219702,0.7669237478264301,0.052099453307325,-0.0764374730753458,0.5364660685470749,0.4419338401815282,-0.0256631655924876,0.1383417117113659,-0.1452242816895091,0.4849651866489289,-0.3863600547563805,0.9568714127484712,1.6350269113219702,0.7669237478264301,0.4878115748737046,0.0,0.0,0.0,0.0,其他,0,0,0.5,1.0,0,0.6971544715447154,-0.06055045871559628,-0.12880733944954137,0.5091649694501018,0.6843177189409368,0.7189409368635438,0.8228105906313645,0.34826883910386963,0.8004073319755601,0.5,0.5,0.5,0.5,0.6971544715447154,0.3170731707317073,0.22448979591836735
2026-07-02,26.94,27.83,26.91,27.07,1037600.0,26.908,27.187,26.9175,29.8655,0.0060205143451761,-0.0043035274211939,0.0056654592737066,-0.0936029867238116,26.9175,28.55173730802718,25.28326269197282,0.5466578504836085,0.1214256381923366,-0.0066055045871559,-0.0488404778636683,-0.0192028985507246,-0.0314847942754918,0.0335708944138678,0.0448215065886435,0.0376020945971817,56.20689654494056,-0.6900117891758484,-0.8734976559957651,0.1834858668199167,-118092574.0,53.17085457815079,1.3371428571428567,0.7668229639976397,0.4914675767750357,0.1585903083682975,-0.013668267454747,-0.0066055045871559,0.0376020945971817,56.20689654494056,-0.1643714262704356,0.0,0.0,0.0,0.5,-1.3996736733812012,-0.8755146902143789,-1.433894666106759,-1.1551061071065258,-0.4334221165768038,-1.5719237663405743,-1.7527261892298287,-2.040410675132755,-2.0712190625743325,0.3725961978593702,0.1514230060293763,0.5100985385517823,-0.8804259787310258,-2.040410675132755,-1.5125038780621796,-2.115711805501543,0.4634337443526765,-0.0802304624763032,-0.0842314756195215,-0.5600668904688784,0.0376904417833058,0.0728567430616819,0.916317801827499,1.8507204699398163,1.5566024276877903,0.8420515375405363,0.0830782478254217,-0.0422693750652715,0.5262522150385263,0.3822949424841521,0.2458219378757738,0.1381683917173804,-0.3944168779071604,0.296406066144175,-0.4644012707693136,-0.0842314756195215,1.5566024276877903,0.8420515375405363,-0.405979096578321,0.0,0.0,0.0,0.0,其他,0,0,0.5,1.0,0,0.6619433198380567,-0.02918359807905424,,0.17849898580121704,0.7383367139959433,0.7099391480730223,0.8073022312373225,0.20892494929006086,0.7464503042596349,0.5,0.5,0.5,0.5,0.6619433198380567,0.4331983805668016,0.5
2026-07-03,27.08,28.74,27.08,27.98,1671571.0,27.164,27.335,26.948500000000003,29.831666666666663,0.0300397585039022,0.0235961221876714,0.0382767129895911,-0.0620705067322195,26.948500000000003,28.64057782575791,25.256422174242097,0.8048027650434736,0.1255786278087186,0.0336165496859992,0.0479400749063669,0.0558490566037737,0.0226608187134502,0.0212463908415139,0.0437640003513532,0.0380454673763269,57.45393634167208,-0.5760155400670399,-0.8140012328100201,0.2379856927429802,-116421003.0,55.16247044736751,1.394285714285714,1.201554226861629,0.8020477815425928,0.2588105726843744,-0.039313795568263,0.0336165496859992,0.0380454673763269,57.45393634167208,0.6109974942174248,0.0,0.0,0.0,0.5,-1.37893160295325,-0.8099675350974436,-1.408052072298874,-1.0666526606476174,-0.2320074536058482,-1.5322733266906357,-1.7219316181910875,-2.0220284347124164,-2.0642363157322112,1.1008527333780778,0.877221707534287,1.2305613606741934,-0.3580373001121271,-2.0220284347124164,-1.4958775911145898,-2.106594001282446,1.3127695689985286,-0.0478986929344852,1.1694148759558274,0.9719425092775364,1.0301534714826193,0.6738118052566918,0.1316378910260368,1.764146888931268,1.588056313568204,0.9208598694156618,0.1657321861042727,0.0020325039213603,0.6926891417865317,0.4769304957966162,0.3731848242615537,0.1799698202685704,0.3877766002138314,1.2447508011844417,-0.0653657238941361,1.1694148759558274,1.588056313568204,0.9208598694156618,0.8461513106344468,0.0,0.0,0.0,0.0,其他,0,0,0.5,1.0,0,0.4149797570850202,-0.09042172980700502,,0.6531440162271805,0.8174442190669371,0.6997971602434077,0.8417849898580122,0.795131845841785,0.8417849898580122,0.5,0.5,0.5,0.5,0.4149797570850202,0.3582995951417004,0.5
2026-07-06,27.99,28.93,27.55,28.28,1501865.0,27.424,27.567,26.9745,29.79266666666667,0.0312135355892648,0.0258642579896253,0.0483975606591411,-0.0507731209022355,26.9745,28.733728000543216,25.21527199945678,0.8710434348219172,0.1304363751347899,0.0107219442458899,0.0481838398813936,0.0893682588597843,0.0187319884726224,0.0212491359562874,0.0427515312684737,0.0379862734874369,57.021996609151365,-0.4562063358927055,-0.7424422534265573,0.2862359175338518,-114919138.0,56.88245747454714,1.4485714285714282,1.0564296327011946,0.904436860037392,0.2918502202611031,-0.0898161244695898,0.0107219442458899,0.0379862734874369,57.021996609151365,-0.1015248529676573,0.0,0.0,0.0,0.5,-1.2713930896523769,-0.7950658083064713,-1.3460594655846074,-1.0358355699573942,-0.2855398676649366,-1.492549643629295,-1.6790293132559324,-2.0048550551727087,-2.0586216720720523,1.1334568240553362,0.934266494276125,1.4495842268724144,-0.1706083777025809,-2.0048550551727087,-1.478935026295394,-2.100433097646332,1.5253052481603786,-0.0100905248974377,0.4536101444999226,0.9735203069133698,1.4688468189453456,0.6289910758903018,0.1316519416910311,1.682098132539461,1.5760276442525711,0.8908670933839055,0.2525959881897883,0.0553170834939415,0.8395106551986455,0.5617851015615931,0.4830150353410748,0.2196634970288556,0.1260372453330474,1.5518580322580802,0.066244928979168,0.4536101444999226,1.5760276442525711,0.8908670933839055,-0.3060771813321336,0.0,0.0,0.0,0.0,其他,0,0,0.5,1.0,0,0.2651821862348178,-0.14073550212164077,,0.6957403651115619,0.8032454361054767,0.6876267748478702,0.8661257606490872,0.7241379310344828,0.8640973630831643,0.5,0.5,0.5,0.5,0.2651821862348178,0.24493927125506074,0.5
2026-07-07,28.28,28.28,26.91,27.1,1067375.0,27.536,27.421,27.0195,29.72233333333333,-0.0158338175479372,-0.0117063564421427,0.0029793297433335,-0.0882277075599716,27.0195,28.740949511618968,25.29805048838104,0.5233814583013692,0.1274227510955122,-0.0417256011315416,0.0211002260738508,-0.0511204481792716,0.0343511450381679,0.0301735221160626,0.031294897750474,0.0369511148895521,53.280632405170536,-0.4512708473129017,-0.6842079722038262,0.2329371248909245,-115986513.0,56.0763715870261,1.4978571428571426,0.7507520708764818,0.5017064846245161,0.1618942731259705,-0.0546125461254612,-0.0417256011315416,0.0369511148895521,53.280632405170536,-0.2893003032895767,0.0,0.0,0.0,0.5,-1.2347010414189,-0.8390818859623131,-1.4191431945191368,-1.1438284357467563,-0.423095067052205,-1.4723487437499445,-1.693051018219533,-1.984768591500479,-2.0605420951157014,-0.2975065795725679,-0.0460365049067696,0.4421770233558916,-0.7902570063298267,-1.984768591500479,-1.4722548894428984,-2.070383689454568,0.3778344615900612,-0.0335256500436773,-1.182849681097189,0.5432567239327618,-0.3904554741657421,0.8013094568583918,0.6998330023510607,0.8432049945865818,1.4805631999263964,0.6469046751961732,0.2558685116442563,0.0986670021287276,0.6742228139332118,0.500063504012132,0.430526787701302,0.2556668876487161,-0.4249865590744944,0.3195810077841772,-0.4517509658817525,-1.182849681097189,1.4805631999263964,0.6469046751961732,-0.6091718967431817,0.0,0.0,0.0,0.0,其他,0,0,0.5,1.0,0,0.2129817444219067,-0.12029520295202956,,0.6341463414634146,0.8292682926829268,0.6707317073170732,0.8800813008130082,0.42073170731707316,0.8028455284552846,0.5,0.5,0.5,0.5,0.2129817444219067,0.23123732251521298,0.5
2026-07-08,27.02,27.34,26.72,27.25,582471.0,27.536,27.361,27.043,29.6635,-0.0103864032539221,-0.0040568692664741,0.0076544762045631,-0.0813626173580325,27.043,28.76351522271077,25.322484777289223,0.5601563988541306,0.127242925910913,0.0055350553505535,0.0,-0.0215439856373429,0.0175504107542943,0.0276579644639067,0.0305968618140383,0.0366680764287687,48.47428072642859,-0.4302955118465235,-0.6334254801323658,0.2031299682858423,-115404042.0,49.57789656288453,1.379285714285714,0.4134652129428792,0.5529010238719151,0.1784140969143347,-0.0605504587155962,0.0055350553505535,0.0366680764287687,48.47428072642859,-0.4542958191825741,0.0,0.0,0.0,0.5,-1.3731937630242268,-0.9032708379474956,-1.437085945454533,-1.1266709589292396,-0.5765122552760407,-1.466796307003919,-1.6940931809283557,-1.9687079725818424,-2.0596774064928787,-0.1314356249488389,0.1536197650085225,0.5450353690538169,-0.6749448800817757,-1.9687079725818424,-1.4638559451981863,-2.0522015164198333,0.4985134077891646,-0.0348850680460012,0.2937330793389253,0.2081626891362401,0.0014926750852411,0.6130591408611628,0.5383942413861191,0.7906223493613613,1.4504925058328475,0.3342656257850138,0.2708223406949878,0.1364530926174826,0.5814568846022257,0.532561592697073,0.0119782163204124,0.1679383242526793,-1.0316526311073382,0.4756236833602516,-0.3851284394410376,0.2937330793389253,1.4504925058328475,0.3342656257850138,-0.8747350963678315,0.0,0.0,0.0,0.0,其他,0,0,0.5,1.0,0,0.1477732793522267,-0.1427522935779817,,0.6957403651115619,0.8356997971602435,0.6673427991886409,0.7931034482758621,0.028397565922920892,0.8600405679513184,0.5,0.5,0.5,0.5,0.14777327935222673,0.17813765182186234,0.5
2026-07-09,27.32,27.36,26.18,26.7,747771.0,27.462,27.184999999999995,27.075,29.59016666666667,-0.0277474328162552,-0.0178407209858376,-0.0138504155124653,-0.0976732135112453,27.075,28.741493324319222,25.408506675680773,0.3874882981628688,0.1231019999492573,-0.0201834862385321,-0.013668267454747,-0.061841180604357,0.0245587106676898,0.0291337322105093,0.0298682369945762,0.0364248416464025,50.915750909223256,-0.4528328357763236,-0.5973069512611574,0.1444741154848338,-116151813.0,51.277977270725295,1.378571428571428,0.5316242304639891,0.3651877132981166,0.1178414096903321,-0.0157303370786515,-0.0201834862385321,0.0364248416464025,50.915750909223256,0.2837909526826228,0.0,0.0,0.0,0.5,-1.3347309613906784,-0.8999370044369286,-1.4971280922541896,-1.1751206870492086,-0.5230756873212824,-1.4708303958520252,-1.712327628322911,-1.9515013062650213,-2.06221479666912,-0.6596928721553604,-0.2066561043210178,0.0673752879288504,-0.9434507243032492,-1.9515013062650213,-1.4607645479884166,-2.022534843235106,-0.0721687952506651,-0.0671407566130392,-0.5101199440334234,-0.0089742330468716,-0.5323527110902811,0.6899471181660604,0.6316397711275743,0.7359656768699608,1.4241402239179328,0.4922737595828995,0.2540488644549291,0.1632787067876711,0.4000306373224208,0.4890509842260212,0.1214560560916421,0.1672014757848286,-0.8165304109945645,-0.0996097002430796,-0.6262709200749356,-0.5101199440334234,1.4241402239179328,0.4922737595828995,0.3213482684034268,0.0,0.0,0.0,0.0,其他,0,0,0.5,1.0,0,0.3178137651821862,-0.11273408239700367,,0.6612576064908722,0.8397565922920892,0.6693711967545639,0.8174442190669371,0.056795131845841784,0.7505070993914807,0.5,0.5,0.5,0.5,0.31781376518218624,0.18218623481781376,0.5
2026-07-10,26.68,27.2,26.02,26.88,860100.0,27.242,27.203,27.1375,29.519666666666662,-0.0132883048234344,-0.0118736904017937,-0.0094887148779364,-0.0894206122472023,27.1375,28.6636630595094,25.61133694049061,0.4156381100836168,0.1124763194475371,0.0067415730337079,-0.039313795568263,0.0067415730337079,0.0487709715177526,0.0225645685100495,0.0225994224288744,0.0361790704269788,54.35606059885431,-0.4509708207837022,-0.5680397251656664,0.1170689043819641,-115291713.0,51.970990845969055,1.3799999999999994,0.6110474045901801,0.353846153832544,0.1376651982363693,-0.0531994047619047,0.0067415730337079,0.0361790704269788,54.35606059885431,0.1502184492311149,0.0,0.0,0.0,0.5,-1.4024006271781466,-0.9092388189512112,-1.510723325292682,-1.1550016011299058,-0.4865582024537789,-1.4935897075348707,-1.701599680300261,-1.929457791387403,-2.064004706881467,-0.2182250734802995,-0.0503389189626894,0.164151158710406,-0.804519606694209,-1.929457791387403,-1.464227100052027,-1.9710561188196376,0.0209721817102469,-0.1500364669851849,0.3325435409948913,-0.4163109259420399,0.3778869744554183,0.95784222085936,0.2113055895548202,0.2038547456807379,1.397838582425374,0.7148678737507841,0.2550902647201922,0.1849761557165012,0.3150289201926439,0.5375035587105584,0.1659911038056576,0.1680488075013175,-0.6718017312096555,-0.1342470111810498,-0.5459245555499439,0.3325435409948913,1.397838582425374,0.7148678737507841,0.1044608103516005,0.0,0.0,0.0,0.0,其他,0,0,0.5,1.0,0,0.3360323886639676,-0.14360119047619047,,0.41379310344827586,0.8417849898580122,0.6673427991886409,0.8904665314401623,0.09330628803245436,0.6673427991886409,0.5,0.5,0.5,0.5,0.3360323886639676,0.18016194331983806,0.5
2026-07-13,26.7,26.88,25.63,25.74,816848.0,26.734,27.079,27.1145,29.431166666666662,-0.0371811176778634,-0.0494479116658665,-0.0506924339375611,-0.1254169332963355,27.1145,28.71233373089301,25.51666626910698,0.069886411385623,0.1178582478664276,-0.0424107142857143,-0.0898161244695898,-0.0459599703484062,-0.0175572519083969,0.0241286348985913,0.0260363593469133,0.0372417083023434,34.50549450018596,-0.5353128794557627,-0.5614943560236857,0.026181476567923,-116108561.0,42.98859940087783,1.267142857142857,0.5796906650626283,0.0,0.0121145374448004,-0.0559440559440558,-0.0424107142857143,0.0372417083023434,34.50549450018596,-0.0502871759097779,0.0,0.0,0.0,0.5,-1.3952799397540494,-0.9297259986564084,-1.55185371204931,-1.2583680998911153,-0.4996254304611506,-1.5530451109839418,-1.7119870421518215,-1.922185123069571,-2.0699191911225503,-0.9459720045583696,-1.0328970912423436,-0.751676883640731,-1.397221823498439,-1.922185123069571,-1.4529110082980348,-1.9773699805435367,-1.1216437850762018,-0.1077692391703978,-1.204682111843048,-1.2167934821516604,-0.3222730744979346,0.2173705981805159,0.3110304067918816,0.4549647368737692,1.4833826430256485,-0.5769138341194031,0.1931403446329775,0.1896539959317424,0.0341393549428907,0.4899597827068002,-0.4140248808463818,0.0843486209764884,-0.7271365571328036,-1.217733068877073,-1.0461322078048771,-1.204682111843048,1.4833826430256485,-0.5769138341194031,-0.2210304487729587,0.0,0.0,0.0,0.0,其他,0,0,0.5,1.0,0,0.2631578947368421,-0.08857808857808847,,0.26369168356997974,0.7971602434077079,0.6896551724137931,0.4462474645030426,0.09330628803245436,0.49898580121703856,0.5,0.5,0.5,0.5,0.2631578947368421,0.14777327935222673,0.5
2026-07-14,25.09,25.82,25.09,25.62,632548.0,26.438,26.987,27.0645,29.3415,-0.0309403131855661,-0.0506540186015489,-0.0533724990300946,-0.1268340064413884,27.0645,28.785337923191864,25.343662076808133,0.0802916763570848,0.1271656910850381,-0.0046620046620046,-0.0546125461254612,-0.0346646571213262,-0.0375657400450788,0.0206113497985418,0.0257021670132068,0.0370529348724498,36.8977673264798,-0.6048650578517574,-0.5701684963893,-0.0346965614624573,-116741109.0,32.62794120541817,1.2328571428571424,0.4494980535901723,0.0,0.0,-0.0694769711163154,-0.0046620046620046,0.0370529348724498,36.8977673264798,-0.2256233717901005,0.0,0.0,0.0,0.5,-1.571058805707787,-1.0020021510595278,-1.61052231006537,-1.2657679874466166,-0.5576258968809022,-1.5846828219956983,-1.7175157789989792,-1.91956045964712,-2.075939873992076,-0.7539039123772954,-1.06180357320946,-0.8097252718258549,-1.4149344757261588,-1.91956045964712,-1.4388839511611948,-1.998452972700293,-1.084271139675192,-0.0347727963313767,-0.022029928101074,-0.6555030290593745,-0.1717446062950766,-0.0061701174645296,0.0855128647221906,0.429849361849253,1.4614962156625118,-0.4203996543237546,0.1420202394904225,0.1829206098086128,-0.1540155919031004,0.4530234636326362,-1.0815451007596055,0.0588500058453914,-0.9604334192549993,-1.2140338815594494,-1.0914159910875882,-0.022029928101074,1.4614962156625118,-0.4203996543237546,-0.5054758729491243,0.0,0.0,0.0,0.0,其他,0,0,0.5,1.0,0,0.2949494949494949,-0.08469945355191266,,0.2125506072874494,0.7226720647773279,0.6842105263157895,0.32388663967611336,0.03441295546558704,0.3582995951417004,0.5,0.5,0.5,0.5,0.29494949494949496,0.17373737373737375,0.5
2026-07-15,25.59,25.98,25.36,25.6,531800.0,26.108,26.822,27.031,29.2465,-0.0194576375057452,-0.0455596152412196,-0.0529392179349634,-0.1246815858307831,27.031,28.840750200849342,25.22124979915065,0.1046415689472306,0.1339018312931559,-0.0007806401249024,-0.0605504587155962,-0.0605504587155962,-0.0255043776170535,0.0195090505643807,0.023516240397873,0.0369473532802833,31.944444438797703,-0.6540598978161185,-0.5869467766746638,-0.0671131211414547,-117272909.0,41.72213158626116,1.1285714285714283,0.3810132732042134,0.0,0.0,-0.0875,-0.0007806401249024,0.0369473532802833,31.944444438797703,-0.1592732883512397,0.0,0.0,0.0,0.5,-1.508758179267873,-0.988445650006001,-1.571421528766741,-1.2637919969545577,-0.5888987645719481,-1.620284578537497,-1.7336915595607283,-1.914216739493024,-2.08302344644514,-0.4023574147659094,-0.9262097410113236,-0.7984679443386067,-1.3738398153274898,-1.914216739493024,-1.4270505447839354,-2.00951885662094,-1.0011652319028184,0.0180693862693652,0.0995945591456012,-0.7486704225925758,-0.5158500789677325,0.1285936830156043,0.0147678990542537,0.2690652857502306,1.4469164797684946,-0.7421652235451363,0.1058160496299987,0.1701056129326962,-0.2541024501392428,0.4218985766864514,-0.4925086769233067,-0.0185625954549508,-1.0814791687336849,-1.2103682286946007,-1.0881803586240373,0.0995945591456012,1.4469164797684946,-0.7421652235451363,-0.3969221643148358,0.0,0.0,0.0,0.0,其他,0,0,0.5,1.0,0,0.2464646464646464,-0.07265625000000009,,0.145748987854251,0.6963562753036437,0.6761133603238867,0.1700404858299595,0.010121457489878543,0.31376518218623484,0.5,0.5,0.5,0.5,0.24646464646464647,0.16194331983805668,0.5
2026-07-16,25.61,26.48,25.54,26.28,828771.0,26.024,26.743,26.965,29.164166666666667,0.0098370734706425,-0.0173129417043712,-0.0254033005748189,-0.0988941909306511,26.965,28.78363453693916,25.146365463060835,0.3116718928080937,0.1348885248976389,0.0265625,-0.0157303370786515,-0.0291835980790542,-0.0478260869565217,0.0251480180186632,0.0256589177566851,0.0355549842935901,46.929824551798,-0.6309041753059645,-0.5957382564009239,-0.0351659189050406,-116444138.0,50.47663200291227,1.0699999999999998,0.632178814006912,0.2297297297219687,0.0746432491759094,-0.0985540334855403,0.0265625,0.0355549842935901,46.929824551798,0.5584261000376081,0.0,0.0,0.0,0.5,-1.5007755195611714,-0.95112133642631,-1.5435410748024263,-1.196574719799823,-0.4931945946172452,-1.6240993696042003,-1.737031722489461,-1.9143724365147647,-2.0870038175294665,0.4932706864696406,-0.1854584944312196,-0.1843726193257256,-0.9444289304592468,-1.9143724365147647,-1.4284133889528927,-2.0113771840610286,-0.3150682148992111,0.025790866760981,0.9560882060142918,-0.0345732235550875,-0.0974507388516646,-0.1212590565532994,0.3765068067908556,0.4259044299654269,1.3231492576765531,0.2357131665481939,0.1226729850528951,0.1632950696602905,-0.1548600665138131,0.4688780332527204,0.0742444872064196,-0.0620312659233471,-0.6260162534522605,-0.5049776237061466,-0.7874779659817376,0.9560882060142918,1.3231492576765531,0.2357131665481939,0.7711834674275737,0.0,0.0,0.0,0.0,其他,0,0,0.5,1.0,0,0.1313131313131313,,,0.3157894736842105,0.548582995951417,0.6477732793522267,0.38866396761133604,0.22672064777327935,0.41295546558704455,0.5,0.5,0.5,0.5,0.13131313131313133,0.5,0.5
2026-07-17,26.29,26.59,25.36,25.45,890648.0,25.738,26.49,26.9125,29.063,-0.0111896806278654,-0.0392600981502454,-0.0543427775197399,-0.1243161407975776,26.9125,28.84472941865513,24.98027058134487,0.1215511507349664,0.1435934542423,-0.0315829528158295,-0.0531994047619047,-0.090421729807005,-0.0396226415094339,0.0272256023385687,0.0236198364508784,0.0351353289296668,39.648173199525374,-0.6717832625096243,-0.610947257622664,-0.0608360048869602,-117334786.0,51.96599876006242,1.0707142857142855,0.695238877323882,0.0,0.0,-0.0954813359528486,-0.0315829528158295,0.0351353289296668,39.648173199525374,0.074661154890796,0.0,0.0,0.0,0.5,-1.4191776443431257,-0.9413042476016928,-1.5589965567387505,-1.2705386225299755,-0.4727121993972545,-1.6535563196341094,-1.7657567167831514,-1.9122752850473497,-2.0951683142790567,-0.1504933886873746,-0.7600683344796818,-0.8285840392593461,-1.3601666176582443,-1.9122752850473497,-1.4160531503294205,-2.030337291075865,-0.9432579048527466,0.0941579714169867,-0.8682149022107778,-0.6311816536226299,-0.9130408962334562,-0.0292336903729645,0.5093506044154409,0.2755767740529226,1.2830650496384046,-0.2398375962672112,0.0925146555386057,0.1516575587513114,-0.2342581050255202,0.4170579320005131,0.1705844559520121,-0.0614257229610515,-0.5110608395651737,-1.2066142469898842,-1.0834165567896683,-0.8682149022107778,1.2830650496384046,-0.2398375962672112,-0.0175013732193839,0.0,0.0,0.0,0.0,其他,0,0,0.5,1.0,0,0.0666666666666666,,,0.3340080971659919,0.6214574898785425,0.6255060728744939,0.2874493927125506,0.13765182186234817,0.38866396761133604,0.5,0.5,0.5,0.5,0.06666666666666667,0.5,0.5
2026-07-20,25.51,25.86,24.01,24.3,1698101.0,25.45,26.092,26.8295,28.933,-0.0451866404715126,-0.06868005518933,-0.0942805493952551,-0.160128572909826,26.8295,29.054444470034564,24.604555529965427,-0.0684411530400691,0.1658580644459476,-0.0451866404715126,-0.0559440559440558,-0.1407355021216407,-0.0639445300462249,0.0280528376855413,0.0249645506661596,0.0362589709692277,36.17283949992075,-0.7878932794069655,-0.6463364619795243,-0.1415568174274412,-119032887.0,49.44511807941207,1.1528571428571426,1.2992698507137448,0.0,0.0,-0.0345679012345678,-0.0451866404715126,0.0362589709692277,36.17283949992075,0.9065904824352606,0.0,0.0,0.0,0.5,-1.5012266619018313,-0.9904336194131224,-1.713716673683771,-1.3736922455537448,-0.2137186784750555,-1.6828863757116377,-1.8151774737587567,-1.9152535875417969,-2.1096710019926657,-1.1894708032309116,-1.5265629907083045,-1.7120796058112695,-1.939984559734052,-1.9152535875417969,-1.3865909048012468,-2.0881445615679963,-1.5666643579869417,0.2691778334903363,-1.2915387647875225,-0.6738392005458949,-1.578319599544494,-0.3019012971373038,0.5617242268948397,0.3740833670888158,1.374308905069645,-0.4665278862281649,0.0070561271304631,0.1248208958183142,-0.4844145104694012,0.3188423853019244,0.0069653300745133,-0.0002116434616535,0.5825790879907806,-1.203023674819962,-1.0802557512461155,-1.2915387647875225,1.374308905069645,-0.4665278862281649,1.3360689458595665,0.0,0.0,0.0,0.0,其他,0,0,0.5,1.0,0,0.105050505050505,,,0.2611336032388664,0.5404858299595142,0.6477732793522267,0.2894736842105263,0.6983805668016194,0.2813765182186235,0.5,0.5,0.5,0.5,0.10505050505050505,0.5,0.5
2026-07-21,24.3,24.37,23.05,23.84,1462273.0,25.094,25.766,26.5935,28.7995,-0.04997210488563,-0.074749670107894,-0.1035403388045951,-0.1722078508307436,26.5935,29.03622733683189,24.150772663168105,-0.0636118199677582,0.1837086007349697,-0.0189300411522633,-0.0694769711163154,-0.1202952029520295,-0.165266106442577,0.0279559412689815,0.0232086299711733,0.0271049006056725,28.28025477202644,-0.90657898176919,-0.6983849659374576,-0.2081940158317324,-120495160.0,40.4094506624709,1.1614285714285713,1.1733438288682174,0.0,0.0,-0.0163590604026845,-0.0189300411522633,0.0271049006056725,28.28025477202644,-0.1388774872637139,0.0,0.0,0.0,0.5,-1.6302037129500266,-1.0925898255866775,-1.8199250432980825,-1.4118391891460982,-0.2890072674235022,-1.720427407056494,-1.8533540018029069,-1.9433993932522484,-2.1245880575223404,-1.331783072582915,-1.6780664997449857,-1.907524877156931,-2.1231607016351366,-1.9433993932522484,-1.3838047672199203,-2.1592220263594784,-1.544304641037159,0.4093600001380071,-0.4666911243005268,-0.8881216080841274,-1.3016778383701249,-1.4353633416705107,0.5546326939298485,0.2443531949317824,0.5912656283160941,-0.9810717883828703,-0.0802980293508594,0.0854226366322106,-0.6905007325835415,0.2342436367860984,-0.5792498356245634,0.0061761930050473,0.3537182183790943,-1.199464991656367,-1.0771224740148828,-0.4666911243005268,0.5912656283160941,-0.9810717883828703,-0.3683423132413711,0.0,0.0,0.0,0.0,其他,0,0,0.5,1.0,0,0.206060606060606,,,0.2935222672064777,0.2651821862348178,0.4331983805668016,0.20445344129554655,0.5242914979757085,0.22267206477732793,0.5,0.5,0.5,0.5,0.20606060606060606,0.5,0.5
2026-07-22,23.81,23.81,23.23,23.36,841000.0,24.646,25.377,26.369,28.6665,-0.0521788525521382,-0.0794814201836308,-0.1141112670180894,-0.1851115413461705,26.369,29.130066918116324,23.60793308188368,-0.0448980573872388,0.2094176433012896,-0.0201342281879194,-0.0875,-0.1427522935779817,-0.1612208258527828,0.0269941667661425,0.0223989546790199,0.0269763357026664,27.239263799001847,-1.027525569297783,-0.7642130866095227,-0.2633124826882602,-121336160.0,33.68416930695784,1.1392857142857142,0.7245791194735334,0.0,0.0,0.0162671232876712,-0.0201342281879194,0.0269763357026664,27.239263799001847,-0.424867996605285,0.0,0.0,0.0,0.5,-1.6776954432859257,-1.1290436701459778,-1.7895920858286054,-1.4514872741740898,-0.4878191048347085,-1.7690480685950178,-1.900014138233765,-1.969126427221526,-2.138998700358115,-1.394532964106537,-1.7928659946264445,-2.1278627532558945,-2.314821164612518,-1.969126427221526,-1.3680871911160997,-2.245119010969454,-1.4767533943165942,0.611279132443735,-0.5037929982585861,-1.1727873232814476,-1.5940546317923163,-1.385031291888246,0.4919171396303442,0.1843825290734386,0.5793351309387639,-1.0466234710119964,-0.1693133485093421,0.0356212467383644,-0.8603120713858748,0.1854779127670579,-1.0141495033817294,-0.0103522253327838,-0.4603511228273564,-1.195937728144182,-1.0740163276923766,-0.5037929982585861,0.5793351309387639,-1.0466234710119964,-0.833551453794204,0.0,0.0,0.0,0.0,其他,0,0,0.5,1.0,0,0.3137651821862348,,,0.24493927125506074,0.2550607287449393,0.4473684210526316,0.22267206477732793,0.291497975708502,0.2165991902834008,0.5,0.5,0.5,0.5,0.31376518218623484,0.5,0.5
2026-07-23,23.37,23.8,23.3,23.69,648297.0,24.128,25.076,26.1305,28.53966666666667,-0.0181531830238724,-0.0552719732014674,-0.0933966054993207,-0.1699272357771055,26.1305,28.954409011505817,23.306590988494182,0.0678862190560768,0.2161389190023159,0.0141267123287671,-0.0985540334855403,-0.1127340823970036,-0.1676036542515812,0.0219871786801943,0.0240903038967986,0.0265695320417129,21.66446498938835,-1.0842498122982676,-0.8282204317472718,-0.2560293805509958,-120687863.0,27.522707094373388,1.0557142857142858,0.6188100513047736,0.0670731707303444,0.0290748898675854,,0.0141267123287671,0.0265695320417129,21.66446498938835,-0.2291355529131985,0.0,0.0,0.0,0.5,-1.7190285362577304,-1.1267888215835788,-1.7726925199514718,-1.415737097517545,-0.5489327465704453,-1.8257470466693864,-1.9331710264733168,-1.996646254091744,-2.151640241216247,-0.3534580597629989,-1.1579858333533113,-1.6623100558963912,-2.05281019780528,-1.996646254091744,-1.383664016422681,-2.2843914927908364,-1.101640894326454,0.6632214057451737,0.5726821331049121,-1.3448802774417212,-1.191571658937022,-1.451120214490394,0.1686501589465062,0.3089300773851006,0.543672899613329,-1.4066575211428558,-0.2109493900950156,-0.012803917841255,-0.8359977496679876,0.2226716709302815,-1.4097932658307264,-0.0727679565552376,-0.6514412221003066,-0.9881127587452178,-0.955161202788814,0.5726821331049121,0.543672899613329,-1.4066575211428558,-0.5131775158930957,0.0,0.0,0.0,0.0,其他,0,0,0.5,1.0,0,,,,0.12955465587044535,0.18218623481781376,0.41295546558704455,0.07692307692307693,0.18016194331983806,0.19635627530364372,0.5,0.5,0.5,0.5,0.5,0.5,0.5
2026-07-24,23.69,23.69,23.01,23.02,654300.0,23.642000000000003,24.69,25.9465,28.395333333333333,-0.0263091109043229,-0.0676387201296071,-0.1127897789682614,-0.1893034066630666,25.9465,29.077077716988647,22.815922283011343,0.0325942582223608,0.2413102127051113,-0.0282819755170958,-0.0954813359528486,-0.1436011904761904,-0.1378277153558053,0.0216116013018387,0.0236654894659092,0.0239759595051706,16.87657430432907,-1.1697830532553617,-0.8965329560488899,-0.2732500972064717,-121342163.0,16.276560047446836,1.0057142857142858,0.6585403081169496,0.0,0.0,,-0.0282819755170958,0.0239759595051706,16.87657430432907,0.0092596448849833,0.0,0.0,0.0,0.5,-1.6759135615777772,-1.1315509328483733,-1.79844604685221,-1.472839747737008,-0.5461858451731207,-1.8775343072464368,-1.9779398472872285,-2.014736656288188,-2.167836573305521,-0.6021937181043754,-1.4749961923517565,-2.076720787077297,-2.346737933405359,-2.014736656288188,-1.364665758428795,-2.357265177470604,-1.2144352983038305,0.8603919482773832,-0.7605347857235409,-1.29182950647714,-1.5950186091271206,-1.1146828698222906,0.1442181970098263,0.2771626789684913,0.3211216232078752,-1.7117664981713132,-0.2738455929001657,-0.0644873309196656,-0.8877983336124582,0.1846009436345966,-2.126190714734116,-0.1100750806550623,-0.5782622763007211,-1.1901087884000496,-1.0685282506160168,-0.7605347857235409,0.3211216232078752,-1.7117664981713132,-0.1234094322200663,0.0,0.0,0.0,0.0,其他,0,0,0.5,1.0,0,,,,0.06477732793522267,0.2145748987854251,0.31376518218623484,0.03441295546558704,0.35020242914979755,0.1902834008097166,0.5,0.5,0.5,0.5,0.5,0.5,0.5
2026-07-27,22.99,23.65,22.62,23.46,6266.0,23.474,24.462,25.7705,28.288,-0.0005964045326742,-0.040961491292617,-0.089656778098989,-0.1706730769230768,25.7705,29.048737491798327,22.49226250820167,0.1476002721286528,0.2544178414687809,0.0191138140747177,-0.0345679012345678,-0.0885780885780884,-0.1304670126019274,0.0217707695394073,0.0237817084526414,0.024383390437813,24.722222217415123,-1.1883657001219703,-0.954899504863506,-0.2334661952584643,-121335897.0,18.012487970139176,0.9814285714285712,0.0067321672373054,0.0836501901124783,0.037639007698566,,0.0191138140747177,0.024383390437813,24.722222217415123,-0.9904233532018952,0.0,0.0,0.0,0.5,-1.7457207890839794,-1.1313939905732031,-1.835553778145161,-1.426851609336995,-0.7534525568546131,-1.888734186804517,-1.999254502435204,-2.031158040287844,-2.1753814881560736,0.1853472613913673,-0.7787143177621028,-1.5619618214794306,-2.032147964655911,-2.031158040287844,-1.363260335082534,-2.397745336770696,-0.833562554380254,0.9618104090274416,0.7304475568342541,-0.3203924198883007,-0.8634668835934463,-1.0297270794607696,0.1543283897194835,0.2854045658876383,0.3555721013359266,-1.1963626678086712,-0.2872418120459777,-0.1086342825734438,-0.7624835327833779,0.1847448242962181,-2.0019393489549144,-0.128127277164968,-1.7558710593252382,-0.9318939562082303,-0.9156004157989251,0.7304475568342541,0.3555721013359266,-1.1963626678086712,-1.7508640594305895,0.0,0.0,0.0,0.0,其他,0,0,0.5,1.0,0,,,,0.10323886639676114,0.19230769230769232,0.3097165991902834,0.058704453441295545,0.32186234817813764,0.16194331983805668,0.5,0.5,0.5,0.5,0.5,0.5,0.5
2026-07-28,23.46,23.74,23.26,23.45,5259.0,23.396,24.245,25.616,28.17533333333333,0.0023080868524534,-0.0327902660342337,-0.0845565271705183,-0.1677117100063886,25.616,29.029986094381783,22.20201390561821,0.1827755093111328,0.2665510692042833,-0.0004262574595056,-0.0163590604026845,-0.0846994535519126,-0.1164280331574981,0.0207464261701847,0.0239044776131872,0.0243118676709371,23.087818692305547,-1.1901798456713486,-1.0019555730250749,-0.1882242726462739,-121341156.0,19.12007769737125,0.971428571428571,0.005933467986238,0.0817490494281035,0.0367835757054167,,-0.0004262574595056,0.0243118676709371,23.087818692305547,-0.1607085860197893,0.0,0.0,0.0,0.5,-1.6860187001847389,-1.1221521117573825,-1.7514233785950903,-1.422828862466761,-0.7524258364178354,-1.8885321221220344,-2.018585886855784,-2.043759718320389,-2.183876240591582,0.2740920739688971,-0.5649234050470051,-1.444726755899822,-1.9716748307553424,-2.043759718320389,-1.3607689777749343,-2.4310007967924903,-0.716248731404144,1.055082500258499,0.1147581345788253,-0.0297856159463343,-0.8104326667952902,-0.8707450367263609,0.0879062982131859,0.2941292727312138,0.3489640423142588,-1.298819188726002,-0.2882287080740823,-0.1442001198619044,-0.6205000162221753,0.184222059582001,-1.919847003980191,-0.1354700349066621,-1.748759255656976,-0.9356102065290562,-0.9167862588001848,0.1147581345788253,0.3489640423142588,-1.298819188726002,-0.3959934661421186,0.0,0.0,0.0,0.0,其他,0,0,0.5,1.0,0,,,,0.20445344129554655,0.23481781376518218,0.31983805668016196,0.03441295546558704,0.19635627530364372,0.16396761133603238,0.5,0.5,0.5,0.5,0.5,0.5,0.5
2026-07-29,23.37,23.87,23.3,23.74,6873.0,23.472,24.059,25.4405,28.063333333333333,0.0114178595773686,-0.0132590714493537,-0.0668422397358543,-0.1540563012234233,25.4405,28.86167539051014,22.01932460948986,0.2514743025537221,0.2689550433754598,0.0123667377398719,0.0162671232876712,-0.07265625,-0.1288073394495413,0.0191100397417548,0.0247267958232501,0.0234944725186881,28.23529411183391,-1.1549039785585045,-1.0325452541317606,-0.1223587244267438,-121334283.0,20.7277171458486,0.9278571428571424,0.0083350831995441,0.1368821292749639,0.0615911035067441,,0.0123667377398719,0.0234944725186881,28.23529411183391,0.3069024529378208,0.0,0.0,0.0,0.5,-1.6885185159446376,-1.110171979759267,-1.7386410066446936,-1.391188008190476,-0.7505634941595354,-1.8691983749989127,-2.033129636979249,-2.0594733901084417,-2.191971184556345,0.5529691420613319,-0.0555238930785686,-1.054037915115012,-1.7437345306546637,-2.0594733901084417,-1.375519794996797,-2.443931798192392,-0.4888108119551114,1.0713336398068924,0.517472872619085,0.4907560220584785,-0.6495099229462472,-1.0069147477948812,-0.0181403798860358,0.3546733304525724,0.278376142552766,-0.9611983657359584,-0.2617471893613107,-0.1672597274629358,-0.4145269306344404,0.1844034085813923,-1.8074182081319377,-0.1680068384001148,-1.736024768744303,-0.7653010439760952,-0.8156305568540773,0.517472872619085,0.278376142552766,-0.9611983657359584,0.3675523214030166,0.0,0.0,0.0,0.0,其他,0,0,0.5,1.0,0,,,,0.31237322515212984,0.2210953346855984,0.30425963488843816,0.08113590263691683,0.2799188640973631,0.15010141987829614,0.5,0.5,0.5,0.5,0.5,0.5,0.5
