date,open,high,low,close,volume,ma5,ma10,ma20,ma60,ma5_ratio,ma10_ratio,ma20_ratio,ma60_ratio,bollinger_mid,bollinger_upper,bollinger_lower,bollinger_pct_b,bollinger_bandwidth,return_1d,return_5d,return_10d,return_20d,volatility_5d,volatility_10d,volatility_20d,rsi_14,macd,macd_signal,macd_histogram,obv,mfi_14,atr_14,volume_ratio_20d,price_position_20d,price_position_60d,future_return,return,volatility,rsi,volume_change,csi300_return_1d,csi300_return_5d,csi300_volatility_20d,market_breadth,open_norm,high_norm,low_norm,close_norm,volume_norm,ma5_norm,ma10_norm,ma20_norm,ma60_norm,ma5_ratio_norm,ma10_ratio_norm,ma20_ratio_norm,ma60_ratio_norm,bollinger_mid_norm,bollinger_upper_norm,bollinger_lower_norm,bollinger_pct_b_norm,bollinger_bandwidth_norm,return_1d_norm,return_5d_norm,return_10d_norm,return_20d_norm,volatility_5d_norm,volatility_10d_norm,volatility_20d_norm,rsi_14_norm,macd_norm,macd_signal_norm,macd_histogram_norm,obv_norm,mfi_14_norm,atr_14_norm,volume_ratio_20d_norm,price_position_20d_norm,price_position_60d_norm,return_norm,volatility_norm,rsi_norm,volume_change_norm,csi300_return_1d_norm,csi300_return_5d_norm,csi300_volatility_20d_norm,market_breadth_norm,sector,sector_momentum_5d,sector_momentum_20d,sector_breadth,sector_vol_flow,sector_relative_strength,future_return_rank,future_return_10d,future_return_20d,cs_rank_return_5d,cs_rank_return_20d,cs_rank_volatility,cs_rank_rsi,cs_rank_volume_ratio_20d,cs_rank_ma20_ratio,cs_rank_max_ret_5d,cs_rank_reversal_1d,cs_rank_amihud_illiq,cs_rank_idio_vol_20d,future_return_rank_5d,future_return_rank_10d,future_return_rank_20d
2024-09-03,50.21,51.03,43.52,43.57,13149352.0,,,,,,,,,,,,,,,,,,,,,,0.0,0.0,0.0,0.0,,,,,,-0.2442047280238696,,,,,0.0,0.0,0.0,0.5,,,,,,,,,,,,,,,,,,,,,,,,,,,,,,,,,,,,,,,,,,,,其他,0,0,0.5,1.0,0,0.0020491803278688,-0.25912324994262104,-0.14046362175809035,0.5,0.5,0.5,0.5,0.5,0.5,0.5,0.5,0.5,0.5,0.0020491803278688526,0.0020491803278688526,0.004098360655737705
2024-09-04,39.99,41.18,38.51,38.72,10158611.0,,,,,,,,,,,,,,-0.1113151250860684,,,,,,,,-0.1088141025640965,-0.0604522792022758,-0.0483618233618206,-10158611.0,,,,,,-0.1714876033057851,-0.1113151250860684,,,-0.2274439835514328,0.0,0.0,0.0,0.5,,,,,,,,,,,,,,,,,,,,,,,,,,,,,,,,,,,,,,,,,,,,其他,0,0,0.5,1.0,0,0.0020491803278688,-0.18853305785123964,-0.08445247933884292,0.5,0.5,0.5,0.5,0.5,0.5,0.5,0.5,0.5,0.5,0.0020491803278688526,0.0020491803278688526,0.010245901639344262
2024-09-05,36.99,37.48,35.52,35.64,8528193.0,,,,,,,,,,,,,,-0.0795454545454544,,,,,,,,-0.2341613805364844,-0.1316445338474432,-0.1025168466890411,-18686804.0,,,,,,-0.0987654320987655,-0.0795454545454544,,,-0.1604961544447366,0.0,0.0,0.0,0.5,,,,,,,,,,,,,,,,,,,,,,,,,,,,,,,,,,,,,,,,,,,,其他,0,0,0.5,1.0,0,0.0225409836065573,-0.13327721661054992,0.023569023569023573,0.5,0.5,0.5,0.5,0.5,0.5,0.5,0.5,0.5,0.5,0.022540983606557378,0.01639344262295082,0.0389344262295082
2024-09-06,35.13,37.2,35.12,35.68,7939388.0,,,,,,,,,,,,,,0.0011223344556676,,,,,,,,-0.2839888941238229,-0.183251701962748,-0.1007371921610748,-10747416.0,,,,,,-0.1129484304932735,0.0011223344556676,,,-0.0690421757575139,0.0,0.0,0.0,0.5,,,,,,,,,,,,,,,,,,,,,,,,,,,,,,,,,,,,,,,,,,,,其他,0,0,0.5,1.0,0,0.0204918032786885,-0.11911434977578472,0.0005605381165920686,0.5,0.5,0.5,0.5,0.5,0.5,0.5,0.5,0.5,0.5,0.020491803278688523,0.020491803278688523,0.030737704918032786
2024-09-09,33.66,34.45,33.1,33.89,5660143.0,37.5,,,,-0.0962666666666666,,,,,,,,,-0.0501681614349776,,,,,,,,-0.3763139581895629,-0.2406833583843374,-0.1356305998052255,-16407559.0,,,,,,-0.047506639126586,-0.0501681614349776,,,-0.2870806918618916,0.0,0.0,0.0,0.5,,,,,,,,,,,,,,,,,,,,,,,,,,,,,,,,,,,,,,,,,,,,其他,0,0,0.5,1.0,0,0.1741803278688524,-0.06196518146946006,0.04868692829743293,0.5,0.5,0.5,0.5,0.5,0.5,0.5,0.5,0.5,0.5,0.17418032786885246,0.022540983606557378,0.055327868852459015
2024-09-10,34.09,34.28,32.69,32.93,4547095.0,35.372,,,,-0.0690376569037657,,,,,,,,,-0.0283269401003245,-0.2442047280238696,,,0.0437299392465852,,,,-0.4657905531986017,-0.3016999238969209,-0.1640906293016807,-20954654.0,,,,,,-0.019738839963559,-0.0283269401003245,,,-0.1966466218256323,0.0,0.0,0.0,0.5,,,,,,,,,,,,,,,,,,,,,,,,,,,,,,,,,,,,,,,,,,,,其他,0,0,0.5,1.0,0,0.2069672131147541,-0.018220467658669914,0.06802307925903439,0.0,0.5,0.5,0.5,0.5,0.5,0.5,0.5,0.5,0.5,0.2069672131147541,0.03278688524590164,0.125
2024-09-11,32.8,33.16,32.07,32.08,3775954.0,34.044,,,,-0.0576900481729526,,,,,,,,,-0.0258123291831157,-0.1714876033057851,,,0.0301503914933548,,,,-0.553656117468968,-0.3654633149104004,-0.1881928025585676,-24730608.0,,,,,,-0.0205735660847878,-0.0258123291831157,,,-0.1695898150357535,0.0,0.0,0.0,0.5,,,,,,,,,,,,,,,,,,,,,,,,,,,,,,,,,,,,,,,,,,,,其他,0,0,0.5,1.0,0,0.1823770491803278,0.08509975062344144,0.12780548628428923,0.0,0.5,0.5,0.5,0.5,0.5,0.5,0.5,0.5,0.5,0.18237704918032788,0.15778688524590165,0.2581967213114754
2024-09-12,32.15,32.81,31.89,32.12,3641484.0,33.34,,,,-0.0365926814637072,,,,,,,,,0.0012468827930174,-0.0987654320987655,,,0.0218521782285005,,,,-0.6017682287434312,-0.4222518294193672,-0.1795163993240639,-21089124.0,,,,,,-0.0382938978829389,0.0012468827930174,,,-0.0356121923095461,0.0,0.0,0.0,0.5,,,,,,,,,,,,,,,,,,,,,,,,,,,,,,,,,,,,,,,,,,,,其他,0,0,0.5,1.0,0,0.0573770491803278,0.19209215442092153,0.13013698630136994,0.02053388090349076,0.5,0.5,0.5,0.5,0.5,0.5,0.5,0.5,0.5,0.05737704918032787,0.23565573770491804,0.2540983606557377
2024-09-13,32.1,32.67,31.31,31.65,3440327.0,32.534,,,,-0.0271715743529845,,,,,,,,,-0.0146326276463262,-0.1129484304932735,,,0.0189134085265915,,,,-0.6492472116022654,-0.4746888888335147,-0.1745583227687507,-24529451.0,,,,,,-0.00695102685624,-0.0146326276463262,,,-0.0552403910054252,0.0,0.0,0.0,0.5,,,,,,,,,,,,,,,,,,,,,,,,,,,,,,,,,,,,,,,,,,,,其他,0,0,0.5,1.0,0,0.0450819672131147,0.33080568720379144,0.14597156398104283,0.018480492813141684,0.5,0.5,0.5,0.5,0.5,0.5,0.5,0.5,0.5,0.045081967213114756,0.6352459016393442,0.17008196721311475
2024-09-18,32.07,34.2,31.33,32.28,4234846.0,32.212,34.856,,,0.002111014528747,-0.0739040624282763,,,,,,,,0.0199052132701422,-0.047506639126586,,,0.0201683465500723,,,,-0.6410308314536692,-0.5119591401169468,-0.1290716913367224,-20294605.0,,,,,,-0.0151796778190831,0.0199052132701422,,,0.2309428725815889,0.0,0.0,0.0,0.5,,,,,,,,,,,,,,,,,,,,,,,,,,,,,,,,,,,,,,,,,,,,其他,0,0,0.5,1.0,0,0.0184804928131416,0.26177199504337034,0.11741016109045854,0.1728395061728395,0.5,0.5,0.5,0.5,0.5,0.5,0.5,0.5,0.5,0.018480492813141684,0.7659137577002053,0.07597535934291581
2024-09-19,31.92,32.49,31.65,32.28,3597811.0,32.082,33.727,,,0.0061716850570412,-0.0429033118866188,,,,,,,,0.0,-0.019738839963559,-0.259123249942621,,0.0173473302442588,0.0408929311559137,,,-0.6261036138700362,-0.5369332987598964,-0.0891703151101398,-20294605.0,,,,,,0.0015489467162328,0.0,,,-0.150426957674494,0.0,0.0,0.0,0.5,,,,,,,,,,,,,,,,,,,,,,,,,,,,,,,,,,,,,,,,,,,,其他,0,0,0.5,1.0,0,0.0225409836065573,0.16016109045848825,0.11214374225526624,0.2053388090349076,0.5,0.5,0.5,0.5,0.5,0.5,0.5,0.5,0.5,0.022540983606557378,0.4036885245901639,0.11270491803278689
2024-09-20,32.2,32.3,31.33,31.42,3364833.0,31.95,32.997,,,-0.0165884194053207,-0.0477922235354728,,,,,,,,-0.0266418835192069,-0.0205735660847878,-0.1885330578512396,,0.0176117408523827,0.0289079356117327,,,-0.6538823361047932,-0.5620490473283315,-0.0918332887764616,-23659438.0,,,,,,0.107893061744112,-0.0266418835192069,,,-0.0647554860441529,0.0,0.0,0.0,0.5,,,,,,,,,,,,,,,,,,,,,,,,,,,,,,,,,,,,,,,,,,,,其他,0,0,0.5,1.0,0,0.319672131147541,0.1282622533418205,0.16486314449395278,0.1806981519507187,0.5,0.5,0.5,0.5,0.5,0.5,0.5,0.5,0.5,0.319672131147541,0.4426229508196721,0.22131147540983606
2024-09-23,31.66,31.84,30.71,30.89,2898157.0,31.704,32.522,,,-0.0256749936916477,-0.0501814156570935,,,,,,,,-0.0168682367918523,-0.0382938978829389,-0.1332772166105499,,0.0181124050397182,0.0200778631176694,,,-0.6957485014505735,-0.5903444969461786,-0.1054040045043949,-26557595.0,,,,,,0.2395597280673356,-0.0168682367918523,,,-0.1386921728359178,0.0,0.0,0.0,0.5,,,,,,,,,,,,,,,,,,,,,,,,,,,,,,,,,,,,,,,,,,,,其他,0,0,0.5,1.0,0,0.625,0.18096471349951426,0.21398510844933627,0.057494866529774126,0.5,0.5,0.5,0.5,0.5,0.5,0.5,0.5,0.5,0.625,0.6188524590163934,0.3319672131147541
2024-09-24,30.99,31.49,30.46,31.43,3825262.0,31.660000000000004,32.096999999999994,,,-0.0072646873025901,-0.0207807583263232,,,,,,,,0.0174813855616704,-0.00695102685624,-0.1191143497757847,,0.0205465582479235,0.0220209271253702,,8.538251365303722,-0.6867532307830189,-0.6105132759969201,-0.0762399547860988,-22732333.0,6.115422511097819,2.302142857142857,,,,0.340120903595291,0.0174813855616704,,8.538251365303722,0.3198946778935716,0.0,0.0,0.0,0.5,,,,,,,,,,,,,,,,,,,,,,,,,,,,,,,,,,,,,,,,,,,,其他,0,0,0.5,1.0,0,0.8954918032786885,0.13585746102449892,0.14094813872096723,0.043121149897330596,0.5,0.5,0.0,0.5,0.5,0.5,0.5,0.5,0.5,0.8954918032786885,0.7028688524590164,0.29918032786885246
2024-09-25,31.46,32.32,31.44,31.79,4015007.0,31.562,31.887,,,0.0072238768138901,-0.0030419920343713,,,,,,,,0.0114540248170538,-0.0151796778190831,-0.06196518146946,,0.0186322064022227,0.0186335512074346,,10.733333332331554,-0.6498441419475824,-0.6186663085168874,-0.031177833430695,-18717326.0,11.147992567628108,1.829285714285715,,,,0.2812205095942119,0.0114540248170538,,10.733333332331554,0.0496031382948409,0.0,0.0,0.0,0.5,,,,,,,,,,,,,,,,,,,,,,,,,,,,,,,,,,,,,,,,,,,,其他,0,0,0.5,1.0,0,0.944672131147541,0.11796162315193448,0.12110726643598624,0.018480492813141684,0.5,0.5,0.0,0.5,0.5,0.5,0.5,0.5,0.5,0.944672131147541,0.6495901639344263,0.2725409836065574
2024-09-26,31.6,32.38,31.36,32.33,3804123.0,31.572,31.827,,,0.0240086152286838,0.0158041914098092,,,,,,,,0.0169864737338785,0.0015489467162328,-0.0182204676586699,,0.0207273844500899,0.0181638419936845,,20.112254440771068,-0.5809190978389154,-0.610898213957782,0.0299791161188666,-14913203.0,18.408426244168663,1.5407142857142866,,,,0.1583668419424684,0.0169864737338785,,20.112254440771068,-0.0525239432957401,0.0,0.0,0.0,0.5,,,,,,,,,,,,,,,,,,,,,,,,,,,,,,,,,,,,,,,,,,,,其他,0,0,0.5,1.0,0,0.8872950819672131,0.08784410763996298,0.13454995360346422,0.02053388090349076,0.5,0.5,0.0,0.5,0.5,0.5,0.5,0.5,0.5,0.8872950819672131,0.7704918032786885,0.4364754098360656
2024-09-27,32.78,35.56,32.51,34.81,7512268.0,32.25,32.1,,,0.0793798449612404,0.084423676012461,,,,,,,,0.0767089390658832,0.107893061744112,0.0850997506234414,,0.0341210625011098,0.0288335927699566,,45.88701684199785,-0.3676712969296432,-0.5611321995320367,0.1934609026023935,-7400935.0,31.401830144954303,1.5428571428571445,,,,0.0183855214018959,0.0767089390658832,,45.88701684199785,0.9747700061223046,0.0,0.0,0.0,0.5,,,,,,,,,,,,,,,,,,,,,,,,,,,,,,,,,,,,,,,,,,,,其他,0,0,0.5,1.0,0,0.6331967213114754,0.039356506750933606,0.00890548692904325,0.3182751540041068,0.5,0.5,0.022587268993839837,0.5,0.5,0.5,0.5,0.5,0.5,0.6331967213114754,0.6127049180327869,0.1598360655737705
2024-09-30,35.99,38.29,35.4,38.29,9482367.0,33.73,32.717,,,0.1351912244292914,0.1703395788122383,,,,,,,,0.0999712726228094,0.2395597280673356,0.1920921544209215,,0.0409069428306151,0.040564735691676,,59.6452328097928,0.0195691784648559,-0.4428613456385645,0.4624305241034204,2081432.0,47.06321589349962,1.6428571428571437,,,,-0.0472708278924001,0.0999712726228094,,59.6452328097928,0.2622508941374295,0.0,0.0,0.0,0.5,,,,,,,,,,,,,,,,,,,,,,,,,,,,,,,,,,,,,,,,,,,,其他,0,0,0.5,1.0,0,0.5071868583162218,-0.0519717942021416,-0.06633585792635155,0.6255144032921811,0.5,0.5,0.026748971193415638,0.5,0.5,0.5,0.5,0.5,0.5,0.5071868583162218,0.5051334702258727,0.13552361396303902
2024-10-08,42.12,42.12,38.88,42.12,9663732.0,35.867999999999995,33.764,,,0.1743057878889262,0.2474825257670889,,,,,,,,0.1000261164794984,0.340120903595291,0.3308056872037914,,0.0438193977123116,0.0460170568057512,,76.42903017938337,0.5626190796741497,-0.2388247838280544,0.8014438635022041,11745164.0,59.94738028098104,1.732142857142858,,,,-0.1524216524216523,0.1000261164794984,,76.42903017938337,0.0191265535282487,0.0,0.0,0.0,0.5,,,,,,,,,,,,,,,,,,,,,,,,,,,,,,,,,,,,,,,,,,,,其他,0,0,0.5,1.0,0,0.0946502057613168,-0.13888888888888873,-0.13342830009496676,0.8969072164948454,0.5,0.5,0.10721649484536082,0.5,0.5,0.5,0.5,0.5,0.5,0.09465020576131687,0.05761316872427984,0.030864197530864196
2024-10-09,40.03,43.7,39.11,40.73,7934285.0,37.65599999999999,34.608999999999995,34.7325,,0.0816337369874655,0.1768615100118467,0.1726768876412581,,34.7325,42.53742658180513,26.92757341819487,0.8842124545984179,0.4494307396117559,-0.0330009496676163,0.2812205095942119,0.2617719950433703,,0.0584578807026862,0.0501498861761977,,74.37499999349218,0.8837777704773089,-0.01168553573026,0.8954633062075689,3810879.0,68.798989595419,1.9464285714285725,1.309577119660696,0.7760252365869396,,-0.1274245028234716,-0.0330009496676163,,74.37499999349218,-0.178962640934165,0.0,0.0,0.0,0.5,,,,,,,,,,,,,,,,,,,,,,,,,,,,,,,,,,,,,,,,,,,,其他,0,0,0.5,1.0,0,0.0205761316872428,-0.11441198134053521,-0.0957525165725509,0.9463917525773196,0.5,0.5,0.8329896907216495,0.1134020618556701,0.8041237113402062,0.5,0.5,0.5,0.5,0.0205761316872428,0.012345679012345678,0.018518518518518517
2024-10-10,40.73,40.97,37.0,37.45,5014251.0,38.68,35.126,34.4265,,-0.0317993795243018,0.0661618174571543,0.0878247861385852,,34.4265,41.1818620807552,27.6711379192448,0.7237851919544794,0.3924512849540659,-0.0805303216302478,0.1583668419424684,0.1601610904584882,-0.1404636217580903,0.0838640510056551,0.0600330443345956,0.0551320686549691,64.56863808516572,0.9043188294550148,0.1732207972074499,0.7310980322475649,-1203372.0,66.916612797223,2.152142857142858,0.8871786342338605,0.5841495992824212,,-0.0608811748998665,-0.0805303216302478,0.0551320686549691,64.56863808516572,-0.3680273647846025,0.0,0.0,0.0,0.5,,,,,,,,,,,,,,,,,,,,,,,,,,,,,,,,,,,,,,,,,,,,其他,0,0,0.5,1.0,0,0.1954732510288065,-0.041388518024032206,-0.0010680907877170798,0.8907216494845361,0.002061855670103093,0.9649484536082474,0.21443298969072164,0.07835051546391752,0.24329896907216494,0.5,0.5,0.5,0.5,0.19547325102880658,0.10493827160493827,0.0823045267489712
2024-10-11,37.04,37.89,35.2,35.45,2811987.0,38.80800000000001,35.529,34.263,,-0.0865285508142651,-0.0022235357032284,0.0346437848407905,,34.263,40.73308695947418,27.79291304052581,0.5917298335691379,0.3776719469664242,-0.0534045393858477,0.0183855214018959,0.1282622533418205,-0.0844524793388429,0.0869009579091893,0.0627097699484734,0.050654047989959,58.16576752911075,0.7752940829689976,0.2945305624368912,0.4807635205321063,-4015359.0,67.32945665213188,2.2785714285714294,0.5321121668491963,0.4060552092572927,,0.0205923836389279,-0.0534045393858477,0.050654047989959,58.16576752911075,-0.4392009893401826,0.0,0.0,0.0,0.5,,,,,,,,,,,,,,,,,,,,,,,,,,,,,,,,,,,,,,,,,,,,其他,0,0,0.5,1.0,0,0.5667351129363449,0.03244005641748937,0.05726375176304632,0.6350515463917525,0.008247422680412371,0.9175257731958762,0.11958762886597939,0.016494845360824743,0.12577319587628866,0.5,0.5,0.5,0.5,0.5667351129363449,0.28336755646817247,0.18480492813141683
2024-10-14,35.64,36.48,34.5,36.48,2625022.0,38.446,36.088,34.305,,-0.0511366592103209,0.0108623365107514,0.0634018364669872,,34.305,40.823448313905125,27.786551686094874,0.6668341831669979,0.3800290519682917,0.029055007052186,-0.0472708278924001,0.1809647134995142,0.0235690235690235,0.0724380116940468,0.0618837149807567,0.0477786484994078,61.52744629660437,0.7360141673506959,0.3833515902254053,0.3526625771252906,-1390337.0,67.74350278203704,2.322857142857143,0.5261179707745821,0.4977738201202333,,-0.0049342105263158,0.029055007052186,0.0477786484994078,61.52744629660437,-0.0664885719599699,0.0,0.0,0.0,0.5,,,,,,,,,,,,,,,,,,,,,,,,,,,,,,,,,,,,,,,,,,,,其他,0,0,0.5,1.0,0,0.4804928131416838,0.027960526315789602,0.042489035087719396,0.5072164948453608,0.03711340206185567,0.8474226804123711,0.11752577319587629,0.0288659793814433,0.2309278350515464,0.5,0.5,0.5,0.5,0.4804928131416838,0.23203285420944558,0.19096509240246407
2024-10-15,36.49,37.37,35.63,35.7,2803880.0,37.162,36.515,34.306,,-0.0393412625800547,-0.0223195946871148,0.0406342913776016,,34.306,40.82534255645621,27.78665744354379,0.6069126210095229,0.380070107645147,-0.0213815789473682,-0.1524216524216523,0.1358574610244989,0.000560538116592,0.0407881853604514,0.0631601615749412,0.0480701682590935,58.10426539898835,0.6431964050449253,0.4355671341236994,0.2076292709212258,-4194217.0,67.27407663648836,2.2421428571428565,0.5924555835274832,0.4283170080104338,,0.0159663865546217,-0.0213815789473682,0.0480701682590935,58.10426539898835,0.0681358099094027,0.0,0.0,0.0,0.5,,,,,,,,,,,,,,,,,,,,,,,,,,,,,,,,,,,,,,,,,,,,其他,0,0,0.5,1.0,0,0.2684426229508196,0.004481792717086819,0.04537815126050404,0.09259259259259259,0.02880658436213992,0.8477366255144033,0.06995884773662552,0.09053497942386832,0.25925925925925924,0.5,0.5,0.5,0.5,0.26844262295081966,0.11065573770491803,0.13729508196721313
2024-10-16,34.99,36.2,34.89,35.54,1628899.0,36.124,36.89,34.3885,,-0.0161665374820064,-0.0365952832746001,0.0334850313331491,,34.3885,40.92740792427185,27.84959207572815,0.5880498711158578,0.3802961992673616,-0.0044817927170869,-0.1274245028234716,0.1179616231519344,0.0486869282974329,0.042543716158758,0.0634484116091638,0.0465675179087911,57.666980240793336,0.552334205278207,0.4590091096341552,0.0933250956440517,-5823116.0,68.86030235752514,2.2757142857142854,0.3594946855379606,0.4140694568084232,,0.0149127743387731,-0.0044817927170869,0.0465675179087911,57.666980240793336,-0.4190553804014437,0.0,0.0,0.0,0.5,,,,,,,,,,,,,,,,,,,,,,,,,,,,,,,,,,,,,,,,,,,,其他,0,0,0.5,1.0,0,0.2991803278688524,0.002813731007315745,0.08891389983117626,0.018518518518518517,0.05555555555555555,0.8024691358024691,0.09259259259259259,0.012345679012345678,0.1934156378600823,0.5,0.5,0.5,0.5,0.29918032786885246,0.1680327868852459,0.35655737704918034
2024-10-17,35.58,36.09,35.13,35.17,1878142.0,35.668,37.174,34.5005,,-0.0139620948749579,-0.053908645827729,0.0194055158620889,,34.5005,41.01089484613887,27.990105153861137,0.5514177723292712,0.3774087242863143,-0.010410804727068,-0.0608811748998665,0.0878441076399629,0.0680230792590343,0.029777653908613,0.0638471609407345,0.0460952512069008,59.02744342404245,0.4491495493311035,0.4570312197682267,-0.0078816704371231,-7701258.0,70.00393692012085,2.2749999999999995,0.427080315965967,0.3811219946537747,,0.0207563264145578,-0.010410804727068,0.0460952512069008,59.02744342404245,0.1530131702456689,0.0,0.0,0.0,0.5,,,,,,,,,,,,,,,,,,,,,,,,,,,,,,,,,,,,,,,,,,,,其他,0,0,0.5,1.0,0,0.2151639344262295,0.0429343190218936,0.053170315609894825,0.1934156378600823,0.12345679012345678,0.779835390946502,0.20164609053497942,0.018518518518518517,0.2345679012345679,0.5,0.5,0.5,0.5,0.2151639344262295,0.2725409836065574,0.23770491803278687
2024-10-18,35.02,36.8,34.91,36.18,2673204.0,35.814,37.311,34.7055,,0.0102194672474451,-0.0303127763930208,0.0424860612871158,,34.7055,41.152878822762816,28.258121177237182,0.6143487951051335,0.3715479576864898,0.0287176570941143,0.0205923836389279,0.0393565067509336,0.1278054862842892,0.0232492123949171,0.0599838681615914,0.0458333728397844,62.44705881941526,0.4350966581709841,0.452633674837559,-0.0175370166665749,-5028054.0,73.81530529976497,2.329285714285714,0.6155918199409978,0.4710596616164643,,0.0116086235489221,0.0287176570941143,0.0458333728397844,62.44705881941526,0.4233236890501357,0.0,0.0,0.0,0.5,,,,,,,,,,,,,,,,,,,,,,,,,,,,,,,,,,,,,,,,,,,,其他,0,0,0.5,1.0,0,0.1639344262295081,-0.029297954671089088,0.007462686567164312,0.5646817248459959,0.257201646090535,0.7777777777777778,0.33539094650205764,0.02880658436213992,0.35802469135802467,0.5,0.5,0.5,0.5,0.16393442622950818,0.09016393442622951,0.19672131147540983
2024-10-21,36.09,36.54,35.87,36.3,2756088.0,35.778,37.112,34.9145,,0.0145899714908601,-0.0218797154559173,0.0396826533388707,,34.9145,41.27945826256624,28.549541737433746,0.6088381056705081,0.3646025727160932,0.0033167495854062,-0.0049342105263158,-0.0519717942021416,0.1301369863013699,0.0188265289329438,0.0500220075864939,0.0458220100891821,61.68987037511446,0.4276485167983068,0.4476269588325085,-0.0199784420342016,-2271966.0,78.57617960782655,2.3035714285714284,0.6412154525523801,0.4817453250179718,,0.0330578512396695,0.0033167495854062,0.0458220100891821,61.68987037511446,0.031005490041164,0.0,0.0,0.0,0.5,,,,,,,,,,,,,,,,,,,,,,,,,,,,,,,,,,,,,,,,,,,,其他,0,0,0.5,1.0,0,0.2377049180327868,-0.015151515151515027,-0.018732782369145995,0.4784394250513347,0.25308641975308643,0.7716049382716049,0.4876543209876543,0.06995884773662552,0.3991769547325103,0.5,0.5,0.5,0.5,0.23770491803278687,0.11065573770491803,0.16188524590163936
2024-10-22,36.02,36.5,35.76,36.27,2138602.0,35.892,36.527,35.145500000000006,,0.0105315947843531,-0.0070358912585209,0.0319955613094136,,35.145500000000006,41.34479529102002,28.946204708979987,0.59069579259838,0.3527788929451779,-0.0008264462809915,0.0159663865546217,-0.1388888888888887,0.1459715639810428,0.0150965292170111,0.0343981257729884,0.0455805207510838,60.926829264131854,0.4147013710693059,0.4410316355113539,-0.0263302644420479,-4410568.0,74.81526055506868,2.292857142857143,0.5052048500281694,0.4790739091675954,,-0.0113041080783017,-0.0008264462809915,0.0455805207510838,60.926829264131854,-0.224044370136222,0.0,0.0,0.0,0.5,,,,,,,,,,,,,,,,,,,,,,,,,,,,,,,,,,,,,,,,,,,,其他,0,0,0.5,1.0,0,0.165983606557377,0.006341328921974032,0.0030328094844223052,0.2669404517453799,0.16872427983539096,0.757201646090535,0.4074074074074074,0.047325102880658436,0.1831275720164609,0.5,0.5,0.5,0.5,0.16598360655737704,0.1762295081967213,0.22540983606557377
2024-10-23,36.24,36.6,35.95,36.07,2211800.0,35.998000000000005,36.061,35.335,,0.0020001111172842,0.0002495771054602,0.0208009056176594,,35.335,41.39563918810721,29.27436081189279,0.560637168550326,0.3430388673038096,-0.0055141990625862,0.0149127743387731,-0.1144119813405352,0.1174101610904585,0.0152353631731247,0.0338307895469566,0.0455797230209167,59.27579364667729,0.3852548440382861,0.4298624504353285,-0.0446076063970423,-6622368.0,74.35884740050321,2.266428571428571,0.5352873896474963,0.4612644701650823,,-0.0119212642084834,-0.0055141990625862,0.0455797230209167,59.27579364667729,0.0342270324258557,0.0,0.0,0.0,0.5,,,,,,,,,,,,,,,,,,,,,,,,,,,,,,,,,,,,,,,,,,,,其他,0,0,0.5,1.0,0,0.2028688524590164,0.02107014139173824,0.020238425284169637,0.29774127310061604,0.07613168724279835,0.7674897119341564,0.448559670781893,0.04938271604938271,0.12962962962962962,0.5,0.5,0.5,0.5,0.2028688524590164,0.26229508196721313,0.26844262295081966
2024-10-24,35.86,36.26,35.62,35.9,1798300.0,36.144,35.90599999999999,35.516,,-0.0067507746790614,-0.0001671029911433,0.0108120283815744,,35.516,41.40631104531213,29.625688954687867,0.5325959017268156,0.3316990114481105,-0.0047130579428888,0.0207563264145578,-0.0413885180240322,0.1121437422552662,0.0141506978073891,0.0236025697533719,0.0456274348872776,53.053221284354365,0.3453593060127105,0.4129450673861357,-0.0675857613734252,-8420668.0,68.95167272861926,2.081428571428571,0.4449023628823126,0.4461264470129463,,0.0217270194986072,-0.0047130579428888,0.0456274348872776,53.053221284354365,-0.1869518039605751,0.0,0.0,0.0,0.5,,,,,,,,,,,,,,,,,,,,,,,,,,,,,,,,,,,,,,,,,,,,其他,0,0,0.5,1.0,0,0.3668032786885246,0.04206128133704734,0.025069637883008422,0.2135523613963039,0.1111111111111111,0.7654320987654321,0.30864197530864196,0.10905349794238683,0.12345679012345678,0.5,0.5,0.5,0.5,0.3668032786885246,0.22540983606557377,0.2540983606557377
2024-10-25,35.9,36.66,35.8,36.6,2507320.0,36.228,36.021,35.775,,0.0102683007618418,0.0160739568584993,0.0230607966457023,,35.775,41.35430574817142,30.195694251828577,0.5739339298812399,0.3119108734119259,0.0194986072423399,0.0116086235489221,0.0324400564174893,0.1648631444939527,0.0102082262578831,0.0169588247604947,0.0450369678627873,44.39283343980424,0.3617191915317406,0.4026917687151224,-0.0409725771833818,-5913348.0,64.53481612391825,1.894285714285714,0.6269656126620188,0.5084594835217414,,-0.0404371584699454,0.0194986072423399,0.0450369678627873,44.39283343980424,0.3942723683478841,0.0,0.0,0.0,0.5,,,,,,,,,,,,,,,,,,,,,,,,,,,,,,,,,,,,,,,,,,,,其他,0,0,0.5,1.0,0,0.1700819672131147,0.024043715846994385,-0.02595628415300555,0.162217659137577,0.22016460905349794,0.7345679012345679,0.2962962962962963,0.17695473251028807,0.18106995884773663,0.5,0.5,0.5,0.5,0.17008196721311475,0.26024590163934425,0.26639344262295084
2024-10-28,37.0,37.92,36.74,37.5,3000610.0,36.468,36.123000000000005,36.1055,,0.0282987824942413,0.0381197574952245,0.0386229244851892,,36.1055,41.231058146757206,30.979941853242792,0.6360339654734634,0.2839211835727527,0.0245901639344261,0.0330578512396695,0.0279605263157896,0.2139851084493362,0.0143170442527418,0.016250145787447,0.0447560673919207,30.97199340664241,0.4369737784530798,0.4095525191799363,0.0274212592731434,-2912738.0,58.08088897686776,1.715,0.7493549147295712,0.5678203928852403,,-0.0466666666666666,0.0245901639344261,0.0447560673919207,30.97199340664241,0.1967399454397524,0.0,0.0,0.0,0.5,,,,,,,,,,,,,,,,,,,,,,,,,,,,,,,,,,,,,,,,,,,,其他,0,0,0.5,1.0,0,0.2012320328542094,0.014133333333333331,-0.03733333333333333,0.2366255144032922,0.3319587628865979,0.6907216494845361,0.041237113402061855,0.1711340206185567,0.20824742268041238,0.5,0.5,0.5,0.5,0.20123203285420946,0.30184804928131415,0.32238193018480493
2024-10-29,37.82,37.97,35.79,35.86,2864393.0,36.386,36.139,36.327,,-0.014456109492662,-0.0077201914828853,-0.0128554518677567,,36.327,40.96114376352874,31.692856236471258,0.4496131298601151,0.255134955461006,-0.0437333333333334,-0.0113041080783017,0.0044817927170868,0.1409481387209672,0.0270675314487611,0.0208454702333325,0.0463316675772485,30.347054072438567,0.3686519102018835,0.4013682474655453,-0.0327163372636618,-5777131.0,43.33234148271872,1.5428571428571425,0.7240237762669057,0.3939980638877639,,0.0178471834913553,-0.0437333333333334,0.0463316675772485,30.347054072438567,-0.0453964360580015,0.0,0.0,0.0,0.5,,,,,,,,,,,,,,,,,,,,,,,,,,,,,,,,,,,,,,,,,,,,其他,0,0,0.5,1.0,0,0.4344262295081967,0.0407138873396542,-0.005577244841048601,0.16427104722792607,0.29835390946502055,0.7263374485596708,0.006172839506172839,0.13786008230452676,0.0720164609053498,0.5,0.5,0.5,0.5,0.4344262295081967,0.3770491803278688,0.4036885245901639
2024-10-30,35.7,36.33,35.2,35.64,1824512.0,36.3,36.149,36.5195,,-0.018181818181818,-0.0140806108052781,-0.0240830241377894,,36.5195,40.65290932301394,32.38609067698606,0.3936108268853882,0.2263672461563068,-0.0061349693251533,-0.0119212642084834,0.0028137310073157,0.1211072664359862,0.0270892421838649,0.0208971322056528,0.0464218353377581,40.30010717508891,0.2945063373804899,0.3799871922621463,-0.0854808548816564,-7601643.0,47.895155386898,1.3399999999999994,0.4743070940809684,0.3381001021415927,,0.0333894500561167,-0.0061349693251533,0.0464218353377581,40.30010717508891,-0.3630371251430931,0.0,0.0,0.0,0.5,,,,,,,,,,,,,,,,,,,,,,,,,,,,,,,,,,,,,,,,,,,,其他,0,0,0.5,1.0,0,0.569672131147541,0.08585858585858586,0.008698092031425464,0.20123203285420946,0.2716049382716049,0.7119341563786008,0.08829568788501027,0.03292181069958848,0.07818930041152264,0.5,0.5,0.5,0.5,0.569672131147541,0.7131147540983607,0.45286885245901637
2024-10-31,35.6,36.86,35.6,36.68,2497783.0,36.456,36.3,36.737,,0.0061443932411673,0.0104683195592287,-0.0015515692625963,,36.737,40.369653662486776,33.10434633751323,0.4921544956738048,0.1977653952405959,0.0291806958473623,0.0217270194986072,0.0429343190218936,0.1345499536034642,0.0303195656762293,0.0223075948901736,0.046643092325607,57.347670241303845,0.3113255069979033,0.3662503973644856,-0.0549248903665823,-5103860.0,55.88651355791507,1.2378571428571423,0.660549354801025,0.2558139534848724,,0.0199018538713193,0.0291806958473623,0.046643092325607,57.347670241303845,0.3690142898484636,0.0,0.0,0.0,0.5,,,,,,,,,,,,,,,,,,,,,,,,,,,,,,,,,,,,,,,,,,,,其他,0,0,0.5,1.0,0,0.2842535787321063,0.009814612868047856,-0.013086150490730586,0.36270491803278687,0.4353182751540041,0.7474332648870636,0.27459016393442626,0.13141683778234087,0.22176591375770022,0.5,0.5,0.5,0.5,0.2842535787321063,0.47443762781186094,0.38445807770961143
2024-11-01,36.42,36.6,34.94,35.12,2276000.0,36.16,36.194,36.7525,,-0.0287610619469028,-0.0296734265347848,-0.0444187470240119,,36.7525,40.35303724061455,33.15196275938545,0.2732977204606429,0.1959342760685533,-0.0425299890948746,-0.0404371584699454,-0.029297954671089,0.0089054869290432,0.0350600047696435,0.0249166460758006,0.0448985063812735,42.35955055513445,0.2030740381344173,0.3336066507173136,-0.1305326125828962,-7379860.0,56.50260628716901,1.2207142857142854,0.6466719543558704,0.0,,0.0671981776765375,-0.0425299890948746,0.0448985063812735,42.35955055513445,-0.0887919406930065,0.0,0.0,0.0,0.5,,,,,,,,,,,,,,,,,,,,,,,,,,,,,,,,,,,,,,,,,,,,其他,0,0,0.5,1.0,0,0.5954825462012321,0.037870159453303076,0.036446469248291535,0.16666666666666666,0.15876288659793814,0.6927835051546392,0.11728395061728394,0.049484536082474224,0.07010309278350516,0.5,0.5,0.5,0.5,0.5954825462012321,0.6550308008213552,0.5071868583162218
2024-11-04,35.11,35.75,35.02,35.75,1255732.0,35.81,36.139,36.6255,,-0.0016755096341805,-0.0107639945764962,-0.0239041105240884,,36.6255,40.17653824698898,33.07446175301102,0.3767261939828394,0.1939107041257749,0.0179384965831435,-0.0466666666666666,-0.015151515151515,-0.0663358579263515,0.0336240448495459,0.0257240213534741,0.0387433464937205,50.28571427766855,0.1638116925643444,0.2996406046149408,-0.1358289120505963,-6124128.0,50.37396120786923,1.1485714285714284,0.4040026547609729,0.0899999999987146,,0.0637762237762238,0.0179384965831435,0.0387433464937205,50.28571427766855,-0.4482724077328647,0.0,0.0,0.0,0.5,,,,,,,,,,,,,,,,,,,,,,,,,,,,,,,,,,,,,,,,,,,,其他,0,0,0.5,1.0,0,0.5995893223819302,-0.0036363636363636598,0.031048951048951112,0.19958847736625515,0.13402061855670103,0.6061855670103092,0.11522633744855967,0.020618556701030927,0.07835051546391752,0.5,0.5,0.5,0.5,0.5995893223819302,0.5359342915811088,0.42299794661190965
2024-11-05,35.65,36.55,35.65,36.5,1993682.0,35.938,36.162,36.3445,,0.0156380432967888,0.0093468281621591,0.0042785015614468,,36.3445,38.77863855939128,33.91036144060872,0.5319414848729269,0.1339481109595444,0.020979020979021,0.0178471834913553,0.006341328921974,-0.1334283000949667,0.0290874953037008,0.0266683609965748,0.0309607852678692,55.13918628723825,0.1882967666848927,0.2773681363803921,-0.0890713696954994,-4130446.0,56.04477234816879,1.119285714285714,0.731700370745726,0.2459893048084498,,0.0224657534246575,0.020979020979021,0.0309607852678692,55.13918628723825,0.5876652024476561,0.0,0.0,0.0,0.5,,,,,,,,,,,,,,,,,,,,,,,,,,,,,,,,,,,,,,,,,,,,其他,0,0,0.5,1.0,0,0.4517453798767967,-0.0032876712328766544,0.013424657534246709,0.43415637860082307,0.0288659793814433,0.33814432989690724,0.1646090534979424,0.12371134020618557,0.10927835051546392,0.5,0.5,0.5,0.5,0.4517453798767967,0.5770020533880903,0.4353182751540041
2024-11-06,36.58,37.38,36.29,36.83,2533649.0,36.176,36.238,36.1495,,0.0180782839451569,0.0163364424085215,0.0188246033831724,,36.1495,37.47825050131187,34.82074949868814,0.7560676361937532,0.0735141842243013,0.009041095890411,0.0333894500561167,0.0210701413917382,-0.0957525165725509,0.0285674743779371,0.0266731841263531,0.030502732059636,58.924731173925295,0.2305090164037864,0.2679950664903806,-0.0374860500865941,-1596797.0,62.72313455173848,1.1285714285714283,1.0321654098631,0.7184873949277942,,0.0507738256855825,0.009041095890411,0.030502732059636,58.924731173925295,0.2708390806557916,0.0,0.0,0.0,0.5,,,,,,,,,,,,,,,,,,,,,,,,,,,,,,,,,,,,,,,,,,,,其他,0,0,0.5,1.0,0,0.7659137577002053,-0.0008145533532446514,-0.0002715177844148098,0.5699588477366255,0.016494845360824743,0.5835051546391753,0.16666666666666666,0.38762886597938145,0.19381443298969073,0.5,0.5,0.5,0.5,0.7659137577002053,0.5297741273100616,0.48254620123203285
2024-11-07,36.78,37.41,36.51,37.41,2482800.0,36.322,36.389,36.1475,,0.0299542976708331,0.0280579295941079,0.0349263434539042,,36.1475,37.4681039288302,34.826896071169784,0.978001001034627,0.0730675111045884,0.0157480314960629,0.0199018538713193,0.0420612813370473,-0.001068090787717,0.0265083039516991,0.0268501185773821,0.024980780898912,56.93348364377599,0.3053579709149616,0.2754684420809014,0.0298895288340602,886003.0,62.59558266916302,1.0578571428571426,1.0664397597160198,0.9621848739091504,,-0.0098904036353915,0.0157480314960629,0.024980780898912,56.93348364377599,-0.0200694729222555,0.0,0.0,0.0,0.5,,,,,,,,,,,,,,,,,,,,,,,,,,,,,,,,,,,,,,,,,,,,其他,0,0,0.5,1.0,0,0.7433264887063655,-0.016305800588078068,-0.008019246190858031,0.2839506172839506,0.08041237113402062,0.3731958762886598,0.12551440329218108,0.3168724279835391,0.15432098765432098,0.5,0.5,0.5,0.5,0.7433264887063655,0.5934291581108829,0.5708418891170431
2024-11-08,37.59,37.97,37.17,37.48,2658211.0,36.794,36.477,36.249,,0.0186443441865522,0.0274967787921156,0.0339595575050344,,36.249,37.65327767534536,34.84472232465465,0.9383036280924368,0.0774795263506017,0.0018711574445335,0.0671981776765375,0.0240437158469943,0.0572637517630463,0.0076658738680093,0.0263264786718445,0.0215555068175539,56.68934239462981,0.3658343410388625,0.2935431594993998,0.0722911815394626,3544214.0,62.59295269163399,1.0671428571428565,1.1455675624461994,0.9915966386137972,,-0.0274813233724651,0.0018711574445335,0.0215555068175539,56.68934239462981,0.0706504752698566,0.0,0.0,0.0,0.5,,,,,,,,,,,,,,,,,,,,,,,,,,,,,,,,,,,,,,,,,,,,其他,0,0,0.5,1.0,0,0.7069672131147541,-0.048826040554962646,-0.006136606189967919,0.5934291581108829,0.1806981519507187,0.2751540041067762,0.1437371663244353,0.41683778234086244,0.2299794661190965,0.5,0.5,0.5,0.5,0.7069672131147541,0.5717213114754098,0.4713114754098361
2024-11-11,37.2,38.18,37.15,38.03,2237336.0,37.25,36.53,36.3265,,0.0209395973154362,0.0410621407062687,0.0468941406411298,,36.3265,37.93996015885431,34.71303984114568,1.0279027159576206,0.0888310274234993,0.0146744930629669,0.0637762237762238,0.0141333333333333,0.0424890350877193,0.0072818490608375,0.0255865199869311,0.0208699617587207,59.42184153284895,0.4513845114753962,0.3251135784659772,0.126270933009419,5781550.0,69.39847011965068,1.0878571428571422,0.9723121058166933,0.9999999999656356,,-0.0633710228766764,0.0146744930629669,0.0208699617587207,59.42184153284895,-0.1583301701783643,0.0,0.0,0.0,0.5,,,,,,,,,,,,,,,,,,,,,,,,,,,,,,,,,,,,,,,,,,,,其他,0,0,0.5,1.0,0,0.5092402464065708,-0.050749408361819626,-0.008151459374178383,0.5967078189300411,0.18518518518518517,0.25102880658436216,0.23868312757201646,0.43004115226337447,0.31893004115226337,0.5,0.5,0.5,0.5,0.5092402464065708,0.5400410677618069,0.4887063655030801
2024-11-12,38.4,38.41,37.02,37.32,2537916.0,37.414,36.676,36.4075,,-0.0025124285026995,0.0175591667575525,0.0250635171324589,,36.4075,38.05090948544232,34.76409051455768,0.7776240517063348,0.0902786231099529,-0.0186694714698921,0.0224657534246575,0.0407138873396542,0.045378151260504,0.0140924610132822,0.0215503647235502,0.0207162924121136,56.345177656966165,0.4583321409358021,0.351758741660614,0.1065733992751881,3243634.0,61.78658181565434,1.140714285714285,1.1093507441015324,0.7560137456784876,,-0.02518756698821,-0.0186694714698921,0.0207162924121136,56.345177656966165,0.1343472772976432,0.0,0.0,0.0,0.5,,,,,,,,,,,,,,,,,,,,,,,,,,,,,,,,,,,,,,,,,,,,其他,0,0,0.5,1.0,0,0.6878850102669405,-0.044480171489817866,0.00562700964630225,0.448559670781893,0.13168724279835392,0.2736625514403292,0.205761316872428,0.5288065843621399,0.2037037037037037,0.5,0.5,0.5,0.5,0.6878850102669405,0.5790554414784395,0.5523613963039015
2024-11-13,37.3,38.7,36.91,38.7,3552518.0,37.788,36.982,36.5655,,0.0241346459193396,0.0464550321778163,0.0583746974607213,,36.5655,38.44796730592975,34.68303269407025,1.0669421171803777,0.1029641222422558,0.0369774919614147,0.0507738256855825,0.0858585858585858,0.0889138998311762,0.0204366098612249,0.0234771711549445,0.0220217397257347,62.65822784016984,0.5654192026557112,0.3944926951858227,0.1709265074698885,6796152.0,69.04661359519264,1.2228571428571422,1.4901939859892692,0.999999999972067,,-0.0490956072351422,0.0369774919614147,0.0220217397257347,62.65822784016984,0.3997776128130323,0.0,0.0,0.0,0.5,,,,,,,,,,,,,,,,,,,,,,,,,,,,,,,,,,,,,,,,,,,,其他,0,0,0.5,1.0,0,0.2854209445585215,-0.07105943152454774,-0.032558139534883845,0.7633744855967078,0.35185185185185186,0.30864197530864196,0.4506172839506173,0.8991769547325102,0.6111111111111112,0.5,0.5,0.5,0.5,0.28542094455852157,0.28542094455852157,0.27104722792607805
2024-11-14,38.65,38.65,37.01,37.04,2657084.0,37.714,37.018,36.659000000000006,,-0.0178713475102083,0.000594305473013,0.0103930821899123,,36.659000000000006,38.43221474342943,34.885785256570585,0.6074319964209159,0.0967410318570928,-0.0428940568475453,-0.0098904036353915,0.0098146128680478,0.0531703156098948,0.0306663357995406,0.0271984903005187,0.0242631346400385,51.83028285586003,0.5139397304406401,0.4183829346901361,0.095556795750504,4139068.0,61.40419083103716,1.2821428571428568,1.096664832758741,0.53631284914703,,-0.0064794816414687,-0.0428940568475453,0.0242631346400385,51.83028285586003,-0.2520561472172695,0.0,0.0,0.0,0.5,,,,,,,,,,,,,,,,,,,,,,,,,,,,,,,,,,,,,,,,,,,,其他,0,0,0.5,1.0,0,0.4312114989733059,-0.022678185745140245,0.015928725701944035,0.7407407407407407,0.2345679012345679,0.38065843621399176,0.32098765432098764,0.8271604938271605,0.4547325102880658,0.5,0.5,0.5,0.5,0.43121149897330596,0.4271047227926078,0.32854209445585214
2024-11-15,37.13,37.59,36.41,36.45,1729547.0,37.508,37.151,36.6725,,-0.028207315772635,-0.0188689402707865,-0.0060672165791805,,36.6725,38.434435239863646,34.91056476013635,0.4368592003242691,0.0960902714491153,-0.0159287257019437,-0.0274813233724651,0.037870159453303,0.0074626865671643,0.0311901640680123,0.0234807112437996,0.0238100460077792,45.51665242837548,0.4218495562183406,0.4190762783233767,0.0027732778949639,2409521.0,54.6640170278827,1.2721428571428572,0.728017535422226,0.3715083798778917,,-0.0219478737997257,-0.0159287257019437,0.0238100460077792,45.51665242837548,-0.3490807968434569,0.0,0.0,0.0,0.5,,,,,,,,,,,,,,,,,,,,,,,,,,,,,,,,,,,,,,,,,,,,其他,0,0,0.5,1.0,0,0.375,-0.001371742112482921,0.007956104252400564,0.704312114989733,0.19301848049281314,0.33675564681724846,0.37782340862423,0.5852156057494866,0.5503080082135524,0.5,0.5,0.5,0.5,0.375,0.36270491803278687,0.28688524590163933
2024-11-18,36.45,36.68,35.38,35.62,1413516.0,37.026,37.138,36.6385,,-0.0379733160481823,-0.04087457590608,-0.0277986271272023,,36.6385,38.45606662080165,34.82093337919835,0.219817697913937,0.0992162135893493,-0.0227709190672155,-0.0633710228766764,-0.0036363636363636,-0.0187327823691459,0.0296943082093179,0.0243050794889563,0.0243640292875676,48.89908256252672,0.2802179711375814,0.3913039975436603,-0.1110860264060789,996005.0,57.18677139548319,1.2092857142857143,0.6122919056814307,0.1396648044653722,,0.0134755755193711,-0.0227709190672155,0.0243640292875676,48.89908256252672,-0.182724725029155,0.0,0.0,0.0,0.5,,,,,,,,,,,,,,,,,,,,,,,,,,,,,,,,,,,,,,,,,,,,其他,0,0,0.5,1.0,0,0.5359342915811088,0.03481190342504226,0.03649635036496357,0.5082304526748971,0.15843621399176955,0.345679012345679,0.4506172839506173,0.2613168724279835,0.4074074074074074,0.5,0.5,0.5,0.5,0.5359342915811088,0.40451745379876797,0.4209445585215606
2024-11-19,35.62,36.39,35.45,36.38,1017900.0,36.838,37.126,36.644000000000005,,-0.0124328139421249,-0.0200937348488928,-0.007204453662264,,36.644000000000005,38.4575327547721,34.83046724522791,0.4272138869981698,0.0989811567933166,0.021336327905671,-0.02518756698821,-0.0032876712328766,0.0030328094844223,0.032887392690412,0.0243397440257896,0.024855158436864,53.23426572775105,0.2254216811652654,0.3581269423695383,-0.1327052612042729,2013905.0,61.83493184204636,1.195714285714286,0.4518917824174141,0.3519553072527396,,-0.0197910940076967,0.021336327905671,0.024855158436864,53.23426572775105,-0.2798808078578523,0.0,0.0,0.0,0.5,,,,,,,,,,,,,,,,,,,,,,,,,,,,,,,,,,,,,,,,,,,,其他,0,0,0.5,1.0,0,0.4702258726899384,0.01676745464540952,-0.02528862012094557,0.6872427983539094,0.2222222222222222,0.360082304526749,0.5349794238683128,0.15432098765432098,0.48148148148148145,0.5,0.5,0.5,0.5,0.4702258726899384,0.3798767967145791,0.2648870636550308
2024-11-20,36.3,36.96,36.17,36.8,1332545.0,36.458000000000006,37.123000000000005,36.6805,,0.0093806571945798,-0.0087008054305958,0.0032578618066818,,36.6805,38.47467155783583,34.88632844216417,0.5333022779858377,0.0978269956969474,0.0115448048378228,-0.0490956072351422,-0.0008145533532446,0.0202384252841696,0.0261059270305144,0.0244563789559002,0.0249323952355255,50.554528644105694,0.2127689179208332,0.3290549225500651,-0.1162860046292319,3346450.0,60.37373680159576,1.1621428571428574,0.6033525709897867,0.4692737430036507,,-0.0230978260869563,0.0115448048378228,0.0249323952355255,50.554528644105694,0.3091118970429316,0.0,0.0,0.0,0.5,,,,,,,,,,,,,,,,,,,,,,,,,,,,,,,,,,,,,,,,,,,,其他,0,0,0.5,1.0,0,0.4435318275154004,0.0005434782608697564,-0.03179347826086942,0.28189300411522633,0.26337448559670784,0.3477366255144033,0.4156378600823045,0.4279835390946502,0.47530864197530864,0.5,0.5,0.5,0.5,0.44353182751540043,0.47638603696098564,0.26283367556468173
2024-11-21,36.76,36.98,36.39,36.8,1263500.0,36.41,37.062,36.7255,,0.0107113430376271,-0.0070692353353839,0.0020285632598602,,36.7255,38.4819974118667,34.96900258813329,0.5212069768633207,0.0956554661944382,0.0,-0.0064794816414687,-0.016305800588078,0.0250696378830084,0.0183982978048012,0.0238424917747607,0.0248948124335368,59.07127428912528,0.2004268577853167,0.3033290158591877,-0.1029021580738709,3346450.0,66.69608592437106,1.0799999999999998,0.5791016403357606,0.4692737430036507,,-0.0163043478260868,0.0,0.0248948124335368,59.07127428912528,-0.0518143852552821,0.0,0.0,0.0,0.5,,,,,,,,,,,,,,,,,,,,,,,,,,,,,,,,,,,,,,,,,,,,其他,0,0,0.5,1.0,0,0.5061475409836066,0.008423913043478226,-0.03749999999999987,0.4271047227926078,0.25256673511293637,0.34496919917864477,0.5749486652977412,0.5030800821355236,0.4620123203285421,0.5,0.5,0.5,0.5,0.5061475409836066,0.4959016393442623,0.2889344262295082
2024-11-22,36.66,36.93,35.53,35.65,1597399.0,36.25,36.879000000000005,36.678,,-0.016551724137931,-0.0333251986225224,-0.0280277005289273,,36.678,38.498984117968746,34.85701588203125,0.2177350450567151,0.0992957150315602,-0.03125,-0.0219478737997257,-0.0488260405549626,-0.0259562841530055,0.0223283482889179,0.025577193272604,0.0255453899921568,49.488752549152935,0.0982878411546934,0.2623204063298516,-0.1640325651751581,1749051.0,65.89202306795197,1.127857142857143,0.7477298761173155,0.1480446927332949,,0.0210378681626928,-0.03125,0.0255453899921568,49.488752549152935,0.2642651365255244,0.0,0.0,0.0,0.5,,,,,,,,,,,,,,,,,,,,,,,,,,,,,,,,,,,,,,,,,,,,其他,0,0,0.5,1.0,0,0.4241803278688524,0.04488078541374474,0.005610098176718203,0.37166324435318276,0.2648870636550308,0.34291581108829566,0.5503080082135524,0.47638603696098564,0.49691991786447637,0.5,0.5,0.5,0.5,0.42418032786885246,0.42213114754098363,0.32172131147540983
2024-11-25,35.7,36.29,35.31,36.1,1008004.0,36.346,36.686,36.608,,-0.0067682826170691,-0.0159733958458266,-0.0138767482517481,,36.608,38.4033929345615,34.81260706543849,0.3585267909166862,0.0980874636449191,0.0126227208976157,0.0134755755193711,-0.0507494083618196,-0.0373333333333333,0.0205169595784586,0.0254122197785797,0.0250497374413872,47.89029535157739,0.0524947332460001,0.2203549650502755,-0.1678602318042754,2757055.0,61.23224580450921,1.1335714285714285,0.4949198860205989,0.2737430167521308,,0.0210526315789472,0.0126227208976157,0.0250497374413872,47.89029535157739,-0.3689716845947693,0.0,0.0,0.0,0.5,,,,,,,,,,,,,,,,,,,,,,,,,,,,,,,,,,,,,,,,,,,,其他,0,0,0.5,1.0,0,0.2930327868852459,0.044875346260387694,-0.035180055401662136,0.5359342915811088,0.3203285420944558,0.351129363449692,0.5482546201232033,0.23408624229979466,0.5749486652977412,0.5,0.5,0.5,0.5,0.2930327868852459,0.5307377049180327,0.3401639344262295
2024-11-26,36.09,36.27,35.6,35.66,926304.0,36.202,36.52,36.598,,-0.0149715485332302,-0.0235487404162102,-0.025629815836931,,36.598,38.4130551680755,34.782944831924496,0.241605650196649,0.0991887626684815,-0.0121883656509697,-0.0197910940076967,-0.0444801714898178,-0.0055772448410486,0.0183266288814546,0.0251028792907428,0.023180561243739,43.8998957183045,-0.0185635741204066,0.1725709778706371,-0.1911345519910438,1830751.0,55.46801617517501,1.1035714285714282,0.4775262812307825,0.1508379888226018,,0.0372966909702749,-0.0121883656509697,0.023180561243739,43.8998957183045,-0.0810512656695806,0.0,0.0,0.0,0.5,,,,,,,,,,,,,,,,,,,,,,,,,,,,,,,,,,,,,,,,,,,,其他,0,0,0.5,1.0,0,0.3934426229508196,0.05243970835670231,0.015143017386427537,0.4702258726899384,0.4024640657084189,0.3264887063655031,0.4702258726899384,0.3613963039014374,0.5051334702258727,0.5,0.5,0.5,0.5,0.39344262295081966,0.5327868852459017,0.5778688524590164
2024-11-27,35.59,35.97,34.53,35.95,1279159.0,36.032,36.245,36.6135,,-0.0022757548845468,-0.0081390536625739,-0.0181217310554849,,36.6135,38.39916543692576,34.82783456307424,0.3142149177805345,0.0975413679064216,0.0081323611890073,-0.0230978260869563,-0.0710594315245477,0.0086980920314254,0.0176612631764917,0.0211909596600279,0.0232020810066948,42.15053762806341,-0.0511904085236025,0.1278184912931255,-0.179008899816728,3109910.0,48.3764597079528,1.142142857142857,0.6688310780083494,0.2318435754125195,,0.0242002781641168,0.0081323611890073,0.0232020810066948,42.15053762806341,0.3809278595363941,0.0,0.0,0.0,0.5,,,,,,,,,,,,,,,,,,,,,,,,,,,,,,,,,,,,,,,,,,,,其他,0,0,0.5,1.0,0,0.5368852459016393,0.0414464534075103,-0.015577190542420127,0.44353182751540043,0.4517453798767967,0.3182751540041068,0.5338809034907598,0.49691991786447637,0.5112936344969199,0.5,0.5,0.5,0.5,0.5368852459016393,0.4057377049180328,0.5594262295081968
2024-11-28,35.88,36.36,35.73,36.2,1285562.0,35.912,36.161,36.5895,,0.0080196034751616,0.0010785099969581,-0.0106451304335942,,36.5895,38.38428161697497,34.794718383025035,0.3914909768533192,0.0981036426827401,0.0069541029207231,-0.0163043478260868,-0.0226781857451402,-0.0130861504907305,0.018367534274484,0.01736304135225,0.0222796184650156,43.2489451412924,-0.0564692583159498,0.0909608034703284,-0.1474300617862782,4395472.0,45.24550127316472,1.13,0.6941786089687979,0.3016759776452056,,0.0251381215469612,0.0069541029207231,0.0222796184650156,43.2489451412924,0.0050056326070488,0.0,0.0,0.0,0.5,,,,,,,,,,,,,,,,,,,,,,,,,,,,,,,,,,,,,,,,,,,,其他,0,0,0.5,1.0,0,0.5655737704918032,0.0395027624309392,-0.012430939226519389,0.5051334702258727,0.38193018480492813,0.29774127310061604,0.5236139630390144,0.46611909650924027,0.4928131416837782,0.5,0.5,0.5,0.5,0.5655737704918032,0.32786885245901637,0.5778688524590164
2024-11-29,36.0,36.7,35.75,36.4,1413904.0,36.062,36.156,36.6535,,0.0093727469358326,0.0067485341298816,-0.0069161198794113,,36.6535,38.3139029314406,34.9930970685594,0.4236631075378713,0.0905999662480292,0.0055248618784529,0.0210378681626928,-0.0013717421124829,0.0364464692482915,0.0095436385237721,0.0167879125221026,0.0199709370909308,41.073384440580206,-0.0441896397691294,0.0639306339169401,-0.1081202736860696,5809376.0,43.09660336701529,1.1242857142857143,0.7816748814443768,0.2532467532385308,,0.0233516483516484,0.0055248618784529,0.0199709370909308,41.073384440580206,0.0998333802648181,0.0,0.0,0.0,0.5,,,,,,,,,,,,,,,,,,,,,,,,,,,,,,,,,,,,,,,,,,,,其他,0,0,0.5,1.0,0,0.5020491803278688,0.00934065934065953,-0.02280219780219772,0.42299794661190965,0.5030800821355236,0.24229979466119098,0.4537987679671458,0.4989733059548255,0.47433264887063653,0.5,0.5,0.5,0.5,0.5020491803278688,0.3483606557377049,0.5204918032786885
2024-12-02,36.39,37.03,36.37,36.86,1498604.0,36.214,36.28,36.709,,0.0178384050367261,0.0159867695700108,0.0041134326731862,,36.709,38.31557727057104,35.102422729428966,0.5469943160255298,0.0875304296257953,0.0126373626373625,0.0210526315789472,0.0348119034250422,0.0310489510489511,0.0095468672299834,0.0151032962534778,0.019782304590841,47.40990990243537,0.0022365449381851,0.0515917865755195,-0.0493552416373344,7307980.0,52.07782711493223,1.072142857142858,0.8229760505053112,0.4025974025843312,,0.0233315246880085,0.0126373626373625,0.019782304590841,47.40990990243537,0.0599050572033179,0.0,0.0,0.0,0.5,,,,,,,,,,,,,,,,,,,,,,,,,,,,,,,,,,,,,,,,,,,,其他,0,0,0.5,1.0,0,0.7433264887063655,0.0016277807921867282,-0.010309278350515538,0.29218106995884774,0.4218106995884774,0.22839506172839505,0.4670781893004115,0.4074074074074074,0.38271604938271603,0.5,0.5,0.5,0.5,0.7433264887063655,0.4620123203285421,0.7392197125256673
2024-12-03,36.86,37.13,36.6,36.99,1196500.0,36.48,36.341,36.73350000000001,,0.0139802631578946,0.0178586169890759,0.0069827269386253,,36.73350000000001,38.34160152860928,35.12539847139073,0.5797524271256205,0.0875550398739514,0.0035268583830712,0.0372966909702749,0.0167674546454095,0.0134246575342467,0.0034158614448745,0.0137608683955697,0.0192661103658302,38.79423328252795,0.0488471765358937,0.0510428635160667,-0.0021956869801729,8504480.0,45.96893378799176,0.9821428571428577,0.6717766609011218,0.4448051947907537,,0.0145985401459853,0.0035268583830712,0.0192661103658302,38.79423328252795,-0.2015902800206058,0.0,0.0,0.0,0.5,,,,,,,,,,,,,,,,,,,,,,,,,,,,,,,,,,,,,,,,,,,,其他,0,0,0.5,1.0,0,0.6940451745379876,-0.041362530413625365,0.08488780751554481,0.39300411522633744,0.43209876543209874,0.21604938271604937,0.2242798353909465,0.3045267489711934,0.3950617283950617,0.5,0.5,0.5,0.5,0.6940451745379876,0.3490759753593429,0.9425051334702259
2024-12-04,36.95,37.73,36.55,36.82,1986198.0,36.654,36.343,36.733,35.87166666666667,0.0045288372346812,0.0131249484082216,0.0023684425448506,0.026436835013706,36.733,38.34098140863817,35.12501859136182,0.5270525515655619,0.087549691483614,-0.004595836712625,0.0242002781641168,0.0005434782608697,-0.0002715177844148,0.0062548386462986,0.0134269550486591,0.0192019627922775,48.20846904438245,0.0713663664210102,0.0551075703262005,0.0162587960948097,6518282.0,58.393169259229374,0.9457142857142858,1.1325593257804023,0.3896103895977401,0.4676656151382676,0.0168386746333513,-0.004595836712625,0.0192019627922775,48.20846904438245,0.6600066861679901,0.0,0.0,0.0,0.5,,,,,,,,,,,,,,,,,,,,,,,,,,,,,,,,,,,,,,,,,,,,其他,0,0,0.5,1.0,0,0.3429158110882956,-0.032319391634980876,0.058120586637696814,0.5370370370370371,0.4773662551440329,0.20987654320987653,0.39094650205761317,0.7880658436213992,0.4876543209876543,0.5,0.5,0.5,0.5,0.34291581108829566,0.2813141683778234,0.9096509240246407
2024-12-05,36.78,37.42,36.7,37.11,1219289.0,36.836,36.374,36.718,35.764,0.007438375502226,0.0202342332435256,0.0106759627430685,0.0376356112291691,36.718,38.30484858163983,35.131151418360176,0.6235152504382482,0.0864343690634296,0.0078761542639869,0.0251381215469612,0.0084239130434782,-0.008019246190858,0.0063467923506425,0.0136472618506078,0.0189446395589039,55.65068491816589,0.1111304009659832,0.066312150190932,0.0448182507750512,7737571.0,66.74102759530626,0.9128571428571424,0.7212381439458334,0.4837662337505268,0.553873552978149,0.0140123955807061,0.0078761542639869,0.0189446395589039,55.65068491816589,-0.38611910796406,0.0,0.0,0.0,0.5,,,,,,,,,,,,,,,,,,,,,,,,,,,,,,,,,,,,,,,,,,,,其他,0,0,0.5,1.0,0,0.2299794661190965,-0.04554028563729451,0.03880355699272431,0.565843621399177,0.5679012345679012,0.26337448559670784,0.4547325102880658,0.5967078189300411,0.5020576131687243,0.5,0.5,0.5,0.5,0.2299794661190965,0.2587268993839836,0.9096509240246407
2024-12-06,37.13,37.4,36.86,37.25,1285576.0,37.006,36.534,36.7065,35.7395,0.0065935253742637,0.0195981825149176,0.0148066418754171,0.0422641615019796,36.7065,38.27330398800928,35.139696011990715,0.6734422442411594,0.0853692936131211,0.0037725680409592,0.0233516483516484,0.0448807854137447,-0.0061366061899679,0.0063585109752943,0.0076486622010986,0.0189605080766777,65.82524270055234,0.1520932732606894,0.0834683916316761,0.0686248816290133,9023147.0,74.19172006253545,0.8585714285714283,0.7926269764369415,0.5292207792035967,0.5663401602799081,-0.0136912751677852,0.0037725680409592,0.0189605080766777,65.82524270055234,0.0543652899353639,0.0,0.0,0.0,0.5,,,,,,,,,,,,,,,,,,,,,,,,,,,,,,,,,,,,,,,,,,,,其他,0,0,0.5,1.0,0,0.3388090349075975,-0.037583892617449655,0.07489932885906048,0.5020576131687243,0.4711934156378601,0.2674897119341564,0.6481481481481481,0.39300411522633744,0.4094650205761317,0.5,0.5,0.5,0.5,0.33880903490759756,0.4517453798767967,0.9568788501026694
2024-12-09,37.12,37.88,36.8,37.72,1770698.0,37.178,36.696000000000005,36.691,35.77416666666667,0.0145785141750496,0.0279049487682578,0.0280450246654491,0.0543921358522208,36.691,38.208017850222745,35.17398214977726,0.8391522386387852,0.0826915510734844,0.0126174496644295,0.0233315246880085,0.0448753462603876,-0.0081514593741783,0.0063522554702815,0.007648034718443,0.0188813542504382,63.786008212078045,0.2196678531484934,0.1107083053085032,0.1089595478399902,10793845.0,75.28795797685737,0.8685714285714289,1.1076650451400445,0.6818181817960441,0.6081923419358131,-0.0212089077412512,0.0126174496644295,0.0188813542504382,63.786008212078045,0.3773576980279656,0.0,0.0,0.0,0.5,,,,,,,,,,,,,,,,,,,,,,,,,,,,,,,,,,,,,,,,,,,,其他,0,0,0.5,1.0,0,0.2402464065708419,-0.07661717921527045,0.07264050901378583,0.742798353909465,0.48559670781893005,0.2736625514403292,0.6954732510288066,0.7263374485596708,0.5576131687242798,0.5,0.5,0.5,0.5,0.2402464065708419,0.3839835728952772,0.9507186858316222
2024-12-10,38.35,38.59,37.45,37.53,2497962.0,37.286,36.883,36.7015,35.80499999999999,0.0065440111570025,0.0175419569991597,0.0225740092366797,0.0481776288227904,36.7015,38.239609228891005,35.163390771108986,0.7693241755400001,0.0838172406515711,-0.0050371155885471,0.0145985401459853,0.0524397083567023,0.0056270096463022,0.0077319812567369,0.0060994976137878,0.0184214478128508,57.88336931295106,0.2550454297241415,0.1395757483120185,0.115469681412123,8295883.0,76.80882923683558,0.8935714285714289,1.5645622389414129,0.6201298701097362,0.5912733748834261,-0.0551558752997601,-0.0050371155885471,0.0184214478128508,57.88336931295106,0.4107216476214463,0.0,0.0,0.0,0.5,,,,,,,,,,,,,,,,,,,,,,,,,,,,,,,,,,,,,,,,,,,,其他,0,0,0.5,1.0,0,0.2094455852156057,-0.0354383160138555,0.08686384225952559,0.6934156378600823,0.5473251028806584,0.24897119341563786,0.5843621399176955,0.7757201646090535,0.49794238683127573,0.5,0.5,0.5,0.5,0.20944558521560575,0.6386036960985626,0.9548254620123203
2024-12-11,37.28,37.65,36.9,37.44,1764500.0,37.41,37.032,36.6385,35.86416666666666,0.0008019246190855,0.0110174983797797,0.0218758955743274,0.0439389362641449,36.6385,37.9124871105684,35.3645128894316,0.8145636220608801,0.0695436281815533,-0.0023980815347722,0.0168386746333513,0.0414464534075103,-0.0325581395348838,0.0072445340998282,0.0064259260379478,0.0162924234975265,56.77966100010772,0.2727164498070351,0.1662039019828322,0.1065125478242028,6531383.0,68.76358970826652,0.9050000000000006,1.1707235771686144,0.8666666666253964,0.583259127332295,-0.0483440170940169,-0.0023980815347722,0.0162924234975265,56.77966100010772,-0.2936241624172024,0.0,0.0,0.0,0.5,,,,,,,,,,,,,,,,,,,,,,,,,,,,,,,,,,,,,,,,,,,,其他,0,0,0.5,1.0,0,0.3860369609856263,-0.05475427350427342,0.06677350427350426,0.34156378600823045,0.2654320987654321,0.13580246913580246,0.4711934156378601,0.6995884773662552,0.3374485596707819,0.5,0.5,0.5,0.5,0.3860369609856263,0.6611909650924025,0.9589322381930184
2024-12-12,37.47,37.65,37.15,37.63,1368400.0,37.514,37.175,36.668,35.9425,0.0030921789198701,0.0122394082044385,0.0262354096214683,0.0469499895666689,36.668,38.00680701018705,35.329192989812945,0.8592750831875567,0.0730231815306754,0.0050747863247864,0.0140123955807061,0.0395027624309392,0.015928725701944,0.0069091084158513,0.0063599276485563,0.0131000403905718,76.32978720562181,0.2985184284391522,0.1926668179051628,0.1058516105339893,7899783.0,76.11526271106928,0.8407142857142864,0.948464267991476,0.9571428570972806,0.6001780943846826,-0.0587297369120383,0.0050747863247864,0.0131000403905718,76.32978720562181,-0.2244828563332388,0.0,0.0,0.0,0.5,,,,,,,,,,,,,,,,,,,,,,,,,,,,,,,,,,,,,,,,,,,,其他,0,0,0.5,1.0,0,0.4661190965092402,-0.049960138187616354,0.04251926654265192,0.22839506172839505,0.32510288065843623,0.06172839506172839,0.7551440329218106,0.4279835390946502,0.2839506172839506,0.5,0.5,0.5,0.5,0.46611909650924027,0.7104722792607803,0.9691991786447639
2024-12-13,37.57,37.57,36.68,36.74,1236900.0,37.412,37.209,36.682500000000005,36.02016666666666,-0.017962151181439,-0.0126044774113788,0.0015675049410481,0.0199841755312997,36.682500000000005,38.01764241306222,35.34735758693779,0.5215332834105558,0.0727945158077325,-0.0236513420143502,-0.0136912751677852,0.0093406593406595,0.0079561042524005,0.0135976222966526,0.0107255847198895,0.0137204550017815,57.619047599841245,0.2447103840057636,0.2030755344705155,0.041634849535248,6662883.0,75.16381498534594,0.8385714285714297,0.8722104813341034,0.5333333333079383,0.5209260908235005,-0.0242242787152966,-0.0236513420143502,0.0137204550017815,57.619047599841245,-0.0960976322712656,0.0,0.0,0.0,0.5,,,,,,,,,,,,,,,,,,,,,,,,,,,,,,,,,,,,,,,,,,,,其他,0,0,0.5,1.0,0,0.6045081967213115,-0.031845400108873156,-0.022318998366902543,0.33880903490759756,0.28542094455852157,0.06981519507186858,0.3655030800821355,0.324435318275154,0.28952772073921973,0.5,0.5,0.5,0.5,0.6045081967213115,0.639344262295082,0.9098360655737705
2024-12-16,36.78,37.19,36.63,36.92,1118607.0,37.252,37.215,36.7475,36.10016666666666,-0.0089122731665411,-0.0079269111917236,0.0046941968841418,0.0227099597878128,36.7475,37.988074994020586,35.50692500597942,0.5695242128748667,0.0675188785096786,0.0048992923244419,-0.0212089077412512,0.0016277807921867,0.0364963503649635,0.0117379579945465,0.010049089370919,0.0126012814506944,65.9898476922879,0.2140527572643122,0.205270979593746,0.0087817776705662,7781490.0,74.37820876825504,0.8307142857142864,0.7970831471305025,0.6135265700186716,0.5369545859257621,-0.0566088840736729,0.0048992923244419,0.0126012814506944,65.9898476922879,-0.0956366723259762,0.0,0.0,0.0,0.5,,,,,,,,,,,,,,,,,,,,,,,,,,,,,,,,,,,,,,,,,,,,其他,0,0,0.5,1.0,0,0.5357873210633947,-0.011917659804983827,0.024918743228602436,0.23975409836065573,0.42008196721311475,0.0471311475409836,0.6844262295081968,0.4344262295081967,0.39344262295081966,0.5,0.5,0.5,0.5,0.5357873210633947,0.7259713701431493,0.9222903885480572
2024-12-17,36.96,36.96,35.23,35.46,1711800.0,36.838,37.062,36.7015,36.16366666666666,-0.0374070253542537,-0.0432248664400193,-0.0338269553015543,-0.0194578352121372,36.7015,38.061891197606776,35.341108802393215,0.0436974297582824,0.0741327301392626,-0.0395449620801733,-0.0551558752997601,-0.0413625304136253,-0.0252886201209455,0.0197482506305034,0.0159605887844986,0.0148110583522618,45.20547943966972,0.0716610882877333,0.1785489958361502,-0.1068879075484169,6069690.0,72.86845202078408,0.8514285714285725,1.1903449382229545,0.0,0.4069456812074182,0.020868584320361,-0.0395449620801733,0.0148110583522618,45.20547943966972,0.5302961629955829,0.0,0.0,0.0,0.5,,,,,,,,,,,,,,,,,,,,,,,,,,,,,,,,,,,,,,,,,,,,其他,0,0,0.5,1.0,0,0.8422131147540983,0.13169768753525113,0.029892836999436012,0.20739219712525667,0.26283367556468173,0.1026694045174538,0.22381930184804927,0.7741273100616016,0.2546201232032854,0.5,0.5,0.5,0.5,0.8422131147540983,0.9692622950819673,0.9200819672131147
2024-12-18,35.55,36.05,35.12,35.63,1033600.0,36.476,36.943,36.643,36.2195,-0.0231933326022589,-0.0355412392063447,-0.0276451163933083,-0.0162757630558124,36.643,38.08380533036205,35.202194669637954,0.1484604898843978,0.0786401402919037,0.0047941342357586,-0.0483440170940169,-0.0323193916349808,-0.0317934782608694,0.0207778382294413,0.0162024755087145,0.0145810836107956,44.333996011517385,-0.0272065381178236,0.1373978822739209,-0.1646044203917446,7103290.0,67.8194888930637,0.8728571428571438,0.7262898443163709,0.0752212389347255,0.4220837043595543,-0.0067358967162504,0.0047941342357586,0.0145810836107956,44.333996011517385,-0.3961911438252132,0.0,0.0,0.0,0.5,,,,,,,,,,,,,,,,,,,,,,,,,,,,,,,,,,,,,,,,,,,,其他,0,0,0.5,1.0,0,0.7770961145194274,0.09346056693797355,0.042660679202918717,0.38524590163934425,0.26229508196721313,0.09221311475409837,0.21721311475409835,0.5348360655737705,0.29713114754098363,0.5,0.5,0.5,0.5,0.7770961145194274,0.9734151329243353,0.9141104294478528
2024-12-19,35.2,35.67,35.1,35.42,905500.0,36.034000000000006,36.774,36.574,36.27183333333333,-0.0170394627296442,-0.0368194920324141,-0.0315524689670256,-0.0234847057634252,36.574,38.11204250163699,35.035957498363004,0.1248478183196376,0.0841057856199917,-0.005893909626719,-0.0587297369120383,-0.0455402856372945,-0.0374999999999998,0.0193605223265672,0.0157388618465369,0.0146084585469857,40.277777766589566,-0.1210387814305846,0.0857105427288796,-0.2067493241594643,6197790.0,62.79481663429189,0.8457142857142864,0.644381572665355,0.0,0.4033837934069157,0.0093167701863352,-0.005893909626719,0.0146084585469857,40.277777766589566,-0.1239357585139319,0.0,0.0,0.0,0.5,,,,,,,,,,,,,,,,,,,,,,,,,,,,,,,,,,,,,,,,,,,,其他,0,0,0.5,1.0,0,0.8261758691206544,0.08836815358554473,0.033314511575381234,0.4651639344262295,0.28688524590163933,0.09221311475409837,0.1987704918032787,0.430327868852459,0.2889344262295082,0.5,0.5,0.5,0.5,0.8261758691206544,0.9734151329243353,0.8957055214723927
2024-12-20,35.49,36.13,35.41,35.85,918100.0,35.856,36.634,36.584,36.345666666666666,-0.0001673360107095,-0.0214008844243052,-0.0200634157008529,-0.0136375725671101,36.584,38.09917794681879,35.068822053181215,0.2577842254215554,0.0828328201844875,0.0121400338791644,-0.0242242787152966,-0.0375838926174496,0.0056100981767182,0.0205028432133602,0.0164366606527338,0.013155291782204,39.92015966948343,-0.158993328280836,0.0367697633728708,-0.1957630916537068,7115890.0,61.67638996773516,0.8500000000000009,0.6695310187172242,0.186956521731002,0.4416740872623183,-0.007810320781032,0.0121400338791644,0.013155291782204,39.92015966948343,0.0139149641082274,0.0,0.0,0.0,0.5,,,,,,,,,,,,,,,,,,,,,,,,,,,,,,,,,,,,,,,,,,,,其他,0,0,0.5,1.0,0,0.6175869120654397,0.11687587168758706,0.0398884239888424,0.6024590163934426,0.319672131147541,0.1168032786885246,0.32991803278688525,0.4918032786885246,0.4692622950819672,0.5,0.5,0.5,0.5,0.6175869120654397,0.9877300613496932,0.9120654396728016
2024-12-23,35.84,35.87,34.67,34.83,1213765.0,35.438,36.345,36.520500000000006,36.41133333333333,-0.017156724420114,-0.0416838629797771,-0.0462890705220357,-0.0434297013750297,36.520500000000006,38.21671839457805,34.82428160542196,0.0016856303988182,0.0928913018481894,-0.0284518828451884,-0.0566088840736729,-0.0766171792152704,-0.0351800554016621,0.0219636371759646,0.0170267900022267,0.0142972679077345,31.694915246716462,-0.2680085263128404,-0.0241858996997758,-0.2438226266130645,5902125.0,55.81591220284453,0.8978571428571434,0.878555363757598,0.0,0.3180542563113371,0.0473729543496985,-0.0284518828451884,0.0142972679077345,31.694915246716462,0.3220400827796537,0.0,0.0,0.0,0.5,,,,,,,,,,,,,,,,,,,,,,,,,,,,,,,,,,,,,,,,,,,,其他,0,0,0.5,1.0,0,0.8752556237218814,0.16164226241745627,0.08957795004306646,0.5348360655737705,0.3401639344262295,0.14344262295081966,0.29098360655737704,0.5512295081967213,0.5204918032786885,0.5,0.5,0.5,0.5,0.8752556237218814,0.9856850715746421,0.9284253578732107
2024-12-24,34.8,36.5,34.8,36.2,1949622.0,35.586,36.212,36.5475,36.490833333333335,0.0172539762828078,-0.000331381862366,-0.0095081742937273,-0.0079700381374316,36.5475,38.20274207165875,34.89225792834125,0.3950304592937081,0.0905803172120784,0.039333907550962,0.020868584320361,-0.0354383160138555,0.0151430173864275,0.024827660667702,0.0226737975985814,0.0167393375447166,45.63380280790322,-0.2414136819796795,-0.0676314590839814,-0.173782222895698,7851747.0,55.59346177272742,0.9350000000000008,1.360790997606428,0.4740484428901728,0.4269119070626634,0.1085635359116021,0.039333907550962,0.0167393375447166,45.63380280790322,0.60625986084621,0.0,0.0,0.0,0.5,,,,,,,,,,,,,,,,,,,,,,,,,,,,,,,,,,,,,,,,,,,,其他,0,0,0.5,1.0,0,0.9795501022494888,0.12679558011049719,0.03011049723756898,0.8422131147540983,0.5778688524590164,0.22950819672131148,0.6127049180327869,0.9262295081967213,0.7479508196721312,0.5,0.5,0.5,0.5,0.9795501022494888,0.9734151329243353,0.8752556237218814
2024-12-25,35.99,36.55,35.22,35.39,1447600.0,35.538,36.007000000000005,36.5195,36.55083333333334,-0.0041645562496481,-0.0171355569750327,-0.0309286819370473,-0.0317594218098082,36.5195,38.23514289008973,34.80385710991027,0.1708231046969201,0.0939576330500162,-0.0223756906077349,-0.0067358967162504,-0.0547542735042734,-0.0155771905424201,0.027540645895837,0.0234456319964707,0.017420396702041,38.7139107540421,-0.2822540854908197,-0.110555986679835,-0.1716980988109847,6404147.0,48.9980764773983,0.9785714285714292,1.0044865005125996,0.1937716262908737,0.3125638406505359,0.1008759536592258,-0.0223756906077349,0.017420396702041,38.7139107540421,-0.2574970943085377,0.0,0.0,0.0,0.5,,,,,,,,,,,,,,,,,,,,,,,,,,,,,,,,,,,,,,,,,,,,其他,0,0,0.5,1.0,0,0.9631901840490796,0.128567391918621,0.037581237637750675,0.7766393442622951,0.5594262295081968,0.25614754098360654,0.5020491803278688,0.860655737704918,0.6741803278688525,0.5,0.5,0.5,0.5,0.9631901840490797,0.9734151329243353,0.8752556237218814
2024-12-26,35.35,36.23,35.31,35.75,1162073.0,35.604,35.819,36.497,36.60783333333334,0.0041006628468711,-0.0019263519361233,-0.0204674356796449,-0.0234330539456493,36.497,38.24184021286212,34.752159787137884,0.2859402842386161,0.0956155417079395,0.0101723650748799,0.0093167701863352,-0.0499601381876163,-0.0124309392265193,0.0277704244101098,0.0237513206991398,0.0175088734143965,40.43367346216748,-0.2823914272922252,-0.1449230762847689,-0.1374683510074562,7566220.0,48.56552095248079,1.005714285714286,0.8098295987225845,0.3183391003350061,0.1285909712704704,0.0783216783216782,0.0101723650748799,0.0175088734143965,40.43367346216748,-0.1972416413373859,0.0,0.0,0.0,0.5,,,,,,,,,,,,,,,,,,,,,,,,,,,,,,,,,,,,,,,,,,,,其他,0,0,0.5,1.0,0,0.9631901840490796,0.09734265734265724,0.029370629370629286,0.8258196721311475,0.5778688524590164,0.26844262295081966,0.6168032786885246,0.7663934426229508,0.7151639344262295,0.5,0.5,0.5,0.5,0.9631901840490797,0.983640081799591,0.8773006134969326
2024-12-27,35.77,35.94,35.45,35.57,944400.0,35.548,35.702000000000005,36.4555,36.62049999999999,0.0006188815123213,-0.0036972718615204,-0.0242898876712704,-0.0286861184309332,36.4555,38.24886173589969,34.662138264100314,0.2531172929868837,0.0983863469651914,-0.005034965034965,-0.007810320781032,-0.0318454001088731,-0.0228021978021977,0.0272859162930951,0.0228261656216029,0.0174774867004468,35.76158939734226,-0.2936029647781524,-0.1746590550095965,-0.1189439097685558,6621820.0,41.36853626005511,0.9635714285714282,0.6690827041908425,0.2560553633129399,0.1015089163223389,0.1256676974978914,-0.005034965034965,0.0174774867004468,35.76158939734226,-0.1873143941903822,0.0,0.0,0.0,0.5,,,,,,,,,,,,,,,,,,,,,,,,,,,,,,,,,,,,,,,,,,,,其他,0,0,0.5,1.0,0,0.9897540983606558,0.009839752600506069,0.017992690469496697,0.6180698151950719,0.5174537987679672,0.27104722792607805,0.3798767967145791,0.42915811088295686,0.5872689938398358,0.5,0.5,0.5,0.5,0.9897540983606558,0.9262295081967213,0.8790983606557377
2024-12-30,35.4,36.75,35.12,36.48,2199422.0,35.878,35.658,36.4365,36.59033333333333,0.0167790846758457,0.0230523304728249,0.0011938578074182,-0.0030153683577628,36.4365,38.21984133462698,34.65315866537303,0.5121962069470772,0.097887631063471,0.0255833567613155,0.0473729543496985,-0.0119176598049838,-0.0103092783505155,0.0243747150405522,0.0244971028007489,0.0182328294574875,43.6517533178824,-0.2266136267538954,-0.1850499696453181,-0.0415636571085772,8821242.0,40.07590105215236,0.9985714285714284,1.5204860529257138,0.5709342560356072,0.2263374485565658,0.1091008771929826,0.0255833567613155,0.0182328294574875,43.6517533178824,1.3289093604404911,0.0,0.0,0.0,0.5,,,,,,,,,,,,,,,,,,,,,,,,,,,,,,,,,,,,,,,,,,,,其他,0,0,0.5,1.0,0,0.9794238683127572,0.037280701754386136,-0.002192982456140302,0.8804123711340206,0.7422680412371134,0.33608247422680415,0.6659793814432989,0.9298969072164949,0.7855670103092783,0.5,0.5,0.5,0.5,0.9794238683127572,0.9032921810699589,0.7962962962962963
2024-12-31,36.41,40.13,36.41,40.13,7572413.0,36.664,36.125,36.5935,36.55716666666667,0.0945341479380319,0.1108650519031142,0.0966428464071489,0.0977327746953402,36.5935,39.01919816319901,34.16780183680099,1.228965386858597,0.1325753570001437,0.1000548245614036,0.1085635359116021,0.1316976875352511,0.0848878075155448,0.0472886567063081,0.036754979723413,0.0289449236609555,61.36939982367564,0.1190018131671024,-0.1242396117398015,0.2432414249069039,16393655.0,62.251403558549896,1.210714285714286,4.289538235604426,0.999999999981132,0.8983050847305382,0.0164465487166707,0.1000548245614036,0.0289449236609555,61.36939982367564,2.442910455565144,0.0,0.0,0.0,0.5,,,,,,,,,,,,,,,,,,,,,,,,,,,,,,,,,,,,,,,,,,,,其他,0,0,0.5,1.0,0,0.8683127572016461,-0.08995763767754794,-0.0782457014702218,0.9835051546391752,0.9443298969072165,0.6123711340206186,0.9628865979381444,0.9979381443298969,0.9835051546391752,0.5,0.5,0.5,0.5,0.8683127572016461,0.09876543209876543,0.16666666666666666
2025-01-02,40.0,41.77,38.41,38.96,8567193.0,37.378,36.458,36.7005,36.52766666666666,0.0423243619241264,0.0686269131603489,0.0615659187204535,0.0665887957073636,36.7005,39.34701091061415,34.05398908938585,0.926882804609896,0.1442220629477492,-0.0291552454522801,0.1008759536592258,0.0934605669379735,0.0581205866376968,0.0489361669641842,0.0390939278880446,0.029856246454068,55.19125682456925,0.295269937069925,-0.0403377004954377,0.3356076375653627,7826462.0,71.31236061699357,1.4150000000000007,4.090580417700589,0.7792452830041651,0.7792452830041651,0.0251540041067761,-0.0291552454522801,0.029856246454068,55.19125682456925,0.1313689572927414,0.0,0.0,0.0,0.5,,,,,,,,,,,,,,,,,,,,,,,,,,,,,,,,,,,,,,,,,,,,其他,0,0,0.5,1.0,0,0.8703703703703703,-0.04645790554414786,-0.03696098562628336,0.9670103092783505,0.911340206185567,0.6350515463917525,0.9628865979381444,0.9958762886597938,0.9731958762886598,0.5,0.5,0.5,0.5,0.8703703703703703,0.15432098765432098,0.20987654320987653
2025-01-03,38.1,41.08,37.7,38.55,6426201.0,37.938,36.771,36.7725,36.54600000000001,0.0161315831092834,0.0483805172554456,0.0483377523964918,0.0548350024626496,36.7725,39.541439565210695,34.00356043478931,0.8209712523614877,0.1505983854893283,-0.0105236139630391,0.0783216783216782,0.0883681535855447,0.0388035569927243,0.0508474468761109,0.0393250233482592,0.0299890194040502,57.33982156688758,0.3973555984786898,0.0472009605367271,0.3501546379419627,1400261.0,60.91074201513304,1.5885714285714287,2.72907618691778,0.7018867924395863,0.7018867924395863,0.017639429312581,-0.0105236139630391,0.0299890194040502,57.33982156688758,-0.2499058909960356,0.0,0.0,0.0,0.5,,,,,,,,,,,,,,,,,,,,,,,,,,,,,,,,,,,,,,,,,,,,其他,0,0,0.5,1.0,0,0.8271604938271605,-0.05058365758754857,-0.023086900129701715,0.9649484536082474,0.911340206185567,0.622680412371134,0.954639175257732,0.9896907216494846,0.977319587628866,0.5,0.5,0.5,0.5,0.8271604938271605,0.06995884773662552,0.12551440329218108
2025-01-06,38.3,40.68,34.7,40.04,6511654.0,38.832,37.19,36.912,36.6225,0.0311083642356819,0.076633503630008,0.0847420892934547,0.0933169499624548,36.912,40.04006380336055,33.78393619663945,0.99998980144515,0.1694876356389289,0.0386511024643321,0.1256676974978914,0.116875871687587,0.0748993288590604,0.0500365041712135,0.0404254035994388,0.0310725652213253,61.43695014032169,0.591465755372802,0.1560539207348318,0.4354118346379702,7911915.0,53.0368326663286,1.975714285714286,2.489144867175161,0.98301886790598,0.98301886790598,-0.1028971028971028,0.0386511024643321,0.0310725652213253,61.43695014032169,0.0132975921543692,0.0,0.0,0.0,0.5,,,,,,,,,,,,,,,,,,,,,,,,,,,,,,,,,,,,,,,,,,,,其他,0,0,0.5,1.0,0,0.0308641975308641,-0.06893106893106893,-0.04670329670329665,0.9896907216494846,0.9587628865979382,0.6577319587628866,0.9649484536082474,0.979381443298969,0.9835051546391752,0.5,0.5,0.5,0.5,0.030864197530864196,0.0411522633744856,0.07407407407407407
2025-01-07,40.69,41.48,39.21,40.46,6087811.0,39.628,37.753,37.049,36.688833333333335,0.020995255879681,0.0717029110269382,0.0920672622742855,0.1027878600664142,37.049,40.54449424259285,33.55350575740715,0.9879138346643416,0.188695740375363,0.0104895104895106,0.1091008771929826,0.1616422624174562,0.0726405090137858,0.0504403213771319,0.0379118860678404,0.0310453621578486,69.84126983350966,0.770253099109766,0.2788937575210594,0.4913593415887066,13999726.0,61.24730293659327,2.014285714285714,2.149744790216197,0.999999999982238,0.999999999982238,-0.0647553138902619,0.0104895104895106,0.0310453621578486,69.84126983350966,-0.0650899141754153,0.0,0.0,0.0,0.5,,,,,,,,,,,,,,,,,,,,,,,,,,,,,,,,,,,,,,,,,,,,其他,0,0,0.5,1.0,0,0.0411522633744856,-0.062036579337617304,-0.06080079090459711,0.979381443298969,0.9525773195876288,0.6371134020618556,0.9835051546391752,0.9752577319587629,0.9835051546391752,0.5,0.5,0.5,0.5,0.0411522633744856,0.05761316872427984,0.06172839506172839
2025-01-08,40.09,43.58,39.88,40.79,6889483.0,39.760000000000005,38.212,37.212,36.77366666666667,0.0259054325955732,0.0674657175756305,0.0961517789960226,0.1092176466855809,37.212,41.085530145677644,33.33846985432236,0.96185260800105,0.208187151761111,0.0081562036579336,0.0164465487166707,0.1267955801104971,0.0868638422595255,0.0253434287104077,0.0370257593119037,0.0309843165214468,70.21943572897274,0.927832817771467,0.408681570510416,0.519151247261051,20889209.0,67.73574385121185,2.2121428571428567,2.257771889725161,0.9999999999832214,0.9999999999832214,-0.1046825202255453,0.0081562036579336,0.0309843165214468,70.21943572897274,0.131684771422766,0.0,0.0,0.0,0.5,,,,,,,,,,,,,,,,,,,,,,,,,,,,,,,,,,,,,,,,,,,,其他,0,0,0.5,1.0,0,0.0267489711934156,-0.08580534444716847,-0.08286344692326553,0.8680412371134021,0.954639175257732,0.6371134020618556,0.9752577319587629,0.9752577319587629,0.9835051546391752,0.5,0.5,0.5,0.5,0.026748971193415638,0.053497942386831275,0.04526748971193416
2025-01-09,41.98,42.25,39.21,39.94,5410718.0,39.956,38.667,37.337,36.847,-0.0004004404845331,0.0329221299816382,0.0697163671425127,0.083941704887779,37.337,41.39830961507166,33.275690384928346,0.8204631321702398,0.2175487915505144,-0.0208384407943124,0.0251540041067761,0.128567391918621,0.0667735042735042,0.0228085833690934,0.0368672547599615,0.0314745160786936,66.86567163480504,0.9729992213027217,0.5215451013223122,0.4514541199804094,15478491.0,62.080063604272894,2.388571428571428,1.6731955411328676,0.8573825503211846,0.8573825503211846,-0.0698547821732599,-0.0208384407943124,0.0314745160786936,66.86567163480504,-0.2146409244351136,0.0,0.0,0.0,0.5,,,,,,,,,,,,,,,,,,,,,,,,,,,,,,,,,,,,,,,,,,,,其他,0,0,0.5,1.0,0,0.0329218106995884,-0.08062093139709559,-0.06785177766649975,0.8701030927835052,0.9587628865979382,0.6639175257731958,0.9731958762886598,0.9567010309278351,0.9835051546391752,0.5,0.5,0.5,0.5,0.03292181069958848,0.059670781893004114,0.06584362139917696
2025-01-10,40.0,40.29,35.95,39.23,6936192.0,40.092,39.015,37.417,36.91466666666667,-0.0215005487379028,0.0055107010124311,0.0484539113237298,0.0627212309470488,37.417,41.564725311921904,33.269274688078085,0.7185535279683295,0.2217027186525282,-0.0177766649974963,0.017639429312581,0.0973426573426572,0.0425192665426519,0.0242430937560918,0.0381228664153499,0.0318344651908704,62.353801163209376,0.940726966581174,0.6053814747623881,0.3353454918187858,8542299.0,54.87295114707006,2.647142857142856,1.9749118539179689,0.7382550335446598,0.7382550335446598,-0.0670405302064744,-0.0177766649974963,0.0318344651908704,62.353801163209376,0.2819355952389313,0.0,0.0,0.0,0.5,,,,,,,,,,,,,,,,,,,,,,,,,,,,,,,,,,,,,,,,,,,,其他,0,0,0.5,1.0,0,0.0123711340206185,-0.06194239102727506,-0.044353810859036336,0.8285123966942148,0.9710743801652892,0.6756198347107438,0.9731404958677686,0.9834710743801653,0.9772727272727273,0.5,0.5,0.5,0.5,0.012371134020618556,0.03917525773195876,0.05360824742268041
2025-01-13,37.52,37.84,35.59,35.92,3932200.0,39.268,39.05,37.376,36.91033333333333,-0.085260262809412,-0.0801536491677336,-0.0389554794520546,-0.0268307881261796,37.376,41.567878865264646,33.18412113473535,0.3263308594032205,0.2243085865396742,-0.084374203415753,-0.1028971028971028,0.009839752600506,-0.0223189983669025,0.0383023920846317,0.048448018257513,0.0369497125788637,53.412648711660765,0.6409779570679319,0.6125007712498763,0.0284771858180555,4610099.0,52.725649790297645,2.82142857142857,1.0782255930809734,0.1828859060372004,0.1828859060372004,0.0378619153674832,-0.084374203415753,0.0369497125788637,53.412648711660765,-0.4330895107863219,0.0,0.0,0.0,0.5,,,,,,,,,,,,,,,,,,,,,,,,,,,,,,,,,,,,,,,,,,,,其他,0,0,0.5,1.0,0,0.3744855967078189,0.00807349665924284,0.020044543429843964,0.0288659793814433,0.911340206185567,0.7752577319587629,0.9195876288659793,0.8948453608247423,0.7876288659793814,0.5,0.5,0.5,0.5,0.37448559670781895,0.2757201646090535,0.294238683127572
2025-01-14,35.72,37.85,35.72,37.84,4163448.0,38.74400000000001,39.18599999999999,37.422,36.936,-0.0233326450547182,-0.034349002194661,0.0111699000587888,0.0244747671648257,37.422,41.61300088535573,33.230999114644284,0.5498687558627816,0.2239859379693506,0.0534521158129175,-0.0647553138902619,0.0372807017543861,0.0249187432286024,0.0500983627426829,0.0507027127805373,0.0388672991649654,54.96368038275126,0.5518288064928996,0.6003663782625113,-0.0485375717696117,8773547.0,54.2330721197493,2.8521428571428555,1.0958865312257533,0.5050335570385069,0.5050335570385069,0.002906976744186,0.0534521158129175,0.0388672991649654,54.96368038275126,0.058808809317939,0.0,0.0,0.0,0.5,,,,,,,,,,,,,,,,,,,,,,,,,,,,,,,,,,,,,,,,,,,,其他,0,0,0.5,1.0,0,0.5154004106776181,-0.038054968287526525,-0.013213530655391104,0.03909465020576132,0.9176954732510288,0.7757201646090535,0.897119341563786,0.7016460905349794,0.8209876543209876,0.5,0.5,0.5,0.5,0.5154004106776181,0.2053388090349076,0.2546201232032854
2025-01-15,37.7,38.15,36.35,36.52,2849696.0,37.89,38.825,37.475,36.94016666666666,-0.0361572974399576,-0.0593689632968448,-0.0254836557705135,-0.0113742493491725,37.475,41.58760706147635,33.362392938523655,0.3838936001224049,0.2194853668560571,-0.0348837209302325,-0.1046825202255453,-0.0899576376775479,0.029892836999436,0.0494027171224958,0.0391876113753647,0.0386186094391392,53.317674687337366,0.3704983876779408,0.5543927800365743,-0.1838943923586334,5923851.0,53.15812449349614,2.885714285714284,0.7390185909066043,0.2835570469751088,0.2835570469751088,0.0210843373493974,-0.0348837209302325,0.0386186094391392,53.317674687337366,-0.3155442316080326,0.0,0.0,0.0,0.5,,,,,,,,,,,,,,,,,,,,,,,,,,,,,,,,,,,,,,,,,,,,其他,0,0,0.5,1.0,0,0.8090349075975359,0.012869660460021803,0.018893756845564047,0.024691358024691357,0.9197530864197531,0.7921810699588477,0.8395061728395061,0.48148148148148145,0.5534979423868313,0.5,0.5,0.5,0.5,0.8090349075975359,0.5071868583162218,0.4414784394250513
2025-01-16,36.62,39.0,36.62,37.15,3394784.0,37.332,38.644,37.551,36.95816666666666,-0.0048751741133612,-0.0386605941413932,-0.0106788101515273,0.0051905532832166,37.551,41.57527842502294,33.52672157497707,0.4501774035375378,0.2143366847760228,0.0172508214676887,-0.0698547821732599,-0.0464579055441478,0.0426606792029187,0.0522652655200468,0.039241229642161,0.0387632361390012,54.04624277019278,0.2744198557492296,0.4983981950728759,-0.2239783393236462,9318635.0,54.59880813357559,2.997142857142856,0.854224165073282,0.3892617449599117,0.3892617449599117,-0.0115746971736204,0.0172508214676887,0.0387632361390012,54.04624277019278,0.191279350499141,0.0,0.0,0.0,0.5,,,,,,,,,,,,,,,,,,,,,,,,,,,,,,,,,,,,,,,,,,,,其他,0,0,0.5,1.0,0,0.5051334702258727,0.00995962314939458,0.0024226110363392284,0.030864197530864196,0.9156378600823045,0.8065843621399177,0.8744855967078189,0.5370370370370371,0.5905349794238683,0.5,0.5,0.5,0.5,0.5051334702258727,0.41478439425051333,0.38809034907597534
2025-01-17,37.15,37.35,36.21,36.6,2268484.0,36.806,38.449,37.61,36.96983333333333,-0.0055969135467042,-0.0480896772347784,-0.0268545599574581,-0.0100036516258751,37.61,41.53613376183101,33.68386623816899,0.3713747338595378,0.2087813752629923,-0.0148048452220725,-0.0670405302064744,-0.0505836575875485,0.0333145115753812,0.0522180272672176,0.039343051547652,0.0389193064278576,52.914544421387646,0.1521801548165555,0.4291545869165201,-0.2769744320999646,7050151.0,53.64721054218931,3.043571428571428,0.5611915968999492,0.2969798657668296,0.2969798657668296,0.0054644808743167,-0.0148048452220725,0.0389193064278576,52.914544421387646,-0.3317736857484894,0.0,0.0,0.0,0.5,,,,,,,,,,,,,,,,,,,,,,,,,,,,,,,,,,,,,,,,,,,,其他,0,0,0.5,1.0,0,0.7028688524590164,0.02896174863387957,0.022131147540983553,0.01026694045174538,0.8973305954825462,0.8295687885010267,0.8829568788501027,0.23819301848049282,0.29568788501026694,0.5,0.5,0.5,0.5,0.7028688524590164,0.5102459016393442,0.47540983606557374
2025-01-20,37.01,37.44,36.77,37.28,2413400.0,37.078,38.173,37.6815,36.98116666666667,0.0054479745401585,-0.0233934980221622,-0.0106550960020168,0.0080806897204432,37.6815,41.52386919785585,33.83913080214415,0.4477535890787353,0.2039392910497541,0.0185792349726776,0.0378619153674832,-0.0689310689310689,0.0398884239888424,0.0339942428858533,0.0373608811205844,0.0390310026221364,52.29357797745351,0.108877439235492,0.3650991573025405,-0.2562217180670484,9463551.0,53.813537324583706,2.987142857142856,0.5861995666072658,0.4110738254964589,0.4110738254964589,-0.0287017167381974,0.0185792349726776,0.0390310026221364,52.29357797745351,0.0638823108296113,0.0,0.0,0.0,0.5,,,,,,,,,,,,,,,,,,,,,,,,,,,,,,,,,,,,,,,,,,,,其他,0,0,0.5,1.0,0,0.3504098360655737,0.023873390557940022,-0.008851931330472018,0.3737166324435318,0.9096509240246407,0.8295687885010267,0.8234086242299795,0.1540041067761807,0.4004106776180698,0.5,0.5,0.5,0.5,0.35040983606557374,0.5799180327868853,0.35040983606557374
2025-01-21,37.3,37.96,36.9,37.95,2819300.0,37.10000000000001,37.922,37.8375,36.98866666666666,0.0229110512129377,0.0007383576815569,0.0029732408325076,0.0259899428653824,37.8375,41.4381541803283,34.2368458196717,0.515622161184358,0.1903219916917757,0.0179721030042918,0.002906976744186,-0.0620365793376173,0.0895779500430664,0.0244869781614116,0.0378106190794106,0.0384586613288509,42.46196403461641,0.1271188323215284,0.3175030922601063,-0.1903842599385779,12282851.0,50.55226356846475,2.797142857142856,0.6716929557198933,0.4740740740652954,0.5234899328771233,-0.0408432147562582,0.0179721030042918,0.0384586613288509,42.46196403461641,0.1681859617137648,0.0,0.0,0.0,0.5,,,,,,,,,,,,,,,,,,,,,,,,,,,,,,,,,,,,,,,,,,,,其他,0,0,0.5,1.0,0,0.165983606557377,0.0013175230566533358,0.0015810276679839586,0.5133470225872689,0.9281314168377823,0.8583162217659137,0.433264887063655,0.3593429158110883,0.6139630390143738,0.5,0.5,0.5,0.5,0.16598360655737704,0.23155737704918034,0.28688524590163933
2025-01-22,37.59,38.36,36.98,37.29,2393000.0,37.254000000000005,37.572,37.892,37.0125,0.0009663391850538,-0.0075055892686043,-0.0158872585242269,0.0074974670719349,37.892,41.42056971172829,34.36343028827172,0.4146963147645146,0.1862435190393206,-0.0173913043478262,0.0210843373493974,-0.0858053444471684,0.0301104972375689,0.0186685047359418,0.0376310224784566,0.0378803950629325,44.01433691314551,0.0873472966672395,0.2714719331057637,-0.1841246364385241,9889851.0,41.719310375355846,2.6557142857142835,0.567132355088085,0.3518518518453359,0.4127516778454237,-0.0080450522928398,-0.0173913043478262,0.0378803950629325,44.01433691314551,-0.1512077466037669,0.0,0.0,0.0,0.5,,,,,,,,,,,,,,,,,,,,,,,,,,,,,,,,,,,,,,,,,,,,其他,0,0,0.5,1.0,0,0.2192622950819672,0.0032180209171359664,0.01877178868329321,0.8069815195071869,0.8767967145790554,0.8439425051334702,0.44353182751540043,0.25256673511293637,0.5010266940451745,0.5,0.5,0.5,0.5,0.2192622950819672,0.21311475409836064,0.33811475409836067
2025-01-23,37.55,38.03,36.67,36.72,2631600.0,37.168,37.25,37.9585,37.0305,-0.0120533792509686,-0.0142281879194631,-0.0326277381877577,-0.0083849799489609,37.9585,41.33540156956436,34.58159843043564,0.3166218389078723,0.1779259754497919,-0.0152855993563958,-0.0115746971736204,-0.0806209313970955,0.0375812376377506,0.0187054814059617,0.0374657500032159,0.0376712898770344,43.51523741595172,0.009750127487841,0.219127571949639,-0.2093774444617979,7258251.0,44.54803137869257,2.51142857142857,0.6150504212333467,0.220306513405741,0.3171140939544108,0.0217864923747277,-0.0152855993563958,0.0376712898770344,43.51523741595172,0.0997074801504387,0.0,0.0,0.0,0.5,,,,,,,,,,,,,,,,,,,,,,,,,,,,,,,,,,,,,,,,,,,,其他,0,0,0.5,1.0,0,0.4180327868852459,0.01388888888888884,0.04330065359477131,0.5030800821355236,0.8788501026694046,0.8459958932238193,0.2053388090349076,0.11293634496919917,0.22176591375770022,0.5,0.5,0.5,0.5,0.4180327868852459,0.32479508196721313,0.6086065573770492
2025-01-24,36.61,36.89,36.25,36.8,1698108.0,37.208000000000006,37.007,38.011,37.0325,-0.0109653837884328,-0.0055935363579863,-0.0318591986530216,-0.0062782690879633,38.011,41.27406217177087,34.747937828229134,0.3144381050247906,0.1716904144464646,0.0021786492374726,0.0054644808743167,-0.061942391027275,0.0293706293706292,0.0173328447006933,0.0374023391965238,0.0376281479805461,37.24409448408332,-0.0447779417179035,0.1663464691898813,-0.2111244109077848,8956359.0,48.58675079082453,2.1299999999999986,0.394406624578631,0.2356321839035314,0.3305369127461317,0.0233695652173913,0.0021786492374726,0.0376281479805461,37.24409448408332,-0.3547241222070223,0.0,0.0,0.0,0.5,,,,,,,,,,,,,,,,,,,,,,,,,,,,,,,,,,,,,,,,,,,,其他,0,0,0.5,1.0,0,0.3483606557377049,0.018750000000000044,0.02934782608695663,0.702258726899384,0.8788501026694046,0.8480492813141683,0.08418891170431211,0.008213552361396304,0.19507186858316222,0.5,0.5,0.5,0.5,0.3483606557377049,0.32172131147540983,0.5163934426229508
2025-01-27,36.95,37.06,36.18,36.21,1396500.0,36.994,37.036,38.043,37.050666666666665,-0.0211926258312158,-0.0223026244734853,-0.0481823200063086,-0.0226896502087231,38.043,41.21659566953387,34.869404330466125,0.2112108486884935,0.1668425555043257,-0.016032608695652,-0.0287017167381974,0.0080734966592428,0.0179926904694966,0.0154739619905019,0.0259158525036851,0.0378180118827438,33.48873348509056,-0.1340292263792903,0.1062713300521455,-0.2403005564314359,7559859.0,40.55547716200943,2.030714285714285,0.3226603683547603,0.0595482546189003,0.2315436241571892,0.0541286937310134,-0.016032608695652,0.0378180118827438,33.48873348509056,-0.177614144683377,0.0,0.0,0.0,0.5,,,,,,,,,,,,,,,,,,,,,,,,,,,,,,,,,,,,,,,,,,,,其他,0,0,0.5,1.0,0,0.6680327868852459,0.01187517260425297,0.06683236674951676,0.3490759753593429,0.8809034907597536,0.8583162217659137,0.06981519507186858,0.004106776180698152,0.11293634496919917,0.5,0.5,0.5,0.5,0.6680327868852459,0.4487704918032787,0.6434426229508197
2025-02-05,36.2,36.49,36.12,36.4,1104200.0,36.684,36.892,38.039,37.0615,-0.0077417947879183,-0.013336224655752,-0.0430873577118221,-0.0178487109264331,38.039,41.22108074924832,34.85691925075168,0.2424641093078141,0.1673062251499753,0.0052471692902511,-0.0408432147562582,-0.0380549682875265,-0.0021929824561403,0.0110063865358422,0.0185265633450547,0.0374094279718629,32.757266296476004,-0.1872782451172696,0.0475614149995759,-0.2348396601168456,8664059.0,29.198692995829347,1.7928571428571425,0.258393987296877,0.0985626283347311,0.2634228187875265,0.043956043956044,0.0052471692902511,0.0374094279718629,32.757266296476004,-0.2093089867525958,0.0,0.0,0.0,0.5,,,,,,,,,,,,,,,,,,,,,,,,,,,,,,,,,,,,,,,,,,,,其他,0,0,0.5,1.0,0,0.556237218813906,0.025824175824175954,0.0535714285714286,0.16393442622950818,0.7991803278688525,0.8442622950819673,0.06762295081967214,0.00819672131147541,0.11065573770491803,0.5,0.5,0.5,0.5,0.556237218813906,0.48261758691206547,0.6175869120654397
2025-02-06,36.26,36.99,36.13,36.99,1424800.0,36.624,36.939,37.882,37.06966666666666,0.0099934469200524,0.0013806545927068,-0.0235468032310859,-0.0021491066370525,37.882,40.937001765870775,34.82699823412922,0.3540099043476089,0.1612904158102905,0.0162087912087913,-0.0080450522928398,0.0128696604600218,-0.0782457014702218,0.0139094460993954,0.0158244928100768,0.0295421475156465,38.17161186419887,-0.1798188645076024,0.0020853590865607,-0.1819042235941631,10088859.0,36.06574574886474,1.6371428571428568,0.3592592179818417,0.2197125256628397,0.3624161073764701,0.011354420113544,0.0162087912087913,0.0295421475156465,38.17161186419887,0.2903459518203224,0.0,0.0,0.0,0.5,,,,,,,,,,,,,,,,,,,,,,,,,,,,,,,,,,,,,,,,,,,,其他,0,0,0.5,1.0,0,0.3640081799591002,0.005947553392808835,0.06028656393619891,0.21721311475409835,0.16393442622950818,0.7028688524590164,0.11065573770491803,0.004098360655737705,0.15778688524590165,0.5,0.5,0.5,0.5,0.36400817995910023,0.3803680981595092,0.656441717791411
2025-02-07,37.01,38.29,36.94,37.52,2890700.0,36.784000000000006,36.976,37.81,37.08116666666668,0.0200086994345367,0.0147122457810473,-0.00766992859032,0.0118343993132181,37.81,40.82565040553791,34.7943495944621,0.4519175035155536,0.1595160225088563,0.0143281968099486,0.0217864923747277,0.0099596231493945,-0.0369609856262833,0.0128565086665088,0.0155231775096135,0.029163485835356,43.04312448655329,-0.1296639424488646,-0.0242645012258918,-0.1053994412229726,12979559.0,48.70039689629606,1.4235714285714285,0.7850653291161724,0.3285420944491063,0.4513422818716225,-0.0077292110874201,0.0143281968099486,0.029163485835356,43.04312448655329,1.0288461538461535,0.0,0.0,0.0,0.5,,,,,,,,,,,,,,,,,,,,,,,,,,,,,,,,,,,,,,,,,,,,其他,0,0,0.5,1.0,0,0.3190184049079754,-0.007462686567164201,0.02585287846481865,0.41598360655737704,0.2069672131147541,0.6905737704918032,0.08196721311475409,0.07991803278688525,0.15778688524590165,0.5,0.5,0.5,0.5,0.31901840490797545,0.40286298568507156,0.5746421267893661
2025-02-10,37.38,37.75,37.32,37.66,1644500.0,36.956,37.082,37.7655,37.08533333333333,0.0190496807013746,0.0155870772881721,-0.0027935549641868,0.015495793485295,37.7655,40.761374180479386,34.769625819520606,0.4823924514694812,0.1586566670888222,0.0037313432835819,0.0233695652173913,0.0289617486338795,-0.0230869001297017,0.012808523956283,0.0144849461605559,0.029104702949636,59.53947367507068,-0.0777275051317474,-0.0349571020088055,-0.0427704031229419,14624059.0,51.9278448591763,1.1942857142857146,0.4776317735816856,0.3572895277134018,0.4748322147571333,-0.0045140732873073,0.0037313432835819,0.029104702949636,59.53947367507068,-0.4311066523679385,0.0,0.0,0.0,0.5,,,,,,,,,,,,,,,,,,,,,,,,,,,,,,,,,,,,,,,,,,,,其他,0,0,0.5,1.0,0,0.4601226993865031,-0.006638343069569785,0.03770578863515661,0.3463114754098361,0.125,0.7438524590163934,0.23975409836065573,0.014344262295081968,0.12295081967213115,0.5,0.5,0.5,0.5,0.4601226993865031,0.48466257668711654,0.6646216768916156
2025-02-11,37.66,38.23,37.23,38.17,2141150.0,37.348,37.17100000000001,37.672,37.09683333333333,0.022009210667238,0.0268757902666054,0.0132193671692502,0.0289287944613423,37.672,40.47980566129119,34.86419433870882,0.5886813512072131,0.1490659195839737,0.0135422198619226,0.0541286937310134,0.02387339055794,-0.0467032967032966,0.005697482412401,0.0139592431060779,0.0278289246562769,52.14007781154394,0.0045181137417671,-0.0270620588576616,0.0315801725994288,16765209.0,48.872720183084375,1.1135714285714289,0.6640246683543889,0.4620123203190554,0.5604026845543562,-0.0400838354728845,0.0135422198619226,0.0278289246562769,52.14007781154394,0.3020066889632107,0.0,0.0,0.0,0.5,,,,,,,,,,,,,,,,,,,,,,,,,,,,,,,,,,,,,,,,,,,,其他,0,0,0.5,1.0,0,0.1901840490797546,-0.031962274037201976,0.04060780717841239,0.6659836065573771,0.07377049180327869,0.7377049180327869,0.29713114754098363,0.09631147540983606,0.2889344262295082,0.5,0.5,0.5,0.5,0.1901840490797546,0.24539877300613497,0.5930470347648262
2025-02-12,38.12,38.12,37.7,38.0,1566130.0,37.668,37.176,37.549,37.09633333333333,0.0088138472974408,0.0221648375295888,0.0120109723294894,0.0243599996405754,37.549,40.04024699276231,35.05775300723769,0.5905169180838384,0.1326931206027149,-0.0044537594969872,0.043956043956044,0.0013175230566533,-0.0608007909045971,0.0087921907776847,0.0129536517040346,0.0276757777255517,61.28048779179988,0.0553470828119628,-0.0105802305220177,0.0659273133339806,15199079.0,56.247894428900594,1.018571428571429,0.5223184820043452,0.4271047227838375,0.5318791946219485,-0.0173684210526314,-0.0044537594969872,0.0276757777255517,61.28048779179988,-0.2685566167713612,0.0,0.0,0.0,0.5,,,,,,,,,,,,,,,,,,,,,,,,,,,,,,,,,,,,,,,,,,,,其他,0,0,0.5,1.0,0,0.4703476482617587,0.000263157894736743,0.03684210526315779,0.555327868852459,0.05942622950819672,0.7459016393442623,0.49385245901639346,0.03278688524590164,0.23975409836065573,0.5,0.5,0.5,0.5,0.4703476482617587,0.5398773006134969,0.6094069529652352
2025-02-13,37.91,38.2,37.29,37.41,1379400.0,37.752,37.188,37.38,37.09783333333333,-0.0090591226954862,0.0059696676347207,0.0008025682182983,0.0084146872908119,37.38,39.34945089862761,35.4105491013724,0.5076163360990968,0.1053745799155878,-0.0155263157894737,0.011354420113544,0.0032180209171359,-0.0828634469232655,0.0126144917659767,0.0126827168853031,0.0276907836786044,51.9938650195105,0.0474884984859542,0.0010335152805456,0.0464549832054086,13819679.0,48.032696608122045,0.9064285714285722,0.5065893524789881,0.3706467661599332,0.4328859060330049,-0.0053461641272385,-0.0155263157894737,0.0276907836786044,51.9938650195105,-0.1192302043891631,0.0,0.0,0.0,0.5,,,,,,,,,,,,,,,,,,,,,,,,,,,,,,,,,,,,,,,,,,,,其他,0,0,0.5,1.0,0,0.5296523517382413,0.015503875968992498,0.05479818230419675,0.36270491803278687,0.0430327868852459,0.7459016393442623,0.29713114754098363,0.018442622950819672,0.1864754098360656,0.5,0.5,0.5,0.5,0.5296523517382413,0.5828220858895705,0.6952965235173824
2025-02-14,37.41,37.66,37.11,37.23,1018500.0,37.694,37.239,37.2445,37.07333333333334,-0.0123096514034065,-0.0002416821074679,-0.0003893192283426,0.0042258586585144,37.2445,38.80221053320666,35.68678946679334,0.4953457334528994,0.0836478155541074,-0.0048115477145148,-0.0077292110874201,0.0138888888888888,-0.0678517776664997,0.0108404778924987,0.0116330138079931,0.0274065809025213,55.12195120696407,0.0264354577216749,0.0061139037691106,0.0203215539525643,12801179.0,50.22983710168016,0.8642857142857149,0.4068621932784368,0.395770392737287,0.4026845637516325,0.0002686005909213,-0.0048115477145148,0.0274065809025213,55.12195120696407,-0.2616354936929099,0.0,0.0,0.0,0.5,,,,,,,,,,,,,,,,,,,,,,,,,,,,,,,,,,,,,,,,,,,,其他,0,0,0.5,1.0,0,0.5848670756646217,0.02900886381950052,0.058554928820843344,0.3176229508196721,0.06352459016393443,0.7336065573770492,0.45901639344262296,0.00819672131147541,0.22745901639344263,0.5,0.5,0.5,0.5,0.5848670756646217,0.7586912065439673,0.6441717791411042
2025-02-17,37.26,37.6,37.16,37.49,1267719.0,37.66,37.30800000000001,37.157500000000006,37.08083333333333,-0.0045140732873075,0.0048783102819769,0.0089483953441431,0.0110344517607929,37.157500000000006,38.41342281023277,35.90157718976724,0.6323727848669037,0.067599962873142,0.0069836153639539,-0.0045140732873073,0.01875,-0.0443538108590363,0.0113200779627658,0.0117653385768023,0.02726962695006,51.83246072032017,0.0303749182875705,0.0109661066730617,0.0194088116145088,14068898.0,48.01024664686789,0.835714285714287,0.571075219146324,0.6977777777467655,0.4463087248247269,-0.0021339023739664,0.0069836153639539,0.02726962695006,51.83246072032017,0.2446921944035345,0.0,0.0,0.0,0.5,,,,,,,,,,,,,,,,,,,,,,,,,,,,,,,,,,,,,,,,,,,,其他,0,0,0.5,1.0,0,0.5664621676891616,0.010402774073086096,0.051747132568684906,0.45901639344262296,0.05122950819672131,0.7438524590163934,0.32172131147540983,0.0389344262295082,0.2889344262295082,0.5,0.5,0.5,0.5,0.5664621676891616,0.6932515337423313,0.6339468302658486
2025-02-18,37.5,37.82,36.64,36.64,1622306.0,37.354,37.351,37.1935,37.084,-0.0191144188038764,-0.0190356349227597,-0.0148816325433207,-0.0119728184661848,37.1935,38.33624415794881,36.05075584205119,0.2578198076202393,0.0614485949397469,-0.0226727127233929,-0.0400838354728845,0.0118751726042529,0.0200445434298439,0.011392305393006,0.0130125055364999,0.019958811949063,38.91708966929206,-0.0346743510769016,0.001838015122679,-0.0365123661995807,12446592.0,38.697566857038,0.8442857142857153,0.7709164607970613,0.2193877550908473,0.30369127516269,0.0084606986899564,-0.0226727127233929,0.019958811949063,38.91708966929206,0.2797047295181345,0.0,0.0,0.0,0.5,,,,,,,,,,,,,,,,,,,,,,,,,,,,,,,,,,,,,,,,,,,,其他,0,0,0.5,1.0,0,0.5419222903885481,0.054312227074235775,0.08760917030567694,0.1885245901639344,0.29508196721311475,0.4918032786885246,0.1413934426229508,0.1721311475409836,0.28688524590163933,0.5,0.5,0.5,0.5,0.5419222903885481,0.7811860940695297,0.6809815950920245
2025-02-19,36.5,37.34,36.5,37.34,1197200.0,37.222,37.445,37.1685,37.11266666666666,0.0031701681801086,-0.0028041126986245,0.0046141221733457,0.006125491745855,37.1685,38.27292697692887,36.06407302307113,0.5776420730047428,0.0594281166539353,0.0191048034934497,-0.0173684210526314,0.0258241758241759,-0.0132135306553911,0.0168431135312414,0.0141708916762234,0.0163814844090538,50.42016805536336,-0.0294158434298239,-0.0044127565880351,-0.0250030868417888,13643792.0,45.93558392944247,0.8057142857142868,0.6120423316328266,0.5765306122154842,0.4211409395902501,0.0179432244242099,0.0191048034934497,0.0163814844090538,50.42016805536336,-0.2620381111824773,0.0,0.0,0.0,0.5,,,,,,,,,,,,,,,,,,,,,,,,,,,,,,,,,,,,,,,,,,,,其他,0,0,0.5,1.0,0,0.6114519427402862,0.027048741296197054,0.06186395286555957,0.4692622950819672,0.2520491803278688,0.39139344262295084,0.2786885245901639,0.10860655737704918,0.444672131147541,0.5,0.5,0.5,0.5,0.6114519427402862,0.7116564417177914,0.6278118609406953
2025-02-20,37.35,37.4,37.04,37.21,962714.0,37.182,37.467,37.203,37.12649999999999,0.0007530525523102,-0.0068593695785623,0.0001881568690698,0.0022490673777493,37.203,38.264401258515726,36.141598741484266,0.5032975276284598,0.0570599821795487,-0.0034815211569363,-0.0053461641272385,0.0059475533928088,0.018893756845564,0.0154784572053647,0.0134249105787246,0.0142872070476417,54.44646096620236,-0.0353288868064964,-0.0105959826318964,-0.0247329041746,12681078.0,54.02765531878113,0.7342857142857154,0.5171086649624226,0.510204081606622,0.3993288590537029,0.0209621069604946,-0.0034815211569363,0.0142872070476417,54.44646096620236,-0.1958620113598396,0.0,0.0,0.0,0.5,,,,,,,,,,,,,,,,,,,,,,,,,,,,,,,,,,,,,,,,,,,,其他,0,0,0.5,1.0,0,0.6372950819672131,0.05401773716742797,0.07712980381617829,0.5277207392197125,0.43737166324435317,0.31211498973305957,0.35523613963039014,0.057494866529774126,0.3613963039014374,0.5,0.5,0.5,0.5,0.6372950819672131,0.805327868852459,0.735655737704918
2025-02-21,37.22,37.32,36.73,37.24,1278096.0,37.184000000000005,37.439,37.2075,37.133833333333335,0.0015060240963855,-0.0053153129089985,0.0008734798091785,0.0028590279305036,37.2075,38.26871826714684,36.146281732853154,0.515312589763392,0.0570432448911638,0.0008062348830959,0.0002686005909213,-0.0074626865671642,0.0024226110363392,0.0153336041282826,0.0125492884026852,0.0137685472230469,54.0293040154504,-0.037166285642364,-0.0159100432341062,-0.0212562424082578,13959174.0,55.05478042691842,0.730714285714287,0.727890554213707,0.5255102040548213,0.4043624161005985,0.0287325456498388,0.0008062348830959,0.0137685472230469,54.0293040154504,0.327596773288848,0.0,0.0,0.0,0.5,,,,,,,,,,,,,,,,,,,,,,,,,,,,,,,,,,,,,,,,,,,,其他,0,0,0.5,1.0,0,0.8302658486707567,0.03356605800214818,0.04752953813104188,0.5840163934426229,0.38524590163934425,0.2786885245901639,0.3668032786885246,0.125,0.4036885245901639,0.5,0.5,0.5,0.5,0.8302658486707567,0.7075664621676891,0.6012269938650306
2025-02-24,37.24,37.46,36.99,37.41,1299694.0,37.168,37.414,37.248000000000005,37.144,0.0065109771846749,-0.0001069118511788,0.0043492268041234,0.0071613181132887,37.248000000000005,38.27279985208915,36.22320014791086,0.5790398240260459,0.0550257652537797,0.0045649838882919,-0.0021339023739664,-0.0066383430695697,0.0221311475409835,0.0151004322957063,0.0125845515412059,0.0133310142060764,61.90476188756606,-0.0246234816671631,-0.017652730920748,-0.006970750746415,15258868.0,61.46889697176639,0.7014285714285725,0.7611896998382119,0.6122448979279442,0.4328859060330049,0.0125634856990111,0.0045649838882919,0.0133310142060764,61.90476188756606,0.0168985741290168,0.0,0.0,0.0,0.5,,,,,,,,,,,,,,,,,,,,,,,,,,,,,,,,,,,,,,,,,,,,其他,0,0,0.5,1.0,0,0.7730061349693251,0.04464047046244324,0.038492381716118906,0.5655737704918032,0.4733606557377049,0.2459016393442623,0.5532786885245902,0.13524590163934427,0.3729508196721312,0.5,0.5,0.5,0.5,0.7730061349693251,0.7566462167689162,0.6707566462167689
2025-02-25,37.3,37.37,36.8,36.95,1208400.0,37.23,37.292,37.2315,37.16566666666667,-0.0075208165457962,-0.0091708677464334,-0.0075608020090512,-0.0058028467133643,37.2315,38.264722348312525,36.19827765168747,0.3637756914104108,0.0555025904575293,-0.0122961774926488,0.0084606986899564,-0.0319622740372019,-0.008851931330472,0.0115614381984272,0.0119984431312766,0.0129934953535332,55.17890770673253,-0.0512049077099163,-0.0243631662786756,-0.0268417414312407,14050468.0,61.10425139273889,0.7185714285714292,0.7336081692769889,0.3775510203889013,0.3557046979806097,0.0454668470906629,-0.0122961774926488,0.0129934953535332,55.17890770673253,-0.0702426878942273,0.0,0.0,0.0,0.5,,,,,,,,,,,,,,,,,,,,,,,,,,,,,,,,,,,,,,,,,,,,其他,0,0,0.5,1.0,0,0.8752556237218814,0.07496617050067655,0.046549391069012236,0.5409836065573771,0.3483606557377049,0.23155737704918034,0.444672131147541,0.21106557377049182,0.3709016393442623,0.5,0.5,0.5,0.5,0.8752556237218814,0.8057259713701431,0.6421267893660532
2025-02-26,36.86,38.16,36.86,38.01,2625687.0,37.364,37.29299999999999,37.2345,37.1975,0.0172893694465259,0.0192261282278176,0.020827458405511,0.0218428657839908,37.2345,38.276814731738845,36.19218526826115,0.872008557635498,0.0559865034704937,0.0286874154262515,0.0179432244242099,0.0002631578947367,0.0015810276679839,0.0153373347262482,0.0156333795835301,0.0139733248872258,58.82352939751676,0.0130980560806932,-0.0168709218067179,0.0299689778874112,16676155.0,63.29439671027578,0.7500000000000006,1.603453197096439,0.9183673468919182,0.5335570469709133,0.0089450144698763,0.0286874154262515,0.0139733248872258,58.82352939751676,1.1728624627606754,0.0,0.0,0.0,0.5,,,,,,,,,,,,,,,,,,,,,,,,,,,,,,,,,,,,,,,,,,,,其他,0,0,0.5,1.0,0,0.7730061349693251,0.03656932386214162,0.022625624835569624,0.610655737704918,0.2848360655737705,0.2725409836065574,0.5450819672131147,0.860655737704918,0.5614754098360656,0.5,0.5,0.5,0.5,0.7730061349693251,0.7055214723926381,0.5685071574642127
2025-02-27,38.1,38.36,37.34,37.99,1804430.0,37.52,37.351,37.2695,37.23633333333334,0.0125266524520255,0.0171079756900753,0.0193321616871704,0.0202400880860089,37.2695,38.36530011623319,36.173699883766815,0.8287552123985191,0.0588041222034234,-0.0005261773217573,0.0209621069604946,0.0155038759689924,0.0187717886832932,0.015047706033824,0.0146524802899843,0.0133527687399472,54.459203021585786,0.0617332951838207,-0.0011500784084693,0.0628833735922901,14871725.0,61.418811340523,0.7264285714285715,1.1220939701386432,0.9081632652597876,0.5302013422729838,0.032376941300342,-0.0005261773217573,0.0133527687399472,54.459203021585786,-0.3127779510657591,0.0,0.0,0.0,0.5,,,,,,,,,,,,,,,,,,,,,,,,,,,,,,,,,,,,,,,,,,,,其他,0,0,0.5,1.0,0,0.8548057259713702,0.038694393261384574,0.05606738615425089,0.6372950819672131,0.3360655737704918,0.23770491803278687,0.4959016393442623,0.5614754098360656,0.5430327868852459,0.5,0.5,0.5,0.5,0.8548057259713702,0.7566462167689162,0.7832310838445807
2025-02-28,37.8,39.12,37.58,38.31,3418310.0,37.734,37.459,37.349,37.275666666666666,0.0152647479726506,0.022718171867909,0.0257302739029157,0.0277482182299444,37.349,38.50594516087107,36.192054839128936,0.9153178700297804,0.0619532068257768,0.0084232692813899,0.0287325456498388,0.0290088638195005,0.0433006535947713,0.0149977368909038,0.0146030422633626,0.0128732826647021,55.963302737917736,0.1246579008586366,0.0240115174451321,0.1006463834135044,18290035.0,71.74519739665152,0.8057142857142858,2.0749384252002154,0.999999999952381,0.5838926174398682,0.0046985121378229,0.0084232692813899,0.0128732826647021,55.963302737917736,0.8943987852119506,0.0,0.0,0.0,0.5,,,,,,,,,,,,,,,,,,,,,,,,,,,,,,,,,,,,,,,,,,,,其他,0,0,0.5,1.0,0,0.4212678936605317,0.028713129731140485,0.040981466979900905,0.8299180327868853,0.6065573770491803,0.18237704918032788,0.7807377049180327,0.9364754098360656,0.7786885245901639,0.5,0.5,0.5,0.5,0.4212678936605317,0.4294478527607362,0.6871165644171779
2025-03-03,38.79,39.09,37.72,37.88,3106704.0,37.828,37.498000000000005,37.403000000000006,37.303666666666665,0.0013746431214973,0.0101872099845323,0.012752987728257,0.0154497770549812,37.403000000000006,38.55284850260685,36.25315149739316,0.7074186289967065,0.0614842928430216,-0.011224223440355,0.0125634856990111,0.010402774073086,0.0293478260869566,0.0168615029659753,0.0151696588453477,0.013218691040664,47.29981376792929,0.1382393274541584,0.0468570794470684,0.09138224800709,15183331.0,59.66171592353977,0.8321428571428575,1.8084764913493965,0.795238095200227,0.5117449664343673,0.0316789862724391,-0.011224223440355,0.013218691040664,47.29981376792929,-0.0911579113655578,0.0,0.0,0.0,0.5,,,,,,,,,,,,,,,,,,,,,,,,,,,,,,,,,,,,,,,,,,,,其他,0,0,0.5,1.0,0,0.7069672131147541,0.040918690601900565,-0.048838437170010573,0.7741273100616016,0.5154004106776181,0.19301848049281314,0.4804928131416838,0.9322381930184805,0.6776180698151951,0.5,0.5,0.5,0.5,0.7069672131147541,0.5532786885245902,0.2520491803278688
2025-03-04,37.71,38.68,37.62,38.63,2083277.0,38.164,37.697,37.524,37.34083333333333,0.0122104601194843,0.0247499801045176,0.0294744696727429,0.0345243143118572,37.524,38.654410265532334,36.39358973446767,0.9892029175709244,0.0602499875028952,0.0197993664202744,0.0454668470906629,0.0543122270742357,0.0668323667495167,0.0158454680433402,0.0136297292618228,0.0131410552348959,55.29411763404846,0.2071268578729288,0.0789110351323875,0.1282158227405413,17266608.0,60.56046997808071,0.8742857142857149,1.1889521368287683,0.999999999955157,0.6375838926067525,0.0282164121149364,0.0197993664202744,0.0131410552348959,55.29411763404846,-0.329425333086126,0.0,0.0,0.0,0.5,,,,,,,,,,,,,,,,,,,,,,,,,,,,,,,,,,,,,,,,,,,,其他,0,0,0.5,1.0,0,0.6577868852459017,0.031581672275433625,-0.057986021227025675,0.8767967145790554,0.6447638603696099,0.19301848049281314,0.7248459958932238,0.8624229979466119,0.7782340862422998,0.5,0.5,0.5,0.5,0.6577868852459017,0.48565573770491804,0.21106557377049182
2025-03-05,38.35,38.63,37.85,38.35,1635409.0,38.232,37.798,37.621500000000005,37.36566666666667,0.0030864197530864,0.0146039472987988,0.0193639275414323,0.0263432562869656,37.621500000000005,38.67765539127827,36.56534460872174,0.8448829622664726,0.0561463732852469,-0.0072482526533782,0.0089450144698763,0.027048741296197,0.0535714285714286,0.012497472015653,0.0132240749031068,0.0133402245440397,58.33333331885348,0.2364042120191598,0.1104096705098575,0.1259945415093022,15631199.0,59.861491937394106,0.8650000000000004,0.91941150117079,0.8592964823688791,0.5906040268357285,0.0273794002607561,-0.0072482526533782,0.0133402245440397,58.33333331885348,-0.2149824531255325,0.0,0.0,0.0,0.5,,,,,,,,,,,,,,,,,,,,,,,,,,,,,,,,,,,,,,,,,,,,其他,0,0,0.5,1.0,0,0.6372950819672131,0.03389830508474567,-0.04302477183833109,0.7741273100616016,0.6180698151950719,0.2135523613963039,0.757700205338809,0.6981519507186859,0.7392197125256673,0.5,0.5,0.5,0.5,0.6372950819672131,0.5081967213114754,0.28688524590163933
2025-03-06,38.4,39.95,38.06,39.22,3092579.0,38.478,37.999,37.733,37.40283333333333,0.0192837465564736,0.0321324245374876,0.0394084753398882,0.0485836634479561,37.733,38.9647057064771,36.501294293522896,1.103634452641583,0.0652853314856405,0.0226857887874836,0.032376941300342,0.0540177371674279,0.0602865639361989,0.0153762283870723,0.0143913194660508,0.0137575933435931,65.71879935355355,0.3260430934276641,0.1535363550935455,0.1725067383341186,18723778.0,66.92666789975158,0.9607142857142864,1.660761425565487,0.9999999999612404,0.736577181195695,0.0061193268740438,0.0226857887874836,0.0137575933435931,65.71879935355355,0.8910125846195049,0.0,0.0,0.0,0.5,,,,,,,,,,,,,,,,,,,,,,,,,,,,,,,,,,,,,,,,,,,,其他,0,0,0.5,1.0,0,0.5430327868852459,0.02192758796532379,-0.04513003569607332,0.8562628336755647,0.6570841889117043,0.23819301848049282,0.8624229979466119,0.9219712525667351,0.7823408624229979,0.5,0.5,0.5,0.5,0.5430327868852459,0.48975409836065575,0.3176229508196721
2025-03-07,38.9,39.25,38.3,38.49,2245675.0,38.514,38.124,37.7815,37.43066666666666,-0.0006231500233679,0.0096002518098834,0.0187525640855974,0.0283012146902719,37.7815,39.05361841554068,36.50938158445932,0.778472503529093,0.0673408104780019,-0.0186129525752166,0.0046985121378229,0.0335660580021481,0.0258528784648186,0.0188798230668968,0.0162635461453576,0.0142940252333876,57.352941164662646,0.3343289136872087,0.189694866812363,0.1446340468748457,16478103.0,59.88359251617362,0.9971428571428576,1.2272158933796165,0.7170542635380996,0.6140939597212406,0.0239023122889061,-0.0186129525752166,0.0142940252333876,57.352941164662646,-0.2738504012346976,0.0,0.0,0.0,0.5,0.9291229470452962,0.7261949961607357,1.1894635940030365,0.8751022767697676,-0.3174977927882141,,,,,,,,,,,,,,,,,,,,,,0.5851252512515362,0.2965887518605432,0.6128181726439041,1.2327742071406858,,,,,,,,,,0.0,0.0,0.0,0.0,其他,0,0,0.5,1.0,0,0.5307377049180327,0.01351000259807722,-0.12418810080540399,0.4209445585215606,0.5749486652977412,0.2669404517453799,0.704312114989733,0.7392197125256673,0.6632443531827515,0.5,0.5,0.5,0.5,0.5307377049180327,0.4672131147540984,0.35450819672131145
2025-03-10,38.5,39.5,38.08,39.08,2131183.0,38.754,38.291,37.852500000000006,37.4635,0.0084120348867213,0.0206053641847951,0.0324285053827353,0.0431486647003083,37.852500000000006,39.2485376257936,36.45646237420641,0.9396371477481632,0.0737619774540602,0.0153286567939723,0.0316789862724391,0.0446404704624432,0.0377057886351566,0.0182784914369099,0.0166977432618834,0.0146260758836239,68.6544342360679,0.3840721579947797,0.2285703250489194,0.1555018329458602,18609286.0,66.34739391066756,1.014285714285715,1.14936395502355,0.9457364340718704,0.713087248310183,0.0089559877175025,0.0153286567939723,0.0146260758836239,68.6544342360679,-0.0509833346321262,0.0,0.0,0.0,0.5,0.7570868798816278,0.8201686213380209,1.0676289112723174,1.1447816997346003,-0.365361569306562,,,,,,,,,,,,,,0.5077485954406034,,,,,,,,0.7140414081240645,0.4277758959844738,0.6594645297895003,1.4086029869213992,,,,,,0.5077485954406034,,,-0.2334584356216797,0.0,0.0,0.0,0.0,其他,0,0,0.5,1.0,0,0.3176229508196721,-0.0058853633572159,-0.16786079836233359,0.7063655030800822,0.6652977412731006,0.30184804928131415,0.8234086242299795,0.7371663244353183,0.7268993839835729,0.5,0.5,0.5,0.5,0.3176229508196721,0.4918032786885246,0.27049180327868855
2025-03-11,38.51,39.82,38.38,39.72,2575686.0,38.972,38.568,37.93,37.50466666666667,0.0191932669608949,0.0298693217174861,0.0471921961508041,0.059068204845619,37.93,39.55377079015088,36.30622920984912,1.0511861682548669,0.085619340371558,0.0163766632548618,0.0282164121149364,0.0749661705006765,0.0406078071784123,0.0177059024162999,0.0159372596252931,0.0147574183965157,68.3641975160942,0.4697179664768285,0.2767998533345736,0.1929181131422548,21184972.0,68.04441474636668,1.0571428571428574,1.3729999219863995,0.9999999999675324,0.8204697986439519,0.0032729103726083,0.0163766632548618,0.0147574183965157,68.3641975160942,0.2085710143145849,0.0,0.0,0.0,0.5,0.7563614476251506,0.9406004395702888,1.2082292687261695,1.4306860987537096,-0.1714665720911593,,,,,,,,,,,,,,0.5386393448611417,,,,,,,,0.9369032989775772,0.5904154071149262,0.8282361450081508,1.616975481311817,,,,,,0.5386393448611417,,,0.3948840849452759,0.0,0.0,0.0,0.0,其他,0,0,0.5,1.0,0,0.3059548254620123,-0.026435045317220518,-0.18026183282980857,0.6584362139917695,0.5946502057613169,0.3004115226337449,0.831275720164609,0.8292181069958847,0.7736625514403292,0.5,0.5,0.5,0.5,0.3059548254620123,0.3737166324435318,0.19096509240246407
2025-03-12,39.72,39.85,39.23,39.4,1719600.0,39.182,38.70700000000001,38.0,37.53266666666666,0.0055637792864069,0.0179037383419018,0.0368421052631577,0.0497522158475283,38.0,39.75211150810728,36.24788849189272,0.8995179511783473,0.0922163951632981,-0.0080563947633434,0.0273794002607561,0.0365693238621416,0.0368421052631577,0.0178567642605207,0.0146606810897091,0.0148631737614599,66.41679159025739,0.5059411162247827,0.3226281059126705,0.1833130103121121,19465372.0,68.92832625482943,1.0757142857142863,0.9129188933199645,0.8961038960748017,0.7667785234770674,0.0063451776649745,-0.0080563947633434,0.0148631737614599,66.41679159025739,-0.3323720360323424,0.0,0.0,0.0,0.5,1.2502975148728777,0.945227828082561,1.616472999813788,1.2656498732435688,-0.5421453574959626,,,,,,,,,,,,,,-0.2499682973481398,,,,,,,,1.025625514021536,0.7437672043866013,0.7782513975157104,1.443992642234989,,,,,,-0.2499682973481398,,,-0.9162548698083968,0.0,0.0,0.0,0.0,其他,0,0,0.5,1.0,0,0.3880903490759753,-0.013451776649746172,-0.15989847715736039,0.6378600823045267,0.6111111111111112,0.3004115226337449,0.831275720164609,0.522633744855967,0.6934156378600823,0.5,0.5,0.5,0.5,0.38809034907597534,0.41478439425051333,0.20739219712525667
2025-03-13,39.24,39.53,38.79,39.46,1599170.0,39.23,38.854,38.1025,37.56483333333334,0.0058628600560795,0.0155968497451999,0.0356275834918968,0.0504505543748805,38.1025,39.94671570835605,36.258284291643946,0.8680426301984171,0.0968028716410321,0.0015228426395939,0.0061193268740438,0.0386943932613845,0.0547981823041967,0.0150683920556148,0.0146093651686481,0.0142879736735206,66.56716416519498,0.5333412850750463,0.3647707417451862,0.1685705433298601,21064542.0,68.02687880475476,1.086428571428572,0.8440597979449092,0.9155844155546894,0.7768456375708586,0.0157121135326911,0.0015228426395939,0.0142879736735206,66.56716416519498,-0.0700337287741335,0.0,0.0,0.0,0.5,1.0407188780018397,0.8118615456907854,1.3776219414868731,1.280097003037938,-0.591611484730263,1.4576570798346218,,,,0.1357074567648441,,,,,,,,,0.0605997070793107,,,,,,,,1.089529176455485,0.8830016154756095,0.7049964789556351,1.5646902836429522,,,,,,0.0605997070793107,,,-0.2754001097586141,0.0,0.0,0.0,0.0,其他,0,0,0.5,1.0,0,0.4887063655030801,0.016725798276735926,-0.16218955904713628,0.5432098765432098,0.6975308641975309,0.27983539094650206,0.8045267489711934,0.4403292181069959,0.7489711934156379,0.5,0.5,0.5,0.5,0.4887063655030801,0.6673511293634496,0.11293634496919917
2025-03-14,39.3,39.56,38.9,39.41,1665500.0,39.414,38.964,38.2115,37.59766666666667,-0.0001014867813468,0.0114464634021147,0.0313649032359366,0.0482033459523196,38.2115,40.09584296800038,36.32715703199962,0.8180153560872234,0.0986270085181398,-0.0012671059300558,0.0239023122889061,0.0287131297311404,0.0585549288208433,0.0106970363790281,0.014597337995334,0.0142107895722891,65.19756837518597,0.5447422540115952,0.4007650441984956,0.1439772098130995,19399042.0,68.48213743401448,1.100000000000001,0.8643116582772735,0.8993506493214488,0.7684563758260322,-0.0101497081958893,-0.0012671059300558,0.0142107895722891,65.19756837518597,0.0414777665914192,0.0,0.0,0.0,0.5,1.0567329568038573,0.8183553374562234,1.4156472906387267,1.2436737639326818,-0.5595586283798141,1.5394433540567412,,,,-0.0397469646569979,,,,,,,,,-0.0301753369890448,0.2674296941271887,,,-0.852201861233268,,,,1.110092902972004,0.9994094318646274,0.5865360174897281,1.39974653296864,,,,,,-0.0301753369890448,,,-0.002459711839447,0.0,0.0,0.0,0.0,其他,0,0,0.5,1.0,0,0.4743326488706365,0.011925907130170055,-0.14869322506977922,0.5308641975308642,0.6460905349794238,0.24074074074074073,0.7530864197530864,0.3148148148148148,0.6234567901234568,0.5,0.5,0.5,0.5,0.47433264887063653,0.7905544147843943,0.13963039014373715
2025-03-17,39.46,39.66,39.21,39.43,1083199.0,39.484,39.119,38.3085,37.62766666666666,-0.0013676425894033,0.0079501009739513,0.0292754871634233,0.0478991522195548,38.3085,40.2357044110849,36.38129558891509,0.7909655025357601,0.1006149763671183,0.0005074854097946,0.0089559877175025,0.0409186906019005,0.0517471325686849,0.0089551770528922,0.0137820069028657,0.0141876838719299,70.1954397234082,0.5490620342805883,0.4304244422149324,0.1186375920656558,20482241.0,72.18859975235904,1.0885714285714292,0.5648307191855083,0.9058441558147456,0.771812080523963,-0.0147096119705807,0.0005074854097946,0.0141876838719299,70.1954397234082,-0.3496253377364154,0.0,0.0,0.0,0.5,1.1135399044909011,0.8525330874389432,1.549693896544828,1.2403569965376815,-0.8103873107872314,1.5563088064310626,,,,-0.0768683984071009,,,,,,,,,0.0277662137710077,0.0589638072126206,,,-0.9578461864992316,,,,1.1116778250406736,1.0923511429105452,0.4651782555078354,1.476584877176234,,,,,,0.0277662137710077,,,-0.956216272285987,0.0,0.0,0.0,0.0,其他,0,0,0.5,1.0,0,0.6139630390143738,-0.08622875982754241,-0.13264012173471973,0.31275720164609055,0.6337448559670782,0.24279835390946503,0.8106995884773662,0.10905349794238683,0.5349794238683128,0.5,0.5,0.5,0.5,0.6139630390143738,0.23819301848049282,0.22587268993839835
2025-03-18,39.45,40.08,39.3,39.85,1972911.0,39.51,39.241,38.469,37.6795,0.0086054163502911,0.0155194821742565,0.035899035587096,0.0576042675725525,38.469,40.34512029689488,36.592879703105126,0.8680467617665183,0.0975393328077152,0.0106517879786964,0.0032729103726083,0.0315816722754336,0.0876091703056769,0.0067136460458673,0.0128998168365606,0.0129649446286218,66.72727271028764,0.5796918070096382,0.4602779151738883,0.1194138918357499,22455152.0,71.70077112219928,1.0514285714285725,1.0194493670964566,0.9999999999655173,0.842281879180499,-0.0296110414052697,0.0106517879786964,0.0129649446286218,66.72727271028764,0.8213744658183768,0.0,0.0,0.0,0.5,1.099666971410253,1.0128438704051763,1.572542489281077,1.4199385265896942,-0.4164722252516248,1.5488655676295733,,,,0.2183050724761776,,,,,,,,,0.359352498859433,-0.0204560260033594,,,-1.093734989032379,,,,1.182437686745666,1.1841436997154409,0.4665970985836246,1.6264487569667576,,,,,,0.359352498859433,,,1.887225313636816,0.0,0.0,0.0,0.0,其他,0,0,0.5,1.0,0,0.4887525562372188,-0.08682559598494355,-0.12823086574654952,0.30327868852459017,0.6782786885245902,0.23975409836065573,0.7725409836065574,0.6905737704918032,0.6209016393442623,0.5,0.5,0.5,0.5,0.4887525562372188,0.2085889570552147,0.3067484662576687
2025-03-19,39.8,41.84,39.55,39.65,2922914.0,39.56,39.371,38.5845,37.725,0.0022750252780585,0.0070864341774403,0.0276147157537354,0.0510271703114644,38.5845,40.45237213582443,36.71662786417557,0.7852175958637533,0.0968198181041399,-0.0050188205771644,0.0063451776649745,0.0338983050847456,0.0618639528655595,0.0058019188126777,0.0127173685654829,0.0126317377911328,64.61267604041231,0.581129614465496,0.4844482550322193,0.0966813594332767,19532238.0,72.8508076707329,1.142142857142859,1.445872733040559,0.931034482726515,0.8087248322011958,-0.0196721311475409,-0.0050188205771644,0.0126317377911328,64.61267604041231,0.4815234949777258,0.0,0.0,0.0,0.5,1.233273675430089,1.6925451191756675,1.6710391075963646,1.312399530460781,0.003445023783578,1.554614801131389,,,,0.02949778927779,,,,,,,,,-0.1565322304622178,0.0226103908475029,,,-1.1421534931427364,,,,1.1751853831161476,1.2547003643053125,0.3574976560022783,1.3553568100406408,,,,,,-0.1565322304622178,,,1.0516913632457268,0.0,0.0,0.0,0.0,其他,0,0,0.5,1.0,0,0.4631147540983606,-0.07440100882723821,-0.1081967213114754,0.3860369609856263,0.6262833675564682,0.2135523613963039,0.7412731006160165,0.8726899383983573,0.5749486652977412,0.5,0.5,0.5,0.5,0.46311475409836067,0.23155737704918034,0.3463114754098361
2025-03-20,39.93,40.65,39.59,40.08,2380633.0,39.684,39.457,38.728,37.802,0.0099788327789538,0.0157893402944977,0.0349101425325344,0.0602613618327072,38.728,40.592229486663925,36.86377051333608,0.8626163006178941,0.0962729542790285,0.0108448928121058,0.0157121135326911,0.0219275879653237,0.0771298038161782,0.0072234225665952,0.0111819626397937,0.0126461979383432,65.28497407747854,0.6099339326871842,0.5095453905632201,0.100388542123964,21912871.0,63.96865325114173,1.1078571428571442,1.1377236050981985,0.9999999999680512,0.8808724832066966,0.0009980039920158,0.0108448928121058,0.0126461979383432,65.28497407747854,-0.1855275249288894,0.0,0.0,0.0,0.5,1.274187280494916,1.207134181497786,1.6657093489915842,1.4933482490539265,-0.2362433357355969,1.5995474103046972,1.7715729124160766,,,0.2589571997493398,0.2045260428882288,,,,,,,,0.3667573140745545,0.1541011889786269,,,-1.0409824182887797,,,,1.2397512370111574,1.3266310466369324,0.3734424852877125,1.5423068921421643,,,,,,0.3667573140745545,,,-0.5672494959773874,0.0,0.0,0.0,0.0,其他,0,0,0.5,1.0,0,0.7172131147540983,-0.06561876247504983,-0.10903193612774442,0.486652977412731,0.7351129363449692,0.2135523613963039,0.5852156057494866,0.7761806981519507,0.7002053388090349,0.5,0.5,0.5,0.5,0.7172131147540983,0.29098360655737704,0.3401639344262295
2025-03-21,40.0,40.38,39.0,39.01,1964000.0,39.604,39.509,38.816500000000005,37.85833333333333,-0.014998485001515,-0.012630033663216,0.0049849934950341,0.0304204270305965,38.816500000000005,40.546523121232745,37.08647687876727,0.5559241080565793,0.0891385426933537,-0.0266966067864271,-0.0101497081958893,0.0135100025980772,0.0475295381310418,0.0154139991883192,0.0130003199194124,0.0143668491177712,58.78693622359222,0.5401979999346622,0.5156759124375101,0.0245220874971521,19948871.0,66.27917491110018,1.10857142857143,0.9234756321981816,0.6581469648352024,0.701342281867427,0.0223019738528582,-0.0266966067864271,0.0143668491177712,58.78693622359222,-0.1750093357522978,0.0,0.0,0.0,0.5,1.289796584627026,1.090540799527126,1.3621997667511794,0.9903383570632924,-0.419920641016883,1.5348507678650145,1.7742316699236436,,,-0.4889958055619057,-0.4375051948229549,,,,,,,,-0.8736837819852322,-0.2112689530521418,-0.0052608020054744,,-0.5067479100499688,-0.854458349458095,,,1.0453110695775405,1.3331627326450244,0.0120968305216419,1.3568562389666552,,,,,,-0.8736837819852322,,,-0.5389028317697018,0.0,0.0,0.0,0.0,其他,0,0,0.5,1.0,0,0.8934426229508197,-0.1358625993335042,-0.09715457574980768,0.4722792607802875,0.5995893223819302,0.3080082135523614,0.5010266940451745,0.5051334702258727,0.42505133470225875,0.5,0.5,0.5,0.5,0.8934426229508197,0.36475409836065575,0.30327868852459017
2025-03-24,39.2,39.71,37.97,38.85,1761930.0,39.488,39.486,38.88850000000001,37.9155,-0.0161568071312803,-0.0161069746239171,-0.0009900099000991,0.0246469122126835,38.88850000000001,40.48691072384577,37.29008927615425,0.487956787490711,0.0822048021313061,-0.0041015124327095,-0.0147096119705807,-0.0058853633572159,0.0384923817161189,0.0153686214556056,0.0121121263184549,0.0144293829001355,51.88356163139777,0.4666424345351458,0.5058692168570352,-0.0392267823218893,18186941.0,59.88913824894678,1.1571428571428584,0.8195557491805803,0.6070287539742167,0.6744966442839854,-0.0725868725868725,-0.0041015124327095,0.0144293829001355,51.88356163139777,-0.1028869653767821,0.0,0.0,0.0,0.5,0.9516107785882488,0.819249799237719,0.8549791718559628,0.9098495617800216,-0.507772535533511,1.4535357828912143,1.7301687611684868,,,-0.5212824768572594,-0.5139142719605411,,,,,,,,-0.1223145387251644,-0.2749231350303917,-0.2500248852811812,,-0.5071651932332729,-0.910593513802428,,,0.8437243879222913,1.286353050700321,-0.2914715460084011,1.1933404731550892,,,,,,-0.1223145387251644,,,-0.3610142845547449,0.0,0.0,0.0,0.0,其他,0,0,0.5,1.0,0,0.1065573770491803,-0.16293436293436292,-0.07335907335907343,0.6139630390143738,0.6694045174537988,0.2751540041067762,0.486652977412731,0.2813141683778234,0.5503080082135524,0.5,0.5,0.5,0.5,0.10655737704918032,0.2459016393442623,0.3319672131147541
2025-03-25,38.86,39.1,38.28,38.67,920100.0,39.252,39.381,38.9745,37.9625,-0.0148272699480279,-0.0180543917117391,-0.0078128006773658,0.0186368126440568,38.9745,40.2946192131175,37.6543807868825,0.3846695067336462,0.0677427144986652,-0.0046332046332046,-0.0296110414052697,-0.0264350453172205,0.0465493910690122,0.0134024613293963,0.0105801580754001,0.0141287054003852,52.78745643311804,0.3893371057327712,0.4825627946321786,-0.0932256888994074,17266841.0,61.354073441865815,1.1600000000000013,0.4308704109122743,0.3590909090745871,0.644295302002613,-0.0589604344453065,-0.0046332046332046,0.0141287054003852,52.78745643311804,-0.4777885614070933,0.0,0.0,0.0,0.5,0.8057341600468788,0.5738460796130022,0.998437687174628,0.8212068845010279,-0.8790694968793233,1.311520101168316,1.6375237811780614,,,-0.4787982812453832,-0.5553766701661175,,,,,,,,-0.1395099062428477,-0.4851951596074954,-0.508908333852573,,-0.6320618558603457,-1.0110046182681556,,,0.6340956183196925,1.195655804885317,-0.5478397564236421,1.1045257646416682,,,,,,-0.1395099062428477,,,-1.2678121918411007,0.0,0.0,0.0,0.0,其他,0,0,0.5,1.0,0,0.110655737704918,-0.15800362037755367,0.00853374709076804,0.4887063655030801,0.6406570841889117,0.27720739219712526,0.47638603696098564,0.07802874743326489,0.48459958932238195,0.5,0.5,0.5,0.5,0.11065573770491803,0.18237704918032788,0.7540983606557377
2025-03-26,38.67,39.26,38.45,38.87,1021801.0,39.096,39.328,39.0175,38.029833333333336,-0.0057806425209739,-0.0116456468673717,-0.0037803549689242,0.0220923047256758,39.0175,40.25902495364619,37.77597504635381,0.4405972471149803,0.0636393902040371,0.0051719679337987,-0.0196721311475409,-0.0134517766497461,0.0226256248355696,0.0143175982639373,0.0106522950408211,0.0127330543498382,46.5483234585468,0.3402872494565798,0.4541076855970553,-0.1138204361404754,18288642.0,58.28849752582061,1.0828571428571436,0.4971661484289592,0.449999999979544,0.6444444444325099,-0.0558271160277847,0.0051719679337987,0.0127330543498382,46.5483234585468,0.1105325508096946,0.0,0.0,0.0,0.5,0.7227824385314544,0.634257420465746,1.0725146741308216,0.9076946149970214,-0.8281631042416366,1.2154134988533944,1.580834750493658,,,-0.2037457948916505,-0.4068414047899057,,,,,,,,0.1880961007252402,-0.3414490636837899,-0.3416231037420513,,-0.5692031007507194,-0.9976851442470004,,-0.5149773979838043,0.5005756718412313,1.0896503659602308,-0.6434762403331589,1.1818162200104818,0.0173090754062142,-0.5257022853982996,,,,0.1880961007252402,,-0.5149773979838043,0.1711968453919584,0.0,0.0,0.0,0.0,其他,0,0,0.5,1.0,0,0.1577868852459016,-0.14844352971443264,-0.013892462052997101,0.4620123203285421,0.5667351129363449,0.20739219712525667,0.3531827515400411,0.18275154004106775,0.44353182751540043,0.5,0.5,0.5,0.5,0.15778688524590165,0.14549180327868852,0.7090163934426229
2025-03-27,38.98,40.46,38.87,40.12,3104400.0,39.104,39.394,39.124,38.09516666666666,0.0259819967266774,0.0184292024166117,0.025457519681014,0.0531519746599526,39.124,40.35982318612668,37.88817681387333,0.9029702675474836,0.0631746849056085,0.0321584769745304,0.0009980039920158,0.0167257982767359,0.0560673861542508,0.0212790587479246,0.0150517680876674,0.0144782107187336,64.57960642389773,0.3976919784895827,0.4428245441755595,-0.0451325656859768,21393042.0,67.93231340617396,1.1285714285714294,1.464167617478711,0.9999999999553572,0.8759259259097048,-0.0665503489531404,0.0321584769745304,0.0144782107187336,64.57960642389773,2.0381649655852754,0.0,0.0,0.0,0.5,0.8461020825227695,1.1043534865009432,1.2646305007388143,1.4701882382295357,0.1066177794733835,1.2081148348924775,1.5993424329435262,,,0.7580784960228611,0.2823452893210649,,,,,,,,1.0861138868285607,-0.0443895321587384,0.0448208663574809,,-0.1118591052741318,-0.6809603184175878,,0.9875679917317196,0.6510387124455046,1.043020442587163,-0.3110367564744423,1.4324190167151247,0.7681753292404188,-0.4513155962082695,,,,1.0861138868285607,,0.9875679917317196,4.494877973076727,0.0,0.0,0.0,0.0,其他,0,0,0.5,1.0,0,0.0983606557377049,-0.17597208374875362,-0.04760717846460605,0.7166324435318275,0.7823408624229979,0.28952772073921973,0.7864476386036962,0.8973305954825462,0.7741273100616016,0.5,0.5,0.5,0.5,0.09836065573770492,0.0471311475409836,0.48360655737704916
2025-03-28,40.12,40.72,39.39,39.88,2634800.0,39.278,39.441,39.2025,38.17,0.0153266459595704,0.01113054942826,0.0172820610930426,0.0447995808226358,39.2025,40.4199325875641,37.9850674124359,0.7782494927615476,0.0621099464350993,-0.0059820538384843,0.0223019738528582,0.01192590713017,0.0409814669799009,0.0160679432471442,0.0152299807690781,0.0145435146648367,57.6335877708613,0.4189903008449107,0.4380576955094293,-0.0190673946645186,18758242.0,68.59932210662188,1.1221428571428578,1.2660773089927553,0.8928571428172852,0.8256704980684744,-0.1547141424272818,-0.0059820538384843,0.0145435146648367,57.6335877708613,-0.1512691663445432,0.0,0.0,0.0,0.5,1.3068558478965366,1.1971738103406009,1.4989281076110088,1.3450400150775514,-0.104651146759166,1.2884193786909075,1.6055758342049016,,,0.431377696315579,0.1137141846268793,,,,,,,,-0.1941407943328577,0.2617268209517394,-0.0168573819267371,,-0.4531060734353582,-0.6644144476918751,,0.4036466255189216,0.7043513175574292,1.0190183991840869,-0.1842345258782433,1.1956002816054798,0.8149429676095734,-0.4592102005755472,,,,-0.1941407943328577,,0.4036466255189216,-0.4675116418205955,0.0,0.0,0.0,0.0,其他,0,0,0.5,1.0,0,0.0636550308008213,-0.158726178535607,-0.03635907723169518,0.8950617283950617,0.6851851851851852,0.31893004115226337,0.7139917695473251,0.8497942386831275,0.8148148148148148,0.5,0.5,0.5,0.5,0.06365503080082136,0.024640657084188913,0.5564681724845996
2025-03-31,37.5,37.87,35.89,36.03,3841452.0,38.714,39.101,39.11,38.17466666666667,-0.0693289249367153,-0.0785401907879593,-0.0787522372794681,-0.0561803639411826,39.11,40.89795973109012,37.32204026890988,-0.36131693751458,0.0914323564860929,-0.0965396188565697,-0.0725868725868725,-0.0862287598275424,-0.0488384371700105,0.0486389149327676,0.0345057573485493,0.0263666760719262,28.1656804687063,0.1237877879712172,0.3752037140017828,-0.2514159260305655,14916790.0,57.16534726555415,1.3042857142857152,1.813878618391316,0.0,0.0881226053622966,-0.0974188176519565,-0.0965396188565697,0.0263666760719262,28.1656804687063,0.4579672081372401,0.0,0.0,0.0,0.5,0.2193968168531582,0.0613431545274248,-0.1931597140886963,-0.4266195336800379,0.4393046450223998,0.9784367891391568,1.376741684059284,,,-2.111510003067269,-1.9238739081095764,,,,,,,,-3.114563476905774,-1.102041769041368,-1.2712035087424856,,1.6746238826639264,0.707406975857076,,-2.0301422569884697,-0.090150127330515,0.8003305503123116,-1.2992998516420315,0.8612309943858903,-0.0837525764104095,-0.16917829286695,,,,-3.114563476905774,,-2.0301422569884697,0.9117565086763934,0.0,0.0,0.0,0.0,其他,0,0,0.5,1.0,0,0.4711934156378601,-0.0507910074937552,0.06688870385789603,0.10309278350515463,0.24948453608247423,0.7154639175257732,0.1711340206185567,0.9422680412371134,0.12989690721649486,0.5,0.5,0.5,0.5,0.4711934156378601,0.3786008230452675,0.8991769547325102
2025-04-01,36.06,36.75,36.06,36.39,2178630.0,38.258,38.755,38.998,38.18833333333334,-0.0488263892519211,-0.061024383950458,-0.0668752243704804,-0.0470911709509886,38.998,41.15508965726359,36.84091034273641,-0.1045182200024926,0.1106256555340304,0.0099916736053289,-0.0589604344453065,-0.0868255959849435,-0.0579860212270256,0.049767045461325,0.0344658381056372,0.0260258576264221,32.273262656633406,-0.080189605135736,0.2841250501742742,-0.3643146553100103,17095420.0,50.59591304264107,1.3114285714285718,1.026407219972914,0.0880195599000483,0.0965092402444246,-0.1052486946963451,0.0099916736053289,0.0260258576264221,32.273262656633406,-0.4328628862211476,0.0,0.0,0.0,0.5,-0.3783632929863357,-0.3849708437764892,-0.1102355884737261,-0.2592704787861692,-0.3139499518796824,0.7294810718470758,1.150353532045942,,,-1.475175191611972,-1.5035381024572811,,,,,,,,0.3545373827460012,-0.8988002098907392,-1.2656990531904064,,1.722085640917624,0.7004159071890962,,-1.6633545275870736,-0.6380973070562553,0.4878686277041404,-1.8167025391457967,1.0398924483691172,-0.5991158058165982,-0.1571385162005815,,,,0.3545373827460012,,-1.6633545275870736,-1.1062229799132723,0.0,0.0,0.0,0.0,其他,0,0,0.5,1.0,0,0.3954918032786885,-0.045342126957955475,0.032426490794174256,0.11088295687885011,0.21149897330595482,0.6981519507186859,0.21560574948665298,0.7412731006160165,0.14989733059548255,0.5,0.5,0.5,0.5,0.39549180327868855,0.5573770491803278,0.8463114754098361
2025-04-02,36.49,37.27,36.39,36.7,1652338.0,37.824,38.46,38.9155,38.19200000000001,-0.0297165820642977,-0.0457618304732189,-0.0569310429006435,-0.0390657729367407,38.9155,41.29199432213876,36.53900567786123,0.0338722294927456,0.1221361319850781,0.0085188238527067,-0.0558271160277847,-0.0744010088272382,-0.043024771838331,0.0500612476279517,0.0348802912297703,0.0261177462467493,34.21052631030953,-0.2143582764776042,0.1844283848438943,-0.3987866613214985,18747758.0,56.06031493679535,1.3214285714285718,0.7781475498746707,0.1638141809250906,0.1601642710439394,-0.0980926430517711,0.0085188238527067,0.0261177462467493,34.21052631030953,-0.2415701610645222,0.0,0.0,0.0,0.5,-0.1980823964218396,-0.1756944255896798,0.0503480287859119,-0.1151177453593115,-0.5509423430556084,0.4938513607997847,0.9593931874211123,,,-0.8953859629251584,-1.145695592036408,,,,,,,,0.3051815164004395,-0.8479358720784723,-1.0964600766514134,,1.7151481145583252,0.7257650866387082,,-1.484337875154103,-0.9942317632105896,0.1467621500721291,-1.947322814123476,1.1712018401809543,-0.1658904974115398,-0.140554392133259,,,,0.3051815164004395,,-1.484337875154103,-0.6677600707898003,0.0,0.0,0.0,0.0,其他,0,0,0.5,1.0,0,0.2719836400817996,-0.036512261580381566,0.02425068119891005,0.15368852459016394,0.2848360655737705,0.7131147540983607,0.21721311475409835,0.7131147540983607,0.19262295081967212,0.5,0.5,0.5,0.5,0.2719836400817996,0.5460122699386503,0.7443762781186094
2025-04-03,36.51,37.66,35.93,37.45,2114088.0,37.29,38.197,38.827000000000005,38.147333333333336,0.0042906945561813,-0.0195565096735343,-0.0354650114610967,-0.0182800020971322,38.827000000000005,41.28614062867068,36.36785937132933,0.2200241450269635,0.1266716784023664,0.0204359673024523,-0.0665503489531404,-0.0656187624750498,-0.0451300356960733,0.0477947544851142,0.0355547095890204,0.0260111003266552,39.61864406192099,-0.2572055105934652,0.0961016057564194,-0.3533071163498846,20861846.0,56.552540857895664,1.397857142857143,1.0190829069455514,0.3471882640501917,0.3141683778169579,-0.1172229639519358,0.0204359673024523,0.0260111003266552,39.61864406192099,0.279452509111332,0.0,0.0,0.0,0.5,-0.1889991597986,-0.0186054510227649,-0.1739268179919479,0.2329943186563162,-0.3388283932357668,0.205146142510545,0.7905583656507232,1.6531108892438944,,0.1258485569451237,-0.5471991960797592,-1.237018690398522,,1.6531108892438944,1.2339585739396766,0.7998098244475047,-1.25418432354839,-0.1664109130471933,0.6922549656787305,-0.9957760957068011,-0.9762154393237656,,1.548586282348972,0.7694114679496218,,-1.0325388492122776,-1.1013983858974357,-0.1554736763282062,-1.7066346758109334,1.3383405947013494,-0.1262656342937356,-0.0176223562629944,0.0837019740551801,-0.5946030459695953,,0.6922549656787305,,-1.0325388492122776,0.5168661331604014,0.0,0.0,0.0,0.0,其他,0,0,0.5,1.0,0,0.0633946830265848,-0.046461949265687585,0.013351134846461887,0.09631147540983606,0.3155737704918033,0.7110655737704918,0.430327868852459,0.7110655737704918,0.3319672131147541,0.5,0.5,0.5,0.5,0.06339468302658487,0.5071574642126789,0.6687116564417178
2025-04-07,35.88,35.89,33.71,33.71,2071700.0,36.056,37.667,38.588,38.05983333333334,-0.0650654537386287,-0.105052167679932,-0.1264123561729034,-0.1142893426578326,38.588,41.94884951666749,35.227150483332515,-0.2257093743391258,0.1741914334331282,-0.0998664886515354,-0.1547141424272818,-0.1358625993335042,-0.1241881008054039,0.0610830140189835,0.0461878934930614,0.0338973722737024,28.26747720064023,-0.586185927336011,-0.0403559008620702,-0.5458300264739407,18790146.0,51.52794436158248,1.6328571428571432,1.0028551868542082,0.0,0.0,-0.0047463660634827,-0.0998664886515354,0.0338973722737024,28.26747720064023,-0.0200502533480158,0.0,0.0,0.0,0.5,-0.4519473546665339,-0.7298205984266041,-1.2515862380556846,-1.4956740319226756,-0.3568005826462431,-0.460518877148116,0.457759914547256,1.4177283965836494,,-1.930944250204032,-2.4291466146485936,-3.5175590479014893,,1.4177283965836494,1.6952908782001868,0.3337268444816353,-2.75602273147356,0.3310967171999872,-3.130372784409858,-2.222016097279394,-1.8460848445461968,-2.42577302551424,2.3439593477468987,1.5145530576754729,0.6806220818425495,-1.92565719610642,-1.9568825461453023,-0.6218563530773442,-2.5436772055403183,1.1519709636841522,-0.5245054509185806,0.3600678118366665,0.057587338870484,-1.733852781167099,,-3.130372784409858,0.6806220818425495,-1.92565719610642,-0.1666834371267184,0.0,0.0,0.0,0.0,其他,0,0,0.5,1.0,0,0.0572597137014314,0.044793829724117495,0.1296351231088697,0.06147540983606557,0.35040983606557374,0.75,0.5635245901639344,0.41188524590163933,0.305327868852459,0.5,0.5,0.5,0.5,0.05725971370143149,0.37423312883435583,0.6871165644171779
2025-04-08,33.25,34.35,31.6,32.52,2026544.0,35.354,37.034000000000006,38.260000000000005,37.95933333333333,-0.0801606607456015,-0.1218879948155748,-0.1500261369576582,-0.1432937002757336,38.260000000000005,42.56616693640765,33.95383306359236,-0.1664860053906614,0.2251002057708517,-0.0353010975971521,-0.0974188176519565,-0.1629343629343629,-0.1678607983623335,0.049894425700466,0.0465360906139191,0.0341080136263312,23.68987795885384,-0.9321809224938704,-0.2187209051884341,-0.7134600173054363,16763602.0,45.29899149111442,1.773571428571429,0.9834871888348552,0.0,0.0,0.051660516605166,-0.0353010975971521,0.0341080136263312,23.68987795885384,-0.021796592170681,0.0,0.0,0.0,0.5,-1.542090089124378,-1.3396539031801031,-2.235398622887219,-2.011629550267889,-0.3760196278979608,-0.8362576389545957,0.061375662631255,1.1104020095111082,,-2.3248074567561345,-2.7145751183724904,-3.853291803496951,,1.1104020095111082,2.099016744339098,-0.1859707126491304,-2.472803689575391,0.8614962703954145,-1.0705476159924867,-1.3893461025818044,-2.142938577948984,-3.0231898705961853,1.6151709362974445,1.519833961376569,0.6944452986700977,-2.2415812795756738,-2.79159803566435,-1.2258264816770688,-3.1838732245469976,0.9725876163589066,-1.0147649427413197,0.5848917901877041,0.0264661588815107,-1.7057303129518002,,-1.0705476159924867,0.6944452986700977,-2.2415812795756738,-0.1700626797933116,0.0,0.0,0.0,0.0,其他,0,0,0.5,1.0,0,0.3987730061349693,0.10701107011070099,0.14360393603936017,0.4672131147540984,0.26844262295081966,0.7069672131147541,0.4262295081967213,0.19467213114754098,0.28688524590163933,0.5,0.5,0.5,0.5,0.3987730061349693,0.6789366053169734,0.6523517382413088
2025-04-09,32.0,33.19,30.3,32.56,1525600.0,34.588,36.423,37.902,37.83466666666666,-0.0586330519255232,-0.1060593580979051,-0.1409424304786026,-0.1394135889484069,37.902,42.8410968703536,32.9629031296464,-0.0407871256849304,0.2606246039966529,0.0012300123001229,-0.1052486946963451,-0.1580036203775536,-0.1802618328298085,0.0487517132012308,0.0467401687834186,0.033690688000677,24.25562817473072,-1.1894455601877283,-0.4128658361882962,-0.7765797239994321,18289202.0,37.36058573737984,1.816428571428571,0.7597361739445252,0.0052631578946674,0.0048367593711626,0.0669533169533169,0.0012300123001229,0.033690688000677,24.25562817473072,-0.247191277366788,0.0,0.0,0.0,0.5,-2.0288008304671563,-1.780961288872415,-2.773166710587961,-1.9588558558400355,-0.6039191788568874,-1.2408155708945472,-0.3211378759209664,0.7813950094958968,,-1.669546924463532,-2.312063867386941,-3.435186013507462,,0.7813950094958968,2.2402219534278376,-0.5894096333325268,-2.0001797700495185,1.2237006783618312,0.0892351834129626,-1.4829839193460497,-2.039822489102034,-3.081407296590512,1.5245230328955814,1.5150286948009588,0.6546467299311296,-2.1479140230452627,-3.3131876954007904,-1.863816475768056,-3.315298747732201,1.0939794169426866,-1.6262938089040946,0.6508739857240269,-0.3318047234138271,-1.6621787117967846,,0.0892351834129626,0.6546467299311296,-2.1479140230452627,-0.6849899691147716,0.0,0.0,0.0,0.0,其他,0,0,0.5,1.0,0,0.7607361963190185,0.1977886977886978,0.14864864864864846,0.39344262295081966,0.1885245901639344,0.6639344262295082,0.3155737704918033,0.055327868852459015,0.2028688524590164,0.5,0.5,0.5,0.5,0.7607361963190185,0.9591002044989775,0.7259713701431493
2025-04-10,33.0,33.77,33.0,33.1,1509616.0,33.868,35.846000000000004,37.587,37.712,-0.0226762725876934,-0.0766054789934721,-0.1193763801314284,-0.122295290623674,37.587,42.91232025229221,32.261679747707795,0.0787107828795359,0.2833596856507856,0.0165847665847664,-0.0980926430517711,-0.1484435297144326,-0.1598984771573603,0.0500876842202056,0.0474490325226826,0.0341862999542518,24.85590777847274,-1.3343749053377891,-0.5971676500181974,-0.7372072553195917,19798818.0,43.77968074111459,1.8271428571428567,0.7557276071387468,0.0763157894726798,0.0701330108818603,0.0682779456193352,0.0165847665847664,0.0341862999542518,24.85590777847274,-0.0104771893025694,0.0,0.0,0.0,0.5,-1.5938181637755298,-1.5304635850095647,-1.48521442559394,-1.689871616871206,-0.6083744530791426,-1.6099031701087336,-0.6811202878233474,0.4935094132351007,,-0.6182500806640652,-1.6571997048539986,-2.8223986951898823,,0.4935094132351007,2.2344104684413337,-0.8717199288762978,-1.5735031889363031,1.4447064569215966,0.575876089316097,-1.3672371172560491,-1.8880163709866813,-2.6699091169473164,1.5872886352134346,1.5451084137802575,0.6932368319092871,-2.0578191918563715,-3.501992537442934,-2.431157807778486,-3.031106096588045,1.2118702041742777,-1.1065338608852426,0.6646062456794959,-0.3367614626127945,-1.411301607286919,,0.575876089316097,0.6932368319092871,-2.0578191918563715,-0.1389050757967871,0.0,0.0,0.0,0.0,其他,0,0,0.5,1.0,0,0.8425357873210634,0.1580060422960725,0.13051359516616312,0.27049180327868855,0.20491803278688525,0.6557377049180327,0.19672131147540983,0.1290983606557377,0.14959016393442623,0.5,0.5,0.5,0.5,0.8425357873210634,0.950920245398773,0.7914110429447853
2025-04-11,32.63,33.44,32.6,33.06,849267.0,32.989999999999995,35.14,37.267,37.58316666666666,0.0021218551076085,-0.0591918042117244,-0.1128880779241686,-0.120350866300959,37.267,42.87982403823693,31.65417596176305,0.1252332184874631,0.3012222093660277,-0.0012084592145015,-0.1172229639519358,-0.1759720837487536,-0.1621895590471362,0.04659977480424,0.0448774342415108,0.0341513182107398,26.848249024312253,-1.435907766998291,-0.7649156734142178,-0.6709920935840731,18949551.0,45.9519160172839,1.7885714285714285,0.4332837611532622,0.0710526315780124,0.0710526315780124,0.0801572897761644,-0.0012084592145015,0.0341513182107398,26.848249024312253,-0.4374284586278895,0.0,0.0,0.0,0.5,-1.7221475547698315,-1.6404531255987362,-1.650839612753619,-1.6849475425648528,-0.9081926548194068,-2.044068665379116,-1.1176224307194813,0.2018402423805228,,0.1059023493939921,-1.273995102931468,-2.590808201379669,,0.2018402423805228,2.1607328156771985,-1.111859600776313,-1.4002321917949176,1.608267224093463,0.0074391499312042,-1.6156236200106542,-2.1771398398006485,-2.617211951126307,1.3565006590390094,1.3494923266258505,0.6861167587470769,-1.8702136033055388,-3.563156850400684,-2.8935723072877004,-2.6751026239977507,1.130640785179305,-0.927400482680346,0.598580005045304,-0.8530545631049192,-1.4112800069263989,,0.0074391499312042,0.6861167587470769,-1.8702136033055388,-1.1174986860353684,0.0,0.0,0.0,0.0,其他,0,0,0.5,1.0,0,0.9325153374233128,0.15577737447065942,0.13793103448275845,0.06147540983606557,0.11065573770491803,0.6454918032786885,0.2069672131147541,0.036885245901639344,0.11270491803278689,0.5,0.5,0.5,0.5,0.9325153374233128,0.9529652351738241,0.8261758691206544
2025-04-14,33.27,33.72,33.27,33.55,878100.0,32.958000000000006,34.507,36.974,37.47666666666667,0.0179622549912006,-0.0277335033471469,-0.0926056147563154,-0.1047763052566042,36.974,42.725881705832855,31.22211829416716,0.2023582737673444,0.3111311573439332,0.0148215366001207,-0.0047463660634827,-0.158726178535607,-0.1486932250697792,0.020861884057296,0.0459761888884984,0.0345114452906894,29.893778449024893,-1.460004832881225,-0.9039335053076204,-0.5560713275736044,19827651.0,50.89676449134131,1.7114285714285706,0.4571767971295274,0.1355263157876897,0.1355263157876897,0.0497764530551416,0.0148215366001207,0.0345114452906894,29.893778449024893,0.0339504537442287,0.0,0.0,0.0,0.5,-1.4443302711481028,-1.5120720526346614,-1.325935221814047,-1.449199494084484,-0.8893014011004081,-2.023373970243738,-1.498793440581346,-0.0652275327930483,,0.5677000407532791,-0.6030222862939212,-2.094933598378164,,-0.0652275327930483,2.0131228438642226,-1.2760964245379478,-1.1316839585101672,1.6850685701066863,0.5190420137968367,-0.0383268952919925,-1.933700222212331,-2.3525268405917195,-0.2365582989192333,1.4107181135688802,0.7130113872253186,-1.613786985645529,-3.4528124607169133,-3.2128692929780813,-2.1621499225600527,1.1950386614409765,-0.5319686401419473,0.4702689130030281,-0.8089596746571267,-1.189570064637879,,0.5190420137968367,0.7130113872253186,-1.613786985645529,-0.0281482971804284,0.0,0.0,0.0,0.0,其他,0,0,0.5,1.0,0,0.885480572597137,0.1454545454545455,0.14366616989567804,0.055327868852459015,0.13729508196721313,0.6434426229508197,0.14344262295081966,0.022540983606557378,0.07581967213114754,0.5,0.5,0.5,0.5,0.885480572597137,0.9713701431492843,0.8997955010224948
2025-04-15,33.56,34.25,33.36,34.2,1208467.0,33.294,34.324,36.7125,37.39283333333333,0.0272121102901425,-0.0036126325603075,-0.0684371807967312,-0.0853862371131721,36.7125,42.469786915864006,30.955213084135995,0.2817982639439881,0.3136417795491085,0.0193740685543966,0.051660516605166,-0.0507910074937552,-0.1326401217347197,0.0094458079717787,0.0372324315492029,0.0349940554655517,33.62637362292476,-1.4103948155662422,-1.0052257673593457,-0.4051690482068966,21036118.0,54.868782295576295,1.7164285714285707,0.6271350451153862,0.2210526315760389,0.2210526315760389,0.0526315789473683,0.0193740685543966,0.0349940554655517,33.62637362292476,0.3762293588429564,0.0,0.0,0.0,0.5,-1.3135400642414647,-1.2911338003441135,-1.272535792465961,-1.1492972100095378,-0.7323245883413947,-1.818098582558896,-1.592692073643439,-0.3034662390732782,,0.8345563220296108,-0.0893391446961133,-1.5458214292334242,,-0.3034662390732782,1.8080389295118395,-1.3698191960077075,-0.8601473197813448,1.6848562123758537,0.6620637446290498,0.7512788539159643,-0.6395858594121513,-2.0734965417848144,-0.9396354209231552,0.7942642101859253,0.7502523208651036,-1.3152349928627922,-3.2099308212222786,-3.3778392311341108,-1.5361052373863129,1.2856091132167904,-0.2147056193898203,0.4762671751929959,-0.5303292262922625,-0.9047672514212172,,0.6620637446290498,0.7502523208651036,-1.3152349928627922,0.761386699528875,0.0,0.0,0.0,0.0,其他,0,0,0.5,1.0,0,0.8670756646216768,0.1239766081871343,0.11578947368421044,0.39835728952772076,0.22381930184804927,0.6509240246406571,0.2402464065708419,0.38193018480492813,0.1806981519507187,0.5,0.5,0.5,0.5,0.8670756646216768,0.9754601226993865,0.8404907975460123
2025-04-16,33.98,35.16,33.63,34.74,2104700.0,33.730000000000004,34.159000000000006,36.457,37.37316666666667,0.0299436703231543,0.0170086946339176,-0.0470965795320513,-0.0704560758833209,36.457,42.08000575174973,30.83399424825028,0.3473236489665293,0.3084733111190881,0.0157894736842105,0.0669533169533169,-0.0453421269579554,-0.1282308657465495,0.0081613824453281,0.0375278628417275,0.0351449535162554,35.23945675129842,-1.3123772343439626,-1.0666560607562694,-0.2457211735876932,23140818.0,56.36074581050402,1.767857142857142,1.0885136903339654,0.2921052631540513,0.2921052631540513,0.1226252158894645,0.0157894736842105,0.0351449535162554,35.23945675129842,0.7416280295614195,0.0,0.0,0.0,0.5,-1.1336774743777398,-0.927280163479064,-1.138380307656822,-0.9024945210066656,-0.3151441213200599,-1.5709301066205403,-1.6721527590058556,-0.5356596355751462,,0.9090726619655664,0.3497233329049339,-1.0731031558317572,,-0.5356596355751462,1.5257011175792792,-1.4027970181587663,-0.6373363767090805,1.6087262783250404,0.544205212133398,0.9602605069137252,-0.571503629726195,-1.9709352130922653,-1.012188921498937,0.8100253686098827,0.7586446510248716,-1.181773086728633,-2.90137215431888,-3.4071055934106385,-0.8912564393868679,1.448059107420147,-0.095063512742419,0.5581131639569312,0.2200164134499107,-0.6696265970948391,,0.544205212133398,0.7586446510248716,-1.181773086728633,1.5903042844314033,0.0,0.0,0.0,0.0,其他,0,0,0.5,1.0,0,0.9775051124744376,0.08146229130685079,0.13701784686240637,0.7597535934291582,0.3059548254620123,0.6509240246406571,0.40451745379876797,0.7864476386036962,0.41683778234086244,0.5,0.5,0.5,0.5,0.9775051124744376,0.8895705521472392,0.820040899795501
2025-04-17,34.3,35.93,34.01,35.36,2222966.0,34.182,34.025,36.2425,37.331833333333336,0.0344625826458369,0.0392358559882439,-0.0243498654894116,-0.0528190864811533,36.2425,41.67678443941068,30.808215560589325,0.4188025571828934,0.2998846348566286,0.0178468624064478,0.0682779456193352,-0.0365122615803815,-0.1081967213114754,0.0083152444133207,0.0379857009585059,0.0355556468016898,32.18562873914222,-1.171168781852792,-1.087558604975574,-0.0836101768772181,25363784.0,54.26786235435064,1.7914285714285705,1.170871597928658,0.3736842105213986,0.3736842105213986,0.0839932126696831,0.0178468624064478,0.0355556468016898,32.18562873914222,0.0561913811944694,0.0,0.0,0.0,0.5,-0.9967885763745696,-0.621351109509423,-0.9561832242162156,-0.6224776230963243,-0.2591450466049366,-1.323263744438037,-1.7297808778871049,-0.7290600897919008,,1.0345966214729063,0.8210555622872984,-0.57630769013494,,-0.7290600897919008,1.2435923036421492,-1.396994153674608,-0.3957829548240774,1.5018177326614333,0.607779344515007,0.9722553151932868,-0.4633709484348964,-1.6614684632248171,-0.9956198388664678,0.8369385399837923,0.7894020677083246,-1.3981775698048164,-2.5394898490308093,-3.323223775534216,-0.239909313618644,1.6152028989824152,-0.2619834266257829,0.5939945954458019,0.3530821577913956,-0.4016374167898346,,0.607779344515007,0.7894020677083246,-1.3981775698048164,0.0070832353068115,0.0,0.0,0.0,0.0,其他,0,0,0.5,1.0,0,0.9387755102040816,0.06306561085972873,0.158371040723982,0.8422131147540983,0.3442622950819672,0.6618852459016393,0.21721311475409835,0.7971311475409836,0.514344262295082,0.5,0.5,0.5,0.5,0.9387755102040817,0.753061224489796,0.8693877551020408
2025-04-18,35.2,35.97,35.0,35.71,1756400.0,34.712,33.851000000000006,36.024,37.318333333333335,0.0287508642544365,0.0549171368644942,-0.008716411281368,-0.0430976731722567,36.024,41.15136066299426,30.89663933700573,0.4693799577711423,0.2846635944359333,0.0098981900452488,0.0801572897761644,-0.0464619492656875,-0.1090319361277444,0.0036204267913044,0.0374041252857876,0.0355339565260664,34.52115812558799,-1.0192687624658916,-1.0739006364736374,0.0546318740077458,27120184.0,52.10466494981674,1.765714285714285,0.9405867941003616,0.4197368420997403,0.4197368420997403,0.070008401008121,0.0098981900452488,0.0355339565260664,34.52115812558799,-0.2098844516740247,0.0,0.0,0.0,0.5,-0.6279136048506528,-0.6028093353926169,-0.4955749604079887,-0.4638363577445781,-0.4751154184918074,-1.041101065954111,-1.8085596728468645,-0.9242141243880436,,0.8612651105479823,1.147859063120168,-0.2350800422073898,,-0.9242141243880436,0.8868712334068606,-1.346273891922639,-0.2246518112100871,1.3329702579221725,0.3493031916888467,1.1306998498260687,-0.5804572514622758,-1.6488579997109305,-1.2756289647267711,0.7914413059411336,0.7825804548243527,-1.2102598606843464,-2.184293446443526,-3.160577627287951,0.3154271396287719,1.7383094067794649,-0.4342882253279535,0.5488548058636615,-0.0244940734701933,-0.2498600558907605,,0.3493031916888467,0.7825804548243527,-1.2102598606843464,-0.6067892078561801,0.0,0.0,0.0,0.0,其他,0,0,0.5,1.0,0,0.8875255623721882,0.06272752730327635,0.1596191542985157,0.9322381930184805,0.33675564681724846,0.6509240246406571,0.2464065708418891,0.7638603696098563,0.6386036960985626,0.5,0.5,0.5,0.5,0.8875255623721882,0.7034764826175869,0.8813905930470347
2025-04-21,35.73,35.98,35.04,35.22,1853300.0,35.046,34.001999999999995,35.834500000000006,37.28616666666667,0.0049649032699881,0.0358214222692783,-0.0171482788932455,-0.0554137593477473,35.834500000000006,40.77389469975826,30.89510530024175,0.4377960218411115,0.2756781704639088,-0.0137216465975917,0.0497764530551416,0.0447938297241174,-0.0971545757498076,0.01365246395633,0.0175371677813392,0.0352365982482359,45.994065275529984,-0.9277311415435748,-1.0446667374876248,0.1169355959440501,25266884.0,56.79561315889152,1.5478571428571417,0.9954292058649704,0.355263157890062,0.355263157890062,0.0911413969335606,-0.0137216465975917,0.0352365982482359,45.994065275529984,0.0551696652243225,0.0,0.0,0.0,0.5,-0.4103828472410604,-0.5961543095724358,-0.47505647805909,-0.6805303189595939,-0.4280451937049572,-0.8629109978120274,-1.6926014540206833,-1.0901092990050072,,0.1599764186125744,0.7346205685677795,-0.4174088071991815,,-1.0901092990050072,0.6314305133845892,-1.3325175800939664,-0.3299481358638723,1.2301444259666214,-0.415489647626008,0.6991378334777165,0.5194078904246986,-1.4644949649847483,-0.6502407803067841,-0.602398401080361,0.7520217920652928,-0.3419878163388247,-1.9662425309575364,-2.977180755731893,0.5645111778706083,1.5657535355351668,-0.0551777432445407,0.1870968984925659,0.0655479189915118,-0.459562630463962,,-0.415489647626008,0.7520217920652928,-0.3419878163388247,0.0088235983229163,0.0,0.0,0.0,0.0,其他,0,0,0.5,1.0,0,0.9591002044989776,0.08120386144236225,0.10420215786484954,0.8850102669404517,0.2997946611909651,0.6344969199178645,0.5071868583162218,0.75564681724846,0.39835728952772076,0.5,0.5,0.5,0.5,0.9591002044989775,0.8118609406952966,0.8302658486707567
2025-04-22,35.13,36.3,34.71,36.0,2223400.0,35.406,34.35,35.692,37.27616666666667,0.0167768174885611,0.0480349344978165,0.0086293847360752,-0.0342354587605128,35.692,40.42523567974382,30.95876432025618,0.532535882511075,0.2652266995254151,0.0221465076660989,0.0526315789473683,0.1070110701107009,-0.0733590733590734,0.0141826297506232,0.0113608248499829,0.0357365662627935,48.14814814174668,-0.783219487353314,-0.9923772874607624,0.2091578001074484,27490284.0,66.32122896252415,1.6099999999999988,1.179595481089295,0.4578947368360803,0.4578947368360803,0.0677777777777777,0.0221465076660989,0.0357365662627935,48.14814814174668,0.1996978362920196,0.0,0.0,0.0,0.5,-0.6524240764970773,-0.4675298507485645,-0.6257956960273231,-0.3284437235415373,-0.2533522876360204,-0.6729478825335736,-1.465037561175396,-1.2102206713378332,,0.5069545063891037,0.9898016096347828,0.1469568865589162,,-1.2102206713378332,0.3963345680151766,-1.2935204024196898,-0.0087739622008864,1.1150989518452,0.7477372126994107,0.7355227442721619,1.261108894231695,-1.123070901104536,-0.6143843181023435,-1.0300217489909074,0.7908650620912857,-0.1780326274240091,-1.6557256572725632,-2.7558969186779843,0.9319269069099688,1.7264956746314282,0.7131635907958879,0.2893172074949118,0.3683423930958113,-0.1208710044633585,,0.7477372126994107,0.7908650620912857,-0.1780326274240091,0.3443751984314786,0.0,0.0,0.0,0.0,其他,0,0,0.5,1.0,0,0.946938775510204,0.033055555555555394,0.061666666666666536,0.8670756646216768,0.32786885245901637,0.6659836065573771,0.6270491803278688,0.7950819672131147,0.6065573770491803,0.5,0.5,0.5,0.5,0.9469387755102041,0.610204081632653,0.7612244897959184
2025-04-23,36.0,39.6,35.7,39.0,7766898.0,36.258,34.994,35.7085,37.304833333333335,0.0756246897236472,0.1144767674458477,0.0921769326630914,0.0454409392884747,35.7085,40.48752555581761,30.929474444182382,0.8443693658332448,0.2676687934695789,0.0833333333333332,0.1226252158894645,0.1977886977886978,0.008533747090768,0.0359981780574284,0.0252609537404584,0.0406251821259837,58.698940992270906,-0.4217581351393704,-0.8782534569964839,0.4564953218571135,35257182.0,73.73830038505844,1.825714285714284,3.4872560042081093,0.8526315789361498,0.8526315789361498,-0.0366666666666666,0.0833333333333332,0.0406251821259837,58.698940992270906,2.493252676081677,0.0,0.0,0.0,0.5,-0.2952420195739155,0.8381091687361428,-0.1634050668466521,1.018239099872725,2.308223892440372,-0.229633378525244,-1.0680730765260946,-1.1841567040985477,,2.205636025142214,2.3595784040584964,1.948545163658144,,-1.1841567040985477,0.4362049538439393,-1.2921084860349807,1.0440060004231986,1.129905540087427,2.66663741367,1.7016968161302368,2.304800120776444,0.0168568552598132,0.7403157627491338,-0.0505664597689153,1.2081900214149883,0.6215007518995338,-0.9300232885420148,-2.4038604060032727,1.9036045173050864,2.314833300223238,1.3027087136517528,0.6459899318697481,3.9257673976138,1.1742677060996805,,2.66663741367,1.2081900214149883,0.6215007518995338,5.154849678897007,0.0,0.0,0.0,0.0,其他,0,0,0.5,1.0,0,0.263803680981595,-0.0410256410256411,-0.01205128205128203,0.9774590163934426,0.7535934291581109,0.7885010266940452,0.9281314168377823,0.9917864476386037,0.9671457905544147,0.5,0.5,0.5,0.5,0.26380368098159507,0.11042944785276074,0.3312883435582822
2025-04-24,38.4,38.5,37.4,38.33,4176916.0,36.852,35.517,35.6815,37.311166666666665,0.0401063714316725,0.0792015091364699,0.0742261395961492,0.027306391741525,35.6815,40.39091397628197,30.972086023718028,0.7811920987686072,0.2639695066781818,-0.0171794871794872,0.0839932126696831,0.1580060422960725,-0.0138924620529971,0.0405864372146905,0.0276836958541451,0.0408181317464143,53.34855402780151,-0.1872024908822922,-0.7400432637736454,0.5528407728913531,31080266.0,61.7375552891063,1.8164285714285704,1.7513428105093247,0.7644736842004674,0.7644736842004674,-0.0193060266110095,-0.0171794871794872,0.0408181317464143,53.34855402780151,-0.4622156747777555,0.0,0.0,0.0,0.5,0.6868390085905851,0.3993792354085433,0.6293380999165614,0.7124559489342345,0.6388933597709383,0.079599524796686,-0.7483511396724425,-1.197953320007567,,1.1579941410756118,1.5948049776586195,1.5381936000419998,,-1.197953320007567,0.3695658003064511,-1.2625915596962445,0.8239089681645818,1.0837550791553392,-0.538144711691637,1.150164427363573,1.804035916244454,-0.2953192061217953,1.0194057412765234,0.1202988845664604,1.213622579957608,0.2127729135066269,-0.4608131228327872,-2.016451788874737,2.244386419390047,1.9452238273692783,0.3292623641468275,0.627325512067967,1.200442397760956,0.8772289745395687,,-0.538144711691637,1.213622579957608,0.2127729135066269,-1.1199546735440584,0.0,0.0,0.0,0.0,其他,0,0,0.5,1.0,0,0.2044989775051124,-0.02374119488651183,0.006783198539003443,0.9405737704918032,0.7084188911704312,0.7926078028747433,0.8316221765913757,0.9137577002053389,0.9219712525667351,0.5,0.5,0.5,0.5,0.20449897750511248,0.14519427402862986,0.3967280163599182
2025-04-25,38.02,38.5,37.56,38.21,2210100.0,37.352,36.032,35.586,37.3265,0.0229706575283787,0.0604462699822381,0.073736862811218,0.0236695109372697,35.586,39.98358019585173,31.188419804148268,0.7983458951351707,0.2471522618917199,-0.0031307070180014,0.070008401008121,0.1557773744706594,-0.047607178464606,0.0415546886378082,0.027815952794602,0.0401168493367574,73.63445377068402,-0.0108730618135339,-0.594209223381623,0.583336161568089,28870166.0,68.30386877658074,1.6164285714285698,0.9443805936261638,0.7730978260764523,0.7486842105164649,-0.0068045014394136,-0.0031307070180014,0.0401168493367574,73.63445377068402,-0.4708775565512928,0.0,0.0,0.0,0.5,0.5283463031732715,0.397881588437517,0.700958219684303,0.6551795678137475,-0.2748722282781041,0.3397380065049221,-0.4352715375285291,-1.2731272236114668,,0.6544745975836913,1.1909630632038484,1.5088947630413103,,-1.2731272236114668,0.0939688111580966,-1.1656802832121438,0.8765344251052521,0.9083652140272456,-0.0885405600495264,0.9479464904124568,1.75234225059756,-0.7635430245682937,1.0719703360098485,0.1292267520212714,1.1423769056647504,1.7393223902665562,-0.108186304021942,-1.628074993654115,2.3155107327765125,1.7444325584959532,0.8575718917971781,0.2910126494715233,-0.0589201270354889,0.8996540595083524,,-0.0885405600495264,1.1423769056647504,1.7393223902665562,-1.1298455818976871,0.0,0.0,0.0,0.0,其他,0,0,0.5,1.0,0,0.2571428571428571,-0.015440984035592908,-0.008898194190002706,0.8875255623721882,0.48155737704918034,0.7786885245901639,0.8032786885245902,0.6127049180327869,0.9057377049180327,0.5,0.5,0.5,0.5,0.2571428571428571,0.20408163265306123,0.37142857142857144
2025-04-28,36.01,38.91,35.56,38.43,3630001.0,37.994,36.52,35.5135,37.355,0.0114754961309679,0.0523001095290251,0.0821236994382417,0.0287779413733102,35.5135,39.65325984556439,31.373740154435605,0.8522547332111188,0.2331372489646324,0.0057576550641194,0.0911413969335606,0.1454545454545455,-0.0363590772316951,0.0391134379061106,0.0279667042132618,0.0401359775173578,84.56140349492561,0.1449504244462147,-0.4463772938160553,0.59132771826227,32500167.0,64.41603502362011,1.6592857142857125,1.5188135232859468,0.9120370370229623,0.7776315789371365,-0.0091074681238616,0.0057576550641194,0.0401359775173578,84.56140349492561,0.642460069680105,0.0,0.0,0.0,0.5,-0.2992619504124193,0.5593711961940313,-0.2376828797979976,0.750962843719919,0.3860660614796284,0.6731246214003168,-0.1389820198414308,-1.3258949016522807,,0.3169984399384777,1.0130832197037276,1.665845313128327,,-1.3258949016522807,-0.1295841041494782,-1.082855657973922,1.0520301471910174,0.7628102893984773,0.1960023373217382,1.2338878134206892,1.6110327866326055,-0.6025158520551948,0.9141632299845402,0.1394696634427865,1.134306571922168,2.502235646664888,0.2034463321114842,-1.2460073342868576,2.298415695772393,2.0005263726280216,0.5388656795473028,0.3616352301733447,0.8357986735583571,1.3451492073919893,,0.1960023373217382,1.134306571922168,2.502235646664888,1.222720793486663,0.0,0.0,0.0,0.0,其他,0,0,0.5,1.0,0,0.1349693251533742,-0.0015612802498049527,0.08404892011449383,0.9590163934426229,0.5523613963039015,0.7720739219712526,0.9486652977412731,0.8583162217659137,0.9342915811088296,0.5,0.5,0.5,0.5,0.13496932515337423,0.21267893660531698,0.7137014314928425
2025-04-29,38.0,40.48,36.29,38.44,3432700.0,38.482,36.944,35.634,37.382333333333335,-0.0010914193648978,0.0404937202252055,0.0787450188022673,0.0282932222886032,35.634,39.97258769162209,31.29541230837791,0.823377121699777,0.2435083174277327,0.0002602133749673,0.0677777777777777,0.1239766081871343,0.066888703857896,0.0397783443222336,0.028211567426804,0.0332645634765994,84.50704223963498,0.2661802014510783,-0.3038657947626285,0.5700459962137068,35932867.0,70.37874778965217,1.7521428571428552,1.4486493434899013,0.9135802468994814,0.7789473684108031,-0.0325182101977107,0.0002602133749673,0.0332645634765994,84.50704223963498,-0.0543528775887389,0.0,0.0,0.0,0.5,0.5214574031572334,1.1791114332836476,0.1059290013867852,0.7517037196243059,0.2927532245520092,0.923798862994482,0.1184944101305378,-1.2048285844826403,,-0.0516169338829288,0.7614870860180962,1.57315575922227,,-1.2048285844826403,0.0874688028612871,-1.1050633432762806,0.9470231730863122,0.8618475759170268,0.0189864830486517,0.9012680093134556,1.3477082313695825,0.8456161716837249,0.9495946841437616,0.156413902600059,0.5327136244738332,2.4365279539419293,0.4454721151815786,-0.8832987712319659,2.175300737413687,2.227378654930031,1.0177941450713397,0.51596537758433,0.7217186615963408,1.3364099579857014,,0.0189864830486517,0.5327136244738332,2.4365279539419293,-0.2526575191685698,0.0,0.0,0.0,0.0,其他,0,0,0.5,1.0,0,0.0455486542443064,-0.007284079084287187,0.12304890738813756,0.946058091286307,0.896049896049896,0.5717255717255717,0.9771309771309772,0.8918918918918919,0.9542619542619543,0.5,0.5,0.5,0.5,0.045548654244306416,0.16563146997929606,0.865424430641822
2025-04-30,38.0,38.0,37.42,37.57,964500.0,38.196000000000005,37.227,35.693,37.405,-0.0163891506964081,0.0092137427136216,0.0525873420558653,0.0044111749766073,35.693,40.106324799906936,31.27967520009306,0.7126514685672258,0.2472935757652522,-0.0226326742976066,-0.0366666666666666,0.0814622913068507,0.0324264907941742,0.0120177080703323,0.03019962502709,0.0337403851515571,75.25423727623098,0.2887260493214185,-0.185347425945819,0.4740734752672376,34968367.0,67.26813667335765,1.7385714285714262,0.4177349966707885,0.7793209876422944,0.6644736842017833,-0.0045248868778281,-0.0226326742976066,0.0337403851515571,75.25423727623098,-0.7190258397180063,0.0,0.0,0.0,0.5,0.5193522843972885,0.1863825586140498,0.6371937074620644,0.3554715369427764,-0.8604481395027377,0.7694590459631401,0.2901418805031875,-1.1413485800304697,,-0.4999831378797603,0.1045185344410445,1.009160728005572,,-1.1413485800304697,0.1781755754127334,-1.1023805641598396,0.5669280573599152,0.8941649651993502,-0.7168095699920568,-0.5597592395552295,0.8490531523001059,0.3584786688941468,-0.7780726770516709,0.2978121835218812,0.5715305832677271,1.7348165650864973,0.4889859918904162,-0.5831755761423397,1.7863712553611812,2.1142824198320005,0.7599763203339044,0.4908955045073226,-0.8922144673152922,0.8891115481423736,,-0.7168095699920568,0.5715305832677271,1.7348165650864973,-1.6451509247681897,0.0,0.0,0.0,0.0,其他,0,0,0.5,1.0,0,0.065439672801636,0.05137077455416561,0.18046313548043647,0.26229508196721313,0.8459958932238193,0.5934291581108829,0.9383983572895277,0.055441478439425054,0.8603696098562629,0.5,0.5,0.5,0.5,0.065439672801636,0.5950920245398773,0.9243353783231084
2025-05-06,37.6,37.85,37.41,37.59,1158900.0,38.048,37.45,35.7375,37.42483333333334,-0.0120374264087468,0.0037383177570093,0.0518363064008395,0.0044132906403502,35.7375,40.21111328117145,31.263886718828545,0.7070474003336525,0.2503596099984014,0.0005323396326857,-0.0193060266110095,0.0630656108597287,0.02425068119891,0.0109739664137107,0.0300848990742896,0.0337082603206981,75.65118911597831,0.304695279905367,-0.0873388847755818,0.3920341646809488,36127267.0,66.47380705986585,1.7099999999999984,0.5073530623730591,0.7824074073953337,0.6671052631491176,-0.0045224793828145,0.0005323396326857,0.0337082603206981,75.65118911597831,0.2015552099533437,0.0,0.0,0.0,0.5,0.3519244322839753,0.1257852754591592,0.6296644044069573,0.363274596133666,-0.7653034733742166,0.6882621232282713,0.4249750024939679,-1.0920742580752012,,-0.3701703470523406,-0.0107711354625736,0.986111866206956,,-1.0920742580752012,0.2490727324021913,-1.0998220546372293,0.5452288956578317,0.918974064027028,0.0323395592217602,-0.3148204970213017,0.6322395191139746,0.2419625110646174,-0.8385680842245723,0.2885075162616577,0.5659984424384069,1.7389189934127605,0.519164431044158,-0.3353517143954083,1.462232344805559,2.1633710750464514,0.6915704017713233,0.4406339127147727,-0.7470882080258021,0.8934368947669307,,0.0323395592217602,0.5659984424384069,1.7389189934127605,0.2990982953096562,0.0,0.0,0.0,0.0,其他,0,0,0.5,1.0,0,0.2233606557377049,0.08965150305932412,0.2088321362064378,0.2032854209445585,0.7489711934156379,0.5699588477366255,0.9135802469135802,0.08024691358024691,0.720164609053498,0.5,0.5,0.5,0.5,0.22336065573770492,0.8586065573770492,0.9487704918032787
2025-05-07,37.66,38.52,37.6,37.95,2793400.0,37.996,37.674,35.7625,37.44083333333334,-0.0012106537530266,0.0073260073260075,0.06116742397763,0.0135992343475259,35.7625,40.2817634472072,31.2432365527928,0.7420195265754668,0.2527375573404859,0.0095770151636074,-0.0068045014394136,0.0627275273032763,0.0133511348464618,0.0125398831226942,0.0300810706859187,0.0334780825662576,75.28735630972389,0.3424522906018126,-0.0013806497001029,0.3438329403019155,38920667.0,68.32215786937502,1.7292857142857128,1.2050002723048694,0.8379629629500318,0.7144736842011259,-0.0086956521739132,0.0095770151636074,0.0334780825662576,75.28735630972389,1.4103891621365086,0.0,0.0,0.0,0.5,0.3755721886657417,0.3940634371469227,0.7163915864903097,0.5255052709138924,0.0031848289608425,0.6577957043834096,0.560027383324017,-1.0611549856799332,,-0.0495424683870957,0.0648342255952829,1.1745149672168205,,-1.0611549856799332,0.2965274633818619,-1.0992688228119825,0.6616068999269866,0.9366611415670244,0.3246869410022792,-0.1382730959814768,0.625371018250958,0.0870186465291516,-0.736946304482584,0.28718849379902,0.5432388273595705,1.689838574061226,0.5931085526835593,-0.1180439721657391,1.2705500107735257,2.3272274300302533,0.8378527544344265,0.471448648980123,0.3502128994453287,1.0681192556941563,,0.3246869410022792,0.5432388273595705,1.689838574061226,2.780410776135562,0.0,0.0,0.0,0.0,其他,0,0,0.5,1.0,0,0.2147239263803681,0.09117259552042145,0.11462450592885354,0.2581967213114754,0.6714579055441479,0.5687885010266941,0.9282786885245902,0.731006160164271,0.7371663244353183,0.5,0.5,0.5,0.5,0.2147239263803681,0.885480572597137,0.8875255623721882
2025-05-08,37.9,38.08,37.51,38.08,1057373.0,37.926,37.96,35.981,37.45016666666666,0.0040605389442598,0.0031612223393044,0.0583363441816513,0.0168179046822223,35.981,40.50499404346017,31.45700595653983,0.7319852744900368,0.2514657204328727,0.0034255599472989,-0.0091074681238616,0.0812038614423622,0.1296351231088697,0.0122517578152049,0.0292786779986483,0.0235648746643301,73.7163814054764,0.3785017268086363,0.0745958256016449,0.3039059012069914,39978040.0,65.42210390347938,1.70642857142857,0.4663254092447338,0.8580246913447832,0.7315789473587949,0.0076155462184874,0.0034255599472989,0.0235648746643301,73.7163814054764,-0.6214745471468461,0.0,0.0,0.0,0.5,0.474012559523808,0.2157594970532832,0.6705701907765048,0.5825422865526984,-0.8114114585492578,0.6180774168634476,0.7322603857089971,-0.856969880382509,,0.1066452398574273,-0.0234023004890589,1.1055440671201446,,-0.856969880382509,0.4486996191848668,-1.006900801937972,0.6240783451090156,0.9177529656017488,0.1241165712402055,-0.1702516166368457,0.836218852504213,1.7178181011572384,-0.7511756976986755,0.2283327992656148,-0.3285670023118933,1.5587246148098408,0.6632763323291241,0.0740658257909075,1.112969740698762,2.3564977033811982,0.5976054374161404,0.4307403573059837,-0.8119813139580925,1.1249915360995946,,0.1241165712402055,-0.3285670023118933,1.5587246148098408,-1.417470055744266,0.0,0.0,0.0,0.0,其他,0,0,0.5,1.0,0,0.7014314928425358,0.02127100840336138,0.13077731092436995,0.13934426229508196,0.6919917864476386,0.4784394250513347,0.8934426229508197,0.06776180698151951,0.6652977412731006,0.5,0.5,0.5,0.5,0.7014314928425358,0.7505112474437627,0.9263803680981595
2025-05-09,37.9,37.9,37.17,37.19,760900.0,37.676,38.079,36.2145,37.44233333333333,-0.0128994585412465,-0.023346201318312,0.0269367242402904,-0.006739252361409,36.2145,40.45983663658074,31.969163363419263,0.6148907711502698,0.2344550738830587,-0.0233718487394958,-0.0325182101977107,0.0330555555555553,0.1436039360393601,0.0154220883207954,0.030388357518719,0.0225852079597244,64.36107853574377,0.3314352960099427,0.1259637196833045,0.2054715763266381,39217140.0,62.17632466198639,1.6621428571428558,0.3452084934083279,0.7189440993677179,0.6144736842024409,0.0260822801828448,-0.0233718487394958,0.0225852079597244,64.36107853574377,-0.2803863915571893,0.0,0.0,0.0,0.5,0.472215944474766,0.142435837513888,0.5067325064703595,0.1739088473058935,-0.9457853090181656,0.483872204203161,0.8012385889264289,-0.6410481838909644,,-0.3971457860714281,-0.5847818643068932,0.4371587683034393,,-0.6410481838909644,0.4157212720062849,-0.7983966212498942,0.2204855081183035,0.7416283728065761,-0.7469711384531145,-0.5001060580079638,0.2727949664450555,1.8840009745297368,-0.5500724268456103,0.307762600054918,-0.4134108287091598,0.8864259853296359,0.5652596173702874,0.2038586818926722,0.7405988880454223,2.256160907043374,0.3299935985226881,0.3536815564282606,-0.9964934853900432,0.6643016711655558,,-0.7469711384531145,-0.4134108287091598,0.8864259853296359,-0.7094394796670509,0.0,0.0,0.0,0.0,其他,0,0,0.5,1.0,0,0.803680981595092,0.02769561710137136,0.18499596665770368,0.045081967213114756,0.6570841889117043,0.5441478439425051,0.6475409836065574,0.01642710472279261,0.5195071868583162,0.5,0.5,0.5,0.5,0.803680981595092,0.7955010224948875,0.9386503067484663
2025-05-12,37.3,38.17,37.18,37.4,1092060.0,37.642,37.919,36.4565,37.4295,-0.0064289888953829,-0.0136870698066932,0.0258801585451153,-0.0007881483856315,36.4565,40.36297114952935,32.550028850470646,0.6207611631858072,0.2143086225786148,0.0056466792148426,-0.0045248868778281,-0.0410256410256411,0.1486486486486484,0.0130226122428663,0.0123072304962421,0.0225477258090509,62.56157634389332,0.3075349232503015,0.1622779603967039,0.1452569628535975,40309200.0,61.109082192272126,1.5957142857142843,0.5003715466981828,0.7306397306274299,0.6421052631494458,0.0561497326203208,0.0056466792148426,0.0225477258090509,62.56157634389332,0.4352214482849257,0.0,0.0,0.0,0.5,0.2196365679608254,0.251257449474983,0.50951888110793,0.2695977701044991,-0.7854283875471332,0.464047441427187,0.6991021647719828,-0.4183998995915167,,-0.2031922111689717,-0.3774162680995509,0.4129733185556064,,-0.4183998995915167,0.3471097522787312,-0.5642736544497751,0.239860595647478,0.5351217228207618,0.2009422814823436,-0.1019918344589167,-0.5926378360971598,1.92193690273666,-0.6975557652923586,-1.0019502927850736,-0.4150175277261709,0.7540607197879834,0.5145496817882655,0.2953672417844231,0.5126809440198619,2.2901422393455726,0.2412840094961766,0.2389242978967569,-0.7469661681797335,0.6991740420032906,,0.2009422814823436,-0.4150175277261709,0.7540607197879834,0.7674891118205387,0.0,0.0,0.0,0.0,其他,0,0,0.5,1.0,0,0.8875255623721882,0.030213903743315562,0.19010695187165783,0.06352459016393443,0.7248459958932238,0.5564681724845996,0.5532786885245902,0.10882956878850103,0.4928131416837782,0.5,0.5,0.5,0.5,0.8875255623721882,0.8077709611451943,0.9468302658486708
2025-05-13,37.75,37.95,37.34,37.42,739340.0,37.608,37.828,36.6725,37.41983333333334,-0.0049989363965113,-0.010785661414825,0.0203831208671347,4.4539660339903975e-06,36.6725,40.26244428926131,33.08255571073869,0.6041102507043921,0.1957839955962381,0.0005347593582889,-0.0045224793828145,-0.0237411948865118,0.1305135951661631,0.0130226759455829,0.0114632174526427,0.0224811828311641,60.97560974513918,0.2869003237196779,0.1872024330612987,0.0996978906583791,41048540.0,57.875211194622665,1.5699999999999987,0.3448439270360363,0.7340067339943772,0.6447368420967801,0.094601817210048,0.0005347593582889,0.0224811828311641,60.97560974513918,-0.3229859165247331,0.0,0.0,0.0,0.5,0.4076398355151322,0.1611489674722501,0.5836320545423184,0.277904594920171,-0.9466694221071638,0.4442898701745658,0.6399213571355626,-0.2198340934494275,,-0.1598281041861766,-0.3142550884677889,0.294492326491137,,-0.2198340934494275,0.2760682687620094,-0.3501505105614884,0.1815488475650944,0.3456416961595802,0.033237174787235,-0.1016330492327528,-0.3882034729328896,1.648516963418455,-0.694279837954556,-1.0560169685924972,-0.4192066239355465,0.6377543747439165,0.4706441170458466,0.357796963722993,0.3401938543698913,2.29756233006953,-0.0256876529364395,0.1940184761640682,-0.9865286527110196,0.7065881135970341,,0.033237174787235,-0.4192066239355465,0.6377543747439165,-0.799335444611271,0.0,0.0,0.0,0.0,其他,0,0,0.5,1.0,0,0.9405737704918032,0.03126670229823625,0.176376269374666,0.22381930184804927,0.7901234567901234,0.5781893004115226,0.5010266940451745,0.01440329218106996,0.4609053497942387,0.5,0.5,0.5,0.5,0.9405737704918032,0.8032786885245902,0.9426229508196722
2025-05-14,37.8,37.8,37.01,37.62,798466.0,37.542,37.769,36.9005,37.42333333333333,0.002077673006233,-0.0039450342873785,0.019498380780748,0.0052551883851428,36.9005,40.08018866400469,33.720811335995315,0.613140007712658,0.172338513786863,0.0053447354355957,-0.0086956521739132,-0.0154409840355929,0.1379310344827584,0.0122936493611964,0.0117089544419077,0.022412335384065,65.99999998768,0.2834184614061286,0.2064456387302647,0.0769728226758638,41847006.0,59.54140630738661,1.559285714285713,0.3728632966810461,0.7467889908119851,0.6710526315701175,0.1007442849548112,0.0053447354355957,0.022412335384065,65.99999998768,0.0799713257770444,0.0,0.0,0.0,0.5,0.4272037038037994,0.0995661337333759,0.4239594295967041,0.3691370562075931,-0.9135512348300864,0.4076126056652949,0.6007409018020449,-0.0103470042394645,,0.0527034432045319,-0.1669977899181491,0.2745236535696198,,-0.0103470042394645,0.1482057892042695,-0.0940390191593856,0.2121609936001819,0.1064224562242688,0.1908254764112448,-0.1607933360584008,-0.2894414550325245,1.7262934968200965,-0.736655597057544,-1.0311547178570768,-0.423606831829607,0.9908511241847529,0.4618055790449971,0.4056440067694474,0.2536805159719834,2.3081733419200696,0.1119976911093876,0.1749309613623337,-0.9360241366959972,0.7448318334765339,,0.1908254764112448,-0.423606831829607,0.9908511241847529,0.0363519132556941,0.0,0.0,0.0,0.0,其他,0,0,0.5,1.0,0,0.9528688524590164,0.006645401382243454,0.16055289739500256,0.21149897330595482,0.8271604938271605,0.5864197530864198,0.6960985626283368,0.012345679012345678,0.43004115226337447,0.5,0.5,0.5,0.5,0.9528688524590164,0.6741803278688525,0.9405737704918032
2025-05-15,37.48,38.58,37.29,38.37,1627660.0,37.6,37.763,37.14149999999999,37.44233333333333,0.0204787234042551,0.0160739348039085,0.0330762085537741,0.0247758775717326,37.14149999999999,39.96234179298529,34.320658207014695,0.7177541475355317,0.1518970312441718,0.0199362041467303,0.0076155462184874,-0.0015612802498049,0.143666169895678,0.0157427869724439,0.0134181453397329,0.0225385556714159,65.86345380291715,0.3372895552720791,0.2326144220386276,0.1046751332334515,43474666.0,58.96818100215163,1.537857142857142,0.7470022968005261,0.8687499999819004,0.7697368420951348,0.0135522543653896,0.0199362041467303,0.0225385556714159,65.86345380291715,1.0384837926724493,0.0,0.0,0.0,0.5,0.2908310101013551,0.4176890712995656,0.5562694331792213,0.7136989830679302,-0.5191271063413196,0.4370004975746686,0.5944305645595295,0.2110652579079447,,0.6049377212580374,0.262790951617949,0.5637467383048547,,0.2110652579079447,0.0653614144978536,0.1466725416522454,0.5742537423759205,-0.1021888178521819,0.6691884840893887,0.0729581952135116,-0.1250923223446277,1.7785816835519084,-0.5168046608237918,-0.9014873659342876,-0.4106661765909513,0.9747632932841618,0.5700555726588822,0.4710965142425953,0.357219069234236,2.372755682913142,0.0641318720570172,0.137368605551824,-0.341709066491938,1.1396006575799131,,0.6691884840893887,-0.4106661765909513,0.9747632932841618,1.999325363443213,0.0,0.0,0.0,0.0,其他,0,0,0.5,1.0,0,0.7069672131147541,0.08574407088871516,0.1545478238206932,0.7002053388090349,0.8991769547325102,0.6069958847736625,0.7618069815195072,0.4353182751540041,0.6981519507186859,0.5,0.5,0.5,0.5,0.7069672131147541,0.9139344262295082,0.9467213114754098
2025-05-16,38.02,38.74,38.0,38.16,3146115.0,37.794,37.735,37.3395,37.4535,0.0096840768375932,0.0112627534119515,0.0219740489294177,0.0188633906043493,37.3395,39.82725083369019,34.851749166309816,0.6649079941652402,0.1332503559867444,-0.0054730258014074,0.0260822801828448,-0.0072840790842871,0.1157894736842104,0.0093948670912567,0.0135243087781736,0.0225035213581586,41.02564101336835,0.3589004012935604,0.2578716178896142,0.1010287834039461,40328551.0,52.0970289749827,1.3121428571428564,1.3824186806886662,0.8028169013896044,0.7421052631481299,0.0015723270440253,-0.0054730258014074,0.0225035213581586,41.02564101336835,0.9329067495668628,0.0,0.0,0.0,0.5,0.5180043955960779,0.4816255315674276,0.8932285995073466,0.6136046260259655,0.20047096968359,0.5388229986328746,0.5745784903417885,0.3926536933855677,,0.2778991396539818,0.1584541436071038,0.3233934458720227,,0.3926536933855677,-0.0295743888982352,0.3595892207681837,0.3880692078304926,-0.2923801696499339,-0.1698783078883807,0.337523879602526,-0.1922657755733314,1.385921526388086,-0.913333516091703,-0.8886211920590166,-0.4121541989966674,-0.7992328828744455,0.6119510188906393,0.534037421823226,0.3422412699397242,2.119558382869672,-0.5068985797420124,-0.2538388298066729,0.6652233992465163,0.915728797147128,,-0.1698783078883807,-0.4121541989966674,-0.7992328828744455,1.759400021039202,0.0,0.0,0.0,0.0,其他,0,0,0.5,1.0,0,0.704312114989733,0.13128930817610085,0.1865828092243187,0.8045267489711934,0.8436213991769548,0.6152263374485597,0.17078189300411523,0.8847736625514403,0.5864197530864198,0.5,0.5,0.5,0.5,0.704312114989733,0.9671457905544147,0.9630390143737166
2025-05-19,38.1,39.85,37.47,39.5,4081290.0,38.214,37.928,37.5775,37.50116666666666,0.0336525880567331,0.0414469521198059,0.0511609340695895,0.0533005639824539,37.5775,39.92494093586363,35.23005906413637,0.9094884711554536,0.1249386433827361,0.0351153039832285,0.0561497326203208,0.0513707745541656,0.1370178468624063,0.0163876900460589,0.015305664948408,0.0233571177348281,60.934579423306864,0.4786362674647293,0.3020245478046373,0.176611719660092,44409841.0,67.27566614883646,1.3678571428571422,1.7187025749333815,0.9999999999766356,0.9184210526194948,-0.0245569620253164,0.0351153039832285,0.0233571177348281,60.934579423306864,0.2972475577021183,0.0,0.0,0.0,0.5,0.5498792328222962,0.9333983763488722,0.6352249977321893,1.2278539029924045,0.6426050654665356,0.7607137519973841,0.6915935172597832,0.6105786766384534,,0.9979248766478024,0.8075914320709123,0.9478730659977797,,0.6105786766384534,0.0392542442000901,0.5105173695859186,1.234543517070749,-0.3764538658027489,1.1668704613184306,0.7676060162897448,0.5029179499566485,1.6518319947349247,-0.4687517689889995,-0.7550570223414705,-0.3341389343538519,0.6250319024579895,0.8541737972301046,0.6451895390363741,0.6269756043577852,2.350623093571387,0.7583424594675163,-0.1562389312638015,1.1910186059897827,1.550137059750578,,1.1668704613184306,-0.3341389343538519,0.6250319024579895,0.456112576842651,0.0,0.0,0.0,0.0,其他,0,0,0.5,1.0,0,0.3504098360655737,0.12278481012658227,0.15215189873417723,0.8850102669404517,0.8234086242299795,0.6283367556468172,0.5236139630390144,0.8809034907597536,0.757700205338809,0.5,0.5,0.5,0.5,0.35040983606557374,0.9651639344262295,0.9508196721311475
2025-05-20,39.45,41.05,39.11,40.96,3846632.0,38.922,38.265,37.8575,37.5615,0.0523611325214532,0.0704298967725074,0.0819520570560654,0.0904782822837213,37.8575,40.41754831368881,35.29745168631119,1.105945595499127,0.1352465595288673,0.0369620253164557,0.094601817210048,0.0896515030593241,0.158371040723982,0.0184842416277492,0.0181598848001744,0.0242129876233112,70.5530642602729,0.683458844053618,0.3783114070544334,0.3051474369991845,48256473.0,69.35630452096417,1.4392857142857136,1.5663346000601714,0.9999999999825784,0.9999999999881516,-0.0578613281249998,0.0369620253164557,0.0242129876233112,70.5530642602729,-0.0574960367922887,0.0,0.0,0.0,0.5,1.1176909385266132,1.4148470651726222,1.413888099545944,1.88022360584001,0.5287622010269672,1.133510431198187,0.8968118091894438,0.8657375592367202,,1.548413171948863,1.4219283067791633,1.5940244375191932,,0.8657375592367202,0.3866889803512116,0.5355420865396698,1.8919061083254387,-0.2691074997559132,1.2188202930464445,1.3120586205060982,0.9532222578061048,1.908339702343216,-0.3345256113400047,-0.544608868559452,-0.2560266081276241,1.30433540477529,1.2665378167350865,0.8380543036064032,1.109109937215657,2.550328112196805,0.9269459978157346,-0.0312766902640345,0.9426419054411408,1.5325699110505373,,1.2188202930464445,-0.2560266081276241,1.30433540477529,-0.2711658625430655,0.0,0.0,0.0,0.0,其他,0,0,0.5,1.0,0,0.0942622950819672,0.109375,0.10498046875,0.9383983572895277,0.8706365503080082,0.6611909650924025,0.8069815195071869,0.8829568788501027,0.86652977412731,0.5,0.5,0.5,0.5,0.0942622950819672,0.9508196721311475,0.9364754098360656
2025-05-21,40.97,41.99,40.16,41.41,2256900.0,39.68,38.611,38.1425,37.6315,0.0435987903225805,0.072492294941856,0.0856655961198138,0.1004079029536424,38.1425,40.9528109024485,35.3321890975515,1.0813413734838084,0.1473585057319856,0.010986328125,0.1007442849548112,0.0911725955204214,0.1596191542985157,0.0176428796058071,0.0181723101165918,0.024219531458493,71.5317918930427,0.8720410219646624,0.4770573300364793,0.394983691928183,50513373.0,80.8207623304582,1.330714285714286,0.9097312523924584,0.9999999999838448,0.9999999999887514,-0.0854865974402317,0.010986328125,0.024219531458493,71.5317918930427,-0.4132789411620348,0.0,0.0,0.0,0.5,1.743727170148977,1.7784660425373886,1.8927959910432608,2.0550555157942,-0.2297354939754413,1.5251680627023976,1.1051497909113883,1.1223311715761417,,1.2738340121321905,1.452125272856217,1.65283976548573,,1.1223311715761417,0.7628764972243924,0.5472927586376894,1.7812068231573537,-0.1432313045660586,0.3590080579578037,1.3880261319800031,0.9654325315858778,1.8949736083761064,-0.386724280268438,-0.5414925129662169,-0.2545256368144648,1.3618098139106911,1.6364886340509044,1.0863771236812418,1.4377831471539144,2.6351745732513603,1.860012785873264,-0.2209425590988645,-0.1017453617052736,1.5155878478489386,,0.3590080579578037,-0.2545256368144648,1.3618098139106911,-0.997519031940492,0.0,0.0,0.0,0.0,其他,0,0,0.5,1.0,0,0.040983606557377,0.02149239314175322,0.07679304515817442,0.9507186858316222,0.8788501026694046,0.6673511293634496,0.7371663244353183,0.6119096509240246,0.8973305954825462,0.5,0.5,0.5,0.5,0.040983606557377046,0.7766393442622951,0.9262295081967213
2025-05-22,41.4,45.55,38.7,38.89,7269797.0,39.784000000000006,38.69199999999999,38.326,37.659,-0.022471345264428,0.0051173369171924,0.0147158586860094,0.0326880692530338,38.326,40.79087236778571,35.86112763221429,0.6144075464737394,0.1286266434159201,-0.0608548659744022,0.0135522543653896,0.0212710084033613,0.1042021578648495,0.0399913329635733,0.0286667485006677,0.0283541199927138,52.38600211311344,0.8088275424282969,0.5434113725148428,0.265416169913454,43243576.0,59.35811712613658,1.5207142857142857,2.641960652657367,0.5341959334466881,0.7165354330628063,0.0712265363846746,-0.0608548659744022,0.0283541199927138,52.38600211311344,2.221142717887368,0.0,0.0,0.0,0.5,1.8993554953984275,3.1262257894244416,1.187317796194395,0.8997630877054416,2.135136841065237,1.564279903917517,1.147350570104499,1.281515690507779,,-0.7120666229369532,0.0020645745906375,0.1361243338923963,,1.281515690507779,0.644644485936582,0.7589429696425669,0.1737752671085451,-0.3365536718027945,-1.991817735171747,0.1343571498365691,0.1317476720612937,1.153770904990925,1.0330073707478118,0.2267433706368133,0.1203464955243247,-0.0062315012282493,1.4926461032034697,1.2483890161596212,0.9409681058067004,2.127214350022951,0.0764650130673386,0.112934780837986,2.5942029832037914,-0.004582540766531,,-1.991817735171747,0.1203464955243247,-0.0062315012282493,4.175387512468135,0.0,0.0,0.0,0.0,其他,0,0,0.5,1.0,0,0.9385245901639344,0.10722550784263318,0.1388531756235536,0.704312114989733,0.8275154004106776,0.7638603696098563,0.30184804928131415,0.9856262833675564,0.6303901437371663,0.5,0.5,0.5,0.5,0.9385245901639344,0.9426229508196722,0.9651639344262295
2025-05-23,37.49,39.26,37.24,38.22,3792960.0,39.79600000000001,38.795,38.437,37.6725,-0.039601970047241,-0.0148214976156721,-0.0056456018940083,0.0145331475214014,38.437,40.647673629176566,36.22632637082343,0.4509199374387256,0.1150284168468307,-0.0172280791977372,0.0015723270440253,0.0276956171013713,0.0616666666666665,0.0409729643231255,0.0281115350548043,0.0284928105704928,53.521126752445326,0.6966367047125672,0.5740564389543877,0.1225802657581794,39450616.0,54.57864128842749,1.592142857142857,1.3401996943337258,0.2440758293781028,0.6411698537610667,0.1295133437990581,-0.0172280791977372,0.0284928105704928,53.521126752445326,-0.4782577835392102,0.0,0.0,0.0,0.5,0.2566832064930188,0.6259866497710984,0.4894445109578461,0.5913746059879339,0.4860991797275434,1.5544826971288697,1.202376369262578,1.371257443471258,,-1.2193884002938562,-0.4268501516057394,-0.2993753735818335,,1.371257443471258,0.5402770078678686,0.9026019539131936,-0.3891799837903902,-0.4762886487662953,-0.5568487536231956,-0.0382390482121236,0.2078974633739777,0.589832421704946,1.0884031078815626,0.1853434351557003,0.1325307523732456,0.0749019795155892,1.2542225652930588,1.3168011191218865,0.3975517544076667,1.8585955939382164,-0.3208071306285173,0.2381928300946765,0.5543212080354541,-0.9486001181440084,,-0.5568487536231956,0.1325307523732456,0.0749019795155892,-1.0915404514396243,0.0,0.0,0.0,0.0,其他,0,0,0.5,1.0,0,0.9815573770491804,0.15306122448979598,0.1708529565672423,0.702258726899384,0.7597535934291582,0.7761806981519507,0.406570841889117,0.8624229979466119,0.5051334702258727,0.5,0.5,0.5,0.5,0.9815573770491803,0.9508196721311475,0.9631147540983607
2025-05-26,38.22,38.77,37.54,38.53,1498000.0,39.602,38.908,38.4135,37.69883333333333,-0.0270693399323265,-0.0097152256605325,0.0030327879521523,0.022047543469515,38.4135,40.608914119908725,36.21808588009127,0.5265325796374564,0.1143043003060388,0.0081109366823652,-0.0245569620253164,0.0302139037433155,-0.012051282051282,0.0369316638005192,0.0281471471553523,0.0214861648388176,54.93697478183699,0.6255283239536382,0.5843508159542379,0.0411775079994003,40948616.0,58.2326969226154,1.6485714285714284,0.595223786064333,0.317535545016173,0.6760404949305285,0.151051128990397,0.0081109366823652,0.0214861648388176,54.93697478183699,-0.6050577912764701,0.0,0.0,0.0,0.5,0.5619127053318432,0.4295842465756488,0.6302298694320326,0.7299810315130978,-0.6012832117626224,1.4382347457322642,1.2625450172597017,1.3371513220747095,,-0.8378065990800179,-0.3152629724132282,-0.1123662269071806,,1.3371513220747095,0.5104783082341138,0.8939368880510791,-0.1269746833610597,-0.4819072135986702,0.2761843442357657,-0.4146267060601664,0.2373272829528691,-0.3836169932529266,0.8265067420211841,0.1873706728943991,-0.505552576575779,0.1761495953517499,1.102242718022208,1.3324089716995489,0.087600391061655,1.92713624429714,-0.0153024250478627,0.3368961206867611,-0.6116252904294204,-0.7045174367167788,,0.2761843442357657,-0.505552576575779,0.1761495953517499,-1.3282476865372377,0.0,0.0,0.0,0.0,其他,0,0,0.5,1.0,0,0.985685071574642,0.15520373734752124,0.177004931222424,0.3483606557377049,0.32991803278688525,0.5963114754098361,0.6086065573770492,0.35860655737704916,0.5532786885245902,0.5,0.5,0.5,0.5,0.9856850715746421,0.9631901840490797,0.9815950920245399
2025-05-27,38.85,39.19,38.11,38.59,1120503.0,39.128,39.025,38.4265,37.7085,-0.0137497444285421,-0.0111467008327993,0.0042548761922112,0.0233766922577138,38.4265,40.62291118765658,36.23008881234341,0.537219806761394,0.1143175250231413,0.0015572281339217,-0.0578613281249998,0.0312667022982362,0.0067831985390034,0.0297044931764383,0.0281376662825326,0.0211206793275195,53.4707158270218,0.5674744185002254,0.5809755364634354,-0.0135011179632099,42069119.0,56.2124310432026,1.659285714285714,0.4740101321139481,0.3317535544945096,0.6827896512859084,0.1775071261984968,0.0015572281339217,0.0211206793275195,53.4707158270218,-0.2520006675567423,0.0,0.0,0.0,0.5,0.8237009599298344,0.5947254602796654,0.8983576164493311,0.7540418713870782,-0.7772506498452406,1.1791962422089852,1.3239763157525248,1.3368530595042514,,-0.4349172194276151,-0.3451553975963062,-0.0857182489209486,,1.3368530595042514,0.5183622237508941,0.8935829656900309,-0.0895606313913027,-0.4798484225359841,0.0597407273298132,-0.8926229093489363,0.2491798400787015,-0.1333872433088686,0.3639828738070195,0.1860797101872831,-0.5367628717417168,0.0701614778711612,0.9785128954257514,1.3132560352389495,-0.1206761409682922,1.9695882779645968,-0.1841268559543382,0.354666489056572,-0.7979071575298085,-0.654817824603182,,0.0597407273298132,-0.5367628717417168,0.0701614778711612,-0.6378228980913901,0.0,0.0,0.0,0.0,其他,0,0,0.5,1.0,0,0.9938650306748468,0.14071002850479397,0.1666234775848665,0.09221311475409837,0.3975409836065574,0.5922131147540983,0.5881147540983607,0.15163934426229508,0.5348360655737705,0.5,0.5,0.5,0.5,0.9938650306748467,0.9611451942740287,0.9775051124744376
2025-05-28,38.5,38.97,37.81,37.87,974320.0,38.42,39.05,38.4095,37.7065,-0.0143154606975535,-0.0302176696542894,-0.0140460042437416,0.0043361224192115,38.4095,40.61819549496383,36.20080450503616,0.3778690857866268,0.1150077712523247,-0.0186576833376523,-0.0854865974402317,0.0066454013822434,-0.0088981941900027,0.0269263813003583,0.0289691310403775,0.0215443222080263,48.92966360157986,0.4580878279309104,0.5563979947569304,-0.09831016682602,41094799.0,56.33491185689769,1.7014285714285708,0.4232326452277067,0.1611374407544754,0.6017997750213518,0.1169791391602852,-0.0186576833376523,0.0215443222080263,48.92966360157986,-0.1304619443232191,0.0,0.0,0.0,0.5,0.6730703799934986,0.5050103371956548,0.7512765355702483,0.4222317325625979,-0.8427077151429011,0.8014341066802038,1.3281886711504851,1.3095733750262557,,-0.4504094592114864,-0.7565918773611737,-0.4799610812529041,,1.3095733750262557,0.51288236459196,0.8765657766985715,-0.6419220339328935,-0.4707444173801676,-0.6068869742137174,-1.2831570790557154,-0.0477001587924033,-0.3407969806086451,0.185631411457638,0.2469433021021463,-0.4958590579201113,-0.2575831663529509,0.7524690459583456,1.2410807856977943,-0.4436738581695401,1.8832568764002544,-0.1732706722006866,0.42810435494447,-0.8728255123919205,-1.2059726280817296,,-0.6068869742137174,-0.4958590579201113,-0.2575831663529509,-0.3992975655198386,0.0,0.0,0.0,0.0,其他,0,0,0.5,1.0,0,0.9755102040816328,0.15289147082123056,0.20147874306839197,0.03885480572597137,0.36809815950920244,0.6175869120654397,0.5378323108384458,0.08588957055214724,0.37014314928425357,0.5,0.5,0.5,0.5,0.9755102040816327,0.9551020408163265,0.9816326530612245
2025-05-29,37.87,41.66,37.87,41.66,2980411.0,38.974,39.379,38.571000000000005,37.76233333333333,0.0689177400318161,0.0579242743594301,0.080086075030463,0.1032157264293343,38.571000000000005,41.21538949277022,35.92661050722979,1.0840667587616986,0.1371180157508677,0.1000792183786638,0.0712265363846746,0.0857440708887151,0.0840489201144938,0.0490863276882956,0.0426372730048027,0.0311186549748429,67.58457906415273,0.669501494434563,0.5790186946924569,0.090482799742106,44075210.0,61.27066657468071,1.9071428571428568,1.3131812193307897,0.9999999999776288,0.9999999999890592,0.0336053768602977,0.1000792183786638,0.0311186549748429,67.58457906415273,2.058965227030134,0.0,0.0,0.0,0.5,0.4052448786789319,1.5662638339860753,0.7764742979390695,2.130772509735384,0.1132333142791516,1.0872800256560895,1.5163297308491543,1.4432624737601687,,2.0381223339722414,1.155998565611825,1.545669686059189,,1.4432624737601687,0.936940795067708,0.7604616021853429,1.7986903940496215,-0.2372565422070994,3.218975933364436,0.97986234304262,0.9044400852330136,0.894242591940575,1.5910082923058322,1.2536144212468567,0.383892470550369,1.0888454742549984,1.1752219210522978,1.289045053942358,0.2795721136578817,2.038108458260956,0.2423757139493413,0.7912118310832309,0.5267443027440372,1.5305477858455048,,3.218975933364436,0.383892470550369,1.0888454742549984,3.714242824929792,0.0,0.0,0.0,0.0,其他,0,0,0.5,1.0,0,0.8244897959183674,0.06337013922227563,0.0897743638982238,0.9386503067484663,0.7137014314928425,0.8323108384458078,0.8957055214723927,0.8282208588957055,0.9222903885480572,0.5,0.5,0.5,0.5,0.8244897959183674,0.9122448979591836,0.9163265306122449
2025-05-30,42.0,44.44,41.9,43.17,5059700.0,39.964,39.88,38.8075,37.8505,0.0802221999799821,0.0824974924774322,0.1124138375314052,0.1405397550891005,38.8075,42.15510794409504,35.45989205590495,1.151584664742477,0.1725237618546115,0.0362457993278926,0.1295133437990581,0.1312893081761008,0.1230489073881375,0.046106028484647,0.0430958467459299,0.0318918017677733,70.59243396867741,0.9479650255121896,0.6528079608564035,0.2951570646557861,49134910.0,65.65343904563963,2.035,2.1521834036106124,0.9999999999832776,0.9999999999906104,0.0208478109798471,0.0362457993278926,0.0318918017677733,70.59243396867741,0.6976517668200795,0.0,0.0,0.0,0.5,2.122244903112322,2.6140866644198377,2.648555073894148,2.748460032981166,1.1002383369817457,1.5936198991616553,1.8015168370549672,1.639839543187345,,2.3320562570801235,1.6715691251733944,2.2016383018080923,,1.639839543187345,1.5950601044556068,0.5667708896937348,1.9999344418469096,0.1360474928503617,1.1534713379627377,1.8009173050961198,1.4422759403601444,1.4014486344360078,1.3885512016123682,1.2773968554760344,0.4534916631915161,1.2961974494384256,1.7222648507536087,1.4642480863194398,1.0602202906382487,2.3075880784382243,0.6106624641386531,1.0132805103366371,1.825507957714908,1.5143686238475054,,1.1534713379627377,0.4534916631915161,1.2961974494384256,1.1450602727940788,0.0,0.0,0.0,0.0,其他,0,0,0.5,1.0,0,0.5122448979591837,0.04887653463053043,0.0345147092888578,0.9815950920245399,0.8568507157464212,0.8466257668711656,0.9570552147239264,0.9611451942740287,0.9693251533742331,0.5,0.5,0.5,0.5,0.5122448979591837,0.7918367346938775,0.6122448979591837
2025-06-03,44.28,44.83,43.17,44.35,3191600.0,41.128,40.365,39.1465,37.94583333333333,0.0783407897296246,0.0987241422024032,0.1329237607448941,0.168771274843527,39.1465,43.253496725742906,35.0395032742571,1.133492104738092,0.2098270203329754,0.0273337966180218,0.151051128990397,0.1227848101265822,0.1804631354804364,0.0450871598659409,0.0427254655439681,0.0314608876641886,72.84113381002123,1.249462381340024,0.7721388449531277,0.4773235363868962,52326510.0,69.61635071916339,2.1099999999999994,1.2961778855101214,0.9999999999860336,0.9999999999915468,0.0036076662908679,0.0273337966180218,0.0314608876641886,72.84113381002123,-0.3692116133367591,0.0,0.0,0.0,0.5,2.9909386819772177,2.701013650180786,3.1455654018615498,3.1708782012661225,0.2071594264661417,2.168957187058949,2.064953335900519,1.9189098447991848,,2.2363877056715418,1.992611561953476,2.574313282230741,,1.9189098447991848,2.3325109911121875,0.392650829666323,1.9090453350587613,0.5289196715526346,0.8621656948433665,2.0776558296549865,1.3284969785782983,2.127027928484392,1.3131029818380135,1.2404034886434074,0.4120832034534354,1.445112342566804,2.290786775669371,1.747627468296475,1.7402980211136545,2.4518180985188165,0.9411950558438004,1.139189053558988,0.4825020617049834,1.498692808178152,,0.8621656948433665,0.4120832034534354,1.445112342566804,-0.8563277353360815,0.0,0.0,0.0,0.0,其他,0,0,0.5,1.0,0,0.3599182004089979,0.026155580608793638,-0.013528748590755368,0.985655737704918,0.9221311475409836,0.8422131147540983,0.9672131147540983,0.8176229508196722,0.9795081967213115,0.5,0.5,0.5,0.5,0.35991820040899797,0.7055214723926381,0.28629856850715746
2025-06-04,43.95,45.85,43.91,45.44,2488308.0,42.498000000000005,40.813,39.539,38.064,0.0692267871429241,0.1133707397152867,0.149245049191937,0.1937788986969313,39.539,44.44280260614146,34.63519739385854,1.1016759312966116,0.2480488938075853,0.0245772266065387,0.1775071261984968,0.109375,0.2088321362064378,0.0426542193110348,0.0421111842233985,0.0315878853403071,74.34620173698102,1.5583908414786762,0.9293892442582375,0.6290015972204387,54814818.0,72.73105916807594,2.192142857142857,0.98399281789973,0.9999999999878788,0.99999999999226,-0.0312499999999998,0.0245772266065387,0.0315878853403071,74.34620173698102,-0.2203571876174959,0.0,0.0,0.0,0.5,2.784242295078835,3.004618160506877,3.362329024586859,3.5053409580474586,-0.1293806516364453,2.8067239451911474,2.292459978499229,2.229447627547647,,1.942561663736084,2.264452695394968,2.831726252021702,,2.229447627547647,3.0659929964309307,0.2253792316649409,1.7770175969716098,0.9291080836022994,0.769845106324143,2.405538798687312,1.1588871293718324,2.444202878869896,1.1506330642671585,1.186360930376647,0.42228897429076,1.5377072052817211,2.833312159303016,2.112300005233499,2.279080656071688,2.5457703882520115,1.1964352931245965,1.2754994273710858,-0.0077786319880359,1.4834947622755097,,0.769845106324143,0.42228897429076,1.5377072052817211,-0.5741179137163087,0.0,0.0,0.0,0.0,其他,0,0,0.5,1.0,0,0.0920245398773006,-0.003961267605633756,-0.020686619718309762,0.9938524590163934,0.9467213114754098,0.8524590163934426,0.9631147540983607,0.6270491803278688,0.9815573770491803,0.5,0.5,0.5,0.5,0.09202453987730061,0.623721881390593,0.2740286298568507
2025-06-05,45.44,46.41,40.95,42.3,4387400.0,43.384,40.902,39.7565,38.11533333333333,-0.024986170016596,0.0341792577380077,0.063976959742432,0.1097895859933884,39.7565,44.74863391773812,34.76436608226189,0.754750778107827,0.251135483139892,-0.0691021126760563,0.1169791391602852,0.0214923931417532,0.1146245059288535,0.06045102941519,0.0491816762142595,0.0362043463776252,60.65040649946284,1.5321852746629858,1.0499484503391874,0.4822368243237984,50427418.0,64.54132708098498,2.49,1.681971357531335,0.6193939393864315,0.7569659442665868,0.0321513002364066,-0.0691021126760563,0.0362043463776252,60.65040649946284,0.7632061625811595,0.0,0.0,0.0,0.5,3.270274592750864,3.1168883793734867,2.013860368381432,2.1504350047277527,0.7793905986200107,3.1541252847523364,2.30162996754189,2.372054703341334,1.5357631494226414,-0.7864106019020226,0.5844891175554161,1.0796120154065318,1.73106242838013,2.372054703341334,3.160856757912787,0.2778075712617777,0.6023215903434905,0.9561126239820325,-2.2148988660315974,1.5407169225164512,0.1017170045554658,1.2152439519023523,2.2408670870770675,1.6890893318636917,0.8470990977733761,0.5518747020209831,2.7158346027246587,2.3691749587190767,1.7059660064477862,2.247326197146577,0.5008962860065779,1.783097350735722,1.0844686259264404,0.2540340336548424,0.798759603003105,-2.2148988660315974,0.8470990977733761,0.5518747020209831,1.2703966020090791,0.0,0.0,0.0,0.0,其他,0,0,0.5,1.0,0,0.7959183673469388,0.05413711583924363,0.03924349881796707,0.9775051124744376,0.885480572597137,0.8957055214723927,0.7730061349693251,0.8936605316973415,0.9120654396728016,0.5,0.5,0.5,0.5,0.7959183673469388,0.9285714285714286,0.6673469387755102
2025-06-06,42.3,43.7,41.64,43.06,2069200.0,43.664,41.319,40.0055,38.191500000000005,-0.01383290582631,0.0421355792734576,0.07635200159978,0.1274760090596074,40.0055,45.14029554248829,34.87070445751171,0.7974315116001746,0.2567044802577373,0.017966903073286,0.0336053768602977,0.1072255078426331,0.1307773109243699,0.043268712978902,0.0437953764326526,0.0362945892965404,62.89473683747092,1.554819770913774,1.1509227144541048,0.4038970564596691,52496618.0,59.16664829249788,2.5842857142857136,0.7781644322519147,0.7115151515065277,0.8157894736778967,0.0287970274036226,0.017966903073286,0.0362945892965404,62.89473683747092,-0.5283767151388066,0.0,0.0,0.0,0.5,2.01431741207714,2.0919884523222554,2.278338456553096,2.419061764603075,-0.3344215477486547,3.1864762954303565,2.4931244684724505,2.529821985702649,1.6382019577979086,-0.460968882558659,0.7499266446935424,1.3212551980609648,2.010636432935732,2.529821985702649,3.293004805822183,0.3207682180254533,0.743209617982722,1.0088776341003851,0.5607571190239127,0.3739164191100996,1.1281608491094308,1.410597125452645,1.1548284088282912,1.2832546725219678,0.8508839060918374,0.7101931187674448,2.6949978563083925,2.5629509739438228,1.4001259156275272,2.325508150479121,0.0445060024341507,1.9222108803682576,-0.3375319083870229,0.5500535689029885,1.020719222821756,0.5607571190239127,0.8508839060918374,0.7101931187674448,-1.152276175974201,0.0,0.0,0.0,0.0,其他,0,0,0.5,1.0,0,0.8875255623721882,0.028564793311658176,0.026939154667905196,0.8237704918032787,0.9241803278688525,0.9016393442622951,0.8299180327868853,0.430327868852459,0.9241803278688525,0.5,0.5,0.5,0.5,0.8875255623721882,0.9284253578732107,0.6666666666666666
2025-06-09,43.6,44.39,42.39,44.07,1561800.0,43.844,41.904,40.3495,38.27466666666667,0.0051546391752577,0.0516895761741122,0.0922068427118056,0.1514143384658259,40.3495,45.6103883580427,35.0886116419573,0.8535999765350318,0.2607659751932322,0.0234556432884347,0.0208478109798471,0.1530612244897959,0.1849959666577036,0.0414783756578041,0.0427498283202423,0.0357531276017015,62.238885908562686,1.635404338029666,1.247819039169217,0.3875852988604489,54058418.0,57.06900658721918,2.5571428571428565,0.5786323713801715,0.8296019900394331,0.8939628482902946,0.0274563194917176,0.0234556432884347,0.0357531276017015,62.238885908562686,-0.2452155422385462,0.0,0.0,0.0,0.5,2.467863921191442,2.301096114226865,2.55091527089301,2.764713932204421,-0.5769128292391162,3.169126536360838,2.760671708580139,2.7500982824609106,1.747135419802086,0.0913471128283348,0.9477094322073965,1.6260654554741258,2.3744304780854444,2.7500982824609106,3.449527133785381,0.4098294363280844,0.9282492803184824,1.0451929715188593,0.7330542329567857,0.1945475198122254,1.6619050717317116,2.07390830696631,1.0364258627742424,1.197961004593482,0.7963628991617597,0.6600867041301233,2.7774792208429258,2.732209858433723,1.3287581952802912,2.370836960060512,-0.1336962028663386,1.8496714183873333,-0.6497325819384409,0.9278327451870788,1.3122975542038957,0.7330542329567857,0.7963628991617597,0.6600867041301233,-0.6176065567622712,0.0,0.0,0.0,0.0,其他,0,0,0.5,1.0,0,0.8773006134969326,0.015429997730882716,0.0011345586566824384,0.5102459016393442,0.9364754098360656,0.8995901639344263,0.8094262295081968,0.11270491803278689,0.9467213114754098,0.5,0.5,0.5,0.5,0.8773006134969326,0.885480572597137,0.43149284253578735
2025-06-10,44.31,48.0,43.76,44.51,2828116.0,43.876,42.502,40.705,38.3545,0.0144498131096726,0.0472448355371513,0.0934774597715268,0.1604896426755659,40.705,46.086216845365165,35.32378315463483,0.8535445707964626,0.2644007785457288,0.0099841161788063,0.0036076662908679,0.1552037373475212,0.1901069518716578,0.0398193723534011,0.042719618667223,0.0357440603622511,60.05665721903232,1.7150029936360411,1.341255830062582,0.3737471635734593,56886534.0,56.40711445413321,2.721428571428571,1.015144013701154,0.8840399002383535,0.9280185758442104,0.0224668613794651,0.0099841161788063,0.0357440603622511,60.05665721903232,0.8108054808554233,0.0,0.0,0.0,0.5,2.676521970868751,3.463658457247832,3.049136549586182,2.8660843682064514,0.0346257529571697,3.0880468706390056,3.009222987881156,2.956937873362665,1.8451277955282563,0.3614722178168641,0.8489671570541653,1.633113355023305,2.4606063042225554,2.956937873362665,3.582592792807073,0.5058433239357586,0.9227779178980324,1.0765779418008254,0.3009870871814843,-0.0476034791979742,1.668864676893723,2.1028134057539223,0.9275329413805762,1.1873343863704418,0.7915190828172984,0.5006673881192792,2.8503337413121024,2.878669521751202,1.2678581662260202,2.4813651784299884,-0.18963973265897,2.1011758754623973,0.0406393309822391,1.097043608614673,1.4274027585618263,0.3009870871814843,0.7915190828172984,0.5006673881192792,1.3601027294695769,0.0,0.0,0.0,0.0,其他,0,0,0.5,1.0,0,0.8404907975460123,0.018872163558750987,-0.004044035048303751,0.35860655737704916,0.9467213114754098,0.8934426229508197,0.8463114754098361,0.42418032786885246,0.9487704918032787,0.5,0.5,0.5,0.5,0.8404907975460123,0.820040899795501,0.32515337423312884
2025-06-11,44.7,45.08,43.72,44.02,1539219.0,43.592,43.045,41.035,38.4315,0.0098183152872086,0.022650714368684,0.0727427805531863,0.1454145687782158,41.035,46.3773452370264,35.6926547629736,0.7793716867298098,0.2603799311326126,-0.0110087620759379,-0.0312499999999998,0.1407100285047939,0.176376269374666,0.0377629707616928,0.0433503752283825,0.0359861686395296,57.37704917578702,1.7187341248655983,1.4167514890231854,0.3019826358424129,55347315.0,51.80564312138107,2.687857142857142,0.5446789299420506,0.8184143222401744,0.8900928792500771,0.028169014084507,-0.0110087620759379,0.0359861686395296,57.37704917578702,-0.4557440359589211,0.0,0.0,0.0,0.5,2.755466950056489,2.4037437819286347,2.950482401519732,2.6147339531430305,-0.587474174219373,2.8796919225381563,3.201597013349989,3.120446665016304,1.933054166949091,0.2253109811883751,0.3246600254019852,1.2053686173769127,2.1491792732612613,3.120446665016304,3.593357753964946,0.6569808073552948,0.6681483173756252,1.027410311791132,-0.3714384668068496,-0.5369250935363694,1.482122500466355,1.9020596587188168,0.7949290034452934,1.2245122855895094,0.809989645431646,0.3057760815921362,2.7875033445517605,2.971716931714011,0.9947139018356416,2.351715903498074,-0.5814330576326587,2.012618287987956,-0.7026551065054473,0.8793718609868441,1.2662752283030745,-0.3714384668068496,0.809989645431646,0.3057760815921362,-1.013471434434021,0.0,0.0,0.0,0.0,其他,0,0,0.5,1.0,0,0.9102040816326532,0.022716946842344488,0.007042253521126751,0.09202453987730061,0.9406952965235174,0.8936605316973415,0.6932515337423313,0.11451942740286299,0.9202453987730062,0.5,0.5,0.5,0.5,0.9102040816326531,0.8142857142857143,0.4387755102040816
2025-06-12,43.54,44.16,42.46,43.66,4443851.0,43.864,43.624,41.337,38.50149999999999,-0.0046507386467263,0.0008252338162479,0.0561966277185086,0.1339817929171591,41.337,46.54776658669839,36.12623341330162,0.7229038627308375,0.2521115023676502,-0.0081781008632441,0.0321513002364066,0.1528914708212305,0.1605528973950025,0.0154362435755504,0.0425908504366881,0.0361803605276862,65.357372820895,1.673352730192157,1.4680717372569798,0.2052809929351771,50903464.0,55.19656114609234,2.3199999999999994,1.4772512140277352,0.7648612945737797,0.862229102160509,0.0213009619789281,-0.0081781008632441,0.0361803605276862,65.357372820895,1.8870816953273053,0.0,0.0,0.0,0.5,2.2884126976278294,2.058514271598112,2.388256472831142,2.428070660862508,0.8181595532252387,2.920862942298285,3.386367153074594,3.2420846629906954,2.0046973327836475,-0.1985600964187378,-0.1405052530683152,0.8671541117620013,1.9173456897520065,3.2420846629906954,3.5365226697534022,0.8340170713374463,0.4744616245028638,0.934341686224841,-0.2795721902437655,0.3573007278074706,1.6099380784893034,1.6840819535127778,-0.6041277189894959,1.161123869282608,0.8239005970474234,0.8802213081012286,2.6469085454611894,3.0034599933456088,0.6315875649630819,2.0748684053718605,-0.2895341150792271,1.372651001914226,0.7756128742275421,0.7023393604273309,1.147319593905187,-0.2795721902437655,0.8239005970474234,0.8802213081012286,3.2763131325379784,0.0,0.0,0.0,0.0,其他,0,0,0.5,1.0,0,0.9325153374233128,0.04214383875400829,0.008703618873110441,0.7991803278688525,0.9385245901639344,0.9057377049180327,0.7971311475409836,0.8811475409836066,0.8831967213114754,0.5,0.5,0.5,0.5,0.9325153374233128,0.8895705521472392,0.3660531697341513
2025-06-13,43.26,44.5,42.85,44.3,2039100.0,44.112,43.888,41.633500000000005,38.583,0.0042618788538266,0.0093875318993801,0.064046981397192,0.1481740662986288,41.633500000000005,46.80814374568303,36.45885625431698,0.7576505872649463,0.2485807700851765,0.0146587265231332,0.0287970274036226,0.0633701392222756,0.1545478238206932,0.0148797330949631,0.0305158048538915,0.0361085924837707,69.61290321951881,1.669782058027934,1.5084138014111708,0.1613682566167633,52942564.0,62.92318732980067,2.293571428571428,0.6732455722572507,0.8494055482054239,0.911764705875296,-0.0002257336343114,0.0146587265231332,0.0361085924837707,69.61290321951881,-0.5411412308828536,0.0,0.0,0.0,0.5,2.1528580750347177,2.14077745292382,2.4958347594210006,2.615475510661412,-0.348648544471247,2.9472317136348045,3.396175354778578,3.341902280322038,2.0888547119911416,0.0634166533751663,0.0425387299718511,1.019220743896388,2.109052965788255,3.341902280322038,3.528223655489724,0.9675774816227112,0.5904323032499842,0.8920083921313178,0.4553034147388692,0.3088754946588253,0.549186837310522,1.592042088131779,-0.6366264016992997,0.2793653386550846,0.8130655339682686,1.1808856060768689,2.585021093455864,3.0081195393384603,0.4659795111581182,2.1531001108020256,0.3740570720345683,1.3170233961722215,-0.5017722719038218,0.971466244143047,1.3245990986588088,0.4553034147388692,0.8130655339682686,1.1808856060768689,-1.1523172494331957,0.0,0.0,0.0,0.0,其他,0,0,0.5,1.0,0,0.852760736196319,0.02483069977426644,-0.004514672686230181,0.8852459016393442,0.9487704918032787,0.8934426229508197,0.9159836065573771,0.11270491803278689,0.9385245901639344,0.5,0.5,0.5,0.5,0.852760736196319,0.6789366053169734,0.19222903885480572
2025-06-16,43.96,45.28,43.96,45.28,1245600.0,44.354,44.099,41.9895,38.6805,0.0208774856833657,0.0267806526225082,0.0783648293025638,0.1706156849058311,41.9895,47.13757056345534,36.84142943654466,0.8195857515314909,0.24520751918661,0.0221218961625282,0.0274563194917176,0.0488765346305304,0.1865828092243187,0.0144905612127473,0.0292932451407859,0.0361008702575927,70.87198515156332,1.726132259879563,1.5519574931048494,0.1741747667747135,54188164.0,62.88760894200347,2.2999999999999994,0.4245781747150437,0.9788639365788794,0.9876160990635636,-0.0117049469964664,0.0221218961625282,0.0361008702575927,70.87198515156332,-0.3891422686479329,0.0,0.0,0.0,0.5,2.3619166747908067,2.359991746408993,2.8650863309674053,2.9072498797532176,-0.7318989754647015,2.967487281422189,3.37762270728841,3.4653241642592096,2.190546327709104,0.5515188002922073,0.4143059334282505,1.2974823362214252,2.4137558967571247,3.4653241642592096,3.549943801995855,1.1201252748411787,0.7979193415319905,0.8517550391766534,0.6936868955064944,0.2889825848495103,0.3762159803163958,1.9591403446038973,-0.6585198300310761,0.1893831836266361,0.808291690115585,1.262607362093615,2.624402342401748,3.017477843329107,0.5121896768486208,2.185887536396463,0.3697725905412211,1.3173913539573558,-0.893488489657197,1.380229426875304,1.594927438888132,0.6936868955064944,0.808291690115585,1.262607362093615,-0.8707297393537887,0.0,0.0,0.0,0.0,其他,0,0,0.5,1.0,0,0.6693877551020408,-0.01369257950530045,-0.0225265017667845,0.8752556237218814,0.9652351738241309,0.8936605316973415,0.9304703476482618,0.07566462167689161,0.9406952965235174,0.5,0.5,0.5,0.5,0.6693877551020408,0.26326530612244897,0.14081632653061224
2025-06-17,44.94,45.56,44.75,45.51,1017300.0,44.554,44.215,42.29,38.774833333333326,0.0214571082282175,0.0292887029288704,0.0761409316623316,0.1736994356304992,42.29,47.52707029389119,37.05292970610881,0.8074237903275087,0.247674168544753,0.0050795053003533,0.0224668613794651,0.0261555806087936,0.1521518987341772,0.0142768756543512,0.0282500412652962,0.0355874230828724,71.17503059365694,1.7689578223172475,1.5953575589473292,0.1736002633699183,55205464.0,62.95370076340424,2.280714285714285,0.3658647307136859,0.999999999986911,0.9999999999923018,-0.0035157108327839,0.0050795053003533,0.0355874230828724,71.17503059365694,-0.1832851637764933,0.0,0.0,0.0,0.5,2.6513849977117205,2.407762290652264,3.083400543468456,2.914761668086025,-0.8393295754398258,2.968223299581613,3.3163582989528875,3.5318992174518367,2.279437269125487,0.5665975166424883,0.4666403095504334,1.2431755810436511,2.3977495037610645,3.5318992174518367,3.5918550846767383,1.1997979285983575,0.7528289898163195,0.8733569629934433,0.1417983333917572,0.2173632794108111,0.1060061067225487,1.5214650531410936,-0.6693266437592399,0.112544382902524,0.7565601438368038,1.2748051479267732,2.63871687740178,3.024317414639316,0.5083207042315268,2.2050601570840382,0.3742613517763263,1.2749436104699894,-0.9813935937096308,1.4354795567693317,1.619002369337961,0.1417983333917572,0.7565601438368038,1.2748051479267732,-0.4931116928328046,0.0,0.0,0.0,0.0,其他,0,0,0.5,1.0,0,0.5448979591836735,-0.03867281916062404,-0.028345418589321048,0.83640081799591,0.9488752556237219,0.8936605316973415,0.9161554192229039,0.028629856850715747,0.934560327198364,0.5,0.5,0.5,0.5,0.5448979591836735,0.08163265306122448,0.15306122448979592
2025-06-18,45.51,45.97,44.87,45.26,1796366.0,44.802,44.197,42.505,38.86833333333333,0.010222757912593,0.0240514062040408,0.0648159040112927,0.1644440632905963,42.505,47.86381565862808,37.14618434137192,0.7570530668925456,0.2521498957118209,-0.005493298176225,0.028169014084507,-0.0039612676056337,0.10498046875,0.0129247311177057,0.0272764514151243,0.0350119409977867,73.28292374904876,1.7624085377925525,1.628767754716374,0.1336407830761783,53409098.0,66.30454009845982,2.2764285714285712,0.6707807594824025,0.967277486898334,0.9807544264743592,-0.0053026955368977,-0.005493298176225,0.0350119409977867,73.28292374904876,0.7658173596775779,0.0,0.0,0.0,0.5,2.783365783267677,2.492624805391357,3.042334970515756,2.758768040802645,-0.4578212074662842,2.985887273887034,3.201623148303918,3.5318395990204734,2.359348133619783,0.2333096245677848,0.3526601840386088,1.0094955251594482,2.198237181867364,3.5318395990204734,3.600038147514359,1.229510808082191,0.5781852493009985,0.9159382544476318,-0.2006947333779731,0.2978271301613476,-0.252015602240784,0.9399114108568268,-0.7515241017493698,0.0408173618557902,0.699408719617965,1.414802736178938,2.573744630867347,3.0098532760273606,0.3570302704736096,2.0793076737794154,0.6620289434462104,1.258285488973777,-0.4929760659274266,1.3188786376277493,1.5254502151310476,-0.2006947333779731,0.699408719617965,1.414802736178938,1.2353979276878182,0.0,0.0,0.0,0.0,其他,0,0,0.5,1.0,0,0.2571428571428571,-0.016791869200176723,-0.03999116217410503,0.9100204498977505,0.9325153374233128,0.8895705521472392,0.9550102249488752,0.35991820040899797,0.9325153374233128,0.5,0.5,0.5,0.5,0.2571428571428571,0.1326530612244898,0.08775510204081632
2025-06-19,44.79,45.38,44.19,44.59,1142500.0,44.988,44.426,42.664,38.9435,-0.0088468035920689,0.0036915319857742,0.0451434464654041,0.1449921039454595,42.664,48.07447483080149,37.25352516919851,0.6779880749992225,0.2536318596844557,-0.0148033583738399,0.0213009619789281,0.0541371158392436,0.0767930451581744,0.0148860422134752,0.0143404757670076,0.0352763306124092,61.490196071679534,1.6837456332184004,1.6397633304167796,0.0439823028016208,52266598.0,61.4427721062392,2.0907142857142857,0.4356858059723124,0.8795811518209486,0.9291762894462732,0.0204081632653061,-0.0148033583738399,0.0352763306124092,61.490196071679534,-0.3639937518300836,0.0,0.0,0.0,0.5,2.487291150302432,2.264348390614989,2.7251722433197303,2.473082878314015,-0.7741653578036148,2.9775329861306017,3.2025282475617387,3.494270888405602,2.4061890048361074,-0.3317591856459537,-0.0869679316376707,0.6116949016495572,1.8595200977923767,3.494270888405602,3.549183823616967,1.2644987081194212,0.3061252618919658,0.9266026315567626,-0.5018822738498743,0.1990361862399081,0.4404627411748137,0.5930814705657051,-0.6250936657641744,-0.9087146514590688,0.7210145882501853,0.5630615550699172,2.400291938262772,2.952980528484732,0.019137998805212,1.9922689150606545,0.2391426641900109,0.9394065079895928,-0.8645268151248556,1.029774380012591,1.3156390396446138,-0.5018822738498743,0.7210145882501853,0.5630615550699172,-0.8255637334142146,0.0,0.0,0.0,0.0,其他,0,0,0.5,1.0,0,0.4224489795918367,-0.014128728414442793,-0.03655528145324072,0.9325153374233128,0.9243353783231084,0.8875255623721882,0.9141104294478528,0.022494887525562373,0.934560327198364,0.5,0.5,0.5,0.5,0.42244897959183675,0.08775510204081632,0.0673469387755102
2025-06-20,44.49,44.84,43.8,44.29,831000.0,44.986,44.549,42.934,39.0315,-0.015471480016005,-0.0058138229814361,0.0315833605068245,0.1347245173769904,42.934,48.08417996619633,37.783820033803664,0.6316458850794597,0.2399114904823374,-0.0067279659116394,-0.0002257336343114,0.0285647933116581,0.1388531756235536,0.0142280944179499,0.0140552466962484,0.0319331409540244,54.852686301837615,1.5789955530222528,1.6276097749378744,-0.0486142219156215,51435598.0,53.52631077453627,1.966428571428572,0.3612473806847937,0.8403141361146558,0.9060816012247416,0.0250620907654097,-0.0067279659116394,0.0319331409540244,54.852686301837615,-0.2726477024070022,0.0,0.0,0.0,0.5,2.344445146876716,2.062698781102834,2.5309947117453047,2.327687463732471,-0.9220801379400252,2.900133397807111,3.1574748959295467,3.5228478871024547,2.465673636480832,-0.5270702509726198,-0.2920256683992448,0.337598512192533,1.67470029777355,3.5228478871024547,3.4186211057454625,1.4714809307885577,0.146376097001269,0.77688459164725,-0.2379934491354547,-0.1093579921361138,0.1339451950393052,1.3417145431866164,-0.6641839986306535,-0.924961466310504,0.4047766501575585,0.0836771007938096,2.1959545342661184,2.856880333961118,-0.3297436570082501,1.9244617986327053,-0.448613059669487,0.7261752673196179,-0.9780328537410886,0.8983883134500795,1.2165495952765997,-0.2379934491354547,0.4047766501575585,0.0836771007938096,-0.6560008957496756,0.0,0.0,0.0,0.0,其他,0,0,0.5,1.0,0,0.3959183673469387,-0.001580492210431217,-0.02754572138180178,0.852760736196319,0.9652351738241309,0.8548057259713702,0.8179959100204499,0.05930470347648262,0.9468302658486708,0.5,0.5,0.5,0.5,0.39591836734693875,0.11632653061224489,0.06938775510204082
2025-06-23,44.0,44.9,43.5,44.75,685719.0,44.88,44.617,43.2605,39.12983333333333,-0.0028966131907308,0.0029809265526592,0.0344309474000532,0.143628689107629,43.2605,47.96066113945486,38.56033886054514,0.6584520142757183,0.2172957381187915,0.0103860916685483,-0.0117049469964664,0.0154299977308827,0.1708529565672423,0.0100191233334134,0.0124481435107721,0.0314234251641696,51.84842882878115,1.5156272924589018,1.60521327844208,-0.0895859859831782,52121317.0,49.38741133730048,1.947857142857144,0.3196824206090567,0.9005235601976374,0.9414934564977562,-0.0020111731843576,0.0103860916685483,0.0314234251641696,51.84842882878115,-0.174826714801444,0.0,0.0,0.0,0.5,2.1481846790083186,2.0529809039968288,2.3796914972761223,2.4407450387098235,-0.9880509318164932,2.791027700935753,3.0931256955104383,3.575260435618848,2.532597896309846,-0.1517430227214777,-0.1007227163388698,0.3937540400114863,1.7833063324668614,3.575260435618848,3.247886661763192,1.771923808343186,0.2380642403548037,0.5338586622368802,0.3203284356868121,-0.2736233631965735,-0.0236659166285083,1.712464531730036,-0.9266034653753767,-1.0376046292323131,0.3554828390172302,-0.1334268031701255,2.065143947285712,2.748943922111296,-0.4833441646001764,1.9354812395209304,-0.8060471518500005,0.6918554957074061,-1.0382403812564185,1.0856769974550478,1.335941275763573,0.3203284356868121,0.3554828390172302,-0.1334268031701255,-0.4752798005335887,0.0,0.0,0.0,0.0,其他,0,0,0.5,1.0,0,0.1265306122448979,-0.014078212290502878,-0.061005586592178696,0.6687116564417178,0.9631901840490797,0.8486707566462167,0.7034764826175869,0.022494887525562373,0.9079754601226994,0.5,0.5,0.5,0.5,0.12653061224489795,0.10204081632653061,0.044897959183673466
2025-06-24,44.85,45.9,44.83,45.35,997657.0,44.848,44.701,43.6015,39.241166666666665,0.0111933642525865,0.0145186908570278,0.0401018313590129,0.1556741007530357,43.6015,47.821688446777614,39.38131155322239,0.707158995620726,0.1935799661373087,0.0134078212290502,-0.0035157108327839,0.0188721635587509,0.177004931222424,0.0120429890673534,0.0127477782228434,0.0314433597642197,49.56437559831656,1.4965709190621368,1.5834848065660916,-0.0869138875039547,53118974.0,46.4999012472602,1.891428571428572,0.4705965871904192,0.9790575916102222,0.9876828329408188,-0.0352811466372657,0.0134078212290502,0.0314433597642197,49.56437559831656,0.4549064558514493,0.0,0.0,0.0,0.5,2.386774198528299,2.326751707973456,2.7884902494128507,2.591397478426848,-0.8316499541218597,2.7160602148746347,3.040057523933287,3.623872130383384,2.608955149009995,0.2686834753818667,0.1501489627284588,0.5066608533639484,1.9324323140047328,3.623872130383384,3.088382544261619,2.077626183429445,0.4050913267699292,0.2797071123043403,0.4180207619661819,-0.1551531991292474,0.0177220690563852,1.765584673036068,-0.7946454406185605,-1.0098375617484894,0.3562024489721427,-0.2983278676004526,2.007916461231384,2.649685766005845,-0.4717003447727445,1.9615740969218387,-1.0520325340168275,0.5939532242692784,-0.7929595814191688,1.328131687698631,1.4913838681893663,0.4180207619661819,0.3562024489721427,-0.2983278676004526,0.6780145053114641,0.0,0.0,0.0,0.0,其他,0,0,0.5,1.0,0,0.0408997955010225,-0.022491730981257008,-0.07386990077177513,0.5450819672131147,0.9815573770491803,0.8504098360655737,0.5799180327868853,0.045081967213114756,0.9036885245901639,0.5,0.5,0.5,0.5,0.0408997955010225,0.07157464212678936,0.034764826175869123
2025-06-25,45.88,45.88,44.85,45.02,838700.0,44.8,44.801,43.923,39.34366666666666,0.0049107142857143,0.0048882837436665,0.0249755253511827,0.144275656395354,43.923,47.4600883059672,40.38591169403281,0.6550710506836677,0.1610585937189692,-0.007276736493936,-0.0053026955368977,0.0227169468423444,0.1666234775848665,0.0122471228551466,0.0123756296079751,0.0316097591007503,68.08510637030334,1.43826099421846,1.5544400440965656,-0.1161790498781054,52280274.0,53.40952541479872,1.5750000000000008,0.3982632833709266,0.9358638743333008,0.9622786758971345,-0.0115504220346512,-0.007276736493936,0.0316097591007503,68.08510637030334,-0.159330310918482,0.0,0.0,0.0,0.5,2.665577725594552,2.282770145705128,2.733220157297416,2.43548399013464,-0.9052382150101036,2.6404875157700904,2.996965476961656,3.650964528214823,2.6652380349476976,0.0801950292194954,-0.060001915787366,0.1993207647261362,1.732989729358754,3.650964528214823,2.856503950808794,2.4374409618941506,0.2238971410552538,-0.0683526307437116,-0.2602699388955666,-0.1804847801294568,0.0639584963103197,1.6229478138991529,-0.7783333151651989,-1.0314370942026931,0.3707736642820644,1.0435086987218187,1.8929919138745688,2.5436942307493844,-0.5809626231439318,1.8956397920761567,-0.4471544486881892,0.0564463622533058,-0.9040916574081594,1.1809620265546974,1.3809237827952343,-0.2602699388955666,0.3707736642820644,1.0435086987218187,-0.4496301910948571,0.0,0.0,0.0,0.0,其他,0,0,0.5,1.0,0,0.1676891615541922,-0.015326521545979688,0.026210573078631727,0.25614754098360654,0.9795081967213115,0.8586065573770492,0.9569672131147541,0.00819672131147541,0.7909836065573771,0.5,0.5,0.5,0.5,0.16768916155419222,0.13496932515337423,0.34355828220858897
2025-06-26,45.05,45.5,44.53,45.5,1896100.0,44.982,44.985,44.3045,39.43333333333333,0.0115157173980704,0.0114482605312882,0.0269837149725196,0.1538461538461539,44.3045,46.47436514254721,42.1346348574528,0.7754779494081949,0.0979523589045042,0.0106619280319857,0.0204081632653061,0.0421438387540082,0.2014787430683919,0.0101966156829316,0.0120295221347676,0.0309719411458683,66.85082871635481,1.4144767274847538,1.5264473807742034,-0.1119706532894495,54176374.0,53.56182238384209,1.4971428571428578,0.8810945870443593,0.9974025973766912,0.9992301770515842,-0.0338461538461538,0.0106619280319857,0.0309719411458683,66.85082871635481,1.2607607010850126,0.0,0.0,0.0,0.5,2.3575075157700445,2.134889092204392,2.5707623063242258,2.5438828106861995,-0.385766890456706,2.648998676167205,2.988628868434222,3.6995170997576894,2.6985549953376022,0.2778680044909962,0.0834234478954689,0.2394352941325695,1.84598469104497,3.6995170997576894,2.399747885231423,3.0468673168382474,0.6397512842574996,-0.7427718107571442,0.3291017839134312,0.1915469445001806,0.2982288610684735,2.0115805250550696,-0.904383967473676,-1.050913258212232,0.3091214132131449,0.9486840144542238,1.8346739962123964,2.445957591920638,-0.5630169023018887,1.966723201516484,-0.4324058398305432,-0.0759273854638729,-0.12975130426654,1.3673241589728191,1.5004510180218409,0.3291017839134312,0.3091214132131449,0.9486840144542238,2.134648151535821,0.0,0.0,0.0,0.0,其他,0,0,0.5,1.0,0,0.032719836400818,-0.03208791208791206,0.04395604395604402,0.42213114754098363,0.9836065573770492,0.8483606557377049,0.9528688524590164,0.47540983606557374,0.8217213114754098,0.5,0.5,0.5,0.5,0.032719836400818,0.06952965235173825,0.36809815950920244
2025-06-27,45.8,45.83,45.14,45.4,915800.0,45.204,45.095,44.4915,39.525333333333336,0.0043358994779223,0.0067634992792993,0.0204196307159796,0.148630414249089,44.4915,46.319461476042086,42.663538523957904,0.7485008606122928,0.082171267592146,-0.0021978021978021,0.0250620907654097,0.0248306997742664,0.0897743638982238,0.009141736922216,0.011573756406362,0.0225594259811772,60.50552921252641,1.3717457311647363,1.4955070508523105,-0.1237613196875737,53260574.0,52.32084280061006,1.403571428571429,0.4470038781662083,0.9657320871973294,0.991531947644407,-0.0259911894273128,-0.0021978021978021,0.0225594259811772,60.50552921252641,-0.5170085965930067,0.0,0.0,0.0,0.5,2.5454399183688694,2.2012577244687948,2.7173055152121544,2.465067027652003,-0.8634765379601569,2.669833005855312,2.9522328958623216,3.642876376965136,2.7298122094173287,0.0614462969082836,-0.0193905778767048,0.1052867183995843,1.741699272343457,3.642876376965136,2.2942798908759725,3.151296095399492,0.5438341188899907,-0.9077326137951836,-0.0948196688217136,0.2584317371513001,0.0878993724636057,0.6793503171372277,-0.9665580494698076,-1.0781746083372137,-0.4915609696786163,0.4852216493068019,1.7495960342203274,2.3484946196469174,-0.6058780142922809,1.8976951833425364,-0.5393467540541097,-0.2350329206303981,-0.8236087464009338,1.256501637262205,1.4548340293783433,-0.0948196688217136,-0.4915609696786163,0.4852216493068019,-1.1027930945664348,0.0,0.0,0.0,0.0,其他,0,0,0.5,1.0,0,0.0981595092024539,-0.028634361233480066,-0.007488986784140894,0.39549180327868855,0.9159836065573771,0.7049180327868853,0.8913934426229508,0.0471311475409836,0.7192622950819673,0.5,0.5,0.5,0.5,0.09815950920245399,0.08793456032719836,0.11860940695296524
2025-06-30,45.42,45.81,44.6,44.66,1080500.0,45.186,45.033,44.566,39.66916666666667,-0.0116407736909662,-0.0082828148246841,0.0021092312525243,0.1258113984412745,44.566,46.28541728195133,42.84658271804866,0.5273348421392475,0.0771627376002997,-0.0162995594713656,-0.0020111731843576,-0.0136925795053004,0.0345147092888578,0.0124129195386989,0.0106852186607285,0.0217184566666796,51.131221708660064,1.263603276187972,1.4491262959194429,-0.185523019731471,52180074.0,42.80880305759156,1.1871428571428575,0.5841197912110974,0.7352024921889341,0.9345650500312964,-0.0120913569189431,-0.0162995594713656,0.0217184566666796,51.131221708660064,0.179842760428041,0.0,0.0,0.0,0.5,2.384495475595771,2.1630990262258147,2.4897930380664377,2.1932676759354286,-0.7792997898659257,2.6085603108698985,2.854989007069676,3.537777685457367,2.81681831177943,-0.4197604294770548,-0.3496183230512837,-0.2683230963603762,1.3889613738964348,3.537777685457367,2.241240884056252,3.121498868779694,-0.2269496896804059,-0.9564032590335386,-0.5592664627429558,-0.1354891848586831,-0.379667728286173,0.0206350078758862,-0.7552314211289507,-1.1366174904680906,-0.5698020885101236,-0.1979266580062032,1.5681032154417411,2.229100075361327,-0.8382726923690502,1.823091910460448,-1.3645602022860674,-0.603328389014746,-0.6006750897117361,0.517058703629539,1.2325143867871569,-0.5592664627429558,-0.5698020885101236,-0.1979266580062032,0.1675352489023564,0.0,0.0,0.0,0.0,其他,0,0,0.5,1.0,0,0.2474437627811861,-0.008956560680698611,-0.004702194357366629,0.12295081967213115,0.6086065573770492,0.694672131147541,0.5389344262295082,0.13729508196721313,0.41188524590163933,0.5,0.5,0.5,0.5,0.2474437627811861,0.17995910020449898,0.16155419222903886
2025-07-01,44.8,44.8,43.53,43.75,995000.0,44.866,44.857,44.536,39.79183333333334,-0.0248740694512548,-0.0246784225427469,-0.0176486437937847,0.0994718346729437,44.536,46.29183718223688,42.78016281776311,0.2761751465399905,0.0788502417025749,-0.0203761755485892,-0.0352811466372657,-0.038672819160624,-0.0135287485907553,0.0122519138402243,0.0119472331640024,0.0213988176263682,48.08510637342989,1.0918836688675313,1.3776777705090606,-0.2857941016415293,51185074.0,43.98328420848329,1.1807142857142858,0.5718516349037088,0.451713395624558,0.8645111624259854,0.0132571428571428,-0.0203761755485892,0.0213988176263682,48.08510637342989,-0.0791300323924109,0.0,0.0,0.0,0.5,2.160747865646503,1.841376325866609,2.107541812463777,1.88086402852822,-0.8178901575447255,2.451292042175382,2.7237133831788283,3.3957382433531818,2.868193885773251,-0.8167223302695731,-0.7086148075563405,-0.6706711475543223,0.9933988795189465,3.3957382433531818,2.2063672851335285,3.007688892738443,-1.098522219352552,-0.9333015817283962,-0.6916972493370365,-0.6190365676365607,-0.6816425741606862,-0.5516146926936064,-0.7623366737441893,-1.0378254112483556,-0.5981155302892256,-0.4193409438992908,1.2943453664496434,2.0717303617030782,-1.2141000402693436,1.7550639657391496,-1.2527320194111864,-0.612060669945574,-0.6180430996803636,-0.3906024278836348,0.9669333878597416,-0.6916972493370365,-0.5981155302892256,-0.4193409438992908,-0.3050612441654724,0.0,0.0,0.0,0.0,其他,0,0,0.5,1.0,0,0.5153374233128835,0.010742857142857165,0.03200000000000003,0.0389344262295082,0.2827868852459016,0.6864754098360656,0.4672131147540984,0.10245901639344263,0.125,0.5,0.5,0.5,0.5,0.5153374233128835,0.49079754601226994,0.4601226993865031
2025-07-02,43.44,44.64,42.77,44.5,1014100.0,44.762,44.781,44.489,39.92183333333334,-0.0058531790357893,-0.006274982693553,0.00024725212974,0.114678267113651,44.489,46.192493623796416,42.78550637620358,0.5032286589735409,0.0765804411783852,0.0171428571428571,-0.0115504220346512,-0.0167918692001767,-0.0206866197183097,0.0163458351688612,0.0136315777416559,0.021001929290862,55.64516127985175,1.0047314426268628,1.303088504932621,-0.2983570623057583,52199174.0,52.81786365486903,1.192857142857143,0.6086116416766402,0.6853582554303633,0.9222478829798134,-0.0038202247191011,0.0171428571428571,0.021001929290862,55.64516127985175,0.0191959798994973,0.0,0.0,0.0,0.5,1.7262293184608946,1.77506610212295,1.8387098531001964,2.089546951910445,-0.8051149525648056,2.3737706978370245,2.637347547360931,3.260741439451516,2.9197644279327624,-0.2399012645003068,-0.3010551173213824,-0.3022647884746835,1.2067763293349345,3.260741439451516,2.133164831749951,2.9276930488785498,-0.3039402865746688,-0.9526203000712382,0.5510631484506937,-0.271223471796273,-0.4131148411873087,-0.6348350007460006,-0.4995639183420522,-0.9093112972821464,-0.6336947431008259,0.1343881297340873,1.153302710765716,1.9152822308336348,-1.2538592980383725,1.786004665467661,-0.477761656933668,-0.589048175036326,-0.5566438377782634,0.3591792199490266,1.1701062991901237,0.5510631484506937,-0.6336947431008259,0.1343881297340873,-0.1245641161572988,0.0,0.0,0.0,0.0,其他,0,0,0.5,1.0,0,0.2985685071574642,-0.02359550561797752,0.04449438202247191,0.16598360655737704,0.2725409836065574,0.6782786885245902,0.6495901639344263,0.1413934426229508,0.32786885245901637,0.5,0.5,0.5,0.5,0.2985685071574642,0.16155419222903886,0.5848670756646217
2025-07-03,44.72,44.75,43.8,43.96,655400.0,44.45399999999999,44.718,44.572,40.03033333333334,-0.0111126107886803,-0.0169506686345544,-0.013730593197523,0.0981672231890815,44.572,45.9587280688157,43.18527193118429,0.2793366941254068,0.0622241797008254,-0.0121348314606741,-0.0338461538461538,-0.0141287284144427,0.039243498817967,0.0149787484017718,0.0133681435079631,0.0139264699175962,47.68392369662707,0.8819229385694598,1.218855391659989,-0.3369324530905291,51543774.0,48.60681815747726,1.1428571428571437,0.4429421686756759,0.3673469387605165,0.8806774441810573,0.0018198362147405,-0.0121348314606741,0.0139264699175962,47.68392369662707,-0.353712651612267,0.0,0.0,0.0,0.5,2.0877797954373807,1.7882262264238509,2.142044027672797,1.897514811715772,-0.977098110813937,2.2340735752357546,2.5611221902372003,3.1953801976713025,2.9402124882249083,-0.398422103662386,-0.5357276480342623,-0.5878261533912963,0.9571420214433508,3.1953801976713025,2.0128704208181785,2.9839347828575886,-1.081960297930041,-1.100377042650925,-0.4206188447265548,-0.5959978916181937,-0.3793678444445971,0.0839342362819023,-0.5849131030394717,-0.9241594832070515,-1.3037985270298529,-0.4492242606408479,0.9597081315448116,1.7475533950802746,-1.3906247584241165,1.7359270364410526,-0.8432708992543513,-0.6724679202391445,-0.8208358076258541,-0.6627321127329144,1.0093946911859475,-0.4206188447265548,-1.3037985270298529,-0.4492242606408479,-0.8062421769128806,0.0,0.0,0.0,0.0,其他,0,0,0.5,1.0,0,0.3721881390593047,-0.022747952684258443,0.08484986351228385,0.030737704918032786,0.6700819672131147,0.35040983606557374,0.22540983606557377,0.06147540983606557,0.12704918032786885,0.5,0.5,0.5,0.5,0.3721881390593047,0.16155419222903886,0.8507157464212679
2025-07-04,44.42,44.5,43.7,44.22,763000.0,44.218,44.711,44.63,40.2055,4.5230449138511375e-05,-0.0109816376283241,-0.0091866457539772,0.099849523075201,44.63,45.83567081131725,43.42432918868276,0.3299701725444203,0.0540296128753997,0.005914467697907,-0.0259911894273128,-0.0015804922104312,0.0269391546679051,0.0160025848826386,0.0133998992607,0.0134527385953712,41.99395769504657,0.796395782464316,1.1343634698208545,-0.3379676873565385,52306774.0,41.73636902348791,1.105714285714286,0.539473708398835,0.3027027026863413,0.9006928406397176,-0.0027137042062415,0.005914467697907,0.0134527385953712,41.99395769504657,0.164174549893195,0.0,0.0,0.0,0.5,1.9724413746102745,1.698281348796285,2.081491548575951,1.9545894464965623,-0.9197798123457496,2.124263558574732,2.5090222485415308,3.124567803575081,3.0250432291156883,-0.0587213024454938,-0.4020265382041608,-0.4924145891037715,0.9750947108297724,3.124567803575081,1.9391061149476072,2.981734540981391,-0.9000766409482622,-1.1806644161479474,0.1799715954230249,-0.4791363135888431,-0.2247986048127721,-0.0639212178601216,-0.517676223036497,-0.917342352771052,-1.3387177310729448,-0.8642184925224229,0.8246256682519633,1.5841632475421967,-1.3843427848061496,1.7550571776358057,-1.4345460375773689,-0.7334591977146392,-0.6618799085419558,-0.867106021090179,1.0749085285575126,0.1799715954230249,-1.3387177310729448,-0.8642184925224229,0.1456146751074921,0.0,0.0,0.0,0.0,其他,0,0,0.5,1.0,0,0.1820040899795501,-0.026006331976481167,0.11261872455902311,0.09631147540983606,0.6659836065573771,0.3012295081967213,0.1721311475409836,0.08401639344262295,0.23770491803278687,0.5,0.5,0.5,0.5,0.18200408997955012,0.10633946830265849,0.8916155419222904
2025-07-07,43.85,44.4,43.7,44.12,440200.0,44.11,44.648,44.6325,40.39883333333333,0.0002267059623668,-0.0118258376635013,-0.0114826639780429,0.0921107457723615,44.6325,45.8334798631027,43.4315201368973,0.2866325590569709,0.0538163832677986,-0.0022614201718679,-0.0120913569189431,-0.0140782122905028,0.0011345586566824,0.0147391183620372,0.0128897471947351,0.0124250329169443,39.291217248843175,0.7123343847462209,1.0499576528059278,-0.3376232680597069,51866574.0,36.18648891283223,1.0978571428571426,0.3240907825253666,0.2486486486352084,0.8926640926571994,0.0031731640979146,-0.0022614201718679,0.0124250329169443,39.291217248843175,-0.4230668414154652,0.0,0.0,0.0,0.5,1.7825221313084982,1.6535406299494149,2.054201747694297,1.9013322466771,-1.0731840479976966,2.060279596487962,2.440583245278805,3.0362761121851456,3.114681288410103,-0.0530497006302772,-0.419518370355054,-0.5379597206503796,0.8558782441728849,3.0362761121851456,1.913207288780444,2.905398005317512,-1.045881482111244,-1.1751857201783211,-0.0927265386354324,-0.2738626486753371,-0.3773843997753808,-0.3740649002619712,-0.5966523301049254,-0.9501982002184276,-1.4249713457501632,-1.0573954012093734,0.6926181896633895,1.4247356114377314,-1.3730573124643826,1.716472554858695,-1.896675036820414,-0.743930990843489,-1.0055977185362408,-1.035699916722956,1.0376367713786747,-0.0927265386354324,-1.4249713457501632,-1.0573954012093734,-0.9324274727643244,0.0,0.0,0.0,0.0,其他,0,0,0.5,1.0,0,0.2494887525562372,-0.04759746146872157,0.19718948322756136,0.24795081967213115,0.430327868852459,0.22540983606557377,0.0942622950819672,0.02663934426229508,0.1721311475409836,0.5,0.5,0.5,0.5,0.24948875255623723,0.03885480572597137,0.967280163599182
2025-07-08,44.1,44.66,43.6,44.33,606400.0,44.226,44.546,44.62349999999999,40.595,0.0023515579071133,-0.0048489202173034,-0.0065772518964222,0.0920064047296465,44.62349999999999,45.83102508963768,43.41597491036231,0.3784704340487427,0.0541205907037761,0.0047597461468722,0.0132571428571428,-0.022491730981257,-0.0040440350483037,0.0108150143306995,0.0120531524383835,0.0122607919047026,42.7906976651307,0.6551086784622839,0.970987857937199,-0.315879179474915,52472974.0,30.11352038132165,1.0949999999999993,0.4862186206978391,0.3621621621425864,0.9052208835268656,-0.0024813895781637,0.0047597461468722,0.0122607919047026,42.7906976651307,0.3775556565197637,0.0,0.0,0.0,0.5,1.8368582283507733,1.7119893578170071,1.9973798969369048,1.9425261089208807,-0.9863981598892104,2.0702316424462337,2.36263500993649,2.950434998930799,3.1921762862292407,0.0119142493956157,-0.2632640065241438,-0.4349582575744379,0.8491892820586672,2.950434998930799,1.8881925575824232,2.827724517375963,-0.7211197300121097,-1.1643456418197302,0.1418839718026058,0.0997489003198527,-0.4795618846636251,-0.4352684080214632,-0.8450846118687098,-1.0065924062782812,-1.428536020089656,-0.7961179114133807,0.6023427510037479,1.2777004021849927,-1.282206134722506,1.728498496800302,-2.381209145750218,-0.7457829565836012,-0.739520973595795,-0.6665980315232722,1.075702263470422,0.1418839718026058,-1.428536020089656,-0.7961179114133807,0.5420372532222311,0.0,0.0,0.0,0.0,其他,0,0,0.5,1.0,0,0.5163934426229508,-0.05256034288292344,0.21362508459282648,0.5133470225872689,0.324435318275154,0.22792607802874743,0.09034907597535935,0.061601642710472276,0.1273100616016427,0.5,0.5,0.5,0.5,0.5163934426229508,0.045081967213114756,0.9692622950819673
2025-07-09,44.5,45.32,43.97,44.33,1088500.0,44.19199999999999,44.477,44.639,40.78216666666667,0.003122737146995,-0.0033050790296107,-0.0069221980779138,0.086994724001095,44.639,45.82160906918793,43.45639093081206,0.3693566588961154,0.0529854642436113,0.0,-0.0038202247191011,-0.0153265215459796,0.0070422535211267,0.0071978044264596,0.0119321055455497,0.0119908970470292,47.75086504033712,0.6028080973347869,0.8973519058167166,-0.2945438084819297,52472974.0,38.72521842283047,1.1064285714285709,0.8888328905568263,0.3621621621425864,0.9052208835268656,-0.01985111662531,0.0,0.0119908970470292,47.75086504033712,0.7950197889182058,0.0,0.0,0.0,0.5,1.9325105035718184,1.8810001265009864,2.0853376218708566,1.919909751931526,-0.7458474985470165,2.0323181850793675,2.299926330521173,2.881097884969573,3.247390070647431,0.0354736903318481,-0.2281476601078923,-0.4406859816571483,0.7709558898738025,2.881097884969573,1.86154740368718,2.772742706904088,-0.7498926587255204,-1.168924960542164,-0.0177533310306084,-0.1523717285836328,-0.3898913656373306,-0.3000016163185521,-1.0717986288267056,-1.0101913154257,-1.4419061333129417,-0.4289938094846988,0.519941110188654,1.1421105437066872,-1.1943118490018794,1.7116449855773153,-1.6262787754674948,-0.7231023282768694,-0.0855225672533416,-0.6639884118912728,1.0676756450763434,-0.0177533310306084,-1.4419061333129417,-0.4289938094846988,1.3043114846773776,0.0,0.0,0.0,0.0,其他,0,0,0.5,1.0,0,0.2336065573770492,0.042183622828784184,0.2005413940897811,0.29568788501026694,0.43737166324435317,0.2135523613963039,0.1026694045174538,0.36344969199178645,0.13963039014373715,0.5,0.5,0.5,0.5,0.2336065573770492,0.6967213114754098,0.9610655737704918
2025-07-10,44.0,44.43,43.72,44.04,491500.0,44.208000000000006,44.331,44.658,40.96516666666667,-0.0038002171552661,-0.0065642552615552,-0.013838505978772,0.0750597051966914,44.658,45.78529952121233,43.53070047878767,0.2258936119488558,0.0504858937350443,-0.0065418452515226,0.0018198362147405,-0.032087912087912,0.0087036188731104,0.0051197114767767,0.0112051915258639,0.0119346010985646,47.83362217210277,0.5318283506593389,0.8242471947852411,-0.2924188441259022,51981474.0,39.77963506993456,1.0828571428571416,0.4785680853411042,0.1647727272633649,0.877090300996011,-0.0245231607629426,-0.0065418452515226,0.0119346010985646,47.83362217210277,-0.5484611851171337,0.0,0.0,0.0,0.5,1.7670315410034394,1.6113838471170328,1.9830775419458555,1.8124892724669155,-1.0351983570792136,2.011557661116346,2.2145481920375114,2.818152259230088,3.287620125907785,-0.1769036636930205,-0.3003161520855884,-0.5824395065012303,0.5918640933848438,2.818152259230088,1.8260499879158123,2.731567990852609,-1.2450948742646375,-1.1878842418230753,-0.237152033736201,-0.068594679338399,-0.595306391786805,-0.2789972791335553,-1.1979589770087165,-1.057979419455747,-1.4351400947091226,-0.4215767251958699,0.4089523829543951,1.0090643665512258,-1.1793068665340156,1.6722416750590792,-1.5227545470850203,-0.7607700654909462,-0.7503392895057741,-1.2937142996337467,0.9577255812418628,-0.237152033736201,-1.4351400947091226,-0.4215767251958699,-1.165975432435533,0.0,0.0,0.0,0.0,其他,0,0,0.5,1.0,0,0.2157464212678936,0.07856494096276112,0.21117166212534078,0.3709016393442623,0.3668032786885246,0.20081967213114754,0.09016393442622951,0.06147540983606557,0.10245901639344263,0.5,0.5,0.5,0.5,0.21574642126789367,0.8139059304703476,0.967280163599182
2025-07-11,43.74,44.24,42.36,44.1,1747500.0,44.184,44.201,44.648,41.141,-0.0019011406844106,-0.0022850161761045,-0.0122737860598457,0.0719233854305925,44.648,45.79209421768777,43.50390578231222,0.2605092344870163,0.0512495170079381,0.0013623978201635,-0.0027137042062415,-0.02863436123348,-0.0045146726862301,0.0042125820240949,0.0112967377489617,0.0114655561863736,43.947858461540605,0.4749430402039465,0.7543863638689823,-0.2794433236650357,53728974.0,31.71293622668577,1.117142857142856,1.7260246289639674,0.1988636363523383,0.8753315649789982,-0.0233560090702947,0.0013623978201635,0.0114655561863736,43.947858461540605,2.555442522889115,0.0,0.0,0.0,0.5,1.6750349653336296,1.5441891059048467,1.550067289295706,1.811332309125949,-0.4142347837048009,1.97910118992547,2.1384736312262125,2.7482625642930936,3.312311195234163,-0.1180800503336146,-0.2036918023689483,-0.5479133670904215,0.543008972296689,2.7482625642930936,1.80743228709183,2.6630005607273617,-1.1168867359661716,-1.172151909383144,0.0292350221235989,-0.1356211539474579,-0.5506371559911363,-0.4386052378746071,-1.2481294919379045,-1.0455704627581026,-1.466821602696278,-0.7066046722170931,0.3198998714169068,0.8828801219161853,-1.1240761134710733,1.7383692091679042,-2.176185921293659,-0.6986014137793007,1.2741092513010974,-1.1759145385437086,0.9450642882971184,0.0292350221235989,-1.466821602696278,-0.7066046722170931,4.325336897914491,0.0,0.0,0.0,0.0,其他,0,0,0.5,1.0,0,0.2024539877300613,0.02176870748299331,0.22358276643990926,0.18032786885245902,0.19262295081967212,0.21106557377049182,0.0942622950819672,0.819672131147541,0.10245901639344263,0.5,0.5,0.5,0.5,0.20245398773006135,0.5255623721881391,0.9713701431492843
2025-07-14,43.75,44.78,43.62,44.26,1490306.0,44.212,44.161,44.597,41.30866666666667,0.0010856780964443,0.0022417970607548,-0.0075565621005896,0.0714458628536383,44.597,45.71306640058983,43.48093359941016,0.3490233198236255,0.0500511873259337,0.0036281179138322,0.0031731640979146,-0.0089565606806986,-0.0225265017667845,0.0044275134850473,0.0103797296306342,0.0102555388620147,38.94523325466053,0.4377258519116864,0.6910542614775231,-0.2533284095658367,55219280.0,33.97508022546374,1.1178571428571422,1.4544148236313204,0.2897727272562621,0.8839368616445317,-0.0506100316312696,0.0036281179138322,0.0102555388620147,38.94523325466053,-0.1471782546494993,0.0,0.0,0.0,0.5,1.6625164340938163,1.6819824162421326,1.9156353660232508,1.8394055548283303,-0.5397117702134108,1.9639257232938587,2.0954175309445144,2.6673807772823017,3.322999512839348,-0.0257402497009063,-0.1015385437435657,-0.4479866342313442,0.5335829073216652,2.6673807772823017,1.7584661621165565,2.5999805227671016,-0.8031367352727085,-1.1773731489815642,0.1055430149508559,-0.0478028072067501,-0.3053357968805564,-0.6559740570539269,-1.226628000274269,-1.1068288287251522,-1.5661270134479546,-1.071591801623642,0.2613951269569021,0.7689400279451456,-1.0204896320114956,1.7905898250297678,-1.9603547203382723,-0.6946824134208129,0.8283493612270171,-0.8782063425120411,0.9702919502805736,0.1055430149508559,-1.5661270134479546,-1.071591801623642,-0.4275942750866094,0.0,0.0,0.0,0.0,其他,0,0,0.5,1.0,0,0.032719836400818,0.004292815183009502,0.21328513330320842,0.24795081967213115,0.13934426229508196,0.15368852459016394,0.07172131147540983,0.7745901639344263,0.11270491803278689,0.5,0.5,0.5,0.5,0.032719836400818,0.3312883435582822,0.9652351738241309
2025-07-15,44.5,44.78,44.03,44.22,819408.0,44.19,44.208,44.5325,41.46666666666667,0.0006788866259335,0.0002714440825191,-0.007017346881491,0.0663987138263664,44.5325,45.57294271953377,43.49205728046623,0.3498235442624773,0.0467273438289534,-0.000903750564844,-0.0024813895781637,0.0107428571428571,-0.028345418589321,0.0037890100340727,0.0078208336181211,0.0101528977173588,41.37931033234239,0.4003878744768272,0.632920984077384,-0.2325331096005567,54399872.0,39.90816774201527,1.0978571428571422,0.8074713130731029,0.2685714285560809,0.8746355685046198,-0.0502035278154681,-0.000903750564844,0.0101528977173588,41.37931033234239,-0.4501746621163707,0.0,0.0,0.0,0.5,1.8599362822895744,1.6665297654224664,2.015773399572979,1.8084736825444443,-0.8683183299259707,1.933901917555824,2.0826155469913448,2.5867012945961725,3.3207580325365824,-0.038244989138778,-0.1456260902912506,-0.4353258747424862,0.456615023869719,2.5867012945961725,1.6890995816312038,2.550658269582822,-0.7968461370864768,-1.2049310830413926,-0.0478636880427759,-0.1319202591164533,-0.0598940434966852,-0.7241597982243586,-1.259360214948547,-1.2865778585229102,-1.5611828848785496,-0.8870382403060764,0.2027385015530886,0.6646678397704211,-0.9377845108728852,1.734764943820041,-1.452196906917387,-0.7265815031644965,-0.2247074586010017,-0.9419391585805386,0.93011015172809,-0.0478636880427759,-1.5611828848785496,-0.8870382403060764,-0.9571819710009146,0.0,0.0,0.0,0.0,其他,0,0,0.5,1.0,0,0.0204081632653061,0.02103120759837185,0.18498417005879686,0.5153374233128835,0.15132924335378323,0.11451942740286299,0.13701431492842536,0.17791411042944785,0.22903885480572597,0.5,0.5,0.5,0.5,0.02040816326530612,0.43673469387755104,0.9408163265306122
2025-07-16,44.4,44.89,43.31,43.45,1837350.0,44.014,44.103,44.442,41.6015,-0.0128141046030806,-0.0148062490080037,-0.0223212276675216,0.044433493984592,44.442,45.52980029126833,43.35419970873167,0.0440339518351434,0.0489537055607705,-0.0174129353233829,-0.01985111662531,-0.0235955056179775,-0.039991162174105,0.0084097351495015,0.0075733259588385,0.0107394855991697,29.20892494099543,0.3051471534783943,0.567366217957586,-0.2622190644791917,52562522.0,40.23373091466645,1.1414285714285708,1.8069356589879155,0.0,0.7998056365325582,0.0632911392405062,-0.0174129353233829,0.0107394855991697,29.20892494099543,1.2422895553863276,0.0,0.0,0.0,0.5,1.812064868228109,1.681825520162901,1.7792103375670174,1.5668431869371966,-0.362830254051349,1.8578195878928032,2.02090485937476,2.501329612138089,3.2973673951442004,-0.455829438716851,-0.4852071475657566,-0.7530894756406847,0.1284564119243658,2.501329612138089,1.6565508989988729,2.46182564708246,-1.8484957225328225,-1.1737218335423294,-0.6064906875644959,-0.3908586660324676,-0.4870288237386501,-0.8627124181903568,-0.9593827583860816,-1.2959112723335755,-1.4932935024536835,-1.7706130716018682,0.053941982371934,0.5478314203754606,-1.0444723386680876,1.633706918987053,-1.4140185872405904,-0.6483647806135102,1.3962367739972144,-1.789573342160381,0.6511731080467386,-0.6064906875644959,-1.4932935024536835,-1.7706130716018682,2.001847881666877,0.0,0.0,0.0,0.0,其他,0,0,0.5,1.0,0,0.8571428571428571,0.06973532796317583,0.2313003452243958,0.2331288343558282,0.08588957055214724,0.1574642126789366,0.044989775051124746,0.9141104294478528,0.09202453987730061,0.5,0.5,0.5,0.5,0.8571428571428571,0.8551020408163266,0.9571428571428572
2025-07-17,43.45,43.68,42.73,42.96,1265400.0,43.798,44.003,44.3605,41.72233333333334,-0.0191332937577056,-0.0237029293457263,-0.0315708794986528,0.0296643684038124,44.3605,45.63058453924979,43.0904154607502,-0.0513412519855169,0.0572619577888856,-0.011277330264672,-0.0245231607629426,-0.0227479526842584,-0.0365552814532407,0.0090160714893284,0.0074542575974643,0.0105451420034619,27.06766916580925,0.18796257923983,0.4914854902140348,-0.3035229109742047,51297122.0,32.794627282969245,1.1599999999999997,1.2369779574711846,0.0,0.7521865889139732,0.105679702048417,-0.011277330264672,0.0105451420034619,27.06766916580925,-0.3112907176096008,0.0,0.0,0.0,0.5,1.5269986714315935,1.333089134770648,1.5905547746308273,1.4117644349928564,-0.644699721796533,1.7720083672297282,1.9632042547237607,2.424334451943445,3.263391102115832,-0.6501505469165643,-0.6843371759486081,-0.942546660865992,-0.092324889136181,2.424334451943445,1.6762955937938675,2.34261729727791,-2.1486008747025176,-1.0789843159912376,-0.3967068284080528,-0.4595867061942605,-0.4749632891880435,-0.8169940052476096,-0.9164526079733728,-1.2958293672944747,-1.4983524468561018,-1.905559037963072,-0.1291065035527294,0.4131934112378484,-1.1932525583078704,1.5614005363400092,-2.006607050109536,-0.6138257891667875,0.4664692949328127,-1.769949539275982,0.473379797457588,-0.3967068284080528,-1.4983524468561018,-1.905559037963072,-0.7141704930091998,0.0,0.0,0.0,0.0,其他,0,0,0.5,1.0,0,0.9102040816326532,0.11010242085661082,0.27676908752327756,0.2147239263803681,0.065439672801636,0.1983640081799591,0.022494887525562373,0.8077709611451943,0.05725971370143149,0.5,0.5,0.5,0.5,0.9102040816326531,0.9571428571428572,0.9836734693877551
2025-07-18,43.13,43.25,42.56,43.07,551000.0,43.592,43.888,44.2995,41.85316666666667,-0.0119746742521563,-0.0186383521691577,-0.0277542635921399,0.0290738653785656,44.2995,45.694852813335565,42.90414718666444,0.0594304220927289,0.0629963233595148,0.0025605214152699,-0.0233560090702947,-0.0260063319764811,-0.0275457213818017,0.00923799810863,0.0071125499530571,0.0105215376799073,33.0490405018617,0.1027842075023528,0.4137452336716984,-0.3109610261693455,51848122.0,34.149406336917224,1.1228571428571423,0.5460976811166162,0.043307086612468,0.743427970549491,0.046203854190852,0.0025605214152699,0.0105215376799073,33.0490405018617,-0.5645645645645645,0.0,0.0,0.0,0.5,1.4250196919468237,1.2054613607255842,1.5271602158529254,1.4336393370233076,-0.9952554711848628,1.6917618473383127,1.902799361990793,2.359128382831512,3.2381390538421466,-0.4259144670388277,-0.5675196885704972,-0.8584756463987311,-0.1008573344380634,2.359128382831512,1.682506493280131,2.251424555121545,-1.7470709284112709,-1.0124926668718086,0.074716629660604,-0.4407567492506526,-0.5141695149249021,-0.70373705028643,-0.8982734240434078,-1.3118448992112075,-1.4877761765699806,-1.4557254700572508,-0.2620373053778009,0.2754637215511119,-1.2140524965058672,1.573899529015727,-1.8729162140941469,-0.6761728524081974,-0.6585987301323581,-1.6160898979068572,0.4392121750845896,0.074716629660604,-1.4877761765699806,-1.4557254700572508,-1.151435088041061,0.0,0.0,0.0,0.0,其他,0,0,0.5,1.0,0,0.8224489795918367,0.14232644532156957,0.2742047829115395,0.20040899795501022,0.06748466257668712,0.1983640081799591,0.05930470347648262,0.12474437627811862,0.06134969325153374,0.5,0.5,0.5,0.5,0.8224489795918367,0.9673469387755103,0.9795918367346939
2025-07-21,43.4,43.75,41.48,42.02,2944000.0,43.144,43.678,44.163,41.9535,-0.0260522900055626,-0.0379596135354181,-0.0485247831895476,0.0015850882524701,44.163,45.87172805880475,42.454271941195245,-0.1270746210740828,0.0773827891583852,-0.0243789180403992,-0.0506100316312696,-0.0475974614687215,-0.0610055865921786,0.0112188004791638,0.0098893935322489,0.0113230305893867,32.09109729918684,-0.0488829908410792,0.3212195887691429,-0.3701025796102222,48904122.0,30.111859554815524,1.1942857142857142,2.6241407309560048,0.0,0.5805288461468693,0.0578296049500237,-0.0243789180403992,0.0113230305893867,32.09109729918684,4.343012704174229,0.0,0.0,0.0,0.5,1.4905524652171658,1.3365186652950107,1.1965615126479157,1.1187861482310089,0.1944372261427407,1.5402256936070158,1.8140828256091448,2.269945229761596,3.1918109487188,-0.8617074281101017,-1.001777795399287,-1.2859357278086698,-0.5129679835021282,2.269945229761596,1.728275529308755,2.0914334569760884,-2.3468271536372103,-0.8553847230720711,-0.8421541036735356,-0.8476977641982468,-0.7821028801660688,-1.1080510131183718,-0.7685264079480867,-1.1025764217212797,-1.4025118820331073,-1.5129428944065677,-0.4989711103293358,0.1117493082821305,-1.426215704378502,1.4265768511097725,-2.1718531304815984,-0.5494645528653324,2.6787562211840807,-1.7353492962745745,-0.1650215488742665,-0.8421541036735356,-1.4025118820331073,-1.5129428944065677,6.599384921820692,0.0,0.0,0.0,0.0,其他,0,0,0.5,1.0,0,0.9102040816326532,0.2570204664445501,0.3465016658733935,0.03067484662576687,0.04294478527607362,0.21063394683026584,0.05112474437627812,0.9202453987730062,0.012269938650306749,0.5,0.5,0.5,0.5,0.9102040816326531,0.9959183673469387,0.9897959183673469
2025-07-22,42.43,43.86,41.88,42.0,4367850.0,42.7,43.445,43.9955,42.0035,-0.0163934426229508,-0.0332604442398435,-0.0453569115023126,-8.33263894676195e-05,43.9955,45.86364261824534,42.127357381754656,-0.0340866324945973,0.0849242589919922,-0.0004759638267491,-0.0502035278154681,-0.0525603428829234,-0.0738699007717751,0.0113094709457535,0.0094548905835921,0.0106654178986855,19.51219511528848,-0.1687489381188882,0.2232258833915366,-0.3919748215104249,44536272.0,47.45114166951648,1.202142857142857,3.3848788209739813,0.0,0.5781249999930517,0.0749999999999999,-0.0004759638267491,0.0106654178986855,19.51219511528848,0.4836447010869564,0.0,0.0,0.0,0.5,1.2074374575741125,1.3580402580252926,1.3078490492072012,1.1070473609382134,0.9003562982594506,1.3931510282415878,1.7207951917113125,2.174007348213556,3.1142337585877686,-0.5582506353678999,-0.8909849983655347,-1.2116548268916427,-0.5359116317968786,2.174007348213556,1.707722766503646,1.9722697235374296,-2.004546949238517,-0.7717999493968575,-0.0249485379010415,-0.8381060097318417,-0.8409009685985692,-1.257359998151667,-0.7598102575759277,-1.1279424548857044,-1.4513451035845173,-2.3872715884380384,-0.685347882354558,-0.0616193467286206,-1.4967219450316955,1.2167372249886073,-0.760562750984574,-0.5339737016217784,3.745926846624687,-1.7174544845622597,-0.1733921336823223,-0.0249485379010415,-1.4513451035845173,-2.3872715884380384,0.5758340998898048,0.0,0.0,0.0,0.0,其他,0,0,0.5,1.0,0,0.9570552147239264,0.28095238095238084,0.29047619047619055,0.018442622950819672,0.03278688524590164,0.20081967213114754,0.006147540983606557,0.9569672131147541,0.020491803278688523,0.5,0.5,0.5,0.5,0.9570552147239264,0.9938650306748467,0.9815950920245399
2025-07-23,42.44,46.2,41.21,46.2,5690336.0,43.25000000000001,43.632,44.0545,42.13466666666667,0.068208092485549,0.058855885588559,0.0487010407563359,0.0964842884718837,44.0545,46.12270008194243,41.986299918057576,1.0186877272248973,0.0938927956026164,0.1,0.0632911392405062,0.0421836228287841,0.0262105730786317,0.0496128727734796,0.0347584501731839,0.0254877914885747,64.43298967909715,0.0743047712582978,0.1934416609648889,-0.119136889706591,50226608.0,58.66907435456926,1.4907142857142854,3.711938003206168,0.9999999999761904,0.9999999999889012,0.0060606060606058,0.1,0.0254877914885747,64.43298967909715,0.3027773389653949,0.0,0.0,0.0,0.5,1.2032992837477543,1.9870232285822584,1.1018537220278952,2.305845969823177,1.5474004879373362,1.549800630857803,1.763569232660108,2.1634241498162927,3.0979775025001106,2.062175557053181,1.1970538981058547,0.7558063695279653,0.9207519851254008,2.1634241498162927,1.7810388139472575,1.9088514914886057,1.5268739061449623,-0.6735780701941038,3.319426548257855,0.8700310770452157,0.3496875383437209,-0.0311095528933056,1.680756550328373,0.718106205769253,-0.0860685654980968,0.8397463887228472,-0.3013429048264888,-0.1142109563065607,-0.4743030776049691,1.4694017159848685,0.1511156413423394,-0.0275073747493997,4.056541968326664,1.4182870562370244,1.3895545311883877,3.319426548257855,-0.0860685654980968,0.8397463887228472,0.2924303446132099,0.0,0.0,0.0,0.0,其他,0,0,0.5,1.0,0,0.5787321063394683,0.15194805194805183,0.05584415584415581,0.8565573770491803,0.3422131147540984,0.7520491803278688,0.7008196721311475,0.9836065573770492,0.7889344262295082,0.5,0.5,0.5,0.5,0.5787321063394683,0.9775051124744376,0.6421267893660532
2025-07-24,45.3,49.9,44.52,47.5,6069716.0,44.158,43.978,44.1545,42.2895,0.0756827754880202,0.0800854972941016,0.0757680417624477,0.1232102531361214,44.1545,46.66342700907009,41.64557299092991,1.166719276365737,0.1136430945459425,0.028138528138528,0.105679702048417,0.0785649409627611,0.043956043956044,0.0478338103631985,0.0352437721011656,0.0261072978015063,68.63636362544423,0.3675883853763579,0.2282710058471827,0.1393173795291752,56296324.0,69.27716302122025,1.8178571428571424,3.4850111384904303,0.9999999999818182,0.9999999999903006,0.004,0.028138528138528,0.0261072978015063,68.63636362544423,0.0666709312068742,0.0,0.0,0.0,0.5,1.9918397602839504,2.942534277795433,2.0645497060792177,2.6334080834119087,1.7198075409220372,1.8098231751771607,1.85509776530378,2.1677082909133136,3.0967849229862066,2.260450089921035,1.6638657893989357,1.3141946562392504,1.3139030786886237,2.1677082909133136,1.949191405826824,1.79295188485026,1.9974160080090084,-0.4611203468751552,0.9127243323323856,1.49796219378625,0.8049696539917086,0.1863763443943036,1.554295775586468,0.7507178475374947,-0.0287935077802468,1.1357377531700883,0.1616976622792819,-0.0521272521627714,0.4932588205517583,1.7334160256620483,1.01060215439698,0.5462557013387469,3.5839728790074488,1.4073867429013416,1.37649129705057,0.9127243323323856,-0.0287935077802468,1.1357377531700883,-0.0771712720214885,0.0,0.0,0.0,0.0,其他,0,0,0.5,1.0,0,0.8486707566462167,0.1229473684210527,-0.011157894736842144,0.9098360655737705,0.3668032786885246,0.7581967213114754,0.6557377049180327,0.9918032786885246,0.8442622950819673,0.5,0.5,0.5,0.5,0.8486707566462167,0.9591002044989775,0.294478527607362
2025-07-25,46.2,46.66,45.03,45.06,2790010.0,44.556,44.074,44.1375,42.4,0.0113116078642605,0.0223714661705314,0.0209005947323703,0.0627358490566039,44.1375,46.6153078171938,41.65969218280621,0.6861524516812908,0.1122767631691046,-0.0513684210526315,0.046203854190852,0.0217687074829933,-0.0074889867841408,0.0580646439576731,0.0399926288446463,0.0287506265123385,54.21903051383247,0.3985360902074433,0.2623240227192349,0.1362120674882084,53506314.0,63.99220880462314,1.9442857142857144,1.520131757356458,0.556363636353521,0.7633365664329456,0.0918774966711051,-0.0513684210526315,0.0287506265123385,54.21903051383247,-0.5403392844080349,0.0,0.0,0.0,0.5,2.2144573322489114,2.0369207721774747,2.1856304427765365,1.9129201992026468,0.096986032544157,1.9098971035881973,1.8653136635306085,2.130648470226387,3.0655464373135555,0.281696732080435,0.3573416733861135,0.1651986128786812,0.3984825422839285,2.130648470226387,1.9090732211043888,1.7776889547481538,0.396453459286124,-0.4742644976360576,-1.7302718017953242,0.6011415621911606,0.0882756961681113,-0.445780609920663,2.174789029537465,1.092573406672405,0.2153299050091456,0.0986349739346253,0.21020130312609,0.0085757776252513,0.4802194377530643,1.5918214876030297,0.577969957155361,0.7660452654259686,0.7502304841946568,0.0185598977202057,0.495551532642089,-1.7302718017953242,0.2153299050091456,0.0986349739346253,-1.0251428127080668,0.0,0.0,0.0,0.0,其他,0,0,0.5,1.0,0,0.983640081799591,0.19751442521083007,-0.01753217931646689,0.8237704918032787,0.1168032786885246,0.8135245901639344,0.29508196721311475,0.8504098360655737,0.5348360655737705,0.5,0.5,0.5,0.5,0.983640081799591,0.9918200408997955,0.17791411042944785
2025-07-28,45.11,45.2,44.18,44.45,1629050.0,45.042,44.093,44.127,42.50016666666667,-0.0131432884863016,0.0080965232576599,0.0073197815396468,0.0458782514578373,44.127,46.597253343069625,41.65674665693038,0.5653779096888281,0.1119610824694189,-0.013537505548158,0.0578296049500237,0.0042928151830095,-0.0047021943573666,0.0566266344795368,0.0403225964712341,0.0286747257988571,50.51993066978097,0.3695801796764826,0.2837752541106844,0.0858049255657981,51877264.0,60.14243439112501,1.941428571428572,0.874516246042989,0.4454545454464468,0.7041707080436068,0.1883014623172103,-0.013537505548158,0.0286747257988571,50.51993066978097,-0.4161132038953266,0.0,0.0,0.0,0.5,1.8896011317022503,1.6290383849942238,1.914896244465728,1.7230916683194313,-0.4773599884278716,2.032221913564622,1.8512162126025744,2.0974156234177395,3.029525452986383,-0.4700641670366874,0.0336585733323821,-0.1194987472880646,0.142559917197127,2.0974156234177395,1.8806307675873053,1.7582694535810162,-0.0064562957876356,-0.4761662696725854,-0.4695459498730672,0.7733868535617028,-0.1323919011212767,-0.410167723985702,2.058035989774603,1.1106508413912162,0.2077338212829131,-0.167628184223855,0.1638501921623189,0.0468085856811019,0.2898282085090239,1.5056305891042714,0.2630038853674264,0.7580514834639867,-0.1804546662135326,-0.3286041918207447,0.2743366934394331,-0.4695459498730672,0.2077338212829131,-0.167628184223855,-0.8268969495449489,0.0,0.0,0.0,0.0,其他,0,0,0.5,1.0,0,0.9938775510204082,0.20809898762654666,-0.0002249718785153343,0.9100204498977505,0.15950920245398773,0.8077709611451943,0.261758691206544,0.4887525562372188,0.3047034764826176,0.5,0.5,0.5,0.5,0.9938775510204082,0.9918367346938776,0.21020408163265306
2025-07-29,44.32,45.55,44.04,45.15,3224740.0,45.672,44.186,44.197,42.6265,-0.0114293221229638,0.0218168650703842,0.0215625494943094,0.059200262747352,44.197,46.70138016283457,41.69261983716544,0.6902666404393498,0.1133280613086362,0.0157480314960629,0.0749999999999999,0.0210312075983718,0.032,0.0561564064039593,0.0405721323484869,0.0284511323953731,53.34967319651229,0.3985226379717588,0.3067247308828993,0.0917979070888594,55102004.0,62.612113184311,1.952857142857143,1.6333683383526103,0.5727272727168592,0.7720659553756346,0.1915836101882613,0.0157480314960629,0.0284511323953731,53.34967319651229,0.9795218071882386,0.0,0.0,0.0,0.5,1.655762576145989,1.7074458306055251,1.8547154610074903,1.9009464280025008,0.3145492652074279,2.1913457295813754,1.860445611654005,2.093317959092504,3.011384007576933,-0.4160363797982281,0.3445181632592142,0.1796840244442379,0.343861391072987,2.093317959092504,1.8945550012041832,1.7499422972802674,0.4100518784664377,-0.4600634131487581,0.5056775433781381,1.0273552012688727,0.0795919598225045,0.0436019918827098,2.0044029505731613,1.122719804485837,0.1864437165786377,0.0367849976333207,0.2093918468971101,0.0877198402937905,0.3116380756192684,1.6388374746018564,0.4636979071123303,0.7751786417092617,0.9124824430336124,0.0715719315600861,0.5257359186631949,0.5056775433781381,0.1864437165786377,0.0367849976333207,1.3563556946711732,0.0,0.0,0.0,0.0,其他,0,0,0.5,1.0,0,0.9938775510204082,0.16057585825027676,-0.02635658914728678,0.9570552147239264,0.45807770961145194,0.8077709611451943,0.3803680981595092,0.9243353783231084,0.6196319018404908,0.5,0.5,0.5,0.5,0.9938775510204082,0.9693877551020408,0.07959183673469387
2025-07-30,45.17,47.4,44.1,46.48,3941953.0,45.728,44.489,44.29600000000001,42.77466666666666,0.0164450664800559,0.0447526354829281,0.0493046776232615,0.086624481780493,44.29600000000001,46.99944341827025,41.59255658172976,0.9039292971973856,0.1220626430496723,0.0294573643410851,0.0060606060606058,0.0697353279631758,0.0444943820224719,0.0343338475621881,0.0406848163877842,0.0289265573615617,59.18674698171224,0.5227536455886295,0.3499305138240454,0.172823131764584,59043957.0,67.35626452897272,2.137857142857143,1.858814735898863,0.8145454545306441,0.901066925306488,0.1450086058519795,0.0294573643410851,0.0289265573615617,59.18674698171224,0.2224095586000731,0.0,0.0,0.0,0.5,1.871129224514833,2.1731918526506067,1.852943431047179,2.2438608321461766,0.6693609851793657,2.178124988699784,1.933812737695095,2.099217137478225,3.0062175946266056,0.4444128293966677,0.8632082549573267,0.7617454225385688,0.7581583792971704,2.099217137478225,1.973081584599023,1.7052880778809525,1.1198086626301418,-0.3649493371586062,0.9594146530512754,-0.0122987581703233,0.6959708583340186,0.1979904599587563,0.6471437592202148,1.1247786975119254,0.2301700689988937,0.4583130606817442,0.4063847812681536,0.1649145645721038,0.615845705256074,1.8004100206071136,0.8490479377852773,1.0962741383458006,1.2307212852596918,0.8306330629953356,1.002175025492837,0.9594146530512754,0.2301700689988937,0.4583130606817442,0.1690393208258096,0.0,0.0,0.0,0.0,其他,0,0,0.5,1.0,0,0.9877800407331976,0.15103270223752152,-0.07465576592082612,0.5766871165644172,0.5828220858895705,0.8139059304703476,0.6094069529652352,0.9222903885480572,0.8711656441717791,0.5,0.5,0.5,0.5,0.9877800407331976,0.9531568228105907,0.05295315682281059
2025-07-31,45.82,47.8,45.81,47.69,3168691.0,45.766,44.962,44.4825,42.937,0.0420399423152557,0.060673457586406,0.0721070083740795,0.1106970677970049,44.4825,47.574989203486965,41.39001079651304,1.0185951815581915,0.1390429586232792,0.0260327022375215,0.004,0.1101024208566108,0.0848498635122838,0.0339389078142764,0.0404831312592439,0.0291638468526191,62.43936243330457,0.7106525372434689,0.4220749185079301,0.2885776187355387,62212648.0,72.9498190260525,2.145714285714285,1.410598236112833,0.9999999999824252,0.9999999999904762,0.1184734745229609,0.0260327022375215,0.0291638468526191,62.43936243330457,-0.196162156169797,0.0,0.0,0.0,0.5,2.02572185776593,2.247464985025539,2.311989699607828,2.537201049220844,0.2832286940034541,2.160228044982121,2.0561076637552618,2.1343962066108366,3.0079139514393867,1.2298763773097372,1.2187086158324116,1.2352865146975422,1.1176838455736562,2.1343962066108366,2.140489804425993,1.6344150069833994,1.4916944031520083,-0.1811961887260992,0.8416664576511862,-0.0433471849331211,1.2024397302868388,0.6969379686163172,0.6205719706538572,1.104133143171353,0.2516809007018449,0.691922288445335,0.7041440307231361,0.294023582030145,1.0487946215250727,1.9228406338844977,1.2993548833999928,1.104157655688066,0.5813078214967922,1.4053564920075896,1.3601410137315042,0.8416664576511862,0.2516809007018449,0.691922288445335,-0.4872464347302022,0.0,0.0,0.0,0.0,其他,0,0,0.5,1.0,0,0.963265306122449,0.15013629691759278,-0.10777940868106528,0.8483606557377049,0.8504098360655737,0.8073770491803278,0.8688524590163934,0.8545081967213115,0.9549180327868853,0.5,0.5,0.5,0.5,0.963265306122449,0.9510204081632653,0.02040816326530612
2025-08-01,47.71,49.28,47.52,49.2,2440394.0,46.594,45.575,44.7315,43.12233333333334,0.0559299480619823,0.0795392210641798,0.0998960464102478,0.1409401161037977,44.7315,48.46956747144187,40.99343252855813,1.0977018919573722,0.1671335623188811,0.031662822394632,0.0918774966711051,0.1423264453215695,0.1126187245590231,0.0185881197872365,0.0408361509120733,0.0297924140567547,65.65272496248964,0.9702239995470734,0.5317047347157589,0.4385192648313145,64653042.0,73.72672552179716,2.188571428571428,1.0472826715747112,0.9999999999861112,0.9999999999916735,0.0967479674796747,0.031662822394632,0.0297924140567547,65.65272496248964,-0.2298415970506433,0.0,0.0,0.0,0.5,2.499187077002825,2.589523525194821,2.745327805693209,2.8896225344192428,-0.0803769263183773,2.365829960022135,2.215214962802404,2.188791163276599,3.020421667436147,1.6452182115345937,1.6336656266850624,1.801811629627166,1.5619685970241888,2.188791163276599,2.403724011088628,1.513397669706285,1.738144217336807,0.1224447435971306,1.0250853380442009,1.2802633732553728,1.5982348707523943,1.037087445389384,-0.3344748191966904,1.1238006945686383,0.3097332394994749,0.9213306374675329,1.1135786305051945,0.4903545812224449,1.6028474168639582,2.009156401049329,1.3536111923104657,1.1730415479609255,0.0554732500447442,1.3950025759253,1.3481649650095588,1.0250853380442009,0.3097332394994749,0.9213306374675329,-0.5386679291000416,0.0,0.0,0.0,0.0,其他,0,0,0.5,1.0,0,0.946938775510204,0.11544715447154474,-0.14430894308943087,0.985655737704918,0.8913934426229508,0.8217213114754098,0.9098360655737705,0.7807377049180327,0.9733606557377049,0.5,0.5,0.5,0.5,0.9469387755102041,0.9204081632653062,0.01020408163265306
2025-08-04,49.2,52.88,48.28,52.82,3220550.0,48.268,46.655,45.1665,43.38283333333333,0.0943067871053284,0.1321401779016182,0.1694508097815859,0.2175322804335049,45.1665,50.35023681511901,39.98276318488099,1.2382222779476184,0.2295390085619888,0.0735772357723576,0.1883014623172103,0.2570204664445501,0.1971894832275613,0.0222523842290883,0.0422955680934439,0.033333632112005,72.21074379643105,1.4513101881844577,0.7156258254094987,0.735684362774959,67873592.0,75.44704597945194,2.463571428571428,1.3042715658188069,0.9999999999907578,0.999999999993515,0.0166603559257856,0.0735772357723576,0.033333632112005,72.21074379643105,0.3196844443970932,0.0,0.0,0.0,0.5,2.8405246749423494,3.419655198923604,2.8953688853043693,3.736273197255112,0.3094361684806781,2.792571816011921,2.504111479193405,2.3019678676342448,3.070324397173213,2.7702915538140505,2.767492534186506,3.169232197558372,2.6559244356359843,2.3019678676342448,2.962367541691602,1.2301855908034012,2.173386017382251,0.7961259026908103,2.38899401656003,2.686304966167953,2.977882017396192,2.061769457304273,-0.1055749447602744,1.222985133384881,0.6400734804537385,1.388253634923973,1.8633848175726968,0.8195151944637079,2.6721678410580645,2.1258822070468377,1.4826577726534311,1.6433515532186849,0.4270005333104991,1.3848745146434156,1.336500370465799,2.38899401656003,0.6400734804537385,1.388253634923973,0.3268706242032808,0.0,0.0,0.0,0.0,其他,0,0,0.5,1.0,0,0.4437627811860941,0.071185157137448,-0.20844377129875047,0.9938398357289527,0.9650924024640657,0.8850102669404517,0.9404517453798767,0.9014373716632443,0.9897330595482546,0.5,0.5,0.5,0.5,0.4437627811860941,0.8241308793456033,0.00408997955010225
2025-08-05,52.79,53.8,51.5,53.8,2906500.0,49.998000000000005,47.835,45.64,43.65616666666666,0.0760430417216686,0.1246994878227238,0.1787905346187555,0.2323573989165333,45.64,52.07986596787617,39.20013403212384,1.1335535584584353,0.2822027155066632,0.0185535781900794,0.1915836101882613,0.2809523809523808,0.2136250845928264,0.0216638401581753,0.0414963537696673,0.033371948101696,76.44353601905871,1.8898670544512728,0.9504740712178537,0.9393929832334188,70780092.0,80.2768793082169,2.5149999999999992,1.124703041055395,0.9999999999915254,0.9999999999938952,-0.0260223048327137,0.0185535781900794,0.033371948101696,76.44353601905871,-0.0975143997143345,0.0,0.0,0.0,0.5,3.6665873035302887,3.538785615272932,3.660294839979708,3.848277632875268,0.1515360870243981,3.199959502525243,2.8030721206895626,2.421380324312401,3.11927268692762,2.186763670843127,2.554988447829817,3.262328135522644,2.797337015827383,2.421380324312401,3.420554172193688,1.0120575274415191,1.8095403001137709,1.3582584695177056,0.5677939296605385,2.682882430320232,3.1873783961135493,2.230711993910268,-0.1420517136619134,1.1582843018097062,0.6414293856743922,1.6796990647997492,2.517594427527722,1.2369941445025,3.3338736703566827,2.2241644184621654,1.856121351827153,1.7172089028059394,0.1655754630482694,1.374964212217746,1.3251339548097183,0.5677939296605385,0.6414293856743922,1.6796990647997492,-0.3313815900039902,0.0,0.0,0.0,0.0,其他,0,0,0.5,1.0,0,0.0449897750511247,0.0074349442379182396,-0.2397769516728624,0.9938398357289527,0.9671457905544147,0.8829568788501027,0.971252566735113,0.8336755646817249,0.9917864476386037,0.5,0.5,0.5,0.5,0.044989775051124746,0.3967280163599182,0.002044989775051125
2025-08-06,53.29,53.8,52.28,53.22,2571912.0,51.346,48.537,46.084500000000006,43.91949999999999,0.0364974876329216,0.096483095370542,0.1548351397975456,0.2117624289894013,46.084500000000006,53.32154061354532,38.847459386454695,0.992984659126096,0.3140769939363389,-0.0107806691449814,0.1450086058519795,0.1519480519480518,0.2005413940897811,0.0303626579206001,0.0335139319921757,0.0336321257951452,76.09359104239415,2.165660987341923,1.1935114544426677,0.9721495328992552,68208180.0,83.60571801262097,2.5557142857142843,0.9674631244568414,0.9508474576190608,0.9641532756429906,0.0052611800075159,-0.0107806691449814,0.0336321257951452,76.09359104239415,-0.1151171512127988,0.0,0.0,0.0,0.5,3.669688105857697,3.435312448317452,3.737111834243844,3.583649574980258,-0.0166535514713213,3.46776611436045,2.9442165129982985,2.52414036435856,3.1552851095077497,0.9936145498691727,1.9127787002082253,2.7253252633731893,2.4433986322022654,2.52414036435856,3.6800721453553,0.9119411577902208,1.340314430833353,1.687399653298282,-0.402659462260678,1.976059425794124,1.6070954846123764,2.0442217169366823,0.4021799276823818,0.5752146226131014,0.6635751239953521,1.6397985333487015,2.8878769487187905,1.6616362482020344,3.356096115164138,2.085690815140602,2.098161527376748,1.7706584959192888,-0.0633723534674054,1.2138623913847535,1.1835706934272572,-0.402659462260678,0.6635751239953521,1.6397985333487015,-0.3583356033921052,0.0,0.0,0.0,0.0,其他,0,0,0.5,1.0,0,0.4110429447852761,-0.08342728297632462,-0.2256670424652386,0.9877049180327869,0.9589322381930184,0.8870636550308009,0.9691991786447639,0.7412731006160165,0.9897330595482546,0.5,0.5,0.5,0.5,0.4110429447852761,0.010224948875255624,0.00408997955010225
2025-08-07,53.23,53.76,52.31,53.34,1339712.0,52.476,49.121,46.5495,44.1815,0.0164646695632288,0.0858899452372712,0.1458769696774402,0.2072926451116419,46.5495,54.402329124790434,38.69667087520957,0.9323601018179536,0.3373969269175205,0.0022547914317927,0.1184734745229609,0.1229473684210527,0.2111716621253407,0.0324975186922332,0.0333640674217692,0.0334656176321147,76.10574478360205,2.366631606775499,1.428135484909234,0.9384961218662652,69547892.0,85.05378534732101,2.6099999999999985,0.4960391827826738,0.9610169491443988,0.9711236660328244,0.0283089613798275,0.0022547914317927,0.0334656176321147,76.10574478360205,-0.4790988183110464,0.0,0.0,0.0,0.5,3.542015056922077,3.33155430192433,3.624362927655577,3.50416544487056,-0.6355915767080444,3.6495603621903694,3.040496221117559,2.6264472309063627,3.184136197880294,0.39045885336724,1.6662584951528607,2.503453183429928,2.332202389329097,2.6264472309063627,3.856833428205536,0.8671537652265522,1.1359478883691303,1.9165867302653128,0.0298099831393347,1.5762105083679758,1.248716608077729,2.1429488601844264,0.5346947383110348,0.5625503546832532,0.6456197078527475,1.6264079595990752,3.120195565813439,2.0590234193812647,3.1563538120010337,2.117576406800565,2.1839079728462463,1.8454601211466228,-0.7490786897250746,1.2378923454009982,1.2003712409370093,0.0298099831393347,0.6456197078527475,1.6264079595990752,-0.9317284488791948,0.0,0.0,0.0,0.0,其他,0,0,0.5,1.0,0,0.8448979591836735,-0.11942257217847774,-0.2352830896137983,0.9631901840490797,0.9672131147540983,0.8852459016393442,0.9672131147540983,0.0942622950819672,0.9836065573770492,0.5,0.5,0.5,0.5,0.8448979591836735,0.006122448979591836,0.004081632653061225
2025-08-08,53.29,55.0,51.7,53.96,1821417.0,53.428,50.011,47.0425,44.44133333333333,0.0099573257467995,0.0789626282217912,0.1470478822341498,0.2141849929495065,47.0425,55.46518084588143,38.61981915411858,0.9106471636813532,0.3580881477754591,0.0116235470566179,0.0967479674796747,0.19751442521083,0.2235827664399092,0.0324058861890908,0.0249133577076314,0.0334025307121569,81.02910602320993,2.5465757474229136,1.6518235374119703,0.8947522100109433,71369309.0,90.68424421079864,2.6835714285714265,0.6734727551402705,0.9999999999916388,0.9999999999937852,0.01704966641957,0.0116235470566179,0.0334025307121569,81.02910602320993,0.3595586215544832,0.0,0.0,0.0,0.5,3.452598896491195,3.51274153181153,3.3727441576464625,3.541447837142177,-0.3915201118444971,3.7641235153683024,3.209297050669121,2.7299398152887333,3.206177995758922,0.1940309472077851,1.5038991464754,2.481729327126181,2.3801978362131444,2.7299398152887333,3.999083856113381,0.8426970571335299,1.0595949067014443,2.109665512328443,0.3405329346696873,1.2529514502410573,2.12182001620445,2.2575391337138493,0.5273952414710916,-0.0546541846226528,0.6374669660404005,1.9563767749387688,3.3011274086411,2.4204802636938174,2.9392373053841725,2.1682195518901106,2.58383703583288,1.9501529324237072,-0.4881680652575632,1.3501001804314898,1.29644744208274,0.3405329346696873,0.6374669660404005,1.9563767749387688,0.3978395751054863,0.0,0.0,0.0,0.0,其他,0,0,0.5,1.0,0,0.7061224489795919,-0.17957746478873238,-0.24184581171237962,0.9447852760736196,0.9713114754098361,0.889344262295082,0.9897540983606558,0.3114754098360656,0.9815573770491803,0.5,0.5,0.5,0.5,0.7061224489795919,0.004081632653061225,0.0020408163265306124
2025-08-11,54.0,54.02,52.65,53.7,1473106.0,53.604,50.93599999999999,47.514500000000005,44.70033333333333,0.0017909111260354,0.0542641746505421,0.1301813130728513,0.2013333233905787,47.514500000000005,56.32951941962807,38.69948058037194,0.8508500495269414,0.3710454459000731,-0.0048183839881392,0.0166603559257856,0.2080989876265466,0.2132851333032084,0.0119079467864636,0.0237966691184602,0.0335491273298633,80.03080081560356,2.637796077386952,1.849018045406967,0.7887780319799849,69896203.0,86.33022862698618,2.6399999999999983,0.5448572899331914,0.9782608695570382,0.983840894959703,0.053631284916201,-0.0048183839881392,0.0335491273298633,80.03080081560356,-0.1912307835053697,0.0,0.0,0.0,0.5,3.512296928315972,3.2055931164015736,3.499870990337626,3.382912900279408,-0.5659536719022739,3.681677042055133,3.3694242636879137,2.81888103558585,3.222803191652396,-0.0523273516391831,0.96334502023088,2.129534761353329,2.1631447722608352,2.81888103558585,4.064149135159106,0.8607775416980884,0.8608968379456916,2.214884263799643,-0.2068748975507993,0.0898895616950915,2.2175220624445613,2.106678990577884,-0.7615592111547332,-0.1360994026782163,0.6490886674221551,1.8653640106985423,3.341862278621917,2.716648908583814,2.534977369898003,2.080053782649706,2.210695265015845,1.85559621549134,-0.6742012768792757,1.2742824018537775,1.227539972779968,-0.2068748975507993,0.6490886674221551,1.8653640106985423,-0.4763851212372243,0.0,0.0,0.0,0.0,其他,0,0,0.5,1.0,0,0.8839103869653768,-0.17243947858473008,-0.23463687150837986,0.44081632653061226,0.9652351738241309,0.8936605316973415,0.9795501022494888,0.081799591002045,0.9713701431492843,0.5,0.5,0.5,0.5,0.8839103869653768,0.004073319755600814,0.002036659877800407
2025-08-12,53.69,54.5,52.3,52.4,1629206.0,53.324,51.661,47.9235,44.915333333333336,-0.0173280324056709,0.0143047947194208,0.0934092877189687,0.1666394549745447,47.9235,56.85323100319784,38.993768996802174,0.7506514473012597,0.3726660616682502,-0.0242085661080074,-0.0260223048327137,0.1605758582502767,0.1849841700587968,0.0135205374799241,0.0275272480846186,0.0343514057068331,68.69722556717875,2.575500941363572,1.994314624598288,0.5811863167652838,68266997.0,80.4896891934219,2.4407142857142845,0.5937026679697807,0.8695652173840336,0.9030453697892912,0.0343511450381679,-0.0242085661080074,0.0343514057068331,68.69722556717875,0.1059665767432893,0.0,0.0,0.0,0.5,3.3465066319499,3.228147087554131,3.323351181104516,3.015581236656293,-0.4855936429103927,3.502569975636518,3.460517081969746,2.8815082746664915,3.215150055618023,-0.6287038453247983,0.0954001655651147,1.4209292197483554,1.6658783451078272,2.8815082746664915,4.0304731798526126,0.9368126969977336,0.5322026347766197,2.200266356143036,-0.8511264882004178,-0.5297259389623664,1.6392753749756994,1.755536215586834,-0.6577155421782194,0.1373632327326034,0.7224253708775158,1.0584785493951985,3.1713964212076475,2.906798213194125,1.8181470086161984,1.9886224454165973,1.739768218839199,1.503674746655899,-0.6005827615647664,0.9323148437912092,0.9249706261259524,-0.8511264882004178,0.7224253708775158,1.0584785493951985,-0.0031413649803753,0.0,0.0,0.0,0.0,其他,0,0,0.5,1.0,0,0.8024439918533605,-0.1610687022900763,-0.2194656488549619,0.04285714285714286,0.9406952965235174,0.9100204498977505,0.852760736196319,0.15132924335378323,0.9284253578732107,0.5,0.5,0.5,0.5,0.8024439918533605,0.004073319755600814,0.002036659877800407
2025-08-13,52.59,54.44,50.01,53.5,3104106.0,53.38000000000001,52.363,48.426,45.12433333333333,0.00224803297115,0.0217138055497201,0.1047784248131169,0.1856130838498075,48.426,57.42659038999219,39.42540961000781,0.7818703984998374,0.3717255354550697,0.0209923664122138,0.0052611800075159,0.1510327022375215,0.2313003452243958,0.0171996510239517,0.0271725984769569,0.0338631933259403,68.31501830917944,2.585093058487857,2.1124703113762022,0.4726227471116546,71371103.0,69.7554822257157,2.372857142857142,1.1056546408687256,0.961538461530422,0.9714108141642548,-0.0882242990654205,0.0209923664122138,0.0338631933259403,68.31501830917944,0.9052876063554884,0.0,0.0,0.0,0.5,3.027797428404729,3.1373592954108065,2.731806963722003,3.1819959897984247,0.261828785884137,3.414915752432316,3.533952397101758,2.96552695000507,3.203440734647038,-0.0356403178765799,0.2560339817818313,1.621940993614496,1.899441542427444,2.96552695000507,4.008386380480813,1.0492958540890602,0.632155429080473,2.1604681881848125,0.6571506047889571,-0.0735600706220296,1.514844717900627,2.264355534737738,-0.4242321450499708,0.1110189075606977,0.6737584783778112,1.026514983229614,3.1092914731371497,3.0381499103934595,1.4444365423503476,2.0945351748804217,0.9050267180377566,1.3787359772684005,0.1511658107801351,1.2109761223754103,1.1684683327330734,0.6571506047889571,0.6737584783778112,1.026514983229614,1.2651630910023428,0.0,0.0,0.0,0.0,其他,0,0,0.5,1.0,0,0.0142566191446028,-0.1960747663551402,-0.23401869158878508,0.40816326530612246,0.9570552147239264,0.9079754601226994,0.869120654396728,0.6625766871165644,0.9529652351738241,0.5,0.5,0.5,0.5,0.014256619144602852,0.004073319755600814,0.006109979633401222
2025-08-14,53.04,55.23,52.41,54.85,2107300.0,53.682,53.07899999999999,49.020500000000006,45.34833333333333,0.0217577586528074,0.0333653610655817,0.1189196356626307,0.2095262596934839,49.020500000000006,58.07149581610536,39.96950418389466,0.8220363879488695,0.3692739085112099,0.0252336448598131,0.0283089613798275,0.1501362969175927,0.2767690875232775,0.0203448155243009,0.0271360305015801,0.0335827006450416,82.01438848169914,2.670840805386085,2.224144410178179,0.4466963952079061,73478403.0,76.86104272691414,2.397857142857142,0.7395131513270502,0.999999999992218,0.9999999999941108,-0.1436645396536008,0.0252336448598131,0.0335827006450416,82.01438848169914,-0.3211249873554576,0.0,0.0,0.0,0.5,3.0559563322844823,3.223160926631444,3.206405587256996,3.3830713028551505,-0.2442042252533402,3.387809838936474,3.600104931763209,3.0676437667508485,3.197260781063646,0.5550453066383791,0.5087165644108548,1.8683351871104583,2.1863564508737,3.0676437667508485,4.000863200231843,1.1908245765818983,0.7608023253118974,2.1072288977204923,0.7961825880524985,0.2625222774683302,1.4931263298786968,2.734630057193291,-0.2247000222044084,0.108073581911232,0.644928945960332,1.97224923348532,3.150036811514954,3.1476441355390694,1.3493639752926156,2.1557519188096514,1.4448116468813976,1.4113157212390024,-0.3869475536795627,1.321647292844772,1.2638553290330188,0.7961825880524985,0.644928945960332,1.97224923348532,-0.6871760385372302,0.0,0.0,0.0,0.0,其他,0,0,0.5,1.0,0,0.0040733197556008,-0.22424794895168654,-0.2525068368277119,0.8428571428571429,0.983640081799591,0.8895705521472392,0.9897750511247444,0.14519427402862986,0.9795501022494888,0.5,0.5,0.5,0.5,0.004073319755600814,0.002036659877800407,0.004073319755600814
2025-08-15,55.38,55.45,50.45,54.88,4639695.0,53.86600000000001,53.647000000000006,49.611,45.61483333333333,0.0188244904021088,0.0229835778328704,0.1062062848964946,0.2031174069838395,49.611,58.56790242509263,40.654097574907375,0.7941307022146161,0.3610853409556177,0.0005469462169553,0.01704966641957,0.1154471544715447,0.2742047829115395,0.0201494588776328,0.0267185370907087,0.0336180553415558,85.4520734113098,2.709978318549496,2.3213111918524425,0.3886671266970531,78118098.0,69.78035537937953,2.682142857142856,1.519212988081711,0.999999999992236,0.9999999999941211,-0.1933309037900874,0.0005469462169553,0.0336180553415558,85.4520734113098,1.2017249561049683,0.0,0.0,0.0,0.5,3.462877204493794,3.188687593341444,2.710296219812633,3.3004005624319808,1.0407283371722114,3.336523883179486,3.6219569179649262,3.1583082946033447,3.2072488962131,0.4646042409151422,0.2812017900919901,1.615928847919658,2.06742802059665,3.1583082946033447,3.956947220062553,1.3679993235588876,0.6670445952259862,1.9992099341237832,-0.0303399172671242,0.0974706459576738,1.080041370324636,2.652871786868764,-0.2365325517692864,0.0770480928737862,0.6461039535039744,2.1839110565883617,3.1270194654673413,3.2242829221339235,1.1498700395188168,2.315938828921913,0.8941758469186188,1.87332758716402,0.7607082572969363,1.3130768449723924,1.254297078396717,-0.0303399172671242,0.6461039535039744,2.1839110565883617,1.7273913901083913,0.0,0.0,0.0,0.0,其他,0,0,0.5,1.0,0,0.0020366598778004,-0.23287172011661805,-0.2500000000000001,0.7061224489795919,0.9795501022494888,0.8895705521472392,0.9959100204498977,0.869120654396728,0.950920245398773,0.5,0.5,0.5,0.5,0.002036659877800407,0.002036659877800407,0.002036659877800407
2025-08-18,53.46,56.82,52.51,56.58,3560105.0,54.44199999999999,54.023,50.339,45.92083333333333,0.0392711509496346,0.0473316920570867,0.123979419535549,0.2321204972325559,50.339,59.06184333170511,41.61615666829489,0.8577388566197177,0.346564029149875,0.0309766763848395,0.053631284916201,0.071185157137448,0.3465016658733935,0.0226384374240814,0.0174863165818374,0.0326688944910884,86.37810311133485,2.845371201659333,2.426123193813821,0.4192480078455123,81678203.0,70.58193068906651,2.882142857142856,1.1540731526917418,0.9999999999931412,0.9999999999946554,-0.2145634499823259,0.0309766763848395,0.0326688944910884,86.37810311133485,-0.2326855536840244,0.0,0.0,0.0,0.5,2.9884768730346334,3.375648281307105,3.097937616033436,3.548310545886904,0.4897129947729184,3.370196499425661,3.595645920683698,3.2761625867517026,3.2297738333759027,1.0821829919710766,0.8112493612710214,1.9260496515724903,2.4044801645797937,3.2761625867517026,3.9141920235236767,1.6156991690230569,0.8721658302649444,1.83241649325516,0.9865243388937508,0.6322409059119437,0.5583441325441025,3.3634135331679795,-0.0782023387014803,-0.6048214807961788,0.553991280926941,2.21753667662935,3.224577491627673,3.3041672200681727,1.2449089310608283,2.425521418859192,0.9519288682498253,2.180846187993304,0.22082795444703,1.3046712311541664,1.244952848121159,0.9865243388937508,0.553991280926941,2.21753667662935,-0.5496741152926692,0.0,0.0,0.0,0.0,其他,0,0,0.5,1.0,0,0.0020366598778004,-0.26104630611523505,-0.28932484977023676,0.8836734693877552,0.9897750511247444,0.8895705521472392,0.9959183673469387,0.48466257668711654,0.9570552147239264,0.5,0.5,0.5,0.5,0.002036659877800407,0.002036659877800407,0.004073319755600814
2025-08-19,56.5,57.3,53.33,54.2,3962426.0,54.802,54.063,50.949,46.182,-0.0109850005474252,0.0025340806096592,0.063808906946162,0.1736174267030446,50.949,58.88750549371119,43.01049450628881,0.7047614631308714,0.3116255664957353,-0.042064333686815,0.0343511450381679,0.0074349442379182,0.2904761904761905,0.0297992866908736,0.0227616767166056,0.0349798369722627,73.03102624688287,2.7291648173282965,2.486731518516716,0.2424332988115805,77715777.0,60.22563898088338,2.93,1.2929894596957054,0.8037922506116756,0.8727952966281521,-0.1889298892988929,-0.042064333686815,0.0349798369722627,73.03102624688287,0.1130081837473895,0.0,0.0,0.0,0.5,3.5164824401553747,3.3775966142515235,3.197574014155808,2.9939444741006462,0.6926873241408924,3.355022496183605,3.496270217468857,3.3494771113186483,3.229764843943355,-0.4468133798298583,-0.169938427507861,0.8064607690849708,1.6194776707604372,3.3494771113186483,3.735013305584703,1.9704256402138585,0.3688250950736655,1.468247922513275,-1.454688912304148,0.3481208971786174,-0.1913879024257764,2.69446597926246,0.3768769582786117,-0.2130603047622069,0.7715220490862027,1.289261089049984,3.005477014808685,3.310571301225649,0.654009197723179,2.234521309259417,0.1511322617877486,2.229643018726902,0.4253001457808542,0.6962679578992912,0.7758272005364144,-1.454688912304148,0.7715220490862027,1.289261089049984,0.0003131668722335,0.0,0.0,0.0,0.0,其他,0,0,0.5,1.0,0,0.0020366598778004,-0.24538745387453886,-0.25405904059040596,0.8020408163265306,0.9815950920245399,0.9222903885480572,0.9102040816326531,0.6932515337423313,0.8629856850715747,0.5,0.5,0.5,0.5,0.002036659877800407,0.002036659877800407,0.002036659877800407
2025-08-20,53.66,53.88,48.78,48.78,4805600.0,53.858,53.61900000000001,51.078,46.351833333333325,-0.0942849715919641,-0.0902478599004085,-0.0449900152707622,0.0523855582842824,51.078,58.77164905551794,43.38435094448205,0.3506560421815109,0.3012509908572333,-0.0999999999999999,-0.0882242990654205,-0.0834272829763246,0.0558441558441558,0.054567709137025,0.0393343202145591,0.0374226205203489,52.59895087870108,2.1746536700816392,2.424315948829701,-0.2496622787480618,72910177.0,50.40493282701753,3.175,1.5910952435685024,0.3569661995024157,0.5831106360204005,-0.1182861828618286,-0.0999999999999999,0.0374226205203489,52.59895087870108,0.2127923650813921,0.0,0.0,0.0,0.5,2.879411700101919,2.658956321766914,2.1901364704928388,1.8841016545962928,1.1177672925086972,3.0789714546446643,3.301050482288668,3.290156143687155,3.1926303996007,-2.9243756972855754,-2.178798389727471,-1.2069399763231163,0.0360997848397043,3.290156143687155,3.586502226829055,2.045700586276144,-0.7933506034962436,1.3545987708197182,-3.3054235995549326,-1.44632208748784,-1.2556194540929464,0.1587544195794707,1.93666755696826,1.0141088756929777,1.0000395001500422,-0.1172025373622013,2.264029228388448,3.1383690429783035,-0.9827745499492324,2.018005509371628,-0.6077267213918746,2.588358076363524,0.8639274397129415,-0.6830367449336249,-0.2846309923069985,-3.3054235995549326,1.0000395001500422,-0.1172025373622013,0.1590617423631943,0.0,0.0,0.0,0.0,其他,0,0,0.5,1.0,0,0.0040733197556008,-0.15518655186551866,-0.1697416974169742,0.012244897959183673,0.6400817995910021,0.9447852760736196,0.17346938775510204,0.8241308793456033,0.012269938650306749,0.5,0.5,0.5,0.5,0.004073319755600814,0.010183299389002037,0.006109979633401222
2025-08-21,45.53,47.88,43.9,46.97,6279512.0,52.282,52.98199999999999,51.0515,46.5035,-0.1016028461038215,-0.1134725000943716,-0.0799486792748498,0.0100315030051501,51.0515,58.800491852934194,43.3025081470658,0.2366431609759544,0.3035754817358557,-0.0371053710537105,-0.1436645396536008,-0.1194225721784777,-0.0111578947368421,0.0493614152080884,0.0401607370289637,0.0379920925310224,44.7578749382858,1.571037774199091,2.253660313903579,-0.682622539704488,66630665.0,41.33639335241158,3.3978571428571427,2.0718996812474466,0.2077493816965558,0.3558981233220115,-0.0941026186927826,-0.0371053710537105,0.0379920925310224,44.7578749382858,0.3067071749625436,0.0,0.0,0.0,0.5,1.2452936126367284,1.4867378497005603,1.142538405451898,1.511018814180752,1.852091008198552,2.696774638461356,3.0811165091217365,3.195853053231036,3.150843216930218,-3.071423273972129,-2.6364340874373364,-1.8364000109858416,-0.5167680862181449,3.195853053231036,3.4809832147813795,2.000105967641921,-1.1624302095269945,1.3687300709616452,-1.2393188748728092,-2.230660974645644,-1.6653216418395334,-0.565164220170282,1.594028630046529,1.0703650458651566,1.04922450915594,-0.6561444877021132,1.4867300427265582,2.824460464753142,-2.3914304863879967,1.750603619403708,-1.3031895459488467,2.888909643553385,1.5647835443177411,-1.13887846186547,-1.1121274794592777,-1.2393188748728092,1.04922450915594,-0.6561444877021132,0.3083953736979631,0.0,0.0,0.0,0.0,其他,0,0,0.5,1.0,0,0.0081466395112016,-0.13157334468809878,-0.14754098360655743,0.0020408163265306124,0.2903885480572597,0.9447852760736196,0.08979591836734693,0.9222903885480572,0.0,0.5,0.5,0.5,0.5,0.008146639511201629,0.016293279022403257,0.008146639511201629
2025-08-22,45.5,45.6,44.21,44.27,4512606.0,50.16,52.013,51.012,46.547,-0.1174242424242424,-0.1488666294964719,-0.1321649807888339,-0.0489182976346488,51.012,58.89645666118495,43.12754333881505,0.0724499296699797,0.3091216443648354,-0.0574835001064508,-0.1933309037900874,-0.1795774647887323,-0.0175321793164668,0.0473010494646826,0.0415870210079936,0.0384502748064973,28.99262899063441,0.8648311603287269,1.9758944831886087,-1.111063322859882,62118059.0,33.49609472672613,3.266428571428571,1.447773089348954,0.0,0.1556927297657362,-0.0490173932685792,-0.0574835001064508,0.0384502748064973,28.99262899063441,-0.2813763235104893,0.0,0.0,0.0,0.5,1.232629203470335,1.041725899158514,1.202370913686103,0.967989335604476,0.9513065361420096,2.22638044502641,2.807468249430296,3.1055649982259124,3.072304862434367,-3.43709014843265,-3.3054630968258065,-2.743533625229246,-1.2807774223832893,3.1055649982259124,3.397639916279231,1.932135979580767,-1.687466686676522,1.4144631160383323,-1.887046836915068,-2.8925591932451606,-2.336559107243247,-0.6322472553438583,1.453864335914878,1.1701200982361697,1.0873983670320937,-1.729632268457001,0.5900627334663098,2.3765926014601377,-3.685135901933669,1.5588271363730588,-1.8905922416707737,2.6296264775311875,0.6395764136838694,-1.7645297520573482,-1.824153348737376,-1.887046836915068,1.0873983670320937,-1.729632268457001,-0.6311990083088155,0.0,0.0,0.0,0.0,其他,0,0,0.5,1.0,0,0.1323828920570264,-0.07589789925457435,-0.10774791054890454,0.0,0.1738241308793456,0.9386503067484663,0.012244897959183673,0.8159509202453987,0.0,0.5,0.5,0.5,0.5,0.13238289205702647,0.1079429735234216,0.06720977596741344
2025-08-25,44.6,44.8,43.98,44.44,3310496.0,47.732000000000006,51.087,51.0115,46.56816666666667,-0.0689684069387415,-0.130111378628614,-0.1288238926516569,-0.0457000311371502,51.0115,58.89770988281367,43.12529011718633,0.0833549894272066,0.3091934125755254,0.0038400722837135,-0.2145634499823259,-0.17243947858473,-0.0002249718785153,0.0374997491004868,0.0419984033175661,0.0383283829331613,26.04912998789821,0.3152410079378498,1.643763788138457,-1.3285227802006072,65428555.0,26.878124944574463,3.1607142857142856,1.0342063742022476,0.013809910641642,0.1673525377217601,-0.059180918091809,0.0038400722837135,0.0383283829331613,26.04912998789821,-0.2663893103009658,0.0,0.0,0.0,0.5,1.0482152700055152,0.883891017786602,1.1476650265612465,0.9976870118512904,0.3401753216899481,1.711439364006751,2.5598766827631776,3.031371202234736,2.9922405346732086,-2.0229040747912537,-2.852302490127178,-2.633184039208529,-1.2297829226146455,3.031371202234736,3.302967400605235,1.910676633518261,-1.6376355701559444,1.4054318171431204,0.1070567360477438,-3.121061911359474,-2.223746800577768,-0.4430102750363008,0.8329233722751341,1.1941919501929317,1.070409342107476,-1.9117581409296915,-0.1071710941864582,1.8691477990451328,-4.205357510036934,1.6769158032428788,-2.3642907934296264,2.4238837315307995,0.0269868729641336,-1.7063900464973776,-1.7608207245531229,0.1070567360477438,1.070409342107476,-1.9117581409296915,-0.605410293288577,0.0,0.0,0.0,0.0,其他,0,0,0.5,1.0,0,0.075356415478615,-0.07515751575157503,-0.12083708370837076,0.0,0.2085889570552147,0.9366053169734151,0.01020408163265306,0.2310838445807771,0.0,0.5,0.5,0.5,0.5,0.07535641547861507,0.13441955193482688,0.038696537678207736
2025-08-26,44.4,44.4,43.85,43.96,2680383.0,45.684000000000005,50.243,50.952,46.56166666666668,-0.0377375010944751,-0.1250522460840316,-0.1372271942220128,-0.0558757203708345,50.952,59.03979613465794,42.864203865342056,0.0677438029103781,0.3174672685916969,-0.0108010801080107,-0.1889298892988929,-0.1610687022900763,-0.0263565891472867,0.0408904025672152,0.0419896059376959,0.0382394987818002,26.18312757013084,-0.157232655224675,1.2835644994658306,-1.4407971546905056,62748172.0,21.091967121132512,3.0942857142857143,0.8445387027817115,0.0,0.1344307270223976,-0.0696087352138308,-0.0108010801080107,0.0382394987818002,26.18312757013084,-0.1903379433172551,0.0,0.0,0.0,0.5,1.0040055155544705,0.8038109482043316,1.1146598588544314,0.8984064038367884,0.0196137861180226,1.2839157591472807,2.3423206627881865,2.948116000874879,2.908865913404132,-1.126571101308898,-2.6972961736698555,-2.728998820987804,-1.3520068431593026,2.948116000874879,3.2420253248849216,1.8239107420814045,-1.6737608070405836,1.477186426155365,-0.3692150634927747,-2.710882310203339,-2.06834563153616,-0.7248536673686257,1.0420936807724983,1.187183566058451,1.0567380047211212,-1.8831423499243096,-0.7057957177255115,1.3334037796104654,-4.355771565892711,1.5591671458046426,-2.750760321936069,2.287290252240475,-0.2539592974005191,-1.7325495699687634,-1.856424007783826,-0.3692150634927747,1.0567380047211212,-1.8831423499243096,-0.4820739409366428,0.0,0.0,0.0,0.0,其他,0,0,0.5,1.0,0,0.1262729124236252,-0.06960873521383082,-0.11874431301182886,0.0,0.07770961145194274,0.9386503067484663,0.006122448979591836,0.22244897959183674,0.0,0.5,0.5,0.5,0.5,0.12627291242362526,0.1894093686354379,0.11608961303462322
2025-08-27,44.0,44.07,43.0,43.01,2826490.0,44.53,49.194,50.7785,46.521166666666666,-0.0341342914888839,-0.1257063869577591,-0.1529879771950726,-0.0754746047498092,50.7785,59.40140285717106,42.15559714282893,0.0495426465610459,0.3396281046960461,-0.0216105550500456,-0.1182861828618286,-0.1960747663551402,-0.0746557659208261,0.0236954026101227,0.0398604728838617,0.0378278110332147,24.518993584887667,-0.6013959784617455,0.9065724038803152,-1.5079683823420609,59921682.0,17.56556453442832,3.0671428571428576,0.906504367440602,0.0,0.0692729766799088,-0.0418507323878166,-0.0216105550500456,0.0378278110332147,24.518993584887667,0.0545097473010387,0.0,0.0,0.0,0.5,0.92055686573441,0.7376088195190117,0.930030867043322,0.7064200056683859,0.0938932754594854,1.0428202412677587,2.0916008714617704,2.843491183649142,2.8202178500152235,-1.0193860395709893,-2.662164535955768,-2.9397668421123013,-1.591786836233309,2.843491183649142,3.2253208908255666,1.6257025258911275,-1.7171785556756298,1.6830533834888357,-0.7198356972820822,-1.7181648788270545,-2.43045110045372,-1.2437527696502095,-0.0422899402490761,1.0247870950794538,1.0127425959690473,-1.97434083326276,-1.2642899644283632,0.7792268577367857,-4.359001215662072,1.43802495972352,-2.9494505277073872,2.21544367557723,-0.1613931832662294,-1.716827960727001,-2.059935266224819,-0.7198356972820822,1.0127425959690473,-1.97434083326276,-0.088218906860215,0.0,0.0,0.0,0.0,其他,0,0,0.5,1.0,0,0.3136456211812627,-0.0471983259707045,-0.0964891885607998,0.0020408163265306124,0.04897959183673469,0.9346938775510204,0.012244897959183673,0.10816326530612246,0.0020408163265306124,0.5,0.5,0.5,0.5,0.3136456211812627,0.1670061099796334,0.07331975560081466
2025-08-28,43.02,43.11,41.31,42.55,2343567.0,43.646,47.964000000000006,50.5215,46.525333333333336,-0.0251111212940476,-0.112876323909599,-0.1577843096503469,-0.0854444890239011,50.5215,59.81249229871253,41.23050770128748,0.0710092235728288,0.3678035014278726,-0.0106951871657754,-0.0941026186927826,-0.2242479489516865,-0.1077794086810652,0.0231573055887846,0.0367427680341891,0.0372217057211522,21.63102933713158,-0.9792288269931716,0.5294121577056179,-1.5086409846987896,57578115.0,13.362442005376934,2.9600000000000004,0.7617010933421509,0.0,0.0377229080930195,-0.0413631022326673,-0.0106951871657754,0.0372217057211522,21.63102933713158,-0.1708560794483618,0.0,0.0,0.0,0.5,0.7225388677138131,0.5503256263409902,0.568553238986721,0.6126747730546416,-0.1524678016929648,0.8585683910066589,1.8118376159448888,2.726114646559863,2.7533547290092715,-0.7596351318654504,-2.3694666306635326,-2.954979250726715,-1.702530503634064,2.726114646559863,3.2175821006796097,1.3766127752859805,-1.633906645841125,1.941171355848302,-0.3622194512046249,-1.376215426693555,-2.6984316050058705,-1.5911691075498675,-0.0761370612690423,0.7909903891980289,0.9507915983643956,-2.142265646776398,-1.7300213147628338,0.2264917339887013,-4.187727278802926,1.3376791821351857,-3.17800241593779,2.027410906872007,-0.3763277786000363,-1.7015271868072623,-2.138399681078325,-0.3622194512046249,0.9507915983643956,-2.142265646776398,-0.4501890333164797,0.0,0.0,0.0,0.0,其他,0,0,0.5,1.0,0,0.3075356415478615,-0.036427732079905906,-0.09706227967097525,0.006122448979591836,0.018367346938775512,0.9306122448979591,0.0163265306122449,0.1,0.0,0.5,0.5,0.5,0.5,0.3075356415478615,0.17515274949083504,0.0835030549898167
2025-08-29,42.13,42.9,42.03,42.1,1655197.0,43.212,46.68599999999999,50.1665,46.50933333333333,-0.0257335925205961,-0.0982307329820501,-0.1607945541347313,-0.0948053437302905,50.1665,60.184240631919934,40.148759368080064,0.0973892568995488,0.399379690905284,-0.0105757931844887,-0.0490173932685792,-0.232871720116618,-0.1443089430894308,0.0090526816909072,0.036064424453608,0.0362157872633019,21.428571427093587,-1.2999898466776614,0.1635317568289619,-1.4635216035066234,55922918.0,16.434703665030412,2.924285714285714,0.5449218456146568,0.0,0.0068587105623673,-0.0282660332541568,-0.0105757931844887,0.0362157872633019,21.428571427093587,-0.2937274675740015,0.0,0.0,0.0,0.5,0.5431565863772972,0.5082920515218825,0.7198175163698078,0.5211950439421189,-0.5035086262312738,0.7670345781913464,1.5291622339321769,2.5931556962121665,2.6843733373052805,-0.7747564206447967,-2.0545498583042434,-2.939633217984197,-1.80191590790044,2.5931556962121665,3.202319384550736,1.0911847857264694,-1.5370485152586473,2.221912781490397,-0.3574664003000506,-0.753444046858972,-2.742082962534424,-1.9651040385082617,-0.9655384486618548,0.7382051331891191,0.8515020841501671,-2.129309252123662,-2.111626643445936,-0.3095937162590015,-3.921833855172723,1.265563690954487,-2.8942376376855083,1.9518443384128024,-0.6978396410237924,-1.6866288001567304,-2.2103400038407344,-0.3574664003000506,0.8515020841501671,-2.129309252123662,-0.6465694212273323,0.0,0.0,0.0,0.0,其他,0,0,0.5,1.0,0,0.2688391038696537,-0.02232779097387183,-0.08313539192399044,0.1306122448979592,0.00816326530612245,0.9183673469387755,0.02040816326530612,0.08163265306122448,0.0,0.5,0.5,0.5,0.5,0.26883910386965376,0.23217922606924643,0.12627291242362526
2025-09-01,42.1,42.26,41.65,41.81,1684536.0,42.686,45.209,49.616,46.47166666666667,-0.0205219509909572,-0.075184144749939,-0.1573282811996129,-0.1003120180755299,49.616,60.21307884277543,39.01892115722457,0.1316909539021258,0.4271637714750916,-0.0068883610451305,-0.059180918091809,-0.261046306115235,-0.2084437712987504,0.0055586583098598,0.0311185109075178,0.0308503966511318,22.550544321847013,-1.5596175416741502,-0.1810981028716606,-1.3785194388024895,54238382.0,16.54790349671164,2.810714285714285,0.5689666772677862,0.0,0.0,-0.0169815833532648,-0.0068883610451305,0.0308503966511318,22.550544321847013,0.0177253825375469,0.0,0.0,0.0,0.5,0.5357177586205133,0.3831518698009158,0.6368343432598687,0.4618801112284925,-0.4872149314097616,0.6571530336592408,1.2098480732996029,2.4226671036281204,2.6128659311559708,-0.6241119885566984,-1.587312781259726,-2.8227038332250607,-1.849670780101091,2.4226671036281204,3.1284265916925955,0.7959504982570857,-1.4171454921490794,2.453470140807143,-0.2359851798291653,-0.8899982375394392,-2.9850029079408844,-2.6084096078230163,-1.180841639705939,0.370209226029981,0.3386353911289391,-2.031465654225412,-2.4033031234447924,-0.8133518527639221,-3.586735871156642,1.19324940594265,-2.8284599110078696,1.7634814209123912,-0.6597356393739897,-1.6721154653776436,-2.19805926156108,-0.2359851798291653,0.3386353911289391,-2.031465654225412,-0.1429928742781181,0.0,0.0,0.0,0.0,其他,0,0,0.5,1.0,0,0.2769857433808554,-0.03826835685242769,-0.09016981583353267,0.07346938775510205,0.0020408163265306124,0.8551020408163266,0.014285714285714285,0.08775510204081632,0.0,0.5,0.5,0.5,0.5,0.2769857433808554,0.18329938900203666,0.1120162932790224
2025-09-02,41.81,41.82,40.5,40.9,1949100.0,42.074,43.879000000000005,48.971,46.4115,-0.0279032181394685,-0.0678912463820963,-0.1648118274080577,-0.1187528952953471,48.971,60.05496831844125,37.887031681558746,0.1359155959249159,0.4526747797030331,-0.0217651279598183,-0.0696087352138308,-0.2453874538745388,-0.2397769516728624,0.0069095746834781,0.0308571173471588,0.0301157852843297,17.015706805035464,-1.8178487261459964,-0.5084482275265279,-1.3094004986194685,52289282.0,17.169466767603097,2.588571428571428,0.6691445372799094,0.0,0.0,0.0,-0.0217651279598183,0.0301157852843297,17.015706805035464,0.1570545242131957,0.0,0.0,0.0,0.5,0.4763646532503958,0.2969253302399322,0.3901025009959086,0.2784866931812257,-0.3505505955437791,0.5300424304429935,0.9247357403740109,2.238852475404432,2.538644090690441,-0.8321727212214894,-1.4342831022463252,-2.8833418977193044,-2.054791809140242,2.238852475404432,3.028166400966643,0.5014760789583593,-1.394296430768308,2.650616109204692,-0.7226790129197458,-1.0291505475067504,-2.763017905133663,-2.878951246467893,-1.0902640459212054,0.349925476366774,0.2677448123708827,-2.361866957257756,-2.6780240637812565,-1.2877254066291757,-3.3208863537508293,1.1114761784471172,-2.7328575706790623,1.4187816158251554,-0.5082678691644315,-1.6579708749095368,-2.163548411502673,-0.7226790129197458,0.2677448123708827,-2.361866957257756,0.0824381346235995,0.0,0.0,0.0,0.0,其他,0,0,0.5,1.0,0,0.4531568228105906,-0.011491442542787222,-0.07481662591687033,0.12448979591836734,0.0,0.8326530612244898,0.0020408163265306124,0.12448979591836734,0.0,0.5,0.5,0.5,0.5,0.4531568228105906,0.22810590631364563,0.1079429735234216
2025-09-03,40.93,41.62,40.9,41.21,1759700.0,41.714,43.122,48.3705,46.36466666666667,-0.0120822745361268,-0.0443393163582394,-0.1480344424804374,-0.1111766143758897,48.3705,59.78171604295293,36.95928395704707,0.1862516679613372,0.4718254325644489,0.0075794621026894,-0.0418507323878166,-0.1551865518655186,-0.2256670424652386,0.0105621146191262,0.019279334938186,0.0304700853532034,12.23698781743454,-1.9747210363204388,-0.8017027892853101,-1.1730182470351287,54048982.0,15.588921830375696,2.438571428571428,0.6126634758633848,0.0197704081631393,0.0197704081631393,-0.0055811696190245,0.0075794621026894,0.0304700853532034,12.23698781743454,-0.0971730542301575,0.0,0.0,0.0,0.5,0.2989736895510859,0.2573965553575348,0.4745521268901598,0.3400888758596407,-0.446878808700403,0.4548499642355821,0.7619324244262587,2.072774791294941,2.473285466306601,-0.3786479109822295,-0.9678611200529892,-2.567348245841361,-1.9335654512462064,2.072774791294941,2.915743952561644,0.2602408051322859,-1.2264047424936215,2.777152291240968,0.242276990101112,-0.644885997411911,-1.7878979475484575,-2.6807510635815706,-0.8560403520769401,-0.511244800784437,0.3009589927349074,-2.627451810803191,-2.817196978558767,-1.704592609107157,-2.91476454374154,1.174799523414711,-2.786867825600063,1.186644831486867,-0.5912132388851719,-1.5863139144306664,-2.0656721464722025,0.242276990101112,0.3009589927349074,-2.627451810803191,-0.3293096892553527,0.0,0.0,0.0,0.0,其他,0,0,0.5,1.0,0,0.1894093686354379,-0.017228827954380077,-0.07643775782577045,0.3122448979591837,0.0020408163265306124,0.8244897959183674,0.0020408163265306124,0.22244897959183674,0.0,0.5,0.5,0.5,0.5,0.1894093686354379,0.07942973523421588,0.05702647657841141
2025-09-04,41.39,41.39,40.54,40.79,1125400.0,41.362,42.504000000000005,47.743,46.316833333333335,-0.0138291185145786,-0.040325616412573,-0.1456339149194646,-0.119326666690656,47.743,59.381576689974594,36.10442331002541,0.2012950902317201,0.4875511253984966,-0.0101917010434361,-0.0413631022326673,-0.1315733446880987,-0.2352830896137983,0.0105379570162315,0.0179218495233941,0.0302848204816289,11.815718156284944,-2.108627022258659,-1.06308763587998,-1.045539386378679,52923582.0,17.187811118578296,2.142142857142857,0.3932905897450754,0.0,0.0,0.0051483206668301,-0.0101917010434361,0.0302848204816289,11.815718156284944,-0.3604591691765642,0.0,0.0,0.0,0.5,0.390601791529126,0.212047160730748,0.3964053702284159,0.2548591293617236,-0.7711903788227137,0.3814209619496437,0.6291411864111717,1.9064834635524173,2.41142372415422,-0.4276584961722304,-0.8856704919550954,-2.4881639016968644,-2.0078211884881227,1.9064834635524173,2.789909651575618,0.0379797982820899,-1.1721149413684273,2.863969722363548,-0.3427806671529834,-0.6362860515701818,-1.527103565480952,-2.726769060009913,-0.8544620685158397,-0.6107439442533703,0.2824891956409273,-2.6092054854320748,-2.920285978223454,-2.0643278366287223,-2.5548298416360566,1.125361829969769,-2.631870100241778,0.7382091638656725,-0.917014689589976,-1.6316713367716562,-2.1010651947081667,-0.3427806671529834,0.2824891956409273,-2.6092054854320748,-0.7548548911845733,0.0,0.0,0.0,0.0,其他,0,0,0.5,1.0,0,0.1323828920570264,-0.01838685952439323,-0.05810247609708252,0.30612244897959184,0.0020408163265306124,0.8183673469387756,0.0020408163265306124,0.01020408163265306,0.004081632653061225,0.5,0.5,0.5,0.5,0.13238289205702647,0.16089613034623218,0.09164969450101833
2025-09-05,40.9,41.02,40.71,40.91,1232836.0,41.124,42.168,47.090500000000006,46.26033333333333,-0.0052037739519501,-0.0298330487573516,-0.1312472791752054,-0.1156570423905289,47.090500000000006,58.72476785066649,35.45623214933352,0.2343838013979801,0.4941237765851615,0.0029418975239028,-0.0282660332541568,-0.0758978992545743,-0.2418458117123796,0.0115184223747099,0.0100266638922059,0.0299759000998372,3.55660936544281,-2.1799365323812268,-1.2864574151802295,-0.8934791172009973,54156418.0,7.799898341208532,1.856428571428571,0.4353129400990622,0.0075997466750625,0.0075997466750625,0.0061109753116597,0.0029418975239028,0.0299759000998372,3.55660936544281,0.0954647236538119,0.0,0.0,0.0,0.5,0.2911978272024535,0.1393917200749393,0.4318806379705338,0.2784860322592247,-0.7135797192068836,0.3315372590247811,0.5563241403726463,1.7395264352295736,2.3502802554562536,-0.1796441790579556,-0.6774506946655212,-2.231078416890815,-1.9368756387946304,1.7395264352295736,2.630061834473441,-0.1305670325763089,-1.0614793352341152,2.8642117024141927,0.0907870539370057,-0.4542945407131081,-0.936105334562396,-2.739871872719561,-0.7896773411217558,-1.194454607200323,0.2521696020382962,-3.0634738164158115,-2.945089820425771,-2.356645163565416,-2.1528979813952422,1.168042562144162,-3.181146632938046,0.3072211357897761,-0.8506006860052565,-1.5964344489157631,-2.046329164780102,0.0907870539370057,0.2521696020382962,-3.0634738164158115,-0.0130300810571134,0.0,0.0,0.0,0.0,其他,0,0,0.5,1.0,0,0.3469387755102041,-0.0344659007577609,-0.07430945978978243,0.26789366053169733,0.0,0.8077709611451943,0.0,0.044989775051124746,0.006134969325153374,0.5,0.5,0.5,0.5,0.3469387755102041,0.1489795918367347,0.10408163265306122
2025-09-08,40.91,41.14,40.78,41.1,1163965.0,40.982000000000006,41.834,46.4605,46.190666666666665,0.0028793128690642,-0.0175455371229144,-0.1153775788034996,-0.1102098548047224,46.4605,57.95149871982181,34.969501280178186,0.2667522148975666,0.4946566963247093,0.0046443412368615,-0.0169815833532648,-0.075157515751575,-0.2346368715083798,0.0123377072500958,0.0101332144855506,0.0301908083360849,5.381471389132543,-2.195806530029252,-1.468327238150034,-0.7274792918792177,55320383.0,11.476004613516906,1.5985714285714283,0.4132501350115297,0.0196326789105787,0.0196326789105787,-0.0216545012165449,0.0046443412368615,0.0301908083360849,5.381471389132543,-0.0558638780827295,0.0,0.0,0.0,0.5,0.2925716446787524,0.1625700697003524,0.4458568369844367,0.3162304665523293,-0.7467599814290484,0.3014962746294975,0.4841111748463753,1.5818207515431757,2.288290767050858,0.0527777366842712,-0.4347016238984315,-1.9616971338767464,-1.847381063980128,1.5818207515431757,2.4602721953566866,-0.2570248582086166,-0.9541645091435708,2.8119960789108345,0.1468218355427856,-0.2975440170476761,-0.9246398878774332,-2.620781255726155,-0.7353839686399724,-1.180464179088556,0.2722443101512843,-2.889526694487392,-2.9060488496019143,-2.577300328258259,-1.730547166889838,1.2075836713343309,-2.880475597526615,-0.0816787593472522,-0.8803183909199872,-1.5491336833389984,-1.9796737184451485,0.1468218355427856,0.2722443101512843,-2.889526694487392,-0.2591888118606928,0.0,0.0,0.0,0.0,其他,0,0,0.5,1.0,0,0.1588594704684317,-0.04939172749391729,-0.07250608272506087,0.2755102040816326,0.0,0.8142857142857143,0.0,0.03877551020408163,0.006122448979591836,0.5,0.5,0.5,0.5,0.15885947046843177,0.20366598778004075,0.15478615071283094
2025-09-09,41.33,41.33,40.65,40.9,1176201.0,40.982,41.528,45.8855,46.11383333333333,-0.0020008784344346,-0.0151223271046041,-0.1086508809972649,-0.1130644094505264,45.8855,57.2755556350011,34.4954443649989,0.2811468108765021,0.4964555528424567,-0.0048661800486619,0.0,-0.0696087352138308,-0.2194656488549619,0.0073352073204481,0.0101075311148201,0.0301168982207189,8.35095137297131,-2.19917126848096,-1.6144960442162193,-0.5846752242647406,54144182.0,12.999274407341744,1.2599999999999996,0.4209797412888058,0.0069664344521407,0.0069664344521407,-0.0114914425427872,-0.0048661800486619,0.0301168982207189,8.35095137297131,0.0105123435842142,0.0,0.0,0.0,0.5,0.3766694259521395,0.199460350755702,0.4168446779441491,0.2750818619603922,-0.738121405724019,0.3008213482857854,0.4179705597874618,1.439801553663291,2.227238861549007,-0.0877233900249078,-0.3860301195223619,-1.8392534452302287,-1.8598590016665013,1.439801553663291,2.314413953624332,-0.380079591592952,-0.9046009886113262,2.7734461310061347,-0.1682007886414633,-0.0620906934715551,-0.8628895051278357,-2.4330234240232764,-1.0482177239314014,-1.1764139609552515,0.2644800762346342,-2.6598058558433424,-2.855331167147063,-2.73679137142174,-1.3728246185551405,1.1560131074033466,-2.73120142567807,-0.5919286356535948,-0.865353082690775,-1.5742626929873762,-1.994420301392868,-0.1682007886414633,0.2644800762346342,-2.6598058558433424,-0.1504504669508382,0.0,0.0,0.0,0.0,其他,0,0,0.5,1.0,0,0.2260692464358452,-0.05281173594132016,-0.060880195599022024,0.463265306122449,0.0,0.7979591836734694,0.0,0.07142857142857142,0.006122448979591836,0.5,0.5,0.5,0.5,0.22606924643584522,0.2769857433808554,0.13034623217922606
2025-09-10,40.6,40.99,40.6,40.98,661293.0,40.936,41.325,45.2595,46.0425,0.0010748485440688,-0.0083484573502723,-0.0945547343651609,-0.1099527610359994,45.2595,56.25690921643291,34.26209078356708,0.3054314468158607,0.4859713084063507,0.0019559902200487,-0.0055811696190245,-0.0471983259707045,-0.234018691588785,0.0062353139273159,0.0090516404898098,0.0293139389458188,11.254851226939593,-2.170363912367229,-1.7256696178464217,-0.4446942945208072,54805475.0,15.84978742660212,0.9392857142857136,0.2475065315018928,0.0120329322355157,0.0120329322355157,-0.0117130307467056,0.0019559902200487,0.0293139389458188,11.254851226939593,-0.4377721154802623,0.0,0.0,0.0,0.5,0.2282434055923937,0.1322935034957256,0.405097879000505,0.2906968102262611,-1.0003560148302195,0.290628176333689,0.373810700828747,1.2886587504020182,2.1708201719928915,0.0011216250671774,-0.2517792549069282,-1.6087323148303985,-1.8013241774921402,1.2886587504020182,2.1200982115641147,-0.4400900869622363,-0.8240378075030029,2.634159773189575,0.058357528265117,-0.1393009301908012,-0.624427412478819,-2.5326671912779704,-1.112827799107299,-1.2483341889762496,0.1863162624529779,-2.4464414954281337,-2.772550026346336,-2.839307568149153,-1.0264591915316623,1.1761948753349392,-2.509711585157356,-1.0726217426049385,-1.1209250553067345,-1.5477665275333794,-1.9524254128804672,0.058357528265117,0.1863162624529779,-2.4464414954281337,-0.8810070643876795,0.0,0.0,0.0,0.0,其他,0,0,0.5,1.0,0,0.2525458248472505,-0.05173255246461683,-0.06857003416300622,0.18775510204081633,0.004081632653061225,0.7755102040816326,0.004081632653061225,0.006122448979591836,0.012244897959183673,0.5,0.5,0.5,0.5,0.2525458248472505,0.19959266802443992,0.16089613034623218
2025-09-11,40.9,41.01,40.71,41.0,838000.0,40.978,41.17,44.56699999999999,45.98266666666667,0.0005368734442872,-0.0041292203060481,-0.0800367985280587,-0.1083596717603734,44.56699999999999,54.73458336965804,34.399416630341946,0.3245895868099276,0.4562830511201218,0.0004880429477793,0.0051483206668301,-0.0364277320799059,-0.2525068368277119,0.0036274953308891,0.0089304834213552,0.0281213703777077,17.623762371351816,-2.1214651129824134,-1.80482871687362,-0.3166363961087932,55643475.0,21.73208700356044,0.7635714285714279,0.3212752372625295,0.0132995566813597,0.0132995566813597,-0.0234146341463414,0.0004880429477793,0.0281213703777077,17.623762371351816,0.26721438152226,0.0,0.0,0.0,0.5,0.2885310172969646,0.1359585691244353,0.4278709189135964,0.2941253501810804,-0.9056424799554588,0.298697942734802,0.3399234149044516,1.124477825436643,2.12048405036103,-0.014421317651791,-0.1679833343174074,-1.376508489445352,-1.7626201413514824,1.124477825436643,1.852328033290567,-0.403016108919985,-0.7602149428879934,2.3425470773823824,0.0094646383470741,0.0099750929813603,-0.5092094295415703,-2.662406711058986,-1.2712977173797342,-1.2505837585732216,0.0704528073080663,-2.041689452879973,-2.67277682732247,-2.892613872811055,-0.7113869740245848,1.203002605105887,-2.1145473781304807,-1.3307147831780166,-1.0055159771400908,-1.5327565209791163,-1.9239812057535093,0.0094646383470741,0.0704528073080663,-2.041689452879973,0.2728243763827579,0.0,0.0,0.0,0.0,其他,0,0,0.5,1.0,0,0.4020408163265306,-0.06292682926829263,-0.07780487804878045,0.12883435582822086,0.002044989775051125,0.7586912065439673,0.00408997955010225,0.00408997955010225,0.0081799591002045,0.5,0.5,0.5,0.5,0.4020408163265306,0.23061224489795917,0.19591836734693877
2025-09-12,40.96,41.5,40.85,41.16,1105093.0,41.028,41.076,43.881,45.9305,0.0032173150043872,0.0020449897750509,-0.0620086142066043,-0.1038634458584166,43.881,52.90601296106371,34.85598703893629,0.3492522940535353,0.4113403505409239,0.0039024390243902,0.0061109753116597,-0.0223277909738718,-0.2500000000000001,0.0037762581009643,0.0088594355402241,0.0282228900927664,17.46031745546739,-2.0462143144941862,-1.8531058363977333,-0.1931084780964524,56748568.0,28.9782493228372,0.7514285714285707,0.4544668127938955,0.0234325522481098,0.0234325522481098,-0.0403304178814382,0.0039024390243902,0.0282228900927664,17.46031745546739,0.3187267303102625,0.0,0.0,0.0,0.5,0.3000824721136778,0.2322617461348179,0.4570931743870755,0.3260254011674096,-0.7650277177380388,0.3084281408603045,0.3190849292887468,0.9634127044121864,2.074662142756209,0.0631979668412791,-0.0455433880196295,-1.09431568023356,-1.691100365725378,0.9634127044121864,1.542672559736978,-0.2822642456640552,-0.6791972231941176,1.935972582065676,0.1231235504188345,0.023350051359141,-0.3590575395086313,-2.59372146260177,-1.25522114034013,-1.2491428215900366,0.0801491540807043,-2.029098825215487,-2.5501970889184338,-2.9019189569964805,-0.4082885707668144,1.239829610339544,-1.648872405277991,-1.341066968818589,-0.8022712408743603,-1.492638764014686,-1.8688804674460489,0.1231235504188345,0.0801491540807043,-2.029098825215487,0.356527701397806,0.0,0.0,0.0,0.0,其他,0,0,0.5,1.0,0,0.230142566191446,-0.06219630709426616,-0.07264334305150622,0.3469387755102041,0.0,0.7653061224489796,0.01020408163265306,0.02857142857142857,0.0163265306122449,0.5,0.5,0.5,0.5,0.23014256619144602,0.23828920570264767,0.18737270875763748
2025-09-15,40.9,40.9,40.2,40.21,1480532.0,40.85,40.916,43.0625,45.85483333333333,-0.0156670746634025,-0.0172548636230326,-0.0662409288824382,-0.1231022538518294,43.0625,49.95573657843799,36.169263421562015,0.2930942912251179,0.3201503200428204,-0.0230806608357627,-0.0216545012165449,-0.0382683568524276,-0.2893248497702367,0.0109815133446232,0.0110230238923299,0.0262175921326829,15.970961883419392,-2.0397219300296854,-1.8904290551241243,-0.1492928749055611,55268036.0,30.90966815355837,0.7778571428571419,0.6360638974132952,0.0,0.0,-0.028351156428749,-0.0230806608357627,0.0262175921326829,15.970961883419392,0.3397352078060398,0.0,0.0,0.0,0.5,0.2872352177980431,0.1132861115339217,0.3153671911727979,0.1317202578321361,-0.569129646866631,0.2706881088041787,0.2841581191492939,0.7733627551277655,2.0237367221927185,-0.4844616831638408,-0.4277318925198897,-1.1534624631972723,-1.8982936252007112,0.7733627551277655,1.058102992523568,0.0637241348952978,-0.8557701083359591,1.1510599478979366,-0.7763700799967955,-0.363750382499411,-0.5267654957453891,-2.901627964610334,-0.7968514679581031,-1.0835570796841214,-0.1150133328307325,-2.0930799570921934,-2.505834017286676,-2.896085332486424,-0.3002852737897636,1.1764231924882624,-1.518023538515544,-1.2938580276450875,-0.5274043665024796,-1.5493111276736118,-1.9199572768961952,-0.7763700799967955,-0.1150133328307325,-2.0930799570921934,0.3901551995231251,0.0,0.0,0.0,0.0,其他,0,0,0.5,1.0,0,0.4643584521384928,-0.053966674956478555,-0.04178065157920918,0.15714285714285714,0.0020408163265306124,0.7224489795918367,0.014285714285714285,0.3693877551020408,0.018367346938775512,0.5,0.5,0.5,0.5,0.46435845213849286,0.23217922606924643,0.24439918533604887
2025-09-16,40.2,40.47,40.19,40.43,795757.0,40.756,40.86899999999999,42.374,45.77283333333334,-0.0079988222592992,-0.0107416379162689,-0.0458771888422145,-0.1167249860725249,42.374,46.94184827842789,37.80615172157212,0.2872083438925218,0.2155967469871667,0.0054712758020392,-0.0114914425427872,-0.0114914425427872,-0.2540590405904059,0.0117959128131454,0.0093376457783202,0.0259397491705821,23.01255229451517,-1.9938407521640544,-1.9111113945321103,-0.0827293576319438,56063793.0,34.47692221614379,0.7214285714285705,0.3668243940063611,0.0256709451572265,0.0134392180817748,-0.0418006430868166,0.0054712758020392,0.0259397491705821,23.01255229451517,-0.4625195537820189,0.0,0.0,0.0,0.5,0.1440216515085694,0.0279599180911584,0.3125128869560751,0.1763834367882191,-0.9207780683453214,0.2504948869439155,0.2734608515307331,0.6137929623688064,1.9729749981149385,-0.2606765725438432,-0.2975135518580936,-0.8379276324336389,-1.8022129260972315,0.6137929623688064,0.5665816695984514,0.4947507865853892,-0.8713180451399841,0.2578409352643093,0.1784577581931635,-0.2210314852996749,-0.241744361584405,-2.5343318586090384,-0.7429624408242536,-1.202533955586728,-0.1418355920461916,-1.6661336587556377,-2.422351996849597,-2.8691938435921025,-0.1366266018064021,1.2015790100693302,-1.2894208761048254,-1.3705251187680385,-0.929663963439975,-1.46484890511274,-1.85544437939008,0.1784577581931635,-0.1418355920461916,-1.6661336587556377,-0.9271327755009546,0.0,0.0,0.0,0.0,其他,0,0,0.5,1.0,0,0.5234215885947047,-0.06406134058867163,-0.036359139253029915,0.22244897959183674,0.0,0.7183673469387755,0.012244897959183673,0.006122448979591836,0.05714285714285714,0.5,0.5,0.5,0.5,0.5234215885947047,0.20570264765784113,0.3095723014256619
2025-09-17,40.43,40.64,40.26,40.5,714098.0,40.66,40.798,41.96,45.697500000000005,-0.0039350713231678,-0.0073042796215501,-0.034795042897998,-0.1137370753323486,41.96,45.45908258653153,38.46091741346847,0.2913738867369281,0.1667818201393321,0.0017313875834776,-0.0117130307467056,-0.01722882795438,-0.1697416974169742,0.0117762905913521,0.0089057219725031,0.0164823478467139,26.65148062931391,-1.929588082879072,-1.9148067322015028,-0.0147813506775686,56777891.0,41.92521499330319,0.6199999999999994,0.3634570938487934,0.0428994082833889,0.017715332925976,-0.0404938271604938,0.0017313875834776,0.0164823478467139,26.65148062931391,-0.10261801027198,0.0,0.0,0.0,0.5,0.1906833483564216,0.0616167901174229,0.3270406480941209,0.1903473521077565,-0.9594671436641984,0.2298959542168483,0.2576224939694448,0.5174043084589883,1.926123678157452,-0.141865960900252,-0.2285207681353701,-0.6657165579551956,-1.7482642555788757,0.5174043084589883,0.3244364616501432,0.6659156310877745,-0.854791426957843,-0.1594099061267803,0.0529928868209718,-0.2236657527712467,-0.3021425399178585,-1.749604211321477,-0.7418783996425037,-1.2281714769916456,-1.0625104622361616,-1.4438198677950382,-2.3234231918495176,-2.822458422460912,0.0304213095756535,1.2233134044215477,-0.8249982313204497,-1.5125493793054607,-0.9310082486461656,-1.4059624606996448,-1.8212726602132068,0.0529928868209718,-1.0625104622361616,-1.4438198677950382,-0.3337330391089685,0.0,0.0,0.0,0.0,其他,0,0,0.5,1.0,0,0.3564154786150713,-0.06024691358024681,-0.036790123456790225,0.2510204081632653,0.004081632653061225,0.3836734693877551,0.03877551020408163,0.00816326530612245,0.07142857142857142,0.5,0.5,0.5,0.5,0.3564154786150713,0.20977596741344195,0.2953156822810591
2025-09-18,40.5,40.62,39.9,40.04,1207904.0,40.468,40.723,41.6135,45.6065,-0.0105762577839281,-0.0167718488323551,-0.0378122484289954,-0.1220549702345061,41.6135,44.30234851112689,38.92465148887312,0.2074026309943925,0.1292296255359642,-0.011358024691358,-0.0234146341463414,-0.0183868595243932,-0.1475409836065574,0.0122575691053805,0.0090359691051281,0.0151321357739908,26.590909082448363,-1.893953221264504,-1.910636030014103,0.0166828087495995,55569987.0,33.09970872655579,0.6092857142857139,0.7058987023814345,0.0,0.0,-0.0404595404595403,-0.011358024691358,0.0151321357739908,26.590909082448363,0.6915101288618648,0.0,0.0,0.0,0.5,0.2046115779107662,0.0575214185243359,0.2479894374545094,0.0956537548095983,-0.7012583604935688,0.1892009782699442,0.2409351864390939,0.4366736651117476,1.876381932235088,-0.3351956904532476,-0.4165628400783775,-0.7098183102583879,-1.825404483578108,0.4366736651117476,0.1354762345458732,0.7860307089625904,-1.1186633267585246,-0.4800753507325777,-0.3857568468467072,-0.3871897911145177,-0.313787108572235,-1.5367949879577336,-0.7092136601260336,-1.21233515224301,-1.1884344957255415,-1.4380999502952416,-2.257874340441054,-2.768488809065816,0.1077422223975958,1.170796927344779,-1.3640410141000237,-1.518081807823359,-0.4133009374275114,-1.5189914995606792,-1.8553146758823555,-0.3857568468467072,-1.1884344957255415,-1.4380999502952416,0.9725479639097296,0.0,0.0,0.0,0.0,其他,0,0,0.5,1.0,0,0.240325865580448,-0.040459540459540366,-0.020979020979020935,0.4,0.006122448979591836,0.2816326530612245,0.05102040816326531,0.0653061224489796,0.16326530612244897,0.5,0.5,0.5,0.5,0.24032586558044808,0.20570264765784113,0.3095723014256619
2025-09-19,40.09,40.09,39.31,39.5,878972.0,40.136,40.582,41.375,45.50816666666667,-0.015846123181184,-0.0266620669262234,-0.0453172205438066,-0.1320239224461543,41.375,43.91372325972594,38.83627674027406,0.1307198918137534,0.1227177406511084,-0.0134865134865134,-0.0403304178814382,-0.0344659007577609,-0.1077479105489045,0.0116712815898305,0.0095532512277715,0.009790161456264,25.161290315005203,-1.887527580597116,-1.906014340130706,0.0184867595335902,54691015.0,34.90379352944835,0.6214285714285711,0.5746883246288271,0.0,0.0,-0.0227848101265822,-0.0134865134865134,0.009790161456264,25.161290315005203,-0.2723163430206374,0.0,0.0,0.0,0.5,0.1201770298060701,-0.0481123182147782,0.1188068059919197,-0.0154729995853574,-0.8690458610827407,0.1191340867466029,0.2100363804982071,0.3808486051068713,1.82622331551356,-0.4882662793907226,-0.6126609337618097,-0.822373556040287,-1.9185275703094813,0.3808486051068713,0.0718041117285805,0.7600528801634003,-1.35618480923845,-0.5345332298329255,-0.4562798627324361,-0.6235446611131977,-0.48437369256545,-1.1705072456255623,-0.7441064682822236,-1.168367972116721,-1.6964104249043086,-1.511000971615471,-2.224618397450473,-2.7167195687537484,0.1119741852436733,1.1315176931392863,-1.2457562106916305,-1.489896057165791,-0.6098463530105865,-1.5083965030761848,-1.8344790603640264,-0.4562798627324361,-1.6964104249043086,-1.511000971615471,-0.6159224519367794,0.0,0.0,0.0,0.0,其他,0,0,0.5,1.0,0,0.3869653767820774,-0.04126582278481017,0.004556962025316524,0.22857142857142856,0.0653061224489796,0.04693877551020408,0.03877551020408163,0.18571428571428572,0.11020408163265306,0.5,0.5,0.5,0.5,0.3869653767820774,0.20366598778004075,0.41140529531568226
2025-09-22,39.53,39.53,38.9,39.07,952869.0,39.908,40.379,41.1065,45.41499999999999,-0.0209982960809862,-0.032417840956933,-0.0495420432291728,-0.1397115490476713,41.1065,43.40484059131454,38.808159408685455,0.0569629654321791,0.111823706290195,-0.010886075949367,-0.028351156428749,-0.0493917274939172,-0.1208370837083707,0.0086539180093265,0.0093495981393521,0.0095915454645594,28.05755394741476,-1.895284955126812,-1.9038684631299272,0.0085835080031155,53738146.0,37.335938840245504,0.572142857142857,0.6750301866049153,0.0,0.0,-0.0263629383158433,-0.010886075949367,0.0095915454645594,28.05755394741476,0.0840720751059191,0.0,0.0,0.0,0.5,0.0049446085321052,-0.1597254918571629,0.0289688721349241,-0.1039566252673317,-0.8279208042823708,0.0709448465122005,0.1657619403541065,0.3181901420951717,1.7792172262088988,-0.637544008329437,-0.7256791940562549,-0.8840910034757006,-1.9823970521770564,0.3181901420951717,-0.0115232194155927,0.7501102375634062,-1.5803307321267213,-0.6263762181875214,-0.3678364144760351,-0.4536378134531323,-0.6422617808993765,-1.2816925869871425,-0.9323077620386272,-1.1776692253059666,-1.7014986722593322,-1.3350344259542206,-2.2069151084095755,-2.6704552303708806,0.0873030523937158,1.0897934070079438,-1.0904545859935282,-1.5523812395384082,-0.4568123459946933,-1.4980204165309328,-1.8143308050893527,-0.3678364144760351,-1.7014986722593322,-1.3350344259542206,-0.02716819877928,0.0,0.0,0.0,0.0,其他,0,0,0.5,1.0,0,0.2362525458248472,-0.024315331456360445,0.008190427437931858,0.463265306122449,0.036734693877551024,0.04897959183673469,0.05918367346938776,0.48367346938775513,0.11020408163265306,0.5,0.5,0.5,0.5,0.23625254582484725,0.2769857433808554,0.4175152749490835
2025-09-23,39.19,39.19,38.01,38.74,1266803.0,39.57,40.163,40.8455,45.3315,-0.0209754864796563,-0.0354306202225928,-0.0515479061340906,-0.1454066157087234,40.8455,42.95745569132147,38.73354430867853,0.0015283680779491,0.1034119152081036,-0.0084463782953672,-0.0418006430868166,-0.0528117359413201,-0.1187443130118288,0.0059877073184898,0.0094116996937662,0.0095487063897397,20.52505965901311,-1.9060887675202096,-1.904312524007984,-0.0017762435122257,52471343.0,26.52362516288696,0.6049999999999999,0.9447298195080356,0.0,0.0,-0.0232318017552916,-0.0084463782953672,0.0095487063897397,20.52505965901311,0.3294618672661193,0.0,0.0,0.0,0.5,-0.0650227298425212,-0.2273499942286225,-0.1659737581785011,-0.1718085425105915,-0.6628766478136165,-0.0004248236575536,0.1186836604764192,0.2573094417454065,1.7364796418364037,-0.6351086293076008,-0.7835133994645896,-0.9114685470721728,-2.0214381096924177,0.2573094417454065,-0.0847784291032418,0.7279463643622652,-1.7421135407023447,-0.6966292626658529,-0.284886614909272,-0.641672696704756,-0.6769028135449765,-1.2558921427759215,-1.0969052817501712,-1.167452179231994,-1.6916700598410497,-1.756957004869404,-2.192851533864896,-2.629434920338637,0.0615042362342257,1.036365882925904,-1.7439448069616057,-1.4935153372077106,-0.0478340051542336,-1.4878558024515156,-1.79483292641904,-0.284886614909272,-1.6916700598410497,-1.756957004869404,0.3781346859760938,0.0,0.0,0.0,0.0,其他,0,0,0.5,1.0,0,0.1120162932790224,-0.008518327310273799,0.006969540526587492,0.5224489795918368,0.11428571428571428,0.044897959183673466,0.006122448979591836,0.6,0.20204081632653062,0.5,0.5,0.5,0.5,0.1120162932790224,0.2219959266802444,0.32382892057026474
2025-09-24,38.66,38.95,38.3,38.86,723532.0,39.242,39.951,40.638,45.2375,-0.0097344681718568,-0.0273084528547471,-0.0437521531571435,-0.1409781707654047,40.638,42.66843785788602,38.60756214211398,0.0621634040409959,0.0999280406457514,0.0030975735673721,-0.0404938271604938,-0.0517325524646168,-0.0964891885607998,0.0065732404129125,0.0095167811611322,0.0090426455264842,25.192802047488414,-1.8832588340236285,-1.900101786011113,0.0168429519874844,53194875.0,32.259037155978945,0.590714285714286,0.5854918936021757,0.0314960629912986,0.0067264573990652,-0.0205867215645907,0.0030975735673721,0.0090426455264842,25.192802047488414,-0.4288519998768554,0.0,0.0,0.0,0.5,-0.1741529250641011,-0.2749294616266928,-0.1020242886732263,-0.1466727882892851,-0.9421135257871134,-0.0696839012092328,0.0724769726268958,0.2088158125885604,1.6919875220273777,-0.3040880421516965,-0.6188482899174074,-0.7886384057870531,-1.946897507827294,0.2088158125885604,-0.1320371229151615,0.6923061942932721,-1.538623430956669,-0.7243429199352571,0.1052591455544514,-0.6214989124610568,-0.6633952651737647,-1.0503855164357674,-1.055275904268047,-1.154224278293322,-1.7258983514092152,-1.4777119321666543,-2.145591175894431,-2.584818910024506,0.1075352589209841,1.0600819294006836,-1.3827309403265615,-1.504566868461878,-0.5919301612777798,-1.3893014415519032,-1.7558824586720685,0.1052591455544514,-1.7258983514092152,-1.4777119321666543,-0.8760467522830628,0.0,0.0,0.0,0.0,其他,0,0,0.5,1.0,0,0.2020408163265306,-0.01775604734945957,-0.007977354606279019,0.3558282208588957,0.07157464212678936,0.049079754601226995,0.0081799591002045,0.28629856850715746,0.14314928425357873,0.5,0.5,0.5,0.5,0.20204081632653062,0.2795918367346939,0.3551020408163265
2025-09-25,38.8,38.99,38.41,38.42,763100.0,38.918,39.693,40.4315,45.14516666666666,-0.0127961354643094,-0.0320711460459022,-0.0497508131036443,-0.1489675897382886,40.4315,42.48313118671845,38.37986881328155,0.0097803121187842,0.1014867707957102,-0.0113226968605248,-0.0404595404595403,-0.0629268292682926,-0.0970622796709752,0.006569036202186,0.0094573143769974,0.00906443060781,20.42755343738753,-1.8790102098776984,-1.8958834707844303,0.0168732609067319,52431775.0,33.4855085457001,0.6100000000000004,0.6596962993726185,0.0,0.0,0.0,-0.0113226968605248,0.00906443060781,20.42755343738753,0.0546872840454879,0.0,0.0,0.0,0.5,-0.1448942061924347,-0.266339093748339,-0.0776459554819513,-0.2374632187546838,-0.9182354211698408,-0.1380938858247107,0.0162768882409684,0.1605701035295819,1.6492326469623633,-0.3933393592910516,-0.7123591593685809,-0.8779041747384891,-2.01158901883143,0.1605701035295819,-0.1622340416212298,0.6298728943019282,-1.6906712168107865,-0.7086675179895483,-0.3824492776573537,-0.6193231149749243,-0.7810737238541146,-1.0508976295109869,-1.0511591688642112,-1.1531757933005848,-1.7095693143300732,-1.737795450360813,-2.118384507263517,-2.5421824515304032,0.1074011306598604,1.0263515537397772,-1.3002294950272175,-1.466537515301526,-0.4778168897320777,-1.4692893687165385,-1.7580703798257074,-0.3824492776573537,-1.7095693143300732,-1.737795450360813,-0.0738828129235912,0.0,0.0,0.0,0.0,其他,0,0,0.5,1.0,0,0.2841140529531568,-0.015877147319104612,0.02186361270171777,0.23877551020408164,0.08163265306122448,0.053061224489795916,0.022448979591836733,0.3693877551020408,0.15714285714285714,0.5,0.5,0.5,0.5,0.28411405295315684,0.3421588594704684,0.46435845213849286
2025-09-26,38.42,38.82,38.2,38.6,908200.0,38.738,39.437,40.2565,45.0515,-0.0035623935154112,-0.0212237239140907,-0.0411486343820253,-0.1432027790417633,40.2565,42.305975157461695,38.20702484253831,0.0958721446369738,0.1018208317889832,0.0046850598646537,-0.0227848101265822,-0.0621963070942661,-0.0831353919239904,0.0078256909451719,0.0095551226806055,0.0092160916295761,20.23809523134912,-1.8399093196429988,-1.884688640556144,0.0447793209131452,53339975.0,25.40560025237841,0.6285714285714289,0.8113314469862302,0.0530973451311769,0.0099118942730731,-0.0189119170984457,0.0046850598646537,0.0092160916295761,20.23809523134912,0.1901454593107063,0.0,0.0,0.0,0.5,-0.2232353069731751,-0.2999416038615272,-0.1237467241041915,-0.1996561496411024,-0.8399246915636877,-0.1759724052570792,-0.0394887740414888,0.1196399514150005,1.6072450022880822,-0.1207847010686014,-0.4930353718958303,-0.7427651482742972,-1.9237300230290264,0.1196399514150005,-0.1910831497823805,0.5821953367337567,-1.4103574464655766,-0.7035924424666743,0.1604785144207639,-0.368126020777721,-0.77075604879453,-0.9217061664187568,-0.9676787885944492,-1.140674770129687,-1.6814482048288006,-1.7343878843464438,-2.0575947898284146,-2.493371072406145,0.1766241883040194,1.0572864126055903,-1.7804953506539345,-1.430215128971123,-0.2462156459575318,-1.3108606844940938,-1.71102017666694,0.1604785144207639,-1.6814482048288006,-1.7343878843464438,0.1509324445219413,0.0,0.0,0.0,0.0,其他,0,0,0.5,1.0,0,0.1608961303462321,-0.011139896373057012,0.01709844559585494,0.38571428571428573,0.12448979591836734,0.05918367346938776,0.05510204081632653,0.6122448979591837,0.23265306122448978,0.5,0.5,0.5,0.5,0.16089613034623218,0.2973523421588595,0.37678207739307534
2025-09-29,38.57,38.57,37.89,38.04,1082300.0,38.532,39.22,40.068,44.95016666666667,-0.0127686079103084,-0.0300866904640489,-0.0506139562743336,-0.1537295004467911,40.068,42.207381120545705,37.92861887945429,0.02603115440102,0.1067875172476972,-0.0145077720207253,-0.0263629383158433,-0.0539666749564785,-0.0901698158335326,0.0086772157841814,0.0081727942408327,0.0094827920278792,18.640350871470005,-1.8329794560461607,-1.8743468036541475,0.0413673476079867,52257675.0,25.73419826554216,0.6307142857142861,0.9935895891126524,0.0,0.0,0.0021030494216613,-0.0145077720207253,0.0094827920278792,18.640350871470005,0.1916978639066284,0.0,0.0,0.0,0.5,-0.1916956636136345,-0.3496184194091725,-0.1919060894138846,-0.3155882444469333,-0.7469937080180018,-0.2193637970219758,-0.0867471623570887,0.0755761351670546,1.5641388128540974,-0.3919344201731415,-0.6695774356877904,-0.8856776659368818,-2.015594249261053,0.0755761351670546,-0.2069544505045856,0.5065904347596273,-1.6178739204783157,-0.6586886327311915,-0.4909169987432144,-0.4179401099567318,-0.6802501964043938,-0.9811567376322108,-0.9103408353722532,-1.2362593664444204,-1.643219664582799,-1.8098190139919168,-2.0303316256746906,-2.44760109779297,0.167771565049066,1.0113249848297603,-1.7459752684365035,-1.4183556525180323,0.0319859706613321,-1.4521632375139613,-1.7236749222664849,-0.4909169987432144,-1.643219664582799,-1.8098190139919168,0.1532158907921327,0.0,0.0,0.0,0.0,其他,0,0,0.5,1.0,0,0.4142857142857143,0.012881177707676272,0.030494216614090464,0.23517382413087934,0.11042944785276074,0.06952965235173825,0.022494887525562373,0.7096114519427403,0.09611451942740286,0.5,0.5,0.5,0.5,0.4142857142857143,0.4204081632653061,0.5306122448979592
2025-09-30,38.11,38.15,37.83,37.84,818652.0,38.352,38.961,39.915000000000006,44.842,-0.0133500208594076,-0.0287723621056953,-0.051985469121884,-0.1561482538691404,39.915000000000006,42.2339879825385,37.59601201746151,0.0526065646675211,0.1161963162987691,-0.0052576235541533,-0.0232318017552916,-0.0640613405886716,-0.0748166259168703,0.0085034902055997,0.0072209760551071,0.0085932749594855,16.452991448069596,-1.8226158368885592,-1.86400061030103,0.0413847734124708,51439023.0,25.53985501513468,0.6257142857142861,0.792683413920761,0.0,0.0,0.0150634249471457,-0.0052576235541533,0.0085932749594855,16.452991448069596,-0.2435997412916936,0.0,0.0,0.0,0.5,-0.2868355382474545,-0.4334983274020357,-0.2047896100267082,-0.3565351816859383,-0.8814493879530558,-0.2572094057341531,-0.1431828332139001,0.0397825028694284,1.5201253565190878,-0.4082192483569903,-0.6412888866547528,-0.9034763138155482,-2.016696821236623,0.0397825028694284,-0.2021097562374941,0.4166960308383212,-1.523988597437976,-0.5756549730462235,-0.1755977935236576,-0.3726113611569173,-0.7864099543219872,-0.8396471841539771,-0.918067434885077,-1.29932994466378,-1.7136319313716115,-1.915919778823736,-2.000516207857646,-2.403696247252806,0.1674868021375271,0.9758870110687876,-1.74344454347022,-1.4170545442109506,-0.2747829155169567,-1.4429113338954969,-1.706937775832851,-0.1755977935236576,-1.7136319313716115,-1.915919778823736,-0.5714785572550259,0.0,0.0,0.0,0.0,其他,0,0,0.5,1.0,0,0.4928716904276985,0.029598308668076,0.051797040169133,0.11042944785276074,0.10633946830265849,0.053169734151329244,0.028629856850715747,0.5869120654396728,0.08793456032719836,0.5,0.5,0.5,0.5,0.49287169042769857,0.5885947046843177,0.5987780040733197
2025-10-09,38.03,38.06,37.8,38.06,598857.0,38.192,38.717,39.7575,44.7375,-0.0034562211981565,-0.0169692899759794,-0.0426963466012701,-0.14925956971221,39.7575,42.13334223293332,37.381657767066685,0.1427582655775783,0.1195166815281312,0.0058139534883721,-0.0205867215645907,-0.0602469135802468,-0.0764377578257704,0.009182746379027,0.0078323168471731,0.008478031133683,19.87704917462534,-1.7761757838732777,-1.8464356450154795,0.0702598611422018,52037880.0,23.898925357552983,0.6228571428571438,0.6143898821218277,0.0662650602389677,0.0117395944503108,0.0028901734104045,0.0058139534883721,0.008478031133683,19.87704917462534,-0.2684840445024259,0.0,0.0,0.0,0.5,-0.3028853561628048,-0.450679936366267,-0.2110282518490918,-0.3099270347937981,-0.992327293605779,-0.2907756170169763,-0.1963248994266109,0.0029383417513869,1.4781550185143897,-0.1146879064101823,-0.4021534543985328,-0.7574344859101477,-1.91841030380932,0.0029383417513869,-0.218364044625982,0.3584837165800031,-1.235600696725206,-0.5454175839729473,0.20169976883211,-0.3342332407424012,-0.7430197337189411,-0.8512492812447111,-0.8719206008098739,-1.2480291863725117,-1.7105254880301524,-1.708712386166052,-1.93643863869254,-2.353434898472409,0.2393998722853834,0.9953493639503418,-1.8267049717207315,-1.4126925826198529,-0.5466285836542378,-1.249048147084772,-1.656428452894674,0.20169976883211,-1.7105254880301524,-1.708712386166052,-0.6114369627334594,0.0,0.0,0.0,0.0,其他,0,0,0.5,1.0,0,0.5510204081632653,0.024960588544403528,0.06358381502890165,0.1987704918032787,0.05327868852459016,0.0471311475409836,0.0389344262295082,0.11270491803278689,0.13729508196721313,0.5,0.5,0.5,0.5,0.5510204081632653,0.5448979591836735,0.6857142857142857
2025-10-10,38.07,38.49,37.91,38.42,1053003.0,38.192,38.555,39.639,44.643833333333326,0.0059698366149978,-0.0035014913759563,-0.0307525416887408,-0.1394108182167748,39.639,42.0343454865635,37.2436545134365,0.2455481877536164,0.1208580179397793,0.0094587493431423,0.0,-0.0404595404595403,-0.0581024760970825,0.0097894130781345,0.0089813629762477,0.0088452983382337,23.031496056644823,-1.6908318587962654,-1.8153148877716367,0.1244830289753713,53090883.0,23.13636216325895,0.6178571428571443,1.0843422810882133,0.1746987951754607,0.0309498399144558,-0.0158771473191046,0.0094587493431423,0.0088452983382337,23.031496056644823,0.7583546656380404,0.0,0.0,0.0,0.5,-0.2939269495479778,-0.3627502225777367,-0.186208177390864,-0.2341183189890232,-0.7531994918579484,-0.29017069772147,-0.2314638523666005,-0.0247846243388539,1.4401610049152616,0.1649631677126646,-0.1296303110790195,-0.5710982876640169,-1.7919805353093423,-0.0247846243388539,-0.2343409415228712,0.3207515731274691,-0.9110757450299148,-0.5323758145750302,0.3255835398230383,-0.0405544673082477,-0.5282750931508925,-0.6835469884155753,-0.8306349688793797,-1.1582799786705944,-1.662891505011233,-1.520874902729505,-1.8363534790555147,-2.290019303044018,0.374780754011926,1.0321711628329389,-1.8559635510014447,-1.4115097866721784,0.1744279038062824,-0.93936525797423,-1.5855098106554013,0.3255835398230383,-1.662891505011233,-1.520874902729505,1.1011202463100254,0.0,0.0,0.0,0.0,其他,0,0,0.5,1.0,0,0.5682281059063137,0.020301926080166677,0.03643935450286295,0.2883435582822086,0.08997955010224949,0.05521472392638037,0.034764826175869123,0.5787321063394683,0.1656441717791411,0.5,0.5,0.5,0.5,0.5682281059063137,0.6435845213849287,0.5784114052953157
2025-10-13,37.6,37.99,37.3,37.87,856604.0,38.04600000000001,38.392,39.487,44.54,-0.0046259790779584,-0.0135965826213796,-0.0409501861372098,-0.1497530309833857,39.487,41.92813088547095,37.045869114529054,0.168801044294491,0.1236422562091202,-0.0143154606975535,-0.0189119170984457,-0.0412658227848101,-0.0743094597897824,0.0111307135503037,0.0090810474022323,0.0090788318261517,24.999999992521296,-1.6485728649152025,-1.78196648320035,0.1333936182851476,52234279.0,24.435227476231987,0.6292857142857164,0.8995231740859567,0.0090361445780393,0.0016008537886784,0.007921837866385,-0.0143154606975535,0.0090788318261517,24.999999992521296,-0.1865132388036881,0.0,0.0,0.0,0.5,-0.3914018831240724,-0.4631950285741273,-0.3214049933520504,-0.3486922753465322,-0.8529340460001273,-0.3207883713783225,-0.2668095087317528,-0.0603599132874497,1.4000652160209603,-0.1500571714715472,-0.333385136466849,-0.7268229812116388,-1.8832481311750493,-0.0603599132874497,-0.2515147580641213,0.2670297615318977,-1.1454830276811323,-0.5068716254155635,-0.4871957532007847,-0.3101390316107594,-0.5356297459533484,-0.827265064245397,-0.7430951912742018,-1.145731579723467,-1.6286529497492577,-1.4019546135039167,-1.780422948260248,-2.22648027119346,0.396332168854333,0.995158890053857,-1.7634959506777688,-1.3866924089822557,-0.1096276414651774,-1.398567014826696,-1.657141203173099,-0.4871957532007847,-1.6286529497492577,-1.4019546135039167,-0.4772486461621621,0.0,0.0,0.0,0.0,其他,0,0,0.5,1.0,0,0.7006109979633401,0.04779508846052294,0.049379456033799896,0.1574642126789366,0.10224948875255624,0.05930470347648262,0.07770961145194274,0.37423312883435583,0.1656441717791411,0.5,0.5,0.5,0.5,0.7006109979633401,0.7963340122199593,0.5641547861507128
2025-10-14,38.0,38.38,37.91,38.12,682427.0,38.062,38.297,39.338,44.43766666666667,0.0015238295412747,-0.004621771940361,-0.0309624281864864,-0.1421691808000721,39.338,41.7278346122032,36.9481653877968,0.2451706503443685,0.1215025986169671,0.0066015315553207,0.0021030494216613,-0.0243153314563604,-0.0725060827250608,0.0099795562928514,0.0093241607806236,0.0091847313555725,25.47770699879638,-1.5767337914972614,-1.7409199448597323,0.1641861533624709,52916706.0,30.111066684015057,0.6457142857142882,0.7352076688261819,0.0843373493950484,0.014941302027668,0.0107555089192026,0.0066015315553207,0.0091847313555725,25.47770699879638,-0.2033343295151551,0.0,0.0,0.0,0.5,-0.3069535225159718,-0.3830752250602502,-0.1849484477186851,-0.2955862215902258,-0.940557647147128,-0.3166878138903409,-0.2871685297409557,-0.095230670107034,1.3611655899064132,0.0332325811042845,-0.1509804142411053,-0.5704024488527467,-1.7829799576785097,-0.095230670107034,-0.2843672295749631,0.240214944394793,-0.9036463480376334,-0.5241484135552862,0.2294929189005381,-0.0093064457474425,-0.3515239540541471,-0.8082178027184899,-0.8137766272317393,-1.122910220199682,-1.606888740037295,-1.3673396312509871,-1.6972428551036811,-2.156701479344688,0.472834844554272,1.017734158260503,-1.416128958708581,-1.3550700544577865,-0.3620526430679777,-1.1806327799818417,-1.6037430225835794,0.2294929189005381,-1.606888740037295,-1.3673396312509871,-0.504214073242741,0.0,0.0,0.0,0.0,其他,0,0,0.5,1.0,0,0.5530612244897959,0.03331584470094451,0.05876180482686255,0.4139344262295082,0.15368852459016394,0.06147540983606557,0.09836065573770492,0.19672131147540983,0.23770491803278687,0.5,0.5,0.5,0.5,0.5530612244897959,0.689795918367347,0.5816326530612245
2025-10-15,38.0,38.44,37.69,38.41,753100.0,38.176,38.264,39.2135,44.34083333333333,0.0061295054484491,0.0038155969057076,-0.0204903923393728,-0.1337555676671239,39.2135,41.51864550288565,36.908354497114345,0.3257159908069305,0.1175689751172311,0.007607555089192,0.0150634249471457,-0.0085183273102737,-0.060880195599022,0.0097935440070511,0.0095504464415269,0.0095199196117723,28.803245427925987,-1.4793472377998285,-1.6886054034477516,0.2092581656479231,53669806.0,30.09032771642321,0.6721428571428595,0.8302695713643762,0.1716867469827788,0.030416221984896,0.0143191877115336,0.007607555089192,0.0095199196117723,28.803245427925987,0.1035612600322086,0.0,0.0,0.0,0.5,-0.3063260808186676,-0.3700683218093313,-0.2336611178692139,-0.2341165486666374,-0.9005686570806206,-0.2915657108133448,-0.2938451766488221,-0.1243348900853195,1.324526806123818,0.1704785165167823,0.0205070436533585,-0.4068256602847585,-1.6769380475839235,-0.1243348900853195,-0.318685708257932,0.2289920742183274,-0.650146954352049,-0.5569776779806337,0.2635171544307845,0.176223653335641,-0.1800100245404673,-0.7008105475717014,-0.822980824662436,-1.1015492921566472,-1.5645576275871853,-1.175651563659074,-1.5911792663340318,-2.0768973132392308,0.5851007869334102,1.042866512248316,-1.4089998193211826,-1.3095385450571146,-0.2148244923912827,-0.9311954363815688,-1.545504338344085,0.2635171544307845,-1.5645576275871853,-1.175651563659074,0.0102674991539807,0.0,0.0,0.0,0.0,其他,0,0,0.5,1.0,0,0.6632653061224489,0.015620932048945546,0.15594897162197352,0.49284253578732107,0.1290983606557377,0.06557377049180328,0.10450819672131148,0.48565573770491804,0.2459016393442623,0.5,0.5,0.5,0.5,0.6632653061224489,0.5897959183673469,0.8653061224489796
2025-10-16,38.4,38.8,38.1,38.17,918093.0,38.19799999999999,38.195,39.073,44.252833333333335,-0.0007330226713437,-0.0006545359340227,-0.0231105878739794,-0.1374563587265599,39.073,41.26454451664148,36.88145548335852,0.2939809131933044,0.1121769260940224,-0.0062483728195781,0.0028901734104045,-0.0177560473494595,-0.0685700341630062,0.0104039735684933,0.0095823808201939,0.0094675544269789,30.14861994857576,-1.4053338724850093,-1.631951097255203,0.2266172247701936,52751713.0,38.41313049861671,0.6707142857142878,0.998041297765788,0.0993975903584515,0.0176093916754662,0.0220068116321716,-0.0062483728195781,0.0094675544269789,30.14861994857576,0.2190851148585846,0.0,0.0,0.0,0.5,-0.221788119142456,-0.2960361471456141,-0.1415862497841565,-0.2841226108969181,-0.8118217168486722,-0.2862389091531817,-0.3084738305526429,-0.157209418517439,1.291011641842984,-0.0348315760196687,-0.0704091292678252,-0.4465072301907511,-1.700441315636562,-0.157209418517439,-0.3604913325081549,0.221257502429971,-0.7470599180394589,-0.6024126147076632,-0.2128128246589994,0.0013084390323798,-0.2797014186858895,-0.7680512191476414,-0.7816686305314984,-1.094515875030722,-1.5585230313244356,-1.0956482073232356,-1.5095411009201658,-1.9948119927901056,0.6273260384473983,1.0034554527789656,-0.9107960099535966,-1.304640035130819,0.0446264724665674,-1.1295627124491134,-1.5698033492567651,-0.2128128246589994,-1.5585230313244356,-1.0956482073232356,0.2039085339968517,0.0,0.0,0.0,0.0,其他,0,0,0.5,1.0,0,0.5693877551020409,0.00995546240502998,0.27953890489913547,0.5521472392638037,0.1598360655737705,0.06352459016393443,0.10450819672131148,0.7274590163934426,0.2827868852459016,0.5,0.5,0.5,0.5,0.5693877551020409,0.5469387755102041,0.9285714285714286
2025-10-17,38.2,38.35,37.73,37.81,696393.0,38.076,38.134,38.913500000000006,44.167,-0.0069860279441117,-0.0084963549588293,-0.0283577678697625,-0.1439309892000815,38.913500000000006,40.97500966654621,36.8519903334538,0.2323563362494412,0.1059534437427067,-0.0094314906995022,-0.0158771473191046,-0.0158771473191046,-0.0778048780487804,0.0098048667592265,0.0093891406725296,0.0095072376730691,31.34657835675821,-1.3600489409702163,-1.5775706659982058,0.2175217250279895,52055320.0,39.11013109557565,0.6592857142857166,0.7629075109404765,0.0,0.0,0.0367627611742924,-0.0094314906995022,0.0095072376730691,31.34657835675821,-0.2414788044348448,0.0,0.0,0.0,0.5,-0.2633918112528838,-0.387154935023098,-0.2241503135515242,-0.3593673718777566,-0.9245513880573584,-0.3119265659841791,-0.321324939100292,-0.1945672693885451,1.2586576118155832,-0.2218836587311219,-0.2299834851480342,-0.5269121933229773,-1.7521252425063902,-0.1945672693885451,-0.4081913549644531,0.2128352822756952,-0.936441930973826,-0.6549535848964889,-0.3218699425535758,-0.2683233708881231,-0.258736461958908,-0.8488923544373345,-0.8172922926433337,-1.1039064235918958,-1.5442208252437062,-1.024549673148662,-1.456867316001035,-1.91751786433211,0.6027882558211357,0.9728891062002112,-0.8663590082288619,-1.3141646426273372,-0.3191531970439457,-1.4009227565507223,-1.6072617637375008,-0.3218699425535758,-1.5442208252437062,-1.024549673148662,-0.5696604663371887,0.0,0.0,0.0,0.0,其他,0,0,0.5,1.0,0,0.6469387755102041,0.03834964295159993,0.16265538217402797,0.5664621676891616,0.19467213114754098,0.06557377049180328,0.1557377049180328,0.3770491803278688,0.3668032786885246,0.5,0.5,0.5,0.5,0.6469387755102041,0.6061224489795919,0.8224489795918367
2025-10-20,37.83,38.23,37.69,38.17,562187.0,38.136,38.091,38.764,44.08533333333333,0.000891546045731,0.0020739807303562,-0.0153234960272415,-0.1341791676748124,38.764,40.55554035458473,36.97245964541526,0.3342208707402794,0.0924332037240796,0.0095212906638455,0.007921837866385,-0.011139896373057,-0.0726433430515062,0.0087627494895922,0.0098593049764241,0.009830527079609,39.91031388881738,-1.2803522118470312,-1.5181269751679711,0.2377747633209399,52617507.0,45.28846192802704,0.6528571428571449,0.6347596052092365,0.1338289962775527,0.0191795418219542,0.0395598637673564,0.0095212906638455,0.009830527079609,39.91031388881738,-0.1927158946169763,0.0,0.0,0.0,0.5,-0.340758177923844,-0.410823296343865,-0.2326853441711767,-0.2826791953415548,-0.9910916995963034,-0.2983428384371324,-0.3301795103630814,-0.229548686075437,1.2279819289375131,0.0147176435954871,-0.013836720395842,-0.3228270263176869,-1.6343500187580602,-0.229548686075437,-0.4776267759437368,0.2449971846617216,-0.6157815242807101,-0.7708522771910326,0.3318338426564337,0.0747538282965459,-0.2067133004856635,-0.7994045362213246,-0.8808437241979443,-1.0650909715232162,-1.5043862724125387,-0.5444703009643236,-1.3719727292689043,-1.8367716893439632,0.6523528620829342,0.9910520981584232,-0.4974527317588387,-1.3164186541704153,-0.5168490948592326,-1.020831126894425,-1.539057118152385,0.3318338426564337,-1.5043862724125387,-0.5444703009643236,-0.486385210234325,0.0,0.0,0.0,0.0,其他,0,0,0.5,1.0,0,0.7128309572301426,0.028556457951270486,0.09798270893371752,0.6979591836734694,0.18609406952965235,0.06952965235173825,0.25153374233128833,0.3537832310838446,0.3885480572597137,0.5,0.5,0.5,0.5,0.7128309572301426,0.5336048879837068,0.7006109979633401
2025-10-21,38.17,38.69,38.17,38.53,799414.0,38.218,38.14,38.68,44.027166666666666,0.0081636925009156,0.0102254850550602,-0.0038779731127197,-0.1248585153863334,38.68,40.33868686172632,37.02131313827368,0.4547835087180469,0.0857645740290607,0.0094314906995021,0.0107555089192026,0.0128811777076762,-0.0417806515792091,0.0092439321802388,0.0091136514318292,0.0091227497728901,47.6614699183238,-1.1746028974637994,-1.449422159627137,0.2748192621633376,53416921.0,54.38357716170589,0.6057142857142875,0.9387054510953182,0.2676579925551055,0.0383590836439085,0.0223202699195432,0.0094314906995021,0.0091227497728901,47.6614699183238,0.4219716926930008,0.0,0.0,0.0,0.5,-0.268368638921914,-0.3158972211761194,-0.1243934852866064,-0.2060296561494363,-0.8642058255030756,-0.2800170327182571,-0.3186015235146664,-0.2489875373620546,1.2043757269656246,0.233113739746616,0.1528513960044978,-0.1436299788143772,-1.5238747154151009,-0.2489875373620546,-0.5128969150616793,0.2577292241073046,-0.2373018505063607,-0.8265046606701811,0.3280551907804248,0.1154772429000999,0.0553573717227054,-0.5177195012775521,-0.8473696951737576,-1.1148339360620907,-1.5589051735437411,-0.1103762079454458,-1.2632052411258607,-1.7479735632167623,0.7441285567940477,1.0182331987821474,0.044544996573227,-1.3768445816896056,-0.0440673042530254,-0.6431444359507976,-1.4723512831615155,0.3280551907804248,-1.5589051735437411,-0.1103762079454458,0.5493952752158967,0.0,0.0,0.0,0.0,其他,0,0,0.5,1.0,0,0.7169042769857433,0.01738904749545811,0.10277705683882687,0.5510204081632653,0.24335378323108384,0.04703476482617587,0.2310838445807771,0.5950920245398773,0.3537832310838446,0.5,0.5,0.5,0.5,0.7169042769857433,0.5784114052953157,0.8167006109979633
2025-10-22,38.54,39.09,38.54,38.96,1050176.0,38.328,38.252,38.6065,43.9765,0.0164892506783553,0.0185088361392868,0.0091564891922346,-0.1140722886086885,38.6065,40.055728833044206,37.15727116695579,0.6219614155741214,0.075076934352529,0.0111601349597716,0.0143191877115336,0.029598308668076,-0.0363591392530299,0.0098803995630105,0.0092747984005439,0.009453667617914,51.04166665177953,-1.044063088243078,-1.3683503453503254,0.3242872571072472,54467097.0,55.70698035497218,0.5992857142857159,1.2150115082800148,0.4275092936644047,0.0612679808201317,0.001283367556468,0.0111601349597716,0.009453667617914,51.04166665177953,0.3136822722644337,0.0,0.0,0.0,0.5,-0.1896735620959648,-0.2333211243273975,-0.040870552737754,-0.1145739629167349,-0.7309085982002188,-0.2556427419703343,-0.2930205565230282,-0.2659256103194575,1.1832224135805616,0.4830064255804595,0.3221809864801938,0.0603923411284535,-1.4005446935058137,-0.2659256103194575,-0.5592149567661654,0.2941167735109077,0.2872005234521878,-0.9168463710412232,0.3871177330727229,0.1667435872882816,0.2376875358550911,-0.4672642309703088,-0.8042170013000671,-1.0983907545847524,-1.5183894651396748,0.0790445452928759,-1.1318317337600714,-1.6477833556795405,0.866841205440167,1.0548713669828185,0.1233341324490869,-1.3783409069804675,0.3856228370036971,-0.1932581832700038,-1.3963871329528357,0.3871177330727229,-1.5183894651396748,0.0790445452928759,0.3656856678963005,0.0,0.0,0.0,0.0,其他,0,0,0.5,1.0,0,0.4448979591836735,0.021560574948665145,0.047227926078028615,0.6625766871165644,0.3073770491803279,0.05737704918032787,0.3729508196721312,0.7930327868852459,0.46311475409836067,0.5,0.5,0.5,0.5,0.4448979591836735,0.5795918367346938,0.673469387755102
2025-10-23,38.98,39.18,38.71,39.01,878154.0,38.496,38.347,38.532,43.85666666666667,0.0133520365752284,0.0172894880955485,0.0124052735388768,-0.1105115147830053,38.532,39.69662960002893,37.367370399971065,0.7052154607428859,0.0604499948108537,0.001283367556468,0.0220068116321716,0.0249605885444035,-0.0367901234567902,0.0086351929082615,0.0092304437892958,0.0094453676271471,56.68934238563149,-0.9259015501010808,-1.2798605863004766,0.3539590361993958,55345251.0,62.78006505348063,0.5914285714285725,1.0064375493532078,0.5381165919041192,0.0639318060731807,-0.01179184824404,0.001283367556468,0.0094453676271471,56.68934238563149,-0.1638030196843195,0.0,0.0,0.0,0.5,-0.096175765120529,-0.2144003721415309,-0.0024543877700674,-0.1037530908686937,-0.8184958047711247,-0.2187026246556284,-0.2712469947094975,-0.2830953119257373,1.1429255476885758,0.387458569471394,0.2965015808660359,0.1111534369027191,-1.354102518466474,-0.2830953119257373,-0.6182379631408262,0.3506518090590328,0.5477799792495291,-1.040818812599538,0.0443425061301758,0.2776740537565224,0.1865134102712878,-0.4700559589074291,-0.8808923815789396,-1.0970075670278394,-1.5092624047717336,0.3955191868202755,-1.0135169466409817,-1.5415314382769332,0.9389102807639426,1.0845967319822536,0.5451689945513762,-1.3818650586680403,0.0599347506195376,0.1181217364359025,-1.379246401018913,0.0443425061301758,-1.5092624047717336,0.3955191868202755,-0.4413064352038603,0.0,0.0,0.0,0.0,其他,0,0,0.5,1.0,0,0.5030549898167006,0.03768264547551903,0.005126890540886997,0.5693877551020409,0.2883435582822086,0.05521472392638037,0.4233128834355828,0.6196319018404908,0.4049079754601227,0.5,0.5,0.5,0.5,0.5030549898167006,0.6843177189409368,0.5437881873727087
2025-10-24,39.0,39.27,38.8,39.2,807250.0,38.774,38.425,38.49,43.71833333333333,0.0109867436942281,0.0201691607026677,0.018446349701221,-0.1033509969120505,38.49,39.47189934096621,37.50810065903379,0.8615441880301051,0.051021010182575,0.0048705460138427,0.0367627611742924,0.0203019260801666,-0.0209790209790209,0.004076434278101,0.0089564569980219,0.0092793763302492,56.78733029875517,-0.8076165666647839,-1.185411782373338,0.3777952157085542,56152501.0,70.393892411132,0.5807142857142874,0.9469160448809466,0.8224852070519254,0.074054342034768,0.0015306122448979,0.0048705460138427,0.0092793763302492,56.78733029875517,-0.0807421021825328,0.0,0.0,0.0,0.5,-0.0917574861867504,-0.1954874429545784,0.0178860703413559,-0.0631737486492465,-0.8529556528362836,-0.1578729840028057,-0.2532833211764829,-0.2925098807592704,1.097931126459115,0.3152899271198929,0.3550530760072773,0.2057200030710831,-1.271279292185444,-0.2925098807592704,-0.6544395045728991,0.388230174835574,1.0361571395061662,-1.1185178345972366,0.1687188566438953,0.4909065852256637,0.1351219006247645,-0.3250525495700226,-1.16729643858583,-1.1122869508366535,-1.5145210814683725,0.4001445367098151,-0.8959128288498789,-1.4306423392583334,0.995791566074312,1.1113483260128176,0.9975045474706572,-1.3894130308212067,-0.0330928817951814,0.917512715700376,-1.3413048376149572,0.1687188566438953,-1.5145210814683725,0.4001445367098151,-0.2999494723394758,0.0,0.0,0.0,0.0,其他,0,0,0.5,1.0,0,0.5539714867617108,0.015816326530612157,-0.03826530612244894,0.6469387755102041,0.30879345603271985,0.05930470347648262,0.4458077709611452,0.5276073619631901,0.5766871165644172,0.5,0.5,0.5,0.5,0.5539714867617108,0.515274949083503,0.4623217922606925
2025-10-27,39.3,39.9,39.02,39.68,1297319.0,39.076,38.606,38.499,43.62866666666667,0.0154570580407411,0.0278195099207376,0.0306761214577,-0.0905062420732546,38.499,39.52230527420264,37.47569472579737,1.0770516529451752,0.0531600963245786,0.0122448979591835,0.0395598637673564,0.0477950884605229,0.0045569620253165,0.0046031936601026,0.0073607711549178,0.0092434718829973,68.89400919436605,-0.6674489407283914,-1.0818192140443488,0.4143702733159573,57449820.0,80.16812063301104,0.5928571428571442,1.4853295656227437,0.999999999946524,0.0996270644640402,-0.0105846774193548,0.0122448979591835,0.0092434718829973,68.89400919436605,0.6070845462991639,0.0,0.0,0.0,0.5,-0.027847194789489,-0.0653395653162041,0.0676548950649175,0.0391660827594735,-0.5945229533477371,-0.091826943305619,-0.2122893044659206,-0.2897418701862385,1.0671343286715491,0.4497012357343971,0.511656082240048,0.397478720994023,-1.130906674987808,-0.2897418701862385,-0.6441134116497088,0.3785148164749572,1.7020213463689593,-1.0950367280023288,0.424602668816208,0.5303387899276926,0.4364566083485369,-0.0914115285669422,-1.1288426645469587,-1.223049094391839,-1.508007841695943,1.0781791531597908,-0.7578353380756068,-1.3115044015727852,1.0843399666395968,1.156699406368617,1.5725677324128835,-1.364442067690824,0.8080355056472843,1.4104396619900192,-1.26027046782691,0.424602668816208,-1.508007841695943,1.0781791531597908,0.8648523396334415,0.0,0.0,0.0,0.0,其他,0,0,0.5,1.0,0,0.3340122199592668,0.0015120967741935054,-0.037550403225806495,0.7142857142857143,0.40899795501022496,0.05930470347648262,0.8510204081632653,0.8179959100204499,0.6605316973415133,0.5,0.5,0.5,0.5,0.3340122199592668,0.3380855397148676,0.45417515274949083
2025-10-28,39.6,39.95,39.36,39.39,906714.0,39.248000000000005,38.733,38.515,43.54433333333333,0.0036180187525478,0.0169622802261637,0.0227184213942619,-0.0954046833495364,38.515,39.58484504534677,37.44515495465323,0.9089377259421216,0.055554721295287,-0.0073084677419354,0.0223202699195432,0.0333158447009445,0.0081904274379318,0.0079726458742836,0.0082258478845585,0.009048823900303,67.49435663781216,-0.573158647566359,-0.9800871007487508,0.4069284531823918,56543106.0,87.16338311543547,0.6121428571428587,1.040867330896683,0.8449197860510741,0.0841768779963548,-0.0048235592790047,-0.0073084677419354,0.009048823900303,67.49435663781216,-0.3010863172434844,0.0,0.0,0.0,0.5,0.0360638762860059,-0.0549013575579817,0.1446342940154653,-0.0227790756131549,-0.7972071980039728,-0.0541397344584097,-0.1834117665001683,-0.2853042639265549,1.0381778832179571,0.0903882885475442,0.2867898770311834,0.2713452943441843,-1.1755991200960063,-0.2853042639265549,-0.6317795719397438,0.369324899130407,1.168920299393666,-1.06956956185179,-0.2568359923234669,0.2786467441812664,0.2764384598309456,-0.0580142791179713,-0.9105140047631743,-1.1548123800735264,-1.5158553687180276,0.9955094312764912,-0.6646040839274144,-1.1957746165365897,1.0613380019510787,1.1169865149323062,1.9718547322666948,-1.329714230378498,0.1108286681518536,0.9697213785193464,-1.296465694045254,-0.2568359923234669,-1.5158553687180276,0.9955094312764912,-0.6756622131140774,0.0,0.0,0.0,0.0,其他,0,0,0.5,1.0,0,0.4224489795918367,0.024625539477024505,-0.023356181772023366,0.7198364008179959,0.41598360655737704,0.05942622950819672,0.820040899795501,0.6864754098360656,0.6331967213114754,0.5,0.5,0.5,0.5,0.42244897959183675,0.4959183673469388,0.46938775510204084
2025-10-29,39.25,39.55,38.74,39.01,932914.0,39.258,38.793,38.5285,43.44200000000001,-0.0063171837587244,0.0055937926945581,0.0124972423011537,-0.1020210855853783,38.5285,39.61695182181915,37.44004817818084,0.7211857200639082,0.0565011262736068,-0.0096471185580097,0.001283367556468,0.0156209320489455,0.0069695405265874,0.0089634088686077,0.0089983550245078,0.0091146780845286,60.34858385958862,-0.5230661540754937,-0.8886829114140994,0.3656167573386056,55610192.0,79.79943062441136,0.6514285714285722,1.0918688707285398,0.6417112299122065,0.0639318060731807,0.0202512176365035,-0.0096471185580097,0.0091146780845286,60.34858385958862,0.0288955503058296,0.0,0.0,0.0,0.5,-0.0386414021341997,-0.1375072884620727,0.0035148906978723,-0.1039611227937157,-0.7811655283957317,-0.0518552428651915,-0.1695866385507822,-0.2814719888963657,1.004462023640374,-0.2111523463704573,0.0514411076765868,0.1095551557562644,-1.2374432840004712,-0.2814719888963657,-0.6246394205301989,0.3671147928689197,0.5785315787359419,-1.056917405812648,-0.3378553163561001,-0.0282815501315321,0.081072426293112,-0.0690849810936382,-0.8445333657905654,-1.0939399905172176,-1.500280721052486,0.5912779488965509,-0.6144183945502595,-1.0922853153018544,0.9532057419892154,1.0766311997137126,1.5246611373166707,-1.2671342833682957,0.1905795604202808,0.3961006620242581,-1.345634001315547,-0.3378553163561001,-1.500280721052486,0.5912779488965509,-0.1145020215876361,0.0,0.0,0.0,0.0,其他,0,0,0.5,1.0,0,0.6334012219959266,0.13816970007690332,-0.028966931556011155,0.44285714285714284,0.3231083844580777,0.05521472392638037,0.6714285714285714,0.6912065439672802,0.5194274028629857,0.5,0.5,0.5,0.5,0.6334012219959266,0.9185336048879837,0.4745417515274949
2025-10-30,39.0,39.01,38.51,38.55,617800.0,39.166,38.831,38.513000000000005,43.30983333333334,-0.0157279272838686,-0.0072364863124824,0.0009607145639132,-0.1099019083426012,38.513000000000005,39.5903476201938,37.43565237980621,0.5171718019582291,0.0559472188710825,-0.01179184824404,-0.01179184824404,0.0099554624050299,-0.007977354606279,0.0103938369454317,0.0096796923727855,0.0094822768744546,51.38592748999135,-0.514554187316314,-0.8138571665945423,0.2993029792782283,54992392.0,73.81802560707857,0.6457142857142861,0.7275657748961191,0.395721925112526,0.039424613745128,0.050064850843061,-0.01179184824404,0.0094822768744546,51.38592748999135,-0.3377738998450018,0.0,0.0,0.0,0.5,-0.091982347102211,-0.2490901593072466,-0.0488406224294795,-0.2022620864896375,-0.9435920918528548,-0.0719025228577669,-0.1607149088197657,-0.2846090648575199,0.9626752397653862,-0.4965305305322025,-0.2141421512055296,-0.0730231830870626,-1.3114141699065265,-0.2846090648575199,-0.6274712737557412,0.3651064756901365,-0.0620728698512104,-1.0574154645876104,-0.412032412685634,-0.2190137435871437,0.0184185972484217,-0.2061227626107318,-0.750922761841428,-1.0402007335692425,-1.458054168894635,0.0853786401019457,-0.6046533117569018,-1.0074861877632828,0.7826244142796217,1.0487258146133132,1.1649964731853533,-1.2690076844295552,-0.3820426121544191,-0.2977209737896936,-1.4059698839792207,-0.412032412685634,-1.458054168894635,0.0853786401019457,-0.7368817186327252,0.0,0.0,0.0,0.0,其他,0,0,0.5,1.0,0,0.7983706720977597,0.26692607003891067,-0.00025940337224383825,0.5040816326530613,0.3558282208588957,0.0736196319018405,0.5469387755102041,0.2085889570552147,0.49693251533742333,0.5,0.5,0.5,0.5,0.7983706720977597,0.9653767820773931,0.5784114052953157
2025-10-31,38.55,39.29,38.52,39.26,835759.0,39.178,38.976,38.555,43.16933333333334,0.0020930113839399,0.0072865353037767,0.0182855660744389,-0.0905581122401707,38.555,39.68145695131162,37.428543048688375,0.8129280702195576,0.0584337674132383,0.0184176394293125,0.0015306122448979,0.0383496429515999,0.0218636127017177,0.0139099040850005,0.0103194267036857,0.0099905498004272,64.32989688864706,-0.4453832254945382,-0.7401623783745416,0.2947791528800033,55828151.0,80.93205659355922,0.6207142857142856,0.980056892525474,0.7754010694772501,0.0772509323384268,0.0142638818135507,0.0184176394293125,0.0099905498004272,64.32989688864706,0.3527986403366785,0.0,0.0,0.0,0.5,-0.1881200826468398,-0.1905334690097525,-0.0464729640221579,-0.0495991451734348,-0.8264897863499059,-0.0691394668389863,-0.1277309899587003,-0.2739152776755363,0.9189035712560268,0.0466909322993278,0.0873259971530563,0.2015018960792469,-1.1043706396424162,-0.2739152776755363,-0.6103452051384035,0.3623588515356841,0.8656501522547134,-1.0315308756448052,0.6449940067416224,-0.0238615279951402,0.3321583039580143,0.06867899636465,-0.5247244066906323,-0.989903932598981,-1.4039796495064,0.8145898344484983,-0.5360761448032888,-0.9244999156491396,0.7689348025514572,1.0768870780581907,1.575831194610541,-1.2981264556216523,0.0160448628571932,0.7736543769368401,-1.2902699099468282,0.6449940067416224,-1.4039796495064,0.8145898344484983,0.4391936114433294,0.0,0.0,0.0,0.0,其他,0,0,0.5,1.0,0,0.4378818737270876,0.11971472236372915,-0.018593988792664162,0.5551020408163265,0.46421267893660534,0.08997955010224949,0.826530612244898,0.5276073619631901,0.6523517382413088,0.5,0.5,0.5,0.5,0.4378818737270876,0.8676171079429735,0.4439918533604888
2025-11-03,39.26,39.4,39.08,39.26,564666.0,39.094,39.085,38.588,43.00366666666666,0.0042461758837673,0.0044774210055009,0.0174147403337825,-0.087054592244072,38.588,39.75784209460772,37.418157905392285,0.7872182506591273,0.0606324294912762,0.0,-0.0105846774193548,0.0285564579512704,0.0170984455958549,0.0122820681375697,0.0101729646606405,0.0099576629792376,62.39130432883745,-0.3861138596740616,-0.6693526746344457,0.283238814960384,55828151.0,80.76883869896783,0.6071428571428567,0.6757699448209653,0.7754010694772501,0.0772509323384268,0.0122261844116149,0.0,0.0099576629792376,62.39130432883745,-0.3243674312810272,0.0,0.0,0.0,0.5,-0.0355573537116684,-0.1673212998956281,0.0815298433196289,-0.0495105957943404,-0.9657574983860576,-0.0874715532127366,-0.1028799610079554,-0.265399511718894,0.8683792444378214,0.1122485072707351,0.0288219668890159,0.1872859565734149,-1.0627484564719645,-0.265399511718894,-0.5957750756211186,0.3587164739673864,0.7822861571802783,-1.008369458623782,-0.0011195598941059,-0.2012362617267298,0.2230987144154916,0.0246436113775339,-0.6274265215174043,-0.9968795378672356,-1.398912963083729,0.7029523806561723,-0.4772553814962416,-0.8451119769484269,0.7375637565227269,1.0727420646267425,1.5561100310947638,-1.310765735182992,-0.4635917454214056,0.7712892814372422,-1.282517214098814,-0.0011195598941059,-1.398912963083729,0.7029523806561723,-0.7147187256947704,0.0,0.0,0.0,0.0,其他,0,0,0.5,1.0,0,0.4175152749490835,0.0674987264391238,0.004330106979113735,0.3326530612244898,0.3783231083844581,0.08793456032719836,0.726530612244898,0.18813905930470348,0.556237218813906,0.5,0.5,0.5,0.5,0.4175152749490835,0.7739307535641547,0.5621181262729125
2025-11-04,39.5,39.5,39.01,39.2,598100.0,39.056,39.152,38.646,42.77666666666667,0.0036870135190496,0.0012259910093992,0.0143352481498733,-0.0836125613652303,38.646,39.81646819242304,37.47553180757696,0.7366574348250664,0.0605738338984634,-0.0015282730514517,-0.0048235592790047,0.0173890474954581,0.0304942166140904,0.0119323077121189,0.0099755067966698,0.0093023641246513,59.03890158291669,-0.3400639136912318,-0.6034949224458029,0.2634310087545711,55230051.0,75.28104179766669,0.5885714285714282,0.7371400126032333,0.7433155079816423,0.074054342034768,0.0295918367346939,-0.0015282730514517,0.0093023641246513,59.03890158291669,0.0592102233886935,0.0,0.0,0.0,0.5,0.0160556386622104,-0.146196501983483,0.0653658910286225,-0.0623392575074953,-0.94496793547807,-0.0956778076119249,-0.0875325224992909,-0.2508548961886051,0.8008869818107139,0.0949666505113357,-0.0388864159934453,0.1379675282637188,-1.0221949479027082,-0.2508548961886051,-0.5842707621394878,0.3737663968275372,0.6213456343701411,-1.0050046942197004,-0.0547321815630742,-0.1163474325531388,0.0988263961628253,0.148251334051139,-0.6481889045812014,-1.007506922087868,-1.4492230840390674,0.5119220993944023,-0.4313944597513938,-0.771458205031153,0.6853815250560803,1.0456833721972734,1.227152597410052,-1.3302997200337492,-0.3657003150893955,0.6785117926128592,-1.2838641112602356,-0.0547321815630742,-1.4492230840390674,0.5119220993944023,-0.0593090794566884,0.0,0.0,0.0,0.0,其他,0,0,0.5,1.0,0,0.5775510204081633,0.08392857142857135,-0.005102040816326592,0.4212678936605317,0.5307377049180327,0.06557377049180328,0.6850715746421268,0.32515337423312884,0.556237218813906,0.5,0.5,0.5,0.5,0.5775510204081633,0.8571428571428571,0.4959183673469388
2025-11-05,39.2,40.37,39.19,39.8,1848000.0,39.214,39.236,38.744,42.54333333333333,0.0149436425766307,0.0143745539810378,0.0272558331612635,-0.0644832719580036,38.744,39.95773542595199,37.53026457404801,0.9350206714442014,0.0626541103628358,0.0153061224489794,0.0202512176365035,0.0215605749486651,0.051797040169133,0.0125659104355312,0.0104824135765855,0.0096412791051652,67.23044395473093,-0.2522462761009052,-0.5332451931768234,0.2809989170759182,57078051.0,77.23578369651587,0.6228571428571428,2.1417482715639458,0.9999999999497488,0.1060202450713582,0.1155778894472361,0.0153061224489794,0.0096412791051652,67.23044395473093,2.0897843170038457,0.0,0.0,0.0,0.5,-0.0485256759985577,0.0355342597038412,0.1065129675401517,0.0671711913468407,-0.28666743357632,-0.0606608922716486,-0.0683334812236191,-0.226643510886846,0.7319852126078773,0.4390700131218215,0.235262741313522,0.3434251679638319,-0.8200977130057311,-0.226643510886846,-0.5587339451426173,0.3880750316300075,1.240988495955378,-0.9831034979043676,0.5367340876042769,0.2523733052489102,0.1449922503103717,0.3449165171418726,-0.606007506314773,-0.9670972127723544,-1.4106415872178153,0.972855743738104,-0.3448656422149936,-0.6933558362776818,0.7281299079663434,1.1127275700491823,1.3351886685329148,-1.2752283439191936,1.844701987746284,1.3983793887092957,-1.1867078316799118,0.5367340876042769,-1.4106415872178153,0.972855743738104,3.3409650691564328,0.0,0.0,0.0,0.0,其他,0,0,0.5,1.0,0,0.9368635437881874,0.025125628140703515,-0.017336683417085386,0.6326530612244898,0.6020408163265306,0.0836734693877551,0.7857142857142857,0.9326530612244898,0.6428571428571429,0.5,0.5,0.5,0.5,0.9368635437881874,0.7230142566191446,0.5071283095723014
2025-11-06,39.8,40.66,39.58,40.48,2071200.0,39.6,39.383,38.865,42.331,0.0222222222222221,0.0278546581012111,0.0415540975170463,-0.0437268195884813,38.865,40.260519145053486,37.4694808549465,1.0786377082738747,0.0718136701427969,0.0170854271356784,0.050064850843061,0.037682645475519,0.0635838150289016,0.0097725704126234,0.0114754720740814,0.0101564108611995,76.43564354316635,-0.1263236680224153,-0.4518608881459418,0.3255372201235264,59149251.0,84.51211122992652,0.6557142857142851,2.211724929205741,0.9999999999625468,0.1422482685128274,0.206521739130435,0.0170854271356784,0.0101564108611995,76.43564354316635,0.1207792207792208,0.0,0.0,0.0,0.5,0.0808957476324034,0.0960690067585942,0.1958772805196403,0.2139509745336159,-0.1687114441421265,0.0247289575994154,-0.0348301864993657,-0.1968686062324087,0.6693537272917485,0.6607983312409131,0.516086524219462,0.5705480133974875,-0.6021683639184242,-0.1968686062324087,-0.505720196162425,0.3704159081868289,1.6811763403550997,-0.8998413391714805,0.5980165617914021,0.6902626700106754,0.324133461955964,0.4532832792837185,-0.7832887167998035,-0.8917541741177598,-1.3570449489249674,1.4859330527542105,-0.2211692011521833,-0.603449924970246,0.8390877078820679,1.1877208653858171,1.7493162733073164,-1.2228276878313766,1.9373687780502264,1.3905783853288736,-1.0787710549981526,0.5980165617914021,-1.3570449489249674,1.4859330527542105,0.0332226825327314,0.0,0.0,0.0,0.0,其他,0,0,0.5,1.0,0,0.9816700610997964,-0.03137351778656117,-0.04668972332015797,0.7979591836734694,0.6918367346938775,0.10408163265306122,0.8857142857142857,0.9448979591836735,0.7244897959183674,0.5,0.5,0.5,0.5,0.9816700610997964,0.35234215885947046,0.395112016293279
2025-11-07,40.39,40.39,39.81,39.82,1073400.0,39.712,39.445,38.935,42.10566666666667,0.002719580983078,0.0095069083534033,0.0227301913445487,-0.0542840631110619,38.935,40.37623485065312,37.49376514934687,0.807028379003688,0.0740328676332052,-0.0163043478260869,0.0142638818135507,0.0158163265306121,0.0364393545028629,0.0137109819156557,0.0130889795045118,0.0109175334217911,65.42056073054417,-0.0788763406745829,-0.37726397865167,0.298387637977087,58075851.0,77.47693458072612,0.6649999999999991,1.144980151650669,0.7528089887358507,0.107085775172578,0.1039678553490708,-0.0163043478260869,0.0109175334217911,65.42056073054417,-0.481749710312862,0.0,0.0,0.0,0.5,0.2081443656224146,0.0393807870213842,0.2484173793241404,0.0707373965806218,-0.6937500947261853,0.0494743359395184,-0.0206629390265051,-0.1794868931293524,0.6032783827557008,0.0614002557599068,0.1314726327541572,0.2687179560972104,-0.7098552421812537,-0.1794868931293524,-0.4847611086493579,0.3763523212692229,0.8257278651654419,-0.8774686268836973,-0.5790314962687424,0.1614313244331883,0.079726502621818,0.2005467909368767,-0.5287282420778585,-0.7718244242784775,-1.282420311016497,0.8599506290198496,-0.1743204895413832,-0.5211181881856908,0.7677128239446843,1.141586468193824,1.3307641008023274,-1.2041563119720404,0.2629775747005113,0.690317600911777,-1.1721619870202753,-0.5790314962687424,-1.282420311016497,0.8599506290198496,-0.9773611518971878,0.0,0.0,0.0,0.0,其他,0,0,0.5,1.0,0,0.9185336048879836,-0.05323957810145652,-0.02084379708689099,0.43673469387755104,0.5795918367346938,0.14285714285714285,0.6632653061224489,0.7204081632653061,0.5795918367346938,0.5,0.5,0.5,0.5,0.9185336048879837,0.48676171079429736,0.5193482688391039
2025-11-10,39.82,39.92,39.5,39.74,694973.0,39.808,39.451,39.0285,41.86866666666666,-0.0017081993569131,0.0073255430787559,0.018230267624941,-0.0508415203095392,39.0285,40.42061728181071,37.63638271818928,0.7555459978914323,0.0713384978570606,-0.0020090406830738,0.0122261844116149,0.0015120967741935,0.0493794560337998,0.0138464154925434,0.0125726231195889,0.0102872217691383,61.93293883891402,-0.0471853994098054,-0.3112482628032971,0.2640628633934916,57380878.0,72.41926202114765,0.6578571428571424,0.7477636559725316,0.722846441920494,0.1028236547676994,0.0546049320583792,-0.0020090406830738,0.0102872217691383,61.93293883891402,-0.3525498416247438,0.0,0.0,0.0,0.5,0.0844819850926738,-0.0592480420937207,0.1765389113417518,0.053269124542669,-0.8909321828647094,0.0706723896701143,-0.0192581793425735,-0.1563937471492755,0.534092477879964,-0.0747689632437615,0.0855366211593807,0.1961846672078066,-0.6717606203075682,-0.1563937471492755,-0.476046221940501,0.4151278490774388,0.6621878470252981,-0.8980044205581609,-0.0737851795659308,0.131057805627294,-0.0802057800913144,0.3203946773433889,-0.518827454463597,-0.8070782241890151,-1.3317527123443258,0.6607842206208083,-0.1429313804012962,-0.4482534236201679,0.6783939452083615,1.1103711441611557,1.0312891580034529,-1.2087817553431055,-0.3606420437859833,0.6040344594432023,-1.1779512872201696,-0.0737851795659308,-1.3317527123443258,0.6607842206208083,-0.7578115285507709,0.0,0.0,0.0,0.0,其他,0,0,0.5,1.0,0,0.8513238289205702,-0.03900352289884257,-0.022647206844489176,0.4163265306122449,0.563265306122449,0.12244897959183673,0.6040816326530613,0.2653061224489796,0.4326530612244898,0.5,0.5,0.5,0.5,0.8513238289205702,0.6293279022403259,0.5498981670061099
2025-11-11,39.88,40.36,39.69,40.36,1206000.0,40.04,39.548,39.1405,41.64633333333334,0.0079920079920079,0.020532011732578,0.0311569857308924,-0.0308870728915712,39.1405,40.58433225443526,37.696667745564746,0.9223136019304272,0.0737768937255052,0.0156014091595368,0.0295918367346939,0.0246255394770245,0.0587618048268625,0.0146908627829343,0.0131232164035794,0.0106675879612271,63.30798477402452,0.0276401004220616,-0.2434705901582253,0.271110690580287,58586878.0,72.78828740257693,0.6657142857142853,1.2620599455451482,0.9550561797395118,0.1358550879055094,0.0527750247770069,0.0156014091595368,0.0106675879612271,63.30798477402452,0.7353192138399622,0.0,0.0,0.0,0.5,0.097334525252073,0.0332872759382143,0.2200696419868419,0.187819808214982,-0.6192574037473996,0.1220784738806219,0.0029234826780827,-0.1287964720766252,0.4692516632930576,0.2239529031118748,0.3624603938620442,0.4029475844988168,-0.461999169092539,-0.1287964720766252,-0.4469064860902707,0.4309739273823096,1.1813465650701886,-0.8737410942455708,0.5483123681946321,0.3875396908163391,0.1785938231494659,0.4070314004539916,-0.4633623737005342,-0.7646651830688344,-1.291260191515565,0.7366119594690026,-0.0691737576278877,-0.373565768515618,0.694587948295158,1.152204680224152,1.0487921812211602,-1.1923153195599632,0.4481035634385059,1.2553762108580375,-1.079336982161175,0.5483123681946321,-1.291260191515565,0.7366119594690026,1.070386298926534,0.0,0.0,0.0,0.0,其他,0,0,0.5,1.0,0,0.8922764227642277,-0.04682854311199214,-0.04385530227948453,0.5743380855397149,0.5804480651731161,0.13238289205702647,0.615071283095723,0.7494908350305499,0.5804480651731161,0.5,0.5,0.5,0.5,0.8922764227642277,0.4898373983739837,0.5142276422764228
2025-11-12,40.29,44.4,40.0,44.4,6234261.0,40.96,40.087,39.44,41.513000000000005,0.0839843750000002,0.107590989597625,0.1257606490872211,0.0695444800423961,39.44,42.16365080071045,36.716349199289546,1.410542570024974,0.1381161663642771,0.1000991080277502,0.1155778894472361,0.1381697000769033,0.1559489716219735,0.0452885802706223,0.0328645815993167,0.0242329800067326,79.13513512315797,0.4082282828299526,-0.1131308155605897,0.5213590983905423,64821139.0,80.72048053810818,0.946428571428571,5.069994343460171,0.9999999999848256,0.3510921683518854,-0.0810810810810811,0.1000991080277502,0.0242329800067326,79.13513512315797,4.169370646766169,0.0,0.0,0.0,0.5,0.1861527895245132,0.8822132543873621,0.2913207368918427,1.06429716232393,2.0237542789294887,0.3265220035700355,0.1262031717165509,-0.0554143658367815,0.4299398305949646,2.537299813959536,2.172982350789143,1.908177521542626,0.5876099544938028,-0.0554143658367815,-0.1747518492616298,0.1570022705718334,2.673973221304382,-0.3091244086979636,3.4613519915698245,1.6523202357222646,1.4456834190523975,1.3084302113020987,1.5040228484763891,0.6763696782664423,-0.0813954470585085,1.6232985491002792,0.305439231232146,-0.2307310966821772,1.3278163545196913,1.3856042947725864,1.5031213983887417,-0.7922876626376443,5.9904947518421645,1.3749996196967886,-0.4695175703441379,3.4613519915698245,-0.0813954470585085,1.6232985491002792,6.338438456588552,0.0,0.0,0.0,0.0,其他,0,0,0.5,1.0,0,0.054989816700611,-0.1468468468468468,-0.13693693693693687,0.9346938775510204,0.8653061224489796,0.6591836734693878,0.9387755102040817,0.9959183673469387,0.9244897959183673,0.5,0.5,0.5,0.5,0.054989816700611,0.04073319755600815,0.04480651731160896
2025-11-13,46.46,48.84,46.25,48.84,10034117.0,42.632,41.116,39.9735,41.43533333333333,0.1456183148808407,0.1878587411226773,0.2218094487598034,0.178704165527006,39.9735,44.92147045049254,35.02552954950746,1.3959734186546928,0.2475625327019231,0.1,0.206521739130435,0.2669260700389106,0.2795389048991354,0.0564375045618065,0.0412530473474122,0.0315830655575364,85.70370369481596,1.0559457671694972,0.1206845009854277,0.9352612661840696,74855256.0,87.65504936001416,1.229999999999999,5.953411508574453,0.9999999999909338,0.5876398508226554,-0.1971744471744472,0.1,0.0315830655575364,85.70370369481596,0.609511857139122,0.0,0.0,0.0,0.5,1.5212346092481357,1.8050479808505309,1.7291309444605092,2.013745889646392,3.908166309805879,0.697995421196364,0.3616819965908264,0.0752206791349572,0.4066166439412167,4.269765921033973,3.746225114485787,3.3655731889446585,1.7169482415286992,0.0752206791349572,0.3001565449528139,-0.3152376455507075,2.590662052091027,0.6501654333923675,3.381926990738512,2.94567804903302,2.841211647082852,2.429671470899758,2.19935430637494,1.283887271385616,0.5738594842378828,1.97676626405012,0.941891678799188,0.0251198224579581,2.357024405329591,1.7594107829824712,1.8912911056917083,-0.3894853380536968,6.6461229477728825,1.3676354062355447,0.1999945247902372,3.381926990738512,0.5738594842378828,1.97676626405012,0.7725127868716799,0.0,0.0,0.0,0.0,其他,0,0,0.5,1.0,0,0.0040816326530612,-0.210892710892711,-0.2237919737919739,0.9815950920245399,0.9284253578732107,0.8139059304703476,0.9734151329243353,0.9979550102249489,0.9754601226993865,0.5,0.5,0.5,0.5,0.004081632653061225,0.01020408163265306,0.00816326530612245
2025-11-14,45.01,46.79,43.96,43.96,10211075.0,43.46,41.586,40.28099999999999,41.25383333333333,0.0115048320294524,0.0570865195017553,0.0913333829845339,0.0655979444334466,40.28099999999999,45.423429898711085,35.1385701012889,0.8577102724177483,0.2553278170203484,-0.0999180999180999,0.1039678553490708,0.1197147223637291,0.1626553821740279,0.0831595185283426,0.057153144031941,0.040238176717646,61.95530725772417,1.162095411476841,0.3289666830837104,0.8331287283931305,64644181.0,63.03105054212241,1.5157142857142856,4.724781640089637,0.5426429240811372,0.3276505061250525,-0.1424021838034576,-0.0999180999180999,0.040238176717646,61.95530725772417,0.0176356325125568,0.0,0.0,0.0,0.5,1.2010218441103309,1.3675914287929811,1.1946838944686635,0.9530403252034892,3.885626050738661,0.8802770024688505,0.4687199658200729,0.15045289331916,0.3535713031107796,0.2945981744590494,1.0723749738097204,1.3112429540885704,0.5348440515721027,0.15045289331916,0.3860323402430094,-0.2830035448656059,0.9336230504840652,0.7164097094118249,-3.361122527749837,1.4418075909606909,1.2071729674313196,1.3421057059617545,3.8012808235780033,2.415505763196823,1.3410697215434295,0.6396060354446114,1.042935259456763,0.253002426517761,2.0789506181528776,1.3608004038782615,0.4620309591911591,0.0161378775007182,4.768414847845284,0.0783215697147549,-0.5364152180233118,-3.361122527749837,1.3410697215434295,0.6396060354446114,-0.1529208443034307,0.0,0.0,0.0,0.0,其他,0,0,0.5,1.0,0,0.046938775510204,-0.12352138307552318,-0.129663330300273,0.918200408997955,0.8241308793456033,0.9120654396728016,0.5316973415132924,0.9938650306748467,0.869120654396728,0.5,0.5,0.5,0.5,0.04693877551020408,0.0326530612244898,0.12040816326530612
2025-11-17,43.0,43.08,41.8,41.91,6469271.0,43.894,41.851,40.468,41.037666666666674,-0.0451997995170183,0.0014097632075695,0.0356330928140751,0.0212568940729245,40.468,45.55895627455919,35.37704372544082,0.641623687394633,0.2516040463846299,-0.0466333030027298,0.0546049320583792,0.0674987264391238,0.0979827089337175,0.0886921741687721,0.0601409891322306,0.0420679296757229,56.40895218316518,1.0684850711611986,0.4768703606992082,0.5916147104619904,58174910.0,53.23919230864296,1.627857142857143,2.633501675932352,0.3278370514032212,0.2184336707500347,-0.0887616320687186,-0.0466333030027298,0.0420679296757229,56.40895218316518,-0.3664456484748177,0.0,0.0,0.0,0.5,0.7624804545347584,0.5881221273893517,0.6939406777995171,0.5076146149170735,1.9965332172822623,0.9739669240117084,0.5285278532160111,0.1960851888535674,0.2906232730299662,-1.3815296055880866,-0.0638340594695611,0.4373142042762839,0.0711334047335513,0.1960851888535674,0.4085970877953383,-0.2156647764150712,0.2690206036696204,0.6817999635332004,-1.5677163372207887,0.7211964204410929,0.6283912754828689,0.7430100854938922,4.019607704952299,2.595202415234659,1.4954474000225615,0.326711110315055,0.947387656163284,0.4145812214997721,1.4629584965602993,1.1086334520840746,-0.1065367672043425,0.1753206749797731,2.052760762801049,-0.5270364404030323,-0.8437409742358837,-1.5677163372207887,1.4954474000225615,0.326711110315055,-0.7526096177354284,0.0,0.0,0.0,0.0,其他,0,0,0.5,1.0,0,0.2244897959183673,-0.05917442137914575,-0.084228107850155,0.8507157464212679,0.7014314928425358,0.9222903885480572,0.40081799591002043,0.9652351738241309,0.6523517382413088,0.5,0.5,0.5,0.5,0.22448979591836735,0.2673469387755102,0.336734693877551
2025-11-18,41.9,42.62,41.17,42.49,5024376.0,44.32000000000001,42.17999999999999,40.666,40.80283333333333,-0.0412906137184116,0.007349454717876,0.0448531943146608,0.0413492527071241,40.666,45.74761350256722,35.58438649743279,0.6794705558589385,0.2499195151996615,0.0138391791935099,0.0527750247770069,0.0839285714285713,0.1027770568388268,0.0886868754576251,0.0600619286555097,0.0421010431308481,58.76132930099367,1.0292349746531002,0.5873432834899867,0.4418916911631135,63199286.0,48.73885936183013,1.6735714285714285,1.8833573467789888,0.3828960155453559,0.2855399633905702,-0.0946104965874323,0.0138391791935099,0.0421010431308481,58.76132930099367,-0.2233474219892782,0.0,0.0,0.0,0.5,0.5223075624065455,0.4904899032016155,0.5470553523204226,0.6319646555311229,1.271800653331787,1.0652264424003393,0.602912903384303,0.2444103268264782,0.2223428275040329,-1.259953916473619,0.0575047795415217,0.5806040589623189,0.2809881488977602,0.2444103268264782,0.4403166468168424,-0.1570797493824551,0.3847184709944631,0.6651962504557393,0.4507356825237826,0.6927350187861274,0.8078251800509608,0.7849514758238609,3.903179049555469,2.5545319856052244,1.4894612646908714,0.4583588095637095,0.905778780198704,0.5348849742925885,1.0827268607765943,1.2950680005662578,-0.3676580842229233,0.2400014879976899,1.0872887346900986,-0.3705690737505299,-0.6508586560592615,0.4507356825237826,1.4894612646908714,0.4583588095637095,-0.5270882991963601,0.0,0.0,0.0,0.0,其他,0,0,0.5,1.0,0,0.0632653061224489,-0.08213697340550719,-0.09508119557542949,0.8936605316973415,0.8179959100204499,0.9202453987730062,0.5930470347648262,0.9284253578732107,0.8098159509202454,0.5,0.5,0.5,0.5,0.06326530612244897,0.08979591836734693,0.3040816326530612
2025-11-19,41.92,42.0,40.8,40.8,3263435.0,43.6,42.28,40.758,40.5795,-0.0642201834862385,-0.0350047303689688,0.0010304725452672,0.0054337781392079,40.758,45.775789825893646,35.740210174106345,0.5041851095210134,0.246223554928178,-0.0397740644857614,-0.0810810810810811,0.0251256281407035,0.0472279260780286,0.0756322324324647,0.0619861286262004,0.0432798299948685,55.33428164639792,0.8519394862463088,0.6402625240412512,0.2116769622050576,59935851.0,46.268374335156295,1.758571428571429,1.174556923901736,0.2186588921261547,0.2710788757908329,-0.0715686274509802,-0.0397740644857614,0.0432798299948685,55.33428164639792,-0.3504795421361777,0.0,0.0,0.0,0.5,0.525509130916143,0.3594434351766548,0.4604477520249086,0.2643331802125409,0.3957302726088374,0.9014402651773396,0.6244556124424914,0.2666021644331019,0.1574052297372212,-1.9228794554018929,-0.8076290488816344,-0.1078840839034367,-0.0958439474693085,0.2666021644331019,0.4442307695930641,-0.112985280188276,-0.1554496094928347,0.6309936914153248,-1.33562966296163,-1.2538597323326877,0.1564061855395704,0.2708875379249846,3.0727656664313785,2.652348765201709,1.5839336412935825,0.264331192940234,0.7287127727792907,0.591781468481867,0.5034264550270662,1.165485196583241,-0.5104846023653657,0.3605920123164008,0.1791511027726174,-0.8331342816855049,-0.6898517243977865,-1.33562966296163,1.5839336412935825,0.264331192940234,-0.7247586818495796,0.0,0.0,0.0,0.0,其他,0,0,0.5,1.0,0,0.1160896130346232,-0.041421568627450944,-0.0453431372549018,0.053061224489795916,0.6714285714285714,0.9204081632653062,0.5224489795918368,0.8,0.5959183673469388,0.5,0.5,0.5,0.5,0.11608961303462322,0.2545824847250509,0.4969450101832994
2025-11-20,40.2,40.59,39.15,39.21,2964989.0,41.674,42.153,40.768,40.42,-0.0591255938954743,-0.0698170948686925,-0.0382162480376766,-0.0299356754082137,40.768,45.77189995272106,35.76410004727894,0.3443214278108009,0.2454817480724484,-0.0389705882352939,-0.1971744471744472,-0.0313735177865611,0.0051268905408869,0.0403351439646604,0.0632137512220272,0.0442972758361833,49.88620846291122,0.5764864456474825,0.6275073083624975,-0.0510208627150149,56970862.0,43.09451008222951,1.821428571428572,1.0285169256443156,0.0641399416903391,0.1269265639154402,-0.0170874776842642,-0.0389705882352939,0.0442972758361833,49.88620846291122,-0.0914514920628111,0.0,0.0,0.0,0.5,0.150556460231209,0.0624479614892647,0.0778382313068135,-0.0815029323539844,0.2467239651377465,0.4698016928977063,0.593696619614886,0.2685501102634946,0.1109381677291539,-1.7601330066413436,-1.5122551137750793,-0.7237635931856172,-0.4667307918410695,0.2685501102634946,0.4425881817128139,-0.1060493281734615,-0.647564322857622,0.6228657427123779,-1.302734517430498,-2.8967796949030964,-0.46929464053949,-0.118766436659066,1.0110729075387876,2.6980438067171693,1.6625382051256083,-0.0437521718402886,0.4554346497712858,0.5764088665944506,-0.1569518136978541,1.0483523366790828,-0.6938650000262275,0.4494834343649085,-0.0082089680739147,-1.2649652209289235,-1.0956690306734316,-1.302734517430498,1.6625382051256083,-0.0437521718402886,-0.3171994714696425,0.0,0.0,0.0,0.0,其他,0,0,0.5,1.0,0,0.5824847250509165,-0.01581229278245344,0.023463402193317995,0.0020408163265306124,0.5448979591836735,0.9183673469387755,0.44081632653061226,0.7510204081632653,0.21020408163265306,0.5,0.5,0.5,0.5,0.5824847250509165,0.5478615071283096,0.7820773930753564
2025-11-21,38.78,39.15,37.5,37.7,2664382.0,40.422,41.941,40.693,40.2655,-0.0673395675622186,-0.101118237524141,-0.0735507335413951,-0.0637145943798038,40.693,45.83880708211215,35.54719291788785,0.2091807026321315,0.2529087106922323,-0.0385105840346849,-0.1424021838034576,-0.0532395781014565,-0.0382653061224489,0.0247334477192256,0.0641779119977947,0.0451606839738419,46.678023847302,0.2336501723103623,0.5487358811520705,-0.3150857088417081,54306480.0,40.690739785244354,1.9207142857142865,0.8953987020361401,0.0,0.0,0.0220159151193632,-0.0385105840346849,0.0451606839738419,46.678023847302,-0.1013855363375715,0.0,0.0,0.0,0.5,-0.1590225887725203,-0.2408426830930113,-0.3047240563133034,-0.4098171829520294,0.0966814373490561,0.1891427879156571,0.5434223096435411,0.2494877066433638,0.0659240363501392,-1.984120742980892,-2.1312086541765938,-1.2744227718647605,-0.8197687141761246,0.2494877066433638,0.4532378519724812,-0.1670477982889489,-1.061310692505822,0.6866448380507552,-1.28156860746884,-2.0894562205360487,-0.7102919024907565,-0.520120232851542,0.1012240418370619,2.7235530068933103,1.72613948638414,-0.2251227838772085,0.1158139443149904,0.4884506053879591,-0.8198144059122542,0.9434594769005076,-0.8317613841888554,0.590201432588465,-0.1789828760196919,-1.4384198438654436,-1.4477554185207542,-1.28156860746884,1.72613948638414,-0.2251227838772085,-0.3322015987872987,0.0,0.0,0.0,0.0,其他,0,0,0.5,1.0,0,0.4451219512195122,0.03421750663129974,0.06763925729442954,0.04480651731160896,0.46028513238289204,0.9164969450101833,0.6843177189409368,0.34419551934826886,0.23625254582484725,0.5,0.5,0.5,0.5,0.4451219512195122,0.5447154471544715,0.7459349593495935
2025-11-24,38.1,38.45,37.53,38.19,1449197.0,39.678,41.786,40.6185,40.16416666666667,-0.0375018902162407,-0.0860575312305558,-0.0597880276228811,-0.0491524368736644,40.6185,45.86815472548832,35.36884527451168,0.2686990738423304,0.2584858980747883,0.0129973474801059,-0.0887616320687186,-0.0390035228988425,-0.0375504032258064,0.0287623596541579,0.0643950389940178,0.0451726019467522,47.88791300430601,0.0014718935110238,0.4392830836238611,-0.4378111901128373,55755677.0,40.14835950451664,1.951428571428572,0.485780947368331,0.0439856373425131,0.0439856373425131,0.0324692327834512,0.0129973474801059,0.0451726019467522,47.88791300430601,-0.4560851259316419,0.0,0.0,0.0,0.5,-0.3070822987823697,-0.3879672703102121,-0.2971991016144797,-0.3023027029898966,-0.5091246759523184,0.0222452743451599,0.506411101352963,0.2305594977747847,0.036352651922544,-1.108430042158902,-1.811457843261766,-1.053752343640132,-0.6641696065167183,0.2305594977747847,0.4573499208497591,-0.2171370739167136,-0.8745074164724324,0.7339176983335453,0.4336046947548956,-1.3164254347735884,-0.5507608820433385,-0.5123015425183147,0.3358938263206742,2.698262994956519,1.7147475493129476,-0.156164629105572,-0.1142435525342071,0.3668011188100755,-1.1247976956761487,0.9954887559399694,-0.8607924099805029,0.632648841383145,-0.7045208827135319,-1.3076825234544136,-1.315017173228157,0.4336046947548956,1.7147475493129476,-0.156164629105572,-0.8884736451532524,0.0,0.0,0.0,0.0,其他,0,0,0.5,1.0,0,0.6219512195121951,0.017020162346164103,0.056559308719560164,0.2219959266802444,0.45010183299389,0.9266802443991853,0.6476578411405295,0.10590631364562118,0.26476578411405294,0.5,0.5,0.5,0.5,0.6219512195121951,0.46747967479674796,0.7235772357723578
2025-11-25,38.28,38.71,38.14,38.47,1357000.0,38.874,41.597,40.572500000000005,40.06466666666666,-0.0103925502906827,-0.075173690410366,-0.0518208145911641,-0.0398023195833401,40.572500000000005,45.8832472960126,35.26175270398741,0.3020523400154242,0.2617904884342598,0.0073317622414244,-0.0946104965874323,-0.0468285431119921,-0.0233561817720233,0.0270531837060257,0.0641948622707619,0.0451828032590928,47.181008899277096,-0.1581147567587635,0.3198035155473362,-0.4779182723060997,57112677.0,39.60558597614472,1.907857142857144,0.4514686579861254,0.069120287252521,0.069120287252521,0.0137769690668052,0.0073317622414244,0.0451828032590928,47.181008899277096,-0.0636193698993304,0.0,0.0,0.0,0.5,-0.2671950696182179,-0.3323369165520629,-0.1548497170375971,-0.2406608046410579,-0.5540033919737544,-0.1581046527681658,0.4616057250770904,0.2187105943744653,0.0073147693035263,-0.3164149191665318,-1.581458523044098,-0.9252640278521036,-0.5638796488461122,0.2187105943744653,0.4589801657126363,-0.2470411470871966,-0.7691381298204784,0.760991821544889,0.2441483798327382,-1.3928285256974655,-0.6362963637068254,-0.3794770997187378,0.2354865120475332,2.646745395636627,1.703450763848371,-0.1959997616270649,-0.2722796089369827,0.2341659001577825,-1.2206703053148067,1.043666673906687,-0.8897005421002697,0.5688006270098658,-0.7466385348369206,-1.231134607852416,-1.2370051010186656,0.2441483798327382,1.703450763848371,-0.1959997616270649,-0.2692595684814672,0.0,0.0,0.0,0.0,其他,0,0,0.5,1.0,0,0.5436105476673428,0.0031193137509748503,0.03535222251104764,0.06313645621181263,0.4663951120162933,0.9226069246435845,0.6191446028513238,0.06517311608961303,0.23217922606924643,0.5,0.5,0.5,0.5,0.5436105476673428,0.5273833671399595,0.7221095334685599
2025-11-26,38.47,38.78,37.85,37.88,1401382.0,38.290000000000006,40.945,40.516000000000005,39.96333333333333,-0.0107077565944111,-0.0748565148369764,-0.065060716753875,-0.0521311201935106,40.516000000000005,45.91996501605411,35.112034983945904,0.2561050088042221,0.266757084413109,-0.0153366259422925,-0.0715686274509802,-0.1468468468468468,-0.0289669315560111,0.024539497308691,0.0530091040861039,0.0452631176169262,44.46808510373384,-0.3284106821014063,0.1901606760175876,-0.518571358118994,55711295.0,36.53047888566417,1.897142857142858,0.4626291668129527,0.0161579892278621,0.0161579892278621,0.0324709609292501,-0.0153366259422925,0.0452631176169262,44.46808510373384,0.0327059690493736,0.0,0.0,0.0,0.5,-0.2251385085258954,-0.3169178601482136,-0.2221165634423963,-0.3691432907497139,-0.5306374198693903,-0.2889926022501877,0.3096100203991566,0.2042581175240293,-0.0222585328054531,-0.3250179232224582,-1.5655778670034606,-1.1290133104070257,-0.6920788783891283,0.2042581175240293,0.4643815650629204,-0.289018177427938,-0.9083496117150892,0.802604770886716,-0.5122440585201011,-1.0605326143577671,-1.738447921476722,-0.4308282321770686,0.0880533622570227,1.88106052935172,1.6984146511805758,-0.3498287330421566,-0.4408270466965441,0.0903173680393941,-1.3168931340186971,0.9868016880608848,-1.065541854257725,0.5521390030931543,-0.7302229824844714,-1.3732290578753137,-1.3786865104995796,-0.5122440585201011,1.6984146511805758,-0.3498287330421566,-0.1169618413708088,0.0,0.0,0.0,0.0,其他,0,0,0.5,1.0,0,0.7505070993914807,0.011615628299894265,0.053326293558606075,0.11608961303462322,0.4725050916496945,0.9185336048879837,0.5824847250509165,0.1120162932790224,0.12423625254582485,0.5,0.5,0.5,0.5,0.7505070993914807,0.5496957403651116,0.7484787018255578
2025-11-27,37.8,38.68,37.8,38.54,1348105.0,38.156,39.915,40.5155,39.88883333333333,0.0100639480029354,-0.0344482024301641,-0.0487591168811935,-0.0338148103270338,40.5155,45.92023272137239,35.1107672786276,0.3172435065826814,0.2667982733205345,0.0174234424498416,-0.0170874776842642,-0.210892710892711,-0.0002594033722438,0.0234133065899328,0.0372932324867526,0.0453510299268989,47.27659574186437,-0.4054412711117123,0.0710402865917276,-0.47648155770344,57059400.0,38.60764069467919,1.9121428571428585,0.439740307254067,0.0754039497300229,0.0754039497300229,0.0012973533990661,0.0174234424498416,0.0453510299268989,47.27659574186437,-0.0380174713247352,0.0,0.0,0.0,0.5,-0.3715659089280029,-0.3375077323895348,-0.2333879308317933,-0.2240210954730222,-0.5561191055904263,-0.3185982915655413,0.0699255220075319,0.2037532776965716,-0.0439890628274423,0.2827355579468176,-0.7500783075315761,-0.8698028221859541,-0.4969037040393792,0.2037532776965716,0.4634186200757248,-0.2888182817053036,-0.7171153716674442,0.8006068526515135,0.5825202948985317,-0.2836627778825029,-2.4201393668756754,-0.1626725775120028,0.0219176842954227,0.8287644172096138,1.6941357614888533,-0.1892716467427522,-0.5164733773615966,-0.0418664294063875,-1.2060759816924485,1.0347226234002098,-0.9409461715135816,0.5723777665605276,-0.757627668027055,-1.2012044588465172,-1.2047892514286078,0.5825202948985317,1.6941357614888533,-0.1892716467427522,-0.228416785457476,0.0,0.0,0.0,0.0,其他,0,0,0.5,1.0,0,0.4959349593495935,-0.016346652828230446,0.04177477944992214,0.5836734693877551,0.5775510204081633,0.9204081632653062,0.6387755102040816,0.10204081632653061,0.2816326530612245,0.5,0.5,0.5,0.5,0.4959349593495935,0.45934959349593496,0.6788617886178862
2025-11-28,38.5,38.65,38.25,38.53,883800.0,38.322,39.372,40.479,39.82183333333333,0.0054276916653621,-0.0213857563750888,-0.0481484226388991,-0.0324403279607918,40.479,45.929102461615294,35.028897538384705,0.3211960221152911,0.2692804892216621,-0.0002594706798131,0.0220159151193632,-0.1235213830755231,-0.0185939887926641,0.0128778864891769,0.0259825109905957,0.0451644496146568,47.41784037275352,-0.461970179639664,-0.0355618066545507,-0.4264083729851133,56175600.0,39.95471031730408,1.9107142857142867,0.2880622871627362,0.0745062836618085,0.0745062836618085,0.0119387490267324,-0.0002594706798131,0.0451644496146568,47.41784037275352,-0.3444130835506136,0.0,0.0,0.0,0.5,-0.217236766642588,-0.34324176951045,-0.1278458088143807,-0.2258207286415679,-0.7869857940400715,-0.280612735084317,-0.0564895185518849,0.1942725134470607,-0.0635233338685504,0.1465016194368026,-0.4858803657163405,-0.8575227747390812,-0.4810960248567192,0.1942725134470607,0.463965506895815,-0.3115471813903031,-0.7029868862450763,0.8201639877063227,-0.0097558286166594,0.2739324549457896,-1.4505004164226138,-0.333380877218958,-0.5961107544515659,0.0726430571090299,1.6665194815288298,-0.1808741752789895,-0.5715924411141937,-0.1601469291496073,-1.0763796795444898,0.9975959523558656,-0.8595331393757948,0.569001605406178,-0.9503432387153636,-1.1984767663894766,-1.2011624527369256,-0.0097558286166594,1.6665194815288298,-0.1808741752789895,-0.7119985723195148,0.0,0.0,0.0,0.0,其他,0,0,0.5,1.0,0,0.6369168356997972,-0.007007526602647363,0.022579807941863317,0.4439918533604888,0.4419551934826884,0.9144602851323829,0.6374745417515275,0.020366598778004074,0.13441955193482688,0.5,0.5,0.5,0.5,0.6369168356997972,0.6085192697768763,0.6369168356997972
2025-12-01,38.71,39.62,38.64,39.43,1812506.0,38.57000000000001,39.124,40.4875,39.77733333333333,0.0222971221156336,0.0078212861670585,-0.0261191725841308,-0.0087319411390071,40.4875,45.93012272303188,35.04487727696812,0.4028501465327374,0.2688544722701297,0.0233584220088243,0.0324692327834512,-0.0591744213791457,0.0043301069791137,0.0152212715546617,0.0252700386424844,0.0454648686732239,48.0388021903309,-0.4291997213170972,-0.11428938958706,-0.3149103317300372,57988106.0,40.53136669297705,1.9407142857142865,0.5789868957571006,0.1552962298011191,0.1552962298011191,-0.0149632259700734,0.0233584220088243,0.0454648686732239,48.0388021903309,1.0508101380402808,0.0,0.0,0.0,0.5,-0.1706854973596683,-0.1365553533329689,-0.0363525044074509,-0.0277867426871671,-0.3200430087309282,-0.2241442110645939,-0.1141719532700123,0.1960382131767299,-0.0764536677425796,0.6405747407724743,0.1031366755222616,-0.5094959576937969,-0.2288417815199418,0.1960382131767299,0.4631427918118235,-0.3063880034742332,-0.4487786448122448,0.8139662795028876,0.7805575904586332,0.4225170484829447,-0.7415593840029271,-0.1185529190778554,-0.4572474584988046,0.0248968889644133,1.68089715730791,-0.1450724697557595,-0.5377090766748757,-0.2474079902873189,-0.7941965330573525,1.0630803587447488,-0.823373467390461,0.6107884847393752,-0.5730613496411809,-0.9681312731492814,-0.96904256896963,0.7805575904586332,1.68089715730791,-0.1450724697557595,1.4919996531334927,0.0,0.0,0.0,0.0,其他,0,0,0.5,1.0,0,0.3488843813387424,-0.02662946994674098,0.0002536139994926412,0.6211812627291242,0.560081466395112,0.9205702647657841,0.6211812627291242,0.18737270875763748,0.29327902240325865,0.5,0.5,0.5,0.5,0.3488843813387424,0.5070993914807302,0.5963488843813387
2025-12-02,39.43,39.48,38.91,39.0,1017399.0,38.676,38.775,40.477500000000006,39.7305,0.0083772882407693,0.0058027079303675,-0.036501760237169,-0.0183863782232793,40.477500000000006,45.93080754294076,35.02419245705925,0.3645317554161175,0.2694488317177337,-0.0109054019781892,0.0137769690668052,-0.0821369734055071,-0.0051020408163265,0.0170485605577778,0.0243283124250179,0.0455426593294755,36.56716417655752,-0.4329356901918544,-0.1780186497080189,-0.2549170404838354,56970707.0,32.32330919121665,1.667142857142858,0.322835878949944,0.1166965888678929,0.1166965888678929,-0.0105128205128204,-0.0109054019781892,0.0455426593294755,36.56716417655752,-0.4386782719615825,0.0,0.0,0.0,0.5,-0.0118065943400422,-0.1661185762642097,0.0270081676686424,-0.1223332099537916,-0.7180980021152805,-0.199790092044527,-0.1954172223604244,0.1931755968833568,-0.0900709357309134,0.2308096250886718,0.0622391991842664,-0.6714701444485102,-0.3308050550749069,0.1931755968833568,0.4622674794668964,-0.3116975867575234,-0.5664630324391463,0.8168206614993361,-0.3691052274409228,0.1546716872818553,-0.9906458381305449,-0.2066291579492286,-0.3488919048321351,-0.038199580620941,1.6761095443537442,-0.800546601598711,-0.5402833949557552,-0.3179293306229068,-0.6419270044779283,1.020720880282458,-1.2978507160163095,0.2155577053655073,-0.901539610781432,-1.072480831298089,-1.0732782050298315,-0.3691052274409228,1.6761095443537442,-0.800546601598711,-0.8621569718760973,0.0,0.0,0.0,0.0,其他,0,0,0.5,1.0,0,0.5557809330628803,-0.014102564102564052,0.007179487179487243,0.5426829268292683,0.49287169042769857,0.9185336048879837,0.38085539714867617,0.020366598778004074,0.20977596741344195,0.5,0.5,0.5,0.5,0.5557809330628803,0.665314401622718,0.6369168356997972
2025-12-03,39.0,39.3,38.83,39.11,781064.0,38.922,38.606,40.443,39.70066666666666,0.0048301731668465,0.0130549655493963,-0.0329599683505179,-0.014878003727897,40.443,45.92301959274252,34.96298040725748,0.3783763472485392,0.2709996584194531,0.0028205128205127,0.0324709609292501,-0.0414215686274509,-0.0173366834170853,0.0138356811744649,0.0217955209644211,0.0454176125457471,19.150285350233943,-0.4221540624995441,-0.226845732266324,-0.1953083302332201,57751771.0,12.401710443357189,1.383571428571429,0.2521109251402942,0.1265709156182531,0.1265709156182531,-0.0201994374840194,0.0028205128205127,0.0454176125457471,19.150285350233943,-0.2322933283795246,0.0,0.0,0.0,0.5,-0.1066609325269659,-0.204203120125494,0.0081764501747599,-0.0978907884655775,-0.8346959987296325,-0.143744917824676,-0.2345709205628557,0.1841735544426731,-0.0986780009748411,0.1261136445455391,0.2086698245621207,-0.6140737867086077,-0.2927534595053015,0.1841735544426731,0.4599113173829501,-0.3285893342362284,-0.5222351193513892,0.8281243069169226,0.092236609446072,0.4218810910085496,-0.5417611351027488,-0.3209407443027177,-0.5373633428773382,-0.2079972557412949,1.654270019200032,-1.7866955244064668,-0.5283702165256783,-0.3717867552031563,-0.4909761155633256,1.0469139497148283,-2.433094599572814,-0.1940478056356546,-0.9895896296722064,-1.0408887713654535,-1.040901062230711,0.092236609446072,1.654270019200032,-1.7866955244064668,-0.5343325226380892,0.0,0.0,0.0,0.0,其他,0,0,0.5,1.0,0,0.305668016194332,-0.004091025313219032,0.009971874200971564,0.75,0.505091649694501,0.9205702647657841,0.07942973523421588,0.002036659877800407,0.2830957230142566,0.5,0.5,0.5,0.5,0.305668016194332,0.6862348178137652,0.6417004048582996
2025-12-04,38.98,39.1,38.59,38.59,863900.0,38.932,38.544,40.3485,39.657,-0.0087845474160073,0.0011934412619343,-0.043582784985811,-0.0269057165191517,40.3485,45.89066478700477,34.80633521299523,0.3413526061010085,0.2747147867698197,-0.013295832267962,0.0012973533990661,-0.0158122927824534,-0.0466897233201579,0.0145666998797789,0.0184788665486345,0.0453274788128039,26.468010513842657,-0.4503775272676051,-0.2715520912665802,-0.1788254360010249,56887871.0,16.585420239240946,1.072142857142857,0.2843898387862838,0.0798922800710961,0.0798922800710961,-0.0176211453744494,-0.013295832267962,0.0453274788128039,26.468010513842657,0.1060553296528836,0.0,0.0,0.0,0.5,-0.1109032162996091,-0.2465471150694606,-0.0482923186001397,-0.212486861704821,-0.7908541376094244,-0.1412321873115034,-0.2486645169823733,0.1601071032820953,-0.1113714801225172,-0.2750827073794483,-0.0317743259861606,-0.7797017047366107,-0.4201924959330118,0.1601071032820953,0.4532455196310453,-0.3727858505555765,-0.6359392719909465,0.8585165221301633,-0.449633321686401,-0.025685078358957,-0.2593618241687721,-0.5957125251354104,-0.4931336149625439,-0.4303275184101678,1.6357991512101622,-1.3617055082088605,-0.5554553985487293,-0.4209939505198856,-0.4485724919324836,1.0105209981653374,-2.1688543336838,-0.6434558796836316,-0.944652143427678,-1.1671098537670803,-1.167004336103847,-0.449633321686401,1.6357991512101622,-1.3617055082088605,0.0018672100535844,0.0,0.0,0.0,0.0,其他,0,0,0.5,1.0,0,0.4433198380566802,0.039906711583311605,0.03705623218450382,0.49390243902439024,0.39307535641547864,0.924643584521385,0.20977596741344195,0.006109979633401222,0.2525458248472505,0.5,0.5,0.5,0.5,0.4433198380566802,0.8441295546558705,0.659919028340081
2025-12-05,38.59,39.06,38.31,38.99,802064.0,39.024,38.673,40.307,39.627,-0.000871258712587,0.0081969332609312,-0.0326742253206638,-0.0160748984278394,40.307,45.87818186459758,34.735818135402425,0.3818024584328202,0.2764374359085893,0.0103653796320288,0.0119387490267324,0.0342175066312997,-0.0208437970868909,0.0152171686623442,0.0133301619713844,0.045258867795783,35.04098360153101,-0.4354485890990602,-0.3043313908330762,-0.131117198265984,57689935.0,23.59177853699828,0.971428571428571,0.2652183505343359,0.1157989227996785,0.1157989227996785,-0.018722749422929,0.0103653796320288,0.045258867795783,35.04098360153101,-0.0715777289038083,0.0,0.0,0.0,0.5,-0.197042686829057,-0.2546696291687204,-0.1141847896587426,-0.1237076946737015,-0.8197499060964607,-0.1200923626108224,-0.2179713430542754,0.149379360948653,-0.1200206343940031,-0.0411760527439133,0.1102785465450784,-0.6057695236484446,-0.3036489321901999,0.149379360948653,0.4500917110327309,-0.3922548897640984,-0.5087339052902627,0.8711390349043484,0.3476428186858104,0.1271522279920466,0.291749001837957,-0.3515385774392141,-0.4537290106500486,-0.7751873148889363,1.619490497284512,-0.8698286735721236,-0.5393293887491836,-0.4568145173987819,-0.3276586390000958,1.037600198777876,-1.7528893944288282,-0.7872499568303053,-0.96617454919769,-1.062332923726988,-1.061064632361317,0.3476428186858104,1.619490497284512,-0.8698286735721236,-0.2796106841397119,0.0,0.0,0.0,0.0,其他,0,0,0.5,1.0,0,0.537525354969574,0.032315978456014305,0.04129263913824066,0.6374745417515275,0.5183673469387755,0.9183673469387755,0.3693877551020408,0.0,0.24081632653061225,0.5,0.5,0.5,0.5,0.537525354969574,0.7971602434077079,0.6815415821501014
2025-12-08,38.99,39.15,38.83,38.84,832548.0,38.906,38.738,40.262,39.5925,-0.0016963964427079,0.0026330734679127,-0.0353186627589289,-0.0190061248973921,40.262,45.86690236545791,34.65709763454209,0.3731467644467044,0.2784214577241065,-0.0038471402923826,-0.0149632259700734,0.0170201623461641,-0.0226472068444891,0.0097688938622602,0.013051011605735,0.0452648381914963,30.4394426535246,-0.4307555624523189,-0.3296162251569248,-0.1011393372953941,56857387.0,32.496243416541546,0.8907142857142857,0.2746737175716264,0.1023339317764602,0.1023339317764602,-0.0118434603501544,-0.0038471402923826,0.0452648381914963,30.4394426535246,0.0380069420894093,0.0,0.0,0.0,0.5,-0.1080293421130079,-0.2349545749714087,0.0087260833878477,-0.1567135188207155,-0.802212673384901,-0.1467417778214693,-0.2023203352439616,0.1377723515450823,-0.1300049013704842,-0.0654905436286002,-0.0029096480239934,-0.6460232709069779,-0.3343098084539384,0.1377723515450823,0.4471590976482846,-0.4140609153540893,-0.5345453379972316,0.8860162459054561,-0.1321194681251159,-0.2599517737337974,0.101653326911132,-0.367820921894593,-0.7744678673942964,-0.7918214795379661,1.6097439313678272,-1.1281201467268924,-0.5334900137226447,-0.4842025654148952,-0.2515065783185461,1.00248659030015,-1.2364759008598536,-0.9015171211800632,-0.950753894280572,-1.0958764453088032,-1.0941229704663866,-0.1321194681251159,1.6097439313678272,-1.1281201467268924,-0.1052146973794118,0.0,0.0,0.0,0.0,其他,0,0,0.5,1.0,0,0.6430020283975659,0.03887744593202869,0.03347064881565398,0.34826883910386963,0.5469387755102041,0.9183673469387755,0.1469387755102041,0.0020408163265306124,0.17142857142857143,0.5,0.5,0.5,0.5,0.6430020283975659,0.8296146044624746,0.6977687626774848
2025-12-09,38.76,39.03,38.59,38.59,696841.0,38.824,38.75,40.1735,39.550666666666665,-0.0060271996703068,-0.0041290322580643,-0.0394165307976651,-0.0242895189293057,40.1735,45.827567096952606,34.5194329030474,0.3599680572512604,0.2814824248292296,-0.0064366632337795,-0.0105128205128204,0.0031193137509748,-0.0438553022794845,0.0090388147047714,0.0131245974326357,0.04512846168146,35.9949302851213,-0.4421128143666664,-0.3521155429988732,-0.0899972713677931,56160546.0,37.27292339165878,0.8014285714285708,0.2318486620377739,0.0798922800710961,0.0798922800710961,-0.0036278828712101,-0.0064366632337795,0.04512846168146,35.9949302851213,-0.1630020130971428,0.0,0.0,0.0,0.5,-0.1589262277161034,-0.2602856921838817,-0.0480235598681982,-0.2118892122328725,-0.8681722334806553,-0.1651835692649829,-0.1991435821624401,0.1151858361297395,-0.1421686184365495,-0.19356107889148,-0.1404730610762754,-0.7090921133797149,-0.390128885909459,0.1151858361297395,0.4392826285029355,-0.4527850086019357,-0.574394983619292,0.9103498872870072,-0.2193379008139854,-0.1953994841714159,-0.0520339886329766,-0.5669127552421233,-0.8154905779889938,-0.7847071303802952,1.5882696356380326,-0.8088089116064211,-0.543759610494847,-0.5084312968249591,-0.2229398498495737,0.9727604625338256,-0.9594390231982648,-1.027445265119148,-1.002681622793872,-1.154110648441181,-1.151927477851129,-0.2193379008139854,1.5882696356380326,-0.8088089116064211,-0.4244860582915546,0.0,0.0,0.0,0.0,其他,0,0,0.5,1.0,0,0.6977687626774848,0.03213267685928978,0.036537963202902146,0.5560081466395111,0.5102040816326531,0.9122448979591836,0.2979591836734694,0.0,0.22040816326530613,0.5,0.5,0.5,0.5,0.6977687626774848,0.7849898580121704,0.6288032454361054
2025-12-10,38.78,38.8,38.03,38.32,869948.0,38.666,38.794,39.8695,39.507666666666665,-0.0089484301453474,-0.0122183842862299,-0.0388642947616599,-0.0300616757928839,39.8695,45.21196335849317,34.52703664150683,0.3549826272956851,0.26799750979971,-0.0069966312516196,-0.0201994374840194,0.0116156282998942,-0.1369369369369368,0.0087708070821532,0.0122501602716095,0.0383034291034903,43.22678842305668,-0.467511085074868,-0.3751946514140722,-0.0923164336607958,55290598.0,42.1226827761332,0.7385714285714278,0.3178043216263114,0.0556552962293026,0.0556552962293026,0.0164405010438413,-0.0069966312516196,0.0383034291034903,43.22678842305668,0.2484167837426327,0.0,0.0,0.0,0.5,-0.1542131737800894,-0.3092310955904432,-0.1805367196754846,-0.2714889736647726,-0.7787699665778433,-0.2009723267722551,-0.1884288073514871,0.0380992803807411,-0.1546796192036788,-0.2798128745995475,-0.3050395508647134,-0.6985250636476676,-0.4511177638373693,0.0380992803807411,0.3295252344544959,-0.4496512874210447,-0.5886140082230081,0.7880540899603935,-0.2378989417178188,-0.3347770952104912,0.0420432330881118,-1.4397466284585076,-0.8290650615988995,-0.8413241699298288,1.0064289540806046,-0.3951071957715464,-0.5681073268599135,-0.5332726709375104,-0.2284241758833377,0.9366508924830008,-0.6796411476305769,-1.1143657338692088,-0.8886163994508749,-1.2167831197366146,-1.2141087638876331,-0.2378989417178188,1.0064289540806046,-0.3951071957715464,0.231157813488127,0.0,0.0,0.0,0.0,其他,0,0,0.5,1.0,0,0.8397565922920892,0.041231732776617847,0.05375782881002089,0.3048780487804878,0.04285714285714286,0.8489795918367347,0.4326530612244898,0.006122448979591836,0.20204081632653062,0.5,0.5,0.5,0.5,0.8397565922920892,0.8235294117647058,0.6632860040567952
2025-12-11,38.44,38.44,37.91,37.91,793573.0,38.53,38.731,39.323,39.4565,-0.0160913573838568,-0.0211974903823811,-0.0359331688833508,-0.03919506291739,39.323,42.662417535092665,35.983582464907336,0.2884361591235343,0.16984551204558,-0.0106993736951984,-0.0176211453744494,-0.0163466528282304,-0.2237919737919739,0.0081401480728625,0.011309672328268,0.0289356308724517,51.919561229856,-0.514788806168589,-0.4031134823649756,-0.1116753238036134,54497025.0,47.343216482681335,0.6542857142857136,0.3487707511318899,0.0335463258780573,0.0188509874325052,0.0585597467686627,-0.0106993736951984,0.0289356308724517,51.919561229856,-0.087792603695853,0.0,0.0,0.0,0.5,-0.2296952463960131,-0.3860991861201109,-0.2086891419128059,-0.3621862185440328,-0.8151272749311518,-0.2317227784750087,-0.2029728969058654,-0.1004261793677175,-0.169626497214299,-0.4912514667806286,-0.4875979737687238,-0.6503947983300886,-0.5480803009853957,-0.1004261793677175,-0.1229000517026664,-0.0286504061668078,-0.7947979593561617,-0.0863216493328041,-0.362872714200102,-0.2969265895262301,-0.2678503877949744,-2.2361720699309897,-0.8639970687884977,-0.9021033709601962,0.2123228798590904,0.1017746975119125,-0.6143875225935316,-0.5635042105288293,-0.2770619856857267,0.903653558932334,-0.3792651444354917,-1.2313099848878213,-0.8459866100370954,-1.2728998239175804,-1.3104862024594366,-0.362872714200102,0.2123228798590904,0.1017746975119125,-0.3052465266328689,0.0,0.0,0.0,0.0,其他,0,0,0.5,1.0,0,0.9350912778904664,0.05908731205486695,0.06594566077552089,0.44308943089430897,0.006122448979591836,0.7244897959183674,0.5387755102040817,0.004081632653061225,0.3877551020408163,0.5,0.5,0.5,0.5,0.9350912778904665,0.8154158215010142,0.59026369168357
2025-12-12,38.0,38.5,37.85,38.26,839634.0,38.384,38.70399999999999,39.038,39.410833333333336,-0.0032305127136307,-0.0114716825134352,-0.0199292996567447,-0.0292009388281565,39.038,41.591607149442616,36.48439285055738,0.3476664665893145,0.1308267405828207,0.0092323925085728,-0.018722749422929,-0.0070075266026473,-0.129663330300273,0.0076584025540393,0.0118204874047903,0.0206108132349198,50.656660399452285,-0.5180429887227334,-0.4260993836365272,-0.0919436050862061,55336659.0,55.12644396147035,0.634999999999999,0.4647153067071544,0.1169102296426522,0.0502692998200151,0.052012545739676,0.0092323925085728,0.0206108132349198,50.656660399452285,0.0580425493306853,0.0,0.0,0.0,0.5,-0.3274508760617123,-0.372463286779122,-0.2225864293416767,-0.2835875387078471,-0.7897733422812502,-0.264753257530719,-0.2090043700066957,-0.1725771301856397,-0.1829281972816532,-0.1080896425713111,-0.2879892580394395,-0.3953245959497793,-0.4392102815290903,-0.1725771301856397,-0.3127434158936058,0.1161360345328688,-0.6077221559543452,-0.4336872531474925,0.313860874691744,-0.3123311703720641,-0.1637447786025453,-1.3469938926282397,-0.8899683729467848,-0.8650447757230798,-0.4931423019173128,0.0293900565453256,-0.6162925039550498,-0.5881337836398661,-0.2265332550527277,0.9329088287601508,0.0680015350907402,-1.2537667220875577,-0.693959988223336,-1.0359126958768547,-1.216101915407903,0.313860874691744,-0.4931423019173128,0.0293900565453256,-0.0718754503579989,0.0,0.0,0.0,0.0,其他,0,0,0.5,1.0,0,0.8603238866396761,0.02979613173026663,0.06351280710925256,0.5354969574036511,0.11812627291242363,0.49287169042769857,0.5691056910569106,0.05702647657841141,0.5437881873727087,0.5,0.5,0.5,0.5,0.8603238866396761,0.6417004048582996,0.645748987854251
2025-12-15,38.11,38.42,37.79,38.38,798134.0,38.292,38.599,38.8615,39.36450000000001,0.0022981301577353,-0.0056737221171533,-0.0123901547804381,-0.02500984389488,38.8615,41.039662190085046,36.68333780991495,0.3894710407170956,0.1120987193021083,0.0031364349189755,-0.0118434603501544,-0.0266294699467409,-0.084228107850155,0.0082501028100631,0.00853061214741,0.0184262707252367,49.12959379714096,-0.5051162885735039,-0.4419027646239225,-0.0632135239495813,56134793.0,47.55057667192784,0.6392857142857135,0.5239802671174504,0.141962421708936,0.0610412926385902,0.0513288170922354,0.0031364349189755,0.0184262707252367,49.12959379714096,-0.0494262976487374,0.0,0.0,0.0,0.5,-0.3022974820455171,-0.3890306079477364,-0.2364810470287568,-0.2563288328810951,-0.8085898291196406,-0.2853877049432408,-0.2335042635113815,-0.2171347438244571,-0.1964283204521962,0.0567230076889447,-0.1688332899057684,-0.2748538357069561,-0.3930170636117072,-0.2171347438244571,-0.4102321652782101,0.1735240456626972,-0.475553285041998,-0.5996723647525745,0.1062380875229103,-0.2120998752810326,-0.3815135808683776,-0.9186621481525742,-0.8524007205021827,-1.0835113197031567,-0.6770815719630313,-0.0581259169955988,-0.6019109194000272,-0.604634136505717,-0.1531571629626412,0.9604283543242996,-0.3674954178596375,-1.2422065702754863,-0.6156297214604989,-0.9626203341664408,-1.1801856715319996,0.1062380875229103,-0.6770815719630313,-0.0581259169955988,-0.2436266122438714,0.0,0.0,0.0,0.0,其他,0,0,0.5,1.0,0,0.8603238866396761,0.027618551328816965,0.05393434080250126,0.640973630831643,0.3380855397148676,0.39918533604887985,0.573170731707317,0.13034623217922606,0.560081466395112,0.5,0.5,0.5,0.5,0.8603238866396761,0.659919028340081,0.597165991902834
2025-12-16,38.38,38.98,38.28,38.45,1364900.0,38.264,38.544,38.6595,39.335166666666666,0.0048609659209701,-0.0024387712743877,-0.0054191078518861,-0.0225031884107095,38.6595,40.01465351626003,37.30434648373996,0.422702484431269,0.0701071413886125,0.0018238665971861,-0.0036278828712101,-0.014102564102564,-0.0950811955754294,0.0080525709195099,0.0081029767137793,0.0179971406921456,56.129032241165454,-0.4836481754815693,-0.4502518467954519,-0.0333963286861174,57499693.0,57.56012322997896,0.6228571428571418,1.0183996516146492,0.2419354838631638,0.0673249551160922,0.0358907672301689,0.0018238665971861,0.0179971406921456,56.129032241165454,0.7101138405330434,0.0,0.0,0.0,0.5,-0.2413638359685664,-0.2673733019248336,-0.1193470883242607,-0.240252745338893,-0.5208322443100213,-0.2913162611611404,-0.2461402545457734,-0.2681693919372221,-0.2048260554895512,0.1330707781113641,-0.1022329485249363,-0.1634660611847157,-0.3650631310414321,-0.2681693919372221,-0.5916991369406673,0.3532408584366549,-0.3704254258621464,-0.9721486686106084,0.0613994131614514,-0.0924924924968177,-0.2413979877392155,-1.0167319185873955,-0.8616762982302963,-1.1082866936596327,-0.7117364308275018,0.3434939350782647,-0.5789597452721339,-0.6127085748328596,-0.0770221550978297,1.009320105323966,0.209306538430386,-1.260449935758014,0.026291079228153,-0.6811730647137536,-1.157145054474908,0.0613994131614514,-0.7117364308275018,0.3434939350782647,0.971981177894188,0.0,0.0,0.0,0.0,其他,0,0,0.5,1.0,0,0.7267206477732794,0.021586475942782846,0.07672301690507144,0.6957403651115619,0.3034623217922607,0.37678207739307534,0.7601626016260162,0.6965376782077393,0.6965376782077393,0.5,0.5,0.5,0.5,0.7267206477732794,0.5263157894736842,0.6093117408906883
2025-12-17,38.45,38.97,38.42,38.95,1129300.0,38.39,38.528000000000006,38.567,39.3105,0.0145871320656421,0.0109530730897009,0.0099307698291286,-0.0091705778354382,38.567,39.4909070356517,37.6430929643483,0.7072719360011781,0.0479117917208653,0.0130039011703511,0.0164405010438413,-0.004091025313219,-0.0453431372549018,0.0090491320643496,0.0092496481492409,0.0164019050329955,54.56570154200629,-0.4214307287529877,-0.444487623186959,0.0230568944339713,58628993.0,56.91856209250242,0.5992857142857128,0.915500213897752,0.7225433525593918,0.1122082585268203,0.0243902439024388,0.0130039011703511,0.0164019050329955,54.56570154200629,-0.1726133782694703,0.0,0.0,0.0,0.5,-0.2252695838871965,-0.2690784392944338,-0.0857442419965829,-0.1279620722059722,-0.6387039027133784,-0.2618242545284855,-0.2495105837495142,-0.2912631409857059,-0.2118206996537635,0.4233098615319972,0.1729268735292386,0.081441879214686,-0.2200413876548382,-0.2912631409857059,-0.6835119344359,0.4508653456214447,0.5238204293090973,-1.166038438935756,0.4422399226592962,0.1994410624785323,-0.1293629949876688,-0.5497262837562404,-0.8002858268190272,-1.027304097236122,-0.845054733488115,0.253064000446888,-0.5149390332220983,-0.6048639103210305,0.0670129379572476,1.048945576263511,0.1719573991181679,-1.288726136844958,-0.1073608022625061,0.6632245152612856,-1.0271086114896737,0.4422399226592962,-0.845054733488115,0.253064000446888,-0.4436072355001114,0.0,0.0,0.0,0.0,其他,0,0,0.5,1.0,0,0.5748987854251012,0.014120667522464547,0.05905006418485237,0.8377281947261663,0.49490835030549896,0.3136456211812627,0.725609756097561,0.5519348268839104,0.7474541751527495,0.5,0.5,0.5,0.5,0.5748987854251012,0.5121457489878543,0.5789473684210527
2025-12-18,38.99,40.17,38.99,40.13,2222700.0,38.834,38.682,38.613,39.30433333333333,0.0333728176340319,0.0374334315702393,0.0392872866651128,0.0210070136456541,38.613,39.740812974417096,37.4851870255829,1.1725405870892738,0.0584162315496944,0.0302952503209241,0.0585597467686627,0.0399067115833116,0.0234634021933179,0.0114481653801606,0.0122627949037223,0.015515316392669,64.13427560251097,-0.2737511824159142,-0.4103403350327501,0.1365891526168358,60851693.0,60.98244664433084,0.6578571428571414,1.8577941997486915,0.9999999999588476,0.2181328545761388,0.0004983802641413,0.0302952503209241,0.015515316392669,64.13427560251097,0.9682103958204198,0.0,0.0,0.0,0.5,-0.1036863166655456,-0.0085787269071735,0.0506411228094254,0.1367492726786385,-0.0843067048377592,-0.1590807365690746,-0.2124407349677412,-0.2789808167055199,-0.213243557556142,0.9830706518105732,0.7166827538590136,0.5496737910660773,0.1075810182453643,-0.2789808167055199,-0.6373166750100823,0.4040634194693732,1.9729337833686449,-1.0681860737102036,1.029922719031579,0.8116274555671165,0.3621695608088826,0.0952305535225412,-0.6560537808518494,-0.8214791626635525,-0.9176725292722274,0.8024580127555996,-0.3646233699847014,-0.5650174599206697,0.3567191867450039,1.1297754322762332,0.4062602140247688,-1.199295767796107,1.1160336395796338,1.4335230910995125,-0.7279636201971341,1.029922719031579,-0.9176725292722274,0.8024580127555996,1.3828521544897403,0.0,0.0,0.0,0.0,其他,0,0,0.5,1.0,0,0.206060606060606,-0.0027410914527784547,0.04011961126339392,0.9330628803245437,0.780040733197556,0.2708757637474542,0.9024390243902439,0.9572301425661914,0.8757637474541752,0.5,0.5,0.5,0.5,0.20606060606060606,0.2585858585858586,0.40404040404040403
2025-12-19,40.5,41.0,40.18,40.25,2011551.0,39.232000000000006,38.80800000000001,38.7405,39.30783333333333,0.0259482055464925,0.0371572871572869,0.0389643912701176,0.023968929009061,38.7405,40.002319488299726,37.47868051170028,1.0981441933204743,0.0651421374683581,0.0029902815848492,0.052012545739676,0.0323159784560143,0.0676392572944295,0.0120799635328688,0.0120566565438453,0.0123708169125884,58.40163932750772,-0.1453555129793073,-0.3573433706220615,0.2119878576427541,62863244.0,61.66844138832862,0.6421428571428558,1.728467293527722,0.999999999957806,0.2289048473947133,-0.0211180124223603,0.0029902815848492,0.0123708169125884,58.40163932750772,-0.094996625725469,0.0,0.0,0.0,0.5,0.2359717138625758,0.1715990418571207,0.3354069355697739,0.1634670586664036,-0.1911967495362019,-0.0669641517899372,-0.1820539040113752,-0.2458613671468806,-0.2117514585838233,0.7586512400146201,0.7092369893588687,0.5433096809064634,0.139542322083395,-0.2458613671468806,-0.589180285408948,0.4013749077852886,1.727913601116628,-1.0046127425014535,0.0964489271095441,0.7143224987175325,0.2766388429755846,0.5090305826006509,-0.6170554423171091,-0.8330823417632294,-1.180737387434018,0.4708358355088919,-0.2339357715860517,-0.503953246684435,0.5486766761523059,1.201922972785832,0.4451133628373127,-1.216906551281474,0.9445666826750544,1.426124098277101,-0.6957072872755298,0.0964489271095441,-1.180737387434018,0.4708358355088919,-0.3223054811163769,0.0,0.0,0.0,0.0,其他,0,0,0.5,1.0,0,0.1676767676767676,0.008695652173912993,0.032049689440993845,0.8600405679513184,0.745417515274949,0.2219959266802444,0.7987804878048781,0.9205702647657841,0.8187372708757638,0.5,0.5,0.5,0.5,0.16767676767676767,0.4404040404040404,0.44646464646464645
2025-12-22,40.34,40.58,40.11,40.35,1252403.0,39.626,38.959,38.8485,39.322,0.0182708322818352,0.0357042018532303,0.0386501409320823,0.0261431259854536,38.8485,40.27139956001647,37.42560043998353,1.0276198131229517,0.0732537709313258,0.0024844720496894,0.0513288170922354,0.0388774459320286,0.0565593087195601,0.0121790559124657,0.0118061729063118,0.0121608925785866,64.83516481521556,-0.035126934213217,-0.2929000833402926,0.2577731491270756,64115647.0,60.56204266733268,0.6349999999999986,1.0853299173196194,0.9999999999595142,0.2378815080768591,-0.022552664188352,0.0024844720496894,0.0121608925785866,64.83516481521556,-0.3773943588802869,0.0,0.0,0.0,0.5,0.199555750947765,0.0800128597405817,0.3180413025487351,0.1856847632367642,-0.5760096092362254,0.0242274589120479,-0.1457068182924956,-0.2177520102872903,-0.2070374411805747,0.5273484352990019,0.6776327223048085,0.5371017310920697,0.1629275249642823,-0.2177520102872903,-0.5398037898509616,0.3851197080535997,1.49929294037852,-0.929152757222808,0.07900570768923,0.7026386528693807,0.3496176531742888,0.4040409916332858,-0.609797811294387,-0.8476240619719787,-1.193670945958723,0.840031110829214,-0.121711528302739,-0.4300288097968904,0.6645397069492813,1.2446691581411664,0.3802130812971305,-1.22211799769496,0.106671569916859,1.4188386147998964,-0.6685986884463653,0.07900570768923,-1.193670945958723,0.840031110829214,-0.774037299425271,0.0,0.0,0.0,0.0,其他,0,0,0.5,1.0,0,0.2424242424242424,-0.005204460966542812,0.03519206939281294,0.8600405679513184,0.7230142566191446,0.21792260692464357,0.9066937119675457,0.7378048780487805,0.8130081300813008,0.5,0.5,0.5,0.5,0.24242424242424243,0.3616161616161616,0.48484848484848486
2025-12-23,40.33,40.33,39.82,39.83,829893.0,39.902,39.083,38.9165,39.33466666666667,-0.0018044208310361,0.0191131694086943,0.0234733339329076,0.0125927934646281,38.9165,40.39224459350643,37.440755406493565,0.8095047760766423,0.0758415887092951,-0.0128872366790583,0.0358907672301689,0.0321326768592897,0.0353522225110476,0.0158944038717931,0.0125833264409754,0.0125989967313725,57.25806449996746,0.0101533133591189,-0.2322894040004103,0.2424427173595293,63285754.0,60.29299067453138,0.639285714285713,0.7359933166737948,0.7894736841785625,0.1912028725297015,-0.0138086869194073,-0.0128872366790583,0.0125989967313725,57.25806449996746,-0.3373594601737619,0.0,0.0,0.0,0.5,0.1969732692307745,0.0254467048941292,0.2478848938975864,0.0682791055159642,-0.7890557830413244,0.0880962532629322,-0.1158197017058545,-0.199917904544727,-0.2027816694431991,-0.0752196553707003,0.3343637312902072,0.2929933352292913,0.0148368760744597,-0.199917904544727,-0.5170276655968202,0.3887999892074325,0.8170632224821036,-0.903238075507954,-0.4472398363908895,0.4760209493978483,0.2733493949485616,0.2039727172881756,-0.3874226907353987,-0.7929292494491008,-1.1518420899399404,0.4014238846874073,-0.0754995577388984,-0.3605278694289088,0.6238258778682367,1.2082783509840151,0.3639035972009742,-1.2109857925396328,-0.3484601818025213,0.8294318875900223,-0.7973053730380889,-0.4472398363908895,-1.1518420899399404,0.4014238846874073,-0.7079835699461372,0.0,0.0,0.0,0.0,其他,0,0,0.5,1.0,0,0.3090909090909091,0.004268139593271547,0.05623901581722324,0.7261663286004056,0.7215447154471545,0.23577235772357724,0.7829614604462475,0.3597560975609756,0.7723577235772358,0.5,0.5,0.5,0.5,0.3090909090909091,0.3111111111111111,0.4808080808080808
2025-12-24,39.9,40.07,39.84,39.9,601077.0,40.092,39.241,39.0175,39.354,-0.0047889853337323,0.0167936596926683,0.0226180560005127,0.0138740661686231,39.0175,40.47088624561664,37.56411375438336,0.8036013319175226,0.0744991988524593,0.0017574692442883,0.0243902439024388,0.0412317327766178,0.053326293558606,0.0156577288705721,0.012086888798163,0.0119367314650809,64.52328157642285,0.0510976291109912,-0.17561199737813,0.2267096264891212,63886831.0,61.26064559499709,0.6192857142857134,0.552680432561856,0.8155737704583773,0.1974865350072035,-0.0100250626566416,0.0017574692442883,0.0119367314650809,64.52328157642285,-0.275717472011452,0.0,0.0,0.0,0.5,0.0995345377820793,-0.0313010161543753,0.2522786203787825,0.0839608548608598,-0.9030079331382104,0.1320178111373718,-0.0777930345196969,-0.1736065192159155,-0.1965062590937052,-0.1646942744247078,0.2858860161722139,0.2787417824234313,0.0288086863211481,-0.1736065192159155,-0.5018517390426506,0.4241042732038523,0.7964587636523601,-0.9124285729650748,0.0554820263712697,0.3071540798575763,0.3750503849283131,0.3727971754456368,-0.4008162969210018,-0.8242732627538307,-1.2031623724813627,0.8195625910680358,-0.0337021828085631,-0.2955441125771115,0.5821819235953266,1.226315130476909,0.4193841999192042,-1.2345947503763226,-0.5866641894159974,0.8995068323649222,-0.7771990499431498,0.0554820263712697,-1.2031623724813627,0.8195625910680358,-0.6074874055815256,0.0,0.0,0.0,0.0,其他,0,0,0.5,1.0,0,0.4574898785425101,0.012030075187970057,0.05513784461152893,0.573170731707317,0.7474541751527495,0.20570264765784113,0.8536585365853658,0.15274949083503056,0.7291242362525459,0.5,0.5,0.5,0.5,0.4574898785425101,0.39473684210526316,0.48380566801619435
2025-12-25,39.9,40.31,39.73,40.15,736192.0,40.096,39.465,39.098,39.3755,0.0013467677573824,0.0173571519067528,0.0269067471481916,0.0196695914972508,39.098,40.61689987889443,37.57910012110557,0.8463032733537033,0.0776970627086063,0.006265664160401,0.0004983802641413,0.0590873120548669,0.0417747794499221,0.007474421738294,0.0109100204695255,0.0114621240225805,63.30275227325133,0.1025372197524774,-0.1199821539520085,0.2225193737044859,64623023.0,61.15442879948034,0.6071428571428567,0.6965108373088825,0.9180327868476206,0.2199281867125675,-0.0032378580323784,0.006265664160401,0.0114621240225805,63.30275227325133,0.2247881718981095,0.0,0.0,0.0,0.5,0.0993768552789964,0.0211768631160407,0.2253743828148784,0.1403071884033139,-0.8319457119678146,0.1327335157856546,-0.0239358801713756,-0.1525797293410305,-0.1895760069506021,0.0200618159546989,0.2970355162836661,0.3471343243484274,0.0922036198606628,-0.1525797293410305,-0.474627550435178,0.4276549196349302,0.9268352433720448,-0.8811863464115249,0.2101654670210025,-0.0429823914874722,0.5750301344268834,0.2632071954765683,-0.8878197043904099,-0.901320508015294,-1.2381868281249695,0.7469854385842115,0.0187958700789691,-0.2317834399155643,0.5702175546310064,1.249290518519491,0.4124052570869036,-1.246789155673789,-0.3977468941249492,1.1806909574685682,-0.7119255330844669,0.2101654670210025,-1.2381868281249695,0.7469854385842115,0.1982752298876927,0.0,0.0,0.0,0.0,其他,0,0,0.5,1.0,0,0.4929292929292929,0.006475716064757053,0.1534246575342466,0.20445344129554655,0.6788617886178862,0.18089430894308944,0.8722109533468559,0.32113821138211385,0.75,0.5,0.5,0.5,0.5,0.49292929292929294,0.3333333333333333,0.8181818181818182
2025-12-26,40.18,40.29,39.38,39.4,1172641.0,39.926,39.579,39.1415,39.39183333333334,-0.0131743725892902,-0.0045226003688825,0.0066042435777882,0.0002073187758881,39.1415,40.64162315283928,37.64137684716072,0.5861595927814726,0.0766512858646422,-0.0186799501867994,-0.0211180124223603,0.0297961317302666,0.0225798079418633,0.010895412580982,0.0132556313196997,0.012366931688852,55.64516127461622,0.0818413181793076,-0.0796174595257452,0.1614587777050529,63450382.0,54.347772710507726,0.6492857142857135,1.0944804311762388,0.6106557376798908,0.1526032315964753,0.0304568527918782,-0.0186799501867994,0.012366931688852,55.64516127461622,0.5928467030339912,0.0,0.0,0.0,0.5,0.1626594034321928,0.0167677492800056,0.1406030591101696,-0.0296228306831071,-0.6081591054984414,0.0929701438041876,0.0034927758947913,-0.1411002992581162,-0.1842236156683854,-0.4171876788422769,-0.156607981214681,0.0197705886747893,-0.1214632654413475,-0.1411002992581162,-0.4692218499615911,0.4450631645571013,0.1145582789214302,-0.8878899538472728,-0.6475256041225954,-0.3596949482635955,0.2441537007317654,0.081465916887972,-0.6815042016833556,-0.7405422749248801,-1.1568283341168644,0.302779728539248,-0.0023674651562077,-0.1854283360945743,0.4122875501917245,1.2000489140134925,0.015329290524615,-1.1816186186718003,0.1233709331474539,0.3228463165032355,-0.8985566937244108,-0.6475256041225954,-1.1568283341168644,0.302779728539248,0.7899303294446889,0.0,0.0,0.0,0.0,其他,0,0,0.5,1.0,0,0.7261663286004056,0.032741116751269006,0.09543147208121816,0.16260162601626016,0.6346938775510204,0.22448979591836735,0.7128309572301426,0.6938775510204082,0.5183673469387755,0.5,0.5,0.5,0.5,0.7261663286004056,0.6105476673427992,0.7018255578093306
2025-12-29,39.38,39.6,39.3,39.44,643531.0,39.744,39.685,39.142,39.40583333333333,-0.0076489533011272,-0.0061736172357315,0.0076133054008482,0.0008670459111383,39.142,40.64253464156165,37.64146535843834,0.5992979407759401,0.0766713321525636,0.001015228426396,-0.022552664188352,0.0276185513288169,0.0002536139994926,0.0106874897776234,0.013270507308399,0.0112143657772175,58.94736840367859,0.0678847990757134,-0.0501170078054535,0.1180018068811669,64093913.0,54.49305834121802,0.639285714285714,0.6352946275074851,0.6270491803021694,0.1561938958693335,0.0177484787018256,0.001015228426396,0.0112143657772175,58.94736840367859,-0.4512122635998571,0.0,0.0,0.0,0.5,-0.0191438031909644,-0.1344649101078505,0.1210564459381523,-0.0205111083243823,-0.8757120283541799,0.0504121677380429,0.0289966052057173,-0.1407326494669249,-0.1795867294905737,-0.2498749218825556,-0.190595626435807,0.0360067949636872,-0.1139775846702678,-0.1407326494669249,-0.4681087179767126,0.4442050654265992,0.1553756035318489,-0.8850778519200714,0.0313583032390542,-0.3800963142291079,0.2191786875349285,-0.1298958834324298,-0.692327993547295,-0.7376912287767801,-1.249239759645639,0.4933883605368244,-0.0166382169630239,-0.151476225643257,0.2997700606585008,1.2197479573954115,0.0237794060006778,-1.1912444769280055,-0.4781627972732974,0.3679408380011129,-0.8853919458308707,0.0313583032390542,-1.249239759645639,0.4933883605368244,-0.8926096519471868,0.0,0.0,0.0,0.0,其他,0,0,0.5,1.0,0,0.6181818181818182,0.02560851926977703,0.0431034482758621,0.2408906882591093,0.5934959349593496,0.18495934959349594,0.7484787018255578,0.1402439024390244,0.5853658536585366,0.5,0.5,0.5,0.5,0.6181818181818182,0.49696969696969695,0.5070707070707071
2025-12-30,39.69,39.69,39.2,39.28,619383.0,39.634,39.768,39.156,39.4265,-0.0089317252863703,-0.0122711728022528,0.0031668198998877,-0.0037157749229578,39.156,40.6561810417063,37.6558189582937,0.5413283452125327,0.0766258576822181,-0.0040567951318457,-0.0138086869194073,0.0215864759427828,0.0071794871794872,0.0096338844445264,0.0134480190745018,0.0109632751138358,60.3448275679994,0.0434130556292515,-0.0314109951185125,0.074824050747764,63474530.0,55.32014759198129,0.6192857142857139,0.6237091401524686,0.561475409813055,0.1418312387779008,0.0183299389002036,-0.0040567951318457,0.0109632751138358,60.3448275679994,-0.0375242218323592,0.0,0.0,0.0,0.5,0.051347055814643,-0.1144999930167496,0.0966735888516521,-0.0567981997105418,-0.8855675430314396,0.0246589771629733,0.0489568265967734,-0.1368726849873527,-0.1729142790367186,-0.2881860226127505,-0.3169298752097979,-0.0358630349180024,-0.164216446820401,-0.1368726849873527,-0.4647093566066247,0.4475435846193483,-0.0261381987508555,-0.8828736391999034,-0.143531260960979,-0.2509458908251986,0.1506689388861853,-0.0640455734491418,-0.7536102409058578,-0.7238686185159989,-1.265017447411189,0.5733369452949684,-0.0416808933934765,-0.1298625134845441,0.1880205102437133,1.1916929080152805,0.0720666671751287,-1.215007206370819,-0.4923701376069207,0.1842065507901899,-0.92263164576901,-0.143531260960979,-1.265017447411189,0.5733369452949684,-0.2243565876928114,0.0,0.0,0.0,0.0,其他,0,0,0.5,1.0,0,0.4574898785425101,0.05397148676171071,0.027494908350305547,0.30831643002028397,0.6374745417515275,0.18533604887983707,0.7987804878048781,0.18699186991869918,0.5934959349593496,0.5,0.5,0.5,0.5,0.4574898785425101,0.6862348178137652,0.3684210526315789
2025-12-31,39.2,39.83,39.12,39.5,723792.0,39.554,39.823,39.1755,39.454166666666666,-0.0013652222278403,-0.0081108906913091,0.008283238248395,0.0011616855000529,39.1755,40.68328296637296,37.66771703362704,0.6076083253280935,0.0769758122484264,0.005600814663951,-0.0100250626566416,0.0141206675224645,0.0099718742009715,0.0102180249031768,0.0129841031954863,0.0110129032914383,67.86516851797504,0.0412951591324031,-0.0168697642683293,0.0581649234007324,64198322.0,60.31040476273021,0.6321428571428568,0.730955178005661,0.6516393442355887,0.1615798922786211,0.0222784810126583,0.005600814663951,0.0110129032914383,67.86516851797504,0.1685693666116119,0.0,0.0,0.0,0.5,-0.0602810029633204,-0.0835462253221023,0.0771383287383095,-0.0066930367215805,-0.8300710926413173,0.0059187232388617,0.0621573018277196,-0.1315886260457316,-0.1641005124329898,-0.0588766879299848,-0.22984044043749,0.0469635129082255,-0.1100930787955119,-0.1315886260457316,-0.4588939390531448,0.4501593639230968,0.1814827458344491,-0.877166440653132,0.190116832450514,-0.1948416647625415,0.065942337572643,-0.0374328357792361,-0.7168544634005576,-0.7534712638849599,-1.255422368295853,1.0074185638126647,-0.0437891494909876,-0.1130175184211654,0.144727236965179,1.214479228553487,0.3639249608164236,-1.1918860638843012,-0.3506409015092289,0.4359568375677402,-0.8640253136944915,0.190116832450514,-1.255422368295853,1.0074185638126647,0.1086995457771819,0.0,0.0,0.0,0.0,其他,0,0,0.5,1.0,0,0.4320486815415821,0.044303797468354444,0.026582278481012578,0.4573170731707317,0.6415478615071283,0.18533604887983707,0.8635437881873728,0.329938900203666,0.6334012219959266,0.5,0.5,0.5,0.5,0.43204868154158216,0.640973630831643,0.40365111561866124
2026-01-05,39.6,40.3,39.43,40.02,1377244.0,39.528000000000006,39.812,39.247,39.48683333333333,0.0124468731026108,0.005224555410429,0.0196957729253193,0.0135023910923897,39.247,40.77338685859958,37.72061314140042,0.7532123476986331,0.077783619568155,0.0131645569620253,-0.0032378580323784,-0.0027410914527784,0.0370562321845038,0.0119305882128682,0.0093932355377669,0.0108497388462096,69.04761902669557,0.0806467198920088,0.0026335325637382,0.0780131873282706,65575566.0,61.79098920920936,0.6478571428571424,1.3557319904284757,0.864754098325216,0.2082585278257786,0.0097451274362816,0.0131645569620253,0.0108497388462096,69.04761902669557,0.9028173839998233,0.0,0.0,0.0,0.5,0.0310144277710572,0.0200611399913355,0.1522466633699553,0.1117226744982005,-0.4952965315791188,-0.0001781823199074,0.0593981881906215,-0.1128051241256494,-0.1537553660091973,0.3595638571887695,0.048424640712388,0.2317917937618852,0.0265192979252649,-0.1128051241256494,-0.4417198945475704,0.4648533771851439,0.6375194509316232,-0.8674153540312034,0.4512177037130301,-0.0944693433528674,-0.1252793193988929,0.220139682489011,-0.6127199520101975,-0.9942962839104728,-1.2637689550065156,1.0724481940339463,-0.0032837913757454,-0.090486966607635,0.1957990148281501,1.261640341237013,0.4499648989269193,-1.1649289844638948,0.4714839001354332,1.0303183363299702,-0.7301225767159696,0.4512177037130301,-1.2637689550065156,1.0724481940339463,1.2923272719503052,0.0,0.0,0.0,0.0,其他,0,0,0.5,1.0,0,0.2469635627530364,0.04297851074462766,0.004497751124437732,0.49290060851926976,0.6605691056910569,0.15853658536585366,0.8780487804878049,0.6971544715447154,0.6544715447154471,0.5,0.5,0.5,0.5,0.24696356275303644,0.5910931174089069,0.4676113360323887
2026-01-06,40.01,40.96,39.85,40.6,1524739.0,39.768,39.847,39.3275,39.52316666666668,0.0209213437940052,0.018897282104048,0.032356493547772,0.027245623874605,39.3275,40.96275468803396,37.69224531196604,0.8890831224098181,0.0831608766400001,0.0144927536231884,0.0304568527918782,0.0086956521739129,0.0412926391382406,0.0078992845553121,0.0104740902551268,0.0110569722030384,71.85039368098612,0.1568264701173589,0.0334721200744624,0.1233543500428965,67100305.0,68.36649595090536,0.6821428571428564,1.4493700197300157,0.9999999999628252,0.2603231597822231,0.0022167487684727,0.0144927536231884,0.0110569722030384,71.85039368098612,0.1070943129902908,0.0,0.0,0.0,0.5,0.1245919182301364,0.1655599973817789,0.254070764391879,0.2438017300987757,-0.4190988641805092,0.0561043532876823,0.0677809417999371,-0.0916830180359175,-0.1422858427306913,0.6157139681431993,0.3336740311611326,0.4367486638518954,0.1786560011033466,-0.0916830180359175,-0.4066291833979699,0.4555606086004322,1.0611500672349083,-0.8169525937112845,0.4963139772625229,0.4031249052207673,0.0047551695240838,0.2600946082999857,-0.8526457546939846,-0.91814578772548,-1.2410354180310472,1.230405230374722,0.0751252605033778,-0.0549451910088581,0.312831107502558,1.313872600756918,0.8341770544580944,-1.1118449566046402,0.5936815170505497,1.402814095067569,-0.581540201604557,0.4963139772625229,-1.2410354180310472,1.230405230374722,0.0051048149985477,0.0,0.0,0.0,0.0,其他,0,0,0.5,1.0,0,0.4210526315789473,0.023152709359605783,0.007881773399014858,0.7281947261663286,0.6808943089430894,0.16260162601626016,0.8556910569105691,0.676829268292683,0.6605691056910569,0.5,0.5,0.5,0.5,0.42105263157894735,0.5242914979757085,0.4898785425101215
2026-01-07,40.47,40.55,40.02,40.14,1105300.0,39.908,39.826,39.3925,39.561,0.0058133707527312,0.007884296690604,0.0189756933426414,0.0146356259952984,39.3925,41.04936927350165,37.73563072649835,0.7255760342358419,0.084121052154468,-0.0113300492610837,0.0177484787018256,-0.0052044609665428,0.0334706488156539,0.0111317750112084,0.0111343924954685,0.0113897903380765,65.44789760664952,0.178029106674785,0.0623835173945269,0.115645589280258,65995005.0,60.97755779456343,0.673571428571428,1.0372182394259668,0.8289962824970634,0.2190305206443532,0.0077229696063776,-0.0113300492610837,0.0113897903380765,65.44789760664952,-0.2750890480272361,0.0,0.0,0.0,0.5,0.2295892210472296,0.0747591627439853,0.2950208991140879,0.1383632237119386,-0.6325317472376599,0.0888991246299775,0.0625790675539651,-0.0746000271456421,-0.130357104841341,0.1559935882587728,0.1029487760417313,0.2185690936660947,0.0384156981928705,-0.0746000271456421,-0.3901781093661085,0.4674776705306351,0.5458282472081648,-0.8061566543036917,-0.3994177037449338,0.21457542543126,-0.1533009276316145,0.1850511678823237,-0.6568493829044361,-0.8708270494143352,-1.208033015953337,0.8560672036278552,0.0968641954016609,-0.0216195225623606,0.2923274845180262,1.266908614514178,0.3989172620719695,-1.120035899727802,0.0493593080338895,0.9211089452622656,-0.6964115153674957,-0.3994177037449338,-1.208033015953337,0.8560672036278552,-0.6127995101131628,0.0,0.0,0.0,0.0,其他,0,0,0.5,1.0,0,0.4676113360323887,0.0406078724464376,0.02715495764823106,0.6186612576064908,0.6971544715447154,0.16666666666666666,0.6402439024390244,0.37398373983739835,0.5894308943089431,0.5,0.5,0.5,0.5,0.4676113360323887,0.6133603238866396,0.4777327935222672
2026-01-08,40.02,40.48,39.9,40.0,1307100.0,40.052,39.843,39.463,39.592333333333336,-0.0012983121941475,0.0039404663303466,0.0136076831462381,0.0102966062453166,39.463,41.09591279942516,37.830087200574845,0.664430090854392,0.0827566479700488,-0.0034877927254608,0.0183299389002036,0.0042681395932715,0.0365379632029021,0.0110367624043695,0.0103375088633139,0.0112975084670526,60.27397258622628,0.1814439460669206,0.0861956031290056,0.0952483429379149,64687905.0,53.3757277579985,0.6757142857142853,1.1924443855515443,0.7769516728335705,0.2064631956893492,0.0349999999999999,-0.0034877927254608,0.0112975084670526,60.27397258622628,0.1825748665520672,0.0,0.0,0.0,0.5,0.1261633772341438,0.0591615109749668,0.265289951483364,0.1061261540875305,-0.5280556885485774,0.1226338128631512,0.0666107971294437,-0.0560827773105269,-0.1204374023957525,-0.0605268770853606,0.020221433575951,0.1308381780077309,-0.0098878590354563,-0.0560827773105269,-0.3810101793360556,0.4944836900277744,0.3526818177163606,-0.8161835637161916,-0.1266186520637393,0.2228350107496824,-0.0451800731588269,0.2140367887688621,-0.6610833301782442,-0.922298000886556,-1.2109056349378686,0.5542016579625578,0.1002398422683386,0.0058343239004372,0.2389046965636621,1.212836689000292,-0.0486482970503871,-1.1129688180838622,0.2542288874432022,0.77329889717932,-0.7298985310634156,-0.1266186520637393,-1.2109056349378686,0.5542016579625578,0.1292156918825799,0.0,0.0,0.0,0.0,其他,0,0,0.5,1.0,0,0.7870182555780934,0.05174999999999996,0.040000000000000036,0.4573170731707317,0.6293279022403259,0.1710794297352342,0.46747967479674796,0.6069246435845214,0.4684317718940937,0.5,0.5,0.5,0.5,0.7870182555780934,0.6713995943204868,0.6602434077079108
2026-01-09,40.05,40.38,39.73,40.38,1233100.0,40.228,39.891000000000005,39.566,39.62516666666667,0.0037784627622552,0.0122584041513122,0.0205732194308243,0.0190493415379955,39.566,41.15462270702118,37.97737729297882,0.7561967660183796,0.0803024165706497,0.0095,0.0222784810126583,0.01203007518797,0.0537578288100208,0.0113393100593581,0.0107269161361457,0.0112190774897895,52.900232001378114,0.2123650430710597,0.1114294911174165,0.1009355519536432,65921005.0,50.389508022130485,0.635,1.1066047323393633,0.9182156133487658,0.2405745062815028,0.0215453194650816,0.0095,0.0112190774897895,52.900232001378114,-0.0566138780506464,0.0,0.0,0.0,0.5,0.132849192161811,0.0369186098014442,0.2233700328320143,0.1930070569948748,-0.5648878965079502,0.1639045584824366,0.0781870942737441,-0.0290718144202791,-0.1100558832543717,0.094200122389837,0.1945936539825114,0.244159825514952,0.0876072858353209,-0.0290718144202791,-0.3696452700374022,0.5370889692214197,0.6405275908631635,-0.8359156133870229,0.3249803402908287,0.2810131962647327,0.0434285013730325,0.3783678233773082,-0.6414544810110647,-0.8932715490192028,-1.21260558727281,0.1249641047634306,0.1320546753744911,0.0349283391395129,0.2533016482914265,1.254479919468639,-0.2244022686541228,-1.166748157328592,0.1402868532112217,1.1647930541152065,-0.6315637490003295,0.3249803402908287,-1.21260558727281,0.1249641047634306,-0.2588554847766429,0.0,0.0,0.0,0.0,其他,0,0,0.5,1.0,0,0.7809330628803245,0.04259534422981681,0.031203566121842385,0.4329268292682927,0.6639511201629328,0.164969450101833,0.22764227642276422,0.3971486761710794,0.48879837067209775,0.5,0.5,0.5,0.5,0.7809330628803245,0.6105476673427992,0.6490872210953347
2026-01-12,40.47,40.56,40.12,40.41,1064236.0,40.306,39.917,39.691,39.6625,0.0025802610033245,0.0123506275521707,0.0181149378952407,0.018846517491333,39.691,41.115978670200505,38.266021329799486,0.7522844779927835,0.0718036164468982,0.0007429420505198,0.0097451274362816,0.006475716064757,0.0659456607755208,0.0102677142110019,0.010581081365661,0.0107841488761764,51.89573457993977,0.2365640217144928,0.1364563972368317,0.100107624477661,66985241.0,47.03113297799068,0.6042857142857149,0.9436033843377954,0.9188034187641516,0.243267504486146,0.0329126453848058,0.0007429420505198,0.0107841488761764,51.89573457993977,-0.136942664828481,0.0,0.0,0.0,0.5,0.2291210600059993,0.0767977949442531,0.3183217475860487,0.1995841970136135,-0.6502182264318407,0.1820481785345039,0.0844013594858947,0.0036986044829377,-0.0982818692181761,0.0575019795375894,0.1962142007523005,0.2036135087713433,0.0851806982158842,0.0036986044829377,-0.37599207254546,0.6214896003193662,0.6267659859163042,-0.9095939563582348,0.0196663923242152,0.0944363560259226,-0.0200967977581642,0.4943405950402397,-0.7044123298482714,-0.9006179932128985,-1.2440596230368812,0.0663203965141976,0.1569066860093126,0.0637835346569274,0.2507365554289115,1.289404085114512,-0.4219929743364413,-1.2058946899793304,-0.0758597864580468,1.1619931951297358,-0.6223140470268262,0.0196663923242152,-1.2440596230368812,0.0663203965141976,-0.3888299471322425,0.0,0.0,0.0,0.0,其他,0,0,0.5,1.0,0,0.7890466531440162,0.14600346448898804,0.03340757238307357,0.2459349593495935,0.5906313645621182,0.1690427698574338,0.2804878048780488,0.1629327902240326,0.384928716904277,0.5,0.5,0.5,0.5,0.7890466531440162,0.9127789046653144,0.6511156186612576
2026-01-13,40.42,40.81,40.2,40.69,1439136.0,40.324,40.046,39.8125,39.7105,0.009076480507886,0.0160815062677919,0.0220408163265306,0.0246660203220809,39.8125,41.13439457339001,38.49060542660999,0.8319099788973524,0.0664060068263329,0.0069289779757486,0.0022167487684727,0.032741116751269,0.0635128071092525,0.0083402499415453,0.0082020704992801,0.0107290918693846,53.8636363464979,0.2751636315150776,0.1641978440924809,0.1109657874225966,68424377.0,56.524728868304805,0.6142857142857149,1.242972986418586,0.99999999995671,0.2684021543961539,0.0208896534775129,0.0069289779757486,0.0107290918693846,53.8636363464979,0.352271488654772,0.0,0.0,0.0,0.5,0.2172540509898322,0.1322292805495824,0.3373644890028123,0.2635885618393698,-0.4566272411471904,0.1860125680728388,0.1157603318885616,0.0355517410992474,-0.083198182110281,0.2558714283354272,0.2743456880336234,0.2674563013065436,0.1500703642116252,0.0355517410992474,-0.3719486537224104,0.6866784903011641,0.875786850488328,-0.9551565801492732,0.235273697165723,-0.0176912117422067,0.2804513002624181,0.470033125133794,-0.8185697074016012,-1.058972371693479,-1.243533691813336,0.1808885903398435,0.1966881343208165,0.0957788322452414,0.2786353486218177,1.337986235600482,0.1393074937409438,-1.1870668874305943,0.3214141277094625,1.3827828003237592,-0.5495850125839181,0.235273697165723,-1.243533691813336,0.1808885903398435,0.4072173640287495,0.0,0.0,0.0,0.0,其他,0,0,0.5,1.0,0,0.6178861788617886,0.060702875399361034,0.029737036126812555,0.4215885947046843,0.6510204081632653,0.1673469387755102,0.4175152749490835,0.39183673469387753,0.5204081632653061,0.5,0.5,0.5,0.5,0.6178861788617886,0.7703252032520326,0.6077235772357723
2026-01-14,40.69,40.96,39.96,40.45,1827265.0,40.386,40.147000000000006,39.916,39.7485,0.0015847075719308,0.0075472638055147,0.0133780939973946,0.0176484647219392,39.916,41.08040904370099,38.751590956299005,0.7293008641661672,0.0583429724270004,-0.0058982550995329,0.0077229696063776,0.025608519269777,0.0539343408025012,0.0065886806116034,0.0086889460758499,0.0109177021165473,57.52427182511319,0.2831244240198032,0.1879831600779454,0.0951412639418577,66597112.0,52.79166986648632,0.6478571428571434,1.511042801998207,0.8928571428172852,0.2468581687590048,0.0326328800988875,-0.0058982550995329,0.0109177021165473,57.52427182511319,0.2696958452849487,0.0,0.0,0.0,0.5,0.2791043488000404,0.1654035594428074,0.2779895597805504,0.2079534657548347,-0.2564188492386085,0.2003893604642092,0.1402717484165494,0.0626777154055745,-0.0712258012698991,0.0262464615575061,0.0941597350434219,0.1251451596631529,0.0712044342799753,0.0626777154055745,-0.3811110507171459,0.7624541619548033,0.5503823007768578,-1.0242580996047297,-0.212899851917043,0.0643661997827897,0.1982656227838076,0.3771789692385623,-0.9216536165845078,-1.0225621473074742,-1.2227215084071192,0.3941648687165714,0.2046459023316993,0.1231895867300902,0.2368739767596625,1.264120148452082,-0.0817094604573838,-1.1350568219841817,0.6765929148442248,1.0794692424029992,-0.6093211640458499,-0.212899851917043,-1.2227215084071192,0.3941648687165714,0.2721124602154297,0.0,0.0,0.0,0.0,其他,0,0,0.5,1.0,0,0.7032520325203252,0.017058096415327517,0.03906056860321372,0.4684317718940937,0.6,0.17142857142857143,0.42769857433808556,0.5673469387755102,0.4326530612244898,0.5,0.5,0.5,0.5,0.7032520325203252,0.5101626016260162,0.6239837398373984
2026-01-15,40.43,41.5,40.3,41.4,2154025.0,40.666,40.359,40.0635,39.79633333333333,0.0180494762209215,0.0257935033078122,0.0333595417275076,0.0402968447679434,40.0635,41.19284587494848,38.93415412505152,1.091714207993102,0.056377793999309,0.0234857849196536,0.0349999999999999,0.0539714867617107,0.0767230169050714,0.0109947752872162,0.0105272785960326,0.011861349885053,64.99999998180004,0.3619184987847674,0.2227702278193098,0.1391482709654576,68751137.0,60.78179168244864,0.716428571428572,1.724972019580848,0.9999999999591836,0.3321364452393879,0.0161835748792271,0.0234857849196536,0.011861349885053,64.99999998180004,0.1788246368206034,0.0,0.0,0.0,0.5,0.2186756823169784,0.2854693330063135,0.3609621946661227,0.4264324209890176,-0.0878419527396925,0.2664219336498086,0.1919596002400877,0.1013780356700173,-0.0561903538727912,0.5305444967940295,0.4787646303479708,0.4525763462986794,0.3251183121097007,0.1013780356700173,-0.3598863703920146,0.8146775884708485,1.68641400386816,-1.0384484500476627,0.8139716801144572,0.4711023525662171,0.5232513547219119,0.5954457253575517,-0.6542247423097914,-0.8949757894536586,-1.139209574174869,0.8295596596262822,0.2862579944846783,0.1633632994387558,0.3515247035557745,1.3395205948674536,0.3916608806358941,-1.0339057172220585,0.9585944864525964,1.3725285435887,-0.3657054924367294,0.8139716801144572,-1.139209574174869,0.8295596596262822,0.1235240861840554,0.0,0.0,0.0,0.0,其他,0,0,0.5,1.0,0,0.4198782961460446,-0.02512077294685988,0.0028985507246377384,0.7865853658536586,0.6109979633401222,0.2545824847250509,0.7215447154471545,0.9063136456211812,0.6578411405295316,0.5,0.5,0.5,0.5,0.4198782961460446,0.2535496957403651,0.4563894523326572
2026-01-16,41.4,41.67,41.0,41.25,1525189.0,40.84,40.534000000000006,40.1785,39.834500000000006,0.0100391772771792,0.0176641831548822,0.0266684918550965,0.0355345240934363,40.1785,41.298805879283805,39.0581941207162,0.9782176099027404,0.0557664362423194,-0.0036231884057971,0.0215453194650816,0.0443037974683544,0.0590500641848523,0.0117732338122223,0.010897529781809,0.0117623220428243,61.224489778425706,0.4075615089421873,0.2597284840438854,0.1478330248983019,67225948.0,62.62026045192336,0.7228571428571432,1.2023327725901467,0.9292452829750362,0.3186714542161696,0.0206060606060607,-0.0036231884057971,0.0117623220428243,61.224489778425706,-0.2919353303698889,0.0,0.0,0.0,0.5,0.4423572824728549,0.3229304537790896,0.5322546452758551,0.3910931386643275,-0.4117668482322568,0.3072738929629455,0.2345630424203325,0.1315137957019729,-0.0441730710320566,0.283952346620218,0.3062774452488063,0.341888015178241,0.2709672376566345,0.1315137957019729,-0.339865483243126,0.849316872863867,1.3225779391112074,-1.0404645998219333,-0.1355685753036537,0.2693568981586582,0.4112504656804529,0.4241892572780392,-0.6059195351023795,-0.8674100323237618,-1.1432726965076678,0.607140862936358,0.3333128508460786,0.2060535433382258,0.3736574811716626,1.2770754113112184,0.4999089784828281,-1.021453232354972,0.2618824344797527,1.1706004803029544,-0.4032530524897904,-0.1355685753036537,-1.1432726965076678,0.607140862936358,-0.6450276440532412,0.0,0.0,0.0,0.0,其他,0,0,0.5,1.0,0,0.354251012145749,-0.01696969696969708,0.004363636363636347,0.7789046653144016,0.5792682926829268,0.23373983739837398,0.6997971602434077,0.7079107505070994,0.6288032454361054,0.5,0.5,0.5,0.5,0.354251012145749,0.3157894736842105,0.5040485829959515
2026-01-19,41.28,42.08,41.28,41.74,1645391.0,41.106,40.706,40.259,39.88,0.0154235391427042,0.0254016606888418,0.0367868054348097,0.0466399197592777,40.259,41.57832837778204,38.93967162221796,1.06127042548104,0.0655420342173807,0.0118787878787878,0.0329126453848058,0.0429785107446276,0.0401196112633939,0.0119771984936443,0.010789648568973,0.0101131860907709,75.2155172186851,0.4777654455730342,0.3033358763497151,0.1744295692233191,68871339.0,70.05651061581719,0.7171428571428576,1.3272928031683542,0.9999999999593496,0.3626570915586834,0.1094873023478677,0.0118787878787878,0.0101131860907709,75.2155172186851,0.0788112161836991,0.0,0.0,0.0,0.5,0.4138247907554779,0.4139689552637527,0.6000309719655211,0.5035120695133597,-0.3490438763745347,0.3699577563966373,0.276415574154828,0.152543464387555,-0.0298626670379266,0.4488052697523371,0.4693032853895449,0.5075686260108248,0.395380570537643,0.152543464387555,-0.288078748998294,0.8118113407220817,1.5753997950616785,-0.94971671579951,0.407628365878668,0.4388745323318941,0.3952717759217112,0.2409586115694001,-0.5923616871025588,-0.8723676289721518,-1.2762854375156971,1.4205902141389144,0.4059345641228313,0.2564689478049633,0.4426976379073772,1.3332863065710854,0.9394637689237884,-1.026290469749587,0.4277980793259314,1.361712011190601,-0.277053399968578,0.407628365878668,-1.2762854375156971,1.4205902141389144,-0.0380726374904058,0.0,0.0,0.0,0.0,其他,0,0,0.5,1.0,0,0.922920892494929,-0.036895064686152335,0.008624820316243342,0.7865853658536586,0.4024390243902439,0.1443089430894309,0.8943089430894309,0.782520325203252,0.6382113821138211,0.5,0.5,0.5,0.5,0.922920892494929,0.41379310344827586,0.5111561866125761
2026-01-20,41.76,42.0,41.3,41.54,1120727.0,41.276,40.8,40.3235,39.919,0.0063959686016088,0.0181372549019609,0.0301685121579227,0.0406072296400208,40.3235,41.76174856939556,38.88525143060445,0.9229102068284892,0.0713355025923834,-0.0047915668423574,0.0208896534775129,0.0231527093596057,0.0320496894409938,0.0129897080287215,0.0104781716352804,0.0102228820938573,71.87499997903652,0.5113694934112729,0.3449425997620267,0.1664268936492461,67750612.0,68.09253472237646,0.7457142857142861,0.9377541066649308,0.9186991869545232,0.3447037701943919,0.0389985556090515,-0.0047915668423574,0.0102228820938573,71.87499997903652,-0.3188688889145498,0.0,0.0,0.0,0.5,0.5241798161588163,0.3953561851743593,0.6037292943888879,0.4563614121428225,-0.6193280483246955,0.4097554116430841,0.299071265316451,0.1693426679413137,-0.0175889324261933,0.1704290798702505,0.3146963341902037,0.3976720394255132,0.3265806248848988,0.1693426679413137,-0.2539443293989675,0.7935105335724174,1.1364066577363634,-0.8950704453877836,-0.1777422467644804,0.2580936536774673,0.1662610345063192,0.1626386213919465,-0.530030018871348,-0.8911040283919873,-1.2618431540046586,1.2203109210752197,0.4402927182870417,0.3045330577600227,0.4209170322882772,1.2860902105034204,0.82047425530148,-0.9825422594152848,-0.0924571536031945,1.1311438526381186,-0.3277682405412824,-0.1777422467644804,-1.2618431540046586,1.2203109210752197,-0.6885162924582381,0.0,0.0,0.0,0.0,其他,0,0,0.5,1.0,0,0.7757575757575758,-0.01492537313432829,0.011073663938372613,0.6133603238866396,0.44129554655870445,0.1437246963562753,0.7834008097165992,0.43724696356275305,0.5769230769230769,0.5,0.5,0.5,0.5,0.7757575757575758,0.4909090909090909,0.4909090909090909
2026-01-21,41.69,41.77,41.1,41.77,964639.0,41.540000000000006,40.963,40.3945,39.953833333333336,0.0055368319691861,0.0197007055147329,0.0340516654495042,0.0454566311951711,40.3945,41.9717390934461,38.81726090655391,0.9360467622258462,0.078091774545653,0.0055368319691864,0.0326328800988875,0.0406078724464376,0.0351920693928129,0.0117084833629824,0.0093274387306371,0.010259059736176,75.56468170312313,0.5502174568922698,0.3859975711880754,0.1642198857041943,68715251.0,66.7126510110171,0.7585714285714295,0.81698525488469,0.9999999999598392,0.3653500897633272,-0.0150825951639933,0.0055368319691864,0.010259059736176,75.56468170312313,-0.1392738820426383,0.0,0.0,0.0,0.5,0.5069704751296584,0.3431747860576458,0.5532663165038463,0.5087412694038917,-0.6986396625958303,0.4718928091562966,0.3387037442954257,0.1878605715709327,-0.0066230511283278,0.1437012626108364,0.3473056101390435,0.4609236357444568,0.3806571575337713,0.1878605715709327,-0.2149430112657928,0.7712548003923912,1.173233477826305,-0.8320838084892348,0.1853479462203903,0.4337292861745902,0.3673184794075155,0.1927627059638526,-0.6064232503023551,-0.9666096096885792,-1.2536600974475072,1.4292883033700443,0.480089528755694,0.3519263077920231,0.4143827399565658,1.3168382431050538,0.736569166996952,-0.9613295234861924,-0.2536262789774414,1.3514026735046452,-0.2680702915963114,0.1853479462203903,-1.2536600974475072,1.4292883033700443,-0.3931687993885699,0.0,0.0,0.0,0.0,其他,0,0,0.5,1.0,0,0.3555555555555555,-0.01292793871199438,0.010533875987550845,0.6983805668016194,0.48380566801619435,0.1437246963562753,0.8421052631578947,0.4008097165991903,0.6336032388663968,0.5,0.5,0.5,0.5,0.35555555555555557,0.4161616161616162,0.49292929292929294
2026-01-22,41.9,42.23,41.63,42.07,1098910.0,41.674,41.17,40.5065,39.9985,0.009502327590344,0.0218605780908427,0.0385987434115511,0.0517894421040789,40.5065,42.22661352134552,38.786386478654485,0.954475818166216,0.0849302468167464,0.00718218817333,0.0161835748792271,0.0517499999999999,0.0562390158172232,0.0071946908255036,0.0089759115388918,0.0097159783813697,75.95959593811246,0.5983152350394292,0.4284611039583461,0.169854131081083,69814161.0,67.45095042324951,0.7507142857142861,0.920220752158268,0.9999999999641576,0.3922800718097638,-0.0406465414784882,0.00718218817333,0.0097159783813697,75.95959593811246,0.1391930038076421,0.0,0.0,0.0,0.5,0.5547154617170202,0.4457333531030514,0.6827743930504072,0.5772412716871301,-0.6277179912045687,0.5029626595887516,0.3891543237295585,0.2172440088703449,0.0074352877849754,0.2657996362194492,0.3925485752345389,0.5350331636361778,0.4514367490481326,0.2172440088703449,-0.1676941761402651,0.7601318240217596,1.226215213394472,-0.7686296852136041,0.2429356363341907,0.1860175866514374,0.4952939307796083,0.396239017091234,-0.8779002288845932,-0.9875546419258506,-1.29359706143294,1.4453770956478322,0.5295027285163476,0.4009286590894724,0.4284763997065811,1.352251594338985,0.7786052237084456,-0.9696062199608754,-0.1151014118530231,1.3453939758685614,-0.1903956786181356,0.2429356363341907,-1.29359706143294,1.4453770956478322,0.0642062190499656,0.0,0.0,0.0,0.0,其他,0,0,0.5,1.0,0,0.2141414141414141,-0.01117185642975993,0.00213929165676241,0.41700404858299595,0.4797570850202429,0.12753036437246965,0.8036437246963563,0.5161943319838057,0.6052631578947368,0.5,0.5,0.5,0.5,0.21414141414141413,0.5494949494949495,0.45656565656565656
2026-01-23,42.06,42.3,41.83,42.1,971800.0,41.844,41.342,40.6165,40.05,0.006117961953924,0.0183348652701853,0.0365245651397831,0.0511860174781524,40.6165,42.4508881813836,38.78211181861639,0.9043582527855754,0.0903272404751316,0.0007130972189208,0.0206060606060607,0.0425953442298168,0.0551378446115289,0.0063758314648472,0.0089266504653193,0.0097245897743306,73.3183856272095,0.6315734346129531,0.4690835700892675,0.1624898645236855,70785961.0,66.86109383221074,0.7221428571428576,0.801341120805596,0.999999999964539,0.3949730700144076,-0.0368171021377673,0.0007130972189208,0.0097245897743306,73.3183856272095,-0.115669163079779,0.0,0.0,0.0,0.5,0.5907703543661651,0.4606508855067583,0.7305814383005601,0.5830520004253439,-0.6921595585446771,0.5425750003838307,0.4309201888428616,0.2460889143046072,0.0236467594308889,0.1608339577067145,0.3169349260485639,0.4997101189839452,0.443633348424503,0.2460889143046072,-0.1260921174508927,0.7569760443022098,1.0654082344937987,-0.7183295675967921,0.0146637208109328,0.2522316968056797,0.3885607413543049,0.3848437286860159,-0.924998979422254,-0.98791269555082,-1.2874421943341456,1.2861217035972583,0.5633039372938687,0.4477308803408666,0.4083373618432094,1.382576221282399,0.7416692755430879,-1.0071972132051945,-0.2741922849074371,1.3394647966530464,-0.1823116816170018,0.0146637208109328,-1.2874421943341456,1.2861217035972583,-0.3545182588031113,0.0,0.0,0.0,0.0,其他,0,0,0.5,1.0,0,0.3717171717171717,-0.01092636579572448,-0.019002375296912177,0.3522267206477733,0.48380566801619435,0.11740890688259109,0.7732793522267206,0.2975708502024291,0.5364372469635628,0.5,0.5,0.5,0.5,0.3717171717171717,0.6060606060606061,0.4666666666666667
2026-01-26,42.1,46.31,41.5,46.31,2699104.0,42.758,41.932,40.9245,40.17933333333334,0.083072173628327,0.1044071353620146,0.1315959877335093,0.1525825880635152,40.9245,44.04606151882184,37.80293848117817,1.362629162903119,0.1525522129196059,0.1,0.1094873023478677,0.146003464488988,0.1534246575342466,0.0440032786058119,0.0314370081192154,0.023848265688321,85.29048206187807,0.9862734663614176,0.5725215493436976,0.4137519170177201,73485065.0,69.19781428502527,0.986428571428572,2.059028917294612,0.9999999999857752,0.7728904847327388,-0.1319369466637875,0.1,0.023848265688321,85.29048206187807,1.7774274542086848,0.0,0.0,0.0,0.5,0.5988835584905595,1.358013134439603,0.6475310133557042,1.5544403784052387,0.2046069559055782,0.7596605727471917,0.5758749920498492,0.3275564409326226,0.0644238394700399,2.517256752217508,2.134134296154347,2.058436588387423,1.585857852717725,0.3275564409326226,0.168561194041182,0.4631083458133282,2.4744592587920304,-0.1575033387394258,3.454615991365427,1.5845598265595622,1.579526767205356,1.3351264682243176,1.3531908417213672,0.5447976424807359,-0.1078356863373642,1.968281725857843,0.9333382180048324,0.5679681421773936,1.0687540504926445,1.4763727721929991,0.8786367238696446,-0.6290384763305085,1.4096278436119314,1.3336133969882484,0.9035735329386084,3.454615991365427,-0.1078356863373642,1.968281725857843,2.72926853998922,0.0,0.0,0.0,0.0,其他,0,0,0.5,1.0,0,0.0404040404040404,-0.09825091772835248,-0.12718635283955948,0.9210526315789473,0.8157894736842105,0.6153846153846154,0.9676113360323887,0.9412955465587044,0.9190283400809717,0.5,0.5,0.5,0.5,0.04040404040404041,0.07272727272727272,0.09090909090909091
2026-01-27,49.0,50.0,43.0,43.16,10228572.0,43.082,42.179,41.1125,40.24433333333333,0.0018105009052502,0.023258019393537,0.0498023715415019,0.0724491232720134,41.1125,44.2996840400678,37.92531595993219,0.8212083102478009,0.1550469584705407,-0.0680198661196287,0.0389985556090515,0.060702875399361,0.0954314720812181,0.0597850242895705,0.0408673611846113,0.0287403749643573,64.00742114196562,1.0016507166912163,0.6583473828132014,0.3433033338780149,63256493.0,83.0336281612396,1.4450000000000007,5.799630841367506,0.551920341386174,0.4901256732451509,-0.051899907321594,-0.0680198661196287,0.0287403749643573,64.00742114196562,2.789617591615588,0.0,0.0,0.0,0.5,2.1889329137159548,2.169479673972331,1.016101408611905,0.8212188430668833,4.014958640222562,0.8351780677454146,0.6357553051391206,0.3770277681957594,0.0848601012034589,0.0195477130035694,0.4123743108413072,0.7079603765151233,0.675923530866661,0.3770277681957594,0.2151725615249654,0.498796794734391,0.7882987828066567,-0.134779811684556,-2.3611526180158227,0.5226929888002436,0.5911693614733473,0.7697258913502052,2.2882206578971025,1.1837000107199924,0.3008171372520233,0.7328215392165462,0.9468364977677466,0.6673319800316372,0.8803600816963071,1.0915153001653752,1.693990385382228,0.0253412247468098,6.040062966326964,0.0923553883366061,0.0884586590044048,-2.3611526180158227,0.3008171372520233,0.7328215392165462,4.254668216176903,0.0,0.0,0.0,0.0,其他,0,0,0.5,1.0,0,0.1979797979797979,-0.02919369786839665,-0.0720574606116775,0.7753036437246964,0.7024291497975709,0.7327935222672065,0.6518218623481782,1.0,0.7469635627530364,0.5,0.5,0.5,0.5,0.19797979797979798,0.30707070707070705,0.30303030303030304
2026-01-28,42.84,43.16,41.1,41.14,6597958.0,42.956,42.248,41.1975,40.275666666666666,-0.0422758171151876,-0.0262260935428895,-0.0013957157594514,0.0214604351676364,41.1975,44.28602460092616,38.10897539907384,0.4906913482198225,0.1499374768332379,-0.0468025949953659,-0.0150825951639933,0.0170580964153275,0.0431034482758621,0.0649224157497518,0.0441756337561302,0.0309862958605939,54.50236966221933,0.8411439958198557,0.6949067054145323,0.1462372904053234,56658535.0,70.49715836536242,1.5507142857142864,3.200747266213104,0.264580369839764,0.3087971274658095,0.0021876519202721,-0.0468025949953659,0.0309862958605939,54.50236966221933,-0.3549482762598728,0.0,0.0,0.0,0.5,0.7588383338020218,0.6381425256977846,0.5443554337094808,0.3515246319016691,2.1516104970008536,0.8029995168305678,0.6514724937893396,0.399009201583681,0.0946328912853827,-1.3319952881027788,-0.6370663967756873,-0.1367607490177881,0.0973196036563015,0.399009201583681,0.2122940354032262,0.5527580867933206,-0.2400288900695759,-0.180661611279277,-1.6201098671456358,-0.2916560438606107,0.0854574969637217,0.2605363000399067,2.5679854330726206,1.402860675644923,0.4879860312254417,0.1811583941214766,0.7763253625684048,0.7087311240124531,0.3590671563828062,0.8434909258160014,0.9454247664102272,0.1761589858639211,2.717072165615271,-0.7031317101250455,-0.4341608339740986,-1.6201098671456358,0.4879860312254417,0.1811583941214766,-0.7411096273688487,0.0,0.0,0.0,0.0,其他,0,0,0.5,1.0,0,0.5474747474747474,0.021633446767136633,-0.02284880894506558,0.354251012145749,0.5060728744939271,0.771255060728745,0.45546558704453444,0.9959514170040485,0.3785425101214575,0.5,0.5,0.5,0.5,0.5474747474747474,0.6787878787878788,0.498989898989899
2026-01-29,40.78,41.5,40.0,40.36,3341761.0,42.614,42.144,41.2515,40.295,-0.0528934153095226,-0.0423310554290052,-0.0216113353453814,0.0016131033627002,41.2515,44.234838116236446,38.268161883763554,0.350586831713244,0.1446414368558338,-0.0189596499756927,-0.0406465414784882,-0.0251207729468598,0.0274949083503055,0.0651123067944661,0.0439798955275962,0.031331078797711,49.92343031624097,0.6435829581479879,0.6846419559612235,-0.0410589978132355,53316774.0,63.4511689902184,1.6114285714285717,1.520710767884624,0.126284875181699,0.2387791741450734,0.0307234886025769,-0.0189596499756927,0.031331078797711,49.92343031624097,-0.4935158726381707,0.0,0.0,0.0,0.5,0.2804401889753982,0.266080831856537,0.271131022209485,0.1698911140301271,0.504646773431216,0.7193419042103111,0.6243341079548422,0.4127003903542594,0.1005985129841104,-1.6492566825352906,-0.9764782546281268,-0.4700063304962932,-0.1280026278670128,0.4127003903542594,0.202460378941378,0.5992895060335114,-0.675213131353909,-0.2282194989772279,-0.6600639426929299,-0.6758791153845926,-0.4031733894165655,0.1083906418223707,2.5502972737335816,1.3834019426093809,0.515880330985592,-0.0847255676218011,0.5674857178775095,0.6951427925233628,-0.136249076490206,0.7172998202945075,0.5251573642946121,0.2626380783936765,0.6125192908313382,-1.0834123329418253,-0.6350292306855322,-0.6600639426929299,0.515880330985592,-0.0847255676218011,-0.9587565944724344,0.0,0.0,0.0,0.0,其他,0,0,0.5,1.0,0,0.8121212121212121,0.0287413280475719,0.03567888999008906,0.2125506072874494,0.36639676113360325,0.7773279352226721,0.39473684210526316,0.8279352226720648,0.24898785425101214,0.5,0.5,0.5,0.5,0.8121212121212121,0.7555555555555555,0.6565656565656566
2026-01-30,40.49,40.77,40.0,40.55,2057488.0,42.304,42.074,41.304,40.307500000000005,-0.0414618003025719,-0.036221894756857,-0.0182548905674995,0.0060162500775287,41.304,44.19302387448912,38.41497612551087,0.3695060974236012,0.1398907551075988,0.0047076313181366,-0.0368171021377673,-0.016969696969697,0.0265822784810125,0.0652490423880916,0.0440180641174058,0.0313260356979879,50.52950075107857,0.4966210858050672,0.6470377819299923,-0.150416696124925,55374262.0,59.18563078043913,1.635,0.9087105192236568,0.087163232962168,0.25583482944115,0.0268803945745994,0.0047076313181366,0.0313260356979879,50.52950075107857,-0.3843102483989729,0.0,0.0,0.0,0.5,0.2127389878395784,0.1022722532037817,0.2707063279721684,0.2138092610443727,-0.1450599624742166,0.6435811685568791,0.605687832995905,0.4259794508468131,0.1043927086638595,-1.293533549387531,-0.8444452678566022,-0.4137108934419573,-0.0777377030026763,0.4259794508468131,0.1943707585971715,0.6420106845768533,-0.6148766246437674,-0.2708281694283027,0.1552603468127573,-0.6167908354587042,-0.3079804609421156,0.0993352683313776,2.5300837143426955,1.3799152506654564,0.5144455515047314,-0.0493870881208655,0.4120940042193208,0.6495273062453706,-0.4252547126612662,0.7921756129163805,0.2706299356827381,0.2959374668556558,-0.1541476844269645,-1.1875396206937832,-0.5842744239616013,0.1552603468127573,0.5144455515047314,-0.0493870881208655,-0.7832086394818788,0.0,0.0,0.0,0.0,其他,0,0,0.5,1.0,0,0.8303030303030303,0.021701602959309563,0.013070283600493227,0.37044534412955465,0.402834008097166,0.7611336032388664,0.49190283400809715,0.44129554655870445,0.3360323886639676,0.5,0.5,0.5,0.5,0.8303030303030303,0.7575757575757576,0.6121212121212121
2026-02-02,40.39,41.0,40.17,40.2,1689761.0,41.082,41.92,41.313,40.30283333333333,-0.0214692566087336,-0.041030534351145,-0.0269406724275651,-0.0025515162292145,41.313,44.18626038902805,38.43973961097196,0.3063175888477111,0.1390971553274316,-0.0086313193588161,-0.1319369466637875,-0.0368950646861523,0.0044977511244377,0.029498887504671,0.043836240672791,0.0312879101571979,48.156508648049744,0.3479002902566463,0.5872102835953231,-0.2393099933386767,53684501.0,59.43775889055493,1.6507142857142856,0.7411849947762096,0.0316957210771526,0.2244165170536407,0.0388059701492535,-0.0086313193588161,0.0312879101571979,48.156508648049744,-0.17872619427185,0.0,0.0,0.0,0.5,0.1891876898410398,0.1536813947240016,0.3124810289706477,0.1319955747545591,-0.3308855289153218,0.349421282424206,0.5662478140444425,0.4276115395725484,0.1027214345711014,-0.679572746358753,-0.9440159722037582,-0.5565088278951308,-0.1751307241218497,0.4276115395725484,0.1928024086663725,0.6480376377597611,-0.8101191119325154,-0.2775701864814023,-0.3045647254027686,-2.0386248360666297,-0.5387111573100815,-0.1161777218095005,0.4291231410399845,1.361694639584052,0.510244480689938,-0.1873727814838535,0.2549694235493766,0.5779211184848918,-0.6596755549956577,0.7274695425861906,0.2852025456158191,0.3179640425358905,-0.363760806275347,-1.3356146087607037,-0.6735927369137643,-0.3045647254027686,0.510244480689938,-0.1873727814838535,-0.455240872168873,0.0,0.0,0.0,0.0,其他,0,0,0.5,1.0,0,0.6161616161616161,0.04726368159203975,0.04228855721393021,0.038461538461538464,0.46558704453441296,0.7368421052631579,0.5526315789473685,0.3481781376518219,0.4777327935222672,0.5,0.5,0.5,0.5,0.6161616161616161,0.6585858585858586,0.5898989898989899
2026-02-03,40.4,40.93,40.28,40.92,1344897.0,40.634,41.858,41.32899999999999,40.32116666666666,0.0070384407146724,-0.022409097424626,-0.0098961987950347,0.0148515874623338,41.32899999999999,44.1890765539993,38.46892344600069,0.4284984173813585,0.1384053112338738,0.0179104477611939,-0.051899907321594,-0.0149253731343282,0.0078817733990148,0.0246538874035263,0.0443130264094629,0.031376522238522,51.70660856409663,0.2848523702084904,0.5267387009179566,-0.2418863307094662,55029398.0,63.58086455138942,1.6314285714285712,0.5922522322848469,0.1458003169549003,0.2890484739650892,0.0239491691104594,0.0179104477611939,0.031376522238522,51.70660856409663,-0.2040904009501936,0.0,0.0,0.0,0.5,0.1912295712048407,0.137739019646028,0.3393213463184031,0.2996626150335664,-0.5049654587980043,0.241275346597785,0.5497350839815326,0.4311199303205841,0.1083877744637367,0.1941894259005511,-0.5469117093211037,-0.2733261656808017,0.0236413162141271,0.4311199303205841,0.1930199180761573,0.6553808681225534,-0.4276020558629486,-0.2833879318650256,0.611355191096803,-0.8326169240286571,-0.2824256044841589,-0.0829471203311183,0.1439330417497991,1.3878898347809976,0.5166895768295607,0.0197734357298075,0.1881525785765474,0.5056882856772273,-0.6651181139124974,0.7758986851647199,0.5316594645454794,0.2897680718471996,-0.5498237771317481,-1.01630689258609,-0.4850636640863169,0.611355191096803,0.5166895768295607,0.0197734357298075,-0.4947535174884294,0.0,0.0,0.0,0.0,其他,0,0,0.5,1.0,0,0.6484848484848484,0.02639296187683282,0.005376344086021501,0.19635627530364372,0.48785425101214575,0.7388663967611336,0.5506072874493927,0.2935222672064777,0.4898785425101215,0.5,0.5,0.5,0.5,0.6484848484848484,0.5232323232323233,0.4707070707070707
2026-02-04,40.92,41.4,40.79,41.23,1192900.0,40.652,41.804,41.3835,40.346,0.0142182426448882,-0.0137307434695244,-0.0037092077760459,0.0219104743964704,41.3835,44.18920302663769,38.577796973362304,0.4726450022347487,0.1355952506013708,0.0075757575757573,0.0021876519202721,-0.0129279387119943,0.027154957648231,0.0144304456956253,0.0443492621648167,0.031274815303748,49.35262756518706,0.256939015524452,0.4727787638392556,-0.2158397483148036,56222298.0,62.65978982392827,1.5892857142857135,0.5243060279656105,0.1949286846244855,0.3168761220797402,0.0194033470773709,0.0075757575757573,0.031274815303748,49.35262756518706,-0.1130175768107148,0.0,0.0,0.0,0.5,0.3120567258672995,0.2431900327525323,0.4656553274226942,0.3715402327251946,-0.5810524657904742,0.2452303494969255,0.5352448518093124,0.444951476700839,0.1161317181092067,0.4139271059158005,-0.3615373236358943,-0.1702819581698767,0.1042404183949477,0.444951476700839,0.1927371039092824,0.6866395736702107,-0.2890171717871241,-0.3084488687686474,0.2535224567510788,-0.0186335948884564,-0.2587220963399176,0.105705377451662,-0.4574489395930934,1.3842722721567686,0.5071395363466245,-0.1176288011113133,0.1584191699271541,0.4412244168297591,-0.5947434440291282,0.8185002291579476,0.4756999240056434,0.2287446999710942,-0.633939190810121,-0.8778172385362881,-0.403415173350803,0.2535224567510788,0.5071395363466245,-0.1176288011113133,-0.3489232842747694,0.0,0.0,0.0,0.0,其他,0,0,0.5,1.0,0,0.7575757575757576,0.02376910016977929,-0.017705554208100827,0.5465587044534413,0.4757085020242915,0.7226720647773279,0.3967611336032389,0.15384615384615385,0.45546558704453444,0.5,0.5,0.5,0.5,0.7575757575757576,0.6222222222222222,0.4444444444444444
2026-02-05,41.12,42.15,40.98,41.6,1864377.0,40.9,41.757,41.4635,40.36666666666667,0.0171149144254278,-0.0037598486481307,0.0032920520457753,0.0305532617671346,41.4635,44.19332185653583,38.73367814346416,0.5250016314472484,0.1316734890459923,0.008974048023284,0.0307234886025769,-0.0111718564297599,0.04,0.0096030578720478,0.04438704995928,0.031288112126624,51.31086141784006,0.2616571676605304,0.4305544446035106,-0.1688972769429803,58086675.0,63.00461377091634,1.6249999999999996,0.8095210471555736,0.2291325695543511,0.3500897666036794,-0.0019230769230769,0.008974048023284,0.031288112126624,51.31086141784006,0.5628946265403638,0.0,0.0,0.0,0.5,0.3581967701774138,0.4115939602782587,0.5121459163406447,0.45737006067168,-0.2392453387839121,0.3045682867030773,0.522525373650754,0.4656151472003089,0.1225424001533943,0.5020552892980339,-0.1487512408838952,-0.0537236172110438,0.2029541677725606,0.4656151472003089,0.19320149646252,0.7319334542066607,-0.124803798094402,-0.3436095979031441,0.3014739144336144,0.4107285179225646,-0.2378423421915656,0.2313652998685428,-0.7404456971418337,1.3808095651995695,0.5072816789874995,-0.0030016951734362,0.1631703381529961,0.3906694249079016,-0.4690719396998768,0.8859276341601355,0.495417174030639,0.2797731660840015,-0.2743374308159066,-0.7811025468085309,-0.3062175460108598,0.3014739144336144,0.5072816789874995,-0.0030016951734362,0.7289184751368393,0.0,0.0,0.0,0.0,其他,0,0,0.5,1.0,0,0.4525252525252525,0.013461538461538414,-0.04182692307692315,0.8117408906882592,0.6578947368421053,0.7125506072874493,0.48380566801619435,0.597165991902834,0.5769230769230769,0.5,0.5,0.5,0.5,0.45252525252525255,0.40404040404040403,0.32525252525252524
2026-02-06,41.4,41.88,41.08,41.64,1096738.0,41.118,41.711,41.5265,40.32066666666666,0.0126951699985407,-0.0017021888710411,0.0027331944661843,0.0327210198244078,41.5265,44.20877927428574,38.84422072571426,0.5211573792923017,0.1291839800743756,0.0009615384615384,0.0268803945745994,-0.0109263657957244,0.0312035661218423,0.0098816512651797,0.0443877204565831,0.03124465198611,49.612403095390896,0.2655627607282724,0.397556107828463,-0.1319933471001905,59183413.0,59.51232542277745,1.6228571428571428,0.4776226495471712,0.235679214398761,0.3536804308765376,-0.005043227665706,0.0009615384615384,0.03124465198611,49.612403095390896,-0.4117402220688198,0.0,0.0,0.0,0.5,0.4229745488145568,0.3500782748055515,0.5361378051756263,0.4659284310335327,-0.6288525335043997,0.3566399182007548,0.5100792355114512,0.4816854867752723,0.107577258137299,0.3654324082251419,-0.1046654303777764,-0.0629390158669773,0.2274322056226953,0.4816854867752723,0.1957883153095753,0.7634518457018293,-0.136652994259039,-0.3657009225902455,0.0235690963844259,0.3521591510268354,-0.2346045657054297,0.1447042946370027,-0.7223943332473995,1.3749149129793083,0.5026483016874996,-0.1024139288979898,0.1670620678580422,0.3510531259825351,-0.3702078400729839,0.924474149910536,0.285633577497389,0.276234981874661,-0.6913062276547628,-0.7611121395680446,-0.2951990840088759,0.0235690963844259,0.5026483016874996,-0.1024139288979898,-0.826661330338943,0.0,0.0,0.0,0.0,其他,0,0,0.5,1.0,0,0.5898989898989899,-0.008165225744476534,-0.04034582132564846,0.8299595141700404,0.645748987854251,0.7125506072874493,0.5161943319838057,0.12955465587044535,0.6012145748987854,0.5,0.5,0.5,0.5,0.5898989898989899,0.3898989898989899,0.32727272727272727
2026-02-09,42.09,42.12,41.58,41.76,1210200.0,41.43,41.25599999999999,41.594,40.20266666666667,0.007965242577842,0.012216404886562,0.003990960234649,0.0387370655346244,41.594,44.22544067005124,38.96255932994877,0.5315416573582886,0.1265298201685294,0.0028818443804032,0.0388059701492535,-0.0982509177283524,0.0334075723830735,0.0066050294049583,0.027392568421335,0.0312438065034685,50.85803431581893,0.2751689916419693,0.3730786845911643,-0.097909692949195,60393613.0,62.61972893110335,1.611428571428571,0.5253648739795009,0.2553191489319907,0.4715447154416772,0.0081417624521074,0.0028818443804032,0.0312438065034685,50.85803431581893,0.103454061042838,0.0,0.0,0.0,0.5,0.5834436072025158,0.4036495459625263,0.6598414142890188,0.4932068210205086,-0.5699419581018936,0.4313555935499096,0.3955860183463913,0.4989472323325247,0.0694865390076722,0.2193487671098921,0.1926278890957065,-0.0418864898249056,0.2960739283054961,0.4989472323325247,0.198601515672944,0.7972058189522161,-0.1038640856585474,-0.3892779544568575,0.090130404337191,0.5313478973757109,-1.2523893909409682,0.1661337284466658,-0.9134361399392644,0.2287817954014029,0.501618772523199,-0.0292401352419114,0.1769946860184662,0.3215416485659935,-0.2789142644156493,0.9670544982661616,0.4712824968279001,0.2593021602020322,-0.6297153594821443,-0.7050105691486352,0.0486602692708924,0.090130404337191,0.501618772523199,-0.0292401352419114,-0.0029311790034048,0.0,0.0,0.0,0.0,其他,0,0,0.5,1.0,0,0.6052631578947368,-0.03208812260536387,-0.12356321839080453,0.6146044624746451,0.6450304259634888,0.7200811359026369,0.4827586206896552,0.1926977687626775,0.5010141987829615,0.5,0.5,0.5,0.5,0.6052631578947368,0.4473684210526316,0.10526315789473684
2026-02-10,41.79,42.16,41.69,41.9,910900.0,41.626,41.13,41.6545,40.16833333333334,0.0065824244462595,0.0187211281303183,0.0058937209665221,0.0431102443881994,41.6545,44.25387219140956,39.05512780859044,0.5472229411310565,0.124806308629479,0.0033524904214559,0.0239491691104594,-0.0291936978683966,0.0297370361268125,0.003377238632192,0.0184005562791396,0.0312249456162139,50.51060486482992,0.2907275031368144,0.3566084483002943,-0.0658809451634799,61304513.0,65.15848739010227,1.5971428571428563,0.4000210615985445,0.278232405887426,0.4878048780431144,0.0023866348448686,0.0033524904214559,0.0312249456162139,50.51060486482992,-0.2473144934721534,0.0,0.0,0.0,0.5,0.5121910959202461,0.4120106716824867,0.6859304128175562,0.5251353953670927,-0.7210503792678542,0.4779644577392347,0.363422564258881,0.5143008350009319,0.0583188215567232,0.176415385729423,0.3313604327955958,-0.0100707363704892,0.345788145820164,0.5143008350009319,0.2036238217923685,0.8230808659820802,-0.0544332453185606,-0.4043378362568469,0.1063449784969692,0.3061544551467702,-0.4436331090355372,0.129757915382816,-1.100536476013618,-0.3776580847105075,0.4990742247649315,-0.0495941279399452,0.1932424256861189,0.3015306300539658,-0.1931300312430305,0.9982715717626638,0.6225511223754725,0.2382488739026826,-0.7861150489378395,-0.6400162371740389,0.096025030074958,0.1063449784969692,0.4990742247649315,-0.0495941279399452,-0.5635066607840561,0.0,0.0,0.0,0.0,其他,0,0,0.5,1.0,0,0.3995943204868154,-0.04415274463007168,-0.11575178997613367,0.6483739837398373,0.6016260162601627,0.733739837398374,0.5040650406504065,0.08536585365853659,0.5630081300813008,0.5,0.5,0.5,0.5,0.3995943204868154,0.4482758620689655,0.11156186612576065
2026-02-11,41.9,42.88,41.73,42.03,1726864.0,41.786,41.219,41.73350000000001,40.17033333333333,0.0058392763126406,0.0196753924161188,0.0071046042148392,0.0462945291301208,41.73350000000001,44.2741114059,39.19288859410002,0.558352095730895,0.1217540539803227,0.0031026252983294,0.0194033470773709,0.0216334467671366,0.0390605686032137,0.0030142323468672,0.0099837716049543,0.0311711231361444,49.840764325654696,0.3099744565514299,0.3472816499505215,-0.0373071933990915,63031377.0,65.74970806798041,1.6364285714285718,0.7600265664948757,0.299509001631759,0.502903600458735,0.0042826552462527,0.0031026252983294,0.0311711231361444,49.840764325654696,0.8957778021736744,0.0,0.0,0.0,0.5,0.5370148181213832,0.5740481799643574,0.6944777246444991,0.5546699196823486,-0.3040403231572223,0.5158065580569303,0.3850937085786439,0.5346216241880243,0.0588632066209426,0.1532250650817463,0.3512405225351751,0.0101819946343544,0.3817772670224168,0.5346216241880243,0.2071070435242812,0.8624520401832874,-0.0193280010889651,-0.4315328998569518,0.0975013789024608,0.2369460406656804,0.1515267399812924,0.221433336801262,-1.1183046131871062,-0.9439855651625492,0.4935830444225681,-0.0889048690669256,0.2134068385780153,0.2900020418289089,-0.1165810036022405,1.0596600092237354,0.6567132597509884,0.2947204286917537,-0.3305437363859879,-0.5797113103170186,0.1399923943659075,0.0975013789024608,0.4935830444225681,-0.0889048690669256,1.263859245823075,0.0,0.0,0.0,0.0,其他,0,0,0.5,1.0,0,0.4613821138211382,-0.043540328336902134,-0.1360932667142517,0.7576374745417516,0.6171079429735234,0.7331975560081466,0.560081466395112,0.6883910386965377,0.5763747454175153,0.5,0.5,0.5,0.5,0.4613821138211382,0.3475609756097561,0.12398373983739837
2026-02-12,42.47,42.52,41.41,41.52,1346707.0,41.77,41.335,41.7395,40.15416666666667,-0.0059851568111084,0.0044756259828233,-0.0052588076043076,0.0340147348759987,41.7395,44.27736047478449,39.20163952521551,0.4567549118191157,0.1216047377078502,-0.0121341898643825,-0.0019230769230769,0.0287413280475719,0.0028985507246377,0.0066456690815679,0.0085005284281744,0.0309178195292148,47.77607361450257,0.2808377453344377,0.3339928690273048,-0.053155123692867,61684670.0,62.54602250071815,1.682142857142858,0.6034325215997542,0.2160392798655313,0.4436701509820712,0.0154142581888245,-0.0121341898643825,0.0309178195292148,47.77607361450257,-0.220142987519573,0.0,0.0,0.0,0.5,0.669527077336508,0.4915349283956329,0.6130457843337742,0.4338795638284777,-0.49747188653263,0.510994224345725,0.413512856803283,0.5352074973366057,0.0535422208913898,-0.212357161322891,0.0249111186027168,-0.1967668013080757,0.2394477556217898,0.5352074973366057,0.20739382350422,0.8628240575990805,-0.3394505009968974,-0.4321300264479499,-0.4332106951515984,-0.0863580716340773,0.2345457841647482,-0.1358093801771938,-0.901583278334414,-1.0410705622243264,0.4712260429603484,-0.2103394002738879,0.1820885453335446,0.2737761041147357,-0.1587722563161206,1.0063788290112554,0.4630291194875349,0.3604733149802908,-0.5277161196991399,-0.8099026997983907,-0.0336926502473782,-0.4332106951515984,0.4712260429603484,-0.2103394002738879,-0.5221875311937589,0.0,0.0,0.0,0.0,其他,0,0,0.5,1.0,0,0.4048582995951417,0.00674373795761074,-0.14161849710982666,0.45030425963488846,0.45233265720081134,0.7281947261663286,0.6146044624746451,0.3103448275862069,0.5070993914807302,0.5,0.5,0.5,0.5,0.4048582995951417,0.52834008097166,0.15789473684210525
2026-02-13,41.56,41.88,41.43,41.43,888300.0,41.728,41.423,41.74849999999999,40.16466666666667,-0.0071414877300611,0.0001689882432465,-0.007629016611375,0.0315036433349378,41.74849999999999,44.28032085505765,39.21667914494233,0.4371006050038146,0.121289189075133,-0.0021676300578035,-0.005043227665706,0.0217016029593095,0.0043636363636363,0.0066365977714982,0.0086126906344448,0.0309090901194269,22.6457399067596,0.2476299203600618,0.3167202792938562,-0.0690903589337944,60796370.0,58.02059844210461,1.3707142857142869,0.4037911364777221,0.2013093289656082,0.4332171893097184,-0.0031378228336954,-0.0021676300578035,0.0309090901194269,22.6457399067596,-0.3403910427435218,0.0,0.0,0.0,0.5,0.4548140537084625,0.3456843854188323,0.6168529048125242,0.4119838368010035,-0.7304428847852212,0.4998923624164854,0.4348821391595007,0.5366072309224272,0.0568470468267944,-0.2478109777722935,-0.0675762460179249,-0.2361837922852918,0.2100103336860743,0.5366072309224272,0.2076275780298535,0.8650956258769366,-0.4008736858944728,-0.4342531645404425,-0.0850581436410071,-0.1335497478784417,0.1516219209981924,-0.1211208621931172,-0.8997642661877443,-1.0303682741198203,0.4696207436765347,-1.6848017841309937,0.1464382719528511,0.2528214621251041,-0.2011912622849377,0.9704587684292106,0.1900047218470979,-0.0920217513772511,-0.778779441550436,-0.8487038105493818,-0.0642958120968121,-0.0850581436410071,0.4696207436765347,-1.6848017841309937,-0.7134125203377177,0.0,0.0,0.0,0.0,其他,0,0,0.5,1.0,0,0.3825910931174089,-0.008447984552256815,-0.1841660632391987,0.59026369168357,0.5010141987829615,0.7281947261663286,0.05273833671399594,0.058823529411764705,0.6004056795131846,0.5,0.5,0.5,0.5,0.3825910931174089,0.4574898785425101,0.145748987854251
2026-02-24,41.66,42.4,41.55,42.1,1247612.0,41.79600000000001,41.613,41.7665,40.212833333333336,0.0072734232940949,0.0117030735587437,0.0079848682556593,0.0469294628165966,41.7665,44.30318059105838,39.22981940894162,0.5657355130005314,0.1214696271438738,0.0161718561428916,0.0081417624521074,0.0472636815920397,0.0086248203162433,0.0102526820837294,0.0087231910908307,0.031005831278532,41.77018632632328,0.2722376937235324,0.3078237621797914,-0.035586068456259,62043982.0,42.26639915234122,0.9400000000000008,0.572296260465688,0.3109656301094766,0.5110336817594536,-0.0399049881235153,0.0161718561428916,0.031005831278532,41.77018632632328,0.4044939772599347,0.0,0.0,0.0,0.5,0.4775184706976342,0.4630924028033091,0.6456937378289724,0.5690057324858646,-0.5454578528445287,0.5154940673119739,0.4818419535399188,0.5404432766771595,0.0723564563003844,0.1991776974715793,0.1804802067835783,0.0262777249046123,0.3880822419038771,0.5404432766771595,0.211618037614796,0.8667925276882991,0.0062131975221941,-0.4318261898481241,0.5552306807741034,0.0668862259054521,0.4515434934825146,-0.0787556313654059,-0.6847559013458611,-1.019852358243774,0.4769662991710781,-0.5574120591332739,0.1724838269592053,0.241848539120413,-0.1110969394740463,1.014210206897302,-0.75904774349578,-0.7173426792059904,-0.5640411955383742,-0.5422958340538807,0.1644510500165328,0.5552306807741034,0.4769662991710781,-0.5574120591332739,0.4806613234008614,0.0,0.0,0.0,0.0,其他,0,0,0.5,1.0,0,0.3987854251012145,-0.004750593824228044,-0.15676959619952502,0.6024340770791075,0.5070993914807302,0.7322515212981744,0.25557809330628806,0.1744421906693712,0.5841784989858012,0.5,0.5,0.5,0.5,0.39878542510121456,0.5242914979757085,0.17408906882591094
2026-02-25,42.01,42.28,41.82,42.0,1109000.0,41.816,41.721,41.7895,40.2845,0.0044002295771954,0.0066872797871575,0.0050371504803838,0.0425846169122119,41.7895,44.32587515903465,39.25312484096534,0.5414962272430491,0.1213881553513962,-0.002375296912114,0.0023866348448686,0.0263929618768328,0.0110736639383726,0.0103366480715588,0.0075845841907641,0.0309872784351533,59.51327431784987,0.280437656401773,0.3023465410241878,-0.0219088846224148,60934982.0,58.79310185977548,0.8257142857142868,0.5088499513908351,0.2945990179984513,0.4887307236003706,-0.0464285714285714,-0.002375296912114,0.0309872784351533,59.51327431784987,-0.1111018489722766,0.0,0.0,0.0,0.5,0.558946419769285,0.4350525789625328,0.712043870759748,0.5443894919444655,-0.6153032662973327,0.5194199302790854,0.5081288145652394,0.5456307546374344,0.095493025611405,0.1097425538154793,0.0722331190068738,-0.0233190771763124,0.3370031146100475,0.5456307546374344,0.2155777074875787,0.8715524042526309,-0.0705076212415917,-0.4318112892677702,-0.0938590346326635,-0.0207404750542776,0.2054212251775479,-0.0543592729276405,-0.6783711303523182,-1.093304365965283,0.4745159656061435,0.4877256608391163,0.1809948973462397,0.2349573061759946,-0.0742264969963944,0.9700495307061592,0.2386448539437919,-0.8815042572412789,-0.6431984131790899,-0.586740690554318,0.0985299635588875,-0.0938590346326635,0.4745159656061435,0.4877256608391163,-0.3467940268762716,0.0,0.0,0.0,0.0,其他,0,0,0.5,1.0,0,0.48582995951417,-0.020476190476190426,-0.14023809523809527,0.3975659229208925,0.48884381338742394,0.7322515212981744,0.7403651115618661,0.060851926977687626,0.42190669371196754,0.5,0.5,0.5,0.5,0.48582995951417,0.46558704453441296,0.22064777327935223
2026-02-26,42.0,42.26,41.66,42.21,959793.0,41.852,41.819,41.8115,40.3515,0.0085539520214088,0.0093498170687964,0.0095308706934693,0.0460577673692428,41.8115,44.354786518618994,39.26821348138101,0.5783435128179247,0.1216548805287018,0.0050000000000001,0.0042826552462527,0.0237691001697792,0.0105338759875508,0.0104888942931205,0.0074404925114948,0.0309833730740751,73.41772149296591,0.3004183946094656,0.3019609117412434,-0.0015425171317777,61894775.0,71.27199775210083,0.7614285714285727,0.4404372631364767,0.3289689034316041,0.513641755628545,-0.0476190476190475,0.0050000000000001,0.0309833730740751,73.41772149296591,-0.1345419296663661,0.0,0.0,0.0,0.5,0.5555626670476859,0.4297783789133257,0.6704256064035048,0.5929069606816602,-0.6904076066489041,0.5272326049857975,0.531862843558973,0.5505421773677038,0.1171120121424218,0.2386319252219993,0.1295311479061758,0.0523783835288433,0.3766600125178961,0.5505421773677038,0.2207143547727912,0.8738215440497782,0.0463852085090784,-0.4285967822130501,0.1644313849120982,0.0081677337407454,0.1742146441198331,-0.0596376583391952,-0.6679830277009243,-1.0995028350390887,0.4733177014838806,1.3031912115362032,0.202109917011478,0.2341483917244137,-0.0193759096613116,1.0031140982479407,0.9904229999097464,-0.9723947173045668,-0.7284309447234731,-0.4899314481860871,0.1717969852260322,0.1644313849120982,0.4733177014838806,1.3031912115362032,-0.3838617815413389,0.0,0.0,0.0,0.0,其他,0,0,0.5,1.0,0,0.3603238866396761,-0.04051172707889128,-0.1658374792703151,0.46247464503042596,0.49290060851926976,0.7221095334685599,0.9330628803245437,0.028397565922920892,0.5010141987829615,0.5,0.5,0.5,0.5,0.3603238866396761,0.34615384615384615,0.1680161943319838
2026-02-27,42.21,42.21,41.62,42.16,830600.0,41.98,41.875,41.816,40.413,0.0042877560743208,0.0068059701492535,0.0082265161660606,0.043228664043748,41.816,44.361529828004926,39.27047017199508,0.5675694301749451,0.1217490830303632,-0.0011845534233595,0.0154142581888245,0.0134615384615384,0.0021392916567624,0.0079146542083075,0.0071265290511207,0.0309515796658023,71.128608897748,0.3086606436940187,0.3033008581317984,0.0053597855622202,61064175.0,76.02589736632046,0.7485714285714299,0.3835131634221342,0.3207855973760909,0.5077105575265982,-0.00853889943074,-0.0011845534233595,0.0309515796658023,71.128608897748,-0.1346050658839979,0.0,0.0,0.0,0.5,0.6039790233368649,0.4176842457396567,0.659025924048051,0.5799850742911543,-0.7550633747031523,0.557420548562929,0.544984156039895,0.5507004637321169,0.1369391118332694,0.1055529012203568,0.0744194296248031,0.0303058632938069,0.3430713533018895,0.5507004637321169,0.2216496718896439,0.8722187160852735,0.0121167210868302,-0.4269777881491914,-0.0525830667851024,0.177939695296104,0.052396787584316,-0.1430210956062542,-0.8184160968052996,-1.1170633183710952,0.469751027781175,1.1642076736511322,0.2106453711262085,0.2354040694200141,-0.0007685447476417,0.9693856355806691,1.2730264807699518,-0.9882697974612537,-0.7988375420836134,-0.5118323911569359,0.1539872686809151,-0.0525830667851024,0.469751027781175,1.1642076736511322,-0.3833439612966369,0.0,0.0,0.0,0.0,其他,0,0,0.5,1.0,0,0.6402439024390244,-0.054554079696394586,-0.14990512333965833,0.40529531568228105,0.45621181262729127,0.7270875763747454,0.8879837067209776,0.020366598778004074,0.39918533604887985,0.5,0.5,0.5,0.5,0.6402439024390244,0.34959349593495936,0.21341463414634146
2026-03-02,41.58,42.1,40.83,41.3,1221243.0,41.954,41.841,41.776,40.470000000000006,-0.0155885016923297,-0.0129299012929902,-0.0113941018766755,0.0205090190264392,41.776,44.32787361508521,39.22412638491478,0.406735193070136,0.1221693611202175,-0.0203984819734345,-0.0031378228336954,-0.0081652257444765,-0.0190023752969121,0.0133052556371125,0.0099150366488565,0.0313038535511317,62.73148146115175,0.2429967574362024,0.2912400379926793,-0.0482432805564768,59842932.0,68.26606179599419,0.7842857142857156,0.5606561723318897,0.1800327332212751,0.4035714285666239,-0.0053268765133172,-0.0203984819734345,0.0313038535511317,62.73148146115175,0.4703142306766192,0.0,0.0,0.0,0.5,0.454349918328898,0.3919309617118535,0.4592147106001932,0.3756881043069018,-0.5533801690415079,0.5500551969787948,0.5353988400446335,0.5387747629499844,0.1552971904808761,-0.5137116049716944,-0.3523619863234308,-0.3010493094681049,0.0779895317911902,0.5387747629499844,0.2149185674517182,0.855969379371005,-0.4990105521980272,-0.422356867518964,-0.7264153356463722,-0.1056813072929256,-0.2031009907790127,-0.3532868009308398,-0.4982776937840404,-0.9262810768793568,0.4989174699369368,0.6679756284981294,0.1398903194051348,0.2206186869776196,-0.1452607020271842,0.92129475062051,0.8022489313466262,-0.9336764859849984,-0.5724312113517099,-0.9030277804503528,-0.1543009864445663,-0.7264153356463722,0.4989174699369368,0.6679756284981294,0.5905560797343066,0.0,0.0,0.0,0.0,其他,0,0,0.5,1.0,0,0.6166328600405679,-0.03244552058111372,-0.12905569007263917,0.3821138211382114,0.4654471544715447,0.7154471544715447,0.5934959349593496,0.028455284552845527,0.39634146341463417,0.5,0.5,0.5,0.5,0.6166328600405679,0.3691683569979716,0.21703853955375255
2026-03-03,41.6,41.79,40.4,40.42,1186947.0,41.618,41.707,41.4815,40.501333333333335,-0.0287856216060358,-0.0308581293308077,-0.0255897207188745,-0.0020081643402686,41.4815,42.96681442710561,39.99618557289438,0.1426682523771164,0.0716133421936059,-0.0213075060532687,-0.0399049881235153,-0.0320881226053638,-0.1271863528395594,0.0120196249469599,0.0117116462879277,0.0207937132605128,44.41964284326172,0.1185820686879921,0.2567084441317419,-0.1381263754437497,58655985.0,61.0575614460571,0.831428571428573,0.5645056391019461,0.0743243243218131,0.298809523805967,0.036615536862939,-0.0213075060532687,0.0207937132605128,44.41964284326172,-0.0280828631156944,0.0,0.0,0.0,0.5,0.4583058493243809,0.3205607328912235,0.3502114574918956,0.1667634848747346,-0.5699588298463124,0.4671177556008706,0.5005941904758144,0.4576508423141699,0.1652684788577179,-0.9234975237629776,-0.7394190503966139,-0.5404312822697838,-0.1847209161401248,0.4576508423141699,-0.0441438600477008,1.0865785145545792,-1.3351439654719377,-0.8878242922839825,-0.7567189901933911,-0.6674964242230325,-0.4855920174038313,-1.4272005974616369,-0.5734190176115719,-0.8030377608253226,-0.3991969926268792,-0.4112766255531166,0.0060147119710819,0.1789005796611881,-0.3876086572715917,0.8747085736677547,0.3658786337262217,-0.8627781839232815,-0.5664257643995704,-1.1944317415542374,-0.4642661848698621,-0.7567189901933911,-0.3991969926268792,-0.4112766255531166,-0.2131952432272712,0.0,0.0,0.0,0.0,其他,0,0,0.5,1.0,0,0.6700404858299596,-0.09450766947055911,-0.13631865413161814,0.3975659229208925,0.08924949290060852,0.4117647058823529,0.39553752535496955,0.02231237322515213,0.45841784989858014,0.5,0.5,0.5,0.5,0.6700404858299596,0.11740890688259109,0.1680161943319838
2026-03-04,40.11,40.59,39.81,40.05,747970.0,41.228,41.522,41.326,40.52666666666666,-0.0285728145920247,-0.0354510861711864,-0.0308764458210328,-0.0117618029281131,41.326,42.71978167889405,39.93221832110595,0.0422525567215378,0.0674530164492415,-0.0091538842157349,-0.0464285714285714,-0.0441527446300716,-0.0720574606116775,0.0115938458549519,0.0116021308119702,0.014995061484202,37.0044052749326,-0.0097608591766729,0.2034145834700589,-0.2131754426467318,57908015.0,55.56179663646135,0.8435714285714303,0.4592715415588645,0.0,0.2547619047588718,0.0272159800249689,-0.0091538842157349,0.014995061484202,37.0044052749326,-0.3698370693889449,0.0,0.0,0.0,0.5,0.1053063330144571,0.0457908162219762,0.2009282008530329,0.0787907197332103,-0.7940823309628682,0.3710841915048407,0.4529516136639298,0.4144834137859512,0.1732760558348202,-0.9144754143939984,-0.8370232513354341,-0.6287671550669817,-0.2982997119229047,0.4144834137859512,-0.0911102052977733,1.063834748813555,-1.6457591249686725,-0.9238059188299604,-0.3284548407193843,-0.7657803363959794,-0.6273937882236199,-0.8752251145638071,-0.5975394849999525,-0.8085168065510991,-0.8933242001362129,-0.8470138324543639,-0.1320859355707699,0.11466465899138,-0.5896139173345802,0.8446838254881106,0.0331811829611494,-0.8429830968899642,-0.6989912447238408,-1.396110213378399,-0.5938208780656232,-0.3284548407193843,-0.8933242001362129,-0.8470138324543639,-0.763594829675752,0.0,0.0,0.0,0.0,其他,0,0,0.5,1.0,0,0.4909090909090909,-0.07490636704119846,-0.11935081148564286,0.48582995951417,0.3016194331983806,0.18218623481781376,0.3765182186234818,0.02834008097165992,0.48582995951417,0.5,0.5,0.5,0.5,0.4909090909090909,0.13131313131313133,0.16565656565656567
2026-03-05,40.29,40.79,40.02,40.2,528100.0,40.826,41.339000000000006,41.279,40.5395,-0.0153333659922597,-0.0275526742301459,-0.0261391991085055,-0.0083745482800723,41.279,42.75986603395648,39.79813396604352,0.1356861541584664,0.071749123474546,0.0037453183520601,-0.0476190476190475,-0.0435403283369021,-0.0228488089450655,0.0112112811508764,0.0116502643664004,0.0110842013813742,33.79629628534386,-0.0982373883108067,0.1430841891138857,-0.2413215774246925,58436115.0,51.56613203131789,0.8150000000000013,0.3985335835670439,0.0694444444412319,0.2726190476158027,0.007462686567164,0.0037453183520601,0.0110842013813742,33.79629628534386,-0.2939556399320828,0.0,0.0,0.0,0.5,0.147782041173494,0.0915110221116156,0.2536556749976846,0.1142994376958102,-0.9050083498046432,0.2721782801441923,0.4058694596474206,0.4009536005129847,0.1771865700550823,-0.4998836700537608,-0.6642278014055133,-0.5473383371110133,-0.2581501449789019,0.4009536005129847,-0.0833332272204655,1.020127450440181,-1.3435011828676235,-0.8817251409011759,0.1259325567713988,-0.7822597635669022,-0.6189008420874257,-0.383751557467316,-0.619055146265292,-0.8033687830687699,-1.2237652141067497,-1.033426158148566,-0.227217488435771,0.0419720091169194,-0.6645252742103908,0.8623675756102294,-0.2087069157344248,-0.8823887985724256,-0.7746251642832007,-1.1979452280118907,-0.5395387689315337,0.1259325567713988,-1.2237652141067497,-1.033426158148566,-0.6396817764070512,0.0,0.0,0.0,0.0,其他,0,0,0.5,1.0,0,0.4323232323232323,-0.09676616915422886,-0.13383084577114435,0.3603238866396761,0.4979757085020243,0.048582995951417005,0.2145748987854251,0.02631578947368421,0.43724696356275305,0.5,0.5,0.5,0.5,0.43232323232323233,0.16363636363636364,0.18383838383838383
2026-03-06,40.05,42.42,39.95,41.8,1831921.0,40.754000000000005,41.367,41.351,40.58616666666667,0.0256661922756047,0.0104672806826697,0.0108582621943846,0.0299075629216849,41.351,42.78294971978756,39.91905028021244,0.656779247807993,0.0692582873344827,0.0398009950248754,-0.00853889943074,0.0067437379576107,0.035678889990089,0.0252059043833895,0.0177754819496506,0.0136018517342837,51.360544205458346,-0.038801764261457,0.1067069984388171,-0.1455087627002743,60268036.0,60.75268186000291,0.9342857142857152,1.4659872685678856,0.8101851851476752,0.4630952380897248,-0.0464114832535884,0.0398009950248754,0.0136018517342837,51.360544205458346,2.468890361673925,0.0,0.0,0.0,0.5,0.0906640496653922,0.4649080220510448,0.2355874733685841,0.4944445475105326,-0.2331068696520775,0.2541354342917995,0.4122931779268366,0.4199360114191339,0.1922048781709089,0.7808825785199335,0.1613905512128845,0.0809856251441893,0.1908168146553002,0.4199360114191339,-0.0788031497036249,1.0535094879746776,0.3087277518336899,-0.9023910889595196,1.3925529290929664,-0.1822316656018652,-0.0215777193113293,0.200456032846772,0.212615329176817,-0.3884188482514608,-1.0053127012857117,0.0039970069072415,-0.1627721953419263,-0.0018824288544681,-0.4041267308758016,0.9285990154388172,0.3483562700969655,-0.706813896906566,0.5862956302437978,0.8663551876735488,0.0277349016828125,1.3925529290929664,-1.0053127012857117,0.0039970069072415,3.748765154845197,0.0,0.0,0.0,0.0,其他,0,0,0.5,1.0,0,0.1777777777777777,-0.14736842105263148,-0.18181818181818166,0.6396761133603239,0.6558704453441295,0.10323886639676114,0.5,0.8704453441295547,0.5647773279352226,0.5,0.5,0.5,0.5,0.17777777777777778,0.09898989898989899,0.14343434343434344
2026-03-09,41.54,41.71,40.91,41.08,1130132.0,40.71,41.332,41.377500000000005,40.619,0.0090886760009827,-0.0060969708700281,-0.0071898978913662,0.0113493685221202,41.377500000000005,42.765992177261175,39.989007822738834,0.3928694000184724,0.0671133914450034,-0.0172248803827751,-0.0053268765133172,-0.0084479845522568,0.0130702836004932,0.0246435523003838,0.0186711934431205,0.0142283282087277,44.753086410084215,-0.0492291042311734,0.075519777904819,-0.1247488821359925,59137904.0,53.35772290695903,0.9592857142857152,0.939234393970786,0.4768518518297751,0.3773809523764597,-0.027263875365141,-0.0172248803827751,0.0142283282087277,44.753086410084215,-0.3830891179259368,0.0,0.0,0.0,0.5,0.4442393269648311,0.3012897487196563,0.4781654205480058,0.3223237697955729,-0.5939427506661893,0.2429672751836568,0.4027328663407101,0.4264621815747113,0.2026726748757098,0.2616373906689633,-0.1986190684425638,-0.2256843816996848,-0.0272940325275619,0.4264621815747113,-0.0819304815315477,1.071337976462424,-0.5284270877105042,-0.9197764709887256,-0.6159607154986574,-0.1326804391188052,-0.2019902363601493,-0.0256169143738153,0.1788799368519078,-0.327244186605893,-0.9490483537404392,-0.3861987319751219,-0.1738059145874119,-0.0394800973386019,-0.3472439646524462,0.8840663014493129,-0.1009418659452649,-0.6689204098359623,-0.0863633510818365,-0.0638258862203714,-0.2275888617087096,-0.6159607154986574,-0.9490483537404392,-0.3861987319751219,-0.7781171107047165,0.0,0.0,0.0,0.0,其他,0,0,0.5,1.0,0,0.2626262626262626,-0.17721518987341778,-0.1497078870496592,0.6153846153846154,0.611336032388664,0.12550607287449392,0.46963562753036436,0.4392712550607287,0.520242914979757,0.5,0.5,0.5,0.5,0.26262626262626265,0.1111111111111111,0.16767676767676767
2026-03-10,41.5,41.93,41.16,41.9,951300.0,41.006,41.312,41.4625,40.674166666666665,0.0218016875579183,0.0142331525948877,0.0105517033463973,0.0301378844065642,41.4625,42.752100101214445,40.17289989878555,0.669626227355687,0.0622056123587017,0.0199610516066213,0.036615536862939,-0.004750593824228,0.0422885572139302,0.022920371413309,0.019085332219209,0.0146663391663581,49.999999990223465,0.0085754482623841,0.062130911976332,-0.0535554637139479,60089204.0,53.46148471109097,0.9864285714285728,0.8156388307016127,0.8564814814418288,0.4749999999943451,-0.1264916467780429,0.0199610516066213,0.0146663391663581,49.999999990223465,-0.1582399224161425,0.0,0.0,0.0,0.5,0.4340062364640064,0.351367694051924,0.5406525643445614,0.5171298215358917,-0.6848693525471597,0.3152948312465575,0.3969934168160006,0.4489963631851069,0.2204942237490576,0.658740285442894,0.2438370903599109,0.0764243753264666,0.1936054401173543,0.4489963631851069,-0.0844712094896594,1.123337704972743,0.3508690177637451,-0.9625449191274664,0.6942433106759845,0.5118769306218709,-0.1577193872846695,0.2666102087497751,0.0760520196746271,-0.2987010335815365,-0.9091265638374744,-0.0753550219135181,-0.111030620005914,-0.0555900836660205,-0.1535628320410029,0.9173900545702344,-0.0944904354006256,-0.6280033747113652,-0.2440773594356065,0.994312798021911,0.0639989052452322,0.6942433106759845,-0.9091265638374744,-0.0753550219135181,-0.4202038033756174,0.0,0.0,0.0,0.0,其他,0,0,0.5,1.0,0,0.0242914979757085,-0.152744630071599,-0.14892601431980912,0.6673427991886409,0.5882352941176471,0.1663286004056795,0.5354969574036511,0.4908722109533469,0.5943204868154158,0.5,0.5,0.5,0.5,0.024291497975708502,0.11133603238866396,0.10121457489878542
2026-03-11,42.0,42.15,41.1,41.14,919100.0,41.224,41.226,41.4735,40.71,-0.0020376479720551,-0.0020860621937611,-0.0080412793711647,0.0105625153524933,41.4735,42.74727226750835,40.19972773249165,0.3690896290711071,0.0614258390299963,-0.0181384248210023,0.0272159800249689,-0.0204761904761904,0.0053763440860215,0.0248187002821519,0.0199077634660301,0.0148447278902941,44.28754813068003,-0.0068605912171264,0.0483326113376403,-0.0551932025547668,59170104.0,44.67674159742857,0.9792857142857148,0.8026827472203475,0.5046296296062679,0.3845238095192321,-0.0994166261545941,-0.0181384248210023,0.0148447278902941,44.28754813068003,-0.0338484179543782,0.0,0.0,0.0,0.5,0.5521774171713936,0.4014103635931971,0.5244898907003805,0.3350445846321044,-0.7000675928824648,0.3684049774522537,0.3744782632454712,0.4512299676977569,0.2319351434317056,-0.0888420178108857,-0.1119351282607227,-0.240390528875319,-0.0371951727013591,0.4512299676977569,-0.0852740611362534,1.127729653855259,-0.6046259956158077,-0.967047536634872,-0.649297789970915,0.3664963558527238,-0.3447522624781805,-0.1034450133700805,0.1890992223457554,-0.2424979377879401,-0.8915192046924235,-0.4134538858878273,-0.1275975581390934,-0.0721952164198669,-0.15779728672432,0.880774860162568,-0.6286716478208147,-0.6371718501550049,-0.2602694516545972,0.0108956243588,-0.2064437523211434,-0.649297789970915,-0.8915192046924235,-0.4134538858878273,-0.2220297359121892,0.0,0.0,0.0,0.0,其他,0,0,0.5,1.0,0,0.0525252525252525,-0.1222654350996597,-0.14632960622265445,0.4898785425101215,0.46963562753036436,0.17813765182186234,0.3765182186234818,0.44129554655870445,0.43724696356275305,0.5,0.5,0.5,0.5,0.052525252525252523,0.14343434343434344,0.14343434343434344
2026-03-12,41.14,41.5,40.36,40.5,1193100.0,41.284000000000006,41.05499999999999,41.437,40.73766666666666,-0.0189904079062107,-0.0135184508586041,-0.0226126408765112,-0.0058340765712321,41.437,42.78010088973229,40.09389911026771,0.1511803367944012,0.0648261645258609,-0.0155566358774914,0.007462686567164,-0.0405117270788912,-0.0177055542081008,0.026620640953558,0.0201767666720509,0.0151519168612865,43.56060605290593,-0.0699303020205022,0.0246800286660118,-0.094610330686514,57977004.0,45.2367822428041,0.9814285714285716,1.04196760092964,0.2083333333236892,0.3083333333296629,-0.1034567901234567,-0.0155566358774914,0.0151519168612865,43.56060605290593,0.2981177238602981,0.0,0.0,0.0,0.5,0.3464903901960051,0.2511257408664183,0.3357923583938657,0.1816964459976305,-0.5574202459006432,0.3825925864929693,0.3303382652801766,0.4404328610686501,0.2406762008232374,-0.6201004082940184,-0.3610574732532239,-0.4884339115418231,-0.2304898818091704,0.4404328610686501,-0.0788451938059683,1.092214206924668,-1.2939003973869174,-0.933002786040061,-0.5570903831010918,0.0617396342096771,-0.5829369650069788,-0.3347374774640244,0.2963626605962829,-0.2238780400345169,-0.8630208387828813,-0.4558352613463006,-0.1958298154401963,-0.1007299593307603,-0.2648124465327865,0.8340851887958924,-0.5933661508971154,-0.6327741656252684,0.0465665089157597,-0.8164656545859392,-0.4339985826339672,-0.5570903831010918,-0.8630208387828813,-0.4558352613463006,0.3062199815244659,0.0,0.0,0.0,0.0,其他,0,0,0.5,1.0,0,0.105050505050505,-0.13061728395061722,-0.12691358024691357,0.4311740890688259,0.44534412955465585,0.20445344129554655,0.3481781376518219,0.6619433198380567,0.35020242914979755,0.5,0.5,0.5,0.5,0.10505050505050505,0.1393939393939394,0.15555555555555556
2026-03-13,40.58,40.64,39.77,39.86,1430532.0,40.896,40.825,41.35,40.758833333333335,-0.0253325508607199,-0.0236374770361299,-0.0360338573155986,-0.0220524794216386,41.35,42.86328155101133,39.83671844898867,0.0076924056184394,0.0731937872313263,-0.0158024691358025,-0.0464114832535884,-0.0545540796963945,-0.0418269230769231,0.0164206010793156,0.0204817206114083,0.015323954687704,40.73199527071726,-0.1696010976411273,-0.0141761965954159,-0.1554249010457113,56546472.0,43.77293749425144,1.0114285714285711,1.2734483850333949,0.0,0.2321428571400937,-0.1058705469141997,-0.0158024691358025,0.015323954687704,40.73199527071726,0.1990042745788283,0.0,0.0,0.0,0.5,0.2124359199445229,0.0524437940477638,0.1853075485179216,0.0283628023100804,-0.4338579562107715,0.2863749405674182,0.2711794360884929,0.4157787506836295,0.2472654675628527,-0.8175741964645464,-0.5812484274023798,-0.716392360634769,-0.421565135178731,0.4157787506836295,-0.062732340324349,1.0114205354332024,-1.7404253312064262,-0.8533083883034785,-0.5647611420545101,-0.768661632040902,-0.7491558224177538,-0.5762123429772094,-0.3136445885560567,-0.2028206199297594,-0.8461763591096675,-0.6227544939720794,-0.303789146049322,-0.1476935098534759,-0.4300347618180994,0.7786984051584838,-0.6813315810507016,-0.5877006959569544,0.3433376383599095,-1.393917187640878,-0.6611502182759693,-0.5647611420545101,-0.8461763591096675,-0.6227544939720794,0.1479613625389921,0.0,0.0,0.0,0.0,其他,0,0,0.5,1.0,0,0.1234817813765182,-0.10085298544907162,-0.11891620672353242,0.17647058823529413,0.3265720081135903,0.20892494929006086,0.27586206896551724,0.7667342799188641,0.29006085192697767,0.5,0.5,0.5,0.5,0.12348178137651822,0.1720647773279352,0.1417004048582996
2026-03-16,39.88,40.18,39.43,39.96,764308.0,40.672,40.691,41.266000000000005,40.78616666666667,-0.0175059008654603,-0.0179646604900345,-0.0316483303445936,-0.0202560508669197,41.266000000000005,42.89368676671097,39.63831323328904,0.0988171598123591,0.0788875474582959,0.0025087807325641,-0.027263875365141,-0.0324455205811137,-0.0403458213256484,0.0164268658090097,0.0198912913004518,0.015343709479772,36.455696196071145,-0.237780768310948,-0.0588971109385224,-0.1788836573724256,57310780.0,36.742470166629225,0.9957142857142856,0.6905993319336864,0.0425531914875515,0.244047619044714,-0.1541541541541542,0.0025087807325641,0.015343709479772,36.455696196071145,-0.4657176490983774,0.0,0.0,0.0,0.5,0.0449663671603465,-0.0538614229773372,0.0984881751013291,0.0522766137116487,-0.7772719593633884,0.2306686923516659,0.2365570984819596,0.3919759189089625,0.2558975361908593,-0.5703905074419378,-0.4563099666083935,-0.6400414411829395,-0.3995300247181313,0.3919759189089625,-0.0567854787565724,0.9487774728098468,-1.4447678479172184,-0.798625450275775,0.0832030961477699,-0.4719567924295388,-0.483864551715523,-0.5602406011223507,-0.3127948615482741,-0.2427110011519019,-0.8424012763140907,-0.8749889331607373,-0.3774533642624395,-0.2017694969519957,-0.4932719665732911,0.8055757948440107,-1.1074340660056874,-0.6095617533858604,-0.405576906454079,-1.2701182365394774,-0.6239724869020903,0.0832030961477699,-0.8424012763140907,-0.8749889331607373,-0.9111805360785932,0.0,0.0,0.0,0.0,其他,0,0,0.5,1.0,0,0.0850202429149797,-0.0998498498498499,-0.11586586586586589,0.2616632860040568,0.3265720081135903,0.20486815415821502,0.24949290060851928,0.2535496957403651,0.3103448275862069,0.5,0.5,0.5,0.5,0.08502024291497975,0.13765182186234817,0.12348178137651822
2026-03-17,37.21,37.96,36.51,36.6,4295089.0,39.612,40.309,41.008,40.76433333333333,-0.0760375643744319,-0.0920141903793196,-0.1074912212251267,-0.1021562967626928,41.008,43.63501431486888,38.38098568513112,-0.3389752532022491,0.1281220403268861,-0.084084084084084,-0.1264916467780429,-0.0945076694705591,-0.1235632183908045,0.0333958794716954,0.0323035687591213,0.0238618511969016,25.80645160966587,-0.5565223248947362,-0.1584221537297652,-0.398100171164971,53015691.0,24.554252771894724,1.2092857142857143,3.4061626395873232,0.0,0.0,-0.0300546448087432,-0.084084084084084,0.0238618511969016,25.80645160966587,4.61957875620823,0.0,0.0,0.0,0.5,-0.5933571043810764,-0.5669361301295239,-0.6457380126124992,-0.7531180465433307,1.0497184449179142,-0.0316580352093105,0.1385258935484729,0.320270714927972,0.2482116352218447,-2.3904738789425672,-2.0636148483596224,-1.925943171984389,-1.3647768374078888,0.320270714927972,0.0862955774962588,0.5671491694513436,-2.7958930693156314,-0.3412908304643421,-2.94598131413763,-1.9932573074994808,-1.2227423573087473,-1.3928632395445422,0.7039145926556291,0.6034172909002864,-0.1118444666838013,-1.5018465150030338,-0.7234891091700586,-0.3224256046405032,-1.0893912627358937,0.6430234696305437,-1.8404647279215047,-0.295643446005389,3.0451398525658737,-1.3831970690110424,-1.3517068405732724,-2.94598131413763,-0.1118444666838013,-1.5018465150030338,6.738322620239619,0.0,0.0,0.0,0.0,其他,0,0,0.5,1.0,0,0.7955465587044535,-0.04617486338797827,-0.04016393442622945,0.02231237322515213,0.10344827586206896,0.5253549695740365,0.11156186612576065,0.9898580121703854,0.04259634888438134,0.5,0.5,0.5,0.5,0.7955465587044535,0.5404858299595142,0.5506072874493927
2026-03-18,37.23,37.35,36.55,37.05,2946703.0,38.794,40.009,40.7655,40.744166666666665,-0.0449554054750735,-0.0739583593691419,-0.0911432461272401,-0.0906673756979526,40.7655,43.89346200676882,37.637537993231184,-0.0939170603655639,0.1534612359353446,0.0122950819672129,-0.0994166261545941,-0.0749063670411984,-0.1157517899761336,0.0377282002110628,0.0330253369988298,0.024134356381606,27.368421049270523,-0.7640090450114627,-0.2795395319861047,-0.4844695130253579,55962394.0,17.312714988572935,1.2235714285714288,2.1622955752383177,0.0802139037418849,0.0463439752827354,-0.0253711201079621,0.0122950819672129,0.024134356381606,27.368421049270523,-0.3139366844319174,0.0,0.0,0.0,0.5,-0.5874909185540905,-0.7068873370191141,-0.6343105943457445,-0.6437378257664808,0.350417794218306,-0.2340697168172162,0.0615012246069044,0.2528781911364461,0.241084609400703,-1.412631793410002,-1.6610300559493332,-1.6383289139238155,-1.223709072543302,0.2528781911364461,0.136094507423641,0.3413671718979178,-2.0123800592799514,-0.1057467482975846,0.4328245084696331,-1.5686048836477664,-0.9854745234004686,-1.30913441000894,0.961488937529692,0.6514354177447135,-0.0883175633586926,-1.403157690738434,-0.9474218023362464,-0.4692509397976644,-1.3205360247986395,0.752184641413892,-2.261601014003542,-0.274234712582722,1.45621953212706,-1.155500683341835,-1.2076972094570733,0.4328245084696331,-0.0883175633586926,-1.403157690738434,-0.6438121718523044,0.0,0.0,0.0,0.0,其他,0,0,0.5,1.0,0,0.7024291497975709,-0.048043184885290025,-0.04561403508771922,0.05070993914807302,0.11359026369168357,0.5314401622718052,0.12170385395537525,0.9776876267748479,0.06896551724137931,0.5,0.5,0.5,0.5,0.7024291497975709,0.45951417004048584,0.451417004048583
2026-03-19,36.81,37.23,36.2,36.31,1738062.0,37.956,39.62,40.4795,40.70966666666666,-0.0433660027400147,-0.0835436648157494,-0.1030027544806628,-0.1080742493592838,40.4795,44.123999676874256,36.83500032312573,-0.0720263917774304,0.1800664374246351,-0.0199730094466935,-0.1034567901234567,-0.0967661691542288,-0.1360932667142517,0.0376460334419398,0.0329996640469753,0.0242353533997824,25.806451609914888,-0.9768945488634416,-0.4190105353615722,-0.5578840135018692,54224332.0,16.70584434046748,1.2549999999999994,1.2748690069311746,0.0,0.0,-0.0302946846598733,-0.0199730094466935,0.0242353533997824,25.806451609914888,-0.41016722757604,0.0,0.0,0.0,0.5,-0.6868826559025721,-0.7331938632575549,-0.7223200016123345,-0.8198587533853929,-0.2762763212341143,-0.4413261556207886,-0.0383485487815509,0.1734892484199898,0.2291905091250182,-1.35768745780095,-1.8580053404360053,-1.828729706055332,-1.4227775577738109,0.1734892484199898,0.1804896211820628,0.0977787930773631,-1.930846431743636,0.1415506963128167,-0.6984892246303924,-1.6225782331103138,-1.2426437809906157,-1.5065207675767962,0.9540488845802944,0.6483984701362996,-0.0795185242993556,-1.4890628623504938,-1.175915151140769,-0.6381842670072019,-1.5142150228870823,0.6854514799654507,-2.278277493290941,-0.2276508995524521,0.3285954491910096,-1.3735243384837197,-1.340704957729822,-0.6984892246303924,-0.0795185242993556,-1.4890628623504938,-0.786214860687746,0.0,0.0,0.0,0.0,其他,0,0,0.5,1.0,0,0.562753036437247,-0.04103552740291938,-0.025061966400440783,0.10141987829614604,0.12170385395537525,0.5152129817444219,0.20892494929006086,0.8843813387423936,0.11764705882352941,0.5,0.5,0.5,0.5,0.562753036437247,0.4534412955465587,0.4817813765182186
2026-03-20,36.59,36.82,35.44,35.64,1999127.0,37.112,39.004000000000005,40.185500000000005,40.66283333333333,-0.039663720629446,-0.0862475643523742,-0.1131129387465629,-0.1235239387319295,40.185500000000005,44.3832611827459,35.98773881725411,-0.0414195570104469,0.2089191963636359,-0.0184522170201046,-0.1058705469141997,-0.1473684210526314,-0.1416184971098266,0.0375729588186677,0.0280809775433647,0.0243467072029342,26.218487391873467,-1.1859997778202285,-0.5724083838533035,-0.613591393966925,52225205.0,16.281610790040332,1.2585714285714285,1.4320938198976687,0.0,0.0,0.005611672278339,-0.0184522170201046,0.0243467072029342,26.218487391873467,0.1502046532287111,0.0,0.0,0.0,0.5,-0.7381593464576388,-0.8264710135870187,-0.9145134796557368,-0.9784817552697376,-0.1404615849544704,-0.6497626202016014,-0.1964876939832856,0.0918967025210203,0.2131897392070649,-1.2379082047035337,-1.904328453042511,-1.9860953168419664,-1.5961836284021276,0.0918967025210203,0.2304395193545138,-0.1593683517325113,-1.824286603878028,0.4096589775592558,-0.6438340037787964,-1.6511260181321608,-1.8364724533820669,-1.5543324851745912,0.947196141504148,0.3113278478155102,-0.0698295876480469,-1.4582438255194374,-1.398361910513223,-0.8236056049989934,-1.6576168203294943,0.6090827005463394,-2.2836764842682222,-0.2220630431106107,0.5275798991431657,-1.367906245929445,-1.3347099866138452,-0.6438340037787964,-0.0698295876480469,-1.4582438255194374,0.0534549744708443,0.0,0.0,0.0,0.0,其他,0,0,0.5,1.0,0,0.5636363636363636,-0.04040404040404033,0.005892255892255838,0.1214574898785425,0.15587044534412955,0.4979757085020243,0.2388663967611336,0.9008097165991903,0.1194331983805668,0.5,0.5,0.5,0.5,0.5636363636363636,0.5292929292929293,0.501010101010101
2026-03-23,35.8,35.8,33.61,33.8,1479633.0,35.879999999999995,38.276,39.804,40.577000000000005,-0.0579710144927535,-0.1169401191347058,-0.1508391116470707,-0.1670157971264511,39.804,44.83057527023801,34.777424729762,-0.097225713055521,0.2525663385702631,-0.0516273849607183,-0.1541541541541542,-0.1772151898734177,-0.1841660632391987,0.0366999760187475,0.0303395595009213,0.0262348518228259,24.261275269520524,-1.4830936207028955,-0.754545431223222,-0.7285481894796735,50745572.0,16.235342154165664,1.3157142857142854,1.0379648429871169,0.0,0.0,0.0642011834319526,-0.0516273849607183,0.0262348518228259,24.261275269520524,-0.2598604290772922,0.0,0.0,0.0,0.5,-0.925619285762948,-1.0602641218087443,-1.3774658283990595,-1.4154892139795705,-0.410049927469364,-0.9536200317400904,-0.3833563608214574,-0.0139385268615046,0.1841706953476188,-1.7980920127263869,-2.5408460081698863,-2.5943500748628106,-2.090637259120152,-0.0139385268615046,0.3168380444311303,-0.5265925090119653,-1.9832971357718383,0.8148261536797433,-1.7997495140017132,-2.368397048324064,-2.17472667104184,-1.966618195713085,0.8925685472669026,0.465299905114503,0.092863536937299,-1.566377723954291,-1.7128163264499976,-1.043139984124913,-1.957367132943581,0.5523758670196056,-2.2667749179932217,-0.1375551157575959,0.0258118305845766,-1.3623565910351956,-1.3287948002094,-1.7997495140017132,0.092863536937299,-1.566377723954291,-0.5608828353882163,0.0,0.0,0.0,0.0,其他,0,0,0.5,1.0,0,0.5555555555555556,0.03343195266272203,0.05946745562130196,0.08299595141700405,0.1437246963562753,0.48582995951417,0.2732793522267207,0.37449392712550605,0.13765182186234817,0.5,0.5,0.5,0.5,0.5555555555555556,0.5636363636363636,0.5171717171717172
2026-03-24,34.5,35.56,34.25,35.5,1342021.0,35.660000000000004,37.636,39.474,40.499833333333335,-0.0044868199663489,-0.0567541715378893,-0.1006738612757766,-0.1234531829349092,39.474,44.7273794636856,34.22062053631441,0.1217672807111335,0.2661690968066215,0.0502958579881658,-0.0300546448087432,-0.152744630071599,-0.156769596199525,0.0385188459995054,0.0356985407956563,0.0289783376555516,33.96758280144083,-1.5633455646058465,-0.916305457899747,-0.6470401067060995,52087593.0,21.39416349104889,1.3857142857142857,0.938322647261824,0.2021403091533636,0.1358912869693375,-0.0166197183098592,0.0502958579881658,0.0289783376555516,33.96758280144083,-0.0930041435950671,0.0,0.0,0.0,0.5,-1.2337769501911684,-1.1126262719814652,-1.2098525740122046,-1.004258886952946,-0.480919462573241,-1.005578623011907,-0.547385259389419,-0.1054835291303531,0.1580571766974286,-0.1359377106030726,-1.246102013423546,-1.7439653229005,-1.5711809634942546,-0.1054835291303531,0.2963109953397795,-0.6946887553890133,-1.302120516434112,0.9392518114259656,1.7626934913938412,-0.4804460020234328,-1.8728592707115723,-1.6841747159905849,0.999124665121778,0.8309472095664228,0.3292686815352352,-0.9908705062328932,-1.7898118012058646,-1.2364851422240557,-1.727261559799908,0.601875511867323,-1.9469496468680831,-0.0340827251448212,-0.1010703527323729,-0.7988627659346196,-0.919804905821945,1.7626934913938412,0.3292686815352352,-0.9908705062328932,-0.3098142090390093,0.0,0.0,0.0,0.0,其他,0,0,0.5,1.0,0,0.2383838383838384,0.004507042253520943,0.001971830985915579,0.7935222672064778,0.1720647773279352,0.5404858299595142,0.305668016194332,0.520242914979757,0.2145748987854251,0.5,0.5,0.5,0.5,0.2383838383838384,0.3333333333333333,0.3878787878787879
2026-03-25,35.71,36.2,35.5,36.11,817600.0,35.471999999999994,37.133,39.1795,40.43083333333333,0.0179860171402796,-0.0275496189373334,-0.0783445424265242,-0.1068697569923944,39.1795,44.49663605143537,33.86236394856464,0.2113577713332604,0.2714243954834436,0.0171830985915493,-0.0253711201079621,-0.1222654350996597,-0.1402380952380952,0.039140166474263,0.0371646543530697,0.0295063162736554,36.04095562795512,-1.5597441466995576,-1.0449931956597092,-0.5147509510398485,52905193.0,22.12629808366732,1.380714285714286,0.5775381525016475,0.2746730083201586,0.1846522781759821,-0.0232622542232067,0.0171830985915493,0.0295063162736554,36.04095562795512,-0.3907695930242522,0.0,0.0,0.0,0.5,-0.9408749966340512,-0.9616148715713256,-0.8883992414822937,-0.8556884812922808,-0.7527234394190434,-1.0493375860527236,-0.6758445401843237,-0.1871570118700501,0.1346842097590753,0.562314503826685,-0.6192812048685169,-1.365465435183901,-1.3709152704439116,-0.1871570118700501,0.2509970828291913,-0.802001017198368,-1.0228057352296556,0.9855511859578944,0.6043519023935866,-0.4085040226950897,-1.5059609987072395,-1.5126701059998164,1.0335453074731842,0.9291680484266466,0.3743188019430756,-0.8664106072762494,-1.7759514792876825,-1.3880730104022794,-1.364613582720606,0.6315462008736762,-1.8914643149201067,-0.0414230946770683,-0.5606142941640094,-0.5960904291573819,-0.7720268966342971,0.6043519023935866,0.3743188019430756,-0.8664106072762494,-0.755996796535496,0.0,0.0,0.0,0.0,其他,0,0,0.5,1.0,0,0.2408906882591093,-0.027416228191636693,-0.024093049016892798,0.7038539553752535,0.21906693711967545,0.539553752535497,0.3204868154158215,0.13793103448275862,0.19066937119675456,0.5,0.5,0.5,0.5,0.2408906882591093,0.3562753036437247,0.4149797570850202
2026-03-26,36.2,36.21,34.81,35.21,769200.0,35.252,36.604,38.8295,40.34516666666666,-0.0011914217633042,-0.0380832695880231,-0.0932152100851155,-0.1272808390926628,38.8295,44.22764188304399,33.431358116956005,0.1647457515533615,0.2780433373095244,-0.0249238438105787,-0.0302946846598733,-0.1306172839506172,-0.1658374792703151,0.0396877874409533,0.0373727263709709,0.0296186283037843,26.379928312764747,-1.610942532708016,-1.1581830630693706,-0.4527594696386454,52135993.0,14.180185916347568,1.3042857142857147,0.5470316350983235,0.1686602870793227,0.1127098321333918,-0.011076398750355,-0.0249238438105787,0.0296186283037843,26.379928312764747,-0.059197651663405,0.0,0.0,0.0,0.5,-0.8213686206314272,-0.9568409497948064,-1.061689412093715,-1.06896767668251,-0.7763062351152868,-1.100742568113066,-0.8106266266991887,-0.2842479578339491,0.1057215762113356,-0.0349075320057438,-0.8431566654333108,-1.6053971528477633,-1.600188957144952,-0.2842479578339491,0.1982506412058951,-0.930960181254098,-1.1627154005788527,1.0442473803806764,-0.8664353342490689,-0.4827338386923092,-1.5966276816316116,-1.7566012562527915,1.0633681201498235,0.9410094670507498,0.3834223857627769,-1.4306511415582428,-1.820661868452906,-1.519288037611488,-1.1934545036285331,0.6014020494203267,-2.339117024635325,-0.1544425861554697,-0.5984538365531984,-0.8888201393782709,-0.9842236873999316,-0.8664353342490689,0.3834223857627769,-1.4306511415582428,-0.2567270351292852,0.0,0.0,0.0,0.0,其他,0,0,0.5,1.0,0,0.4222222222222222,0.004260153365521102,-0.0034081226924168595,0.562753036437247,0.1659919028340081,0.5404858299595142,0.18218623481781376,0.20040485829959515,0.1680161943319838,0.5,0.5,0.5,0.5,0.4222222222222222,0.44242424242424244,0.48282828282828283
2026-03-27,35.18,36.05,34.94,35.84,804900.0,35.292,36.202,38.5135,40.278666666666666,0.015527598322566,-0.0099994475443344,-0.0694172173393744,-0.1101989473335759,38.5135,43.830057156656935,33.196942843343066,0.2485684888502206,0.2760879772881264,0.0178926441351889,0.005611672278339,-0.1008529854490716,-0.1499051233396583,0.0400502933761189,0.0386161158117709,0.0301720897792192,31.096681093540028,-1.582440498581228,-1.243034550171742,-0.3394059484094858,52940893.0,18.07609834372068,1.3200000000000005,0.5729439753471084,0.2518518518487433,0.1630695443632053,-0.0457589285714286,0.0178926441351889,0.0301720897792192,31.096681093540028,0.046411856474259,0.0,0.0,0.0,0.5,-1.0633881470236697,-0.9913563639096944,-1.0256660337840513,-0.9153098516693592,-0.7560908616385467,-1.087593935151124,-0.9122129976198892,-0.3718180393328711,0.0832029120014916,0.485692434719956,-0.240427050379932,-1.2051308932418958,-1.394659753536393,-0.3718180393328711,0.1204405687069895,-0.999633213080766,-0.9020013098678912,1.0230545713808985,0.6305255625021895,0.0649585127595492,-1.2420218776658698,-1.5909407839804155,1.081961993260267,1.0234873241791476,0.4306776284149435,-1.1489306306671263,-1.780013620354582,-1.6147207895849682,-0.8856434501873681,0.6306528497768521,-2.0949105816935107,-0.1309451566468954,-0.5642684177162318,-0.655961793245961,-0.8312981272715159,0.6305255625021895,0.4306776284149435,-1.1489306306671263,-0.0974898392793678,0.0,0.0,0.0,0.0,其他,0,0,0.5,1.0,0,0.4655870445344129,-0.02008928571428592,0.003906249999999778,0.5618661257606491,0.20892494929006086,0.5557809330628803,0.20689655172413793,0.25760649087221094,0.20486815415821502,0.5,0.5,0.5,0.5,0.46558704453441296,0.3582995951417004,0.5748987854251012
2026-03-30,35.79,36.26,35.17,35.97,405820.0,35.726000000000006,35.803000000000004,38.247,40.213166666666666,0.0068297598387727,0.0046644135966258,-0.0595340811044003,-0.1055168497880048,38.247,43.50951530814126,32.98448469185874,0.2836585865597594,0.2751857823163909,0.0036272321428569,0.0642011834319526,-0.0998498498498499,-0.1290556900726391,0.0271951874472036,0.0386576095325105,0.0301159507812754,27.48671222183133,-1.5317059647373767,-1.3007688330848692,-0.2309371316525075,53346713.0,15.425219232162943,1.337142857142857,0.2975049268617837,0.2679012345645939,0.1734612310138013,-0.0289129830414234,0.0036272321428569,0.0301159507812754,27.48671222183133,-0.4958131444899988,0.0,0.0,0.0,0.5,-0.9146317798184715,-0.9402516971633592,-0.9644309251352616,-0.8819728521651813,-0.9620180395412388,-0.9771707354527894,-1.012534739556382,-0.4455146278938877,0.0610219743857208,0.2138580493124775,0.0744090995203329,-1.0377142436977944,-1.3343201892208276,-0.4455146278938877,0.0576786176189501,-1.061255017118787,-0.7919900005778464,1.0117639947556218,0.1308034797048786,0.9575173671453292,-1.226020949753014,-1.3793711168505915,0.3095542730213552,1.023468328491956,0.4251026951368068,-1.3562996913700565,-1.7164862542985038,-1.6762722209805485,-0.5919690276567121,0.644792222878299,-2.23104061280426,-0.1053308208028227,-0.9145410283412206,-0.6100857167332832,-0.798125210603879,0.1308034797048786,0.4251026951368068,-1.3562996913700565,-0.9132282033932706,0.0,0.0,0.0,0.0,其他,0,0,0.5,1.0,0,0.5121457489878543,-0.01779260494856827,-0.0027800945232138163,0.5537525354969574,0.2150101419878296,0.5780933062880325,0.15821501014198783,0.006085192697768763,0.21095334685598377,0.5,0.5,0.5,0.5,0.5121457489878543,0.3684210526315789,0.582995951417004
2026-03-31,35.97,36.07,34.89,34.91,1543300.0,35.608,35.634,37.9715,40.12583333333334,-0.0196023365535834,-0.0203176741314475,-0.0806262591680603,-0.1299869161595815,37.9715,43.33104544419778,32.61195455580222,0.2143880920595786,0.2822930589617825,-0.0294690019460662,-0.0166197183098592,-0.0461748633879782,-0.1363186541316181,0.0227428453621931,0.0298470388967006,0.0303820336793783,26.874536003145906,-1.5590597520136882,-1.3524270168706332,-0.206632735143055,51803413.0,15.10679836960881,1.3464285714285715,1.1167990295072154,0.1370370370353451,0.0887290167858614,0.0214838155256373,-0.0294690019460662,0.0303820336793783,26.874536003145906,2.802917549652556,0.0,0.0,0.0,0.5,-0.8693614232465124,-0.9818021700060912,-1.033130540558241,-1.133418862744712,-0.3674356816474286,-1.0037913365551214,-1.0531868635723052,-0.5216327874732835,0.0314799637626093,-0.6112522968550644,-0.4621026207847605,-1.3828673921703896,-1.6094562202417149,-0.5216327874732835,0.0226988419101026,-1.1709475635503013,-1.0028952599433971,1.0748402535350865,-1.0268704508781532,-0.276867779108231,-0.5941928070647319,-1.4447368043317967,0.0418077106710124,0.4180789777202807,0.4474686660829629,-1.3867350585912934,-1.7364627905847403,-1.7296224795536534,-0.5254593168588394,0.5853229273104312,-2.2309922978494945,-0.0913905933140579,0.1343950037726194,-0.9722792240457124,-1.0484856112822951,-1.0268704508781532,0.4474686660829629,-1.3867350585912934,3.9724637111772543,0.0,0.0,0.0,0.0,其他,0,0,0.5,1.0,0,0.6308316430020284,0.006301919220853769,0.030363792609567453,0.23577235772357724,0.16463414634146342,0.6361788617886179,0.18089430894308944,0.7540650406504065,0.16260162601626016,0.5,0.5,0.5,0.5,0.6308316430020284,0.5091277890466531,0.6227180527383367
2026-04-01,35.3,35.59,34.88,35.27,885600.0,35.44,35.456,37.7325,40.057,-0.0047968397291194,-0.0052459386281588,-0.0652620420062279,-0.1195047057942432,37.7325,43.12797519979279,32.33702480020721,0.2717995256356892,0.2859855668073142,0.010312231452306,-0.0232622542232067,-0.04804318488529,-0.1193508114856428,0.0213744492948111,0.0297307900142489,0.0306154120969194,30.174374522953457,-1.534005770512067,-1.38874276759892,-0.1452630029131469,52689013.0,15.446999856208976,1.3157142857142858,0.6376831881048756,0.1814814814792416,0.117505995202898,-0.0042529061525377,0.010312231452306,0.0306154120969194,30.174374522953457,-0.4261647119808203,0.0,0.0,0.0,0.5,-1.0275819375428183,-1.0900836949898998,-1.0328571302727707,-1.0439955381171184,-0.7098921236317401,-1.0426286533313909,-1.0959062423320702,-0.5874379322072752,0.0081854158854768,-0.1478606178699387,-0.1374294668654785,-1.124108863125357,-1.480536880483624,-0.5874379322072752,-0.0170984879856757,-1.2502492444530704,-0.8238405918947111,1.1058563021573282,0.3673572664337221,-0.3779013394113921,-0.6150164163411417,-1.272948486603298,-0.0405214572627571,0.40944305203964,0.4669738819126422,-1.1888472250408328,-1.7008962827808216,-1.7638324087523063,-0.359066977099766,0.6177527143339939,-2.193694849774871,-0.1369551525636456,-0.4791489436711481,-0.8463390764005485,-0.95940228143867,0.3673572664337221,0.4669738819126422,-1.1888472250408328,-0.8008264068321566,0.0,0.0,0.0,0.0,其他,0,0,0.5,1.0,0,0.6295546558704453,0.0025517436915223346,0.05528777998298828,0.23935091277890466,0.1643002028397566,0.6430020283975659,0.18052738336713997,0.2718052738336714,0.1663286004056795,0.5,0.5,0.5,0.5,0.6295546558704453,0.46963562753036436,0.728744939271255
2026-04-02,35.27,35.42,34.7,34.82,660731.0,35.362,35.307,37.4635,39.98,-0.0153271873762796,-0.0137932987792789,-0.070562013693328,-0.129064532266133,37.4635,42.877416862076274,32.04958313792372,0.2558606765332022,0.2890235488975577,-0.0127587184576127,-0.011076398750355,-0.0410355274029193,-0.1338308457711443,0.0190344350093439,0.0293996609834564,0.0305646576103968,30.615384612087595,-1.532792471381029,-1.417552708355342,-0.1152397630256869,52028282.0,16.161153116773832,1.3050000000000002,0.4735034844086387,0.1259259259243716,0.0815347721816026,0.015508328546812,-0.0127587184576127,0.0305646576103968,30.615384612087595,-0.25391711833785,0.0,0.0,0.0,0.5,-1.0319755175774774,-1.1261657666143297,-1.075769213724587,-1.1486251668335856,-0.8257060291092593,-1.0590100103245188,-1.1309058244792154,-0.6614892648605787,-0.0178716857737109,-0.4769553152892418,-0.3212157565564378,-1.2079731182008693,-1.58238999784752,-0.6614892648605787,-0.0662082483449666,-1.332614387544097,-0.8709095825356786,1.1306026299753342,-0.4417714459307935,-0.1910154975297484,-0.5316047981444098,-1.409545990905691,-0.1813397811003121,0.3860646787415832,0.4617760207534542,-1.1592209250059389,-1.6909403646361174,-1.788557570200897,-0.2774396091434911,0.5916430828210892,-2.1362825413389395,-0.152724903440133,-0.6884917395329235,-0.9985220752437712,-1.063605745021981,-0.4417714459307935,0.4617760207534542,-1.1592209250059389,-0.5450591346069534,0.0,0.0,0.0,0.0,其他,0,0,0.5,1.0,0,0.5508130081300813,0.016657093624353747,0.05916140149339477,0.4175152749490835,0.18329938900203666,0.6354378818737271,0.21792260692464357,0.0835030549898167,0.21792260692464357,0.5,0.5,0.5,0.5,0.5508130081300813,0.524390243902439,0.6524390243902439
2026-04-03,34.94,35.06,34.1,34.2,712600.0,35.034,35.163,37.0835,39.89533333333334,-0.0238054461380372,-0.0273867417455846,-0.0777569539013307,-0.1427568805039855,37.0835,42.2782758170564,31.888724182943605,0.2224615554578281,0.2801664253397002,-0.0178058587018954,-0.0457589285714286,-0.0404040404040403,-0.1818181818181816,0.0161463696391513,0.0293645385180132,0.0286026015554292,28.698224849099304,-1.5638328498808465,-1.4468087366604432,-0.117024113220403,51315682.0,16.291194300502582,1.3200000000000005,0.5320122268743221,0.0493827160487737,0.0319744204633739,0.0269005847953214,-0.0178058587018954,0.0286026015554292,28.698224849099304,0.078502446532704,0.0,0.0,0.0,0.5,-1.1080157709256218,-1.2057928135386966,-1.2249594119782552,-1.2930106305708056,-0.7968437731194358,-1.1370262653073155,-1.1643842020274808,-0.7663598877783568,-0.0465263727662295,-0.7412923839993262,-0.6134821273273834,-1.3223101029589197,-1.7295484725254504,-0.7663598877783568,-0.1837615259632524,-1.3760036258323325,-0.9714160463131182,1.045000642681005,-0.6179972255283535,-0.7213896912837018,-0.5232649137936584,-1.869333065675472,-0.3551406639171002,0.3830536031443701,0.2903167253741033,-1.2672692256347162,-1.7149673601276816,-1.8133882821370173,-0.2818741832977762,0.5636198301462174,-2.112959896387812,-0.1301396849862958,-0.612167151079628,-1.2078919529419971,-1.207396403823866,-0.6179972255283535,0.2903167253741033,-1.2672692256347162,-0.0527302412548641,0.0,0.0,0.0,0.0,其他,0,0,0.5,1.0,0,0.3658536585365853,0.04824561403508776,0.08742690058479519,0.4623217922606925,0.1425661914460285,0.5784114052953157,0.24439918533604887,0.20773930753564154,0.3380855397148676,0.5,0.5,0.5,0.5,0.36585365853658536,0.4959349593495935,0.6422764227642277
2026-04-07,34.2,35.17,34.03,34.93,616582.0,34.826,35.276,36.776,39.81916666666667,0.0029862746224085,-0.009808368295725,-0.0501957798564279,-0.122784253814118,36.776,41.69548820615789,31.856511793842103,0.3123788570403998,0.2675379707496474,0.0213450292397658,-0.0289129830414234,0.033431952662722,-0.1497078870496592,0.0209115092587865,0.0248600576208199,0.029350998315508,42.3324150542456,-1.51209715953307,-1.4598664212349688,-0.0522307382981013,51932264.0,23.631079394538773,1.155,0.4693242796621071,0.1395061728377841,0.0903277378090303,0.0114514743773259,0.0213450292397658,0.029350998315508,42.3324150542456,-0.1347431939376929,0.0,0.0,0.0,0.5,-1.281317378484867,-1.176593981048212,-1.2386926802782856,-1.1145086990412938,-0.8452210448189321,-1.1848954023189162,-1.131741617361726,-0.8506089533570829,-0.0722972372855227,0.099221504623398,-0.2334187590097632,-0.8633693417321511,-1.4922870096967518,-0.8506089533570829,-0.2980679833958545,-1.3802279113892564,-0.6923487743362594,0.9249173216346196,0.7572790749436947,-0.4621576907672009,0.3470583700732644,-1.5475839985208917,-0.0670766760407624,0.0723717132175267,0.3550817506900154,-0.4666620602597978,-1.6520104994581517,-1.81866730392808,-0.1059948344522748,0.5860119953057856,-1.686730765490802,-0.3763486544473967,-0.691355505031158,-0.9541594222500752,-1.0294622103355944,0.7572790749436947,0.3550817506900154,-0.4666620602597978,-0.3683794806524177,0.0,0.0,0.0,0.0,其他,0,0,0.5,1.0,0,0.3245436105476673,0.025193243630117435,0.08273690237618103,0.5121951219512195,0.16463414634146342,0.5792682926829268,0.676829268292683,0.12601626016260162,0.3902439024390244,0.5,0.5,0.5,0.5,0.32454361054766734,0.4563894523326572,0.6328600405679513
2026-04-08,35.71,35.8,35.28,35.66,766600.0,34.976,35.291999999999994,36.464,39.746500000000005,0.0195562671546203,0.010427292304205,-0.0220491443615621,-0.1028140842589915,36.464,40.76821286892888,32.15978713107112,0.4066031322655353,0.2360801266409102,0.0208989407386199,0.0214838155256373,0.0045070422535209,-0.1489260143198091,0.0185864554712851,0.0199798867652078,0.0293981603515674,43.77797671787921,-1.396098004308655,-1.4471127378497062,0.0510147335410511,52698864.0,32.670659925177674,1.1599999999999997,0.5876444121194876,0.2534059945469561,0.1486810551546867,-0.0148625911385303,0.0208989407386199,0.0293981603515674,43.77797671787921,0.2433058376663606,0.0,0.0,0.0,0.5,-0.9166932922750656,-1.0278071234744577,-0.9176835495895004,-0.9370440346900296,-0.7650481214586721,-1.1441604256083011,-1.124194634002341,-0.9357596826515296,-0.096878565782282,0.6186934157181984,0.2039909533147819,-0.396013538940264,-1.2579682019674678,-0.9357596826515296,-0.480070747233443,-1.283519817977614,-0.4005478909353641,0.6304262320828008,0.7400797295906771,0.3114988955788136,0.0054959934220161,-1.5328134014486017,-0.2074883303338285,-0.2641895319669504,0.3586452237509132,-0.3811792013927536,-1.5227212620553734,-1.7934741568970236,0.1741678746236864,0.6140547287848439,-1.170254906925339,-0.3682960533803871,-0.5381656278716381,-0.6354069741863834,-0.8525637303965854,0.7400797295906771,0.3586452237509132,-0.3811792013927536,0.1925649343164294,0.0,0.0,0.0,0.0,其他,0,0,0.5,1.0,0,0.3995943204868154,-0.002523836231071108,0.07375210319685932,0.6300813008130082,0.0975609756097561,0.5365853658536586,0.5345528455284553,0.08943089430894309,0.30691056910569103,0.5,0.5,0.5,0.5,0.3995943204868154,0.48073022312373226,0.7038539553752535
2026-04-09,35.76,35.76,34.88,35.12,738600.0,34.946000000000005,35.193,36.163,39.655166666666666,0.0049791106278256,-0.0020742761344585,-0.028841633714017,-0.1143650890384188,36.163,39.89420609821661,32.43179390178339,0.360232861361566,0.2063548985541184,-0.0151430173864273,-0.0042529061525377,-0.0274162281916366,-0.1463296062226544,0.0199945063365663,0.0196159216495267,0.0293492980440236,44.57611667617076,-1.332382449596544,-1.4241666801990738,0.0917842306025298,51960264.0,35.23765110600915,1.149285714285714,0.5701249875145252,0.1970149253701937,0.1055155875291325,0.0068337129840547,-0.0151430173864273,0.0293492980440236,44.57611667617076,-0.0365249152100182,0.0,0.0,0.0,0.5,-0.9025508104972824,-1.034278359551067,-1.0170138931217532,-1.0636693796338657,-0.7780930529137706,-1.1480845831454156,-1.1461738757120423,-1.0174086327521643,-0.1278119634297914,0.1601126625143124,-0.0666745280783764,-0.5079012513401852,-1.3842028640746706,-1.0174086327521643,-0.6512935010311173,-1.1970575669356902,-0.5430381269972354,0.3525272230327515,-0.528010578967196,-0.0841866672347803,-0.3714071671935725,-1.5007292571947295,-0.1220102201804895,-0.288931655346186,0.3538234151072039,-0.3337529376917322,-1.4495794170711438,-1.75672808619161,0.2846309922007855,0.5849245695332318,-1.0219062378601784,-0.3837654493467873,-0.5597206833774877,-0.7909745823139817,-0.978825986157337,-0.528010578967196,0.3538234151072039,-0.3337529376917322,-0.2230581733161141,0.0,0.0,0.0,0.0,其他,0,0,0.5,1.0,0,0.3427991886409736,0.003416856492027387,0.06321184510250588,0.6280487804878049,0.1402439024390244,0.5284552845528455,0.5223577235772358,0.17682926829268292,0.3943089430894309,0.5,0.5,0.5,0.5,0.34279918864097364,0.48073022312373226,0.6450304259634888
2026-04-10,35.43,35.78,35.2,35.36,619400.0,35.053999999999995,35.208,35.906,39.575500000000005,0.0087293889427741,0.004317200636219,-0.0152063721940622,-0.1065179214412959,35.906,39.039630146449525,32.77236985355047,0.4128805930304318,0.1745463235359438,0.0068337129840547,0.015508328546812,0.0042601533655211,-0.1269135802469135,0.0189301844142644,0.0181138402443019,0.0294511339825027,48.67172674875328,-1.24813371072414,-1.3889600863040872,0.140826375579947,52579664.0,44.48314555061619,1.0978571428571426,0.4889406580443448,0.2532467532426423,0.1247002398071568,0.001131221719457,0.0068337129840547,0.0294511339825027,48.67172674875328,-0.1613864067154075,0.0,0.0,0.0,0.5,-0.9792884017693176,-1.026892560002202,-0.9331148554742116,-1.0034581789499863,-0.83874011285285,-1.1179832415011384,-1.1388113010390153,-1.086299961799075,-0.1547666212082774,0.2777958233626368,0.0718385462877434,-0.2808939299376122,-1.2890240087743412,-1.086299961799075,-0.8182162363910138,-1.0906068571579102,-0.3794120423320422,0.0552988582345053,0.2461420977876423,0.2198122754322181,0.0035706751315737,-1.3067815477378948,-0.1863288949038887,-0.3922933170827891,0.362182213508231,-0.0925381606813381,-1.3557612142329305,-1.706194264984349,0.4175136007979015,0.6074338563210051,-0.4969839165246293,-0.4602065482481202,-0.6630702082397695,-0.6327918581604935,-0.9187804290389676,0.2461420977876423,0.362182213508231,-0.0925381606813381,-0.4082578767400855,0.0,0.0,0.0,0.0,其他,0,0,0.5,1.0,0,0.4563894523326572,-0.0076357466063347035,0.05514705882352944,0.5508130081300813,0.15447154471544716,0.5223577235772358,0.4695121951219512,0.10365853658536585,0.40040650406504064,0.5,0.5,0.5,0.5,0.4563894523326572,0.4908722109533469,0.6348884381338742
2026-04-13,35.41,35.58,34.83,35.12,553700.0,35.238,35.136,35.669,39.494166666666665,-0.0033486576990748,-0.0004553734061932,-0.0153915164428495,-0.1107547528115966,35.669,38.20312831478399,33.134871685216005,0.391678728966421,0.1420913574687761,-0.0067873303167421,0.0269005847953214,-0.0200892857142859,-0.1189162067235324,0.0163329337264437,0.0171474355634719,0.0293675949920691,57.38255032658438,-1.1870484171833695,-1.3485777524799438,0.1615293352965743,52025964.0,48.00973310608483,0.995,0.4527470140937847,0.2142857142822355,0.1055155875291325,0.0207858769931663,-0.0067873303167421,0.0293675949920691,57.38255032658438,-0.106070390700678,0.0,0.0,0.0,0.5,-0.9815849546284684,-1.07024818980652,-1.024775913849049,-1.0581252612528518,-0.871214973584074,-1.0693518451276167,-1.153780073755253,-1.1491590655300443,-0.1822871282094828,-0.1028026434954251,-0.0317575153534251,-0.2835572530517494,-1.3318125219842,-1.1491590655300443,-0.9808825640279224,-0.9782023097028032,-0.4444189637472122,-0.2479487325746568,-0.2341527314825948,0.3948624028668653,-0.2846531101107462,-1.224773947595172,-0.3436005291410713,-0.45851964691745,0.3543111251110066,0.4202506513432864,-1.2870002476542717,-1.6503532072017943,0.4731883858365412,0.5853087056319048,-0.2964409420251506,-0.613619118731854,-0.7083115711472574,-0.7400759750156054,-0.9733194875227388,-0.2341527314825948,0.3543111251110066,0.4202506513432864,-0.3253789914433109,0.0,0.0,0.0,0.0,其他,0,0,0.5,1.0,0,0.6437246963562753,0.024487471526195792,0.0546697038724373,0.3671399594320487,0.14198782961460446,0.513184584178499,0.41379310344827586,0.05070993914807302,0.3671399594320487,0.5,0.5,0.5,0.5,0.6437246963562753,0.6862348178137652,0.7206477732793523
2026-04-14,35.39,35.48,35.06,35.33,576400.0,35.318,35.072,35.4375,39.41,0.0003397700889065,0.007356295620438,-0.0030335097001764,-0.1035270235980715,35.4375,36.96851101787107,33.90648898212893,0.4648924799391797,0.0864062655586174,0.0059794988610477,0.0114514743773259,-0.0177926049485682,-0.1158658658658658,0.013845905594431,0.0172474435190677,0.0294300341794989,48.859060393502986,-1.1089098149256955,-1.3006441649690943,0.1917343500433987,52602364.0,44.244757219566,0.8992857142857135,0.4749570569274431,0.4707692307547459,0.1223021582724037,0.0135861873761675,0.0059794988610477,0.0294300341794989,48.859060393502986,0.0409969297453494,0.0,0.0,0.0,0.5,-0.9838766001749876,-1.090318008403255,-0.9636926816764008,-1.0051258009826092,-0.8573751854209234,-1.0466464177319172,-1.166603248254595,-1.2100238500368128,-0.210771543861402,0.0136006064184827,0.1379157412019278,-0.0775651749762204,-1.244346036828237,-1.2100238500368128,-1.2207103090223788,-0.742929207552023,-0.2168757289093222,-0.767871856501998,0.2165838241539701,0.1561889537084521,-0.2570320039829296,-1.1911730518224593,-0.4940510936472302,-0.4508625546643203,0.3592407843320244,-0.0826048623886136,-1.201002079150577,-1.5864614041397518,0.5546564884568518,0.6062259877418454,-0.509482274657177,-0.7559618350324918,-0.6782905015599131,-0.0230452902808483,-0.9204446824544524,0.2165838241539701,0.3592407843320244,-0.0826048623886136,-0.1058792973649818,0.0,0.0,0.0,0.0,其他,0,0,0.5,1.0,0,0.6497975708502024,0.01528446079818857,0.04387206340220784,0.32454361054766734,0.12170385395537525,0.5212981744421906,0.28600405679513186,0.05070993914807302,0.4158215010141988,0.5,0.5,0.5,0.5,0.6497975708502024,0.6639676113360324,0.7105263157894737
2026-04-15,35.42,35.67,35.07,35.13,773100.0,35.212,35.094,35.364000000000004,39.322,-0.0023287515619675,0.0010258163788681,-0.006616898540889,-0.1066069884543003,35.364000000000004,36.7981019562964,33.92989804370361,0.4184158423972329,0.0811051892485205,-0.0056609114067364,-0.0148625911385303,0.0063019192208537,-0.0401639344262294,0.0093032339798412,0.0143883704287925,0.0229503705656486,43.0397727187137,-1.051007379368535,-1.2507168078489823,0.1997094284804474,51829264.0,39.43021733526386,0.8921428571428562,0.7451681541675899,0.4092307692181792,0.1063149480407173,0.0125249074864788,-0.0056609114067364,0.0229503705656486,43.0397727187137,0.3412560721721027,0.0,0.0,0.0,0.5,-0.9742160848880674,-1.043491094228101,-0.9587616352856724,-1.0502464039413677,-0.7525968453002809,-1.069916889681375,-1.1573492314980254,-1.2264431494641352,-0.2405614701933981,-0.0706462770100729,8.452873913043443e-05,-0.1371567048169016,-1.2743983923452196,-1.2264431494641352,-1.2499976311460994,-0.7342998505077757,-0.3607611694310906,-0.8157072118740514,-0.1949005872422985,-0.2501548580499453,0.0292469352320231,-0.4549141445987027,-0.7689996126159451,-0.6481749683546066,-0.2100745090647142,-0.4257850591418557,-1.136759936803654,-1.5210535471080997,0.5754455089367357,0.5757186108097548,-0.7816000811299801,-0.7650881339110942,-0.3287020265279025,-0.1950365022622492,-0.9654870374030736,-0.1949005872422985,-0.2100745090647142,-0.4257850591418557,0.3420605145668144,0.0,0.0,0.0,0.0,其他,0,0,0.5,1.0,0,0.5688259109311741,0.023911187019641122,0.051522914887560445,0.3995943204868154,0.5517241379310345,0.20486815415821502,0.29006085192697767,0.3711967545638945,0.4077079107505071,0.5,0.5,0.5,0.5,0.5688259109311741,0.611336032388664,0.7125506072874493
2026-04-16,35.22,35.56,34.91,35.36,912400.0,35.26,35.102999999999994,35.2795,39.23316666666666,0.0028360748723765,0.0073213115688119,0.0022817783698749,-0.0987217447822632,35.2795,36.474550758666766,34.08444924133323,0.5336805777339704,0.0677476017893325,0.0065471107315684,0.0068337129840547,0.0025517436915223,-0.0456140350877192,0.0069619878114733,0.0141569133406738,0.0228001122959888,51.1773940232891,-0.975317352885078,-1.1956369168562018,0.2203195639711237,52741664.0,38.86492789633254,0.8385714285714282,0.9750271648296032,0.6215139441983457,0.1247002398071568,-0.0033936651583709,0.0065471107315684,0.0228001122959888,51.1773940232891,0.1801836761091708,0.0,0.0,0.0,0.5,-1.019565325981124,-1.0660254431255447,-0.9970202039492,-0.9925360727062298,-0.6781568953909981,-1.055114528305839,-1.1514915345408356,-1.2457936319741971,-0.2706276456493268,0.0926804374828897,0.1371518456237572,0.0114804745816523,-1.180142285952166,-1.2457936319741971,-1.3090141642678863,-0.6860662212733122,-0.0021196405251622,-0.9385560921097222,0.237139141970224,0.085467338383186,-0.0153556952561747,-0.5070595301363334,-0.9094360057316444,-0.6629981186942077,-0.2229835597503197,0.0555053615583419,-1.0543497135747744,-1.4503994101104023,0.6306391145173117,0.6095096929875685,-0.811967973074849,-0.843812721481813,-0.0313364462663034,0.3993628119228316,-0.9078892648199424,0.237139141970224,-0.2229835597503197,0.0555053615583419,0.1010936375312275,0.0,0.0,0.0,0.0,其他,0,0,0.5,1.0,0,0.6072874493927125,0.052601809954751166,0.04581447963800889,0.3407707910750507,0.45233265720081134,0.20081135902636918,0.39553752535496955,0.6389452332657201,0.39148073022312374,0.5,0.5,0.5,0.5,0.6072874493927125,0.791497975708502,0.7165991902834008
2026-04-17,35.4,35.46,34.98,35.4,594847.0,35.268,35.161,35.234,39.149,0.0037427696495406,0.006797303830949,0.004711358347051,-0.0957623438657437,35.234,36.32895301509412,34.13904698490588,0.5758023393031835,0.0621532051479259,0.001131221719457,0.001131221719457,0.0166570936243537,-0.0250619664004407,0.0062793287365806,0.0133889909577552,0.0224137192306567,46.19377161510873,-0.9017104392255604,-1.1368516213300734,0.235141182104513,53336511.0,37.47456877877429,0.7935714285714285,0.6770334052823668,0.6926406926107082,0.1278976818534941,-0.0087570621468925,0.001131221719457,0.0224137192306567,46.19377161510873,-0.3480414291977203,0.0,0.0,0.0,0.5,-0.9738964090689648,-1.0861311289945883,-0.976703901844625,-0.9804668562866516,-0.8432075142178966,-1.050259275296023,-1.1331593945741354,-1.2541560603382913,-0.2990798700447715,0.121251871282712,0.1255456259133936,0.0520514927357509,-1.1424025434197516,-1.2541560603382913,-1.332698945279049,-0.668192606446923,0.1289408426165315,-0.988374704871818,0.0450363632494382,-0.0028853223853758,0.1524993147302737,-0.3065064940924324,-0.9486773425599576,-0.7149780164742828,-0.2566692373658824,-0.239347771548802,-0.9745685676923806,-1.3761712098654422,0.6699320590616361,0.6311268153520125,-0.8889962814076676,-0.9093748352668602,-0.4166556652604366,0.5978616791502095,-0.8958593032468414,0.0450363632494382,-0.2566692373658824,-0.239347771548802,-0.6884134363646885,0.0,0.0,0.0,0.0,其他,0,0,0.5,1.0,0,0.5171717171717172,0.041807909604519855,0.031073446327683607,0.45546558704453444,0.4817813765182186,0.20647773279352227,0.38461538461538464,0.2631578947368421,0.4676113360323887,0.5,0.5,0.5,0.5,0.5171717171717172,0.6767676767676768,0.6828282828282828
2026-04-20,35.5,35.9,35.11,35.85,907900.0,35.414,35.326,35.2445,39.0565,0.0123115152199695,0.0148332672818887,0.017179985529657,-0.0820990104079986,35.2445,36.359686555080415,34.12931344491959,0.7714792413719471,0.0632828699557235,0.0127118644067798,0.0207858769931663,0.0482456140350877,0.0058922558922558,0.0068513756511629,0.011827321400201,0.0222211487277231,49.0163934313733,-0.7978678665381835,-1.0690548703716956,0.271187003833512,54244411.0,40.60856529992561,0.7721428571428574,1.1017579464853144,0.8874458874074709,0.1638689048747895,0.0036262203626218,0.0127118644067798,0.0222211487277231,49.0163934313733,0.5262748236101047,0.0,0.0,0.0,0.5,-0.9475720172124448,-0.981801348036994,-0.9412545952324464,-0.8705596216455872,-0.6773403640405821,-1.0114374551638807,-1.0876116820987471,-1.2469126737220733,-0.3303820956981132,0.39253496453714,0.300767058157643,0.2605308751118438,-0.9837751948178496,-1.2469126737220733,-1.3217356790339836,-0.6698418432527267,0.7378798135256882,-0.9752134815604852,0.455503900368991,0.3016218983263939,0.5284630992447825,-0.0047515777507998,-0.9116517220844376,-0.8218411439332827,-0.2732675094975407,-0.0718534925027498,-0.8635249963046785,-1.29214584409597,0.7670315116608317,0.6646493901155085,-0.7091317986252272,-0.939307973209342,0.1339040473654344,1.1414436450937244,-0.7861152089505373,0.455503900368991,-0.2732675094975407,-0.0718534925027498,0.620322961446856,0.0,0.0,0.0,0.0,其他,0,0,0.5,1.0,0,0.6404040404040404,0.03737796373779623,-0.02092050209205021,0.6437246963562753,0.5020242914979757,0.22672064777327935,0.4676113360323887,0.7105263157894737,0.5607287449392713,0.5,0.5,0.5,0.5,0.6404040404040404,0.6787878787878788,0.6202020202020202
2026-04-21,35.68,35.9,35.46,35.81,556300.0,35.510000000000005,35.414,35.345,38.965833333333336,0.0084483244156574,0.011182018410798,0.0131560333852029,-0.0809897559828054,35.345,36.25558107532353,34.434418924676464,0.7553314649984644,0.0515253119434691,-0.0011157601115759,0.0135861873761675,0.0251932436301174,0.0594674556213019,0.007105649906132,0.01037696685109,0.0185481494248375,58.85826770031471,-0.7106080974351059,-0.9973655157843776,0.2867574183492717,53688111.0,51.18352488432523,0.7192857142857143,0.7151488201812092,0.8429319371286436,0.1606714628284522,0.0016755096341802,-0.0011157601115759,0.0185481494248375,58.85826770031471,-0.3872673201894482,0.0,0.0,0.0,0.5,-0.9022422897636811,-0.9793450012535976,-0.8500610633804246,-0.8781676250725805,-0.8604220431430816,-0.9851456494722074,-1.0620268879444674,-1.2147696686495375,-0.3610341019674106,0.2694569986392334,0.2205605069763842,0.1927757317784199,-0.9683050407028034,-1.2147696686495375,-1.3371866809547892,-0.5760847633208566,0.686115563090828,-1.0823170933527124,-0.0359036541616933,0.189536167816047,0.2528345808117839,0.5173360196333625,-0.8940697043875567,-0.920579261243078,-0.5967198576696571,0.5117489805235624,-0.7702400301570939,-1.204277242602482,0.807963980495207,0.6421827817253982,-0.1064478867304386,-1.0162085110207646,-0.3675197964459784,1.013706253936809,-0.7937564190169124,-0.0359036541616933,-0.5967198576696571,0.5117489805235624,-0.7478700982253907,0.0,0.0,0.0,0.0,其他,0,0,0.5,1.0,0,0.6505050505050505,0.056129572745043266,-0.002792516056967398,0.6497975708502024,0.5141700404858299,0.22267206477732793,0.6842105263157895,0.291497975708502,0.5546558704453441,0.5,0.5,0.5,0.5,0.6505050505050505,0.7313131313131314,0.6484848484848484
2026-04-22,35.7,35.85,35.36,35.57,687500.0,35.598,35.405,35.3485,38.86299999999999,-0.0007865610427552,0.0046603587063973,0.0062661781970945,-0.0847335511926509,35.3485,36.26212263314237,34.434877366857634,0.621220727192384,0.0516922999923494,-0.0067020385367216,0.0125249074864788,-0.0025238362310711,0.0019718309859155,0.0074210009438241,0.0084412371179423,0.0149343687476061,53.024193533420565,-0.6532893826399828,-0.9285502891554988,0.2752609065155159,53000611.0,52.28280464767703,0.7035714285714286,0.9226280741967432,0.717277486873441,0.1414868105504279,0.0112454315434353,-0.0067020385367216,0.0149343687476061,53.024193533420565,0.2358439690814309,0.0,0.0,0.0,0.5,-0.8953782943385349,-0.9884249993886208,-0.8736244478364793,-0.9335420724734635,-0.7897317562780878,-0.9609614974055128,-1.0613884211010474,-1.209785723374311,-0.3958552675127216,-0.024189386496233,0.0775595379696972,0.0769700622433035,-1.0079171362592363,-1.209785723374311,-1.3309385904273952,-0.5749212934218999,0.2667794378183715,-1.0776234737665105,-0.2343873615263246,0.1728015450297555,-0.0784492272651906,-0.0443978425572389,-0.8728576767177953,-1.0524606726046044,-0.914049498801065,0.1647339419850661,-0.7086059486044158,-1.1203805376328682,0.7748846781393955,0.6147505731193744,-0.0436733149312368,-1.037039254743921,-0.0976779662140099,0.6596838052299402,-0.8491319417703229,-0.2343873615263246,-0.914049498801065,0.1647339419850661,0.1866512376429173,0.0,0.0,0.0,0.0,其他,0,0,0.5,1.0,0,0.6133603238866396,0.0764689344953613,-0.009839752600506069,0.5699797160243407,0.3894523326572008,0.1257606490872211,0.5780933062880325,0.5618661257606491,0.5050709939148073,0.5,0.5,0.5,0.5,0.6133603238866396,0.7834008097165992,0.6234817813765182
2026-04-23,35.57,35.7,35.06,35.24,563113.0,35.574,35.417,35.305,38.758,-0.0093888795187495,-0.0049976000225879,-0.0018410989944765,-0.090768357500387,35.305,36.14591428939328,34.464085710606724,0.4613515902476632,0.0476371216196512,-0.0092774810233342,-0.0033936651583709,0.0034168564920273,-0.0240930490168927,0.008558470979331,0.0074326460561914,0.0145173493677194,54.33884295948879,-0.6272614507333714,-0.8682925214710733,0.2410310707377019,52437498.0,52.82376423962741,0.6978571428571431,0.7688287878569634,0.5875706214357314,0.1151079136681449,0.0561861520998863,-0.0092774810233342,0.0145173493677194,54.33884295948879,-0.1809265454545454,0.0,0.0,0.0,0.5,-0.9244360645299692,-1.020498165089292,-0.9479428599172004,-1.0101613874069153,-0.8533550351573143,-0.9645118762479514,-1.055394942857649,-1.217873718469281,-0.4313921290597602,-0.2976882315282135,-0.1341588238405293,-0.0592790067186571,-1.0732290528519812,-1.217873718469281,-1.3486502685615485,-0.5650332220570997,-0.2329380929505814,-1.112303844001917,-0.3256923093713145,-0.0749836618398289,-0.0073199075286448,-0.2989863735113345,-0.8017974624101467,-1.119381857057184,-0.9485190433329512,0.242643515820472,-0.6799530876186504,-1.046971477450828,0.6797918141500888,0.5921321924826943,-0.0127525858335204,-1.042778681437459,-0.2974417657744256,0.2948498685435321,-0.9257485753010049,-0.3256923093713145,-0.9485190433329512,0.242643515820472,-0.4386790779463794,0.0,0.0,0.0,0.0,其他,0,0,0.5,1.0,0,0.802020202020202,0.059591373439273676,-0.04057888762769579,0.6072874493927125,0.4109311740890688,0.10526315789473684,0.5910931174089069,0.22064777327935223,0.5,0.5,0.5,0.5,0.5,0.802020202020202,0.7171717171717171,0.5131313131313131
2026-04-24,35.0,35.32,34.7,35.09,507100.0,35.512,35.39,35.299,38.64666666666666,-0.0118833070511376,-0.0084769708957331,-0.0059208476160796,-0.092030360531309,35.299,36.14446841579434,34.453531584205656,0.3763998771963148,0.0479032502785885,-0.0042565266742338,-0.0087570621468925,-0.0076357466063347,-0.0034081226924168,0.008617042590055,0.0071835838831395,0.0134283669111525,60.183066342275474,-0.6116867297155579,-0.8169713631199701,0.2052846334044121,51930398.0,54.0025962565492,0.6735714285714286,0.7049668046270902,0.5028248587286555,0.10311750599438,0.0510116842405243,-0.0042565266742338,0.0134283669111525,60.183066342275474,-0.0994702661810329,0.0,0.0,0.0,0.5,-1.0585862251049072,-1.1053465559086555,-1.0371507989075828,-1.0433992244522308,-0.8808744654581698,-0.9774205443943628,-1.0594072863659882,-1.215520892673726,-0.4690773870366269,-0.3766586485386471,-0.2103096538217618,-0.1278011766961194,-1.0840811140081177,-1.215520892673726,-1.3438870339501598,-0.5672511985287794,-0.4981623642052895,-1.1065213481530878,-0.1464011724712657,-0.1584009783117457,-0.1396259156704645,-0.0962240582865077,-0.7965506609741284,-1.1333377791850072,-1.0419474556028343,0.5898754110181706,-0.6623445671984984,-0.9843762483462783,0.5807539987731548,0.5717013867714628,0.0546089927458208,-1.0763043941383188,-0.3800916539377854,0.0563934336298515,-0.9590017942239344,-0.1464011724712657,-1.0419474556028343,0.5898754110181706,-0.3157635225851526,0.0,0.0,0.0,0.0,其他,0,0,0.5,1.0,0,0.7317073170731707,0.06326588771729824,-0.06668566543174703,0.515274949083503,0.47657841140529533,0.0814663951120163,0.570264765784114,0.21792260692464357,0.4969450101832994,0.5,0.5,0.5,0.5,0.7317073170731707,0.6849593495934959,0.48577235772357724
2026-04-27,35.22,36.27,34.9,35.98,1329500.0,35.538,35.476,35.306,38.54516666666667,0.0124373909617874,0.0142067876874505,0.0190902396193282,-0.0665496322496119,35.306,36.17238753939653,34.43961246060346,0.8889714297948954,0.0490787707128578,0.02536335138216,0.0036262203626218,0.0244874715261957,0.0039062499999997,0.0140573202394727,0.010572911837212,0.0140445342864214,61.589403954475685,-0.5215163730239425,-0.7578803651007646,0.2363639920768221,53259898.0,57.63729090651007,0.6900000000000003,1.783236145063276,0.9999999999438204,0.1742605915253855,0.0336297943301835,0.02536335138216,0.0140445342864214,61.589403954475685,1.621770853874975,0.0,0.0,0.0,0.5,-1.0031649278078574,-0.8834895431614497,-0.983623268748093,-0.8280108684261777,-0.4468626701196658,-0.9685750259638612,-1.034535672619905,-1.2095965246485367,-0.5033152736532842,0.3989320192034632,0.2882260536367915,0.2934661849317497,-0.7919156219860357,-1.2095965246485367,-1.3334738157181456,-0.5704926206200641,1.1054478656443891,-1.0923167367429716,0.9093716324598988,0.034875335175398,0.245599795310177,-0.0244436749904979,-0.4637748049605703,-0.8954358227848158,-0.9848537823912988,0.6724775887957692,-0.5663818041436047,-0.9130165600710476,0.664864621124159,0.6216993749083752,0.2624324102163951,-1.0486775217398596,1.0239814004022647,1.4507427973934572,-0.7436339473984617,0.9093716324598988,-0.9848537823912988,0.6724775887957692,2.25754867726556,0.0,0.0,0.0,0.0,其他,0,0,0.5,1.0,0,0.6639676113360324,0.029460811561978995,-0.0933852140077821,0.6430020283975659,0.5740365111561866,0.0872210953346856,0.665314401622718,0.9107505070993914,0.6673427991886409,0.5,0.5,0.5,0.5,0.6639676113360324,0.6619433198380567,0.3785425101214575
2026-04-28,36.15,36.28,35.6,35.87,1358392.0,35.55,35.53,35.301,38.44133333333333,0.0090014064697609,0.0095693779904304,0.0161185235545733,-0.0668898061114773,35.301,36.152275204434346,34.44972479556566,0.8342044951812407,0.0482295234940615,-0.0030572540300166,0.0016755096341802,0.0152844607981885,-0.0027800945232138,0.0141500562474798,0.0106258729800424,0.0140404399306055,52.68542197602058,-0.45370180441342,-0.6970446529632958,0.2433428485498757,51901506.0,60.22928918361559,0.6764285714285718,1.7125828110969312,0.9382022471383034,0.1654676258979578,0.0543629774184555,-0.0030572540300166,0.0140404399306055,52.68542197602058,0.0217314779992479,0.0,0.0,0.0,0.5,-0.7780932124035501,-0.8792053071726857,-0.803185779350977,-0.852564406740909,-0.4309796703126581,-0.96323038942402,-1.0179826291341263,-1.2070455163730394,-0.5383103626477556,0.2887585410374757,0.1858552023012504,0.2429614214698214,-0.7938724930201354,-1.2070455163730394,-1.3324866082768634,-0.5664145641764311,0.9314987547277184,-1.0970582290817827,-0.1057644117404227,0.004377271340836,0.1348271898773941,-0.0899984435399414,-0.4574028969944477,-0.8896843572233784,-0.9826443772912852,0.1408415666718093,-0.4940858308134088,-0.8399092216225219,0.6827743332087495,0.5685120186199029,0.4104544826136106,-1.0661331773779066,0.9295032818850916,1.2725037131543042,-0.7682454538011325,-0.1057644117404227,-0.9826443772912852,0.1408415666718093,-0.1381728753298236,0.0,0.0,0.0,0.0,其他,0,0,0.5,1.0,0,0.6707070707070707,0.028157234457764302,-0.1084471703373292,0.6477732793522267,0.5769230769230769,0.08299595141700405,0.6336032388663968,0.8623481781376519,0.6700404858299596,0.5,0.5,0.5,0.5,0.6707070707070707,0.6666666666666666,0.30707070707070705
2026-04-29,35.86,36.19,35.72,35.97,1482450.0,35.63,35.614000000000004,35.354,38.269,0.0095425203480212,0.009996068961644,0.0174237710018667,-0.0600747341189996,35.354,36.234272685024656,34.47372731497534,0.8498915792767987,0.0497976288409892,0.0027878449958183,0.0112454315434353,0.0239111870196411,0.0303637926095674,0.0135819892771844,0.0103186414867084,0.0122169173184002,62.24783859160035,-0.3874231332295323,-0.6351203490165431,0.2476972157870107,53383956.0,69.96436462273006,0.6471428571428578,1.87618471772276,0.994382022416047,0.2318376068351301,0.0644981929385599,0.0027878449958183,0.0122169173184002,62.24783859160035,0.0913270985105918,0.0,0.0,0.0,0.5,-0.8459911463860704,-0.8980019720292974,-0.7709780014918582,-0.8267908009211219,-0.3649583572107913,-0.9411444351312538,-0.9938574858631624,-1.1884860175365806,-0.5969657508716824,0.3056426238714387,0.1950032864361481,0.2646488722451563,-0.7145614371997189,-1.1884860175365806,-1.3117211366710069,-0.5581133677981348,0.9781359142416978,-1.079279211248096,0.1031710117140821,0.1539604908927288,0.238304795740392,0.235650803996145,-0.4913690027127348,-0.9089245165088282,-1.140470713623874,0.7109293352846925,-0.4234899928559444,-0.7657785288238333,0.693452479852514,0.6244782593051426,0.9669132385264548,-1.1070067050074917,1.139513056382643,1.4246430466377002,-0.5675677738790259,0.1031710117140821,-1.140470713623874,0.7109293352846925,-0.033788167079618,0.0,0.0,0.0,0.0,其他,0,0,0.5,1.0,0,0.7648261758691206,0.02696691687517383,-0.08507089241034205,0.6065573770491803,0.6188524590163934,0.0389344262295082,0.6987704918032787,0.9077868852459017,0.5758196721311475,0.5,0.5,0.5,0.5,0.7648261758691206,0.7239263803680982,0.37627811860940696
2026-04-30,35.96,37.71,35.96,37.22,2759610.0,36.026,35.8,35.4515,38.17,0.0331427302503748,0.0396648044692737,0.049885054229017,-0.0248886560125751,35.4515,36.66245482118363,34.240545178816376,1.2302089099196885,0.0683161401452807,0.0347511815401724,0.0561861520998863,0.0526018099547511,0.0552877799829882,0.0178056359405128,0.0145578396318441,0.0141990392200948,70.75892854931645,-0.2313652212395496,-0.5543693234611444,0.3230041022215948,56143566.0,75.20337697813343,0.7250000000000004,3.1222914748547885,0.9999999999668874,0.406658739590884,0.0032240730789898,0.0347511815401724,0.0141990392200948,70.75892854931645,0.8615197814428817,0.0,0.0,0.0,0.5,-0.820215038486482,-0.5450491967540423,-0.7082915463038991,-0.5255781556002953,0.3096841123103949,-0.8411687280527672,-0.9437853737201908,-1.1577703980962035,-0.6300845169812727,1.0585424979731777,0.8481103934343531,0.8121992194056621,-0.3125246719693886,-1.1577703980962035,-1.224056195708856,-0.6282762819072081,2.154127090022569,-0.9037551745034704,1.2438601793044486,0.8563386469250371,0.5829441697581558,0.4803114494652982,-0.2324907481539167,-0.6126865414070055,-0.9627408266468604,1.2159817555144845,-0.2582294096756854,-0.6698374579106904,0.8985744465986811,0.7293719684516057,1.263440041937867,-0.9872974936297072,2.7338266785882097,1.4345957395888864,-0.0413058390925433,1.2438601793044486,-0.9627408266468604,1.2159817555144845,1.1192105104772825,0.0,0.0,0.0,0.0,其他,0,0,0.5,1.0,0,0.4654471544715447,-0.006448146157979617,-0.1329930145083288,0.8024439918533605,0.7291242362525459,0.08961303462321792,0.8778004073319755,0.9735234215885947,0.769857433808554,0.5,0.5,0.5,0.5,0.4654471544715447,0.5955284552845529,0.22357723577235772
2026-05-06,37.22,37.4,36.53,36.88,1947482.0,36.384,35.948,35.554500000000004,38.099,0.01363236587511,0.0259263380438412,0.03728079427358,-0.0319955904354445,35.554500000000004,36.88393161578666,34.22506838421335,0.9985213169899751,0.074782748500635,-0.0091348737238042,0.0510116842405243,0.0418079096045198,0.0591614014933947,0.0189552309225038,0.0152259330659834,0.014012082046617,69.21397377796966,-0.1335834928002128,-0.4702121573289581,0.3366286645287452,54196084.0,67.48920798583724,0.7335714285714288,2.0539185225402634,0.8874172185136627,0.3662306777602118,0.0116594360086768,-0.0091348737238042,0.014012082046617,69.21397377796966,-0.2942908599403538,0.0,0.0,0.0,0.5,-0.5162149899329861,-0.6158522415944738,-0.5615674912257274,-0.6063155409096097,-0.1199183444384928,-0.7509160649143859,-0.9036585300679773,-1.1257548457112638,-0.6534185173699123,0.4332072215731991,0.5438020894493732,0.5977407979308843,-0.3930692362333071,-1.1257548457112638,-1.1771287759898392,-0.631851437332378,1.425657334774301,-0.841314057253883,-0.3262681655492829,0.7736528022608912,0.4520975587844219,0.5176317026935231,-0.161818761033411,-0.5651760249128005,-0.9767535449364784,1.1203691693926856,-0.1545786509494105,-0.5701052984790599,0.9338708661304964,0.6531465193078658,0.8191012596594416,-0.9719461253278636,1.347290506436341,1.1157988496032447,-0.1629263462104547,-0.3262681655492829,-0.9767535449364784,1.1203691693926856,-0.6142210388725695,0.0,0.0,0.0,0.0,其他,0,0,0.5,1.0,0,0.5898989898989899,-0.010303687635574876,-0.15021691973969642,0.7327935222672065,0.6538461538461539,0.09109311740890688,0.8340080971659919,0.917004048582996,0.6619433198380567,0.5,0.5,0.5,0.5,0.5898989898989899,0.6686868686868687,0.19797979797979798
2026-05-07,36.89,37.34,36.77,37.19,1161308.0,36.626,36.082,35.70399999999999,38.04616666666666,0.0153988969584448,0.0307078321600797,0.0416199865561282,-0.0225033621433609,35.70399999999999,37.06420741452425,34.34379258547574,1.0462402219058349,0.0761935589581248,0.0084056399132319,0.0336297943301835,0.0373779637377962,0.0874269005847951,0.0169633238708297,0.0150181486750386,0.0131668750029691,69.87179485089314,-0.0307222127659727,-0.382314168416361,0.3515919556503882,55357392.0,68.87353848158318,0.7442857142857149,1.1964671442062151,0.9868995632756808,0.403091557664648,-0.0040333422963161,0.0084056399132319,0.0131668750029691,69.87179485089314,-0.4036874281764864,0.0,0.0,0.0,0.5,-0.5946878031922971,-0.628677310555005,-0.4993469192611834,-0.5308472589374216,-0.5355931870914091,-0.6895948174839631,-0.8672821164313532,-1.0811030494910243,-0.6703933808524337,0.4890626052164563,0.6483176516802983,0.6699932426043891,-0.2840187369204291,-1.0811030494910243,-1.138525869444363,-0.5944279472406973,1.5671683622331598,-0.8262738649811051,0.301760680943914,0.5002397691182773,0.3980386664315593,0.7948251483400762,-0.283672515529364,-0.578678227130319,-1.048602484934544,1.1561713973490253,-0.0455612230640678,-0.4661320985387145,0.9726813878383695,0.6966445144046247,0.8964643807617053,-0.953465566939605,0.2393778152163584,1.3891275720521132,-0.0515786239065001,0.301760680943914,-1.048602484934544,1.1561713973490253,-0.7769567627884052,0.0,0.0,0.0,0.0,其他,0,0,0.5,1.0,0,0.6464646464646465,-0.05619790266200586,-0.16751815004033332,0.6639676113360324,0.6437246963562753,0.09109311740890688,0.854251012145749,0.6518218623481782,0.6842105263157895,0.5,0.5,0.5,0.5,0.6464646464646465,0.5717171717171717,0.21616161616161617
2026-05-08,37.31,37.95,37.0,37.82,911900.0,37.016000000000005,36.283,35.8485,38.00066666666667,0.021720337151502,0.0423614364854063,0.0549953275590331,-0.0047543025560955,35.8485,37.45434819365127,34.24265180634873,1.113850053723307,0.0895908165556042,0.0169400376445281,0.0543629774184555,0.0561295727450432,0.082736902376181,0.0164215819951819,0.0154439838933402,0.0129005617620025,76.32093931372818,0.1004736301413729,-0.2857566087048142,0.3862302388461871,56269292.0,70.7506625524909,0.769285714285715,0.925429689517781,0.99999999996337,0.4780023781156006,-0.0248545742993124,0.0169400376445281,0.0129005617620025,76.32093931372818,-0.2147647308035422,0.0,0.0,0.0,0.5,-0.4926901652877339,-0.486297253848183,-0.4397565552702291,-0.378527488886604,-0.6666540875158419,-0.591771311258502,-0.8138914115532675,-1.038105827545463,-0.6847813665143387,0.6905828300101923,0.9040077548292664,0.894685765677743,-0.0805570197919024,-1.038105827545463,-1.0595070472051196,-0.6243024793080506,1.7677743058116109,-0.6993663041442187,0.6068426265837928,0.8239870597721897,0.6235072631439668,0.7469989747475715,-0.3165186835599585,-0.5480443318356935,-1.0691399740584495,1.534631263660212,0.093470478249399,-0.3520899218683023,1.0651730058291116,0.7304421654586235,1.0016396277370423,-0.9136709427042806,-0.1110122195831036,1.4201506816199274,0.174624374306395,0.6068426265837928,-1.0691399740584495,1.534631263660212,-0.4923197831065861,0.0,0.0,0.0,0.0,其他,0,0,0.5,1.0,0,0.6222222222222222,-0.05579058699101003,-0.17054468535166578,0.6700404858299596,0.6336032388663968,0.0931174089068826,0.9008097165991903,0.4068825910931174,0.7449392712550608,0.5,0.5,0.5,0.5,0.6222222222222222,0.5515151515151515,0.20606060606060606
2026-05-11,37.95,38.39,37.54,38.29,1047400.0,37.48,36.555,35.980000000000004,37.968833333333336,0.0216115261472784,0.0474627273970729,0.0642023346303499,0.0084586919973836,35.980000000000004,37.91736663378015,34.04263336621986,1.0961700691064244,0.1076913081586858,0.0124272871496562,0.0644981929385599,0.0764689344953613,0.0737521031968593,0.0158074957363423,0.0149295286937573,0.0124497968528786,77.38317754984372,0.239610274810758,-0.1806832320016997,0.4202935068124578,57316692.0,76.72818280064149,0.783571428571429,1.0480077396882452,0.99999999996875,0.5338882282932951,-0.0352572473230609,0.0124272871496562,0.0124497968528786,77.38317754984372,0.1485908542603355,0.0,0.0,0.0,0.5,-0.337813747963071,-0.3834934498962713,-0.3008357107792941,-0.2648210826616275,-0.5937511778470017,-0.4757562551979796,-0.7424820357360273,-0.9989449958542228,-0.694385153673457,0.6858236445379517,1.0142569496274154,1.0479718128988316,0.0709355768334722,-0.9989449958542228,-0.9667973357178344,-0.6843646378083865,1.7042150424041045,-0.5287519610566648,0.4441858756787751,0.9807400948277976,0.8675188050506164,0.6570201760343461,-0.3537910517859071,-0.5829910721167444,-1.1057692742371072,1.5906970382467094,0.2409081300168065,-0.2280927709089092,1.1555418652458496,0.769365860885209,1.3399703641631595,-0.8901102260883991,0.047662927543926,1.4145855098274287,0.3432567919362547,0.4441858756787751,-1.1057692742371072,1.5906970382467094,0.0541056181671878,0.0,0.0,0.0,0.0,其他,0,0,0.5,1.0,0,0.6060606060606061,-0.08017759206059027,-0.18960564115957168,0.7672064777327935,0.7024291497975709,0.10526315789473684,0.9230769230769231,0.42105263157894735,0.7651821862348178,0.5,0.5,0.5,0.5,0.6060606060606061,0.3878787878787879,0.2505050505050505
2026-05-12,38.02,38.4,37.1,37.34,941561.0,37.504000000000005,36.765,36.091,37.90916666666666,-0.004372866894198,0.0156398748810009,0.0346069657255272,-0.0150139588050381,36.091,38.07473279185329,34.10726720814671,0.8148105443051252,0.1099294999777116,-0.0248106555236352,0.0032240730789898,0.0595913734392736,0.0632118451025058,0.017379167246097,0.0174617877672843,0.0133709459613802,65.49520765308421,0.2701063892974744,-0.0905253077418649,0.3606316970393393,56375131.0,71.29955156435358,0.8421428571428571,0.9326373855989812,0.7031249999780282,0.4209274672958278,-0.009641135511516,-0.0248106555236352,0.0133709459613802,65.49520765308421,-0.101049264846286,0.0,0.0,0.0,0.5,-0.3204692146236207,-0.3806274709448846,-0.4132277288217266,-0.4934480526549061,-0.6488186924780572,-0.4690716768133205,-0.6871670153733188,-0.9656587657677288,-0.7136471080656069,-0.1487199416752294,0.3097461953712637,0.5451475951099322,-0.1984649162202759,-0.9656587657677288,-0.9338380714772998,-0.6632762093006609,0.8321997350108263,-0.5069159074548228,-0.8918971695170713,0.0183303880538016,0.6621536906658451,0.5518912336176874,-0.2566678470400015,-0.405329369998165,-1.021623480507548,0.8814203298062798,0.2729680218583327,-0.1216746317166355,0.9890081848955006,0.7315947577983943,1.0259365900000064,-0.8002172943900844,-0.1018019690260183,0.5851270504677935,0.0008347920627793,-0.8918971695170713,-1.021623480507548,0.8814203298062798,-0.3213850008459514,0.0,0.0,0.0,0.0,其他,0,0,0.5,1.0,0,0.6424242424242425,-0.09453668987680774,-0.17166577396893423,0.46558704453441296,0.6477732793522267,0.14979757085020243,0.7854251012145749,0.3805668016194332,0.6639676113360324,0.5,0.5,0.5,0.5,0.6424242424242425,0.2606060606060606,0.2545454545454545
2026-05-13,37.34,37.58,37.01,37.31,763610.0,37.59,36.987,36.1885,37.843833333333336,-0.0074487895716944,0.0087327980101117,0.0309905080343204,-0.0141062172172481,36.1885,38.21223573269581,34.164764267304186,0.7770865735587792,0.1118441346112836,-0.000803427959293,0.0116594360086768,0.0632658877172982,0.0551470588235294,0.0165733488553233,0.0172708086767377,0.0133693743869926,62.49999998501717,0.2885280586041929,-0.0147146344726533,0.3032426930768462,55611521.0,66.25587853407364,0.8264285714285714,0.7510090814751077,0.6937499999783209,0.4173602853695918,-0.0217099973197534,-0.000803427959293,0.0133693743869926,62.49999998501717,-0.1889957209357652,0.0,0.0,0.0,0.5,-0.4841550454986341,-0.5706690719247978,-0.4357229515485185,-0.499926573021417,-0.7419718533463356,-0.4469936743041619,-0.6288993339737647,-0.936271342709374,-0.7348286034869698,-0.2473263013485142,0.1565489871483932,0.4829880972078542,-0.187739695458829,-0.936271342709374,-0.904886434860052,-0.6444254495663336,0.7140819895967815,-0.4881440117442754,-0.0289885335446068,0.150792337456462,0.7052935459778576,0.4713497503795246,-0.3059287055235413,-0.4180753922642829,-1.0190536664579892,0.7018327943061257,0.2921846038815929,-0.0321705829624699,0.8294192975150322,0.7007824256735494,0.7352562421894063,-0.8221320856709929,-0.3371333941307576,0.5579945003932163,-0.0099798348733035,-0.0289885335446068,-1.0190536664579892,0.7018327943061257,-0.4532939543379629,0.0,0.0,0.0,0.0,其他,0,0,0.5,1.0,0,0.6868686868686869,-0.1222192441704637,-0.18654516215491823,0.5890688259109311,0.6336032388663968,0.1417004048582996,0.7226720647773279,0.20850202429149797,0.6194331983805668,0.5,0.5,0.5,0.5,0.6868686868686869,0.24444444444444444,0.2585858585858586
2026-05-14,37.48,37.9,36.96,37.04,662723.0,37.56,37.093,36.2845,37.767833333333336,-0.0138445154419594,-0.001428841021217,0.0208215629263184,-0.0192712493435772,36.2845,38.27673201988448,34.292267980115525,0.6896114489653785,0.1098117388901037,-0.0072366657732512,-0.0040333422963161,0.0294608115619789,0.0546697038724373,0.0166400041136832,0.0163204985960944,0.0133866502688081,60.13179570277027,0.2781344598148223,0.0438551843848418,0.2342792754299805,54948798.0,65.07274443227638,0.8621428571428572,0.6483111723019618,0.6093749999809565,0.385255648033469,-0.052375809935205,-0.0072366657732512,0.0133866502688081,60.13179570277027,-0.1321184898050051,0.0,0.0,0.0,0.5,-0.4496048705064708,-0.4953190633440447,-0.4479262827576696,-0.5643253103401811,-0.794022290284594,-0.4537883259072428,-0.6005562690391046,-0.9074357106506166,-0.7596621100331963,-0.4526006825314125,-0.0687273326997024,0.3097653136821469,-0.2468745955267937,-0.9074357106506166,-0.8902385929194325,-0.6041500807023513,0.4425770649999176,-0.5064347257870624,-0.2601576174644997,-0.0961743289731844,0.2954220992505934,0.4658870464612767,-0.3014047667479195,-0.483909581448549,-1.014847756973805,0.5598697502260936,0.2807361508569596,0.036987795667917,0.6385447386827702,0.6739375270159802,0.6661431357971951,-0.7667458267864409,-0.4698837125162714,0.3216726276929509,-0.1074262537779067,-0.2601576174644997,-1.014847756973805,0.5598697502260936,-0.3669486447227174,0.0,0.0,0.0,0.0,其他,0,0,0.5,1.0,0,0.4444444444444444,-0.11933045356371497,-0.18088552915766742,0.645748987854251,0.7206477732793523,0.12550607287449392,0.7449392712550608,0.09109311740890688,0.6923076923076923,0.5,0.5,0.5,0.5,0.4444444444444444,0.16363636363636364,0.24444444444444444
2026-05-15,37.15,37.49,36.41,36.88,973046.0,37.372,37.194,36.362,37.6885,-0.0131649363159583,-0.0084422218637414,0.0142456410538474,-0.0214521671066769,36.362,38.31815735025271,34.40584264974729,0.6324024368156891,0.1075934959709218,-0.0043196544276457,-0.0248545742993124,0.0281572344577643,0.0438720634022078,0.0134092875707624,0.0163775716043101,0.0134537835681247,60.93489147156786,0.2540581706229829,0.08589578163247,0.1681623889905129,53975752.0,63.7830119371312,0.9042857142857146,0.9337696860868464,0.55937499998252,0.3662306777602118,-0.0317245119305856,-0.0043196544276457,0.0134537835681247,60.93489147156786,0.4682544592537154,0.0,0.0,0.0,0.5,-0.5287215369690715,-0.5899979298747619,-0.588617480424322,-0.6020546611893575,-0.6278495492767429,-0.4999066427602821,-0.5735523421032739,-0.883848474685848,-0.7855781077085738,-0.4300627993453133,-0.2241691420552837,0.1976358753736461,-0.2716186227659124,-0.883848474685848,-0.880137652772303,-0.5682263686570029,0.2649094188598572,-0.5264489056370676,-0.1548670388181067,-0.4237957280975052,0.2792351186751379,0.3583157476003478,-0.5002548546372473,-0.479163968502598,-1.0062881550730056,0.606681176699164,0.2547178516487429,0.0866156448014989,0.4558019243883415,0.6351754205639185,0.5910732325751495,-0.7018567932004439,-0.0983273202433397,0.18149772331431,-0.1651042443983314,-0.1548670388181067,-1.0062881550730056,0.606681176699164,0.5391643219819132,0.0,0.0,0.0,0.0,其他,0,0,0.5,1.0,0,0.451417004048583,-0.1328633405639914,-0.17245119305856837,0.6227180527383367,0.7119675456389453,0.1257606490872211,0.7931034482758621,0.4300202839756592,0.7221095334685599,0.5,0.5,0.5,0.5,0.451417004048583,0.1194331983805668,0.1902834008097166
2026-05-18,36.88,37.4,36.2,36.94,739600.0,37.102,37.291,36.4525,37.60816666666666,-0.0043663414371192,-0.0094124587702125,0.0133735683423632,-0.0177665312055448,36.4525,38.33474809595791,34.57025190404209,0.6294994004732806,0.1032712760964405,0.0016268980477223,-0.0352572473230609,0.0269669168751738,0.0515229148875604,0.0104549211924725,0.0163825742578457,0.0133267783302709,64.86013984426502,0.2370860560638732,0.1161338365187507,0.1209522195451225,54715352.0,62.98191104925409,0.9442857142857142,0.7108892449742985,0.5781249999819326,0.3733650416126828,-0.0465619924201406,0.0016268980477223,0.0133267783302709,64.86013984426502,-0.2399126043373077,0.0,0.0,0.0,0.5,-0.5932080391460629,-0.6099856221058146,-0.6416399408439988,-0.5865489933256008,-0.750696903093583,-0.5663906540063095,-0.5476244855734379,-0.8567588534641054,-0.8117546493188317,-0.1459797323759817,-0.2454138318721755,0.1825399996058122,-0.2286929502602341,-0.8567588534641054,-0.8749084680245315,-0.5167409890113593,0.2555516404196643,-0.5662119995052104,0.0595632136695582,-0.5869797946786591,0.2644284480165199,0.4335886466489414,-0.6817372711710945,-0.4780743411617916,-1.014846299147782,0.8390077838607755,0.2362850668939178,0.1222797498029976,0.3252314938374102,0.6626547255122114,0.5441422444772692,-0.6403478186973877,-0.3881290345177927,0.2337217057980066,-0.1431439952356017,0.0595632136695582,-1.014846299147782,0.8390077838607755,-0.5307501112456338,0.0,0.0,0.0,0.0,其他,0,0,0.5,1.0,0,0.2545454545454545,-0.10909583107742293,-0.16892257715213854,0.6032388663967612,0.7105263157894737,0.11740890688259109,0.8218623481781376,0.24493927125506074,0.7145748987854251,0.5,0.5,0.5,0.5,0.2545454545454545,0.14545454545454545,0.17777777777777778
2026-05-19,37.15,37.37,36.53,36.98,600200.0,37.03,37.267,36.5335,37.52616666666666,-0.0013502565487443,-0.007701183352564,0.0122216595727209,-0.0145542887851587,36.5335,38.35628300813266,34.71071699186733,0.6224775516190392,0.0997869357235237,0.0010828370330264,-0.009641135511516,-0.0064481461579796,0.0458144796380088,0.0037705777138558,0.0119404773949294,0.0132975553980313,66.84491976941482,0.2242778631065789,0.1377626418363164,0.0865152212702625,55315552.0,66.2702260312631,0.96,0.5856883413963876,0.5906249999815417,0.3781212841809971,-0.0857220118983232,0.0010828370330264,0.0132975553980313,66.84491976941482,-0.1884802595997836,0.0,0.0,0.0,0.5,-0.5268616354033742,-0.6159557859764667,-0.5556203909690722,-0.5759102602988537,-0.8232616111075214,-0.5834154218629831,-0.5529206667659702,-0.8324076842529332,-0.8384173752458395,-0.048483304098395,-0.2070533006396986,0.162681701032795,-0.1912474521123961,-0.8324076842529332,-0.8687443600393593,-0.4726906147169247,0.2334215448114106,-0.5980290040965272,0.0398648518806207,-0.182169444931262,-0.1415495799983962,0.3763188089767146,-1.092451764898171,-0.7886370308106051,-1.014770616456004,0.955130082099878,0.2223042213774887,0.147745042861684,0.2299093797267296,0.6846890961156721,0.7318604970139986,-0.6155422997410495,-0.5505029817846661,0.2684227358837837,-0.1284364231166378,0.0398648518806207,-1.014770616456004,0.955130082099878,-0.4522473961566026,0.0,0.0,0.0,0.0,其他,0,0,0.5,1.0,0,0.1480730223123732,-0.12736614386154665,-0.1798269334775554,0.6422764227642277,0.7154471544715447,0.11991869918699187,0.8313008130081301,0.18089430894308944,0.6646341463414634,0.5,0.5,0.5,0.5,0.14807302231237324,0.13184584178498987,0.15212981744421908
2026-05-20,36.98,36.98,36.0,36.5,588567.0,36.868,37.229,36.5885,37.434,-0.0099815558207659,-0.0195815090386526,-0.0024187927900841,-0.0249505796869156,36.5885,38.33193007346235,34.84506992653764,0.4746189992376057,0.0952993467049806,-0.0129799891833423,-0.0217099973197534,-0.0103036876355748,0.0310734463276836,0.0060837556085927,0.0123029039800714,0.0137315529761546,54.99999998519235,0.1733964827200154,0.1448894100130562,0.0285070727069592,54726985.0,60.90681144830967,0.9321428571428564,0.5745126398403222,0.44062499998623,0.3210463733612244,-0.1027397260273972,-0.0129799891833423,0.0137315529761546,54.99999998519235,-0.0193818727090969,0.0,0.0,0.0,0.5,-0.5672378622119806,-0.705867376941052,-0.6912117005600559,-0.6911582801293968,-0.8277552905634472,-0.622862942109394,-0.5618225960291972,-0.8153566060147025,-0.8685215673575136,-0.327221482596863,-0.4710930249299578,-0.0871929939271504,-0.3112022259449641,-0.8153566060147025,-0.8715328034586446,-0.4305722851464607,-0.2261826411015488,-0.6392312353132827,-0.4679584163741971,-0.372488730141258,-0.1882278234825306,0.2293840874230135,-0.9470989318829196,-0.7616475066019883,-0.9739793426636428,0.2479074068503401,0.1676234600459721,0.1560120812599789,0.0695689886741882,0.6606997693359021,0.4225539803596051,-0.6564611420534611,-0.5641399409571219,-0.152719096101455,-0.3024663374122655,-0.4679584163741971,-0.9739793426636428,0.2479074068503401,-0.19584473472798,0.0,0.0,0.0,0.0,其他,0,0,0.5,1.0,0,0.1234817813765182,-0.14136986301369858,-0.18739726027397263,0.6876267748478702,0.6835699797160243,0.12373225152129817,0.7099391480730223,0.15821501014198783,0.6754563894523327,0.5,0.5,0.5,0.5,0.12348178137651822,0.0931174089068826,0.1437246963562753
2026-05-21,36.68,36.8,35.0,35.1,788808.0,36.48,37.02,36.551,37.327,-0.0378289473684211,-0.0518638573743922,-0.0396979562802659,-0.0596619069306398,36.551,38.39090732032045,34.71109267967956,0.105686660413455,0.1006761686583353,-0.0383561643835616,-0.052375809935205,-0.0561979026620058,-0.0209205020920502,0.0165944033162678,0.0165116497341593,0.0161036704466222,44.06779660066335,0.0198752133833082,0.1198865706871065,-0.1000113573037983,53938177.0,54.24563639181019,1.0121428571428563,0.7744736543681275,0.0031249999999017,0.1545778834702195,-0.0706552706552707,-0.0383561643835616,0.0161036704466222,44.06779660066335,0.3402178511537344,0.0,0.0,0.0,0.5,-0.6390692298074222,-0.7465697414918939,-0.9473696104549748,-1.028569705999314,-0.7196733464628136,-0.7186278015736178,-0.6148490441239568,-0.8240305384265632,-0.9036718209374158,-1.2251722082885623,-1.1876408246263936,-0.7231416316130332,-0.7123239874094147,-0.8240305384265632,-0.8581066428483817,-0.4712298491054859,-1.3700707865152368,-0.5874350904327218,-1.381526647077905,-0.8560880824513837,-0.7459837360970282,-0.288018399051256,-0.2962773948256385,-0.4648756451690058,-0.7628136137689219,-0.404696654851357,0.0030730286367212,0.1261341347509544,-0.2855372714730965,0.629012016822147,0.0387384228091003,-0.5345959716833171,-0.3024553091481198,-1.378045552085044,-0.8101751910475221,-1.381526647077905,-0.7628136137689219,-0.404696654851357,0.3490507455157698,0.0,0.0,0.0,0.0,其他,0,0,0.5,1.0,0,0.0969696969696969,-0.11794871794871797,-0.16524216524216528,0.44534412955465585,0.6153846153846154,0.21052631578947367,0.5688259109311741,0.22874493927125505,0.5809716599190283,0.5,0.5,0.5,0.5,0.09696969696969697,0.09898989898989899,0.16767676767676767
2026-05-22,35.72,35.91,35.0,35.71,760600.0,36.246,36.809000000000005,36.546,37.23166666666666,-0.0147878386580586,-0.0298568284930317,-0.0228752804684506,-0.0408702269573389,36.546,38.39490750103101,34.697092498968985,0.2739205450891382,0.1011824824071556,0.0173789173789173,-0.0317245119305856,-0.05579058699101,-0.0027925160569673,0.0209179366985019,0.0165787915970949,0.0166155224027905,48.14285713322858,-0.0519705128877063,0.085515153972144,-0.1374856668598503,54698777.0,46.69243857558723,1.0435714285714277,0.739362909469843,0.1937499999939447,0.2271105826370144,-0.1044525343041165,0.0173789173789173,0.0166155224027905,48.14285713322858,-0.0357602864068316,0.0,0.0,0.0,0.5,-0.8707441119609478,-0.9527282615096376,-0.9451905330053432,-0.8785447088205166,-0.7333486657396098,-0.7757006040944943,-0.6682892138355051,-0.8236599492076512,-0.9345937068888618,-0.4788146425396015,-0.6956982254716343,-0.4346935775343823,-0.4933185074611939,-0.8236599492076512,-0.8554347616674902,-0.4748187220001317,-0.8448934625452222,-0.5816570053384085,0.632484213731741,-0.528245472343948,-0.7395918259998818,-0.1071332607248117,-0.0283898422636474,-0.4594553444229197,-0.7161732344486123,-0.1607496086162314,-0.0739363506618351,0.0851219800405038,-0.38876421650928,0.6574125142565042,-0.3963933632768436,-0.4862631442810426,-0.3478871949461463,-0.8407097573291048,-0.5868985128823154,0.632484213731741,-0.7161732344486123,-0.1607496086162314,-0.2214925485609174,0.0,0.0,0.0,0.0,其他,0,0,0.5,1.0,0,0.0868686868686868,-0.12153458415009799,-0.16129935592271072,0.4493927125506073,0.645748987854251,0.22064777327935223,0.6639676113360324,0.4493927125506073,0.6174089068825911,0.5,0.5,0.5,0.5,0.08686868686868687,0.1292929292929293,0.2080808080808081
2026-05-25,35.87,36.23,34.66,35.22,1001100.0,35.902,36.502,36.5285,37.117,-0.0189961562029971,-0.0351213632129745,-0.0358213449772094,-0.0511086564108089,36.5285,38.42238239505944,34.634617604940544,0.1545456034046994,0.1036934117225873,-0.0137216465975917,-0.0465619924201406,-0.0801775920605902,-0.009839752600506,0.0205968447833414,0.0154429323387828,0.0168370187064133,33.97435896673646,-0.1467559620984673,0.0390609307580217,-0.185816892856489,53697677.0,30.951111822140334,1.0307142857142846,0.9585375767124488,0.0406249999987291,0.1688466111751624,-0.0655877342419081,-0.0137216465975917,0.0168370187064133,33.97435896673646,0.3161977386273995,0.0,0.0,0.0,0.5,-0.8325320845826475,-0.875920398665337,-1.0304700826294215,-0.9951608499831962,-0.603989162523262,-0.8600538786009334,-0.7464047642707196,-0.8267663760467214,-0.9721065623504348,-0.6140942556757584,-0.8114794120858864,-0.6552044617637449,-0.6111078203717476,-0.8267663760467214,-0.8482082857973384,-0.4933796755819957,-1.212550361892495,-0.5569728472846912,-0.4920307183472376,-0.7619255744589496,-1.034405257429654,-0.1772549673240881,-0.0482475075316026,-0.5386520523550039,-0.6952627011025787,-1.0067018706122015,-0.1755574104235092,0.0297302089997552,-0.5219320098247721,0.6174645368404211,-1.3009920329125,-0.5049530804422627,-0.0607869786851942,-1.2668187836271487,-0.7638064446944843,-0.4920307183472376,-0.6952627011025787,-1.0067018706122015,0.3130685739166561,0.0,0.0,0.0,0.0,其他,0,0,0.5,1.0,0,0.1959595959595959,-0.11896649630891531,-0.1132879045996592,0.25303643724696356,0.6234817813765182,0.22874493927125505,0.4008097165991903,0.680161943319838,0.4959514170040486,0.5,0.5,0.5,0.5,0.19595959595959597,0.27070707070707073,0.41818181818181815
2026-05-26,35.03,35.03,33.57,33.81,1155500.0,35.268,36.149,36.457,36.9805,-0.0413405920381081,-0.064704417826219,-0.0726060838796389,-0.0857343735211799,36.457,38.641395375818,34.272604624182,-0.1058884827565103,0.1198340716905948,-0.0400340715502554,-0.0857220118983232,-0.0945366898768077,-0.0405788876276957,0.0234200781022282,0.0178271065085437,0.0189645938387655,29.001367983501737,-0.3318242660430996,-0.0351161086022025,-0.296708157440897,52542177.0,33.35688150106638,1.0864285714285704,1.0758616541538195,0.0,0.0011890606420792,-0.0455486542443064,-0.0400340715502554,0.0189645938387655,29.001367983501737,0.1542303466187193,0.0,0.0,0.0,0.5,-1.034417620673866,-1.1537177783425496,-1.3078173065472072,-1.3331605398390065,-0.5207187534503808,-1.016420412930301,-0.8361738534991667,-0.8448649420184141,-1.0170308041666447,-1.3338760531953344,-1.4660142455019958,-1.2812917385421914,-1.010945348930462,-0.8448649420184141,-0.8037052706702666,-0.6045083763189597,-2.009534446499849,-0.4035306539729535,-1.4395369509186926,-1.377979017284191,-1.2058652688000568,-0.4837526085126818,0.1269312456596034,-0.3699369848984638,-0.5061041143098972,-1.3001225593253969,-0.3741189101547033,-0.0586968923317029,-0.8279009921041992,0.5715981499364275,-1.1587883280341609,-0.4198328771780945,0.0929327276800206,-1.3758266296824766,-1.2733682951546788,-1.4395369509186926,-0.5061041143098972,-1.3001225593253969,0.066525736769565,0.0,0.0,0.0,0.0,其他,0,0,0.5,1.0,0,0.2909090909090909,-0.08518189884649519,-0.12156166814551916,0.145748987854251,0.5161943319838057,0.3097165991902834,0.37449392712550605,0.7024291497975709,0.2793522267206478,0.5,0.5,0.5,0.5,0.2909090909090909,0.38585858585858585,0.43636363636363634
2026-05-27,33.81,34.19,32.18,32.75,1260000.0,34.518,35.693,36.34,36.82283333333333,-0.0512196535141086,-0.0824531420726752,-0.0987892129884425,-0.1106061909050994,36.34,39.02580674932825,33.65419325067176,-0.1683280546675739,0.1478154512559632,-0.031351671103224,-0.1027397260273972,-0.1222192441704637,-0.066685665431747,0.0239602267142104,0.0187212306290664,0.0200771468947405,22.45657567848147,-0.5575977319137593,-0.1396124332645139,-0.4179852986492453,51282177.0,23.12948939587349,1.1892857142857132,1.13343207685641,0.0,0.0,-0.0430534351145037,-0.031351671103224,0.0200771468947405,22.45657567848147,0.0904370402423193,0.0,0.0,0.0,0.5,-1.3269377618485108,-1.3457955410998088,-1.6591156013024115,-1.5836532682109845,-0.4641722901345717,-1.2007960847790962,-0.9522085538980164,-0.8755414403592948,-1.069066288522014,-1.6463227890216972,-1.851393100663004,-1.7209500761568433,-1.2953144614525731,-0.8755414403592948,-0.7271002257568306,-0.7946455393632453,-2.1867964024454603,-0.1380944910930676,-1.1224422646232892,-1.6400930798008728,-1.536897426910429,-0.7434952557718382,0.1603171457864745,-0.3063785243381776,-0.4069174932044095,-1.683617821116711,-0.6162093471418918,-0.1832905564149508,-1.161201406574412,0.5217431907779703,-1.7398172740911615,-0.2633141465037736,0.1682972497569078,-1.3708121167867189,-1.2723038058627436,-1.1224422646232892,-0.4069174932044095,-1.683617821116711,-0.0306275404935924,0.0,0.0,0.0,0.0,其他,0,0,0.5,1.0,0,0.2101010101010101,-0.07328244274809159,-0.1141984732824427,0.1214574898785425,0.48380566801619435,0.3360323886639676,0.2692307692307692,0.7631578947368421,0.2145748987854251,0.5,0.5,0.5,0.5,0.2101010101010101,0.397979797979798,0.4626262626262626
2026-05-28,32.72,32.95,31.8,32.62,736684.0,34.022000000000006,35.251,36.172,36.66383333333333,-0.0412086297101877,-0.0746361805338855,-0.0981975008293709,-0.1102948864230417,36.172,39.33123774950463,33.01276225049538,-0.0621609200749057,0.1746786326161612,-0.003969465648855,-0.0706552706552707,-0.1193304535637149,-0.0933852140077821,0.0227134449668708,0.0188569540882249,0.0189144811369468,15.608465605575065,-0.7385017552379125,-0.2593902976591937,-0.4791114575787188,50545493.0,15.280213498486034,1.2035714285714274,0.6808369531981663,0.0,0.0,-0.0508890251379521,-0.003969465648855,0.0189144811369468,15.608465605575065,-0.4153301587301587,0.0,0.0,0.0,0.5,-1.5852642813314806,-1.6286151573423304,-1.7484129142297813,-1.6081588607144932,-0.742817061919003,-1.3206100723694896,-1.0640696658824706,-0.920268518722474,-1.1212278696945963,-1.31838733085053,-1.669864484513461,-1.702412665858561,-1.2868799042329728,-0.920268518722474,-0.6661028301324564,-0.9911711063418592,-1.8490968825066525,0.1167316092298703,-0.1322598232387815,-1.129804587348586,-1.4957373727280665,-1.0082080125926416,0.0825988659857818,-0.2963856667845559,-0.5092429173753209,-2.078535208470807,-0.809540807021058,-0.3260999589091344,-1.3263593280704105,0.4923015844111968,-2.1756678096998754,-0.2412821459181638,-0.4260029124369177,-1.3658520780056969,-1.2676468371937553,-0.1322598232387815,-0.5092429173753209,-2.078535208470807,-0.8005204575063496,0.0,0.0,0.0,0.0,其他,0,0,0.5,1.0,0,0.2955465587044534,-0.06989576946658482,-0.13519313304721026,0.09330628803245436,0.3813387423935091,0.29006085192697767,0.15212981744421908,0.30831643002028397,0.1724137931034483,0.5,0.5,0.5,0.5,0.29554655870445345,0.5121457489878543,0.4898785425101215
2026-05-29,32.62,33.0,31.5,31.98,1157508.0,33.276,34.761,35.9775,36.5085,-0.0389469888207716,-0.0800034521446448,-0.111111111111111,-0.1240396072147581,35.9775,39.65198600057496,32.30301399942504,-0.043953630435672,0.2042657772532691,-0.0196198651134272,-0.1044525343041165,-0.1328633405639914,-0.1084471703373292,0.0142446316859997,0.0187430478408692,0.0191983567927684,9.184993530031122,-0.9228738332811944,-0.3920870047835939,-0.5307868284976005,49387985.0,5.497704921451145,1.249999999999999,1.079782199873813,0.0,0.0,-0.0190744215134458,-0.0196198651134272,0.0191983567927684,9.184993530031122,0.5712408576811767,0.0,0.0,0.0,0.5,-1.6026291351718356,-1.60995750106854,-1.816062086552277,-1.7542372374347943,-0.5167215169208668,-1.5013403189980292,-1.1876346581901285,-0.9721633995756616,-1.1717424180486655,-1.2415237661756804,-1.779689810109597,-1.911165091023663,-1.4402052950180744,-0.9721633995756616,-0.6022440146553308,-1.2076320540981582,-1.7836806873153908,0.3973337026623559,-0.6975336152575682,-1.6562569925911217,-1.6525377044776977,-1.1555747027722911,-0.4446118736939473,-0.3040400335080575,-0.4832862871577425,-2.439097123493901,-1.0058712853378369,-0.4842465539937557,-1.464035128202625,0.4465139571228399,-2.7073565998886973,-0.1704076956765,0.0988263809067654,-1.3609455339885814,-1.2630406786751025,-0.6975336152575682,-0.4832862871577425,-2.439097123493901,0.7037442264611012,0.0,0.0,0.0,0.0,其他,0,0,0.5,1.0,0,0.5212981744421906,-0.0456535334584115,-0.1272670419011882,0.08536585365853659,0.30691056910569103,0.30284552845528456,0.028455284552845527,0.6321138211382114,0.14634146341463414,0.5,0.5,0.5,0.5,0.5212981744421906,0.5314401622718052,0.5233265720081136
2026-06-01,31.81,33.25,31.6,32.91,973207.0,32.814,34.358000000000004,35.8245,36.38333333333333,0.0029255805448893,-0.0421444787240237,-0.0813549386592975,-0.0954649564819056,35.8245,39.74677364245741,31.90222635754259,0.1284680435775461,0.2189715776882559,0.0290806754221386,-0.0655877342419081,-0.1090958310774229,-0.085070892410342,0.0272195760257282,0.0228467940277547,0.0206448607478928,21.27107652013227,-0.9826197766680238,-0.51019355916048,-0.4724262175075437,50361192.0,13.480944398408155,1.2749999999999988,0.9299452939631296,0.1473851030087571,0.0937499999990545,-0.0571254937708901,0.0290806754221386,0.0206448607478928,21.27107652013227,-0.1592222256779218,0.0,0.0,0.0,0.5,-1.7897936872950546,-1.5454064945811747,-1.7814635278266993,-1.5238645557155095,-0.614469658502295,-1.6097426747719468,-1.2878976748589093,-1.012285556299992,-1.2113829841815422,0.1094297806222974,-0.9404073140136052,-1.4006172001388946,-1.1055618956667488,-1.012285556299992,-0.5826832840880041,-1.3272890436214082,-1.25117429761075,0.5363717388134973,1.0637181704709289,-1.040823839066429,-1.3595883087872715,-0.9195215122865192,0.3644011732120316,-0.0132315559265067,-0.3542263311800888,-1.716636509780387,-1.0675371935139022,-0.624732995385772,-1.2983057877885875,0.483792897222103,-2.237104452205169,-0.1321495109052227,-0.0984592904626766,-0.9466592573473892,-0.973804917054197,1.0637181704709289,-0.3542263311800888,-1.716636509780387,-0.4110618636889511,0.0,0.0,0.0,0.0,其他,0,0,0.5,1.0,0,0.5931174089068826,-0.06715284108173802,-0.1616529930112427,0.1947261663286004,0.3752535496957404,0.34279918864097364,0.11156186612576065,0.513184584178499,0.2028397565922921,0.5,0.5,0.5,0.5,0.5931174089068826,0.44534412955465585,0.43724696356275305
2026-06-02,32.92,33.25,32.02,32.27,902900.0,32.506,33.887,35.577,36.25366666666666,-0.0072601981172705,-0.047717413757488,-0.0929533125333781,-0.1098831382572794,35.577,39.74547870773528,31.40852129226472,0.1033325066680011,0.2343355936545276,-0.0194469766028561,-0.0455486542443064,-0.1273661438615466,-0.1329930145083288,0.0234357807940475,0.0225358170354415,0.0187264307101695,19.71153845822156,-1.069285461353786,-0.6220119395991413,-0.4472735217546448,49458292.0,13.451550396805075,1.3221428571428555,0.9467484658459626,0.0459587955618711,0.0292338709674475,-0.0415246358847227,-0.0194469766028561,0.0187264307101695,19.71153845822156,-0.0722425958711764,0.0,0.0,0.0,0.5,-1.515579095655947,-1.539174779499357,-1.666543397220957,-1.670342887053729,-0.6510654638169293,-1.6787661669276583,-1.4047724993678803,-1.078429224252154,-1.2522625275712094,-0.2193480269817591,-1.0608879850266488,-1.5902701030050916,-1.2680072593279914,-1.078429224252154,-0.5819622756398605,-1.4743416600657673,-1.3235783059667958,0.6814195224217932,-0.6924888640098179,-0.7235581707188334,-1.5741353874440325,-1.3939715460439532,0.1279226279495336,-0.0352514419777645,-0.5240782819006693,-1.799074177551924,-1.1577032742274254,-0.7573973999116967,-1.2250694655899377,0.4478696255225552,-2.222304872863088,-0.0601565529230127,-0.0761977685820564,-1.2263837682744532,-1.167186516520862,-0.6924888640098179,-0.5240782819006693,-1.799074177551924,-0.2777574146301216,0.0,0.0,0.0,0.0,其他,0,0,0.5,1.0,0,0.6056910569105691,-0.06011775643012096,-0.13046172916021082,0.2892057026476578,0.22606924643584522,0.26883910386965376,0.13238289205702647,0.604887983706721,0.17311608961303462,0.5,0.5,0.5,0.5,0.6056910569105691,0.4268292682926829,0.42073170731707316
2026-06-03,32.26,32.4,31.06,31.34,919942.0,32.224000000000004,33.370999999999995,35.3,36.106,-0.0274329692154916,-0.0608612268137004,-0.1121813031161472,-0.1320002215698222,35.3,39.82494373329371,30.775056266706287,0.0624254981482662,0.2563707497609571,-0.0288193368453673,-0.0430534351145037,-0.1413698630136985,-0.1502169197396964,0.0228537794021247,0.0230611799546625,0.019354497128741,18.262806233232908,-1.1991883714482938,-0.7374472259689718,-0.461741145479322,48538350.0,12.54161797928559,1.3507142857142844,1.0195429898564592,0.0,0.0,-0.0315890236119974,-0.0288193368453673,0.019354497128741,18.262806233232908,0.0188747369586885,0.0,0.0,0.0,0.5,-1.667244838437817,-1.7282707859443889,-1.9008449060825905,-1.8834825336077663,-0.6408421235934193,-1.7404352844608375,-1.5319864924311288,-1.1523571258529772,-1.2990268625635486,-0.8699439385098677,-1.346870815504225,-1.904667944529439,-1.5170700565863882,-1.1523571258529772,-0.5654272192150903,-1.6624220988687444,-1.4431625062105666,0.8893885664082734,-1.029581265598874,-0.682987557389658,-1.7348819269861162,-1.5594095690573924,0.0914186471865912,0.0020648774567639,-0.4674334536724895,-1.8737322455279743,-1.293524681753438,-0.8939745476992705,-1.2611473492706586,0.4113152953694021,-2.2563741381520823,-0.0164955189334969,0.0199236072815155,-1.3500204057652476,-1.2520322808454674,-1.029581265598874,-0.4674334536724895,-1.8737322455279743,-0.1381641009776987,0.0,0.0,0.0,0.0,其他,0,0,0.5,1.0,0,0.6862348178137652,-0.05360561582641987,-0.09700063816209314,0.20486815415821502,0.19675456389452334,0.30425963488843816,0.07505070993914807,0.691683569979716,0.09533468559837728,0.5,0.5,0.5,0.5,0.6862348178137652,0.5161943319838057,0.5323886639676113
2026-06-04,31.16,31.6,30.72,30.96,813400.0,31.892,32.95700000000001,34.9885,35.925333333333334,-0.0292236297504074,-0.0605941074733745,-0.1151378310016147,-0.1382125890736342,34.9885,39.813427706030566,30.16357229396944,0.0825326051027538,0.2758007748841348,-0.0121250797702615,-0.0508890251379521,-0.1179487179487179,-0.1675181500403333,0.0227354160375667,0.0215363444757722,0.0189835856043776,17.826086953808996,-1.3176115816767648,-0.8534800971105305,-0.4641314845662343,47724950.0,12.8600183933341,1.33642857142857,0.9191866136414796,0.0,0.0,-0.0200258397932816,-0.0121250797702615,0.0189835856043776,17.826086953808996,-0.1158138230453659,0.0,0.0,0.0,0.5,-1.9212466950164555,-1.9030385195847697,-1.975664393860583,-1.9630675817612628,-0.6968257580110883,-1.8134332645612423,-1.631608547950811,-1.2353341925645178,-1.3567746945326955,-0.925807191183652,-1.3364256944301998,-1.9428923244648155,-1.5811523140217174,-1.2353341925645178,-0.5667579408123673,-1.84100164590412,-1.3767333093329712,1.0716990344420183,-0.4240689630903738,-0.8050738368191122,-1.4469422676995256,-1.7234412887550736,0.0839069157513621,-0.1062528935563979,-0.4997179945976457,-1.888643839632396,-1.4159286475500017,-1.0306882735895844,-1.2638306004916215,0.3789544449883948,-2.2221816188702284,-0.0382958507612059,-0.1126501183623562,-1.3452906798689788,-1.2476007156557078,-0.4240689630903738,-0.4997179945976457,-1.888643839632396,-0.3440451716712383,0.0,0.0,0.0,0.0,其他,0,0,0.5,1.0,0,0.7267206477732794,-0.053617571059431546,-0.06686046511627908,0.29411764705882354,0.2150101419878296,0.2920892494929006,0.08113590263691683,0.6389452332657201,0.11561866125760649,0.5,0.5,0.5,0.5,0.7267206477732794,0.4757085020242915,0.5303643724696356
2026-06-05,30.97,32.04,30.5,31.37,1060492.0,31.77,32.523,34.666,35.7635,-0.0125904941768963,-0.0354518340866464,-0.0950787515144521,-0.1228487144714582,34.666,39.5558537272279,29.77614627277209,0.162975603783058,0.2821123710387005,0.0132428940568476,-0.0190744215134458,-0.1215345841500979,-0.1705446853516657,0.024039172769182,0.0209351515164943,0.0187345438462409,20.837696332023768,-1.3626712297853842,-0.9553183236455012,-0.4073529061398829,48785442.0,20.490270668232355,1.3607142857142844,1.1884361877234568,0.0559345156881864,0.0374771480800962,-0.0270959515460631,0.0132428940568476,0.0187345438462409,20.837696332023768,0.3037767396115072,0.0,0.0,0.0,0.5,-1.955548980087079,-1.7924105246917377,-2.0191288788513053,-1.8553460168943827,-0.5631709959980076,-1.833971113801574,-1.7349808170137817,-1.3206984390280343,-1.4074174440217218,-0.3870692165271021,-0.7800781120384592,-1.59852094816957,-1.3982452351359624,-1.3206984390280343,-0.6163636170310131,-1.948499474506792,-1.1280090688792377,1.1286445240199017,0.4953073171465299,-0.3022714426063438,-1.4843202278380383,-1.7447125232166585,0.165423739624182,-0.1488776271891007,-0.521114034640323,-1.7045540397235583,-1.458936184626732,-1.1497148973814215,-1.1042074347388968,0.4199314051859386,-1.7880613113939896,-0.0011084373432228,0.2435361178850384,-1.1857641374687655,-1.129708668322024,0.4953073171465299,-0.521114034640323,-1.7045540397235583,0.2990464755041189,0.0,0.0,0.0,0.0,其他,0,0,0.5,1.0,0,0.5404858299595142,-0.04526617787695253,-0.09308256295824036,0.5192697768762677,0.2028397565922921,0.2738336713995943,0.09939148073022312,0.8073022312373225,0.1744421906693712,0.5,0.5,0.5,0.5,0.5404858299595142,0.5465587044534413,0.4331983805668016
2026-06-08,31.17,31.91,30.43,31.03,1012200.0,31.394,32.104,34.303000000000004,35.58233333333333,-0.0115945722112504,-0.0334537752305008,-0.0954143952423987,-0.127938021677424,34.303000000000004,39.13768651354056,29.468313486459447,0.1615085599811458,0.2818812648180311,-0.0108383806184252,-0.0571254937708901,-0.1189664963089153,-0.1896056411595716,0.0156213453865156,0.0209390116694774,0.0180342596572435,19.79695431190701,-1.4095678631492774,-1.0461682315462566,-0.3633996316030208,47773242.0,14.943609651494723,1.4064285714285705,1.136559626599403,0.0109717868336838,0.0068762278977713,-0.0106348694811473,-0.0108383806184252,0.0180342596572435,19.79695431190701,-0.0455373543600517,0.0,0.0,0.0,0.5,-1.8973042310254216,-1.8130795956391808,-2.024468661154003,-1.9254467558581765,-0.588204774873088,-1.9159911999549488,-1.8329754969065712,-1.41647474811171,-1.4641682781126797,-0.3543348512359613,-0.7345964252084761,-1.597080794024031,-1.450625051446408,-1.41647474811171,-0.6973914293605218,-2.0298839583735453,-1.129290756307313,1.1232845377712817,-0.3784058089911855,-0.9018579741900415,-1.4479725922838047,-1.9226324783699609,-0.3623398953380593,-0.1484188731198615,-0.5826847435150245,-1.7563656974820725,-1.5034604376217529,-1.2548521316027752,-0.9806478372611837,0.3797090235378957,-2.082362863702862,0.068890427752529,0.1745447226384505,-1.3066721396444707,-1.2188420172058525,-0.3784058089911855,-0.5826847435150245,-1.7563656974820725,-0.2369422295677243,0.0,0.0,0.0,0.0,其他,0,0,0.5,1.0,0,0.354251012145749,0.0064453754431195165,-0.11376087657106027,0.592292089249493,0.24949290060851928,0.22718052738336714,0.15212981744421908,0.7363083164300203,0.3448275862068966,0.5,0.5,0.5,0.5,0.354251012145749,0.6518218623481782,0.340080971659919
2026-06-09,30.97,31.4,30.47,30.93,869300.0,31.126,31.816000000000003,33.9825,35.412166666666664,-0.0062969864422025,-0.0278476238370631,-0.0898256455528581,-0.1265713761277903,33.9825,38.81934923543377,29.14565076456624,0.1844536751676631,0.2846670630718478,-0.0032226877215598,-0.0415246358847227,-0.0851818988464951,-0.1716657739689342,0.0152641687417613,0.0186493347323563,0.0177641390386587,20.59134107404138,-1.4382239962617405,-1.1245793844893537,-0.313644611772387,46903942.0,14.7597262638576,1.402857142857142,0.9800789621422658,0.0,0.0,-0.0193986420950533,-0.0032226877215598,0.0177641390386587,20.59134107404138,-0.1411776328788777,0.0,0.0,0.0,0.5,-1.934067107889753,-1.9195067457209616,-2.0024558311458818,-1.9381905337110497,-0.663983963014889,-1.9703569291261287,-1.896213010802836,-1.4995521751917933,-1.5164540466825505,-0.182339657140067,-0.6097463970889969,-1.4974425954962165,-1.4289128578268706,-1.4995521751917933,-0.7586148283327756,-2.1139945153748245,-1.0565339740264312,1.1465215479026216,-0.1015293364635924,-0.6540534177429854,-1.0396014009533736,-1.7364218330092702,-0.3842512329849364,-0.3114363597944874,-0.6058019172027937,-1.7020632995916016,-1.5281334240251516,-1.3443669220484828,-0.8416555892448055,0.345116160888063,-2.078919266302404,0.0633311933520752,-0.0330991146829366,-1.3326296844156806,-1.2354963708426765,-0.1015293364635924,-0.6058019172027937,-1.7020632995916016,-0.3834190389523215,0.0,0.0,0.0,0.0,其他,0,0,0.5,1.0,0,0.3279352226720647,-0.03976721629485935,-0.12544455221467832,0.6044624746450304,0.2535496957403651,0.2129817444219067,0.13995943204868155,0.744421906693712,0.3103448275862069,0.5,0.5,0.5,0.5,0.32793522267206476,0.5384615384615384,0.31376518218623484
2026-06-10,30.88,30.97,29.9,30.35,711600.0,30.928000000000004,31.576000000000004,33.6345,35.243,-0.0186885669943094,-0.0388269571826704,-0.0976527077851611,-0.1388360809238714,33.6345,38.46483168742342,28.804168312576586,0.1600129957361155,0.28722482495111,-0.0187520206918848,-0.0315890236119974,-0.0732824427480915,-0.1865451621549182,0.0122573264296269,0.0173282848374251,0.0177698476623124,22.543352597507408,-1.4905531718198048,-1.1977741419554435,-0.2927790298643611,46192342.0,14.980127969228036,1.350714285714285,0.8046416379319556,0.0,0.0,-0.0227347611202636,-0.0187520206918848,0.0177698476623124,22.543352597507408,-0.1814103301506959,0.0,0.0,0.0,0.5,-1.944409255163552,-2.005971657834863,-2.131237161962312,-2.0624461318084384,-0.7475409295632424,-2.006793878766161,-1.9462379140315345,-1.5892302474371238,-1.56772769701514,-0.5836629751565493,-0.8506986981272664,-1.6210302543270227,-1.5623354671259368,-1.5892302474371238,-0.8267614188634006,-2.2017877994915858,-1.1278993796076606,1.1674552038141857,-0.6653963371019946,-0.4961025643859463,-0.8947580808098184,-1.8727519179356729,-0.5724271264649158,-0.4052634160765733,-0.6042714546632839,-1.5821108697299748,-1.5776283768537465,-1.4268921213321926,-0.7825721818401559,0.3167325165313949,-2.053632389920819,-0.0167819572204089,-0.2658814115796898,-1.328082943691821,-1.2312401182213977,-0.6653963371019946,-0.6042714546632839,-1.5821108697299748,-0.4446898728866403,0.0,0.0,0.0,0.0,其他,0,0,0.5,1.0,0,0.3562753036437247,-0.04415156507413509,-0.12191103789126867,0.6855983772819473,0.25760649087221094,0.2129817444219067,0.1257606490872211,0.4787018255578093,0.2738336713995943,0.5,0.5,0.5,0.5,0.3562753036437247,0.548582995951417,0.3076923076923077
2026-06-11,30.22,30.5,29.57,30.34,726867.0,30.804,31.348000000000003,33.2995,35.08433333333333,-0.0150629788339177,-0.0321551614138063,-0.0888752083364615,-0.1352265493620134,33.2995,38.06426751517687,28.53473248482313,0.1894392023753238,0.286176520077632,-0.000329489291598,-0.0200258397932816,-0.0698957694665848,-0.1808855291576674,0.0119976852978123,0.0174472730969834,0.0178954925995485,16.645962730024266,-1.5153631735041024,-1.2612919482651757,-0.2540712252389268,45465475.0,15.159475380174383,1.3521428571428569,0.8189348957759732,0.0,0.0,-0.034278180619644,-0.000329489291598,0.0178954925995485,16.645962730024266,0.021454468802698,0.0,0.0,0.0,0.5,-2.0874559667574726,-2.099709178070248,-2.1983538152245337,-2.05211500164236,-0.737973871715113,-2.0247216358824955,-1.9923165861715144,-1.6741889665056613,-1.614707161338941,-0.4652062781972034,-0.7018981763026995,-1.4688110144705953,-1.5141265814552105,-1.6741889665056613,-0.903708743590418,-2.2660318051894555,-1.0355432918309189,1.15415888006732,0.0053026492441783,-0.3125623928735127,-0.8523055718584118,-1.8074819382430547,-0.5878269299350766,-0.3962013691453388,-0.592037627570032,-1.9125151392479467,-1.5974317719190745,-1.4971296816924846,-0.6745239914864761,0.2877626776098231,-2.031053654270634,-0.0145662160668704,-0.2465445311016488,-1.3235824608894726,-1.2270275905397188,0.0053026492441783,-0.592037627570032,-1.9125151392479467,-0.1321215785319358,0.0,0.0,0.0,0.0,其他,0,0,0.5,1.0,0,0.290650406504065,-0.07020435069215558,-0.11008569545154911,0.725050916496945,0.24439918533604887,0.23217922606924643,0.09979633401221996,0.5560081466395111,0.3543788187372709,0.5,0.5,0.5,0.5,0.29065040650406504,0.49390243902439024,0.24390243902439024
2026-06-12,30.35,30.66,29.79,30.52,1003300.0,30.634,31.202,32.9815,34.927,-0.0037213553567929,-0.021857573232485,-0.0746327486621286,-0.1261774558364589,32.9815,37.58635910407925,28.376640895920744,0.2327279788166884,0.2792389129703192,0.0059327620303228,-0.0270959515460631,-0.0456535334584115,-0.1724511930585683,0.0095750443676493,0.017277508858054,0.0182041283216794,19.638242890504685,-1.5031731386584148,-1.3096681863438235,-0.1935049523145913,46468775.0,22.52697526304433,1.3021428571428568,1.1284587730977362,0.0271084337345314,0.0226415094336774,-0.0186762778505897,0.0059327620303228,0.0182041283216794,19.638242890504685,0.3803075390683577,0.0,0.0,0.0,0.5,-2.0442592475580166,-2.050723791838382,-2.1297431593642937,-1.99807907290978,-0.5880135254504398,-2.053299140741916,-2.017011995950212,-1.7532942331032286,-1.6605542696860107,-0.0962887169687395,-0.4733421061140767,-1.2276756864717182,-1.404897224564473,-1.7532942331032286,-0.9955106572035808,-2.295756098894337,-0.9015752684858596,1.0852687226157265,0.2332718200770143,-0.4240631657756211,-0.560140502042616,-1.716341623571272,-0.739056295532596,-0.4077860246971509,-0.5634729981369749,-1.731475625528607,-1.577935018300656,-1.5486994574015227,-0.5064130072595441,0.3268642214695637,-1.6212642004750475,-0.0914823611926289,0.1655129909202865,-1.2444062969587852,-1.1544978380790645,0.2332718200770143,-0.5634729981369749,-1.731475625528607,0.4205696140775299,0.0,0.0,0.0,0.0,其他,0,0,0.5,1.0,0,0.5303643724696356,-0.08551769331585846,-0.13892529488859762,0.539553752535497,0.18661257606490872,0.1947261663286004,0.08519269776876268,0.6328600405679513,0.2961460446247465,0.5,0.5,0.5,0.5,0.5303643724696356,0.5161943319838057,0.32186234817813764
2026-06-15,30.58,31.3,30.42,30.7,889700.0,30.568,30.981000000000005,32.6695,34.82866666666667,0.0043182412980893,-0.0090700752073853,-0.0602855874745558,-0.1185421970407519,32.6695,36.98132205960366,28.35767794039634,0.2716162711723547,0.2639662106607364,0.0058977719528177,-0.0106348694811473,-0.067152841081738,-0.1689225771521385,0.0101263815395338,0.0133833674100645,0.0183629293199651,26.11367126934572,-1.4621333889797938,-1.3401612268710177,-0.1219721621087761,47358475.0,29.852565024596583,1.2471428571428569,0.9923111777212368,0.0542168674690629,0.0452830188673548,0.0172638436482084,0.0058977719528177,0.0183629293199651,26.11367126934572,-0.1132263530349845,0.0,0.0,0.0,0.5,-1.978728297084733,-1.895600779828428,-1.9626683601561563,-1.9450178657842416,-0.648228324246628,-2.056481923553302,-2.0598635635972897,-1.829535544716798,-1.6856184277638528,0.1652472539172646,-0.1898851723977526,-0.9863500013835276,-1.3127987050026872,-1.829535544716798,-1.1117679018727145,-2.2838508074616723,-0.7814611499208549,0.9378848232515165,0.2317092030554552,-0.1626274015811698,-0.817044070634314,-1.6739422239869906,-0.7030683759057503,-0.6856786488750876,-0.5483585730400863,-1.3542041035755834,-1.5282425503063868,-1.5785714662503658,-0.3081765600750514,0.3614733845617659,-1.2180568166050316,-0.1760958551328668,-0.0160242957031702,-1.1658102065885152,-1.0824777371078795,0.2317092030554552,-0.5483585730400863,-1.3542041035755834,-0.3406435765742297,0.0,0.0,0.0,0.0,其他,0,0,0.5,1.0,0,0.7910750507099391,-0.10130293159609116,-0.1214983713355049,0.3556910569105691,0.17886178861788618,0.2032520325203252,0.11585365853658537,0.5487804878048781,0.31097560975609756,0.5,0.5,0.5,0.5,0.7910750507099391,0.4746450304259635,0.35294117647058826
2026-06-16,30.51,30.75,30.0,30.33,713100.0,30.448,30.787,32.337,34.71666666666667,-0.0038754598003153,-0.0148439276317926,-0.0620651266351239,-0.1263562169947192,32.337,36.25706498334974,28.41693501665026,0.2440093456933717,0.2424507519768449,-0.0120521172638436,-0.0193986420950533,-0.0601177564301209,-0.1798269334775554,0.0110957184441377,0.0128013982052044,0.0182158442304396,29.209621986100743,-1.442832919699054,-1.360695565436625,-0.0821373542624288,46645375.0,31.37736605224994,1.157142857142857,0.7903672946877974,0.0,0.0,-0.0207715133531156,-0.0120521172638436,0.0182158442304396,29.209621986100743,-0.198493874339665,0.0,0.0,0.0,0.5,-1.9835989090107369,-2.007809454886317,-2.0535906474597287,-2.019171403910707,-0.7422317085765052,-2.072412475338609,-2.095131679247104,-1.9100439927300377,-1.7149344626408654,-0.1016922438969255,-0.31749822808286,-1.013472587743825,-1.3963708100343684,-1.9100439927300377,-1.2506139476076703,-2.249358298157383,-0.8638309209933182,0.7319001746392472,-0.4234347665853361,-0.3014819817932977,-0.7310694664727478,-1.7713877927812527,-0.6408790245376301,-0.7260900911557945,-0.5606569125495271,-1.1728676419576038,-1.5019872411453663,-1.596362012350823,-0.197646988545873,0.3328914937529739,-1.1318250603363007,-0.3146591915741822,-0.285276843975377,-1.3118018968378782,-1.2159888122541749,-0.4234347665853361,-0.5606569125495271,-1.1728676419576038,-0.4716974306005332,0.0,0.0,0.0,0.0,其他,0,0,0.5,1.0,0,0.6761133603238867,-0.0748433893834487,-0.10023079459281237,0.32454361054766734,0.15010141987829614,0.19066937119675456,0.14198782961460446,0.3752535496957404,0.2718052738336714,0.5,0.5,0.5,0.5,0.6761133603238867,0.4433198380566802,0.4068825910931174
2026-06-17,30.52,30.52,29.59,29.66,749347.0,30.31,30.619,31.995,34.60583333333333,-0.021445067634444,-0.0313204219602207,-0.0729801531489294,-0.1429190647048906,31.995,35.56355565652056,28.42644434347944,0.1728368246477104,0.2230695831542057,-0.0220903395977579,-0.0227347611202636,-0.0536056158264198,-0.1873972602739726,0.0122556096093175,0.0115948518995226,0.0184148918653489,26.729559742543785,-1.4647162224597388,-1.3814996968412478,-0.0832165256184909,45896028.0,31.49712400495176,1.1414285714285712,0.8232069827039055,0.0,0.0,-0.0219150370869858,-0.0220903395977579,0.0184148918653489,26.729559742543785,0.0508301780956388,0.0,0.0,0.0,0.5,-1.9699728659533229,-2.0470368031535537,-2.1402395143374173,-2.160344865492363,-0.7213736445453969,-2.092258734783953,-2.123224162035038,-1.9916322867355696,-1.743384928956312,-0.6738624099674123,-0.6820509699298204,-1.191724925777106,-1.5776675742328756,-1.9916322867355696,-1.3823095780563026,-2.230127049016758,-1.0781606914631334,0.5466169276526428,-0.788998585719739,-0.3540757994021506,-0.6515769861915789,-1.8352520468348164,-0.5668090192534455,-0.8110647363728378,-0.5419224331447741,-1.3110716819847332,-1.5193320302849012,-1.6142602776348842,-0.2003959474063257,0.3028944225818404,-1.1222458414167615,-0.3384993243515354,-0.2410708270498547,-1.3074680046577067,-1.2119341170675233,-0.788998585719739,-0.5419224331447741,-1.3110716819847332,-0.0860699917664396,0.0,0.0,0.0,0.0,其他,0,0,0.5,1.0,0,0.6700404858299596,-0.045853000674308864,-0.0677680377612947,0.35496957403651114,0.13995943204868155,0.19066937119675456,0.1440162271805274,0.4482758620689655,0.2961460446247465,0.5,0.5,0.5,0.5,0.6700404858299596,0.5161943319838057,0.48073022312373226
2026-06-18,29.4,29.76,29.03,29.3,812100.0,30.102,30.453,31.705,34.50016666666667,-0.0266427479901666,-0.037861622828621,-0.075855543289702,-0.1507287404408676,31.705,35.15171620989887,28.25828379010113,0.1511172006114078,0.2174241419263838,-0.0121375590020229,-0.034278180619644,-0.0536175710594315,-0.1652421652421652,0.0123812861969428,0.0115956527421281,0.0171948021125818,27.960526309351167,-1.493887286190077,-1.403977214711014,-0.089910071479063,45083928.0,32.616971599072386,1.0864285714285713,0.8910053389553382,0.0,0.0,-0.0372013651877133,-0.0121375590020229,0.0171948021125818,27.960526309351167,0.083743579409806,0.0,0.0,0.0,0.5,-2.215135041227557,-2.202153244983412,-2.260966398989343,-2.2279758826627774,-0.6862829396373156,-2.128161538531896,-2.15019512530498,-2.0576227582605173,-1.7696204078674675,-0.8418903615574367,-0.8256940954621069,-1.2357771804323383,-1.6580687482542067,-2.0576227582605173,-1.4577851529058958,-2.262713684652068,-1.1412199685811282,0.4921101528697602,-0.4243208802823974,-0.5370564734180034,-0.6506194579866611,-1.612975408867944,-0.5580127993295456,-0.8094122402770504,-0.6504786696893379,-1.2366427689137454,-1.5441449516627466,-1.633906648852428,-0.2187041664071349,0.2704313438737964,-1.0585489616136,-0.4230170791405557,-0.1501563788987434,-1.3031768171342073,-1.2079197488322078,-0.4243208802823974,-0.6504786696893379,-1.2366427689137454,-0.0350765105742244,0.0,0.0,0.0,0.0,其他,0,0,0.5,1.0,0,0.7099391480730223,-0.013993174061433411,-0.07986348122866893,0.2926829268292683,0.16463414634146342,0.1565040650406504,0.23983739837398374,0.524390243902439,0.3150406504065041,0.5,0.5,0.5,0.5,0.7099391480730223,0.5963488843813387,0.47560975609756095
2026-06-22,29.52,30.02,28.06,29.95,1217627.0,29.988,30.311,31.417,34.43600000000001,-0.001267173536081,-0.0119098677047935,-0.0466944647802145,-0.1302706469973286,31.417,34.383849117196775,28.45015088280323,0.2527680137958323,0.1888690274174701,0.0221843003412969,-0.0186762778505897,-0.0452661778769525,-0.1612993559227107,0.0176156949779295,0.0134002409671131,0.017609162622736,24.482758614780025,-1.4478658998113971,-1.412754951731091,-0.0351109480803064,46301555.0,23.934172170807614,1.1085714285714283,1.3032593498168723,0.1097972972954424,0.0723025583974158,-0.0681135225375625,0.0221843003412969,0.017609162622736,24.482758614780025,0.4993559906415465,0.0,0.0,0.0,0.5,-2.172795582257073,-2.1303671567155007,-2.476318234018397,-2.065666852198326,-0.466306164426254,-2.141232446654705,-2.1706820199801755,-2.121674206597889,-1.7814494532265517,-0.0130187541758717,-0.2487265012937092,-0.7492767940785927,-1.4201383148130862,-2.121674206597889,-1.601709750023203,-2.190824470704987,-0.8295182929478356,0.2196359240320484,0.83081861819606,-0.2880704897888934,-0.5491091243243137,-1.5681295903590442,-0.2269150310261274,-0.6786364143799655,-0.6121792831434189,-1.4309330968740055,-1.4898595314800234,-1.6372679642754118,-0.0663956973703553,0.3182466856149009,-1.525357614950036,-0.3881832106395987,0.4016169409606482,-0.9970380189116196,-0.9860106826330662,0.83081861819606,-0.6121792831434189,-1.4309330968740055,0.6081085485453247,0.0,0.0,0.0,0.0,其他,0,0,0.5,1.0,0,0.4979757085020243,-0.05008347245409017,-0.1232053422370617,0.5294117647058824,0.20486815415821502,0.17647058823529413,0.29411764705882354,0.7302231237322515,0.5212981744421906,0.5,0.5,0.5,0.5,0.4979757085020243,0.41295546558704455,0.36511156186612576
2026-06-23,29.85,32.33,29.73,31.23,1867300.0,30.094,30.331,31.2175,34.36483333333334,0.0377483883830662,0.029639642609871,0.0004004164330904,-0.0912221311515164,31.2175,33.58333466966974,28.851665330330267,0.5026417737701592,0.1515710527532414,0.0427378964941569,0.0172638436482084,0.0064453754431195,-0.1132879045996592,0.0275214542162753,0.019789642134415,0.0209542191804864,41.92546582939506,-1.29320109965931,-1.3888441813167347,0.0956430816574247,48168855.0,36.45006730070449,1.2064285714285714,1.9100786954877524,0.4279379157333049,0.2146829810877121,-0.1165545949407621,0.0427378964941569,0.0209542191804864,41.92546582939506,0.5335566639044633,0.0,0.0,0.0,0.5,-2.083725362501044,-1.6106649741738548,-2.0597009758941534,-1.7637872830208652,-0.114493254107357,-2.102615438948507,-2.1512862998360185,-2.1607432583277264,-1.7954215511221787,1.2590498603705411,0.6743845945033154,0.0344994832171301,-0.975095384483094,-2.1607432583277264,-1.750053823228654,-2.060322002264793,-0.0671156475021953,-0.1361431045430071,1.5772928587654045,0.2849030400723986,0.0746197916894473,-1.1006665075871676,0.3992932957547991,-0.2192057794010267,-0.310610796673131,-0.4308620757978239,-1.3222161717342988,-1.6023759158485509,0.2968847114352978,0.3917515835744232,-0.8430512043764419,-0.2361453576683846,1.211831794201712,-0.1168455701316706,-0.5531923729562944,1.5772928587654045,-0.310610796673131,-0.4308620757978239,0.6600561002184038,0.0,0.0,0.0,0.0,其他,0,0,0.5,1.0,0,0.1133603238866396,-0.11943643932116554,-0.17611271213576685,0.7890466531440162,0.4158215010141988,0.3022312373225152,0.6369168356997972,0.9513184584178499,0.7525354969574036,0.5,0.5,0.5,0.5,0.11336032388663968,0.19433198380566802,0.2332657200811359
2026-06-24,31.23,31.68,29.55,29.7,1417100.0,29.968,30.208,31.012,34.258,-0.0089428723972236,-0.0168167372881355,-0.0423062040500451,-0.1330492147819488,31.012,33.130774223584744,28.893225776415257,0.190387020614383,0.1366422174369864,-0.0489913544668588,-0.0207715133531156,-0.0397672162948593,-0.1215616681455191,0.036356467029959,0.0253415159193575,0.0218032757271521,38.35227271964585,-1.2793389217662572,-1.3669431294066394,0.0876042076403822,46751755.0,35.25362212467843,1.262857142857143,1.4304262803556778,0.1108033240966533,0.0444938820907173,-0.0552188552188552,-0.0489913544668588,0.0218032757271521,38.35227271964585,-0.2410967707384994,0.0,0.0,0.0,0.5,-1.758462887147665,-1.7465215636295,-2.0900169530956423,-2.100433660697006,-0.358007615847655,-2.118757090625559,-2.1669194466234907,-2.200479932540148,-1.8210703080265336,-0.266456183185919,-0.3592276531772361,-0.6759554665603216,-1.443127325390592,-2.200479932540148,-1.828928666544704,-2.035477293749477,-1.018391784112038,-0.2784219022781789,-1.76844751250219,-0.3220939650527021,-0.482816976604547,-1.177284460788109,0.9567036261158104,0.1799981679441762,-0.2337883902251706,-0.6347451889864597,-1.3035068248867143,-1.5702405785823992,0.2741637884378998,0.3350878240872248,-0.906167598419496,-0.1483662387978397,0.5680006490003604,-0.9927780516420732,-1.0668154136189152,-1.76844751250219,-0.2337883902251706,-0.6347451889864597,-0.5414277473335423,0.0,0.0,0.0,0.0,其他,0,0,0.5,1.0,0,0.2332657200811359,-0.08922558922558921,-0.15117845117845108,0.6747967479674797,0.4349593495934959,0.3008130081300813,0.5894308943089431,0.8800813008130082,0.6056910569105691,0.5,0.5,0.5,0.5,0.2332657200811359,0.26774847870182555,0.2697768762677485
2026-06-25,29.68,29.7,28.71,29.01,1049100.0,29.838,30.073999999999995,30.825,34.154666666666664,-0.0277498491856021,-0.0353793974862004,-0.0588807785888076,-0.1506285134291066,30.825,32.958033421901355,28.691966578098643,0.0745495636937588,0.1383963290766868,-0.0232323232323231,-0.0219150370869858,-0.044151565074135,-0.1141984732824427,0.0365044850600369,0.0256734517101385,0.0213825003864344,36.73469387055394,-1.308941615191742,-1.35534282656366,0.0464012113719181,45702655.0,34.818968433187635,1.2707142857142857,1.0703587155572982,0.0,0.0,-0.0244743192002757,-0.0232323232323231,0.0213825003864344,36.73469387055394,-0.259685272740103,0.0,0.0,0.0,0.5,-2.100332284926214,-2.1699435045855395,-2.275318506890768,-2.24188287463242,-0.556801970549108,-2.135463837671685,-2.184828685699079,-2.2343757494354053,-1.845091208045445,-0.8799054303381935,-0.7713983220734837,-0.9501475328885396,-1.6340109260451938,-2.2343757494354053,-1.852664103475635,-2.080348558554169,-1.3674563700992206,-0.2613077710746871,-0.8272498624892166,-0.3399338001554369,-0.5350072900187707,-1.1031398492120676,0.9639097124484644,0.203656806650739,-0.2714049404448858,-0.7262711916162928,-1.330473923203238,-1.5504787358244791,0.1591386098414365,0.293048241070098,-0.927764313312745,-0.1359906408358988,0.0848690682950405,-1.2954634802867575,-1.1979689535422058,-0.8272498624892166,-0.2714049404448858,-0.7262711916162928,-0.5694317595263972,0.0,0.0,0.0,0.0,其他,0,0,0.5,1.0,0,0.3346855983772819,-0.0813512581868322,-0.10720441227163058,0.6707317073170732,0.45934959349593496,0.2845528455284553,0.5650406504065041,0.6666666666666666,0.5772357723577236,0.5,0.5,0.5,0.5,0.33468559837728196,0.27586206896551724,0.27439024390243905
2026-06-26,29.02,29.26,28.2,28.21,883400.0,29.62,29.861,30.604499999999994,34.0275,-0.0476029709655636,-0.0552895080539834,-0.0782401280857388,-0.1709646609360077,30.604499999999994,32.86423892297337,28.34476107702661,-0.0298178421528262,0.1476736377307907,-0.0275766976904515,-0.0372013651877133,-0.0702043506921555,-0.1351931330472102,0.0379991494026702,0.0266436250264528,0.0219193782674378,29.58656330214197,-1.38103555887049,-1.3604813730250265,-0.0205541858454638,44819255.0,27.579680467362493,1.2364285714285714,0.8946053796832222,0.0,0.0,0.0241049273307336,-0.0275766976904515,0.0219193782674378,29.58656330214197,-0.157944905156801,0.0,0.0,0.0,0.5,-2.235369867567101,-2.250967950680659,-2.378754528087016,-2.404303985148787,-0.6457120688285197,-2.1720840553983978,-2.221253583923205,-2.276184082394012,-1.8765774676354248,-1.523667641994184,-1.211732578717185,-1.2689986207888957,-1.8526143014875207,-2.276184082394012,-1.8608557771126888,-2.165641523334324,-1.6781545165040384,-0.172254797155374,-0.9835415896385686,-0.5836505800489772,-0.8484971286691546,-1.3018174118472232,1.0559878770874176,0.2732692237688769,-0.2226261012421883,-1.1337016247616456,-1.4016610816184991,-1.550423513674963,-0.0276523214841194,0.2576045885151971,-1.3174190923094502,-0.1891082816408339,-0.1510006075338162,-1.2913108787538738,-1.1941066123927018,-0.9835415896385686,-0.2226261012421883,-1.1337016247616456,-0.4107219758596118,0.0,0.0,0.0,0.0,其他,0,0,0.5,1.0,0,0.4288617886178861,-0.04289259127968803,-0.09961006735200295,0.7107942973523421,0.48879837067209775,0.2973523421588595,0.4786150712830957,0.439918533604888,0.5784114052953157,0.5,0.5,0.5,0.5,0.42886178861788615,0.25203252032520324,0.27494908350305497
2026-06-29,28.21,28.48,27.3,27.91,1152600.0,29.212,29.6,30.401000000000003,33.893166666666666,-0.0445707243598521,-0.0570945945945946,-0.0819380941416402,-0.1765301756991329,30.401000000000003,32.86315908674114,27.938840913258865,-0.0058568338279985,0.1619788221922331,-0.010634526763559,-0.0681135225375625,-0.0855176933158584,-0.1272670419011882,0.0343635415519462,0.0262671711139492,0.0217386117873031,29.74025973485241,-1.4457127448424991,-1.377527647388521,-0.0681850974539781,43666655.0,27.537043986337224,1.215,1.1675101554441618,0.0,0.0,0.0193479039770692,-0.010634526763559,0.0217386117873031,29.74025973485241,0.3047317183608784,0.0,0.0,0.0,0.5,-2.4005128243691947,-2.403016407388032,-2.5699118338600955,-2.451994739244169,-0.4987484025515731,-2.251448556039079,-2.268245351108648,-2.312473697005492,-1.909830660917469,-1.4196229319565463,-1.2482020087049104,-1.3262203342910204,-1.9034809191306648,-2.312473697005492,-1.8511710653273512,-2.2654834878502577,-1.5983597000917666,-0.0350649711237343,-0.3648371789875523,-1.0760164398078114,-1.0313294937463628,-1.2216061261517903,0.8241170676614069,0.2457892338274888,-0.2386717043439987,-1.121877211988801,-1.464446880341818,-1.5642104933822445,-0.1605193173859325,0.211469112713081,-1.315478181771453,-0.2222147097788767,0.2156998567328139,-1.287197985846244,-1.190281420971555,-0.3648371789875523,-0.2386717043439987,-1.121877211988801,0.3088217954134462,0.0,0.0,0.0,0.0,其他,0,0,0.5,1.0,0,0.4068825910931174,-0.05840200644930127,-0.07380867072733788,0.49898580121703856,0.5212981744421906,0.2920892494929006,0.36511156186612576,0.7079107505070994,0.5152129817444219,0.5,0.5,0.5,0.5,0.4068825910931174,0.3076923076923077,0.2799188640973631
2026-06-30,28.02,28.35,27.5,27.59,832700.0,28.484,29.289,30.135,33.771166666666666,-0.0313860412863362,-0.0580081259175798,-0.0844532935125269,-0.1830308892694457,30.135,32.60533345288081,27.66466654711919,-0.0151126454265931,0.1639511168324281,-0.0114654245790039,-0.1165545949407621,-0.1013029315960911,-0.1616529930112427,0.0155963064502267,0.0257723377015945,0.0200663306386423,28.91414140903032,-1.5054374604064087,-1.4031096099920983,-0.1023278504143101,42833955.0,27.78328012195272,1.2092857142857143,0.8495172559786677,0.0,0.0,-0.0032620514679231,-0.0114654245790039,0.0200663306386423,28.91414140903032,-0.2775464167968072,0.0,0.0,0.0,0.5,-2.4241399248738253,-2.4123145676682123,-2.501672092927263,-2.5026744727588857,-0.6715788122458445,-2.401768567331547,-2.325912557065976,-2.363952249368444,-1.9383641088241663,-0.9871001942757324,-1.2646913323051634,-1.3634165176249151,-1.963659814632028,-2.363952249368444,-1.8906032642813684,-2.3258685533776253,-1.619431492039247,-0.0161141155982719,-0.3946653491045037,-1.842233427669464,-1.2188035882780133,-1.547148245429597,-0.3644904638670322,0.2097737581271915,-0.3895429461160339,-1.1660372766652187,-1.5214426520117603,-1.5877459251836623,-0.2556917473284792,0.1780749143242165,-1.2979805084946052,-0.2308404453367452,-0.212125027512587,-1.2831241726090243,-1.186492787386681,-0.3946653491045037,-0.3895429461160339,-1.1660372766652187,-0.5972269661057289,0.0,0.0,0.0,0.0,其他,0,0,0.5,1.0,0,0.4392712550607287,-0.022471910112359605,-0.048930772018847435,0.11156186612576065,0.43610547667342797,0.26369168356997974,0.3813387423935091,0.486815415821501,0.44421906693711966,0.5,0.5,0.5,0.5,0.4392712550607287,0.41295546558704455,0.33874239350912777
2026-07-01,27.52,28.2,27.16,28.06,1147000.0,28.156,29.062,29.9245,33.651,-0.0034095752237534,-0.0344780125249467,-0.0623068054604087,-0.1661466226858042,29.9245,32.34582173561661,27.5031782643834,0.1149830126691744,0.1618287179808194,0.0170351576658209,-0.0552188552188552,-0.0748433893834487,-0.1304617291602108,0.0173967251491662,0.0271599301263454,0.020675978561664,35.339308572410346,-1.4975814687780549,-1.42200398174929,-0.0755774870287648,43980955.0,27.11654533732924,1.207142857142857,1.1557737676133952,0.1243386243353346,0.0439252336444491,-0.0359942979330006,0.0170351576658209,0.020675978561664,35.339308572410346,0.377446859613306,0.0,0.0,0.0,0.5,-2.515150433028108,-2.425547834542873,-2.559121056494321,-2.379667588340224,-0.4998597007634119,-2.4574625344328584,-2.36225176291311,-2.399712853775554,-1.9657134496271973,-0.0740041267544675,-0.7398110973897121,-0.9927322314808272,-1.7653820269268483,-2.399712853775554,-1.929666672160928,-2.353244271168706,-1.2212412891060345,-0.0364675275567093,0.6463379048870191,-0.861121700755995,-0.8968870513064224,-1.2428271793927332,-0.249996055094108,0.3097665039901376,-0.3338464779830562,-0.7959190442888747,-1.5075399121686224,-1.6032701705381054,-0.1805894657272436,0.2235683081959797,-1.3298239945482282,-0.2338966019405255,0.2003882350521587,-0.9377574032769872,-1.0505465740627795,0.6463379048870191,-0.3338464779830562,-0.7959190442888747,0.4231969852966422,0.0,0.0,0.0,0.0,其他,0,0,0.5,1.0,0,0.4430894308943089,-0.02744119743406981,-0.0491803278688524,0.23217922606924643,0.4175152749490835,0.2240325865580448,0.3788187372708758,0.6252545824847251,0.3645621181262729,0.5,0.5,0.5,0.5,0.44308943089430897,0.42886178861788615,0.37551020408163266
2026-07-02,27.83,28.77,27.79,28.3,896000.0,28.014,28.926000000000005,29.7725,33.54233333333333,0.0102091811237239,-0.0216414298554934,-0.0494583928121588,-0.1562900613155514,29.7725,32.20134312942796,27.34365687057203,0.1968721482711646,0.1631601732753251,0.0085531004989309,-0.0244743192002757,-0.0458530006743088,-0.0970006381620931,0.0176941048494406,0.0270489201882651,0.0202622335578011,37.31343282932353,-1.4552147349521007,-1.4286461323898525,-0.0265686025622484,44876955.0,32.78259887865214,1.2107142857142856,0.9039441778151012,0.1878306878257189,0.0663551401862958,-0.0583038869257951,0.0085531004989309,0.0202622335578011,37.31343282932353,-0.2188317349607672,0.0,0.0,0.0,0.5,-2.426697466128146,-2.2863361297836566,-2.3936921019730426,-2.309651354105622,-0.6355276474987613,-2.4697195755801906,-2.376252170990037,-2.419470961672712,-1.9887321448114483,0.3704701592711586,-0.4534112757296972,-0.7775555270878751,-1.6474792351022516,-2.419470961672712,-1.9462465735907093,-2.379294845594109,-0.970790371437567,-0.0236285254804897,0.3355812328911793,-0.3695790556893178,-0.5453488550858031,-0.918618791472392,-0.2308354145426366,0.3013445478437058,-0.3708825881245394,-0.6814514070738986,-1.457920317054026,-1.6044585468311805,-0.043183920779268,0.259039869668165,-1.0201197074452182,-0.228033517437071,-0.1392393963938263,-0.7610194849815124,-0.9800966789654688,0.3355812328911793,-0.3708825881245394,-0.6814514070738986,-0.506422120871505,0.0,0.0,0.0,0.0,其他,0,0,0.5,1.0,0,0.2935222672064777,-0.02296819787985871,,0.33874239350912777,0.5334685598377282,0.19878296146044624,0.3671399594320487,0.3894523326572008,0.44016227180527384,0.5,0.5,0.5,0.5,0.2935222672064777,0.46356275303643724,0.5
2026-07-03,28.3,29.1,28.07,28.89,1028497.0,28.15,28.885,29.669,33.453833333333336,0.0262877442273534,0.0001731002250302,-0.0262563618591795,-0.1364218350662356,29.669,32.06091533030947,27.27708466969053,0.3371597877728958,0.1612400370960536,0.0208480565371025,0.0241049273307336,-0.0139931740614334,-0.066860465116279,0.0151994324743476,0.0279890228658725,0.0209718549130592,40.35502957911278,-1.3583722542058183,-1.4145913567530457,0.0562191025472273,45905452.0,32.63887896294172,1.2221428571428572,1.0264784301670764,0.3439153439062457,0.1214953271016683,-0.0654205607476635,0.0208480565371025,0.0209718549130592,40.35502957911278,0.1478761160714286,0.0,0.0,0.0,0.5,-2.305655509864667,-2.2008171632588334,-2.31192636837554,-2.1654362375027687,-0.5624863488372898,-2.419406430951935,-2.3676741644154253,-2.42628860667561,-2.004695087730773,0.8944697360312346,0.0326306267705832,-0.3909496796193154,-1.420993590055172,-2.42628860667561,-1.961752293073492,-2.378995299601824,-0.5447165242205709,-0.042075721214167,0.7844276820097308,0.4065707113205284,-0.1594153702115111,-0.627315886550989,-0.3888867528307484,0.3690160541349764,-0.3060358235891324,-0.5060379853211181,-1.3521797491167489,-1.581761121861048,0.1888863510326013,0.2997906162324726,-1.025446263743255,-0.2098944585126877,0.0262595024852816,-0.3294068161805662,-0.8113563417770948,0.7844276820097308,-0.3060358235891324,-0.5060379853211181,0.0661449555278954,0.0,0.0,0.0,0.0,其他,0,0,0.5,1.0,0,0.2368421052631578,-0.06680512287988927,,0.4279918864097363,0.5294117647058824,0.22920892494929007,0.4766734279918864,0.640973630831643,0.4827586206896552,0.5,0.5,0.5,0.5,0.23684210526315788,0.4271255060728745,0.5
2026-07-06,29.06,29.19,28.43,28.45,1027400.0,28.258000000000003,28.735000000000003,29.523000000000003,33.34583333333333,0.0067945360605845,-0.0099182182008005,-0.0363445449310708,-0.1468199425215544,29.523000000000003,31.83280609803667,27.213193901963336,0.2677294208940685,0.1564750261171861,-0.0152301834544825,0.0193479039770692,-0.0500834724540901,-0.0930825629582403,0.0164580446522296,0.0270214240943355,0.0207590679173528,37.08381170471672,-1.3021182051401503,-1.392096726430467,0.0899785212903163,44878052.0,32.96124941778311,1.2135714285714287,1.0270796538559623,0.2362637362572453,0.0803738317749497,-0.0762741652021089,-0.0152301834544825,0.0207590679173528,37.08381170471672,-0.0010666049584976,0.0,0.0,0.0,0.5,-2.12439935099228,-2.167473180513237,-2.213913591776811,-2.246492928325156,-0.5622466248707056,-2.3765869523842733,-2.384549940527018,-2.443583736941301,-2.02661852100102,0.2564900718525018,-0.192258884211859,-0.558115639257926,-1.529689744756998,-2.443583736941301,-1.9934410391301227,-2.377910243691845,-0.7539471646129213,-0.0879279892476762,-0.5366925323040379,0.3300227893901308,-0.5959400350502595,-0.8781804959388214,-0.3084229804794107,0.2984178809106569,-0.3249567676651586,-0.6928612587028918,-1.2894417730355503,-1.5495984246268066,0.2833687895300775,0.2583590371634947,-1.0056012232863405,-0.2230490277200762,0.027040686550369,-0.6260754792656391,-0.9336460269859906,-0.5366925323040379,-0.3249567676651586,-0.6928612587028918,-0.1665108158508513,0.0,0.0,0.0,0.0,其他,0,0,0.5,1.0,0,0.3218623481781376,-0.07697715289982421,,0.4056795131845842,0.4300202839756592,0.2150101419878296,0.4421906693711968,0.7058823529411765,0.39148073022312374,0.5,0.5,0.5,0.5,0.32186234817813764,0.39878542510121456,0.5
2026-07-07,28.44,28.44,27.23,27.5,1074800.0,28.24,28.362,29.3465,33.209833333333336,-0.0262039660056656,-0.0303927790705874,-0.0629206208576831,-0.1719320080899734,29.3465,31.71029066666034,26.982709333339656,0.1094197286471755,0.1610952356602857,-0.0333919156414762,-0.0032620514679231,-0.1194364393211655,-0.1137608765710602,0.0231517632902959,0.0224849402392875,0.0217030031837696,34.76856834782821,-1.3189890418534844,-1.3774751895150703,0.0584861476615858,43803252.0,32.35111916623718,1.247142857142857,1.0711133350122215,0.0,0.0,-0.0192727272727273,-0.0333919156414762,0.0217030031837696,34.76856834782821,0.0461358769709947,0.0,0.0,0.0,0.5,-2.245298329256918,-2.310198485906511,-2.469490257029208,-2.4348135860290387,-0.5355984032994529,-2.3627119714090123,-2.452331574069301,-2.467974611763477,-2.057076524729186,-0.8225479567516659,-0.6484576202654976,-0.9987758834371973,-1.7979309157201364,-2.467974611763477,-2.0047485622934778,-2.422144902154857,-1.2307895767232706,-0.0432640379543284,-1.1993528341019195,-0.0321499322029723,-1.4321394191444157,-1.0747705813114334,0.1177612796849496,-0.031123213599687,-0.2387444524480959,-0.8244017538699342,-1.3030843527363565,-1.526842867837046,0.1945878735863525,0.2150426223708775,-1.03617521680237,-0.1701963900058934,0.0865638177987821,-1.2759362762476032,-1.1735307371030734,-1.1993528341019195,-0.2387444524480959,-0.8244017538699342,-0.092529600683668,0.0,0.0,0.0,0.0,其他,0,0,0.5,1.0,0,0.4137931034482758,-0.0643636363636364,,0.43902439024390244,0.3394308943089431,0.2682926829268293,0.4654471544715447,0.8333333333333334,0.37398373983739835,0.5,0.5,0.5,0.5,0.41379310344827586,0.36105476673427994,0.5
2026-07-08,27.81,27.81,26.72,27.05,880900.0,28.038,28.097,29.1525,33.07533333333333,-0.0352378914330551,-0.0372637648147489,-0.0721207443615469,-0.1821699957672383,29.1525,31.60432531360253,26.700674686397463,0.0712378063105444,0.1682068648379469,-0.0163636363636363,-0.0359942979330006,-0.0892255892255892,-0.1254445522146783,0.0216176528473173,0.0186220930695874,0.0218196055421016,35.61190738149321,-1.3530731556106126,-1.372594782734179,0.0195216271235663,42922352.0,32.238931946990135,1.258571428571429,0.8773713003670537,0.0,0.0,0.0088724584103512,-0.0163636363636363,0.0218196055421016,35.61190738149321,-0.1804056568663937,0.0,0.0,0.0,0.5,-2.3654556829245137,-2.424447775746527,-2.563769337037145,-2.511641738225882,-0.6404903455760077,-2.3896705908570395,-2.4934177703858613,-2.495951218015797,-2.086353925099085,-1.115636398344449,-0.8004978916051134,-1.1489910565606447,-1.899547926886221,-2.495951218015797,-2.0127398700459183,-2.4790125481133867,-1.3421618430443958,0.0254572543513929,-0.5743827431200069,-0.5562874200972218,-1.063499261883334,-1.184010850551786,0.0199212329527795,-0.3116914196207219,-0.2278372396957385,-0.7744410173328202,-1.3344750247101769,-1.515521697245779,0.0848083901906303,0.1795020796163207,-1.0397380381377015,-0.1520725603275177,-0.1758769745802562,-1.2719981447923596,-1.1699136335276406,-0.5743827431200069,-0.2278372396957385,-0.7744410173328202,-0.4468792305972838,0.0,0.0,0.0,0.0,其他,0,0,0.5,1.0,0,0.4676113360323887,-0.06802218114602587,,0.44016227180527384,0.31237322515212984,0.2738336713995943,0.4198782961460446,0.7221095334685599,0.3204868154158215,0.5,0.5,0.5,0.5,0.4676113360323887,0.3441295546558704,0.5
2026-07-09,27.0,27.2,26.1,26.65,893460.0,27.708,27.861,28.9675,32.930166666666665,-0.038183918002021,-0.0434657765335056,-0.080003452144645,-0.1907116574974314,28.9675,31.59121271694402,26.34378728305598,0.0583548486388487,0.1811487161083947,-0.0147874306839187,-0.0583038869257951,-0.0813512581868322,-0.1219110378912686,0.0198344584781536,0.0180963718138392,0.0217197689269509,35.45554335349749,-1.3962664281484152,-1.3773291118170263,-0.0189373163313888,42028892.0,32.241505416485225,1.285,0.8818940477531225,0.0,0.0,0.0375234521575984,-0.0147874306839187,0.0217197689269509,35.45554335349749,0.0142581450788965,0.0,0.0,0.0,0.5,-2.520769787149348,-2.531407362106075,-2.6794424301527284,-2.575625524818133,-0.6326286570293321,-2.44388980014094,-2.526649697740629,-2.5207950083666253,-2.1183446467898097,-1.2087307876795226,-0.9371335836679868,-1.2763856909896223,-1.9808148562846333,-2.5207950083666253,-2.0033055928382,-2.5542232194364187,-1.3764994578549543,0.1505389114188134,-0.5158330105460283,-0.9124707316483962,-0.9659593697722668,-1.146832927389169,-0.0938006138233099,-0.3495185259207925,-0.2366505130053968,-0.7819795907870213,-1.3750479750764752,-1.5153534283468864,-0.023546834268008,0.1434626991909097,-1.03709789386508,-0.1104019357679083,-0.1695338973777392,-1.2680962810350465,-1.1663297993283657,-0.5158330105460283,-0.2366505130053968,-0.7819795907870213,-0.1414327309598587,0.0,0.0,0.0,0.0,其他,0,0,0.5,1.0,0,0.6133603238866396,-0.02814258911819889,,0.2920892494929006,0.30628803245436104,0.281947261663286,0.4056795131845842,0.6288032454361054,0.281947261663286,0.5,0.5,0.5,0.5,0.6133603238866396,0.3643724696356275,0.5
2026-07-10,26.64,27.58,26.12,27.0,984055.0,27.33,27.74,28.8005,32.79483333333334,-0.0120746432491768,-0.0266762797404469,-0.0625162757591013,-0.1766995817430592,28.8005,31.48095145451306,26.12004854548693,0.1641423971725132,0.1861392305344528,0.0131332082551596,-0.0654205607476635,-0.042892591279688,-0.1100856954515491,0.0167161567139306,0.0178558414782988,0.0221180320243089,33.257661742728644,-1.3862752151435735,-1.379118332482336,-0.0071568826612375,43012947.0,39.05398756416655,1.249285714285714,0.959141959013983,0.0764192139721308,0.0300687285220785,-0.0014814814814814,0.0131332082551596,0.0221180320243089,33.257661742728644,0.1013979361135362,0.0,0.0,0.0,0.5,-2.576327240627889,-2.4328300881354683,-2.650716336096845,-2.480344284910586,-0.5822032106179035,-2.506993017260625,-2.532838433896845,-2.54038167122946,-2.146432515177,-0.3536510278495493,-0.5608689055988479,-0.9829339183953056,-1.8169385436074623,-2.54038167122946,-2.012029117092673,-2.59154777428362,-1.0536367815713572,0.1986552850753744,0.508398091494971,-1.0243329460391566,-0.499335218970086,-1.0304526250579145,-0.2927206520217766,-0.3665724169366119,-0.2000359154137719,-0.9066341637144036,-1.360264006467359,-1.511817075925632,0.0096783522966636,0.1828072271107349,-0.6667082669013742,-0.1664059468671353,-0.0644940456051611,-1.054462421607976,-1.0723615408213567,0.508398091494971,-0.2000359154137719,-0.9066341637144036,-0.0046179926846412,0.0,0.0,0.0,0.0,其他,0,0,0.5,1.0,0,0.597165991902834,-0.059259259259259345,,0.23529411764705882,0.2413793103448276,0.281947261663286,0.2920892494929006,0.45841784989858014,0.2718052738336714,0.5,0.5,0.5,0.5,0.597165991902834,0.38461538461538464,0.5
2026-07-13,27.0,27.19,26.16,26.28,1603800.0,26.896,27.577,28.5885,32.644,-0.0229030339083877,-0.0470319469122818,-0.0807492523217376,-0.1949515990687415,28.5885,31.365293114367944,25.811706885632056,0.0843226511792374,0.1942594479849052,-0.0266666666666666,-0.0762741652021089,-0.0584020064493012,-0.1389252948885976,0.0177894833446606,0.0191663804197272,0.0224239125964347,19.99999999660608,-1.4200852309928464,-1.3873117121844385,-0.0327735188084081,41409147.0,26.577038919663195,1.137142857142857,1.5187510067478265,0.0,0.0,-0.0007610350076103,-0.0266666666666666,0.0224239125964347,19.99999999660608,0.6297869529650273,0.0,0.0,0.0,0.5,-2.478800463701655,-2.4935091999309567,-2.618408270626776,-2.6108021593727657,-0.2426972116346711,-2.5802864621855006,-2.548192721289652,-2.570282441849671,-2.178713805469984,-0.7072469849726649,-1.0140321106666998,-1.2825608535364377,-2.003427970937868,-2.570282441849671,-2.021568268581361,-2.6499529743974577,-1.2911974622925382,0.277080554496655,-0.9518136184829652,-1.1952670281269615,-0.6862297274740509,-1.304009548152935,-0.2237907630445705,-0.2706274244830254,-0.1718633371610843,-1.6629790964847422,-1.390877481714239,-1.5156481761160705,-0.0626047030488298,0.1181349328017947,-1.3391324179074018,-0.3426361577351158,0.695582236424864,-1.261610967687517,-1.1597976558841934,-0.9518136184829652,-0.1718633371610843,-1.6629790964847422,0.8243331661891057,0.0,0.0,0.0,0.0,其他,0,0,0.5,1.0,0,0.4554655870445344,-0.016362252663622567,,0.3204868154158215,0.3204868154158215,0.3002028397565923,0.09127789046653144,0.9290060851926978,0.3306288032454361,0.5,0.5,0.5,0.5,0.45546558704453444,0.33805668016194335,0.5
2026-07-14,26.28,26.97,25.9,26.97,791000.0,26.79,27.515,28.402000000000005,32.508,0.0067189249720045,-0.0198073777939304,-0.0504189845785509,-0.170358065706903,28.402000000000005,31.08099116911792,25.72300883088209,0.2327352145593708,0.1886480648622267,0.0262557077625569,-0.0192727272727273,-0.0224719101123596,-0.1214983713355049,0.0223129272913266,0.0215041781059659,0.023487158154234,31.57894736245472,-1.3753485171312434,-1.3849190731737997,0.009570556042556,42200147.0,33.38027836659532,1.0614285714285714,0.7525705135261468,0.1393939393911229,0.0574521232301625,-0.0459770114942528,0.0262557077625569,0.023487158154234,31.57894736245472,-0.5067963586482105,0.0,0.0,0.0,0.5,-2.609697888689519,-2.5180618257080165,-2.652062650032186,-2.4452405420041443,-0.686924649708197,-2.5809661027958546,-2.5404722265956186,-2.5929742109724527,-2.2054998788936166,0.2635570582478606,-0.4042859049851023,-0.7764402968843878,-1.7266439584848643,-2.5929742109724527,-2.061905140645196,-2.648700067171145,-0.8406471850451865,0.2223140660423155,0.9905592301680834,-0.2803313241679052,-0.250010465337113,-1.1333037049457442,0.0658259534880938,-0.0997726746776448,-0.0744565931421181,-0.9951399675445888,-1.3401399322036671,-1.5073506407929191,0.0570646169163658,0.1498298372374342,-0.9682976749817952,-0.4613955707736787,-0.3468956859917201,-0.8752172450673225,-0.9835857457278976,0.9905592301680834,-0.0744565931421181,-0.9951399675445888,-0.9606852157601808,0.0,0.0,0.0,0.0,其他,0,0,0.5,1.0,0,0.3818181818181818,-0.02706711160548758,,0.41295546558704455,0.3522267206477733,0.32793522267206476,0.22064777327935223,0.34615384615384615,0.3785425101214575,0.5,0.5,0.5,0.5,0.38181818181818183,0.3656565656565657,0.5
2026-07-15,26.89,27.56,26.67,27.29,1026400.0,26.838,27.438,28.25,32.3735,0.0168417914896787,-0.0053939791529994,-0.0339823008849557,-0.1570265803821027,28.25,30.810756467181484,25.68924353281852,0.3125553889378853,0.1812924932511447,0.0118650352243232,0.0088724584103512,-0.0274411974340698,-0.1002307945928123,0.0218700377237024,0.0210514199265321,0.0237802192524551,37.78409090157702,-1.2990978322866198,-1.3677548249963636,0.0686569927097437,43226547.0,40.71775139840709,1.054285714285714,0.9621935012003512,0.2040404040362816,0.0840965861774844,-0.0762183950164895,0.0118650352243232,0.0237802192524551,37.78409090157702,0.2975979772439949,0.0,0.0,0.0,0.5,-2.4605008399582204,-2.378974296654665,-2.462423171758471,-2.3603006868545218,-0.5570520267794508,-2.54871515884196,-2.536218902687651,-2.6065406211526247,-2.23110347947993,0.5948665329990187,-0.0813526108519401,-0.5020912150073054,-1.5747330310298555,-2.6065406211526247,-2.098840876145721,-2.6330561698341084,-0.59820295040796,0.1506223252480191,0.4611552003788368,0.1715340038635008,-0.309977345516358,-0.9267386059610232,0.0373881925744861,-0.1327233865444279,-0.0475457850745639,-0.6374374384695456,-1.2572676344371347,-1.482286076831512,0.2240635416910454,0.1910037473155595,-0.5697819583893692,-0.4720079216010319,-0.0611901724392099,-0.6956070882933245,-0.9009197752554364,0.4611552003788368,-0.0475457850745639,-0.6374374384695456,0.3038294408330316,0.0,0.0,0.0,0.0,其他,0,0,0.5,1.0,0,0.305050505050505,-0.02235251007695127,,0.46558704453441296,0.402834008097166,0.3117408906882591,0.2651821862348178,0.5344129554655871,0.39473684210526316,0.5,0.5,0.5,0.5,0.30505050505050507,0.3441295546558704,0.5
2026-07-16,27.28,27.8,26.9,27.65,749700.0,27.038,27.373,28.1495,32.24433333333334,0.0226348102670315,0.0101194607825227,-0.0177445425318389,-0.1424849844417108,28.1495,30.63388894319185,25.66511105680815,0.3994722623024135,0.1765138949667329,0.0131916452913154,0.0375234521575984,-0.0229681978798587,-0.0677680377612947,0.0200143918112016,0.0213726034805127,0.0237541535268663,45.75757574786959,-1.1958347848181852,-1.333370816960728,0.1375360321425429,43976247.0,46.51453704931892,1.0428571428571427,0.7027908540071289,0.276767676762085,0.1140716069932215,-0.0632911392405063,0.0131916452913154,0.0237541535268663,45.75757574786959,-0.2695830085736554,0.0,0.0,0.0,0.5,-2.3606503582233938,-2.313396212951452,-2.393797980977958,-2.2691228659940013,-0.7076885555678734,-2.485080721239014,-2.5293605586353105,-2.607251344061182,-2.254348516045813,0.7837008018828205,0.2661977492058976,-0.2312667310815827,-1.4116209527818664,-2.607251344061182,-2.117983018078013,-2.6153066251283947,-0.3346045082857188,0.1039887112822749,0.5092292553586464,0.6312340345436439,-0.2552860089445961,-0.6134784323186222,-0.0816275713197998,-0.1090875479275678,-0.0498790545915976,-0.1785961427752246,-1.1470604733091854,-1.437837324618736,0.4187051841924115,0.2210139120617326,-0.2550743874293055,-0.4893690110568314,-0.4145019493277586,-0.4940639948815264,-0.8085460763420792,0.5092292553586464,-0.0498790545915976,-0.1785961427752246,-0.5880695261665403,0.0,0.0,0.0,0.0,其他,0,0,0.5,1.0,0,0.2464646464646464,,,0.6133603238866396,0.4757085020242915,0.31781376518218624,0.3562753036437247,0.31376518218623484,0.45546558704453444,0.5,0.5,0.5,0.5,0.24646464646464647,0.5,0.5
2026-07-17,27.69,28.0,26.42,26.96,881100.0,27.03,27.18,28.0325,32.09616666666667,-0.0025897151313355,-0.0080941869021339,-0.0382591634709711,-0.1600243019675247,28.0325,30.50914352660936,25.55585647339064,0.2834771155991413,0.1766980131347916,-0.0249547920433995,-0.0014814814814814,-0.0668051228798892,-0.0798634812286689,0.0241764058981746,0.0208051613596999,0.0241761626252125,43.2045779598732,-1.1563456760059587,-1.2979657887697744,0.1416201127638157,43095147.0,47.52626754276753,1.0714285714285712,0.823306401686157,0.1373737373709621,0.0566194837630589,-0.0578635014836795,-0.0249547920433995,0.0241761626252125,43.2045779598732,0.1752701080432173,0.0,0.0,0.0,0.5,-2.2590120767106754,-2.257286661110612,-2.478713021617356,-2.395021686911298,-0.6345642588893903,-2.466983502346141,-2.550655942010715,-2.6117578037714866,-2.282814696216032,-0.0450366201449145,-0.1424927592106733,-0.5725625462283414,-1.5942953888925655,-2.6117578037714866,-2.127246616046695,-2.619902103989879,-0.6850107823091129,0.1056592694132489,-0.8930546561149857,0.0036256271815981,-0.7873710219516427,-0.7286192064211102,0.185603123310848,-0.1504964110394798,-0.011104198921257,-0.3251959878707377,-1.1033408736005086,-1.3926294138099595,0.4297246110434434,0.1851912206505968,-0.1999055962776312,-0.4435842788249051,-0.2496299835809352,-0.8775231435567978,-0.9799274094897092,-0.8930546561149857,-0.011104198921257,-0.3251959878707377,0.1125444639182833,0.0,0.0,0.0,0.0,其他,0,0,0.5,1.0,0,0.1737373737373737,,,0.597165991902834,0.47368421052631576,0.31781376518218624,0.37044534412955465,0.24493927125506074,0.4493927125506073,0.5,0.5,0.5,0.5,0.17373737373737375,0.5,0.5
2026-07-20,26.6,27.59,25.8,26.26,1230874.0,27.026,26.961,27.848000000000003,31.937,-0.0283430770369272,-0.0260005192685731,-0.0570238437230681,-0.1777562075335816,27.848000000000003,30.27241615326492,25.423583846735085,0.1724984698112328,0.1741177932531034,-0.0259643916913946,-0.0007610350076103,-0.0769771528998242,-0.1232053422370617,0.0239844799628322,0.0215577583759906,0.0238396323017893,40.97693350646301,-1.1680696428795052,-1.2719865595917206,0.1039169167122153,41864273.0,46.36298886171334,1.138571428571428,1.1494264465929371,0.0,0.0,-0.0156130997715155,-0.0259643916913946,0.0238396323017893,40.97693350646301,0.3969742367495177,0.0,0.0,0.0,0.5,-2.4674446490530246,-2.323639186394216,-2.5908907429174417,-2.519582645064733,-0.441832950117537,-2.4484676560895853,-2.576893698000662,-2.631949781397108,-2.3138497469967967,-0.890362085299298,-0.5440996725375301,-0.8839716602525998,-1.7764531247571578,-2.631949781397108,-2.1565186790711173,-2.630123511344095,-1.0191784124869678,0.0803938924999111,-0.9283020796563096,0.0152139220584821,-0.9093423368880236,-1.143014424201442,0.1730575024904814,-0.0951746735541639,-0.0420021929770961,-0.4529806928974964,-1.1127434718332458,-1.3585376990306297,0.3222929038176649,0.135238657050462,-0.2628149352159162,-0.3368900359121546,0.1959403147600287,-1.253561450321958,-1.1478559723976036,-0.9283020796563096,-0.0420021929770961,-0.4529806928974964,0.4615403278343009,0.0,0.0,0.0,0.0,其他,0,0,0.5,1.0,0,0.2424242424242424,,,0.45546558704453444,0.3643724696356275,0.291497975708502,0.3643724696356275,0.5506072874493927,0.39271255060728744,0.5,0.5,0.5,0.5,0.24242424242424243,0.5,0.5
2026-07-21,26.37,26.41,25.03,25.73,1491961.0,26.778,26.784,27.573,31.773000000000003,-0.0391366046754798,-0.0393518518518517,-0.0668407500090668,-0.1901929311050263,27.573,29.59680673094342,25.54919326905658,0.044669959876719,0.1467962667055511,-0.0201827875095201,-0.0459770114942528,-0.0643636363636364,-0.1761127121357668,0.0199687318087341,0.0201735108377913,0.0210144902853186,34.32032300833804,-1.206222954328812,-1.2588338385391389,0.052610884210327,40372312.0,45.6027232596186,1.1628571428571424,1.4180893911071588,0.0,0.0,0.0198212203653322,-0.0201827875095201,0.0210144902853186,34.32032300833804,0.2121151311994566,0.0,0.0,0.0,0.5,-2.495116832661139,-2.540163469043423,-2.7310905855044094,-2.6062128834297216,-0.2979197950716073,-2.481272323643368,-2.593177353624964,-2.6725852863734563,-2.3454546415793907,-1.2419451787249762,-0.8427521133672939,-1.045353452841043,-1.899271742381312,-2.6725852863734563,-2.263974688542275,-2.5744836291838347,-1.402019133446086,-0.1862333610647427,-0.7142208628972485,-0.7127632622196958,-0.7543897957045801,-1.6453273809007876,-0.0854552676540524,-0.1966118047043861,-0.3017179581453778,-0.8354165315536151,-1.149376163877449,-1.3393170395330536,0.1762912761533171,0.0747262630088518,-0.3038056024927672,-0.2980453410225607,0.5627566369813555,-1.2498538578659495,-1.14448517836022,-0.7142208628972485,-0.3017179581453778,-0.8354165315536151,0.1695781636632387,0.0,0.0,0.0,0.0,其他,0,0,0.5,1.0,0,0.5717171717171717,,,0.3805668016194332,0.23481781376518218,0.17408906882591094,0.31376518218623484,0.7489878542510121,0.3481781376518219,0.5,0.5,0.5,0.5,0.5717171717171717,0.5,0.5
2026-07-22,25.75,25.94,25.1,25.21,949800.0,26.362,26.6,27.348499999999994,31.605833333333337,-0.043699264092254,-0.0522556390977443,-0.0781944165127883,-0.2023624330951565,27.348499999999994,29.3749906144682,25.3220093855318,-0.0276362951620237,0.1481975694799197,-0.0202098717450446,-0.0762183950164895,-0.0680221811460258,-0.151178451178451,0.0163259115921185,0.0204187531030486,0.0190568939359818,29.96108948872302,-1.26385050085657,-1.2598371710026253,-0.0040133298539448,39422512.0,39.31265828784277,1.1528571428571424,0.9232767068942028,0.0,0.0,0.0583101943673145,-0.0202098717450446,0.0190568939359818,29.96108948872302,-0.3633881850799049,0.0,0.0,0.0,0.5,-2.6007747959382392,-2.611448459504401,-2.6912868468899123,-2.688102737798724,-0.5954313220071602,-2.547899148274874,-2.610375734522228,-2.700021134966988,-2.377071735572581,-1.387434323084187,-1.1301570430815275,-1.2313248072942495,-2.0169063510648173,-2.700021134966988,-2.2877725434232894,-2.6094073127469617,-1.6143124908490616,-0.1723276860602544,-0.7140266408100608,-1.197461444458576,-0.7974945141731392,-1.4009201383798966,-0.3199162022810213,-0.1783729214236569,-0.4814496883048793,-1.0843225701217691,-1.205877666571962,-1.3363439611624506,0.0151875677738801,0.0361738737267741,-0.6453784647811955,-0.313514445501784,-0.1148060799297669,-1.2461789930038416,-1.1411439313679403,-0.7140266408100608,-0.4814496883048793,-1.0843225701217691,-0.7384754453131352,0.0,0.0,0.0,0.0,其他,0,0,0.5,1.0,0,0.7145748987854251,,,0.30364372469635625,0.27125506072874495,0.13360323886639677,0.2631578947368421,0.548582995951417,0.3076923076923077,0.5,0.5,0.5,0.5,0.7145748987854251,0.5,0.5
2026-07-23,25.0,25.99,25.0,25.9,823200.0,26.012,26.525,27.193,31.452666666666666,-0.0043057050592034,-0.0235626767200753,-0.0475490015812893,-0.176540409928146,27.193,29.15906044775128,25.226939552248727,0.1711698255524093,0.1446004815757029,0.0273700912336374,-0.0632911392405063,-0.0281425891181988,-0.1072044122716305,0.0226057928419833,0.0228061899621829,0.0202484680947855,30.85787451431481,-1.2395546982688437,-1.255780676455869,0.0162259781870253,40245712.0,37.99044397206424,1.1499999999999992,0.8090955629629822,0.1874999999949043,0.0527522935775781,,0.0273700912336374,0.0202484680947855,30.85787451431481,-0.1332912192040429,0.0,0.0,0.0,0.5,-2.72914963066684,-2.579492478855864,-2.687885143428034,-2.5268137446446937,-0.664107310134834,-2.5989255106974145,-2.603711930586221,-2.710494662188763,-2.4034900491091555,-0.0933848884411756,-0.4841581634268504,-0.7187534996166197,-1.7318033252120413,-2.710494662188763,-2.309907389365047,-2.6100642796847606,-1.0108503256842702,-0.2072911755133954,1.0374484747467516,-0.9868051321130864,-0.3110016565399019,-0.9766388676497278,0.0852603734599394,-0.0026389684805634,-0.3710493261009587,-1.0301648595123434,-1.1775872400143668,-1.3276531227827926,0.0727485354286158,0.0695131515587719,-0.7162172987378728,-0.3176547794805098,-0.2710332719458297,-0.727561913329301,-0.9792768007856888,1.0374484747467516,-0.3710493261009587,-1.0301648595123434,-0.3742613500220091,0.0,0.0,0.0,0.0,其他,0,0,0.5,1.0,0,,,,0.24493927125506074,0.2732793522267207,0.16396761133603238,0.23279352226720648,0.45951417004048584,0.3097165991902834,0.5,0.5,0.5,0.5,0.5,0.5,0.5
2026-07-24,25.74,25.97,25.16,25.4,599097.0,25.7,26.365,27.0525,31.276333333333334,-0.0116731517509728,-0.0366015550919781,-0.0610849274558729,-0.1878843427938058,27.0525,29.11195189437981,24.99304810562019,0.0988010196986123,0.1522559389610719,-0.0193050193050192,-0.0578635014836795,-0.0592592592592593,-0.0996100673520029,0.0219781036742421,0.0226233516081631,0.019853548493387,30.62261752949533,-1.2462795857198363,-1.253880458308663,0.0076008725888261,39646615.0,31.5093729545626,1.1535714285714278,0.5971757661252219,0.051630434781205,0.0145259938836808,,-0.0193050193050192,0.019853548493387,30.62261752949533,-0.2722339650145773,0.0,0.0,0.0,0.5,-2.556749173058794,-2.561896749611204,-2.630898878677479,-2.6054379369057465,-0.7862176712233987,-2.640559615862776,-2.6151594000934355,-2.717052671780458,-2.4360038269768003,-0.3352350102088918,-0.7762713176542592,-0.9426824895061374,-1.842568165865412,-2.717052671780458,-2.3016096275738995,-2.645110656002109,-1.226129741012448,-0.1321167724312835,-0.6818043072807798,-0.8974668830718162,-0.6895401306486364,-0.9018606862395316,0.0446580349058826,-0.0160942126528865,-0.4069701579379606,-1.0412804130435402,-1.1814392035748564,-1.321481872570955,0.048104550639374,0.0451178832126646,-1.067075650992795,-0.3115932429131286,-0.5610745516724283,-1.0998557348120033,-1.0917884771086648,-0.6818043072807798,-0.4069701579379606,-1.0412804130435402,-0.5932325464530923,0.0,0.0,0.0,0.0,其他,0,0,0.5,1.0,0,,,,0.1720647773279352,0.2732793522267207,0.15991902834008098,0.24696356275303644,0.26720647773279355,0.3259109311740891,0.5,0.5,0.5,0.5,0.5,0.5,0.5
2026-07-27,25.41,26.03,25.21,25.85,9052.0,25.618,26.322000000000003,26.9495,31.10933333333333,0.0090561324069013,-0.0179317681027277,-0.0407985305849829,-0.1690596605520314,26.9495,29.034276650917786,24.86472334908221,0.2363026874990195,0.1547172786812408,0.017716535433071,-0.0156130997715155,-0.0163622526636225,-0.0738086707273378,0.0234987688633809,0.022440792320754,0.0204370317695268,38.80597014188218,-1.2014483199253831,-1.2433940306320068,0.0419457107066236,39655667.0,34.30089477626008,1.1249999999999991,0.0095683078026949,0.1739130434735351,0.0489296636081886,,0.017716535433071,0.0204370317695268,38.80597014188218,-0.984890593676817,0.0,0.0,0.0,0.5,-2.601234918474104,-2.5293514780614457,-2.598057404047593,-2.494950732849443,-1.108826018420376,-2.634171259080584,-2.601539291587513,-2.7147362924308496,-2.4646848662859253,0.3466460868298621,-0.3553770244613637,-0.6030334162384156,-1.6346783527889792,-2.7147362924308496,-2.298846784064806,-2.6528738421290905,-0.8091016658170552,-0.1078448429856591,0.6824424788094935,-0.2156569461578381,-0.1656185261414073,-0.6530755704358641,0.1428507362940151,-0.0295290263766014,-0.3525886568795083,-0.5683106149312867,-1.132163141511153,-1.3056259045900418,0.1459700392005281,0.0454363496196582,-0.9129744127979816,-0.3565926591548762,-1.3637955440903726,-0.7609863701377156,-0.9853801283648568,0.6824424788094935,-0.3525886568795083,-0.5683106149312867,-1.7142376912496362,0.0,0.0,0.0,0.0,其他,0,0,0.5,1.0,0,,,,0.2408906882591093,0.2793522267206478,0.1680161943319838,0.26720647773279355,0.7388663967611336,0.29554655870445345,0.5,0.5,0.5,0.5,0.5,0.5,0.5
2026-07-28,25.81,26.44,25.64,26.24,6602.0,25.72,26.249,26.882,30.947166666666664,0.0202177293934679,-0.0003428702045793,-0.0238821516256231,-0.1521033158662882,26.882,28.966878893365617,24.79712110663438,0.34603422240075,0.1551133764867096,0.0150870406189553,0.0198212203653322,-0.0270671116054875,-0.0489307720188474,0.0222844227866391,0.0211511130542126,0.0207609601902548,44.45964431433055,-1.1215212789761573,-1.219019480300837,0.0974982013246796,39662269.0,36.91821742408772,1.1042857142857136,0.0072971651695982,0.2798913043402197,0.0787461773694283,,0.0150870406189553,0.0207609601902548,44.45964431433055,-0.2706584180291648,0.0,0.0,0.0,0.5,-2.5005766517600665,-2.4307097418988586,-2.488599139151514,-2.399054104552996,-1.107474115024227,-2.590787962663021,-2.594506703444405,-2.704356655756748,-2.490974274475243,0.7132038972472512,0.041070516954759,-0.3199837824333962,-1.448986184156867,-2.704356655756748,-2.294307524813922,-2.645394452163034,-0.4767224633400891,-0.1038349697858094,0.5845514003800447,0.3561123344320471,-0.296097911564474,-0.4135143484186248,0.0641525277857376,-0.1246374340840109,-0.3222137594423383,-0.2415964907118689,-1.046992591592779,-1.274150854857117,0.3043377877185642,0.0456553077363858,-0.7688580966279764,-0.3890744741654465,-1.3624552024733532,-0.4677006388219011,-0.893260130211173,0.5845514003800447,-0.3222137594423383,-0.2415964907118689,-0.5848436610077189,0.0,0.0,0.0,0.0,其他,0,0,0.5,1.0,0,,,,0.5708502024291497,0.33805668016194335,0.1882591093117409,0.354251012145749,0.4534412955465587,0.3765182186234818,0.5,0.5,0.5,0.5,0.5,0.5,0.5
2026-07-29,26.24,26.85,26.01,26.68,8256.0,26.014,26.188,26.813,30.7715,0.0256015991389251,0.0187872307927294,-0.0049602804609704,-0.1329639439091366,26.813,28.82375110344405,24.802248896555948,0.4669277814099201,0.1499832994022714,0.0167682926829269,0.0583101943673145,-0.0223525100769512,-0.0491803278688524,0.0178890493080486,0.0215747124596554,0.0207479609215504,50.20408162309038,-1.0110197935717622,-1.177419542955022,0.1663997493832598,39670525.0,39.94826394262724,1.0857142857142852,0.0097381722078274,0.3994565217282753,0.1123853211000581,,0.0167682926829269,0.0207479609215504,50.20408162309038,0.2505301423810966,0.0,0.0,0.0,0.5,-2.3966160471641245,-2.3344706935596915,-2.394119781861712,-2.295674258654281,-1.1038845478032284,-2.510064999620272,-2.5850967203002013,-2.694530357917674,-2.520314907806896,0.8889307676545486,0.4721453617437178,-0.0034986680493796,-1.2420968246002362,-2.694530357917674,-2.3030304278763785,-2.620331790439321,-0.1108177104194595,-0.1540993989110637,0.6456366811255705,0.9761478410679852,-0.2381352305877136,-0.4153592641541675,-0.2205009879638373,-0.0932132301010245,-0.323011354903943,0.0903210251705102,-0.9306809730605002,-1.223381142111263,0.5007239805451782,0.0459417901700735,-0.6026128101268244,-0.4181248788612387,-1.3547196653320297,-0.1370936265274806,-0.7899742073013641,0.6456366811255705,-0.323011354903943,0.0903210251705102,0.2389877045245685,0.0,0.0,0.0,0.0,其他,0,0,0.5,1.0,0,,,,0.7139959432048681,0.3711967545638945,0.20486815415821502,0.40973630831643004,0.4300202839756592,0.35699797160243407,0.5,0.5,0.5,0.5,0.5,0.5,0.5
