date,open,high,low,close,volume,ma5,ma10,ma20,ma60,ma5_ratio,ma10_ratio,ma20_ratio,ma60_ratio,bollinger_mid,bollinger_upper,bollinger_lower,bollinger_pct_b,bollinger_bandwidth,return_1d,return_5d,return_10d,return_20d,volatility_5d,volatility_10d,volatility_20d,rsi_14,macd,macd_signal,macd_histogram,obv,mfi_14,atr_14,volume_ratio_20d,price_position_20d,price_position_60d,future_return,return,volatility,rsi,volume_change,csi300_return_1d,csi300_return_5d,csi300_volatility_20d,market_breadth,open_norm,high_norm,low_norm,close_norm,volume_norm,ma5_norm,ma10_norm,ma20_norm,ma60_norm,ma5_ratio_norm,ma10_ratio_norm,ma20_ratio_norm,ma60_ratio_norm,bollinger_mid_norm,bollinger_upper_norm,bollinger_lower_norm,bollinger_pct_b_norm,bollinger_bandwidth_norm,return_1d_norm,return_5d_norm,return_10d_norm,return_20d_norm,volatility_5d_norm,volatility_10d_norm,volatility_20d_norm,rsi_14_norm,macd_norm,macd_signal_norm,macd_histogram_norm,obv_norm,mfi_14_norm,atr_14_norm,volume_ratio_20d_norm,price_position_20d_norm,price_position_60d_norm,return_norm,volatility_norm,rsi_norm,volume_change_norm,csi300_return_1d_norm,csi300_return_5d_norm,csi300_volatility_20d_norm,market_breadth_norm,sector,sector_momentum_5d,sector_momentum_20d,sector_breadth,sector_vol_flow,sector_relative_strength,future_return_rank,future_return_10d,future_return_20d,cs_rank_return_5d,cs_rank_return_20d,cs_rank_volatility,cs_rank_rsi,cs_rank_volume_ratio_20d,cs_rank_ma20_ratio,cs_rank_max_ret_5d,cs_rank_reversal_1d,cs_rank_amihud_illiq,cs_rank_idio_vol_20d,future_return_rank_5d,future_return_rank_10d,future_return_rank_20d
2025-11-25,87.06,100.0,73.88,83.52,26666437.0,,,,,,,,,,,,,,,,,,,,,,0.0,0.0,0.0,0.0,,,,,,-0.1871408045977011,,,,,0.0,0.0,0.0,0.5,,,,,,,,,,,,,,,,,,,,,,,,,,,,,,,,,,,,,,,,,,,,其他,0,0,0.5,1.0,0,0.0020283975659229,-0.19216954022988508,-0.2777777777777778,0.5,0.5,0.5,0.5,0.5,0.5,0.5,0.5,0.5,0.5,0.002028397565922921,0.010141987829614604,0.002028397565922921
2025-11-26,77.67,83.98,73.91,80.0,20195811.0,,,,,,,,,,,,,,-0.0421455938697317,,,,,,,,-0.0789743589743494,-0.0438746438746385,-0.0350997150997108,-20195811.0,,,,,,-0.1875,-0.0421455938697317,,,-0.2426505648279896,0.0,0.0,0.0,0.5,,,,,,,,,,,,,,,,,,,,,,,,,,,,,,,,,,,,,,,,,,,,其他,0,0,0.5,1.0,0,0.0040567951318458,-0.18512499999999998,-0.250375,0.5,0.5,0.5,0.5,0.5,0.5,0.5,0.5,0.5,0.5,0.004056795131845842,0.012170385395537525,0.006085192697768763
2025-11-27,76.44,79.44,74.3,74.37,11580663.0,,,,,,,,,,,,,,-0.0703749999999999,,,,,,,,-0.275214971823118,-0.1386862536895891,-0.1365287181335288,-31776474.0,,,,,,-0.1315046389673255,-0.0703749999999999,,,-0.4265809379974886,0.0,0.0,0.0,0.5,,,,,,,,,,,,,,,,,,,,,,,,,,,,,,,,,,,,,,,,,,,,其他,0,0,0.5,1.0,0,0.0101626016260162,-0.12531934919994636,-0.19456770203038865,0.5,0.5,0.5,0.5,0.5,0.5,0.5,0.5,0.5,0.5,0.01016260162601626,0.014227642276422764,0.01016260162601626
2025-11-28,74.65,75.57,71.11,71.21,10435367.0,,,,,,,,,,,,,,-0.0424902514454754,,,,,,,,-0.4718148257708492,-0.2515346859664387,-0.2202801398044104,-42211841.0,,,,,,-0.0900154472686419,-0.0424902514454754,,,-0.0988972738434751,0.0,0.0,0.0,0.5,,,,,,,,,,,,,,,,,,,,,,,,,,,,,,,,,,,,,,,,,,,,其他,0,0,0.5,1.0,0,0.0202839756592292,-0.0999859570285071,-0.1589664372981322,0.5,0.5,0.5,0.5,0.5,0.5,0.5,0.5,0.5,0.5,0.02028397565922921,0.058823529411764705,0.014198782961460446
2025-12-01,70.99,70.99,67.53,67.57,9911694.0,75.33399999999999,,,,-0.1030610348580985,,,,,,,,,-0.051116416233675,,,,,,,,-0.7135553332029758,-0.3889753830263319,-0.3245799501766438,-52123535.0,,,,,,-0.0377386414089092,-0.051116416233675,,,-0.0501825187365235,0.0,0.0,0.0,0.5,,,,,,,,,,,,,,,,,,,,,,,,,,,,,,,,,,,,,,,,,,,,其他,0,0,0.5,1.0,0,0.1338742393509127,-0.07725321888412007,-0.11247595086576878,0.5,0.5,0.5,0.5,0.5,0.5,0.5,0.5,0.5,0.5,0.13387423935091278,0.15010141987829614,0.06288032454361055
2025-12-02,66.52,68.72,65.01,67.89,9612770.0,72.208,,,,-0.0597994682029692,,,,,,,,,0.0047358295101378,-0.1871408045977011,,,0.0276492652955384,,,,-0.8317783066597002,-0.5089995946972727,-0.3227787119624274,-42510765.0,,,,,,-0.0061864781263809,0.0047358295101378,,,-0.0301587195892044,0.0,0.0,0.0,0.5,,,,,,,,,,,,,,,,,,,,,,,,,,,,,,,,,,,,,,,,,,,,其他,0,0,0.5,1.0,0,0.6166328600405679,-0.13094712034172928,-0.1272646928855502,0.0,0.5,0.5,0.5,0.5,0.5,0.5,0.5,0.5,0.5,0.6166328600405679,0.05070993914807302,0.058823529411764705
2025-12-03,66.2,66.49,65.0,65.0,6460302.0,69.208,,,,-0.0608022193966015,,,,,,,,,-0.0425688613934305,-0.1875,,,0.0276570585522954,,,,-1.0241906294817085,-0.6393807015550627,-0.3848099279266458,-48971067.0,,,,,,0.0029230769230768,-0.0425688613934305,,,-0.3279458470347257,0.0,0.0,0.0,0.5,,,,,,,,,,,,,,,,,,,,,,,,,,,,,,,,,,,,,,,,,,,,其他,0,0,0.5,1.0,0,0.6234817813765182,-0.09199999999999997,-0.08215384615384624,0.0020325203252032522,0.5,0.5,0.5,0.5,0.5,0.5,0.5,0.5,0.5,0.6234817813765182,0.11234817813765183,0.1437246963562753
2025-12-04,64.39,65.86,63.39,64.59,5292417.0,67.252,,,,-0.0395824659489679,,,,,,,,,-0.0063076923076922,-0.1315046389673255,,,0.0249888160323765,,,,-1.1562408960534043,-0.763591925851126,-0.3926489702022783,-54263484.0,,,,,,0.0071218454869173,-0.0063076923076922,,,-0.1807787004384624,0.0,0.0,0.0,0.5,,,,,,,,,,,,,,,,,,,,,,,,,,,,,,,,,,,,,,,,,,,,其他,0,0,0.5,1.0,0,0.7449392712550608,-0.08685555039479809,-0.06579965938999843,0.008130081300813009,0.5,0.5,0.5,0.5,0.5,0.5,0.5,0.5,0.5,0.7449392712550608,0.08704453441295547,0.1417004048582996
2025-12-05,64.0,65.3,63.71,64.8,4057304.0,65.97,,,,-0.0177353342428376,,,,,,,,,0.0032512772875057,-0.0900154472686419,,,0.0264800210818587,,,,-1.2196716596958057,-0.8689486069924741,-0.3507230527033314,-50206180.0,,,,,,-0.0109567901234567,0.0032512772875057,,,-0.2333740897589891,0.0,0.0,0.0,0.5,,,,,,,,,,,,,,,,,,,,,,,,,,,,,,,,,,,,,,,,,,,,其他,0,0,0.5,1.0,0,0.6572008113590264,-0.08086419753086416,-0.02422839506172836,0.018329938900203666,0.5,0.5,0.5,0.5,0.5,0.5,0.5,0.5,0.5,0.6572008113590264,0.06693711967545639,0.2961460446247465
2025-12-08,64.8,65.8,64.68,65.02,4791382.0,65.46,70.397,,,-0.0067216620837151,-0.0763810957853319,,,,,,,,0.003395061728395,-0.0377386414089092,,,0.0200951143809824,,,,-1.2355908476604611,-0.9510977524549652,-0.2844930952054958,-45414798.0,,,,,,-0.0410642879114118,0.003395061728395,,,0.1809275321740742,0.0,0.0,0.0,0.5,,,,,,,,,,,,,,,,,,,,,,,,,,,,,,,,,,,,,,,,,,,,其他,0,0,0.5,1.0,0,0.3083164300202839,-0.08766533374346352,-0.021685635189172547,0.13238289205702647,0.5,0.5,0.5,0.5,0.5,0.5,0.5,0.5,0.5,0.30831643002028397,0.060851926977687626,0.35699797160243407
2025-12-09,65.48,68.27,65.36,67.47,7863205.0,65.376,68.792,,,0.0320301027900145,-0.0192173508547506,,,,,,,,0.0376807136265764,-0.0061864781263809,-0.192169540229885,,0.0286779042912528,0.0337017817578482,,,-1.099241008547878,-0.9835106504069993,-0.1157303581408788,-37551593.0,,,,,,-0.1255372758262931,0.0376807136265764,,,0.6411141921057433,0.0,0.0,0.0,0.5,,,,,,,,,,,,,,,,,,,,,,,,,,,,,,,,,,,,,,,,,,,,其他,0,0,0.5,1.0,0,0.0324543610547667,-0.10597302504816952,-0.04105528382985024,0.6171079429735234,0.5,0.5,0.5,0.5,0.5,0.5,0.5,0.5,0.5,0.032454361054766734,0.04259634888438134,0.15415821501014199
2025-12-10,66.8,66.8,64.95,65.19,5654521.0,65.414,67.311,,,-0.0034243434127251,-0.0315104514863842,,,,,,,,-0.0337927967985771,0.0029230769230768,-0.1851249999999999,,0.0255934598940884,0.0332081859359178,,,-1.1095637720371911,-1.0105815744693634,-0.0989821975678277,-43206114.0,,,,,,-0.0946464181622948,-0.0337927967985771,,,-0.2808885181042589,0.0,0.0,0.0,0.5,,,,,,,,,,,,,,,,,,,,,,,,,,,,,,,,,,,,,,,,,,,,其他,0,0,0.5,1.0,0,0.0709939148073022,-0.08007363092498843,0.01702715140358957,0.6239837398373984,0.5,0.5,0.5,0.5,0.5,0.5,0.5,0.5,0.5,0.07099391480730223,0.06490872210953347,0.48073022312373226
2025-12-11,64.96,67.47,64.15,65.05,5551344.0,65.506,66.37899999999999,,,-0.0069611943944066,-0.020021392307808,,,,,,,,-0.0021475686454978,0.0071218454869173,-0.1253193491999463,,0.0253694269233274,0.0282994148015525,,,-1.1104089381208126,-1.0317085129241717,-0.078700425196641,-48757458.0,,,,,,-0.0933128362797848,-0.0021475686454978,,,-0.0182468152474807,0.0,0.0,0.0,0.5,,,,,,,,,,,,,,,,,,,,,,,,,,,,,,,,,,,,,,,,,,,,其他,0,0,0.5,1.0,0,0.0588235294117647,-0.07916986933128356,0.05503458877786316,0.7459349593495935,0.5,0.5,0.5,0.5,0.5,0.5,0.5,0.5,0.5,0.058823529411764705,0.030425963488843813,0.5436105476673428
2025-12-12,64.5,64.59,63.96,64.09,3601182.0,65.364,65.667,,,-0.0194908512330946,-0.0240151065223018,,,,,,,,-0.0147578785549575,-0.0109567901234567,-0.0999859570285071,,0.0263495938725173,0.0263748045254254,,12.388695314853123,-1.152257585962019,-1.056927468947251,-0.095330117014768,-52358640.0,11.342689488944773,5.142142857142855,,,,-0.0706818536433141,-0.0147578785549575,,12.388695314853123,-0.3512954700699506,0.0,0.0,0.0,0.5,,,,,,,,,,,,,,,,,,,,,,,,,,,,,,,,,,,,,,,,,,,,其他,0,0,0.5,1.0,0,0.0506072874493927,-0.06553284443750984,0.05788734591980016,0.6551724137931034,0.5,0.5,0.0020325203252032522,0.5,0.5,0.5,0.5,0.5,0.5,0.05060728744939271,0.0465587044534413,0.6093117408906883
2025-12-15,64.08,64.08,62.3,62.35,4251429.0,64.83000000000001,65.14500000000001,,,-0.0382538948017894,-0.0429042904290429,,,,,,,,-0.0271493212669683,-0.0410642879114118,-0.07725321888412,,0.0282781133411528,0.0231290473267315,,11.606819005576751,-1.2723704462516991,-1.1015873958953424,-0.1707830503563567,-56610069.0,10.94702127206942,3.404285714285712,,,,-0.0485966319165999,-0.0271493212669683,,11.606819005576751,0.1805648811973401,0.0,0.0,0.0,0.5,,,,,,,,,,,,,,,,,,,,,,,,,,,,,,,,,,,,,,,,,,,,其他,0,0,0.5,1.0,0,0.0445344129554655,-0.03817161186848439,0.07345629510826002,0.30628803245436104,0.5,0.5,0.0040650406504065045,0.5,0.5,0.5,0.5,0.5,0.5,0.044534412955465584,0.10931174089068826,0.659919028340081
2025-12-16,61.88,61.88,58.98,59.0,5420089.0,63.136,64.256,,,-0.0655093765838824,-0.0817978087649402,,,,,,,,-0.053728949478749,-0.1255372758262931,-0.1309471203417292,,0.019530552711533,0.0267271084931175,,11.6788321161916,-1.550695424658031,-1.1940104801980431,-0.3566849444599875,-62030158.0,13.133616579879998,2.925714285714283,,,,0.0223728813559322,-0.053728949478749,,11.6788321161916,0.2748863970208606,0.0,0.0,0.0,0.5,,,,,,,,,,,,,,,,,,,,,,,,,,,,,,,,,,,,,,,,,,,,其他,0,0,0.5,1.0,0,0.5890688259109311,0.004237288135593209,0.18305084745762712,0.030425963488843813,0.5,0.5,0.006097560975609756,0.5,0.5,0.5,0.5,0.5,0.5,0.5890688259109311,0.3481781376518219,0.8562753036437247
2025-12-17,58.89,59.19,57.77,59.02,3693336.0,61.902,63.658,,,-0.0465574617944493,-0.0728580853938232,,,,,,,,0.0003389830508475,-0.0946464181622948,-0.0919999999999999,,0.0220641809593158,0.0249468732743501,,14.777420834296096,-1.7424753242175657,-1.3062304173373689,-0.4362449068801968,-58336822.0,14.65617808816637,2.619999999999997,,,,0.0160962385631988,0.0003389830508475,,14.777420834296096,-0.318583883032179,0.0,0.0,0.0,0.5,,,,,,,,,,,,,,,,,,,,,,,,,,,,,,,,,,,,,,,,,,,,其他,0,0,0.5,1.0,0,0.4352226720647773,0.01084378176889178,0.30091494408675024,0.06896551724137931,0.5,0.5,0.01016260162601626,0.5,0.5,0.5,0.5,0.5,0.5,0.4352226720647773,0.4777327935222672,0.9473684210526315
2025-12-18,58.6,60.36,58.4,58.98,3035362.0,60.688,63.097,,,-0.0281439493804377,-0.0652487439973374,,,,,,,,-0.0006777363605559,-0.0933128362797848,-0.086855550394798,,0.0223607831183222,0.0250855955105548,,17.24692019152944,-1.8704787124248767,-1.4211502887145169,-0.4493284237103601,-61372184.0,19.79451917333543,2.441428571428569,,,,0.015598507968803,-0.0006777363605559,,17.24692019152944,-0.1781516764247823,0.0,0.0,0.0,0.5,,,,,,,,,,,,,,,,,,,,,,,,,,,,,,,,,,,,,,,,,,,,其他,0,0,0.5,1.0,0,0.3898989898989899,0.023058663953882785,0.4252288911495423,0.056795131845841784,0.5,0.5,0.03861788617886179,0.5,0.5,0.5,0.5,0.5,0.5,0.3898989898989899,0.5414141414141415,0.9777777777777777
2025-12-19,59.0,59.68,58.61,59.56,2353805.0,59.782,62.573,,,-0.0037134923555585,-0.0481517587457849,,,,,,,,0.0098338419803323,-0.0706818536433141,-0.0808641975308641,,0.0259906358372163,0.0255183932928313,,24.34336963266624,-1.9088931919573469,-1.5201252488627388,-0.388767943094608,-59018379.0,25.14897677660976,2.254999999999998,,,,0.0055406312961718,0.0098338419803323,,24.34336963266624,-0.2245389512025254,0.0,0.0,0.0,0.5,,,,,,,,,,,,,,,,,,,,,,,,,,,,,,,,,,,,,,,,,,,,其他,0,0,0.5,1.0,0,0.4848484848484848,0.06161853593015443,0.356615177971793,0.0486815415821501,0.5,0.5,0.06504065040650407,0.5,0.5,0.5,0.5,0.5,0.5,0.48484848484848486,0.7333333333333333,0.9595959595959596
2025-12-22,59.3,59.88,59.25,59.32,2546513.0,59.176,62.003,66.2,,0.0024334189536299,-0.0432720997371094,-0.1039274924471299,,66.2,79.69123536148368,52.70876463851632,0.2450196436544902,0.4075901921892235,-0.0040295500335796,-0.0485966319165999,-0.0876653337434635,,0.0251716338589958,0.0252533975891415,,22.408242110021163,-1.931110188321305,-1.6032809567934938,-0.3278292315278117,-61564892.0,31.856136154159444,2.034999999999999,0.3329320627975042,0.01385493072529,,0.0109575185434929,-0.0040295500335796,,22.408242110021163,0.0818708431667023,0.0,0.0,0.0,0.5,,,,,,,,,,,,,,,,,,,,,,,,,,,,,,,,,,,,,,,,,,,,其他,0,0,0.5,1.0,0,0.696969696969697,0.07231962238705325,0.37727579231287933,0.04259634888438134,0.5,0.5,0.04259634888438134,0.008130081300813009,0.01016260162601626,0.5,0.5,0.5,0.5,0.696969696969697,0.8101010101010101,0.9595959595959596
2025-12-23,59.31,60.48,58.88,60.32,3704547.0,59.44,61.288,65.03999999999999,,0.0148048452220728,-0.0157942827307139,-0.0725707257072569,,65.03999999999999,76.01599102347339,54.06400897652659,0.2849852468932313,0.3375150991222794,0.0168577208361428,0.0223728813559322,-0.1059730250481695,-0.2777777777777778,0.008631817982591,0.0215827017514886,0.0279868703512479,32.84457477668752,-1.8589711833309293,-1.654895058160234,-0.2040761251706955,-57860345.0,39.16747350661656,1.942857142857141,0.5698731318826219,0.0637488106562144,,-0.0177387267904509,0.0168577208361428,0.0279868703512479,32.84457477668752,0.4547528325989303,0.0,0.0,0.0,0.5,,,,,,,,,,,,,,,,,,,,,,,,,,,,,,,,,,,,,,,,,,,,其他,0,0,0.5,1.0,0,0.2525252525252525,0.0726127320954908,0.35543766578249336,0.5882352941176471,0.0,0.7378048780487805,0.19878296146044624,0.13008130081300814,0.044715447154471545,0.5,0.5,0.5,0.5,0.25252525252525254,0.7676767676767676,0.9474747474747475
2025-12-24,60.02,60.2,59.6,59.97,2470573.0,59.63,60.766,64.0385,,0.0057018279389569,-0.0130994306026396,-0.0635320939747183,,64.0385,72.67242397220957,55.404576027790434,0.2643887059278075,0.2696479140578273,-0.0058023872679044,0.0160962385631988,-0.0800736309249884,-0.250375,0.0097324302028895,0.0200479815707017,0.0273562513416871,32.98969071824848,-1.8044467695719104,-1.685027740393534,-0.1194190291783765,-60330918.0,45.19268840903791,1.817857142857141,0.44004297706238,0.064327485379699,,-0.0051692512923128,-0.0058023872679044,0.0273562513416871,32.98969071824848,-0.3330971371128508,0.0,0.0,0.0,0.5,,,,,,,,,,,,,,,,,,,,,,,,,,,,,,,,,,,,,,,,,,,,其他,0,0,0.5,1.0,0,0.548582995951417,0.10555277638819405,0.39419709854927465,0.4329268292682927,0.004073319755600814,0.7352342158859471,0.11178861788617886,0.07331975560081466,0.038696537678207736,0.5,0.5,0.5,0.5,0.548582995951417,0.8522267206477733,0.9635627530364372
2025-12-25,59.96,60.19,59.7,59.9,2170439.0,59.814,60.251,63.315,,0.0014377904838331,-0.0058256294501335,-0.0539366658769643,,63.315,70.62764657972748,56.002353420272506,0.2665004070144801,0.23099254772853,-0.0011672502918125,0.015598507968803,-0.0791698693312835,-0.1945677020303886,0.009783973075623,0.0200828315210126,0.0240153748717511,31.770833330023905,-1.7455241693647068,-1.6971988718669293,-0.0483252974977774,-62501357.0,50.484588841734805,1.7392857142857123,0.4219459631345725,0.0752248569086246,,0.0073455759599332,-0.0011672502918125,0.0240153748717511,31.770833330023905,-0.1214835586724213,0.0,0.0,0.0,0.5,,,,,,,,,,,,,,,,,,,,,,,,,,,,,,,,,,,,,,,,,,,,其他,0,0,0.5,1.0,0,0.6626262626262627,0.1457429048414023,0.4409015025041736,0.38866396761133604,0.008130081300813009,0.6727642276422764,0.09127789046653144,0.04065040650406504,0.036585365853658534,0.5,0.5,0.5,0.5,0.6626262626262627,0.896969696969697,0.9676767676767677
2025-12-26,59.73,60.54,59.62,59.89,2188536.0,59.88,59.831,62.749,,0.0001670006680027,0.0009861108789759,-0.045562479083332,,62.749,69.18897025164755,56.30902974835246,0.2780269249460909,0.2052612870846477,-0.0001669449081802,0.0055406312961718,-0.0655328444375098,-0.1589664372981322,0.0090691679822494,0.0200696117988916,0.0228845490746648,30.612244894719822,-1.6798449559962665,-1.6937116206143643,0.013866664618098,-64689893.0,47.85388427024217,1.724999999999999,0.4625422497444013,0.1021324354646229,,0.055768909667724,-0.0001669449081802,0.0228845490746648,30.612244894719822,0.0083379445356446,0.0,0.0,0.0,0.5,,,,,,,,,,,,,,,,,,,,,,,,,,,,,,,,,,,,,,,,,,,,其他,0,0,0.5,1.0,0,0.8336713995943205,0.13207547169811318,0.4381365837368507,0.4817073170731707,0.012244897959183673,0.6448979591836734,0.09164969450101833,0.026530612244897958,0.05102040816326531,0.5,0.5,0.5,0.5,0.8336713995943205,0.9026369168356998,0.9756592292089249
2025-12-29,60.39,60.73,59.89,59.97,2385712.0,60.010000000000005,59.593,62.36899999999999,,-0.0006665555740711,0.0063262463712181,-0.038464621847392,,62.36899999999999,68.50072217587402,56.23727782412596,0.3043779601210919,0.1966272403233721,0.0013357822674904,0.0109575185434929,-0.0381716118684843,-0.1124759508657687,0.0086106621278406,0.0188057579430226,0.0206210336979168,15.469613257674297,-1.6034579330938217,-1.6755924307463117,0.0721344976524902,-62304181.0,41.23500053568869,1.5528571428571414,0.5477798873191418,0.1111111111098642,,0.0606970151742538,0.0013357822674904,0.0206210336979168,15.469613257674297,0.0900949310406591,0.0,0.0,0.0,0.5,,,,,,,,,,,,,,,,,,,,,,,,,,,,,,,,,,,,,,,,,,,,其他,0,0,0.5,1.0,0,0.8505050505050505,0.11605802901450746,0.4432216108054028,0.6963562753036437,0.06097560975609756,0.5894308943089431,0.002028397565922921,0.07520325203252033,0.11382113821138211,0.5,0.5,0.5,0.5,0.8505050505050505,0.8585858585858586,0.9717171717171718
2025-12-30,59.5,59.56,58.35,59.25,2235293.0,59.79600000000001,59.618,61.937,,-0.0091310455548867,-0.0061726324264482,-0.043382792192066,,61.937,67.63288623481895,56.24111376518104,0.2641280136881266,0.1839251573311513,-0.0120060030015007,-0.0177387267904509,0.0042372881355932,-0.1272646928855502,0.0054214854084636,0.0080044802448085,0.0205127759150697,18.064516126312924,-1.5757591321736442,-1.6555652425695753,0.0798061103959311,-64539474.0,44.78036943058125,1.488571428571427,0.560734717551108,0.0318021201409685,,0.0919831223628693,-0.0120060030015007,0.0205127759150697,18.064516126312924,-0.0630499406466497,0.0,0.0,0.0,0.5,,,,,,,,,,,,,,,,,,,,,,,,,,,,,,,,,,,,,,,,,,,,其他,0,0,0.5,1.0,0,0.9068825910931174,0.17805907172995772,0.3856540084388185,0.2515212981744422,0.054989816700611,0.5845213849287169,0.008130081300813009,0.10772357723577236,0.10975609756097561,0.5,0.5,0.5,0.5,0.9068825910931174,0.9331983805668016,0.9655870445344129
2025-12-31,59.47,59.88,58.71,59.66,2367912.0,59.734,59.682,61.67,,-0.0012388254595372,-0.0003686203545457,-0.0325928328198477,,61.67,67.26100405256422,56.078995947435786,0.3202469555436846,0.1813200600796221,0.0069198312236287,-0.0051692512923128,0.0108437817688917,-0.0821538461538462,0.006892608903971,0.0082606114361612,0.0188614667228323,21.839080456575275,-1.5067031742873525,-1.6257206691623958,0.1190174948750433,-62171562.0,54.18546899767637,1.3349999999999993,0.6261426851077653,0.080094228503179,,0.1112973516594033,0.0069198312236287,0.0188614667228323,21.839080456575275,0.0593295822963702,0.0,0.0,0.0,0.5,,,,,,,,,,,,,,,,,,,,,,,,,,,,,,,,,,,,,,,,,,,,其他,0,0,0.5,1.0,0,0.9046653144016228,0.28695943680858216,0.3407643312101911,0.5487804878048781,0.14052953156822812,0.5336048879837068,0.012219959266802444,0.18533604887983707,0.1670061099796334,0.5,0.5,0.5,0.5,0.9046653144016227,0.9797160243407708,0.9655172413793104
2026-01-05,59.67,60.48,59.67,60.34,2869945.0,59.822,59.818,61.4575,,0.0086590217645681,0.0087264702932228,-0.0181832974006426,,61.4575,66.90236576123735,56.01263423876265,0.397380390165415,0.1771912544841065,0.0113979215554811,0.0073455759599332,0.0230586639538827,-0.0657996593899984,0.0088396993176571,0.0088330754619075,0.0191657518605003,29.81700753049049,-1.3866737225185588,-1.5778186238025116,0.1911449012839527,-59301617.0,62.36097383764573,1.3157142857142854,0.7840048579729543,0.1601884570063589,,0.1373881339078553,0.0113979215554811,0.0191657518605003,29.81700753049049,0.2120150579920199,0.0,0.0,0.0,0.5,,,,,,,,,,,,,,,,,,,,,,,,,,,,,,,,,,,,,,,,,,,,其他,0,0,0.5,1.0,0,0.917004048582996,0.3931057341730195,0.2749419953596288,0.6632860040567952,0.1402439024390244,0.5447154471544715,0.034552845528455285,0.21747967479674796,0.21747967479674796,0.5,0.5,0.5,0.5,0.917004048582996,0.9959514170040485,0.9615384615384616
2026-01-06,60.4,63.55,60.25,63.23,6621194.0,60.49,60.185,61.379,,0.0452967432633493,0.0505940018276978,0.0301568940517114,,61.379,66.6638817145554,56.09411828544459,0.6751221786889328,0.1722048816222746,0.0478952601922437,0.055768909667724,0.0616185359301544,-0.0242283950617283,0.0223644846646708,0.0169253070934912,0.0223023495023742,54.214559379703,-1.0685665723501645,-1.4758103633746402,0.4072437910244759,-52680423.0,74.53828663358115,1.4235714285714276,1.747562850077212,0.5005889281448692,,0.0722758184406135,0.0478952601922437,0.0223023495023742,54.214559379703,1.3070804492769024,0.0,0.0,0.0,0.5,,,,,,,,,,,,,,,,,,,,,,,,,,,,,,,,,,,,,,,,,,,,其他,0,0,0.5,1.0,0,0.8744939271255061,0.27787442669618856,0.23849438557646696,0.8356997971602435,0.29471544715447157,0.6016260162601627,0.4065040650406504,0.8333333333333334,0.6463414634146342,0.5,0.5,0.5,0.5,0.8744939271255061,0.9858299595141701,0.9453441295546559
2026-01-07,60.89,64.87,59.83,63.61,8860224.0,61.218,60.614,61.3085,,0.0390734751216963,0.0494275249942257,0.0375396560020226,,61.3085,66.42377032778481,56.193229672215175,0.7249636727336152,0.1668698574512987,0.006009805472086,0.0606970151742538,0.0723196223870532,-0.0216856351891725,0.0219476737168304,0.0165497400489044,0.0223370358339753,80.85676035967873,-0.780230792670146,-1.3365220186147573,0.5562912259446113,-43820199.0,87.88039038316039,1.542857142857142,2.219351527138884,0.5453474676025285,,0.0521930514070116,0.006009805472086,0.0223370358339753,80.85676035967873,0.3381610627932061,0.0,0.0,0.0,0.5,,,,,,,,,,,,,,,,,,,,,,,,,,,,,,,,,,,,,,,,,,,,其他,0,0,0.5,1.0,0,0.8036437246963563,0.28438924697374635,0.2641094167583713,0.8519269776876268,0.3556910569105691,0.5894308943089431,0.9085365853658537,0.9369918699186992,0.717479674796748,0.5,0.5,0.5,0.5,0.8036437246963563,0.9817813765182186,0.9595141700404858
2026-01-08,63.0,66.15,62.69,64.7,7370364.0,62.30799999999999,61.052,61.17,,0.0383899338768698,0.0597523422656096,0.0577080268105281,,61.17,65.6992732076431,56.64072679235689,0.889687245401116,0.1480880564863725,0.0171356704920611,0.0919831223628693,0.0726127320954908,-0.0410552838298502,0.0173530522163159,0.0165681209452741,0.0208974465243866,83.25526930719464,-0.4662726056900297,-1.1622995944981676,0.6960269888081378,-36449835.0,95.7902312819653,1.6885714285714286,1.857630375520212,0.9210950080366982,,0.0788253477588871,0.0171356704920611,0.0208974465243866,83.25526930719464,-0.1681515049732377,0.0,0.0,0.0,0.5,,,,,,,,,,,,,,,,,,,,,,,,,,,,,,,,,,,,,,,,,,,,其他,0,0,0.5,1.0,0,0.9107505070993914,0.26367851622874805,0.1998454404945902,0.9085365853658537,0.15274949083503056,0.5723014256619144,0.9552845528455285,0.9063136456211812,0.7841140529531568,0.5,0.5,0.5,0.5,0.9107505070993914,0.9716024340770791,0.9452332657200812
2026-01-09,64.5,66.96,64.12,66.3,6062566.0,63.636,61.685,61.2255,,0.0418630963605506,0.0748155953635405,0.0828821324448145,,61.2255,65.983604332831,56.46739566716898,1.0332480800055737,0.1554288436296393,0.0247295208655331,0.1112973516594033,0.105552776388194,0.0170271514035895,0.0163413817654104,0.0167274343805424,0.0202826779608092,86.2376237504225,-0.0977927050362836,-0.9492294050097936,0.8514366999735098,-30387269.0,96.06510818895698,1.751428571428571,1.520195149558305,0.9999999999863388,,0.1580693815987934,0.0247295208655331,0.0202826779608092,86.2376237504225,-0.177440083013539,0.0,0.0,0.0,0.5,,,,,,,,,,,,,,,,,,,,,,,,,,,,,,,,,,,,,,,,,,,,其他,0,0,0.5,1.0,0,0.9817444219066938,0.2610859728506787,0.16817496229260942,0.9065040650406504,0.48065173116089616,0.5458248472505092,0.959349593495935,0.7739307535641547,0.8289205702647657,0.5,0.5,0.5,0.5,0.9817444219066938,0.973630831643002,0.9269776876267748
2026-01-12,66.31,69.5,66.31,68.63,7694485.0,65.29400000000001,62.55800000000001,61.4045,,0.0510919839495203,0.0970619265321779,0.1176705290328883,,61.4045,66.96936903425598,55.83963096574402,1.1492066529694285,0.1812528083201366,0.0351432880844644,0.1373881339078553,0.1457429048414023,0.0550345887778631,0.0161449183574085,0.0178847054536836,0.0216425742375818,88.27004218366429,0.3638857789861589,-0.6864398055138357,1.0503255844999946,-22692784.0,96.47003207619916,1.903571428571428,1.8789146828464216,0.9999999999896372,,0.2248287920734373,0.0351432880844644,0.0216425742375818,88.27004218366429,0.2691795850140024,0.0,0.0,0.0,0.5,,,,,,,,,,,,,,,,,,,,,,,,,,,,,,,,,,,,,,,,,,,,其他,0,0,0.5,1.0,0,0.9918864097363084,0.2576132886492788,0.13492641701879649,0.9186991869918699,0.5458248472505092,0.5743380855397149,0.9654471544715447,0.8207739307535642,0.8757637474541752,0.5,0.5,0.5,0.5,0.9918864097363083,0.973630831643002,0.8924949290060852
2026-01-13,68.17,69.78,66.97,67.8,6178405.0,66.208,63.349,61.59,,0.0240454325761236,0.0702615668755621,0.1008280565026791,,61.59,67.74756616307381,55.43243383692618,1.0042576754708863,0.1999534392941652,-0.0120938365146436,0.0722758184406135,0.1320754716981131,0.0578873459198001,0.0181421764828502,0.0192668238229859,0.0215360765171757,84.08360127671087,0.658845935686827,-0.4172461598791166,1.0760920955659437,-28871189.0,96.707569991659,2.0592857142857137,1.4626779558211436,0.9139896372962284,,0.1917404129793509,-0.0120938365146436,0.0215360765171757,84.08360127671087,-0.1970346293481629,0.0,0.0,0.0,0.5,,,,,,,,,,,,,,,,,,,,,,,,,,,,,,,,,,,,,,,,,,,,其他,0,0,0.5,1.0,0,0.9878048780487804,0.2703539823008849,0.13539823008849572,0.8778004073319755,0.6122448979591837,0.5591836734693878,0.9714867617107943,0.6183673469387755,0.8938775510204081,0.5,0.5,0.5,0.5,0.9878048780487805,0.9715447154471545,0.8821138211382114
2026-01-14,67.7,69.48,66.12,66.93,5795328.0,66.872,64.045,61.819,,0.0008673286278264,0.0450464517136388,0.0826768469240848,,61.819,68.42024996138093,55.21775003861908,0.887123653081765,0.2135670250689997,-0.0128318584070794,0.0521930514070116,0.1160580290145074,0.07345629510826,0.0218439081094873,0.0206614054007521,0.0207015832020821,76.84809097420093,0.8168107808278577,-0.1703346125149315,0.9871453933427892,-34666517.0,87.47802689300612,2.185,1.347364849982263,0.8238341968826557,,0.2206783206334976,-0.0128318584070794,0.0207015832020821,76.84809097420093,-0.0620025718611841,0.0,0.0,0.0,0.5,,,,,,,,,,,,,,,,,,,,,,,,,,,,,,,,,,,,,,,,,,,,其他,0,0,0.5,1.0,0,0.9857723577235772,0.2931420887494396,0.14432989690721643,0.8065173116089613,0.6632653061224489,0.5448979591836735,0.9083503054989817,0.42244897959183675,0.8448979591836735,0.5,0.5,0.5,0.5,0.9857723577235772,0.9695121951219512,0.8983739837398373
2026-01-15,66.58,71.17,66.58,69.8,4888454.0,67.892,65.1,62.359,,0.0281034584339834,0.0721966205837174,0.1193251976458891,,62.359,69.71328239012375,55.00471760987625,1.005895722055228,0.2358691573024569,0.0428806215448975,0.0788253477588871,0.1780590717299577,0.1830508474576271,0.0263857622148573,0.0210888156319753,0.0176252828475417,83.14227915600821,1.1467942133001827,0.093176666947375,1.0536175463528077,-29778063.0,88.02305783345537,2.461428571428572,1.1435917327166214,0.9999999999907578,,0.1713467048710601,0.0428806215448975,0.0176252828475417,83.14227915600821,-0.1564836364740701,0.0,0.0,0.0,0.5,,,,,,,,,,,,,,,,,,,,,,,,,,,,,,,,,,,,,,,,,,,,其他,0,0,0.5,1.0,0,0.9675456389452332,0.17621776504297992,0.08882521489971351,0.9105691056910569,0.8594704684317719,0.4745417515274949,0.9776422764227642,0.7006109979633401,0.924643584521385,0.5,0.5,0.5,0.5,0.9675456389452333,0.9411764705882353,0.8154158215010142
2026-01-16,70.65,76.78,70.15,76.78,5623356.0,69.988,66.81199999999998,63.24699999999999,,0.0970452077499,0.149194755433156,0.2139706231125588,,63.24699999999999,72.84909867411122,53.64490132588876,1.2046896964497276,0.3036380752951459,0.1,0.1580693815987934,0.2869594368085821,0.3009149440867502,0.0466285942420351,0.0332933477804291,0.0268469581843013,88.82244709639603,1.9189794239456857,0.4584320440643955,1.4605473798812905,-24154707.0,88.7668159895225,2.9250000000000007,1.286470417120032,0.9999999999943822,,0.0889554571502995,0.1,0.0268469581843013,88.82244709639603,0.1503342365500422,0.0,0.0,0.0,0.5,,,,,,,,,,,,,,,,,,,,,,,,,,,,,,,,,,,,,,,,,,,,其他,0,0,0.5,1.0,0,0.854251012145749,0.04180776243813478,-0.028392810627767773,0.9776876267748479,0.9471544715447154,0.6991869918699187,0.9918864097363083,0.7606490872210954,0.9817444219066938,0.5,0.5,0.5,0.5,0.854251012145749,0.6821862348178138,0.30364372469635625
2026-01-19,76.78,84.46,76.78,84.06,9907303.0,73.074,69.184,64.501,,0.1503407504721241,0.2150208140610545,0.3032356087502519,,64.501,77.65174366518369,51.35025633481632,1.2436461578845033,0.4077686753744374,0.0948163584266736,0.2248287920734373,0.3931057341730195,0.4252288911495423,0.0549669970364984,0.0391552260833955,0.0321483300996512,91.6580489442151,3.0532644526866903,0.9775063333009084,2.0757581193857817,-14247404.0,90.19547212451964,3.407857142857143,2.101343195946625,0.9999999999959694,,0.0267665952890792,0.0948163584266736,0.0321483300996512,91.6580489442151,0.7618132303912468,0.0,0.0,0.0,0.5,,,,,,,,,,,,,,,,,,,,,,,,,,,,,,,,,,,,,,,,,,,,其他,0,0,0.5,1.0,0,0.6389452332657201,-0.08482036640494883,-0.10742326909350464,0.9878048780487805,0.9796747967479674,0.8008130081300813,0.9959349593495935,0.9410569105691057,0.9939024390243902,0.5,0.5,0.5,0.5,0.6389452332657201,0.12778904665314403,0.038539553752535496
2026-01-20,82.19,86.58,79.42,80.8,8688624.0,75.674,70.941,65.563,,0.0677379284827019,0.1389746408987748,0.2324024220978295,,65.563,80.36102134710835,50.76497865289166,1.014832342868459,0.4514137958020766,-0.0387818225077326,0.1917404129793509,0.2778744266961885,0.356615177971793,0.0623942646382729,0.0449875135733522,0.0345721534875393,82.35476855808338,3.65773035957686,1.5136402190774063,2.144090140499453,-22936028.0,91.143362864237,3.8592857142857135,1.7268495676721838,0.8686013704116541,,0.0659653465346534,-0.0387818225077326,0.0345721534875393,82.35476855808338,-0.1230081486354056,0.0,0.0,0.0,0.5,,,,,,,,,,,,,,,,,,,,,,,,,,,,,,,,,,,,,,,,,,,,其他,0,0,0.5,1.0,0,0.8626262626262626,-0.03081683168316829,-0.049628712871287006,0.9878542510121457,0.9595141700404858,0.8218623481781376,0.9554655870445344,0.8785425101214575,0.9838056680161943,0.5,0.5,0.5,0.5,0.8626262626262626,0.34545454545454546,0.13535353535353536
2026-01-21,80.49,82.31,78.1,81.7,5151698.0,78.628,72.75,66.68199999999999,,0.0390700513811874,0.1230240549828178,0.225218199814043,,66.68199999999999,82.816606938275,50.547393061724975,0.9653971447013472,0.4839269049593839,0.0111386138613862,0.2206783206334976,0.2843892469737463,0.3772757923128793,0.0583790858003886,0.0447667773500127,0.0342767798097647,84.67717021567663,4.157616614965463,2.042505796548175,2.115110818417288,-17784330.0,86.96637204431246,4.044285714285715,0.998053004487104,0.9048770656956676,,0.0593635250917992,0.0111386138613862,0.0342767798097647,84.67717021567663,-0.4070755047059234,0.0,0.0,0.0,0.5,,,,,,,,,,,,,,,,,,,,,,,,,,,,,,,,,,,,,,,,,,,,其他,0,0,0.5,1.0,0,0.8707070707070707,-0.015789473684210575,-0.06719706242350076,0.9838056680161943,0.9574898785425101,0.8157894736842105,0.9595141700404858,0.5890688259109311,0.9736842105263158,0.5,0.5,0.5,0.5,0.8707070707070707,0.3797979797979798,0.10101010101010101
2026-01-22,81.0,82.4,78.7,81.76,4337541.0,81.02000000000001,74.45599999999999,67.75399999999999,,0.0091335472722784,0.0980982056516601,0.2067184225285594,,67.75399999999999,84.92456036237301,50.58343963762697,0.90784924033701,0.5068500859682877,0.0007343941248469,0.1713467048710601,0.263678516228748,0.3554376657824933,0.0611967952096897,0.0454318316617763,0.034461253493638,84.50968144539934,4.505826463294113,2.5352223245055985,1.9706041387885147,-13446789.0,87.39480123756198,4.2250000000000005,0.8352029507619444,0.9072954453812686,,0.0041585127201564,0.0007343941248469,0.034461253493638,84.50968144539934,-0.1580366318056687,0.0,0.0,0.0,0.5,,,,,,,,,,,,,,,,,,,,,,,,,,,,,,,,,,,,,,,,,,,,其他,0,0,0.5,1.0,0,0.6181818181818182,-0.050513698630137105,-0.07179549902152649,0.9655870445344129,0.9453441295546559,0.8319838056680162,0.9433198380566802,0.4089068825910931,0.97165991902834,0.5,0.5,0.5,0.5,0.6181818181818182,0.2585858585858586,0.09494949494949495
2026-01-23,84.07,86.66,83.06,83.61,4556844.0,82.386,76.187,68.936,,0.0148568931614594,0.0974313203039889,0.2128641058372982,,68.936,87.07762576130263,50.79437423869739,0.904429023974528,0.5263324173516393,0.0226272015655577,0.0889554571502995,0.2610859728506787,0.3941970985492746,0.0487120669316103,0.0454358935830936,0.0341049915585782,85.05573967703894,4.868969202361996,3.0020114101006024,1.8669577922613927,-8889945.0,87.79906937067388,4.516428571428572,0.8601533513204093,0.9818621523539626,,-0.0432962564286568,0.0226272015655577,0.0341049915585782,85.05573967703894,0.0505592915432959,0.0,0.0,0.0,0.5,,,,,,,,,,,,,,,,,,,,,,,,,,,,,,,,,,,,,,,,,,,,其他,0,0,0.5,1.0,0,0.3171717171717171,-0.07367539767970332,-0.12952996053103694,0.8522267206477733,0.9615384615384616,0.8178137651821862,0.9595141700404858,0.37044534412955465,0.9676113360323887,0.5,0.5,0.5,0.5,0.31717171717171716,0.2,0.048484848484848485
2026-01-26,83.99,86.71,82.3,86.31,4323954.0,82.836,77.955,70.25649999999999,,0.0419382877009997,0.1071772176255532,0.2284984307501798,,70.25649999999999,89.44336752086329,51.06963247913669,0.9183460375293678,0.5461948010742349,0.0322927879440257,0.0267665952890792,0.2576132886492788,0.4409015025041736,0.0275069401676583,0.0453696422112527,0.0339725683420175,84.96969696609222,5.305600701993583,3.46276062544591,1.842840076547673,-4565991.0,87.71588469359801,4.595714285714286,0.7999342285748314,0.9999999999963046,,-0.1086780210867801,0.0322927879440257,0.0339725683420175,84.96969696609222,-0.0511077403571419,0.0,0.0,0.0,0.5,,,,,,,,,,,,,,,,,,,,,,,,,,,,,,,,,,,,,,,,,,,,其他,0,0,0.5,1.0,0,0.0949494949494949,-0.09755532383269616,-0.18143899895724713,0.6376518218623481,0.9635627530364372,0.8157894736842105,0.9615384615384616,0.18218623481781376,0.9655870445344129,0.5,0.5,0.5,0.5,0.09494949494949495,0.07474747474747474,0.030303030303030304
2026-01-27,87.01,90.28,85.03,86.13,4295414.0,83.902,79.788,71.5685,,0.0265547901122737,0.0794856369378853,0.2034624171248522,,71.5685,91.3500557634139,51.7869442365861,0.8680575020000388,0.5528006249505372,-0.0020855057351408,0.0659653465346534,0.2703539823008849,0.4381365837368507,0.0145461325921152,0.0445866766250867,0.0340320726055349,84.3292682890835,5.572792363996385,3.884789950618033,1.6880024133783516,-8861405.0,87.36621577626141,4.610714285714286,0.779463587660642,0.9933481152956636,,-0.0907929873447114,-0.0020855057351408,0.0340320726055349,84.3292682890835,-0.0066004402452014,0.0,0.0,0.0,0.5,,,,,,,,,,,,,,,,,,,,,,,,,,,,,,,,,,,,,,,,,,,,其他,0,0,0.5,1.0,0,0.0626262626262626,-0.10623476140717514,-0.18634622082897945,0.8623481781376519,0.9736842105263158,0.8218623481781376,0.9676113360323887,0.2773279352226721,0.9655870445344129,0.5,0.5,0.5,0.5,0.06262626262626263,0.05656565656565657,0.030303030303030304
2026-01-28,86.12,87.38,83.0,86.55,4204263.0,84.872,81.75,72.89750000000001,,0.0197709491940805,0.0587155963302752,0.1872835145238174,,72.89750000000001,92.96747010461156,52.82752989538847,0.8401225793749189,0.5506353470169487,0.0048763497039359,0.0593635250917992,0.2931420887494396,0.4432216108054028,0.0150026075508944,0.0432451649472217,0.0339451990961667,84.00248988118258,5.750735905063479,4.257995396896897,1.492740508166582,-4657142.0,81.39307695577565,4.676428571428571,0.7505389899403629,0.999999999996337,,-0.0709416522241479,0.0048763497039359,0.0339451990961667,84.00248988118258,-0.0212205389282615,0.0,0.0,0.0,0.5,,,,,,,,,,,,,,,,,,,,,,,,,,,,,,,,,,,,,,,,,,,,其他,0,0,0.5,1.0,0,0.1151515151515151,-0.11507798960138638,-0.18625072212593863,0.8704453441295547,0.97165991902834,0.8218623481781376,0.9615384615384616,0.3481781376518219,0.9595141700404858,0.5,0.5,0.5,0.5,0.11515151515151516,0.05858585858585859,0.022222222222222223
2026-01-29,87.57,89.98,81.0,82.1,4391384.0,84.94,82.97999999999999,74.03999999999999,,-0.0334353661408053,-0.0106049650518196,0.1088600756347919,,74.03999999999999,93.42878243238928,54.6512175676107,0.7078521440950528,0.5237380451745842,-0.0514153668399769,0.0041585127201564,0.1762177650429799,0.3856540084388185,0.0324752055102925,0.0492280331375639,0.0368608323623683,72.58433390218359,5.478802612787149,4.502165348155991,0.976637264631158,-9048526.0,75.37519523973187,5.115,0.7691413495304436,0.8345109706179452,,-0.0544457978075517,-0.0514153668399769,0.0368608323623683,72.58433390218359,0.0445074439919672,0.0,0.0,0.0,0.5,,,,,,,,,,,,,,,,,,,,,,,,,,,,,,,,,,,,,,,,,,,,其他,0,0,0.5,1.0,0,0.1878787878787878,-0.07429963459196098,-0.14336175395858708,0.6174089068825911,0.9676113360323887,0.8461538461538461,0.8805668016194332,0.2975708502024291,0.9230769230769231,0.5,0.5,0.5,0.5,0.18787878787878787,0.12323232323232323,0.05454545454545454
2026-01-30,81.39,82.46,79.8,79.99,2703164.0,84.216,83.301,75.0565,,-0.0501804882682626,-0.039747421999736,0.0657304830361127,,75.0565,93.37299159120076,56.74000840879925,0.6346737167260399,0.4880720947866301,-0.0257003654080389,-0.0432962564286568,0.0418077624381347,0.3407643312101911,0.0317082856343682,0.041191315469775,0.0380365043087409,66.34062140124058,5.039022638414892,4.6095397993706175,0.4294828390442742,-11751690.0,70.42970219634172,5.076428571428571,0.4720673330102001,0.7497138496728358,,-0.0317539692461557,-0.0257003654080389,0.0380365043087409,66.34062140124058,-0.3844391654202866,0.0,0.0,0.0,0.5,,,,,,,,,,,,,,,,,,,,,,,,,,,,,,,,,,,,,,,,,,,,其他,0,0,0.5,1.0,0,0.2383838383838384,-0.06738342292786603,-0.16027003375421922,0.3157894736842105,0.9676113360323887,0.8461538461538461,0.8178137651821862,0.06275303643724696,0.868421052631579,0.5,0.5,0.5,0.5,0.2383838383838384,0.12525252525252525,0.03434343434343434
2026-02-02,80.82,80.82,76.33,76.93,2666171.0,82.34,82.588,75.886,,-0.0657031819285887,-0.0685087421901485,0.0137574783227474,,75.886,92.84892601373272,58.92307398626728,0.5307729927932757,0.4470633849118509,-0.0382547818477307,-0.1086780210867801,-0.0848203664049488,0.2749419953596288,0.0237737710462671,0.0284094553149042,0.0398893901338095,62.34117328771893,4.398487699849596,4.567328438121602,-0.1688407382720056,-14417861.0,65.69417126997384,5.19642857142857,0.4664369900487695,0.5874785591741536,,0.0124788769010788,-0.0382547818477307,0.0398893901338095,62.34117328771893,-0.0136850742315302,0.0,0.0,0.0,0.5,,,,,,,,,,,,,,,,,,,,,,,,,,,,,,,,,,,,,,,,,,,,其他,0,0,0.5,1.0,0,0.2686868686868687,-0.024697777200052062,-0.10373066424021837,0.0931174089068826,0.9615384615384616,0.8582995951417004,0.868421052631579,0.09716599190283401,0.8036437246963563,0.5,0.5,0.5,0.5,0.2686868686868687,0.10909090909090909,0.06464646464646465
2026-02-03,77.71,79.0,76.66,78.31,2137452.0,80.776,82.339,76.64,,-0.0305288699613746,-0.0489318548925782,0.0217901878914406,,76.64,92.54167286797215,60.73832713202785,0.5525101985750295,0.4149705863244103,0.0179383855453008,-0.0907929873447114,-0.0308168316831682,0.2384943855764669,0.0291535893435255,0.0273236987251405,0.0390622283748471,65.17333333090019,3.95426377924538,4.444713318819532,-0.4904495395741515,-12280409.0,68.37621632030567,5.123571428571428,0.38920438773115,0.6408020924122025,,-0.016983782403269,0.0179383855453008,0.0390622283748471,65.17333333090019,-0.1983064852179399,0.0,0.0,0.0,0.5,,,,,,,,,,,,,,,,,,,,,,,,,,,,,,,,,,,,,,,,,,,,其他,0,0,0.5,1.0,0,0.1757575757575757,-0.01941003703230748,-0.117609500702337,0.06072874493927125,0.9453441295546559,0.8481781376518218,0.8765182186234818,0.04251012145748988,0.7793522267206477,0.5,0.5,0.5,0.5,0.17575757575757575,0.12323232323232323,0.06868686868686869
2026-02-04,78.68,81.78,78.68,80.41,3011000.0,79.548,82.21000000000001,77.48,,0.0108362246693818,-0.0218951465758424,0.0378162106350024,,77.48,92.21570815186172,62.74429184813828,0.599418364212441,0.3803745005638283,0.0268164985314773,-0.0709416522241479,-0.0157894736842105,0.2641094167583713,0.0346809525982166,0.0286299325159317,0.03918636435714,64.44323441082983,3.725341670237072,4.30083693563068,-0.5754952653936085,-9269409.0,67.81176930616678,5.043571428571427,0.5791065622428484,0.718993135008151,,-0.0475065290386766,0.0268164985314773,0.03918636435714,64.44323441082983,0.4086866044243333,0.0,0.0,0.0,0.5,,,,,,,,,,,,,,,,,,,,,,,,,,,,,,,,,,,,,,,,,,,,其他,0,0,0.5,1.0,0,0.0666666666666666,-0.05223230941425194,-0.10682750901629157,0.11336032388663968,0.9574898785425101,0.8522267206477733,0.8178137651821862,0.21862348178137653,0.7773279352226721,0.5,0.5,0.5,0.5,0.06666666666666667,0.07272727272727272,0.10505050505050505
2026-02-05,79.73,80.35,77.6,77.63,1822000.0,78.654,81.797,78.1265,,-0.0130190454395199,-0.0509431886254997,-0.0063550779825026,,78.1265,91.58016359808838,64.67283640191161,0.4815477770635391,0.3444071754928523,-0.0345728143265763,-0.0544457978075517,-0.0505136986301371,0.1998454404945902,0.0307482442724814,0.0304798603719849,0.0405464963125153,51.30648631811161,3.285756259459319,4.097818482335456,-0.8120622228761372,-11091409.0,63.28696939688437,4.745714285714285,0.3701769594180607,0.5595061728367432,,-0.0209970372278757,-0.0345728143265763,0.0405464963125153,51.30648631811161,-0.3948854201262038,0.0,0.0,0.0,0.5,,,,,,,,,,,,,,,,,,,,,,,,,,,,,,,,,,,,,,,,,,,,其他,0,0,0.5,1.0,0,0.2141414141414141,-0.022414015200309056,-0.11258534071879422,0.1862348178137652,0.9433198380566802,0.8582995951417004,0.4817813765182186,0.0465587044534413,0.4817813765182186,0.5,0.5,0.5,0.5,0.21414141414141413,0.15555555555555556,0.08686868686868687
2026-02-06,77.59,78.0,76.0,77.45,1750000.0,78.146,81.181,78.684,,-0.0089064059580784,-0.0459590298222489,-0.0156829851049767,,78.684,90.94545419382916,66.42254580617083,0.4496797043589659,0.3116632147276088,-0.002318691227618,-0.0317539692461557,-0.0736753976797033,0.1681749622926094,0.0296659187618243,0.0289740861961231,0.0404773148202291,37.003539124978175,2.8897831318315355,3.8562092052824593,-0.9664260734509238,-12841409.0,54.687753750471465,4.339999999999999,0.3718386806568668,0.5361875637077668,,-0.0367979341510653,-0.002318691227618,0.0404773148202291,37.003539124978175,-0.0395170142700329,0.0,0.0,0.0,0.5,,,,,,,,,,,,,,,,,,,,,,,,,,,,,,,,,,,,,,,,,,,,其他,0,0,0.5,1.0,0,0.107070707070707,-0.06029696578437704,-0.0916720464816011,0.23684210526315788,0.9230769230769231,0.8623481781376519,0.1882591093117409,0.03441295546558704,0.4089068825910931,0.5,0.5,0.5,0.5,0.10707070707070707,0.08484848484848485,0.1292929292929293
2026-02-09,77.73,80.07,76.12,77.89,2692646.0,78.338,80.339,79.147,,-0.005718808241211,-0.0304833269022516,-0.0158818401202825,,79.147,90.4736394886244,67.82036051137561,0.4445113441940617,0.2862177843407857,0.0056810845706907,0.0124788769010788,-0.0975553238326961,0.1349264170187964,0.0236492616942467,0.0260099313763641,0.0399921643798552,43.56479433609064,2.581157484838186,3.60119699768981,-1.0200395128516235,-10148763.0,48.89460166142448,4.110714285714285,0.6042403298261955,0.5586136595282436,,-0.0367184490948774,0.0056810845706907,0.0399921643798552,43.56479433609064,0.5386548571428571,0.0,0.0,0.0,0.5,,,,,,,,,,,,,,,,,,,,,,,,,,,,,,,,,,,,,,,,,,,,其他,0,0,0.5,1.0,0,0.1113360323886639,-0.09295159840801126,-0.09975606624727174,0.2657200811359026,0.8864097363083164,0.8600405679513184,0.2697768762677485,0.32454361054766734,0.29006085192697767,0.5,0.5,0.5,0.5,0.11133603238866396,0.11740890688259109,0.16396761133603238
2026-02-10,77.69,77.99,76.01,76.98,2186203.0,78.072,79.424,79.60600000000001,,-0.0139870888410698,-0.0307715551974214,-0.0329874632565385,,79.60600000000001,89.67019897719805,69.54180102280196,0.3695375555478108,0.2528502619698365,-0.0116831428938245,-0.016983782403269,-0.1062347614071751,0.1353982300884957,0.0225657736223887,0.0258660717393416,0.0399819012129476,39.56675508154758,2.238391208973823,3.328634246542985,-1.0902430375691616,-12334966.0,52.16435596726268,3.951428571428569,0.5135982901255249,0.5122324158995301,,-0.0024681735515718,-0.0116831428938245,0.0399819012129476,39.56675508154758,-0.1880837659313552,0.0,0.0,0.0,0.5,,,,,,,,,,,,,,,,,,,,,,,,,,,,,,,,,,,,,,,,,,,,其他,0,0,0.5,1.0,0,0.3306288032454361,-0.08963367108339837,-0.09469992205767741,0.17276422764227642,0.8780487804878049,0.8638211382113821,0.20528455284552846,0.258130081300813,0.16463414634146342,0.5,0.5,0.5,0.5,0.3306288032454361,0.16024340770791076,0.1724137931034483
2026-02-11,76.99,77.63,75.7,76.59,1614500.0,77.308,78.428,80.089,,-0.0092875252237802,-0.0234355077268322,-0.0436888961030852,,80.089,88.35902170174728,71.81897829825272,0.2884527921317562,0.2065207881665886,-0.005066250974279,-0.0475065290386766,-0.1150779896013863,0.1443298969072164,0.015289412186707,0.0253803664027244,0.0398154273608113,38.73638343990277,1.9136414943379805,3.04563437256669,-1.1319928782287096,-13949466.0,45.4687640345428,3.8249999999999966,0.3988784905558383,0.4053731343259384,,-0.0049614832223529,-0.005066250974279,0.0398154273608113,38.73638343990277,-0.2615049929032208,0.0,0.0,0.0,0.5,,,,,,,,,,,,,,,,,,,,,,,,,,,,,,,,,,,,,,,,,,,,其他,0,0,0.5,1.0,0,0.3394308943089431,-0.08042825434129774,-0.12704008356182273,0.06313645621181263,0.8961303462321792,0.8615071283095723,0.21792260692464357,0.09775967413441955,0.09775967413441955,0.5,0.5,0.5,0.5,0.3394308943089431,0.12195121951219512,0.1443089430894309
2026-02-12,76.19,77.26,75.5,76.0,1709161.0,76.982,77.81800000000001,80.399,,-0.0127562287287937,-0.0233622041172995,-0.0547146108782448,,80.399,87.4148074149889,73.3831925850111,0.1864936749389371,0.174524743217706,-0.0077033555294425,-0.0209970372278757,-0.0742996345919609,0.0888252148997135,0.0065229372301206,0.0212363131659431,0.0390486382741191,32.45735361708435,1.5909259473203434,2.75469159897127,-1.1637656516509267,-15658627.0,37.10715681282846,3.600714285714284,0.4395273620383755,0.0,,-0.0014473684210526,-0.0077033555294425,0.0390486382741191,32.45735361708435,0.0586317745432021,0.0,0.0,0.0,0.5,,,,,,,,,,,,,,,,,,,,,,,,,,,,,,,,,,,,,,,,,,,,其他,0,0,0.5,1.0,0,0.2165991902834008,-0.07460526315789473,-0.1339473684210527,0.21095334685598377,0.8133874239350912,0.8580121703853956,0.1744421906693712,0.05070993914807302,0.06490872210953347,0.5,0.5,0.5,0.5,0.2165991902834008,0.08502024291497975,0.18016194331983806
2026-02-13,75.83,75.99,74.51,74.6,1309700.0,76.412,77.27900000000001,80.28999999999999,,-0.023713552845103,-0.0346665976526613,-0.0708681031261676,,80.28999999999999,87.60395206005924,72.97604793994074,0.1110174121126927,0.1821883686648434,-0.018421052631579,-0.0367979341510653,-0.067383422927866,-0.0283928106277677,0.0088945863983528,0.0206595347912496,0.0322699750398435,21.284943598342338,1.2095753943312817,2.4456674330859363,-1.2360920387546548,-16968327.0,28.020751174328662,3.3921428571428547,0.3565797540838483,0.0,,-0.024396782841823,-0.018421052631579,0.0322699750398435,21.284943598342338,-0.2337175959432728,0.0,0.0,0.0,0.5,,,,,,,,,,,,,,,,,,,,,,,,,,,,,,,,,,,,,,,,,,,,其他,0,0,0.5,1.0,0,0.2267206477732793,-0.09959785522788189,-0.1631367292225201,0.10344827586206896,0.3022312373225152,0.7606490872210954,0.04259634888438134,0.02434077079107505,0.05476673427991886,0.5,0.5,0.5,0.5,0.22672064777327935,0.06680161943319839,0.22469635627530365
2026-02-24,75.36,76.4,74.32,75.03,2137887.0,75.84,77.089,79.8385,,-0.0106803797468354,-0.0267093878504066,-0.0602278349417886,,79.8385,87.28619346138383,72.39080653861616,0.1771819339135193,0.1865689726478956,0.0057640750670242,-0.0367184490948774,-0.024697777200052,-0.1074232690935046,0.0089252141097322,0.0176772697721198,0.0232405236740549,23.110465114711488,0.9309702964016396,2.142727280351525,-1.2117569839498854,-14830440.0,22.40310272993976,3.165714285714284,0.6509057155861158,0.0359832635980258,,-0.0583766493402638,0.0057640750670242,0.0232405236740549,23.110465114711488,0.6323486294571277,0.0,0.0,0.0,0.5,,,,,,,,,,,,,,,,,,,,,,,,,,,,,,,,,,,,,,,,,,,,其他,0,0,0.5,1.0,0,0.2591093117408907,-0.0810342529654805,-0.1518059442889511,0.10953346855983773,0.036511156186612576,0.5557809330628803,0.016227180527383367,0.2778904665314402,0.036511156186612576,0.5,0.5,0.5,0.5,0.2591093117408907,0.07489878542510121,0.19635627530364372
2026-02-25,75.3,77.49,74.84,76.79,1787278.0,75.802,76.937,79.638,,0.0130339568876811,-0.0019106541715948,-0.0357618222456616,,79.638,87.19185603864902,72.08414396135099,0.3114870083928351,0.1897048152550172,0.0234572837531654,-0.0024681735515718,-0.0194100370323074,-0.049628712871287,0.0158669220322607,0.0184505233868407,0.0226969286243714,27.79799817839323,0.8411026726126352,1.8824018601193149,-1.0412991875066795,-13043162.0,29.832542574411377,3.0421428571428555,0.6080390880764288,0.1832635983248272,,-0.087381169423102,0.0234572837531654,0.0226969286243714,27.79799817839323,-0.1639979100859867,0.0,0.0,0.0,0.5,,,,,,,,,,,,,,,,,,,,,,,,,,,,,,,,,,,,,,,,,,,,其他,0,0,0.5,1.0,0,0.1700404858299595,-0.10014324781872652,-0.15496809480401097,0.3286004056795132,0.13184584178498987,0.539553752535497,0.02434077079107505,0.13793103448275862,0.06896551724137931,0.5,0.5,0.5,0.5,0.1700404858299595,0.08097165991902834,0.1700404858299595
2026-02-26,76.8,77.22,74.5,76.21,1775607.0,75.726,76.517,79.3635,70.74849999999999,0.0063914639621793,-0.0040121802998026,-0.0397348907243255,0.0771959829537021,79.3635,87.00040285804138,71.72659714195862,0.2935354122837348,0.1924537818526591,-0.0075530668055737,-0.0049614832223529,-0.0522323094142519,-0.0671970624235007,0.0160874408535868,0.0154903005244286,0.022498639893837,33.73826614868948,0.7152602784768334,1.6489731860624164,-0.933712907585583,-14818769.0,32.92017958144454,2.594999999999998,0.6408725852258192,0.1347280334716758,0.6249546608609903,-0.0758430652145386,-0.0075530668055737,0.022498639893837,33.73826614868948,-0.0065300417730201,0.0,0.0,0.0,0.5,,,,,,,,,,,,,,,,,,,,,,,,,,,,,,,,,,,,,,,,,,,,其他,0,0,0.5,1.0,0,0.1214574898785425,-0.05760398897782448,-0.17163101955123994,0.3407707910750507,0.09533468559837728,0.5294117647058824,0.09127789046653144,0.2515212981744422,0.09939148073022312,0.5,0.5,0.5,0.5,0.1214574898785425,0.2550607287449393,0.14777327935222673
2026-02-27,76.5,76.5,74.14,75.89,1932750.0,75.704,76.34299999999999,79.07,70.62133333333333,0.0024569375462328,-0.0059337463814624,-0.0402175287719741,0.0746044632405695,79.07,86.77003417627428,71.3699658237257,0.2935074100172365,0.1947649975025812,-0.0041989240257183,-0.0014473684210526,-0.022414015200309,-0.0717954990215264,0.0157900486297668,0.0115856903691925,0.0224799318669741,37.43872548698443,0.5832053486848707,1.4358193572610736,-0.8526140085762028,-16751519.0,34.00088749716262,2.573571428571426,0.7292381071933043,0.1079497907940762,0.6133478418548665,-0.0732639346422453,-0.0041989240257183,0.0224799318669741,37.43872548698443,0.0885010027556774,0.0,0.0,0.0,0.5,,,,,,,,,,,,,,,,,,,,,,,,,,,,,,,,,,,,,,,,,,,,其他,0,0,0.5,1.0,0,0.1138211382113821,-0.09223876663592045,-0.15799183028066943,0.2158859470468432,0.09164969450101833,0.5193482688391039,0.10386965376782077,0.41140529531568226,0.06313645621181263,0.5,0.5,0.5,0.5,0.11382113821138211,0.16056910569105692,0.17073170731707318
2026-03-02,75.0,75.98,72.5,72.78,2262400.0,75.34,75.876,78.5285,70.50099999999999,-0.0339792938677993,-0.0408034160999526,-0.0732027225784268,0.0323257826130127,78.5285,86.40542238858502,70.65157761141496,0.1351049485809308,0.2006130866774483,-0.0409803663196731,-0.024396782841823,-0.060296965784377,-0.1295299605310369,0.0235954737120844,0.0168725916187912,0.0230839495855557,37.32437385142002,0.2269612224483097,1.1940474931693663,-0.9670862707210566,-19013919.0,34.64828274854466,2.50142857142857,0.892237865787848,0.0,0.5005440696390987,-0.0770816158285243,-0.0409803663196731,0.0230839495855557,37.32437385142002,0.1705600827835984,0.0,0.0,0.0,0.5,,,,,,,,,,,,,,,,,,,,,,,,,,,,,,,,,,,,,,,,,,,,其他,0,0,0.5,1.0,0,0.1054766734279918,-0.03338829348722183,-0.11582852431986823,0.22560975609756098,0.042682926829268296,0.5223577235772358,0.08943089430894309,0.20934959349593496,0.054878048780487805,0.5,0.5,0.5,0.5,0.10547667342799188,0.36105476673427994,0.2880324543610548
2026-03-03,72.72,73.48,70.31,70.65,1957943.0,74.464,75.15200000000002,77.7455,70.439,-0.0512193811774815,-0.0599052586757505,-0.0912657324218122,0.0029954996521814,77.7455,85.4775290112998,70.01347098870022,0.0411618354228514,0.1989061491993707,-0.0292662819455893,-0.0583766493402638,-0.0929515984080112,-0.1814389989572471,0.0248767540474278,0.0177638234900488,0.0216785149662636,27.628504670637867,-0.223385020149351,0.910560768071246,-1.133945788220597,-20971862.0,35.08220857948935,2.560714285714284,0.8099555787655814,0.0,0.4232861806295858,-0.0240622788393489,-0.0292662819455893,0.0216785149662636,27.628504670637867,-0.1345725777934936,0.0,0.0,0.0,0.5,,,,,,,,,,,,,,,,,,,,,,,,,,,,,,,,,,,,,,,,,,,,其他,0,0,0.5,1.0,0,0.1477732793522267,-0.007501769285208737,-0.12200990799716915,0.25760649087221094,0.028397565922920892,0.4421906693711968,0.07099391480730223,0.12170385395537525,0.08113590263691683,0.5,0.5,0.5,0.5,0.14777327935222673,0.4311740890688259,0.2125506072874494
2026-03-04,69.52,70.95,68.78,70.08,1691090.0,73.122,74.462,76.943,70.42016666666667,-0.0416017067366866,-0.0588488087883753,-0.08919589826235,-0.0048305291334632,76.943,84.33510418017283,69.55089581982716,0.0357884688360065,0.1921449431439696,-0.008067940552017,-0.087381169423102,-0.0896336710833983,-0.1863462208289794,0.0162271329460022,0.0177527127701533,0.0216085817045954,16.86978832433502,-0.6188021513923161,0.6046879921790804,-1.2234901435713963,-22662952.0,25.220507109957623,2.4678571428571416,0.7393939290594309,0.0,0.4026115342749271,-0.0139840182648401,-0.008067940552017,0.0216085817045954,16.86978832433502,-0.1362925274126979,0.0,0.0,0.0,0.5,,,,,,,,,,,,,,,,,,,,,,,,,,,,,,,,,,,,,,,,,,,,其他,0,0,0.5,1.0,0,0.1818181818181818,-0.005565068493150638,-0.07876712328767121,0.1700404858299595,0.030364372469635626,0.43724696356275305,0.018218623481781375,0.2631578947368421,0.0931174089068826,0.5,0.5,0.5,0.5,0.18181818181818182,0.397979797979798,0.296969696969697
2026-03-05,71.43,72.66,70.2,70.43,1387600.0,71.96600000000001,73.846,76.137,70.46783333333333,-0.0213434121668565,-0.0462584297050618,-0.0749569854341515,-0.0005368879890823,76.137,82.57189205732902,69.70210794267098,0.0565582181362576,0.1690345576348049,0.004994292237443,-0.0758430652145386,-0.0804282543412977,-0.1862507221259386,0.0189850293167564,0.01829016155941,0.0216128805079499,22.644376897287174,-0.8937703489064148,0.3049961734662986,-1.1987665223727135,-21275352.0,30.803449124381743,2.4514285714285697,0.6465089078080907,0.0291181364390263,0.4153064925628756,0.0197359079937524,0.004994292237443,0.0216128805079499,22.644376897287174,-0.1794641326008669,0.0,0.0,0.0,0.5,,,,,,,,,,,,,,,,,,,,,,,,,,,,,,,,,,,,,,,,,,,,其他,0,0,0.5,1.0,0,0.5515151515151515,-0.050688627005537557,-0.10151923896067028,0.1214574898785425,0.020242914979757085,0.4291497975708502,0.058704453441295545,0.25101214574898784,0.08906882591093117,0.5,0.5,0.5,0.5,0.5515151515151515,0.3151515151515151,0.28484848484848485
2026-03-06,70.4,71.86,70.0,70.33,1373270.0,70.85400000000001,73.279,75.5485,70.50849999999998,-0.0073954893160586,-0.0402434531038905,-0.06907483272335,-0.0025316096640828,75.5485,81.83841598973287,69.25858401026714,0.0851693402164058,0.1665133256047316,-0.0014198494959535,-0.0732639346422453,-0.0746052631578947,-0.143361753958587,0.0194341091114454,0.0184165222763884,0.0193463962628717,22.78287461529854,-1.106920320177494,0.0226127612943781,-1.129533081471872,-22648622.0,31.40809218325085,2.44142857142857,0.6882209708161974,0.0242013552756611,0.4116793616234615,-0.0204749040238874,-0.0014198494959535,0.0193463962628717,22.78287461529854,-0.0103271836264052,0.0,0.0,0.0,0.5,,,,,,,,,,,,,,,,,,,,,,,,,,,,,,,,,,,,,,,,,,,,其他,0,0,0.5,1.0,0,0.3858585858585858,-0.06412626190814741,-0.0841746054315371,0.11336032388663968,0.05263157894736842,0.32186234817813764,0.020242914979757085,0.305668016194332,0.05465587044534413,0.5,0.5,0.5,0.5,0.38585858585858585,0.4888888888888889,0.6323232323232323
2026-03-09,69.65,69.65,65.49,67.17,2601816.0,69.732,72.536,74.9075,70.54466666666666,-0.0367406642574427,-0.073977059666924,-0.103294062677302,-0.0478373040248729,74.9075,81.86873363235374,67.94626636764626,-0.055756379446369,0.1858621268189285,-0.0449310393857528,-0.0770816158285243,-0.0995978552278818,-0.1602700337542192,0.0207901127224826,0.0217572004155949,0.0207258401844041,16.075949365664243,-1.5120103927017825,-0.2843119681466588,-1.2276984245551237,-25250438.0,20.896402047170383,2.5049999999999994,1.3072325873424508,0.0,0.2970620239379869,0.0473425636444839,-0.0449310393857528,0.0207258401844041,16.075949365664243,0.8946135865488942,0.0,0.0,0.0,0.5,,,,,,,,,,,,,,,,,,,,,,,,,,,,,,,,,,,,,,,,,,,,其他,0,0,0.5,1.0,0,0.898989898989899,-0.07056721750781603,-0.01890725026053297,0.10526315789473684,0.032388663967611336,0.39473684210526316,0.016194331983805668,0.7388663967611336,0.030364372469635626,0.5,0.5,0.5,0.5,0.898989898989899,0.7373737373737373,0.797979797979798
2026-03-10,68.5,69.91,68.01,68.95,1278463.0,69.39200000000001,71.928,74.5085,70.61733333333333,-0.006369610329721,-0.0414025136247357,-0.0746022265915968,-0.0236108226497743,74.5085,81.88408497234035,67.13291502765965,0.1231824308947969,0.1979796928492843,0.0264999255620068,-0.0240622788393489,-0.0810342529654805,-0.1037306642402183,0.0260191630517516,0.0242904969864611,0.0208884903652391,25.91481703441633,-1.670832383460933,-0.5616161225072088,-1.1092162609537244,-23971975.0,26.67643396549057,2.559285714285714,0.6655408973833257,0.1344410876122777,0.3616249546595518,0.0169688179840463,0.0264999255620068,0.0208884903652391,25.91481703441633,-0.5086266669126487,0.0,0.0,0.0,0.5,,,,,,,,,,,,,,,,,,,,,,,,,,,,,,,,,,,,,,,,,,,,其他,0,0,0.5,1.0,0,0.8441295546558705,-0.07701232777374911,-0.004931109499637487,0.1440162271805274,0.06288032454361055,0.44421906693711966,0.04665314401622718,0.2657200811359026,0.04665314401622718,0.5,0.5,0.5,0.5,0.8441295546558705,0.5587044534412956,0.8076923076923077
2026-03-11,68.95,69.35,67.42,69.1,1608200.0,69.196,71.159,74.048,70.68900000000001,-0.0013873634314123,-0.0289352014502735,-0.0668215211754538,-0.0224787449249531,74.048,81.57277619880536,66.52322380119465,0.1712194576097372,0.2032404980227742,0.002175489485134,-0.0139840182648401,-0.1001432478187265,-0.117609500702337,0.0260795588717495,0.0220421387385547,0.0202552339713682,27.20632988203965,-1.7642920517050698,-0.8021513578220092,-0.9621406938830606,-22363775.0,26.87447472325425,2.559285714285714,0.848889220379021,0.1457703927481432,0.3670656510686721,0.0085383502170768,0.002175489485134,0.0202552339713682,27.20632988203965,0.2579167328268397,0.0,0.0,0.0,0.5,,,,,,,,,,,,,,,,,,,,,,,,,,,,,,,,,,,,,,,,,,,,其他,0,0,0.5,1.0,0,0.8343434343434344,-0.06092619392185228,-0.04196816208393617,0.18016194331983806,0.06680161943319839,0.4251012145748988,0.05465587044534413,0.5060728744939271,0.06072874493927125,0.5,0.5,0.5,0.5,0.8343434343434344,0.5414141414141415,0.7333333333333333
2026-03-12,68.75,73.67,68.21,71.82,4982613.0,69.47399999999999,70.72,73.6185,70.80233333333332,0.0337680283271439,0.0155542986425338,-0.0244300006112594,0.0143733492775661,73.6185,80.57332044113457,66.66367955886543,0.3707011909754152,0.188942193636793,0.0393632416787264,0.0197359079937524,-0.0576039889778244,-0.1068275090162915,0.0323387771213308,0.0270988192263694,0.0214834599948436,38.7392241350089,-1.6013339280040242,-0.961987898159588,-0.6393460298444362,-17381162.0,41.41196915747712,2.823571428571429,2.499986013942857,0.4337686567123708,0.4657236126207263,-0.0690615427457531,0.0393632416787264,0.0214834599948436,38.7392241350089,2.098254570327074,0.0,0.0,0.0,0.5,,,,,,,,,,,,,,,,,,,,,,,,,,,,,,,,,,,,,,,,,,,,其他,0,0,0.5,1.0,0,0.2505050505050505,-0.12099693678641033,-0.0893901420217208,0.5506072874493927,0.10323886639676114,0.4716599190283401,0.23684210526315788,0.9736842105263158,0.3340080971659919,0.5,0.5,0.5,0.5,0.2505050505050505,0.1717171717171717,0.36363636363636365
2026-03-13,71.8,71.9,68.58,68.89,2051300.0,69.18599999999999,70.02000000000001,73.1815,70.82600000000001,-0.0042783222039139,-0.0161382462153671,-0.0586418698714839,-0.0273345946403863,73.1815,80.173261392412,66.189738607588,0.1931030852485343,0.1910800241154512,-0.0407964355332775,-0.0204749040238874,-0.0922387666359204,-0.1125853407187942,0.0383308368009375,0.0292750101785347,0.0219676867131944,35.788949723737986,-1.68821874275703,-1.1072340861993375,-0.5809846565576926,-19432462.0,40.51442916999922,2.954285714285715,1.0233365686027738,0.160447761192533,0.3594486760959035,-0.0445637973581072,-0.0407964355332775,0.0219676867131944,35.788949723737986,-0.5883083835730369,0.0,0.0,0.0,0.5,,,,,,,,,,,,,,,,,,,,,,,,,,,,,,,,,,,,,,,,,,,,其他,0,0,0.5,1.0,0,0.6214574898785425,-0.07243431557555524,0.009435331688198767,0.385395537525355,0.08519269776876268,0.4969574036511156,0.1947261663286004,0.6146044624746451,0.1643002028397566,0.5,0.5,0.5,0.5,0.6214574898785425,0.3441295546558704,0.8218623481781376
2026-03-16,68.3,70.87,67.88,70.35,1708030.0,69.822,69.777,72.8265,70.912,0.0075620864483971,0.0082118749731285,-0.0340054787748965,-0.0079253158844766,72.8265,79.62401123186791,66.02898876813208,0.3178377412293545,0.1866768616330204,0.0211932065611843,0.0473425636444839,-0.0333882934872218,-0.0916720464816011,0.031227978756947,0.028374029678972,0.0227738125190004,38.92045454287457,-1.6209945324210937,-1.2099861862647476,-0.4110083461563458,-17724432.0,33.42192220329268,3.019285714285715,0.8529816766723372,0.2966417910420083,0.4124047878113441,-0.1125799573560767,0.0211932065611843,0.0227738125190004,38.92045454287457,-0.1673426607517184,0.0,0.0,0.0,0.5,,,,,,,,,,,,,,,,,,,,,,,,,,,,,,,,,,,,,,,,,,,,其他,0,0,0.5,1.0,0,0.4291497975708502,-0.08528784648187637,-0.001421464108031234,0.9006085192697769,0.12778904665314403,0.49898580121703856,0.29411764705882354,0.4726166328600406,0.2961460446247465,0.5,0.5,0.5,0.5,0.4291497975708502,0.2145748987854251,0.7672064777327935
2026-03-17,70.35,71.23,69.55,70.12,1435490.0,70.056,69.724,72.438,70.9965,0.0009135548703895,0.0056795364580346,-0.0319997791214555,-0.0123456790123456,72.438,78.8967227024676,65.9792772975324,0.3205527542507401,0.1783241586586786,-0.0032693674484717,0.0169688179840463,-0.0075017692852087,-0.0997560662472717,0.0300362387491584,0.0268528271941391,0.022649828854887,32.976008165075726,-1.5681311089097676,-1.281615176828482,-0.2865159320812855,-19159922.0,32.23360012249974,2.950000000000002,0.7401092322219355,0.3007135575912263,0.4040623866506928,-0.0924130062749573,-0.0032693674484717,0.022649828854887,32.976008165075726,-0.1595639420853263,0.0,0.0,0.0,0.5,,,,,,,,,,,,,,,,,,,,,,,,,,,,,,,,,,,,,,,,,,,,其他,0,0,0.5,1.0,0,0.1902834008097166,-0.11537364517969195,0.0029948659440957037,0.845841784989858,0.1643002028397566,0.4908722109533469,0.2778904665314402,0.3265720081135903,0.39148073022312374,0.5,0.5,0.5,0.5,0.1902834008097166,0.09716599190283401,0.7530364372469636
2026-03-18,70.45,70.45,68.1,69.69,1061300.0,70.174,69.685,72.0735,71.08983333333335,-0.0068971413913986,7.1751452966895e-05,-0.0330704072925555,-0.019691048180823,72.0735,78.2704645370686,65.87653546293139,0.3076881039278749,0.1719623588991796,-0.0061323445521963,0.0085383502170768,-0.0055650684931506,-0.0946999220576774,0.0303718680959068,0.026798542300324,0.0225975164345969,33.23045267250397,-1.5430309940801976,-1.3338983438027034,-0.2091326502774941,-20221222.0,33.255002397386335,2.923571428571431,0.5635261433811644,0.2619542619515384,0.3884657236112134,-0.0688764528626775,-0.0061323445521963,0.0225975164345969,33.23045267250397,-0.2606705724177807,0.0,0.0,0.0,0.5,,,,,,,,,,,,,,,,,,,,,,,,,,,,,,,,,,,,,,,,,,,,其他,0,0,0.5,1.0,0,0.2489878542510121,-0.07361170899698655,-0.004304778303917289,0.8336713995943205,0.1744421906693712,0.486815415821501,0.24949290060851928,0.17038539553752535,0.34685598377281945,0.5,0.5,0.5,0.5,0.24898785425101214,0.23481781376518218,0.7125506072874493
2026-03-19,69.0,69.41,66.55,66.86,1447500.0,69.182,69.328,71.587,71.16499999999999,-0.0335636437223555,-0.0355988922224786,-0.0660315420397559,-0.0604932199817325,71.587,77.81865805426331,65.3553419457367,0.1207269430662869,0.1741002711177895,-0.0406084086669535,-0.0690615427457531,-0.0506886270055375,-0.1270400835618227,0.0266534928979109,0.0295492247742434,0.0239815165034309,29.43052391611832,-1.7308756970064962,-1.4132938187244573,-0.317581878282039,-21668722.0,34.10350682286919,2.9792857142857168,0.7720123933722883,0.0,0.2858179180258042,-0.0557882141788812,-0.0406084086669535,0.0239815165034309,29.43052391611832,0.3638933383586167,0.0,0.0,0.0,0.5,,,,,,,,,,,,,,,,,,,,,,,,,,,,,,,,,,,,,,,,,,,,其他,0,0,0.5,1.0,0,0.2327935222672064,-0.053544720311097804,0.011815734370326236,0.24746450304259635,0.14198782961460446,0.5030425963488844,0.30628803245436104,0.3488843813387424,0.26369168356997974,0.5,0.5,0.5,0.5,0.23279352226720648,0.3582995951417004,0.6963562753036437
2026-03-20,66.87,68.06,65.81,65.82,1158656.0,68.568,68.877,71.078,71.27866666666667,-0.0400770038501925,-0.0443834661788405,-0.0739750696418021,-0.076582053536355,71.078,77.45330630843077,64.70269369156924,0.0876276569601414,0.1793890179358394,-0.0155548908166318,-0.0445637973581072,-0.0641262619081474,-0.1339473684210527,0.0223308782066361,0.0297076175480703,0.0240664518510583,32.49496981662507,-1.941049365094841,-1.518844932551578,-0.422204432543263,-22827378.0,35.80870137249762,2.8914285714285737,0.6271668274337746,0.0,0.2480957562559008,-0.0291704649042843,-0.0155548908166318,0.0240664518510583,32.49496981662507,-0.199546804835924,0.0,0.0,0.0,0.5,,,,,,,,,,,,,,,,,,,,,,,,,,,,,,,,,,,,,,,,,,,,其他,0,0,0.5,1.0,0,0.1818181818181818,-0.021422060164083767,0.04071710726223032,0.6194331983805668,0.17813765182186234,0.48582995951417,0.4190283400809717,0.13562753036437247,0.37044534412955465,0.5,0.5,0.5,0.5,0.18181818181818182,0.696969696969697,0.6808080808080809
2026-03-23,65.0,65.01,62.0,62.43,1919770.0,66.98400000000001,68.40299999999999,70.46950000000001,71.33549999999998,-0.0679863848083125,-0.0873207315468618,-0.1140848168356524,-0.1248396660849083,70.46950000000001,77.69576051652118,63.24323948347884,-0.0562697318768073,0.2050890247982719,-0.051504102096627,-0.1125799573560767,-0.070567217507816,-0.1631367292225201,0.0215112119478237,0.0307152710970248,0.0259631052087192,30.558183536292248,-2.35333750580493,-1.685743452961705,-0.6675940528432251,-24747148.0,36.18628701015358,2.9378571428571445,1.0222699705527014,0.0,0.1251360174097747,0.0307544449783756,-0.051504102096627,0.0259631052087192,30.558183536292248,0.6568938494255414,0.0,0.0,0.0,0.5,,,,,,,,,,,,,,,,,,,,,,,,,,,,,,,,,,,,,,,,,,,,其他,0,0,0.5,1.0,0,0.2646464646464646,0.05558225212237722,0.09418548774627578,0.4271255060728745,0.22267206477732793,0.46963562753036436,0.4898785425101215,0.3582995951417004,0.4068825910931174,0.5,0.5,0.5,0.5,0.26464646464646463,0.7191919191919192,0.6868686868686869
2026-03-24,63.48,64.07,62.1,63.64,1263146.0,65.688,67.872,69.9,71.41316666666667,-0.031177688466691,-0.0623526638378123,-0.0895565092989986,-0.1088478081772968,69.9,77.40293696880734,62.39706303119267,0.0828300286918592,0.2146763081200743,0.0193817075124138,-0.0924130062749573,-0.0770123277737491,-0.1518059442889511,0.0281690124427253,0.0299285791089114,0.0265303851101901,35.215794304439754,-2.553214286556156,-1.859237624470246,-0.6939766620859094,-23484002.0,41.584302798930366,2.9235714285714294,0.6886590098598793,0.0842618384395246,0.1608058608052718,-0.0252985543683218,0.0193817075124138,0.0265303851101901,35.215794304439754,-0.342032639326586,0.0,0.0,0.0,0.5,,,,,,,,,,,,,,,,,,,,,,,,,,,,,,,,,,,,,,,,,,,,其他,0,0,0.5,1.0,0,0.1838383838383838,0.0780955373978629,0.10465116279069764,0.1882591093117409,0.19433198380566802,0.4291497975708502,0.3441295546558704,0.19838056680161945,0.29554655870445345,0.5,0.5,0.5,0.5,0.18383838383838383,0.8363636363636363,0.8141414141414142
2026-03-25,63.64,66.0,63.64,64.89,1076200.0,64.728,67.451,69.30499999999999,71.502,0.0025027808676307,-0.0379683029161909,-0.0637039174662721,-0.092472937819921,69.30499999999999,76.38267877500145,62.22732122499853,0.188103957499972,0.2042472772524708,0.0196417347580137,-0.0688764528626775,-0.0609261939218522,-0.1549680948040109,0.0330254436609702,0.0310495247974299,0.0263060967132096,37.78659611759692,-2.581198956685128,-2.0036298941022106,-0.5775690625829175,-22407802.0,40.59736615322647,2.907857142857144,0.5983352469831383,0.1785195936126379,0.2065934065926499,-0.0050855293573739,0.0196417347580137,0.0263060967132096,37.78659611759692,-0.1480003103362557,0.0,0.0,0.0,0.5,,,,,,,,,,,,,,,,,,,,,,,,,,,,,,,,,,,,,,,,,,,,其他,0,0,0.5,1.0,0,0.4331983805668016,0.020188010479272656,0.05578671598089091,0.24746450304259635,0.16835699797160245,0.40365111561866124,0.3752535496957404,0.1724137931034483,0.31237322515212984,0.5,0.5,0.5,0.5,0.4331983805668016,0.7408906882591093,0.7753036437246964
2026-03-26,64.91,65.1,62.26,63.13,1720963.0,63.98199999999999,66.582,68.651,71.5655,-0.0133162451939606,-0.0518458442221619,-0.080421261161527,-0.1178710412139927,68.651,75.45411971780135,61.847880282198645,0.0942302775032079,0.1981943370902519,-0.027122823239328,-0.0557882141788812,-0.1209969367864103,-0.1716310195512399,0.0307539988867507,0.0271738500874077,0.0266483091543728,35.20953163314323,-2.7138214225881683,-2.1456682023090017,-0.5681532202791666,-24128765.0,40.31087723110095,2.977857142857144,0.9582599496081406,0.0520059435360179,0.1421245421240216,0.0023760494218278,-0.027122823239328,0.0266483091543728,35.20953163314323,0.5991107600817691,0.0,0.0,0.0,0.5,,,,,,,,,,,,,,,,,,,,,,,,,,,,,,,,,,,,,,,,,,,,其他,0,0,0.5,1.0,0,0.5717171717171717,0.03595754791699668,0.06953904641216524,0.23279352226720648,0.145748987854251,0.4089068825910931,0.46963562753036436,0.7408906882591093,0.2388663967611336,0.5,0.5,0.5,0.5,0.5717171717171717,0.7191919191919192,0.7797979797979798
2026-03-27,62.39,64.42,62.16,63.9,684670.0,63.598,66.083,68.0515,71.62516666666667,0.0047485769992767,-0.0330342145483709,-0.061005268069036,-0.1078554791030155,68.0515,74.25544534910951,61.84755465089051,0.1654145252413895,0.182330892018556,0.0121970536987168,-0.0291704649042843,-0.0724343155755552,-0.1579918302806694,0.0322037033912806,0.0261868689128928,0.0270538717456412,42.551252844666415,-2.7254770166123308,-2.2616299668087607,-0.46384704980357,-23444095.0,43.65939190090959,2.793571428571429,0.3949591611523598,0.1420289855058739,0.1703296703290464,0.0079812206572769,0.0121970536987168,0.0270538717456412,42.551252844666415,-0.6021587913278786,0.0,0.0,0.0,0.5,,,,,,,,,,,,,,,,,,,,,,,,,,,,,,,,,,,,,,,,,,,,其他,0,0,0.5,1.0,0,0.8765182186234818,0.0882629107981221,0.04068857589984343,0.18052738336713997,0.1663286004056795,0.4279918864097363,0.592292089249493,0.04462474645030426,0.2738336713995943,0.5,0.5,0.5,0.5,0.8765182186234818,0.9190283400809717,0.7186234817813765
2026-03-30,63.0,64.82,62.75,64.35,1501615.0,63.98199999999999,65.483,67.63,71.69816666666667,0.0057516176424619,-0.0173022005711407,-0.0484991867514417,-0.1024875113031714,67.63,73.62318209125567,61.63681790874431,0.2263557197095429,0.177234425291936,0.0070422535211267,0.0307544449783756,-0.0852878464818763,-0.1158285243198682,0.0193747149854851,0.0248306245272491,0.0261068531529622,38.84578079270684,-2.6677037848000253,-2.342844731325376,-0.32485905347465,-21942480.0,43.93829812396281,2.7457142857142864,0.8856568347019954,0.2044728434483012,0.1868131868125023,0.0240870240870243,0.0070422535211267,0.0261068531529622,38.84578079270684,1.193195261951013,0.0,0.0,0.0,0.5,,,,,,,,,,,,,,,,,,,,,,,,,,,,,,,,,,,,,,,,,,,,其他,0,0,0.5,1.0,0,0.9271255060728744,0.09168609168609176,0.02750582750582775,0.2616632860040568,0.28600405679513186,0.40365111561866124,0.4949290060851927,0.5943204868154158,0.29817444219066935,0.5,0.5,0.5,0.5,0.9271255060728745,0.9352226720647774,0.708502024291498
2026-03-31,64.35,64.74,62.03,62.03,1619200.0,63.66,64.674,67.199,71.73366666666668,-0.0256047753691486,-0.040881961839379,-0.0769207875117189,-0.1352735349742799,67.199,73.50915856002302,60.88884143997697,0.0904223363929085,0.1878051328148822,-0.0360528360528359,-0.0252985543683218,-0.1153736451796919,-0.1220099079971691,0.0250078389696318,0.0261773237518431,0.0264693739801979,34.488810879847094,-2.7768139314887748,-2.4296385721432148,-0.34717535934556,-23561680.0,44.17228152109749,2.8014285714285725,0.9646452051378318,0.0,0.1018315018311288,0.1060777043366112,-0.0360528360528359,0.0264693739801979,34.488810879847094,0.078305690872827,0.0,0.0,0.0,0.5,,,,,,,,,,,,,,,,,,,,,,,,,,,,,,,,,,,,,,,,,,,,其他,0,0,0.5,1.0,0,0.9634888438133874,0.13380622279542154,-0.0406255037884895,0.18292682926829268,0.20934959349593496,0.47764227642276424,0.3983739837398374,0.6565040650406504,0.18089430894308944,0.5,0.5,0.5,0.5,0.9634888438133874,0.9614604462474645,0.2535496957403651
2026-04-01,63.1,64.87,62.72,64.56,1544451.0,63.59400000000001,64.161,66.923,71.8115,0.0151901122747428,0.006218731004816,-0.0353092359876275,-0.1009796481065009,66.923,73.18527838141327,60.66072161858673,0.3113306486785527,0.1871487644428347,0.0407867161051105,-0.0050855293573739,-0.0736117089969865,-0.0787671232876712,0.0312065223583283,0.0310681303407513,0.0284621857525989,33.93805309524278,-2.629114094687651,-2.469533676940823,-0.1595804177468278,-22017229.0,33.445139326324224,2.6142857142857148,0.9241498979797694,0.2584269662894954,0.1945054945047821,0.0254027261462206,0.0407867161051105,0.0284621857525989,33.93805309524278,-0.0461641551383399,0.0,0.0,0.0,0.5,,,,,,,,,,,,,,,,,,,,,,,,,,,,,,,,,,,,,,,,,,,,其他,0,0,0.5,1.0,0,0.8380566801619433,0.07481412639405205,-0.060873605947955434,0.43204868154158216,0.29411764705882354,0.5618661257606491,0.2718052738336714,0.6267748478701826,0.40973630831643004,0.5,0.5,0.5,0.5,0.8380566801619433,0.8643724696356275,0.22064777327935223
2026-04-02,64.16,64.54,62.95,63.28,881200.0,63.624,63.803,66.5655,71.86666666666666,-0.0054067647428643,-0.0081971067191197,-0.0493573998542788,-0.1194805194805194,66.5655,72.80110059151019,60.32989940848981,0.2365530431425577,0.1873523248980575,-0.0198265179677818,0.0023760494218278,-0.0535447203110978,-0.1015192389606702,0.029796713296686,0.0292238850143354,0.0286036485237185,36.61097851783983,-2.585400435886598,-2.4927070288641424,-0.0926934070224554,-22898429.0,35.7852095502964,2.492142857142857,0.5353933623799827,0.1276813074552842,0.1476190476185069,0.0335018963337547,-0.0198265179677818,0.0286036485237185,36.61097851783983,-0.4294412707169085,0.0,0.0,0.0,0.5,,,,,,,,,,,,,,,,,,,,,,,,,,,,,,,,,,,,,,,,,,,,其他,0,0,0.5,1.0,0,0.741869918699187,0.06905815423514539,-0.0549936788874843,0.5682281059063137,0.28105906313645623,0.5743380855397149,0.43380855397148677,0.15885947046843177,0.38085539714867617,0.5,0.5,0.5,0.5,0.741869918699187,0.7886178861788617,0.20121951219512196
2026-04-03,63.05,65.49,62.22,64.41,1997372.0,63.726,63.662,66.26950000000001,71.95266666666666,0.0107334525939177,0.0117495523232069,-0.02805966545696,-0.1048281740774026,66.26950000000001,72.31172501715179,60.22727498284823,0.34612456547413,0.1823531192220451,0.0178571428571427,0.0079812206572769,-0.0214220601640837,-0.0841746054315371,0.0304371910505271,0.029800235978714,0.029050055038,35.59650824200604,-2.431652585308157,-2.4804961400963883,0.0488435547882311,-20901057.0,45.73197356096947,2.512142857142856,1.1909693397418248,0.2431052093948607,0.1766455931566506,0.0796460176991151,0.0178571428571427,0.029050055038,35.59650824200604,1.266650022696323,0.0,0.0,0.0,0.5,,,,,,,,,,,,,,,,,,,,,,,,,,,,,,,,,,,,,,,,,,,,其他,0,0,0.5,1.0,0,0.8170731707317073,0.06349945660611711,-0.047818661698494025,0.8757637474541752,0.6334012219959266,0.5865580448065173,0.5539714867617108,0.869653767820774,0.7657841140529531,0.5,0.5,0.5,0.5,0.8170731707317073,0.5934959349593496,0.13821138211382114
2026-04-07,64.21,66.17,64.21,65.9,1828500.0,64.036,64.00899999999999,66.20599999999999,72.05666666666666,0.0291086263976514,0.0295427205549223,-0.0046219375887379,-0.0854420132303277,66.20599999999999,72.23505735845819,60.176942641541785,0.4746228985847882,0.1821302407168262,0.0231330538736223,0.0240870240870243,0.0555822521223772,-0.0189072502605329,0.0319230834774802,0.0249011369654499,0.0279671919316631,40.35648994257317,-2.1647564912782684,-2.41734821009878,0.2525917188205109,-19072557.0,46.53003679657856,2.532142857142856,1.1160060690955154,0.3953013278815605,0.2121327737496677,0.0660091047040969,0.0231330538736223,0.0279671919316631,40.35648994257317,-0.0845470948826758,0.0,0.0,0.0,0.5,,,,,,,,,,,,,,,,,,,,,,,,,,,,,,,,,,,,,,,,,,,,其他,0,0,0.5,1.0,0,0.77079107505071,0.03657056145675264,-0.0776934749620638,0.926829268292683,0.7987804878048781,0.5345528455284553,0.5772357723577236,0.8821138211382114,0.8211382113821138,0.5,0.5,0.5,0.5,0.77079107505071,0.5253549695740365,0.07910750507099391
2026-04-08,67.54,69.0,66.2,68.61,2604854.0,65.352,64.506,66.189,72.1945,0.0498531031950053,0.0636219886522184,0.0365770747405158,-0.0496505966520995,66.189,72.18731871180759,60.1906812881924,0.7018065491555262,0.1812482047409248,0.041122913505311,0.1060777043366112,0.0780955373978629,-0.0049311094996374,0.0248844097441725,0.0270816918115596,0.0288883751417258,47.76490065948382,-1.7150264851970434,-2.2768838647020573,0.5618573795050139,-16467703.0,55.8972034492961,2.585714285714284,1.5279963091394846,0.6721144024446162,0.2683523654148925,0.0250692318903948,0.041122913505311,0.0288883751417258,47.76490065948382,0.4245851791085588,0.0,0.0,0.0,0.5,,,,,,,,,,,,,,,,,,,,,,,,,,,,,,,,,,,,,,,,,,,,其他,0,0,0.5,1.0,0,0.8255578093306288,0.024631977845795072,-0.12286838653257537,0.9634146341463414,0.806910569105691,0.508130081300813,0.7134146341463414,0.9044715447154471,0.8678861788617886,0.5,0.5,0.5,0.5,0.8255578093306288,0.6632860040567952,0.04259634888438134
2026-04-09,67.92,68.42,65.86,66.2,1715000.0,65.68,64.637,66.04400000000001,72.244,0.0079171741778318,0.0241811965283043,0.0023620616558657,-0.0836609268589778,66.04400000000001,71.88414924106353,60.2038507589365,0.5133558230714194,0.1768563152157552,-0.0351260749161929,0.0254027261462206,0.0201880104792726,-0.0419681620839361,0.0317194851821543,0.0298361481932963,0.0299359444104211,48.60994102493455,-1.5351922950063257,-2.1285455504111384,0.5933532554048129,-18182703.0,55.22511343028415,2.557857142857141,1.0028703142492668,0.4259448416708284,0.1700652528541189,0.0481873111782475,-0.0351260749161929,0.0299359444104211,48.60994102493455,-0.3416137718275189,0.0,0.0,0.0,0.5,,,,,,,,,,,,,,,,,,,,,,,,,,,,,,,,,,,,,,,,,,,,其他,0,0,0.5,1.0,0,0.821501014198783,0.03489425981873118,-0.09365558912386707,0.8373983739837398,0.7296747967479674,0.5548780487804879,0.6707317073170732,0.725609756097561,0.7235772357723578,0.5,0.5,0.5,0.5,0.821501014198783,0.6977687626774848,0.08316430020283976
2026-04-10,66.53,67.85,65.33,65.4,1990063.0,66.104,64.864,65.723,72.27383333333333,-0.0106498850296501,0.0082634435125801,-0.00491456567716,-0.0951081880717547,65.723,70.89380101704704,60.55219898295296,0.468766928085029,0.157351338710624,-0.0120845921450151,0.0335018963337547,0.0359575479169966,-0.0893901420217208,0.0303370736316144,0.0285332562341192,0.0283910168098605,49.10638297579794,-1.4405600691924718,-1.9909484539063644,0.5503883847138926,-20172766.0,53.14174723393863,2.577142857142855,1.275302089634878,0.4050480769182094,0.137438825448053,0.0344036697247707,-0.0120845921450151,0.0283910168098605,49.10638297579794,0.1603865889212827,0.0,0.0,0.0,0.5,,,,,,,,,,,,,,,,,,,,,,,,,,,,,,,,,,,,,,,,,,,,其他,0,0,0.5,1.0,0,0.7849898580121704,0.03241590214067269,-0.07905198776758426,0.741869918699187,0.3617886178861789,0.4735772357723577,0.5,0.8617886178861789,0.5548780487804879,0.5,0.5,0.5,0.5,0.7849898580121704,0.7322515212981744,0.1359026369168357
2026-04-13,64.8,69.6,64.8,69.54,3211068.0,67.13000000000001,65.42800000000001,65.7555,72.35449999999999,0.0359004915834946,0.0628477104603533,0.0575541209480576,-0.0388987554333176,65.7555,71.01748071572213,60.493519284277866,0.859607931344792,0.1600468619572242,0.063302752293578,0.0796460176991151,0.0882629107981221,0.0094353316881987,0.0397560914806489,0.0341979288740499,0.030786505539776,64.65979381070008,-1.0200223052165,-1.7967632238736748,0.7767409186571748,-16961698.0,63.93536609966062,2.6471428571428555,1.984036107580304,0.9026442307583832,0.3062805872744444,-0.0149554213402359,0.063302752293578,0.030786505539776,64.65979381070008,0.6135509277846982,0.0,0.0,0.0,0.5,,,,,,,,,,,,,,,,,,,,,,,,,,,,,,,,,,,,,,,,,,,,其他,0,0,0.5,1.0,0,0.2246963562753036,-0.04371584699453557,-0.15875754961173438,0.8174442190669371,0.821501014198783,0.5841784989858012,0.7302231237322515,0.9452332657200812,0.896551724137931,0.5,0.5,0.5,0.5,0.22469635627530365,0.20647773279352227,0.03441295546558704
2026-04-14,69.66,71.95,69.38,70.25,2428848.0,68.0,66.018,65.7505,72.42033333333332,0.0330882352941177,0.0641037292859523,0.0684329396734624,-0.029968563156756,65.7505,70.99425709020285,60.506742909797154,0.9290339848420626,0.1595047061298354,0.0102099511072764,0.0660091047040969,0.0916860916860917,-0.0014214641080312,0.0396018601164475,0.0341922908045151,0.0305024697098716,63.91578946991656,-0.622324947697436,-1.5618755683532342,0.9395506206557982,-14532850.0,65.9499064619061,2.689999999999999,1.468031330196381,0.9999999999878344,0.3352365415973278,-0.0276156583629892,0.0102099511072764,0.0305024697098716,63.91578946991656,-0.2436011943689763,0.0,0.0,0.0,0.5,,,,,,,,,,,,,,,,,,,,,,,,,,,,,,,,,,,,,,,,,,,,其他,0,0,0.5,1.0,0,0.1862348178137652,-0.05879003558718854,-0.188896797153025,0.77079107505071,0.768762677484787,0.5801217038539553,0.8194726166328601,0.8924949290060852,0.9148073022312373,0.5,0.5,0.5,0.5,0.1862348178137652,0.1882591093117409,0.02834008097165992
2026-04-15,70.6,70.6,69.21,70.33,1709008.0,68.34400000000001,66.848,65.761,72.44866666666667,0.0290588786140697,0.0520883197702248,0.069478870455133,-0.02924369438591,65.761,71.04230326818356,60.47969673181644,0.9325636843685928,0.1606211361802749,0.0011387900355872,0.0250692318903948,0.1338062227954215,0.0029948659440957,0.0365446887666266,0.0305341698116539,0.0304907146381592,62.04605845496616,-0.2972716427868818,-1.3089547829942931,1.0116831402074111,-12823842.0,59.85726914662465,2.620714285714285,1.0244812096998317,0.999999999987952,0.3384991843379343,-0.0004265605004977,0.0011387900355872,0.0304907146381592,62.04605845496616,-0.2963709544607155,0.0,0.0,0.0,0.5,,,,,,,,,,,,,,,,,,,,,,,,,,,,,,,,,,,,,,,,,,,,其他,0,0,0.5,1.0,0,0.4493927125506073,-0.15384615384615385,-0.20162092990189107,0.8255578093306288,0.7545638945233266,0.5780933062880325,0.8600405679513184,0.6855983772819473,0.920892494929006,0.5,0.5,0.5,0.5,0.4493927125506073,0.020242914979757085,0.02631578947368421
2026-04-16,70.65,71.79,69.2,69.39,1772040.0,68.982,67.33099999999999,65.74600000000001,72.47516666666667,0.005914586413847,0.0305802676330368,0.0554254251209198,-0.0425686039585972,65.74600000000001,70.98182557708756,60.510174422912456,0.8479871460827177,0.1592743460310768,-0.0133655623489264,0.0481873111782475,0.074814126394052,-0.0043047783039172,0.0314376353506735,0.0298633599514136,0.0306172833935668,64.38419117232823,-0.1141499113196005,-1.0699938084736658,0.9558438971540651,-14595882.0,66.63603203412183,2.6028571428571428,1.0401089107969437,0.8867469879411237,0.3001631321358068,-0.012681942643032,-0.0133655623489264,0.0306172833935668,64.38419117232823,0.0368822147116925,0.0,0.0,0.0,0.5,,,,,,,,,,,,,,,,,,,,,,,,,,,,,,,,,,,,,,,,,,,,其他,0,0,0.5,1.0,0,0.5020242914979757,-0.12624297449200172,-0.1745208243262718,0.821501014198783,0.7139959432048681,0.5720081135902637,0.8296146044624746,0.7058823529411765,0.8316430020283976,0.5,0.5,0.5,0.5,0.5020242914979757,0.044534412955465584,0.048582995951417005
2026-04-17,69.37,69.4,67.48,67.65,2176153.0,69.43199999999999,67.768,65.7855,72.48716666666665,-0.0256653992395434,-0.001741234801086,0.0283421118635567,-0.0667313524462948,65.7855,71.06841974694218,60.50258025305782,0.6764649180040594,0.1606104611786533,-0.0250756593169043,0.0344036697247707,0.0690581542351453,0.0118157343703262,0.034124655980099,0.0304402726128908,0.0297104709177182,58.24901011519806,-0.1080959518543238,-0.8776142370302039,0.7695182851758801,-16772035.0,62.76521897132098,2.5785714285714283,1.2505628502001431,0.6771084337267826,0.2292006525276136,-0.0019216555801923,-0.0250756593169043,0.0297104709177182,58.24901011519806,0.2280495925599874,0.0,0.0,0.0,0.5,,,,,,,,,,,,,,,,,,,,,,,,,,,,,,,,,,,,,,,,,,,,其他,0,0,0.5,1.0,0,0.5898989898989899,-0.116038433111604,-0.14752402069475246,0.7854251012145749,0.6983805668016194,0.5688259109311741,0.7145748987854251,0.7955465587044535,0.6781376518218624,0.5,0.5,0.5,0.5,0.5898989898989899,0.03636363636363636,0.08484848484848485
2026-04-20,67.81,69.5,67.5,68.5,1609305.0,69.224,68.177,65.9195,72.46549999999999,-0.0104588004160407,0.0047376681285475,0.0391462313882842,-0.0547225921300479,65.9195,71.34026116232282,60.49873883767718,0.7380200789754444,0.1644660885569397,0.0125646711012563,-0.0149554213402359,0.0634994566061171,0.0407171072622303,0.0160361030334886,0.0302782587216275,0.0295504806655868,58.9710332865301,-0.034353561983039,-0.7089621019368963,0.6746085399538573,-15162730.0,63.05522241339202,2.573571428571429,0.9129921160003002,0.779518072279765,0.2638662316465585,-0.0291970802919707,0.0125646711012563,0.0295504806655868,58.9710332865301,-0.2604816848815318,0.0,0.0,0.0,0.5,,,,,,,,,,,,,,,,,,,,,,,,,,,,,,,,,,,,,,,,,,,,其他,0,0,0.5,1.0,0,0.3333333333333333,-0.10467153284671538,-0.1839416058394161,0.22469635627530365,0.680161943319838,0.5728744939271255,0.7267206477732794,0.5101214574898786,0.708502024291498,0.5,0.5,0.5,0.5,0.3333333333333333,0.050505050505050504,0.06666666666666667
2026-04-21,68.98,68.98,67.7,68.31,1004996.0,68.836,68.418,66.2135,72.32433333333333,-0.0076413504561566,-0.0015785319652723,0.0316627273894296,-0.0555046019550818,66.2135,71.47280263538109,60.954197364618906,0.6993134969859138,0.1588589225874828,-0.0027737226277372,-0.0276156583629892,0.0365705614567526,0.0941854877462757,0.0143432209233793,0.0298094576261115,0.0267470559870229,64.95238094805082,0.008664307198515,-0.5654368200527113,0.5741011272512264,-16167726.0,64.22800633436154,2.471428571428572,0.5853438859510268,0.7566265060149808,0.2561174551376179,-0.0320597277119015,-0.0027737226277372,0.0267470559870229,64.95238094805082,-0.3755093037056369,0.0,0.0,0.0,0.5,,,,,,,,,,,,,,,,,,,,,,,,,,,,,,,,,,,,,,,,,,,,其他,0,0,0.5,1.0,0,0.3474747474747475,-0.11023276240667546,-0.16835016835016836,0.18421052631578946,0.6821862348178138,0.5668016194331984,0.8137651821862348,0.11538461538461539,0.694331983805668,0.5,0.5,0.5,0.5,0.3474747474747475,0.030303030303030304,0.06060606060606061
2026-04-22,67.9,71.85,67.9,70.3,2994228.0,68.83000000000001,68.58700000000002,66.54650000000001,72.095,0.0213569664390524,0.0249755784623906,0.0564041685137457,-0.0248977044177821,66.54650000000001,71.96080959782067,61.13219040217935,0.8466277585443363,0.1627225954126069,0.029131898697116,-0.0004265605004977,0.024631977845795,0.1046511627906976,0.0213401767404379,0.02835557858617,0.0271122711275353,64.02737047460224,0.2009370626001043,-0.4121620434733628,0.6130991060734672,-13173498.0,66.31553990336488,2.5507142857142853,1.6602440151069593,0.99638554215667,0.3372756933102068,-0.1534850640113798,0.029131898697116,0.0271122711275353,64.02737047460224,1.9793432013659755,0.0,0.0,0.0,0.5,,,,,,,,,,,,,,,,,,,,,,,,,,,,,,,,,,,,,,,,,,,,其他,0,0,0.5,1.0,0,0.0161943319838056,-0.14395448079658602,-0.18918918918918914,0.45030425963488846,0.8154158215010142,0.6247464503042597,0.821501014198783,0.9107505070993914,0.8235294117647058,0.5,0.5,0.5,0.5,0.016194331983805668,0.024291497975708502,0.0465587044534413
2026-04-23,69.99,70.26,66.86,68.51,2369993.0,68.654,68.81800000000001,66.72749999999999,71.89016666666667,-0.0020974742913739,-0.0044755732511844,0.0267131242741001,-0.0470184842155047,66.72749999999999,72.15067007701315,61.30432992298684,0.6643411486843229,0.1625467783748837,-0.0254623044096726,-0.012681942643032,0.0348942598187311,0.0557867159808909,0.023792685159015,0.0270545359926762,0.0277284837451422,62.47019551323522,0.206560251616878,-0.2884175844238056,0.4949778360406837,-15543491.0,62.79381268291281,2.681428571428571,1.268613104967312,0.7807228915568595,0.2642740619891345,-0.1150197051525324,-0.0254623044096726,0.0277284837451422,62.47019551323522,-0.208479447790883,0.0,0.0,0.0,0.5,,,,,,,,,,,,,,,,,,,,,,,,,,,,,,,,,,,,,,,,,,,,其他,0,0,0.5,1.0,0,0.0303030303030303,-0.12421544300102183,-0.16917238359363596,0.5020242914979757,0.771255060728745,0.631578947368421,0.771255060728745,0.7510121457489879,0.7408906882591093,0.5,0.5,0.5,0.5,0.030303030303030304,0.03434343434343434,0.08282828282828283
2026-04-24,67.8,68.59,66.87,67.52,1308600.0,68.628,69.03,66.94699999999999,71.65383333333332,-0.0161450136970333,-0.0218745472982762,0.0085590093656175,-0.0576917261928298,66.94699999999999,72.10602112298145,61.78797887701853,0.5555337908379517,0.1541225483733028,-0.0144504451904832,-0.0019216555801923,0.0324159021406726,0.0695390464121652,0.0216285710894605,0.0272183235433204,0.0271405577204629,57.46519442724671,0.1296707197823678,-0.2047999235655377,0.3344706433479056,-16852091.0,57.54088826327602,2.5707142857142853,0.7082862125804752,0.6614457831245605,0.2238988580741275,-0.1143364928909952,-0.0144504451904832,0.0271405577204629,57.46519442724671,-0.447846470432613,0.0,0.0,0.0,0.5,,,,,,,,,,,,,,,,,,,,,,,,,,,,,,,,,,,,,,,,,,,,其他,0,0,0.5,1.0,0,0.0203252032520325,-0.10796800947867302,-0.18587085308056872,0.5885947046843177,0.7780040733197556,0.6293279022403259,0.4786150712830957,0.2219959266802444,0.6313645621181263,0.5,0.5,0.5,0.5,0.02032520325203252,0.034552845528455285,0.07113821138211382
2026-04-27,67.6,69.31,65.9,66.5,2035768.0,68.228,68.726,67.077,71.3995,-0.0253268452834612,-0.032389488694235,-0.0086020543554422,-0.0686209287179883,67.077,72.04004702672403,62.11395297327597,0.4418703875928164,0.1479805902683968,-0.01510663507109,-0.0291970802919707,-0.0437158469945355,0.0406885758998434,0.0210797463127274,0.017720122013867,0.0273770345642102,51.47347740314032,-0.0133835944236579,-0.166516657730923,0.153133063307265,-18887859.0,51.00310476002065,2.674285714285713,1.063001448843935,0.5385542168609814,0.1823001631313935,-0.0777443609022556,-0.01510663507109,0.0273770345642102,51.47347740314032,0.5556839370319426,0.0,0.0,0.0,0.5,,,,,,,,,,,,,,,,,,,,,,,,,,,,,,,,,,,,,,,,,,,,其他,0,0,0.5,1.0,0,0.0404858299595141,-0.12030075187969924,-0.18481203007518798,0.332657200811359,0.716024340770791,0.6369168356997972,0.4178498985801217,0.6004056795131846,0.4462474645030426,0.5,0.5,0.5,0.5,0.04048582995951417,0.038461538461538464,0.07692307692307693
2026-04-28,66.2,67.79,65.38,66.12,1543971.0,67.79,68.313,67.16550000000001,71.10799999999999,-0.0246349019029356,-0.0321022352992841,-0.015566027201465,-0.0701468189233277,67.16550000000001,71.98484468137478,62.34615531862524,0.3915308958830356,0.1435065526607438,-0.0057142857142856,-0.0320597277119015,-0.0587900355871885,0.0275058275058277,0.0210174982061332,0.0169690106934637,0.0274104991113679,43.09484192677023,-0.1556125451054129,-0.1643358352055367,0.0087232901001238,-20431830.0,43.71411565078963,2.625,0.8053130168098167,0.492771084331413,0.1668026101135124,-0.0807622504537205,-0.0057142857142856,0.0274104991113679,43.09484192677023,-0.2415781169563525,0.0,0.0,0.0,0.5,,,,,,,,,,,,,,,,,,,,,,,,,,,,,,,,,,,,,,,,,,,,其他,0,0,0.5,1.0,0,0.0323232323232323,-0.13823351482153667,-0.20024198427102236,0.3441295546558704,0.708502024291498,0.6376518218623481,0.4331983805668016,0.2935222672064777,0.41700404858299595,0.5,0.5,0.5,0.5,0.03232323232323232,0.024242424242424242,0.05656565656565657
2026-04-29,59.51,59.51,59.51,59.51,2190300.0,65.632,67.23100000000001,67.0395,70.66133333333333,-0.0932776694295466,-0.1148428552304742,-0.1123143818196735,-0.1578137972677182,67.0395,72.51172065960145,61.56727934039856,-0.1879748157423166,0.1632536238961592,-0.0999697519661223,-0.1534850640113798,-0.1538461538461538,-0.0406255037884895,0.0385578821822165,0.0339386957976554,0.0347804425404106,34.952766529512616,-0.7923882613463888,-0.2899463204468078,-0.502441940899581,-22622130.0,43.35637537965,2.9007142857142862,1.1256634144589084,0.0,0.0,0.0112586119979836,-0.0999697519661223,0.0347804425404106,34.952766529512616,0.418614727867298,0.0,0.0,0.0,0.5,,,,,,,,,,,,,,,,,,,,,,,,,,,,,,,,,,,,,,,,,,,,其他,0,0,0.5,1.0,0,0.4233128834355828,-0.05646109897496221,-0.12350865400772981,0.010245901639344262,0.25,0.819672131147541,0.1557377049180328,0.555327868852459,0.018442622950819672,0.5,0.5,0.5,0.5,0.4233128834355828,0.3067484662576687,0.2249488752556237
2026-04-30,58.5,62.95,55.5,60.63,5280482.0,64.05600000000001,66.355,66.84299999999999,70.23633333333333,-0.0534844511052829,-0.0862783512922914,-0.0929491494995734,-0.1367715664731928,66.84299999999999,72.93702157424542,60.74897842575456,-0.0097618973205154,0.1823383622589146,0.0188203663249875,-0.1150197051525324,-0.1262429744920017,-0.0608736059479554,0.0450196570010265,0.0356991559942551,0.0337055137961479,39.42350332349475,-1.192937068799765,-0.4705444701324676,-0.722392598667297,-17341648.0,54.5437772118834,3.252857142857144,2.47609166039123,0.1035120147864744,0.0414201183430422,-0.0103908955962395,0.0188203663249875,0.0337055137961479,39.42350332349475,1.4108487421814364,0.0,0.0,0.0,0.5,,,,,,,,,,,,,,,,,,,,,,,,,,,,,,,,,,,,,,,,,,,,其他,0,0,0.5,1.0,0,0.3495934959349593,-0.055253174995876675,-0.1461322777502886,0.028513238289205704,0.2158859470468432,0.7861507128309573,0.2545824847250509,0.9531568228105907,0.034623217922606926,0.5,0.5,0.5,0.5,0.34959349593495936,0.26422764227642276,0.17479674796747968
2026-05-06,60.43,61.0,58.84,59.8,2944359.0,62.512,65.57,66.66900000000001,69.79050000000001,-0.0433836703352956,-0.0879975598596919,-0.1030313939012136,-0.143149855639378,66.66900000000001,73.36077940303981,59.977220596960215,-0.0132416646070543,0.2007463559684339,-0.0136895926109187,-0.1143364928909952,-0.116038433111604,-0.0549936788874843,0.0450582497384041,0.0354449254158973,0.0335679315472427,24.6881496863532,-1.5593526243469569,-0.688306100989901,-0.8710465233570559,-20286007.0,53.61945063076953,3.0642857142857154,1.3169473590329204,0.0268022181143548,0.0128375387338962,0.007190635451505,-0.0136895926109187,0.0335679315472427,24.6881496863532,-0.4424071514683697,0.0,0.0,0.0,0.5,,,,,,,,,,,,,,,,,,,,,,,,,,,,,,,,,,,,,,,,,,,,其他,0,0,0.5,1.0,0,0.5535353535353535,-0.03561872909698993,-0.1560200668896321,0.016194331983805668,0.20445344129554655,0.7732793522267206,0.044534412955465584,0.6336032388663968,0.02631578947368421,0.5,0.5,0.5,0.5,0.5535353535353535,0.5292929292929293,0.18585858585858586
2026-05-07,59.8,62.77,59.18,61.33,3466198.0,61.478,64.853,66.515,69.44433333333333,-0.0024073652363446,-0.0543228532219017,-0.0779523415770878,-0.1168465869545392,66.515,73.55820650660884,59.47179349339116,0.1319148107365614,0.2117779901254829,0.0255852842809365,-0.0777443609022556,-0.1046715328467153,-0.047818661698494,0.0502463498175894,0.0366524778656389,0.0338551475177598,27.766699898361225,-1.7066393615984197,-0.8919727531224804,-0.8146666084759393,-16819809.0,54.51101450788685,3.137142857142858,1.5010471002626162,0.1682070240280203,0.087081339712502,-0.0461438121637045,0.0255852842809365,0.0338551475177598,27.766699898361225,0.1772334827376689,0.0,0.0,0.0,0.5,,,,,,,,,,,,,,,,,,,,,,,,,,,,,,,,,,,,,,,,,,,,其他,0,0,0.5,1.0,0,0.204040404040404,-0.08853742051198432,-0.17772705038317294,0.04251012145748988,0.1437246963562753,0.7995951417004049,0.09109311740890688,0.8279352226720648,0.044534412955465584,0.5,0.5,0.5,0.5,0.20404040404040405,0.3212121212121212,0.1595959595959596
2026-05-08,61.45,61.5,60.01,60.78,2244489.0,60.41,64.1,66.259,69.12416666666667,0.0061248137725542,-0.0517940717628704,-0.0826906533452058,-0.1207127270973731,66.259,73.75402824684822,58.76397175315178,0.1344910372874541,0.226234269965949,-0.0089678786890591,-0.0807622504537205,-0.1102327624066754,-0.0776934749620638,0.0501170359674717,0.0365622007061685,0.0333637371604685,26.74135411410434,-1.8464487568566028,-1.08286795387746,-0.7635808029791429,-19064298.0,54.082651356542506,3.144285714285715,0.9633057260876852,0.1173752310525199,0.0607655502389438,-0.0625205659756499,-0.0089678786890591,0.0333637371604685,26.74135411410434,-0.3524637080743801,0.0,0.0,0.0,0.5,,,,,,,,,,,,,,,,,,,,,,,,,,,,,,,,,,,,,,,,,,,,其他,0,0,0.5,1.0,0,0.2323232323232323,-0.06531753866403422,-0.1765383349786115,0.032388663967611336,0.07489878542510121,0.7854251012145749,0.06275303643724696,0.4433198380566802,0.02631578947368421,0.5,0.5,0.5,0.5,0.23232323232323232,0.48282828282828283,0.17777777777777778
2026-05-11,60.71,61.96,60.03,60.18,2016492.0,60.544,63.08800000000001,65.8375,68.845,-0.006012156448203,-0.0460943444078114,-0.0859312701727739,-0.1258624446219769,65.8375,73.71427699249341,57.9607230075066,0.1408746873622478,0.2392793466483824,-0.0098716683119447,0.0112586119979836,-0.143954480796586,-0.1228683865325753,0.0183431205562234,0.0337821529802521,0.0316805362317432,27.191679047148668,-1.98279510464338,-1.262853384036795,-0.7199417206065846,-21080790.0,48.266857329552245,3.0971428571428574,0.8765191709934423,0.0619223659883372,0.0320574162677892,-0.0669657693585908,-0.0098716683119447,0.0316805362317432,27.191679047148668,-0.1015808052523313,0.0,0.0,0.0,0.5,,,,,,,,,,,,,,,,,,,,,,,,,,,,,,,,,,,,,,,,,,,,其他,0,0,0.5,1.0,0,0.2868686868686869,-0.05284147557328012,-0.20754403456297776,0.4271255060728745,0.04048582995951417,0.7732793522267206,0.08704453441295547,0.21862348178137653,0.030364372469635626,0.5,0.5,0.5,0.5,0.2868686868686869,0.5959595959595959,0.1797979797979798
2026-05-12,60.47,61.3,59.5,60.0,1772200.0,60.418000000000006,62.237,65.5275,68.53983333333333,-0.0069184680062234,-0.0359432491926025,-0.084353897218725,-0.1245966457461476,65.5275,73.8211903728075,57.23380962719252,0.1667647481668901,0.2531361755841388,-0.0029910269192422,-0.0103908955962395,-0.1242154430010218,-0.093655589123867,0.0158830905840019,0.0337475799452318,0.0309341152511407,29.46859903160191,-2.0813780811345097,-1.426558323460814,-0.6548197576736958,-22852990.0,49.23204031292857,3.0885714285714285,0.769375019115531,0.0452865064690825,0.0234449760764429,-0.0453333333333333,-0.0029910269192422,0.0309341152511407,29.46859903160191,-0.1211470216593966,0.0,0.0,0.0,0.5,,,,,,,,,,,,,,,,,,,,,,,,,,,,,,,,,,,,,,,,,,,,其他,0,0,0.5,1.0,0,0.303030303030303,-0.05133333333333334,-0.19033333333333335,0.35020242914979755,0.08906882591093117,0.7388663967611336,0.11336032388663968,0.19635627530364372,0.03441295546558704,0.5,0.5,0.5,0.5,0.30303030303030304,0.5676767676767677,0.17373737373737375
2026-05-13,60.2,61.6,59.44,60.23,2073700.0,60.504,61.508,65.269,68.2035,-0.0045286262065318,-0.0207777850035767,-0.0772035729059739,-0.1169074900848198,65.269,73.89504355243008,56.64295644756993,0.2079193972652013,0.2643228348041753,0.0038333333333333,0.007190635451505,-0.107968009478673,-0.0790519877675842,0.0145310397101744,0.0341314346427352,0.0309318102217333,27.04053303509956,-2.1165511045801324,-1.564556879687696,-0.5519942248924365,-20779290.0,49.59734302712835,3.1000000000000005,0.8986354236043103,0.0665434380770189,0.0391730141455974,-0.0425037356798936,0.0038333333333333,0.0309318102217333,27.04053303509956,0.1701275251100327,0.0,0.0,0.0,0.5,,,,,,,,,,,,,,,,,,,,,,,,,,,,,,,,,,,,,,,,,,,,其他,0,0,0.5,1.0,0,0.501010101010101,-0.08733189440478162,-0.2206541590569484,0.5526315789473685,0.13360323886639677,0.742914979757085,0.09919028340080972,0.38461538461538464,0.03643724696356275,0.5,0.5,0.5,0.5,0.501010101010101,0.4707070707070707,0.15353535353535352
2026-05-14,60.62,60.62,57.96,58.5,1857229.0,59.938,60.70799999999999,64.71700000000001,67.88466666666666,-0.0239914578397677,-0.0363708242735717,-0.0960644034797659,-0.1382442770581475,64.71700000000001,73.6013424659696,55.832657534030425,0.1501147933103379,0.2745597745864566,-0.0287232276274281,-0.0461438121637045,-0.1203007518796992,-0.1587575496117343,0.012144718453122,0.0345905440123284,0.0270503275180489,24.91048593171996,-2.2579680104948565,-1.7032391058515544,-0.5547289046433022,-22636519.0,48.64561273789236,3.198571428571429,0.8291504606228991,0.0,0.0,-0.0444444444444445,-0.0287232276274281,0.0270503275180489,24.91048593171996,-0.1043887736895404,0.0,0.0,0.0,0.5,,,,,,,,,,,,,,,,,,,,,,,,,,,,,,,,,,,,,,,,,,,,其他,0,0,0.5,1.0,0,0.5292929292929293,-0.07333333333333336,-0.20170940170940166,0.20242914979757085,0.030364372469635626,0.645748987854251,0.09716599190283401,0.26720647773279355,0.03441295546558704,0.5,0.5,0.5,0.5,0.5292929292929293,0.4404040404040404,0.1717171717171717
2026-05-15,58.54,58.73,56.67,56.98,1886325.0,59.178,59.794,64.05350000000001,67.5435,-0.0371421812159924,-0.0470615780847576,-0.1104311239822962,-0.156395508079978,64.05350000000001,73.17683335897281,54.93016664102721,0.1123401545415162,0.2848660372644291,-0.025982905982906,-0.0625205659756499,-0.1382335148215366,-0.188896797153025,0.014219555661622,0.034763705327125,0.0269612955121452,15.094339621533962,-2.4642651909585567,-1.8554443228750848,-0.6088208680834715,-24522844.0,40.756381105841335,3.063571428571429,0.8524638422828574,0.0,0.0,-0.0029835029835029,-0.025982905982906,0.0269612955121452,15.094339621533962,0.0156663502454463,0.0,0.0,0.0,0.5,,,,,,,,,,,,,,,,,,,,,,,,,,,,,,,,,,,,,,,,,,,,其他,0,0,0.5,1.0,0,0.7489878542510121,-0.07195507195507189,-0.09845559845559848,0.23123732251521298,0.02434077079107505,0.6430020283975659,0.028397565922920892,0.3265720081135903,0.036511156186612576,0.5,0.5,0.5,0.5,0.7489878542510121,0.4291497975708502,0.5384615384615384
2026-05-18,57.15,57.31,54.62,56.15,3275781.0,58.372,59.45799999999999,63.3445,67.18116666666667,-0.0380661961214281,-0.0556359110632714,-0.1135773429421654,-0.1642002843058695,63.3445,72.6168073265446,54.07219267345538,0.1120437046227479,0.2927580871750498,-0.0145665145665145,-0.0669657693585908,-0.0564610989749622,-0.201620929901891,0.0141369808215242,0.0176074992038517,0.0268466250603344,15.894039733871324,-2.664010752909121,-2.017157608883703,-0.6468531440254179,-27798625.0,40.338043675087945,3.010000000000001,1.4297662535976507,0.0,0.0,0.0151380231522706,-0.0145665145665145,0.0268466250603344,15.894039733871324,0.7365941712059163,0.0,0.0,0.0,0.5,,,,,,,,,,,,,,,,,,,,,,,,,,,,,,,,,,,,,,,,,,,,其他,0,0,0.5,1.0,0,0.7858585858585858,-0.07105966162065902,-0.06536064113980411,0.2854251012145749,0.024291497975708502,0.645748987854251,0.03643724696356275,0.8987854251012146,0.03643724696356275,0.5,0.5,0.5,0.5,0.7858585858585858,0.301010101010101,0.6161616161616161
2026-05-19,55.99,57.36,55.73,57.28,1857886.0,57.828,59.123000000000005,62.739,66.85283333333334,-0.0094763782250811,-0.0311723018114777,-0.0870112689076969,-0.1431926345679689,62.739,71.93032291033794,53.54767708966206,0.203035131434655,0.293001893888117,0.0201246660730187,-0.0453333333333333,-0.0552531749958766,-0.1745208243262718,0.020744467368592,0.0178125884310558,0.0277112507568286,21.960569549247296,-2.700016968295671,-2.1537294807673204,-0.5462874875283505,-25940739.0,45.10199427142175,3.00357142857143,0.8093872904239535,0.079858657243252,0.0547480620152387,-0.0062849162011172,0.0201246660730187,0.0277112507568286,21.960569549247296,-0.4328418169590702,0.0,0.0,0.0,0.5,,,,,,,,,,,,,,,,,,,,,,,,,,,,,,,,,,,,,,,,,,,,其他,0,0,0.5,1.0,0,0.7281947261663286,-0.0961941340782122,-0.11627094972067042,0.30284552845528456,0.044715447154471545,0.6565040650406504,0.06910569105691057,0.5386178861788617,0.08130081300813008,0.5,0.5,0.5,0.5,0.7281947261663286,0.2616632860040568,0.44421906693711966
2026-05-20,57.3,58.31,56.62,57.67,1595689.0,57.316,58.91,62.24,66.5375,0.0061762858538629,-0.0210490578849091,-0.0734254498714651,-0.1332707120045086,62.24,71.39226517834433,53.08773482165566,0.250335031220558,0.2940959247535228,0.0068086592178771,-0.0425037356798936,-0.0356187290969899,-0.1475240206947524,0.0212435574214723,0.0179475581170171,0.0276648043725537,24.9574588749325,-2.6663498550565947,-2.2562535556259102,-0.4100962994306845,-24345050.0,50.63678778105714,2.880714285714288,0.704063411943406,0.1074204946988877,0.0736434108523565,-0.0468181029998266,0.0068086592178771,0.0276648043725537,24.9574588749325,-0.1411265276771556,0.0,0.0,0.0,0.5,,,,,,,,,,,,,,,,,,,,,,,,,,,,,,,,,,,,,,,,,,,,其他,0,0,0.5,1.0,0,0.4817813765182186,-0.1248482746662043,-0.1355990983180163,0.49898580121703856,0.08316430020283976,0.6430020283975659,0.13184584178498987,0.33468559837728196,0.1845841784989858,0.5,0.5,0.5,0.5,0.4817813765182186,0.145748987854251,0.3623481781376518
2026-05-21,57.36,58.12,55.81,55.9,1621333.0,56.79599999999999,58.367,61.61,66.2025,-0.0157757588562573,-0.0422670344544006,-0.0926797597792565,-0.1556210112911144,61.61,70.68221089516292,52.537789104837074,0.1853027301722582,0.2945044926196462,-0.0306918675221086,-0.0444444444444445,-0.0885374205119843,-0.1839416058394161,0.0217255977689301,0.01659506337954,0.0276986996793179,23.133543636572725,-2.7507653487014565,-2.3551559142415868,-0.3956094344598697,-25966383.0,50.90771963000907,2.8735714285714296,0.715188496061283,0.0,0.0,-0.0302325581395348,-0.0306918675221086,0.0276986996793179,23.133543636572725,0.0160708007638079,0.0,0.0,0.0,0.5,,,,,,,,,,,,,,,,,,,,,,,,,,,,,,,,,,,,,,,,,,,,其他,0,0,0.5,1.0,0,0.404040404040404,-0.0978533094812164,-0.12254025044722727,0.5303643724696356,0.06477732793522267,0.6133603238866396,0.14777327935222673,0.1680161943319838,0.18016194331983806,0.5,0.5,0.5,0.5,0.40404040404040403,0.17777777777777778,0.35353535353535354
2026-05-22,55.92,57.12,55.32,56.81,1179474.0,56.762,57.970000000000006,61.035,65.90599999999999,0.0008456361650399,-0.0200103501811281,-0.0692225772097976,-0.1380147482778501,61.035,69.77072580059348,52.29927419940652,0.2581769336361965,0.2862529958410475,0.0162790697674419,-0.0029835029835029,-0.0653175386640342,-0.1683501683501683,0.0216200428041578,0.0184362191890939,0.0282723433446737,39.86486486067489,-2.7129700990916774,-2.4267187512119333,-0.2862513478797441,-24786909.0,52.57219266494511,2.53,0.5182849763230384,0.0631944444440058,0.043561512685287,-0.0691779616264741,0.0162790697674419,0.0282723433446737,39.86486486067489,-0.272528222148072,0.0,0.0,0.0,0.5,,,,,,,,,,,,,,,,,,,,,,,,,,,,,,,,,,,,,,,,,,,,其他,0,0,0.5,1.0,0,0.2545454545454545,-0.11899313501144171,-0.11318429853898959,0.7489878542510121,0.058704453441295545,0.6214574898785425,0.48582995951417,0.09109311740890688,0.24696356275303644,0.5,0.5,0.5,0.5,0.2545454545454545,0.13131313131313133,0.41414141414141414
2026-05-25,55.89,57.19,54.2,57.0,4406050.0,56.932,57.652,60.370000000000005,65.60549999999999,0.00119440736317,-0.0113092347186567,-0.0558224283584563,-0.131170404920319,60.370000000000005,68.10349243635464,52.636507563645374,0.2821165516251058,0.2562031617141568,0.0033444816053511,0.0151380231522706,-0.0528414755732801,-0.1891891891891891,0.0201196714907304,0.0186463944950366,0.027012289177777,35.35108958438326,-2.637285812750733,-2.468832163519848,-0.168453649230885,-20380859.0,37.73206648891296,2.211428571428571,1.8778587768625103,0.0872323552729006,0.0526567735756216,-0.0849122807017545,0.0033444816053511,0.027012289177777,35.35108958438326,2.7356058717699585,0.0,0.0,0.0,0.5,,,,,,,,,,,,,,,,,,,,,,,,,,,,,,,,,,,,,,,,,,,,其他,0,0,0.5,1.0,0,0.1252525252525252,-0.16333333333333333,-0.13859649122807016,0.7854251012145749,0.044534412955465584,0.5748987854251012,0.4251012145748988,0.9331983805668016,0.340080971659919,0.5,0.5,0.5,0.5,0.12525252525252525,0.10101010101010101,0.28484848484848485
2026-05-26,56.02,58.4,55.14,56.92,2696964.0,56.86,57.344,59.79050000000001,65.27433333333333,0.0010552233556102,-0.0073939732142855,-0.0480092991361504,-0.1279880300066896,59.79050000000001,66.64245776863474,52.93854223136527,0.290534319025655,0.2291988783710882,-0.0014035087719297,-0.0062849162011172,-0.0513333333333333,-0.1691723835936359,0.017748928064518,0.0186745623370591,0.0268257894950182,37.62886597485566,-2.5543152067615225,-2.485928772168233,-0.0683864345932896,-23077823.0,36.96003375356029,2.29,1.1414925817863688,0.0877796901885736,0.0502215657309198,-0.0904778636683063,-0.0014035087719297,0.0268257894950182,37.62886597485566,-0.3878952803531508,0.0,0.0,0.0,0.5,,,,,,,,,,,,,,,,,,,,,,,,,,,,,,,,,,,,,,,,,,,,其他,0,0,0.5,1.0,0,0.0868686868686868,-0.146521433591005,-0.15530569219957846,0.7267206477732794,0.07894736842105263,0.5647773279352226,0.5242914979757085,0.7591093117408907,0.4493927125506073,0.5,0.5,0.5,0.5,0.08686868686868687,0.10303030303030303,0.2606060606060606
2026-05-27,56.4,57.16,54.87,54.97,1947150.0,56.32000000000001,56.818000000000005,59.163,64.92033333333333,-0.0239701704545456,-0.0325249040796931,-0.0708719977012659,-0.1532699051658186,59.163,65.29533397655376,53.03066602344623,0.1581236429679763,0.2073030095344523,-0.0342586085734364,-0.0468181029998266,-0.0873318944047816,-0.1858708530805687,0.0221193343991013,0.0204508704784919,0.0274022572976674,23.631840793276567,-2.615741854918987,-2.5118913887184444,-0.1038504662005426,-25024973.0,27.082431923513155,2.1971428571428566,0.8131447862516872,0.0,0.0,-0.0818628342732399,-0.0342586085734364,0.0274022572976674,23.631840793276567,-0.2780215086297036,0.0,0.0,0.0,0.5,-1.4511708914190402,-1.431978607473542,-1.5821122160563146,-1.6568060219724317,-0.4751676724872752,,,,,,,,,,,,,,,,,,,,,,-1.0182056958268002,-1.1263058537343853,-0.0395550290018808,0.1258502931041431,,,,,,,,,,0.0,0.0,0.0,0.0,其他,0,0,0.5,1.0,0,0.0666666666666666,-0.1460796798253593,-0.14644351464435146,0.4797570850202429,0.0728744939271255,0.5708502024291497,0.30364372469635625,0.3967611336032389,0.39068825910931176,0.5,0.5,0.5,0.5,0.06666666666666667,0.10101010101010101,0.296969696969697
2026-05-28,54.78,55.08,53.07,54.21,1766728.0,55.98199999999999,56.389,58.5485,64.559,-0.0316530313314992,-0.0386422883895793,-0.0741009590339633,-0.1603029786706733,58.5485,64.01176786726306,53.08523213273695,0.1029391103072743,0.1866236664390624,-0.0138257231217027,-0.0302325581395348,-0.0733333333333333,-0.1848120300751879,0.0191349891245022,0.0193604970086699,0.0273908365964907,23.227383860430464,-2.6946803585356136,-2.548449182681947,-0.1462311758536665,-26791701.0,27.72572231494533,2.234285714285713,0.7419672929773133,0.0,0.0,-0.0697288323187603,-0.0138257231217027,0.0273908365964907,23.227383860430464,-0.0926595280281437,0.0,0.0,0.0,0.5,-1.6307720451599652,-1.6484975644034976,-1.795910376583568,-1.7254838616757031,-0.5241661416620296,,,,,,,,,,,,,,-0.364172269229267,,,,,,,,-1.0452417618535634,-1.1342379532139204,-0.0914090613090601,0.0166620619952636,,,,,,-0.364172269229267,,,-0.3033330681436903,0.0,0.0,0.0,0.0,其他,0,0,0.5,1.0,0,0.1599190283400809,-0.13853532558568527,-0.16638996495111613,0.40162271805273836,0.07505070993914807,0.563894523326572,0.332657200811359,0.41379310344827586,0.332657200811359,0.5,0.5,0.5,0.5,0.15991902834008098,0.15384615384615385,0.3299595141700405
2026-05-29,53.81,54.51,52.78,52.88,1679391.0,55.196000000000005,55.979000000000006,57.8865,64.22733333333333,-0.0419595622871222,-0.055360045731435,-0.0864882140049924,-0.1766745207128843,57.8865,62.65070988092134,53.122290119078656,-0.0254281533698148,0.1646052147189107,-0.0245342187788231,-0.0691779616264741,-0.0719550719550718,-0.2002419842710223,0.0156590402816356,0.0192109826706594,0.027566052224391,21.923076920715985,-2.8319063328955068,-2.605140612724744,-0.2267657201707629,-28471092.0,28.26566467270648,2.219999999999999,0.7032887741628562,0.0,0.0,-0.053517397881997,-0.0245342187788231,0.027566052224391,21.923076920715985,-0.0494343215254413,0.0,0.0,0.0,0.5,-1.7237280317273056,-1.6871229166192503,-1.80279696941859,-1.86019526211311,-0.5463836093987711,,,,,,,,,,,,,,-0.725576495648631,,,,,,,,-1.098067627854688,-1.1522138151417287,-0.1902734877446004,-0.0871388704648289,,,,,,-0.725576495648631,,,-0.2203368597090038,0.0,0.0,0.0,0.0,其他,0,0,0.5,1.0,0,0.2150101419878296,-0.02855521936459915,-0.15393343419062022,0.25203252032520324,0.052845528455284556,0.5487804878048781,0.3048780487804878,0.22764227642276422,0.2764227642276423,0.5,0.5,0.5,0.5,0.2150101419878296,0.665314401622718,0.36105476673427994
2026-06-01,52.5,53.0,52.11,52.16,1140035.0,54.228,55.58,57.51899999999999,63.91916666666667,-0.0381352806668141,-0.0615329255127744,-0.0931692136511412,-0.1839693362710716,57.51899999999999,62.85546798231849,52.182532017681496,-0.0021111358445271,0.1855549638314024,-0.0136157337367626,-0.0849122807017545,-0.071059661620659,-0.1235086540077298,0.0124299262125951,0.0191731872703602,0.0179330583758076,21.04874445868033,-2.9645784127648653,-2.677028172732854,-0.2875502400320107,-29611127.0,29.078156930278112,2.154999999999999,0.4881545338476069,0.0,0.0,-0.0856978527607361,-0.0136157337367626,0.0179330583758076,21.04874445868033,-0.3211616591966969,0.0,0.0,0.0,0.5,-1.852436453658853,-1.8272817382823128,-1.857954329831872,-1.913668120618222,-0.6978167578976456,,,,,,,,,,,,,,-0.3500404254653837,,,,,,,,-1.1478410907624133,-1.1775050570823855,-0.2646527433301829,-0.1574834630371222,,,,,,-0.3500404254653837,,,-0.7334834076545452,0.0,0.0,0.0,0.0,其他,0,0,0.5,1.0,0,0.2995951417004048,0.006134969325153339,-0.14302147239263796,0.12373225152129817,0.22515212981744423,0.23529411764705882,0.10953346855983773,0.07099391480730223,0.15010141987829614,0.5,0.5,0.5,0.5,0.29959514170040485,0.791497975708502,0.5182186234817814
2026-06-02,52.51,52.51,50.08,51.77,2209183.0,53.198,55.029,57.076,63.614,-0.026843114402797,-0.0592233186138216,-0.0929637676081014,-0.1861854308799949,57.076,62.78320099154473,51.36879900845527,0.0351486650054555,0.1999860183451794,-0.0074769938650305,-0.0904778636683063,-0.0961941340782122,-0.1461322777502886,0.0106261903691172,0.0166233052136473,0.0169207963633965,19.124087589286617,-3.065847988263606,-2.75479213583908,-0.3110558524245261,-31820310.0,21.57477885760204,2.174285714285713,1.0125354243459903,0.0,0.0,-0.0616186980876957,-0.0074769938650305,0.0169207963633965,19.124087589286617,0.9378203300775854,0.0,0.0,0.0,0.5,-1.818622601382724,-1.8489949414691256,-2.081016096174937,-1.9246378666930808,-0.3867788947983363,-1.8760600527807607,,,,-0.6141493880429317,,,,,,,,,-0.1384681444424565,,,,,,,,-1.1825319952113116,-1.2052374290480914,-0.2926914214485906,-0.2943318691848409,,,,,,-0.1384681444424565,,,1.6447507745148875,0.0,0.0,0.0,0.0,其他,0,0,0.5,1.0,0,0.3719512195121951,-0.022213637241645823,-0.10450067606722047,0.0835030549898167,0.17718940936863545,0.18737270875763748,0.11405295315682282,0.6517311608961304,0.1710794297352342,0.5,0.5,0.5,0.5,0.3719512195121951,0.6971544715447154,0.5467479674796748
2026-06-03,51.77,52.56,50.0,50.47,1668935.0,52.298,54.309000000000005,56.60949999999999,63.281333333333336,-0.03495353550805,-0.0706880995783388,-0.1084535281180719,-0.2024504329870842,56.60949999999999,62.87694798227479,50.3420520177252,0.0102073429756128,0.2214274276318895,-0.0251110681862083,-0.0818628342732399,-0.1248482746662043,-0.1560200668896321,0.0076604952916709,0.0161070324879619,0.017320490665667,19.743782967020262,-3.2139487062287344,-2.846623449917081,-0.3673252563116533,-33489245.0,21.90498524065545,2.1671428571428564,0.7879539480815855,0.0,0.0,-0.0699425401228452,-0.0251110681862083,0.017320490665667,19.743782967020262,-0.2445465133490525,0.0,0.0,0.0,0.5,-1.874046154543196,-1.811385003254354,-2.047373732975924,-2.0414730648399027,-0.5407795306834738,-1.9546305070498933,,,,-0.8447051945809313,,,,,,,,,-0.7423584186317377,-0.9483382993590634,,,-1.4904869199415307,,,,-1.2374025451592796,-1.239416237041126,-0.3615051367932046,-0.3972364282034911,,,,,,-0.7423584186317377,,,-0.5932350317479494,0.0,0.0,0.0,0.0,其他,0,0,0.5,1.0,0,0.3097165991902834,-0.012284525460669604,-0.09173766594016242,0.060851926977687626,0.1845841784989858,0.19878296146044624,0.10344827586206896,0.40973630831643004,0.11561866125760649,0.5,0.5,0.5,0.5,0.3097165991902834,0.7327935222672065,0.548582995951417
2026-06-04,51.0,51.0,49.81,50.43,1424282.0,51.542,53.762,56.0645,62.949666666666666,-0.021574638159171,-0.0619768609798743,-0.1005003165996307,-0.1988837642772797,56.0645,62.49709618538303,49.63190381461696,0.0620353091019742,0.2294712763110902,-0.0007925500297205,-0.0697288323187603,-0.0978533094812164,-0.1777270503831729,0.0106194524368865,0.0152362512407436,0.0155143879909714,22.22222221958347,-3.296546110133896,-2.936607981960499,-0.3599381281733969,-34913527.0,22.41746903261277,2.1049999999999995,0.7065010725876402,0.0,0.0,-0.0739639103708109,-0.0007925500297205,0.0155143879909714,22.22222221958347,-0.1465922878961733,0.0,0.0,0.0,0.5,-1.929686172227732,-1.947050733339798,-2.0291976382508143,-2.0049697830729825,-0.6086676410419546,-2.0102265126569376,,,,-0.4517299947580664,,,,,,,,,0.0980255982725405,-0.777598559521622,,,-1.2204379838641295,,,,-1.2618201781861458,-1.271890534791871,-0.3506605700603402,-0.484552718728594,,,,,,0.0980255982725405,,,-0.4051787029095596,0.0,0.0,0.0,0.0,其他,0,0,0.5,1.0,0,0.2712550607287449,-0.027364663890541374,-0.08467182232797943,0.15821501014198783,0.15821501014198783,0.15618661257606492,0.1724137931034483,0.2839756592292089,0.19878296146044624,0.5,0.5,0.5,0.5,0.27125506072874495,0.6214574898785425,0.4493927125506073
2026-06-05,50.5,51.26,49.66,50.05,1322160.0,50.976,53.086,55.528,62.66433333333334,-0.0181654111738858,-0.0571902196435971,-0.0986529318541997,-0.2013000484060577,55.528,62.09311546376947,48.962884536230526,0.0827948472315981,0.2364614415702942,-0.0075351973031926,-0.053517397881997,-0.1189931350114417,-0.1765383349786115,0.0091450653745412,0.0122084692645765,0.0155208693245237,23.10405643453744,-3.354003118971164,-3.020087009362673,-0.333916109608491,-36235687.0,24.23029986132967,2.027142857142856,0.6711985360707914,0.0,0.0,0.0263736263736262,-0.0075351973031926,0.0155208693245237,23.10405643453744,-0.0717006884872518,0.0,0.0,0.0,0.5,-1.9512315572778225,-1.8835705329744703,-2.007167638616664,-2.0094428116331744,-0.6349432379182534,-2.038794549917734,,,,-0.3502327281014415,,,,,,,,,-0.1354821142386696,-0.5530948744948787,,,-1.3328937415368811,,,,-1.2745272398111012,-1.3003555709012051,-0.3164800282565225,-0.5651272011865921,,,,,,-0.1354821142386696,,,-0.2612543716106498,0.0,0.0,0.0,0.0,其他,0,0,0.5,1.0,0,0.8744939271255061,0.006593406593406792,-0.08951048951048945,0.2129817444219067,0.1744421906693712,0.16024340770791076,0.13995943204868155,0.21703853955375255,0.15618661257606492,0.5,0.5,0.5,0.5,0.8744939271255061,0.742914979757085,0.4534412955465587
2026-06-08,48.66,49.35,46.99,47.69,1516018.0,50.082,52.15500000000001,54.9035,62.31,-0.0477616708597899,-0.0856102003642989,-0.1313850665258134,-0.2346332851869683,54.9035,61.96297150250852,47.844028497491465,-0.0109093504687739,0.2571592522333065,-0.0471528471528471,-0.0856978527607361,-0.1633333333333333,-0.2075440345629777,0.0188152322496371,0.0150336019391141,0.017653777988242,11.853619728194502,-3.549049598920888,-3.1258795272743574,-0.4231700716465307,-37751705.0,17.329523398266133,2.129285714285713,0.7795135774767266,0.0,0.0,0.1004403438876073,-0.0471528471528471,0.017653777988242,11.853619728194502,0.1466221939855994,0.0,0.0,0.0,0.5,-2.121229721487772,-2.048814224063649,-2.285533193347264,-2.235534902156332,-0.5752366896479298,-2.104559054088812,,,,-1.2084178810647743,,,,,,,,,-1.4966182460874495,-0.9861105607728006,,,-0.494132421831551,,,,-1.3478204509157363,-1.339165241856441,-0.4274419619756068,-0.6574556560033565,,,,,,-1.4966182460874495,,,0.1560174700531316,0.0,0.0,0.0,0.0,其他,0,0,0.5,1.0,0,0.9008097165991904,0.02956594673935853,-0.09834346823233375,0.29817444219066935,0.17647058823529413,0.20689655172413793,0.038539553752535496,0.25760649087221094,0.11359026369168357,0.5,0.5,0.5,0.5,0.9008097165991903,0.7327935222672065,0.41700404858299595
2026-06-09,47.73,48.99,47.73,48.58,1228555.0,49.444,51.321000000000005,54.3325,61.968,-0.0174743143758596,-0.053408935913174,-0.1058758569916715,-0.2160469919958688,54.3325,61.50280682746512,47.16219317253488,0.0988665381810769,0.2639417228160648,0.0186621933319355,-0.0616186980876957,-0.146521433591005,-0.1903333333333333,0.024962921000109,0.0183946300229321,0.0188227629635414,15.225707725989594,-3.590424459568183,-3.218788513733152,-0.3716359458350311,-36523150.0,15.396854550435464,2.10142857142857,0.6406587376985732,0.0709728867617945,0.0368835474511526,0.0419925895430217,0.0186621933319355,0.0188227629635414,15.225707725989594,-0.1896171417489766,0.0,0.0,0.0,0.5,-2.179027166026933,-2.045013742083333,-2.145477992250228,-2.086477099368368,-0.6558882711675629,-2.135129605721218,-2.059834000773861,,,-0.318044403812725,-0.7734826731419017,,,,,,,,0.7805006352124725,-0.6523205317863761,,,0.0390030758006785,,,,-1.3514242247986432,-1.3705836071092845,-0.3604418617596492,-0.5764751116659026,,,,,,0.7805006352124725,,,-0.4877332008869548,0.0,0.0,0.0,0.0,其他,0,0,0.5,1.0,0,0.7813765182186235,-0.010292301358583833,-0.14944421572663646,0.3711967545638945,0.1724137931034483,0.2515212981744422,0.05476673427991886,0.2535496957403651,0.18255578093306288,0.5,0.5,0.5,0.5,0.7813765182186235,0.6578947368421053,0.22267206477732793
2026-06-10,48.48,48.52,46.8,46.94,1305496.0,48.738,50.518,53.66799999999999,61.55333333333333,-0.0368911321761254,-0.0708262401520249,-0.1253633450100617,-0.237409292754251,53.66799999999999,60.99854920036281,46.337450799637175,0.0410985032559968,0.2731813818420347,-0.0337587484561547,-0.0699425401228452,-0.1460796798253593,-0.2206541590569484,0.0263272770925802,0.0183387788685335,0.0192069202721742,15.378670786589636,-3.7127445678847977,-3.317579724563507,-0.3951648433212908,-37828646.0,15.73713492129167,2.063571428571428,0.6946961132870577,0.0,0.0,0.061994034938219,-0.0337587484561547,0.0192069202721742,15.378670786589636,0.06262723280602,0.0,0.0,0.0,0.5,-2.050471520659111,-2.052347698332859,-2.207105951692177,-2.222910162610329,-0.629873140617587,-2.171062782088842,-2.1155110870640845,,,-0.8837230546353354,-1.0792388046633927,,,,,,,,-1.031562901387078,-0.7618192083734965,-1.0713963042328611,,0.1571966960510389,-0.8678750336784088,,,-1.3905012826773404,-1.404024424712605,-0.3886905860766887,-0.6559412822775336,,,,,,-1.031562901387078,,,-0.0015563503278173,0.0,0.0,0.0,0.0,其他,0,0,0.5,1.0,0,0.8299595141700404,-0.0004260758414996735,-0.14316148274392837,0.30831643002028397,0.15212981744421908,0.2718052738336714,0.04665314401622718,0.2839756592292089,0.12981744421906694,0.5,0.5,0.5,0.5,0.8299595141700404,0.7307692307692307,0.21862348178137653
2026-06-11,46.8,47.33,45.66,46.7,1401152.0,47.992,49.767,53.078,61.1835,-0.0269211535255874,-0.061627182671248,-0.120162779305927,-0.236722318925854,53.078,60.665986627072016,45.490013372927976,0.0797304137797981,0.28591833253166,-0.0051129100979973,-0.0739639103708109,-0.1385353255856852,-0.2017094017094016,0.0258472203958741,0.0186325280712315,0.0188610496920948,8.801955989215742,-3.785413170172092,-3.4111464136852425,-0.3742667564868491,-39229798.0,15.752279194674088,2.054285714285714,0.7547564360582857,0.0,0.0,0.0503211991434688,-0.0051129100979973,0.0188610496920948,8.801955989215742,0.0732717679717134,0.0,0.0,0.0,0.5,-2.1903158875097017,-2.130488036659204,-2.287354969526244,-2.199221507176279,-0.5985748949304076,-2.2085307257547804,-2.160425186368267,,,-0.5866559545796137,-0.905871837750924,,,,,,,,-0.0369222276428337,-0.8117680367982703,-0.9985741372419976,,0.114757267825239,-0.8280247938323675,,,-1.4067839513847211,-1.43394527621294,-0.3604274019199303,-0.7409104502638977,,,,,,-0.0369222276428337,,,0.0189674999146414,0.0,0.0,0.0,0.0,其他,0,0,0.5,1.0,0,0.7987804878048781,-0.03233404710920784,-0.11027837259100659,0.26883910386965376,0.1710794297352342,0.26272912423625255,0.02240325865580448,0.4745417515274949,0.1629327902240326,0.5,0.5,0.5,0.5,0.7987804878048781,0.6951219512195121,0.241869918699187
2026-06-12,47.0,51.37,46.52,51.37,3410723.0,48.256,49.616,52.7975,60.86716666666667,0.0645308355437666,0.0353514995162851,-0.027037265022018,-0.1560310293179411,52.7975,60.19040378104447,45.40459621895553,0.4034547153379378,0.2800474939544662,0.0999999999999998,0.0263736263736262,-0.0285552193645991,-0.0984555984555984,0.0581472692197875,0.0403027377517468,0.0308387450217947,33.19402984797182,-3.426686155026445,-3.414254361953484,-0.0124317930729618,-35819075.0,30.04362858047205,2.1871428571428564,1.7647915161015375,0.4257064721930195,0.1976301311883297,-0.0192719486081369,0.0999999999999998,0.0308387450217947,33.19402984797182,1.4342276926414836,0.0,0.0,0.0,0.5,-2.1221048790860104,-1.6871439138920192,-2.138853959613108,-1.6526372475438842,-0.0050329718722462,-2.129120576229334,-2.129784102361705,,,2.07224514411661,0.8451163847123279,,,,,,,,3.442773908624054,0.5678601125147591,-0.0584140314740268,,2.842370797455413,1.659475337921844,,,-1.2344873619322785,-1.4189760387348556,0.1031625533805586,-0.5204531236910768,,,,,,3.442773908624054,,,2.5830119963272264,0.0,0.0,0.0,0.0,其他,0,0,0.5,1.0,0,0.5182186234817814,-0.12906365583025103,-0.1668288884562975,0.8742393509127789,0.5354969574036511,0.5983772819472617,0.4158215010141988,0.9127789046653144,0.6977687626774848,0.5,0.5,0.5,0.5,0.5182186234817814,0.19433198380566802,0.2125506072874494
2026-06-15,52.4,53.98,51.66,52.48,2750730.0,49.214,49.648,52.614,60.57316666666667,0.0663632299752103,0.057041572671608,-0.0025468506481164,-0.133609766700877,52.614,59.836763430913365,45.39123656908663,0.4907237720485518,0.2745567123160999,0.0216079423788202,0.1004403438876073,0.0061349693251533,-0.0653606411398041,0.0498112571284479,0.0407301099110603,0.0312890592409936,37.51406073945332,-3.0180375216007675,-3.33501099388293,0.3169734722821626,-33068345.0,29.5867426845182,2.140714285714285,1.442894860235543,0.5268915223288336,0.2446043165457272,-0.0644054878048779,0.0216079423788202,0.0312890592409936,37.51406073945332,-0.1935053066461275,0.0,0.0,0.0,0.5,-1.5090106948540043,-1.4030073087052517,-1.5206588938414096,-1.5102177321687198,-0.1999281535645999,-1.9771900040102155,-2.079393037167069,,,2.0810847365382856,1.2259381569107306,,,,,,,,0.8238167471742006,1.5694630413443238,0.2382638183832303,,2.0864653949960705,1.6817734937182196,,-0.1575396412722067,-1.0439502926450224,-1.3645417690292438,0.5246434763888673,-0.3427506449239608,-0.8460621609305878,-0.7885696040043074,,,,0.8238167471742006,,-0.1575396412722067,-0.5055039349878828,0.0,0.0,0.0,0.0,其他,0,0,0.5,1.0,0,0.1845841784989858,-0.14824695121951204,-0.14996189024390238,0.9004065040650406,0.6138211382113821,0.6097560975609756,0.4695121951219512,0.8536585365853658,0.7459349593495935,0.5,0.5,0.5,0.5,0.1845841784989858,0.1460446247464503,0.2434077079107505
2026-06-16,52.22,52.46,50.41,50.62,1881966.0,49.622,49.533,52.28099999999999,60.25533333333333,0.0201120470758937,0.0219449659822743,-0.0317706241273119,-0.159908389852074,52.28099999999999,59.20595380945965,45.35604619054033,0.3800714022258867,0.26491282911369,-0.0354420731707316,0.0419925895430217,-0.0222136372416458,-0.1162709497206704,0.0557707140872479,0.0423307888025036,0.0316003881441232,37.70491802980288,-2.8118490724784024,-3.2303786096020137,0.4185295371236113,-34950311.0,29.8726390162779,2.125,0.9865618103411264,0.3573381950742262,0.1658908167576558,-0.050177795337811,-0.0354420731707316,0.0316003881441232,37.70491802980288,-0.3158303432179821,0.0,0.0,0.0,0.5,-1.5098361702330572,-1.5388238090474515,-1.6423300013179336,-1.6909581897104442,-0.4563812926875876,-1.895084804679143,-2.049394887124048,,,0.7455557321881743,0.587539931920301,,,,,,,,-1.0718340618702726,0.7619771457821229,-0.0059371552774477,,2.512759749115575,1.8314769260543389,,-0.148379902723086,-0.9452883373486298,-1.299332938720765,0.6522379797455184,-0.4616552641372444,-0.8272551688467474,-0.8009495288812565,,,,-1.0718340618702726,,-0.148379902723086,-0.7341759055025578,0.0,0.0,0.0,0.0,其他,0,0,0.5,1.0,0,0.4554655870445344,-0.08415645989727372,-0.14855788225997624,0.7789046653144016,0.4421906693711968,0.6166328600405679,0.38742393509127787,0.6308316430020284,0.5618661257606491,0.5,0.5,0.5,0.5,0.45546558704453444,0.3684210526315789,0.25101214574898784
2026-06-17,51.12,51.4,49.6,49.85,1440472.0,50.20399999999999,49.471,51.89,59.97183333333333,-0.0070512309776111,0.0076610539507995,-0.0393139333204856,-0.1687764533906194,51.89,58.404712095265786,45.375287904734215,0.3434313005545708,0.2510970165832812,-0.0152113789016198,0.061994034938219,-0.0122845254606696,-0.1355990983180163,0.052710409041704,0.0418290940034445,0.031525128148412,37.6836158162284,-2.679684210401838,-3.1202397297619697,0.4405555193601316,-36390783.0,30.435966732959272,2.1099999999999994,0.7582070667693385,0.3058252427154774,0.1333051206088306,-0.0587763289869608,-0.0152113789016198,0.031525128148412,37.6836158162284,-0.2345919107996638,0.0,0.0,0.0,0.5,-1.6078057584657883,-1.624336524689312,-1.7100985501499897,-1.7485260874931128,-0.5852264651969389,-1.7980272300761897,-2.015032970860351,,,-0.0373605539067077,0.3268910319691187,,,,,,,,-0.3952007430258326,1.0288999748760694,0.0796326392218317,,2.2089131789755325,1.745630981684367,,-0.148714414864129,-0.8805082683185732,-1.2331009357936555,0.6770521654140679,-0.5518682198302778,-0.7962355184918414,-0.8124466908016258,,,,-0.3952007430258326,,-0.148714414864129,-0.5763261904840674,0.0,0.0,0.0,0.0,其他,0,0,0.5,1.0,0,0.3805668016194332,-0.08044132397191572,-0.1414242728184555,0.8296146044624746,0.36105476673427994,0.6044624746450304,0.49290060851926976,0.3306288032454361,0.5598377281947262,0.5,0.5,0.5,0.5,0.3805668016194332,0.30364372469635625,0.24543610547667344
2026-06-18,49.51,49.98,48.8,49.05,1331597.0,50.674,49.333,51.5475,59.69233333333333,-0.032047993053637,-0.0057365252467922,-0.0484504583151462,-0.178286435443971,51.5475,57.89259964253327,45.20240035746673,0.303194580011891,0.2461845731614903,-0.0160481444332999,0.0503211991434688,-0.0273646638905413,-0.1225402504472272,0.0538726074849217,0.0421192099868811,0.0311083580345092,38.846825855888994,-2.609414410572945,-3.018074665924158,0.4086602553512124,-37722380.0,31.043144564050124,2.0707142857142853,0.7062852233431823,0.2281553398036096,0.0994498518827782,-0.0786952089704383,-0.0160481444332999,0.0311083580345092,38.846825855888994,-0.0755828645055232,0.0,0.0,0.0,0.5,-1.7550865713399892,-1.7415091714917443,-1.7737641658138583,-1.806566570172604,-0.614673700410247,-1.717864090661805,-1.991369340166541,,,-0.7562134091512288,0.0825627112995553,,,,,,,,-0.4213653567179736,0.862559862203135,-0.0511377355250168,,2.248922814606932,1.7491752668395668,,-0.0958834501686754,-0.8437910915568261,-1.1722321687004666,0.6324417050198161,-0.6346707594246463,-0.7636033299994442,-0.8511994098855532,,,,-0.4213653567179736,,-0.0958834501686754,-0.2711518078746843,0.0,0.0,0.0,0.0,其他,0,0,0.5,1.0,0,0.3225152129817444,-0.058919469928644275,-0.15045871559633017,0.7987804878048781,0.35365853658536583,0.5914634146341463,0.5630081300813008,0.20528455284552846,0.5650406504065041,0.5,0.5,0.5,0.5,0.3225152129817444,0.2839756592292089,0.28252032520325204
2026-06-22,49.3,50.93,48.02,50.38,1766291.0,50.476,49.366,51.226,59.4915,-0.001901893969411,0.0205404529433212,-0.016515050950689,-0.1531563332576921,51.226,57.08106132827712,45.37093867172288,0.4277548130916238,0.2285972485950762,0.0271151885830787,-0.0192719486081369,0.0065934065934067,-0.1131842985389895,0.0268447439900297,0.0430286471584718,0.0316084253001338,44.99437569949426,-2.418528437536821,-2.898165420246684,0.479636982709863,-35956089.0,37.46220315397842,2.2149999999999994,0.9224926240168208,0.3572815533945895,0.1557342361398403,-0.111949186184994,0.0271151885830787,0.0316084253001338,44.99437569949426,0.3264456138005718,0.0,0.0,0.0,0.5,-1.750966809424009,-1.6240478686242843,-1.832229048725396,-1.6402761736024214,-0.4821443590953837,-1.7142767631566171,-1.9496317698047188,,,0.1171658934718157,0.5601412246137955,,,,,,,,1.019931464760222,-0.0951818668032581,0.2439604777441973,,0.0935566670126058,1.8185471696385744,,0.1816294893157763,-0.7541600421375323,-1.104002690944975,0.7206215100158039,-0.5178198911011811,-0.46815767094869,-0.6825097848054841,,,,1.019931464760222,,0.1816294893157763,0.498088159258486,0.0,0.0,0.0,0.0,其他,0,0,0.5,1.0,0,0.1740890688259109,-0.09547439460103224,-0.18320762207225094,0.5172413793103449,0.40973630831643004,0.592292089249493,0.7099391480730223,0.2920892494929006,0.6835699797160243,0.5,0.5,0.5,0.5,0.17408906882591094,0.21052631578947367,0.26369168356997974
2026-06-23,50.3,50.62,48.99,49.1,1118104.0,49.8,49.507,50.831,59.24916666666668,-0.0140562248995983,-0.0082210596481304,-0.0340540221518365,-0.171296361411553,50.831,56.08053291155175,45.58146708844826,0.3351281886218486,0.2065484807122196,-0.0254069075029773,-0.0644054878048779,0.0295659467393585,-0.1385964912280701,0.0238798436408195,0.0407897807735325,0.0318366764718715,42.84949115907931,-2.34351821287661,-2.7872359787726646,0.4437177658960545,-37074193.0,39.31880885641888,2.157857142857142,0.6388083025471225,0.2348336594888958,0.1015658061781566,-0.0896130346232179,-0.0254069075029773,0.0318366764718715,42.84949115907931,-0.3669763362888675,0.0,0.0,0.0,0.5,-1.6225197771141129,-1.6327774669903,-1.6987025475687232,-1.7511714974567207,-0.6735074709370893,-1.762672264013004,-1.8980656361551107,,,-0.2355404313736206,0.0326974990886928,,,,,,,,-0.7387772922532373,-0.7148239017153413,0.4429599021994278,,-0.143194364068416,1.5507384010109724,,0.0838205588879004,-0.7166404538274299,-1.0413504953968882,0.6703413488599794,-0.5875888258130627,-0.3813530565087963,-0.7432045124254756,,,,-0.7387772922532373,,0.0838205588879004,-0.8312034248991393,0.0,0.0,0.0,0.0,其他,0,0,0.5,1.0,0,0.305668016194332,-0.12423625254582482,-0.16883910386965373,0.18255578093306288,0.2799188640973631,0.5943204868154158,0.6612576064908722,0.12778904665314403,0.5476673427991886,0.5,0.5,0.5,0.5,0.305668016194332,0.17408906882591094,0.24949290060851928
2026-06-24,49.0,49.29,47.84,48.08,798348.0,49.292,49.457,50.389,58.96900000000001,-0.0245881684654711,-0.0278423681177588,-0.0458234932227271,-0.1846563448591633,50.389,54.91921156703485,45.85878843296514,0.2451553900013751,0.1798095444254049,-0.0207739307535642,-0.050177795337811,-0.0102923013585838,-0.1553056921995784,0.0211819792505954,0.0410814226543633,0.031953007134414,43.50190320495363,-2.339408496616521,-2.6976704823414326,0.3582619857249116,-37872541.0,40.93819252897965,2.078571428571427,0.4822789017388181,0.1668681983051159,0.0584003385524399,-0.035773710482529,-0.0207739307535642,0.031953007134414,43.50190320495363,-0.2859805527929423,0.0,0.0,0.0,0.5,-1.7345765237200017,-1.738848131541013,-1.7988632085426304,-1.830353684379057,-0.7654630039616063,-1.7907514064307546,-1.8705154650003617,-2.074289220191213,,-0.5404692572869172,-0.3270613546603972,-0.3177606296687534,,-2.074289220191213,-2.0299146574694618,-1.705333778364425,-0.4263556821751281,-0.6235845365770399,-0.5801923794696195,-0.5153985406131074,0.0926205656509095,,-0.358417045184542,1.561388211089166,,0.1131342820140072,-0.71092605120175,-0.9900758904041403,0.5562849007808828,-0.6363515224977204,-0.3055823324146551,-0.8284383327626897,-0.9920490831610762,-0.4872402535683364,,-0.5801923794696195,,0.1131342820140072,-0.6716057679513976,0.0,0.0,0.0,0.0,其他,0,0,0.5,1.0,0,0.3691683569979716,-0.1405990016638935,-0.10898502495840257,0.4532520325203252,0.258130081300813,0.5772357723577236,0.6829268292682927,0.046747967479674794,0.5853658536585366,0.5,0.5,0.5,0.5,0.3691683569979716,0.15821501014198783,0.359026369168357
2026-06-25,47.92,48.35,46.82,46.92,1053158.0,48.706,49.455,49.9865,58.69883333333334,-0.0366689935531556,-0.0512587200485289,-0.0613465635721643,-0.2006655441760626,49.9865,54.22396833554279,45.74903166445721,0.1381683876794066,0.1695445104391909,-0.0241264559068219,-0.0587763289869608,-0.0004260758414996,-0.1464435146443514,0.0220796737394153,0.0403156204636216,0.0315919441928391,41.00461301602223,-2.402062438388306,-2.638548873550806,0.2364864351625,-38925699.0,41.74899256858385,2.102857142857142,0.6538648417654757,0.0292942743005418,0.0093101988996643,-0.0230179028132991,-0.0241264559068219,0.0315919441928391,41.00461301602223,0.3191715893319704,0.0,0.0,0.0,0.5,-1.8193552252131977,-1.8032366782239024,-1.8803864291001329,-1.9197279819485416,-0.6849535493699761,-1.825757135441621,-1.8390561355133888,-2.079118770751089,,-0.8882576655628187,-0.7550083754334592,-0.4883176241878822,,-2.079118770751089,-2.0563080077574662,-1.6925832373117715,-0.7514219829674461,-0.7230195853392359,-0.6895016176743957,-0.6314898754616206,0.1788800146317485,-0.6634830318361606,-0.284922932730145,1.4600066160736325,0.6705629041256916,-0.0012571920193381,-0.7349950144904412,-0.9543557988846344,0.3954659270468737,-0.7013299949894654,-0.2670472720239156,-0.7954296971460665,-0.61294301962725,-0.8686822147000413,,-0.6895016176743957,0.6705629041256916,-0.0012571920193381,0.4944135594362204,0.0,0.0,0.0,0.0,其他,0,0,0.5,1.0,0,0.3468559837728194,-0.14279624893435638,-0.06606990622335895,0.3800813008130081,0.29471544715447157,0.5752032520325203,0.6483739837398373,0.13414634146341464,0.5630081300813008,0.5,0.5,0.5,0.5,0.34685598377281945,0.09533468559837728,0.3556910569105691
2026-06-26,46.93,47.0,45.18,45.19,1388447.0,47.934,49.304,49.5355,58.38700000000001,-0.057245379062878,-0.0834415057601817,-0.0877249649241453,-0.2260263414801241,49.5355,53.80021681048987,45.27078318951013,-0.0094711082938121,0.1721883017424377,-0.0368712702472293,-0.0786952089704383,-0.0323340471092078,-0.1663899649511161,0.0248588425625728,0.0420351204228835,0.0322510182386399,38.35091083155842,-2.561779476812489,-2.6231949942031427,0.0614155173906532,-40314146.0,41.860882688469566,2.1185714285714274,0.8722758753616259,0.0,0.0,0.0214649258685548,-0.0368712702472293,0.0322510182386399,38.35091083155842,0.3183653354957185,0.0,0.0,0.0,0.5,-1.890987454568117,-1.90290689507947,-2.0224836769624672,-2.060935188781657,-0.5808127518553172,-1.878562188139988,-1.825476553941082,-2.0892137039866707,,-1.4737120830014216,-1.3360546080997646,-0.7781789277749134,,-2.0892137039866707,-2.054270420275376,-1.7285997918373297,-1.1954822655501025,-0.6919568834942715,-1.110871918965539,-0.9025773198678252,-0.1030458504769614,-0.7735515873388616,-0.0599311136748395,1.6233853019011302,0.7725082600017025,-0.1228176919662195,-0.8021312857677219,-0.9404399604674982,0.1653154499875339,-0.7875581050890161,-0.2607784297154316,-0.7725252721257833,-0.1330368531305781,-0.9439432323754692,,-1.110871918965539,0.7725082600017025,-0.1228176919662195,0.4906736242741108,0.0,0.0,0.0,0.0,其他,0,0,0.5,1.0,0,0.3963414634146341,-0.08054879398096926,-0.06284576233680006,0.32179226069246436,0.329938900203666,0.5743380855397149,0.6680244399185336,0.40325865580448067,0.5112016293279023,0.5,0.5,0.5,0.5,0.39634146341463417,0.1483739837398374,0.3665987780040733
2026-06-29,45.17,46.28,43.61,44.74,1454092.0,46.806,48.641,49.1285,58.06016666666667,-0.044139640217066,-0.0801998314179395,-0.0893269690709057,-0.229420055631945,49.1285,53.598052079287605,44.65894792071239,0.0090671366894138,0.1819535332557889,-0.009957955299845,-0.111949186184994,-0.129063655830251,-0.1539334341906202,0.0096645177824053,0.0217035703822589,0.0320354671458468,42.21635883593126,-2.693616571905104,-2.637279309743535,-0.056337262161568,-41768238.0,42.14835991846377,2.090714285714285,0.9200276977883782,0.0,0.0,0.0185516316495306,-0.009957955299845,0.0320354671458468,42.21635883593126,0.0472794424274027,0.0,0.0,0.0,0.5,-2.0347273070244785,-1.939033570060416,-2.1486547036811587,-2.067722909736882,-0.5583304308329426,-1.965528948774759,-1.8681037825905185,-2.093085841108117,,-1.0827916238465445,-1.2637221646065775,-0.7908571242263404,,-2.093085841108117,-2.030890591119276,-1.7800976126929895,-1.1277380444300986,-0.5893539025393969,-0.2021573355544964,-1.351415438791311,-0.955194526922198,-0.6972048915857628,-1.280816834471853,-0.5643878377197825,0.7327798602662872,0.0554367380955162,-0.856242089127473,-0.941078482609774,0.0103451503691359,-0.8772508216811665,-0.2464040529656763,-0.7994541549944238,-0.0276942772437097,-0.936715153625662,,-0.2021573355544964,0.7327798602662872,0.0554367380955162,-0.0354044003268883,0.0,0.0,0.0,0.0,其他,0,0,0.5,1.0,0,0.3967611336032389,-0.043361645060348786,-0.03375055878408595,0.1744421906693712,0.35699797160243407,0.5699797160243407,0.6632860040567952,0.4178498985801217,0.44421906693711966,0.5,0.5,0.5,0.5,0.3967611336032389,0.3765182186234818,0.3813387423935091
2026-06-30,45.1,46.49,43.74,44.7,2350446.0,45.926,47.863,48.7555,57.77133333333333,-0.0266951182336802,-0.0660844493658984,-0.0831803591389688,-0.2262598520604221,48.7555,53.401478340116576,44.10952165988342,0.0635472549464589,0.1905827379519048,-0.0008940545373267,-0.0896130346232179,-0.148246951219512,-0.1430214723926379,0.0137592162044342,0.0186028536726189,0.0320412666748042,39.28176795276275,-2.7694019941063885,-2.663703846616106,-0.1056981474902825,-44118684.0,44.48820439807851,2.194285714285713,1.4323186468802478,0.0,0.0,-0.0380313199105145,-0.0008940545373267,0.0320412666748042,39.28176795276275,0.616435548782333,0.0,0.0,0.0,0.5,-2.0055421795039297,-1.8879372330124264,-2.093986927007803,-2.0340842060601205,-0.2849283709544188,-2.021998780082816,-1.9207342559980487,-2.0924264301641093,,-0.5715419719717442,-0.9964947588338436,-0.7174840177280789,,-2.0924264301641093,-2.008324733536689,-1.8209007537216515,-0.9525084007870293,-0.4987978444484807,0.1043118909711369,-1.0335401939484066,-1.1160797616225702,-0.6303359484419292,-0.9427095081528368,-0.8932484768268152,0.7291542334446569,-0.0802752770473976,-0.8848437266041661,-0.9477659518194066,-0.0546419659998163,-1.0238539461295713,-0.136710486032727,-0.6763218726658329,1.0960197361661814,-0.9296510499336886,,0.1043118909711369,0.7291542334446569,-0.0802752770473976,1.0652412599229355,0.0,0.0,0.0,0.0,其他,0,0,0.5,1.0,0,0.2408906882591093,-0.002013422818792021,-0.03601789709172254,0.30425963488843816,0.5172413793103449,0.5720081135902637,0.6166328600405679,0.9350912778904665,0.46247464503042596,0.5,0.5,0.5,0.5,0.2408906882591093,0.4898785425101215,0.3935091277890467
2026-07-01,44.6,48.3,44.3,46.36,2478481.0,45.582,47.437,48.485,57.468,0.0170681409328243,-0.0227037966144569,-0.0438279880375374,-0.1932901788821605,48.485,53.02063899055268,43.94936100944732,0.2657441427268845,0.1870945236895257,0.0371364653243846,-0.035773710482529,-0.0841564598972737,-0.1045006760672204,0.028194199209451,0.023567231501038,0.033539937822983,48.39955849515677,-2.6647980547641694,-2.6639226882457185,-0.0008753665184508,-41640203.0,52.12287645400664,2.352857142857142,1.498048940246912,0.2133676092517559,0.0647678501753226,-0.1087144089732528,0.0371364653243846,0.033539937822983,48.39955849515677,0.0544726405116304,0.0,0.0,0.0,0.5,-2.019305319617232,-1.6930225953104914,-1.9990497334846284,-1.8378643811304345,-0.245001908804284,-2.020708976762832,-1.9330545637102587,-2.0796678046373884,,0.7035120334653563,-0.1975018244119424,-0.2739246044081384,,-2.0796678046373884,-2.004310083360542,-1.81018980522083,-0.3279869118127259,-0.5317575232934441,1.3819857418971155,-0.2853151629063536,-0.5445701195761486,-0.4045289756759346,0.2258442098051053,-0.3550777795450445,0.966367897872635,0.3425221962796747,-0.8327175503652515,-0.9416464273694342,0.0839662723130826,-0.8562846780531548,0.219946776384367,-0.4909235215416015,1.2287928226896443,-0.3252939039539405,,1.3819857418971155,0.966367897872635,0.3425221962796747,-0.0288349165105841,0.0,0.0,0.0,0.0,其他,0,0,0.5,1.0,0,0.1341463414634146,-0.0703192407247627,-0.0651423641069887,0.3665987780040733,0.5437881873727087,0.5824847250509165,0.6985743380855397,0.8513238289205702,0.5356415478615071,0.5,0.5,0.5,0.5,0.13414634146341464,0.2967479674796748,0.3306122448979592
2026-07-02,46.4,47.65,45.84,45.84,1775898.0,45.366,47.036,48.2535,57.17733333333334,0.0104483533924084,-0.0254273322561441,-0.0500170972053839,-0.1982837021663596,48.2535,52.83495127546541,43.67204872453458,0.2366009311341557,0.1898909416086263,-0.0112165660051768,-0.0230179028132991,-0.0804413239719157,-0.0917376659401624,0.026782931617417,0.0234745762990071,0.0332436820666803,47.663043474634335,-2.593956214002958,-2.649929393397166,0.0559731793942082,-43416101.0,58.183234560985774,2.362857142857141,1.0699335735520363,0.1465295629801219,0.0444791260240168,-0.1226003490401397,-0.0112165660051768,0.0332436820666803,47.663043474634335,-0.2834732241239694,0.0,0.0,0.0,0.5,-1.8120432978807537,-1.7298448434725124,-1.810640988111866,-1.8604784873436893,-0.4579444370581024,-2.006515749341933,-1.941976121085366,-2.063072963987564,,0.507451808609158,-0.2468353637165256,-0.3422431669973585,,-2.063072963987564,-1.9822982462844696,-1.814708876676368,-0.4161762771004375,-0.5005664498184174,-0.2543524885491102,-0.1073266960622653,-0.5091265037964854,-0.3286323538031647,0.1107198465689763,-0.3636018640559579,0.9112167023517548,0.3068629491058325,-0.796205740002438,-0.9287167845105148,0.1589981763602187,-0.9662313669343237,0.5024120749251294,-0.4771213877862996,0.2830901052815294,-0.5122708675129753,,-0.2543524885491102,0.9112167023517548,0.3068629491058325,-0.6856458638721029,0.0,0.0,0.0,0.0,其他,0,0,0.5,1.0,0,0.0769230769230769,-0.06631762652705075,,0.3509127789046653,0.5496957403651116,0.5760649087221096,0.6308316430020284,0.6308316430020284,0.4381338742393509,0.5,0.5,0.5,0.5,0.07692307692307693,0.3117408906882591,0.5
2026-07-03,46.21,47.15,45.73,46.16,1404411.0,45.56,46.747,48.04,56.87316666666666,0.0131694468832308,-0.0125569555265578,-0.0391340549542048,-0.1883694419453814,48.04,52.59226953230218,43.487730467697816,0.2935095904702949,0.1895199638756331,0.006980802792321,0.0214649258685548,-0.0589194699286442,-0.0846718223279794,0.0197255624661918,0.0237368136910622,0.0333320353017699,31.45907472996136,-2.4833657896246706,-2.616616672642667,0.1332508830179963,-42011690.0,48.36176032696071,2.1178571428571416,0.846628845770408,0.1876606683780499,0.0569644947325125,-0.0998700173310225,0.006980802792321,0.0333320353017699,31.45907472996136,-0.2091826219749107,0.0,0.0,0.0,0.5,-1.8038965322209133,-1.7515946433714478,-1.7954016292640846,-1.8018479126060465,-0.569271485499682,-1.952252624061916,-1.938676618615473,-2.045326828438306,,0.584551130819188,-0.00829661167408,-0.2181074208015423,,-2.045326828438306,-1.966718970130243,-1.807384549318292,-0.2386014719357341,-0.5019050110661135,0.3624373987257056,0.5119327096284922,-0.3157840019462583,-0.2860444799717839,-0.4630393367191641,-0.3337026425273587,0.9188686738307542,-0.4502837335525414,-0.7422303791424338,-0.9065535254805042,0.2611514855255352,-0.8688547993546609,0.0393038406314556,-0.7571283583643306,-0.2105133412277217,-0.3934881564420681,,0.3624373987257056,0.9188686738307542,-0.4502837335525414,-0.5378191162233111,0.0,0.0,0.0,0.0,其他,0,0,0.5,1.0,0,0.1072874493927125,-0.09727036395147304,,0.39553752535496955,0.45233265720081134,0.5720081135902637,0.24746450304259635,0.43610547667342797,0.3752535496957404,0.5,0.5,0.5,0.5,0.10728744939271255,0.34210526315789475,0.5
2026-07-06,46.17,46.64,45.53,45.57,1263225.0,45.726,46.266000000000005,47.816,56.53433333333333,-0.0034116257708961,-0.0150434444300351,-0.0469717249456248,-0.1939411449089932,47.816,52.3926519594442,43.23934804055579,0.2546241204347321,0.191427637587194,-0.0127816291161177,0.0185516316495306,-0.0954743946010322,-0.0895104895104894,0.0202725746194085,0.0207551001813268,0.0333827534467302,24.46415372991501,-2.4154853593443875,-2.576390409983011,0.1609050506386236,-43274915.0,38.28310712574879,2.010714285714285,0.7628720792351864,0.1118251928006189,0.0339445961762233,-0.0607856045644065,-0.0127816291161177,0.0333827534467302,24.46415372991501,-0.1005304002888043,0.0,0.0,0.0,0.5,-1.781876243967664,-1.773313644546464,-1.789731868077573,-1.832032517470628,-0.6098109182812795,-1.9034940424478608,-1.9551938803998687,-2.029709019013111,,0.0963767449546645,-0.0543484058597467,-0.3058903250535812,,-2.029709019013111,-1.9480359790925483,-1.808301542374076,-0.3581347406734338,-0.4798970237222061,-0.3098069355846357,0.4690986839979602,-0.639795198145271,-0.3131190056703032,-0.4165637577041515,-0.6557929268288671,0.9204039189887914,-0.7743477935145654,-0.7078535259565576,-0.8812987301326629,0.2970689340593287,-0.9456261033053992,-0.4356494961308068,-0.875924535538226,-0.3949000128315875,-0.6066626868798459,,-0.3098069355846357,0.9204039189887914,-0.7743477935145654,-0.3233751647820103,0.0,0.0,0.0,0.0,其他,0,0,0.5,1.0,0,0.4251012145748988,-0.09699363616414314,,0.39553752535496955,0.4482758620689655,0.5679513184584178,0.11561866125760649,0.34685598377281945,0.3144016227180527,0.5,0.5,0.5,0.5,0.4251012145748988,0.35020242914979755,0.5
2026-07-07,45.6,45.72,42.8,43.0,1719386.0,45.386,45.656,47.5815,56.1075,-0.0525712774864496,-0.0581741720693884,-0.0962874226327459,-0.2336140444682083,47.5815,52.640529551207386,42.52247044879261,0.0471957661414235,0.2126469132413545,-0.0563967522492868,-0.0380313199105145,-0.1242362525458248,-0.0983434682323337,0.0340382495219826,0.0251863297907528,0.0340662890088245,23.244382020186634,-2.539787840321204,-2.569069896050649,0.0292820557294462,-44994301.0,39.0834284279133,2.0714285714285703,1.0320141263560751,0.0,0.0,0.0374418604651163,-0.0563967522492868,0.0340662890088245,23.244382020186634,0.3611082744562528,0.0,0.0,0.0,0.5,-1.8106208226272555,-1.830477074230076,-2.0321170884073814,-2.045864806005892,-0.4673723230940234,-1.9065932118431184,-1.983796259422021,-2.016062636328514,,-1.3417633883555444,-0.8541608933011965,-0.8625800598871777,,-2.016062636328514,-1.890086297335641,-1.8663323299062728,-0.998597030747413,-0.2590741743587506,-1.7749567679027345,-0.3245688243018148,-0.8920360981683643,-0.3635921284955397,0.7092020359093312,-0.1703626596396474,1.0240097856930952,-0.8265612843934448,-0.7601690779601273,-0.8724443680553753,0.119920331566248,-1.050973757769864,-0.3959668289997241,-0.8003436612159865,0.2045121176081337,-0.9199513144916748,,-1.7749567679027345,1.0240097856930952,-0.8265612843934448,0.58269682873998,0.0,0.0,0.0,0.0,其他,0,0,0.5,1.0,0,0.8539553752535497,-0.05093023255813944,,0.23983739837398374,0.4166666666666667,0.6097560975609756,0.14634146341463414,0.8150406504065041,0.17073170731707318,0.5,0.5,0.5,0.5,0.8539553752535497,0.3995943204868154,0.5
2026-07-08,43.0,43.07,41.21,41.32,1575054.0,44.378,44.98,47.2185,55.692833333333326,-0.0689080174861417,-0.0813694975544687,-0.1249192583415398,-0.2580733008735414,47.2185,52.97028608415544,41.46671391584456,-0.012753770193874,0.2436242610054643,-0.0390697674418604,-0.1087144089732528,-0.1405990016638935,-0.1494442157266364,0.0250720327406564,0.0264552159211103,0.0344331928177779,21.848184816462847,-2.742248105928475,-2.603705538026215,-0.13854256790226,-46569355.0,39.33866148033535,2.0757142857142847,0.9356531230421572,0.0,0.0,0.0430784123910938,-0.0390697674418604,0.0344331928177779,21.848184816462847,-0.0839439195154549,0.0,0.0,0.0,0.5,-2.026418871893416,-2.036423079714315,-2.1506955564813164,-2.1652522259426163,-0.5097891074653098,-1.974076841956216,-2.0172753334060687,-2.0171441041125293,,-1.7958609316579233,-1.275435741762266,-1.1785275788539562,,-2.0171441041125293,-1.8278655123039511,-1.961896204477948,-1.1750324757246111,0.0626687316771106,-1.177520182869643,-1.308206888251013,-1.0312333205538278,-0.6622210206768344,-0.0276923842498144,-0.0309352073409332,1.074961447904503,-0.8864763107156548,-0.8472307535168957,-0.8842610507536495,-0.1058288121721374,-1.1453610724326018,-0.3822030878331379,-0.7905898362393751,-0.0111569643440596,-0.9134421247403562,,-1.177520182869643,1.074961447904503,-0.8864763107156548,-0.2942946814895613,0.0,0.0,0.0,0.0,其他,0,0,0.5,1.0,0,0.7510121457489879,0.036786060019361244,,0.13184584178498987,0.2210953346855984,0.6146044624746451,0.10953346855983773,0.7829614604462475,0.10141987829614604,0.5,0.5,0.5,0.5,0.7510121457489879,0.7692307692307693,0.5
2026-07-09,41.32,41.32,39.65,40.22,1647132.0,43.254,44.31,46.8825,55.27316666666666,-0.0701438017293197,-0.0923042202663056,-0.1421105956380313,-0.2723413108832193,46.8825,53.43251767775756,40.33248232224244,-0.0085864136385119,0.2794227132829344,-0.026621490803485,-0.1226003490401397,-0.1427962489343563,-0.1431614827439283,0.024273107025892,0.026565326192566,0.0341829258207088,21.42394821812337,-2.95736856397668,-2.674438143216308,-0.2829304207603718,-48216487.0,39.30219670313857,2.110714285714285,0.9686415520451828,0.0,0.0,0.064147190452511,-0.026621490803485,0.0341829258207088,21.42394821812337,0.0457622405327056,0.0,0.0,0.0,0.5,-2.1458120954018463,-2.152838846120221,-2.2586391129536856,-2.224391181638555,-0.4854681896595621,-2.0488232221177616,-2.048062470209243,-2.0150772064867373,,-1.804944443239465,-1.462685865052937,-1.3594663065139403,,-2.0150772064867373,-1.7569426299407298,-2.060814006880226,-1.1516527867902684,0.4342366098935467,-0.7518146515259705,-1.4866266531181878,-1.0430904311654483,-0.6216371358765187,-0.0932679460197847,-0.0187349354671574,1.0258294408120647,-0.9004753071879215,-0.9391126673368632,-0.913668952903796,-0.2999241131472374,-1.2426698403151797,-0.3823440969630137,-0.7454734997517898,0.0627382386763078,-0.9070695188426277,,-0.7518146515259705,1.0258294408120647,-0.9004753071879215,-0.0374647995109931,0.0,0.0,0.0,0.0,其他,0,0,0.5,1.0,0,0.7894736842105263,0.08950770760815518,,0.07505070993914807,0.21906693711967545,0.6105476673427992,0.07505070993914807,0.7464503042596349,0.060851926977687626,0.5,0.5,0.5,0.5,0.7894736842105263,0.868421052631579,0.5
2026-07-10,40.3,42.77,40.01,41.55,2087870.0,42.332,43.946000000000005,46.625,54.80666666666666,-0.0184730227723708,-0.0545214581531882,-0.1088471849865951,-0.2418805498114583,46.625,53.59658292076065,39.65341707923935,0.1360224028247028,0.2990491333295743,0.0330681253107905,-0.0998700173310225,-0.0805487939809692,-0.1102783725910065,0.0339113014218994,0.0292312315507999,0.0353492211245092,21.423948218123343,-2.98611198147762,-2.73677291086857,-0.2493390706090501,-46128617.0,39.21714448643233,2.1,1.2035278820674449,0.1084828711247267,0.044171371637183,0.0028880866425993,0.0330681253107905,0.0353492211245092,21.423948218123343,0.2675790404169187,0.0,0.0,0.0,0.5,-2.198322276616849,-1.989742219611632,-2.1802895077145825,-2.062387285641526,-0.3473634523919267,-2.100047971291552,-2.0468869691669087,-2.004594889773834,,-0.3066280474321602,-0.7570163306242267,-0.9742281548139504,,-2.004594889773834,-1.7155800265674392,-2.0999316240994697,-0.6970446342665454,0.6362694416907417,1.2622873485946324,-1.1590462484103663,-0.4823262715474422,-0.4242769700556869,0.7008911469040907,0.2750445907832865,1.205095065940816,-0.8945870745010375,-0.9461962620778196,-0.9386696405523448,-0.2534829850041671,-1.0979168686601777,-0.3848172229730473,-0.753690739999452,0.5896121655499611,-0.5930654367791839,,1.2622873485946324,1.205095065940816,-0.8945870745010375,0.4014706910728068,0.0,0.0,0.0,0.0,其他,0,0,0.5,1.0,0,0.6214574898785425,0.01925391095066198,,0.10547667342799188,0.23935091277890466,0.6450304259634888,0.09533468559837728,0.7342799188640974,0.11561866125760649,0.5,0.5,0.5,0.5,0.6214574898785425,0.7692307692307693,0.5
2026-07-13,41.97,43.5,41.42,42.8,2825184.0,41.778,43.752,46.1965,54.34916666666666,0.0244626358370434,-0.0217590053026146,-0.0735228859329171,-0.2124994250141829,46.1965,52.99135029462052,39.40164970537949,0.2500680770911156,0.2941716491338438,0.0300842358604092,-0.0607856045644065,-0.0433616450603487,-0.1668288884562975,0.0409866568881522,0.031577844372759,0.0268219730669977,29.571984433112743,-2.8748876114811424,-2.7643958509910846,-0.1104917604900577,-43303433.0,48.18070612158027,2.132142857142857,1.6564994518369998,0.2104404567682671,0.0856858186646107,-0.0385514018691588,0.0300842358604092,0.0268219730669977,29.571984433112743,0.3531417185935905,0.0,0.0,0.0,0.5,-2.0082524940671496,-1.8957943665561667,-2.0091636140260736,-1.9159494115014395,-0.1174192616747614,-2.113816120549949,-2.0291430505296923,-2.01264622948756,,0.9353438729086068,-0.1473271743572646,-0.5699284632685492,,-2.01264622948756,-1.7434636479432637,-2.087017392433516,-0.339509377048632,0.5821579063378318,1.152261483091195,-0.6097974714673275,-0.1471367278618901,-0.7569187424261219,1.275967479917955,0.5330056830169454,-0.1861192238555356,-0.5075213132187014,-0.8902880019410767,-0.946412549157156,-0.0644097627346531,-0.9076631264194084,0.0458348074841811,-0.7121660694912653,1.5923803296709924,-0.2988658948573769,,1.152261483091195,-0.1861192238555356,-0.5075213132187014,0.5693595871325988,0.0,0.0,0.0,0.0,其他,0,0,0.5,1.0,0,0.3157894736842105,0.01004672897196257,,0.4239350912778905,0.21095334685598377,0.45841784989858014,0.3225152129817444,0.9452332657200812,0.3813387423935091,0.5,0.5,0.5,0.5,0.3157894736842105,0.48785425101214575,0.5
2026-07-14,42.53,45.7,42.4,44.61,4291141.0,42.1,43.743,45.803,53.9205,0.0596199524940617,0.0198203141074,-0.0260463288430888,-0.172670876568281,45.803,51.94595008847233,39.66004991152767,0.4028968180712526,0.2682335256842967,0.0422897196261682,0.0374418604651163,-0.002013422818792,-0.1499618902439023,0.0377693906053017,0.034830622697645,0.0284055659914592,39.29673040993118,-2.610597296241835,-2.733636140041235,0.1230388437993998,-39012292.0,57.85454827204909,2.264285714285715,2.4073247587852618,0.4221153846113259,0.145944148935685,-0.0851826944631247,0.0422897196261682,0.0284055659914592,39.29673040993118,0.5188890351920441,0.0,0.0,0.0,0.5,-1.926067757559236,-1.681550861835421,-1.886180559136084,-1.7262535010180762,0.3392487807493118,-2.0460201448756017,-1.994499836784196,-2.0164046081724725,,1.926311923712396,0.6254146856930433,-0.0288793195428416,,-2.0164046081724725,-1.808224690094445,-2.0165615204053102,0.1387836537401216,0.3080975595287116,1.5474381156248893,0.7622649810532862,0.225441453746581,-0.6526693379610573,1.0029281089406492,0.8892337988923018,0.073060222784766,-0.0468952250088391,-0.7659389639041334,-0.9254898417173676,0.2534116252653268,-0.624025716076,0.5101781872645348,-0.5545450399566463,3.143468460149065,0.3102237641159976,,1.5474381156248893,0.073060222784766,-0.0468952250088391,0.8948372263704576,0.0,0.0,0.0,0.0,其他,0,0,0.5,1.0,0,0.2202020202020202,-0.03407307778524982,,0.8522267206477733,0.2408906882591093,0.4777327935222672,0.39473684210526316,0.9858299595141701,0.5364372469635628,0.5,0.5,0.5,0.5,0.2202020202020202,0.33131313131313134,0.5
2026-07-15,44.62,46.33,42.72,43.1,3823932.0,42.456,43.417,45.42700000000001,53.48233333333334,0.0151686451856039,-0.0073012875141074,-0.0512250423756798,-0.1941264093438954,45.42700000000001,51.24024114686182,39.613758853138194,0.2998534774971287,0.2559377087128366,-0.0338489127998206,0.0430784123910938,-0.0703192407247627,-0.1485578822599762,0.0361833693336293,0.0337154735755426,0.0283258171538661,38.46618357162724,-2.4942368672696418,-2.6857562854869164,0.1915194182172745,-42836224.0,52.688749665398575,2.412857142857144,2.0344030374645654,0.283464566926344,0.0957446808507456,-0.0060324825986078,-0.0338489127998206,0.0283258171538661,38.46618357162724,-0.1088775689263065,0.0,0.0,0.0,0.5,-1.7124354719197852,-1.6075981587199717,-1.829238565388116,-1.8376333329700905,0.192238770409127,-1.978668983905342,-1.9917723864587389,-2.017976932395286,,0.6428233960929285,0.1178968821908661,-0.3155608266232239,,-2.017976932395286,-1.8406027137678995,-1.984556752878188,-0.1845472793505839,0.1776573645239051,-1.0087821682881986,0.8365376722588511,-0.3919126357723757,-0.6408764173993924,0.8665858882408608,0.7608948810122563,0.0597214938304627,-0.0860559391056194,-0.7093982996511919,-0.8964352070545212,0.3458991553667189,-0.8697513783492526,0.2593448715567554,-0.3782789196060234,2.2795560999890974,-0.0905993394749316,,-1.0087821682881986,0.0597214938304627,-0.0860559391056194,-0.3576390317682947,0.0,0.0,0.0,0.0,其他,0,0,0.5,1.0,0,0.701010101010101,0.005568445475638173,,0.7489878542510121,0.24898785425101214,0.46558704453441296,0.2834008097165992,0.9696356275303644,0.32388663967611336,0.5,0.5,0.5,0.5,0.701010101010101,0.5263157894736842,0.5
2026-07-16,42.78,43.79,42.25,42.8,2449443.0,42.972,43.113,45.0745,53.06816666666667,-0.0040026063483199,-0.0072599911859532,-0.0504609036151261,-0.1934901337587821,45.0745,50.60667374237086,39.54232625762914,0.2944298113227107,0.2454680026337989,-0.0069605568445476,0.064147190452511,-0.0663176265270507,-0.1414242728184555,0.0321935782003175,0.0336796865929979,0.0282695789459247,42.10178453014259,-2.39857839348511,-2.628320707086554,0.2297423136014447,-45285667.0,51.087530273512286,2.3928571428571432,1.2690875309960925,0.2539370078715161,0.0857712765954595,0.0238317757009347,-0.0069605568445476,0.0282695789459247,42.10178453014259,-0.3594438917846865,0.0,0.0,0.0,0.5,-1.8525717924468563,-1.8022823775918544,-1.8467028146731823,-1.838237882338969,-0.238897602200292,-1.900108145282816,-1.9870059889497915,-2.016905606360027,,0.0891979555027516,0.1182616391374859,-0.3055638216507561,,-2.016905606360027,-1.865170475333002,-1.957070501814568,-0.200897172092191,0.0665200328347066,-0.1034144859943758,1.1238440743523652,-0.3541708497179425,-0.5950892641863389,0.5339472845916592,0.7528126942180123,0.0502514681023112,0.0870154474688946,-0.6626176336573758,-0.8630182630889363,0.3968916630173185,-1.0236490317409157,0.180982644849074,-0.400236160668581,0.6417296880867269,-0.1756849073191308,,-0.1034144859943758,0.0502514681023112,0.0870154474688946,-0.8546816276107552,0.0,0.0,0.0,0.0,其他,0,0,0.5,1.0,0,0.7434343434343434,,,0.7894736842105263,0.242914979757085,0.46356275303643724,0.27125506072874495,0.8178137651821862,0.3076923076923077,0.5,0.5,0.5,0.5,0.7434343434343434,0.5,0.5
2026-07-17,42.55,43.43,41.6,41.67,2222753.0,42.996,42.664,44.7055,52.621,-0.0308400781468042,-0.0232983311456965,-0.0678999228282872,-0.2081108302768856,44.7055,50.10406306417574,39.30693693582426,0.2188603741461201,0.2415167290003987,-0.0264018691588784,0.0028880866425993,-0.097270363951473,-0.1504587155963301,0.033835661865698,0.0338681201193494,0.0285334194246593,40.29095508814627,-2.3864399882327305,-2.57994456331579,0.1935045750830593,-47508420.0,50.041747890549445,2.332857142857143,1.1256498526971856,0.1427165354316664,0.0482047872338824,0.0163186945044395,-0.0264018691588784,0.0285334194246593,40.29095508814627,-0.0925475710192071,0.0,0.0,0.0,0.5,-1.8465537921033115,-1.80788787607754,-1.8796081976050825,-1.9107558531375544,-0.3092709020383093,-1.8694823938631484,-1.9958920797516928,-2.017409994845272,,-0.6846459705114597,-0.1830330391470207,-0.5040483247645541,,-2.017409994845272,-1.8774039287951856,-1.949173862218028,-0.4383410626691373,0.0244250669634188,-0.7560553780733752,0.263383665195752,-0.633276520903659,-0.6460303715186498,0.6670287327004276,0.769627661870767,0.0936226248601379,0.0003513529379783,-0.6540574182449741,-0.8344063642867291,0.3457636186038059,-1.16063711283727,0.1295972952464929,-0.4692238237807176,0.3333704535147928,-0.4975731870585652,,-0.7560553780733752,0.0936226248601379,0.0003513529379783,-0.3184953529064734,0.0,0.0,0.0,0.0,其他,0,0,0.5,1.0,0,0.7696969696969697,,,0.6214574898785425,0.2813765182186235,0.4757085020242915,0.29959514170040485,0.5931174089068826,0.3340080971659919,0.5,0.5,0.5,0.5,0.7696969696969697,0.5,0.5
2026-07-20,41.7,42.42,39.88,41.15,2435318.0,42.666,42.222,44.244,52.16833333333333,-0.035531805184456,-0.0253896073137227,-0.0699303860410451,-0.2112073096706175,44.244,49.156246350755815,39.331753649244185,0.1850727977493988,0.2220525427513205,-0.0124790016798657,-0.0385514018691588,-0.0969936361641431,-0.1832076220722509,0.0298146001368775,0.0338651598120502,0.0273368203222994,39.10374462524582,-2.391215185367038,-2.542198687726039,0.1509835023590011,-49943738.0,42.64817717475762,2.317857142857143,1.212752717923188,0.1047297297285502,0.0309175531913865,0.050546780072904,-0.0124790016798657,0.0273368203222994,39.10374462524582,0.0956314084380944,0.0,0.0,0.0,0.5,-1.8942061239902783,-1.8667198396428004,-2.006449223017095,-1.927453054704814,-0.2412554124475759,-1.8718457466186988,-2.0035372569990364,-2.0269520973814306,,-0.8162737192201608,-0.2217490114899263,-0.5250582940552061,,-2.0269520973814306,-1.926013442498056,-1.9130406641527844,-0.5431207836769282,-0.182580247048215,-0.2842699297899819,-0.3187121545504779,-0.6277596377008224,-0.8381234718571619,0.3314653781232035,0.7651442598359643,-0.1049962848805472,-0.0564710589146155,-0.6532654631386166,-0.8113149452785632,0.2860743561969891,-1.3087502854596431,-0.2308485695053284,-0.4849369176783793,0.5180264316689518,-0.6055845310046052,,-0.2842699297899819,-0.1049962848805472,-0.0564710589146155,0.059666133302473,0.0,0.0,0.0,0.0,其他,0,0,0.5,1.0,0,0.7818181818181819,,,0.31376518218623484,0.2631578947368421,0.4311740890688259,0.3360323886639676,0.6234817813765182,0.3481781376518219,0.5,0.5,0.5,0.5,0.7818181818181819,0.5,0.5
2026-07-21,40.89,41.0,39.68,40.81,1933659.0,41.906,42.003,43.8295,51.67683333333333,-0.0261537727294419,-0.0284027331381091,-0.0688919563307816,-0.2102844279028963,43.8295,48.40388393896269,39.2551160610373,0.1699555568239314,0.2087353923249072,-0.0082624544349938,-0.0851826944631247,-0.0509302325581394,-0.1688391038696537,0.0119175475018323,0.029636765103336,0.0270864317677829,31.46292584876097,-2.394828474573451,-2.512724645095522,0.1178961705220706,-51877397.0,35.330223782424554,2.137142857142857,0.943769022996054,0.0750636132305976,0.0208554259454902,0.0558686596422446,-0.0082624544349938,0.0270864317677829,31.46292584876097,-0.2059932214191329,0.0,0.0,0.0,0.5,-1.9361878888036368,-1.956197063087564,-1.9926269432239507,-1.927983770858956,-0.3988728072807377,-1.912132729924552,-1.99030406132184,-2.0311464124046696,,-0.5416467908212254,-0.2778437447547657,-0.5107146518835662,,-2.0311464124046696,-1.955817526821596,-1.8897597127654568,-0.588408821121742,-0.3238943591639997,-0.1408062527980602,-0.9707769297352988,-0.2053924068001985,-0.7471999250196437,-1.1522135676996208,0.2906390834235565,-0.1462500707624027,-0.4230045658019094,-0.6519722788048359,-0.7925267317876699,0.2394588017240664,-1.4213552723100755,-0.5869018590080538,-0.6963423289430932,-0.0609117456110149,-0.6888159921197036,,-0.1408062527980602,-0.1462500707624027,-0.4230045658019094,-0.5464735075511944,0.0,0.0,0.0,0.0,其他,0,0,0.5,1.0,0,0.8383838383838383,,,0.21862348178137653,0.24898785425101214,0.4311740890688259,0.24696356275303644,0.25303643724696356,0.34210526315789475,0.5,0.5,0.5,0.5,0.8383838383838383,0.5,0.5
2026-07-22,40.81,42.92,40.14,42.84,2302279.0,41.854,42.155,43.5675,51.249,0.0235580828594639,0.0162495552129047,-0.0166982268893096,-0.1640812503658607,43.5675,47.69527944637087,39.43972055362914,0.4118775591703666,0.1894889285068636,0.0497427101200687,-0.0060324825986078,0.0367860600193612,-0.1089850249584025,0.0293259054793485,0.0314825397729755,0.0298970560258999,40.89805824895283,-2.2084312935360018,-2.451865974783618,0.2434346812476162,-49575118.0,35.99759506223327,2.206428571428572,1.0839020991561252,0.391044776113567,0.0959706959703446,0.0116713352007469,0.0497427101200687,0.0298970560258999,40.89805824895283,0.1906334053729226,0.0,0.0,0.0,0.5,-1.9143983144635195,-1.7716001215124866,-1.9215921663366229,-1.727812686933094,-0.2807130023373856,-1.888329452881868,-1.944088301402,-2.020086527609885,,0.900072604378324,0.5684513634322055,0.0947917099214365,,-2.020086527609885,-1.980311191757458,-1.8393587376496645,0.1832622886549406,-0.5282394412562829,1.8076802533023453,0.1462774613342909,0.5974235924356753,-0.383965916691821,0.2969175322613318,0.4958737830252108,0.3232920920683754,0.0329180735232745,-0.5638668994787078,-0.7584029502351688,0.4122933381790242,-1.2609244679639693,-0.5516358868860446,-0.6108839573480107,0.2409985057165641,0.2376927164539375,,1.8076802533023453,0.3232920920683754,0.0329180735232745,0.2545066255944733,0.0,0.0,0.0,0.0,其他,0,0,0.5,1.0,0,0.2611336032388664,,,0.7004048582995951,0.3603238866396761,0.5121457489878543,0.45546558704453444,0.7307692307692307,0.5445344129554656,0.5,0.5,0.5,0.5,0.2611336032388664,0.5,0.5
2026-07-23,42.85,44.1,42.16,43.82,1594385.0,42.058,42.515,43.4125,50.854000000000006,0.0418945266061154,0.0306950488063035,0.0093866973797869,-0.1383175364769734,43.4125,47.2314878791428,39.593512120857206,0.5533518320613432,0.1759395510110681,0.0228758169934639,0.0238317757009347,0.0895077076081551,-0.0660699062233589,0.0307770018144675,0.0299776426738383,0.0301876441064032,43.17386230685862,-1.9590499864596111,-2.3533027771188166,0.3942527906592055,-47980733.0,40.922173501646846,2.243571428571429,0.7411859682097773,0.5863192182314934,0.1369863013693418,,0.0228758169934639,0.0301876441064032,43.17386230685862,-0.3074753320514152,0.0,0.0,0.0,0.5,-1.7149749354102926,-1.6536319350398905,-1.717411243509375,-1.6235940798879869,-0.5044747703325592,-1.8432314865315915,-1.8813681346102924,-1.9992027647995985,,1.420167799594208,0.838908042048076,0.3970305820547934,,-1.9992027647995985,-1.9836159275118208,-1.7946035070739723,0.6333428325681457,-0.6707133924909057,0.895214148116781,0.5668686917584971,1.0748388313170585,-0.1234145333395791,0.4165822280261947,0.325216978984011,0.3706227658096004,0.1428021417732703,-0.4471986975716395,-0.7058700702538143,0.6196182572699536,-1.1488043724901982,-0.3079147279105905,-0.56398490738038,-0.4998942762562379,0.8080074931419279,,0.895214148116781,0.3706227658096004,0.1428021417732703,-0.7517825660131084,0.0,0.0,0.0,0.0,其他,0,0,0.5,1.0,0,,,,0.742914979757085,0.3562753036437247,0.5080971659919028,0.4433198380566802,0.34210526315789475,0.5566801619433198,0.5,0.5,0.5,0.5,0.5,0.5,0.5
2026-07-24,43.89,43.89,42.09,42.35,1116618.0,42.194,42.595000000000006,43.2705,50.4515,0.0036972081338577,-0.0057518488085457,-0.0212731537652672,-0.1605799629346996,43.2705,47.021802791240106,39.51919720875989,0.3773092907632992,0.1733884651774968,-0.0335463258785941,0.0163186945044395,0.0192539109506619,-0.0628457623368,0.0327100389255556,0.0314051209593763,0.029999743339085,41.06548279370191,-1.8586049159460885,-2.254363204884271,0.3957582889381825,-49097351.0,41.22919081097943,2.292857142857144,0.5223857467433228,0.3469055374536338,0.0822393822390648,,-0.0335463258785941,0.029999743339085,41.06548279370191,-0.2996559802055337,0.0,0.0,0.0,0.5,-1.6066533549826034,-1.6515084549007966,-1.702632163081093,-1.72911340601145,-0.6542765666752559,-1.805915628914496,-1.8464675551651035,-1.9781164929181283,,0.3102886559216612,0.1433398009552166,0.0386505660396006,,-1.9781164929181283,-1.9663721750010443,-1.7761638019226682,0.0679075293118384,-0.6945996602801136,-1.0050871587682897,0.4584329838363164,0.4269384815213445,-0.1034336054054618,0.5760614234146343,0.4844571499369249,0.3376112284870792,0.0400632942362286,-0.3993277692304616,-0.6534844910851463,0.6190496886175962,-1.2119379023678656,-0.2916756463914665,-0.50284824359016,-0.9689139144174312,0.1017020153032211,,-1.0050871587682897,0.3376112284870792,0.0400632942362286,-0.7323705559027941,0.0,0.0,0.0,0.0,其他,0,0,0.5,1.0,0,,,,0.7692307692307693,0.3684210526315789,0.5101214574898786,0.5040485829959515,0.1396761133603239,0.548582995951417,0.5,0.5,0.5,0.5,0.5,0.5,0.5
2026-07-27,42.35,43.35,42.09,43.23,13273.0,42.61,42.638,43.195,50.07000000000001,0.0145505749823984,0.0138843285332332,0.000810278967473,-0.1366087477531458,43.195,46.88200420395568,39.50799579604433,0.5047464008736376,0.1707143976824696,0.0207792207792205,0.050546780072904,0.0100467289719625,-0.0337505587840859,0.0319795092499305,0.0306200955397232,0.0303991079717437,50.70422534776569,-1.688528764852201,-2.141196316877857,0.4526675520256562,-49084078.0,43.66569956680419,2.174285714285715,0.0064260643843914,0.4902280130213314,0.1425864519178465,,0.0207792207792205,0.0303991079717437,50.70422534776569,-0.9881132132922807,0.0,0.0,0.0,0.5,-1.7179831845265712,-1.6758673343136206,-1.6823228242255248,-1.634421793014047,-1.0013380835693118,-1.7459621728632693,-1.8163485700774773,-1.9517707433957725,,0.6235072118220383,0.5169009026371527,0.2964747096269242,,-1.9517707433957725,-1.9444307482919303,-1.7518323461841343,0.476455961274437,-0.7196698016126877,0.8262946699827508,0.9398862080142926,0.340763435325133,0.0739051877903968,0.5126603665329252,0.3940676323188317,0.4034990839283189,0.5085771131895006,-0.3194145446574769,-0.594300611026499,0.6954036352410096,-1.2018940654501424,-0.1703206537153305,-0.6421041346304944,-2.0522722431534097,0.5234610218819169,,0.8262946699827508,0.4034990839283189,0.5085771131895006,-2.09613318248866,0.0,0.0,0.0,0.0,其他,0,0,0.5,1.0,0,,,,0.7813765182186235,0.3825910931174089,0.5080971659919028,0.5526315789473685,0.26720647773279355,0.5384615384615384,0.5,0.5,0.5,0.5,0.5,0.5,0.5
2026-07-28,43.03,43.88,42.67,43.09,9751.0,43.066,42.486,43.1145,49.79633333333333,0.0005572841684855,0.0142164477710304,-0.0005682542995975,-0.1346752438265198,43.1145,46.73281292469838,39.49618707530162,0.4966144442783787,0.167846683815885,-0.0032384917881099,0.0558686596422446,-0.0340730777852498,-0.0360178970917225,0.0313219382568265,0.0270437750223536,0.0304020772151775,55.983772814173285,-1.5472037756538697,-2.02239780863306,0.4751940329791901,-49093829.0,46.03811548439485,2.127857142857143,0.0050044659636651,0.4674267100901078,0.1359545239216679,,-0.0032384917881099,0.0304020772151775,55.983772814173285,-0.2653507119716718,0.0,0.0,0.0,0.5,-1.6407729002655604,-1.6142592355000076,-1.6126951841000283,-1.62782667484697,-0.9963195312796832,-1.6848194213280576,-1.8046593078360789,-1.9271803370646048,,0.2146273167932568,0.5211141685320821,0.2792131263831878,,-1.9271803370646048,-1.924277360474516,-1.7285871354311295,0.4483111145543315,-0.7466649038598849,0.0138646343485838,1.0091465553024517,-0.0671574439453562,0.0598065716344396,0.4555769060525014,-0.0119875367204542,0.4023664656069923,0.7629803239822897,-0.2529049793902426,-0.5325638624076778,0.7235451077220543,-1.1935388245646894,-0.0521681585017176,-0.6944904792834281,-2.018628299287378,0.4539140213673332,,0.0138646343485838,0.4023664656069923,0.7629803239822897,-0.6395525604035739,0.0,0.0,0.0,0.0,其他,0,0,0.5,1.0,0,,,,0.8380566801619433,0.39473684210526316,0.5060728744939271,0.6761133603238867,0.08299595141700405,0.5303643724696356,0.5,0.5,0.5,0.5,0.5,0.5,0.5
2026-07-29,43.09,43.91,42.97,43.34,10414.0,43.166,42.51,42.9635,49.50816666666666,0.0040309502849464,0.0195248176899553,0.008763252528309,-0.1245888725429136,42.9635,46.24821596144249,39.67878403855752,0.5573108914688211,0.152907279967174,0.0058018101647714,0.0116713352007469,0.0055684454756381,-0.0651423641069887,0.0228717498197886,0.024858523434214,0.0290911192671761,61.19081778438545,-1.3989041539403502,-1.897699077694518,0.4987949237541678,-49083415.0,48.70539259914448,2.075714285714286,0.0057061253398045,0.5252525252436836,0.1477972524862731,,0.0058018101647714,0.0290911192671761,61.19081778438545,0.0679930263562711,0.0,0.0,0.0,0.5,-1.61747614255419,-1.5942684579963151,-1.569330541985495,-1.5891116080922194,-0.9900753828887086,-1.65624041519663,-1.778040706254041,-1.910315802154112,,0.3151762449446141,0.620387837895437,0.3878040317264869,,-1.910315802154112,-1.931086558007305,-1.6859434640240294,0.641817793735349,-0.903009394977878,0.319522080017981,0.3785859635226645,0.2997025934876852,-0.1188139023720751,-0.2565155276122622,-0.2600440034079821,0.178694169488632,1.011395002115432,-0.1832020237183177,-0.468086056823813,0.7530206839802602,-1.1840878811490607,0.0806512641041785,-0.7533728589804956,-1.982404026481852,0.6229457507648744,,0.319522080017981,0.178694169488632,1.011395002115432,0.0320794977673339,0.0,0.0,0.0,0.0,其他,0,0,0.5,1.0,0,,,,0.25963488843813387,0.3265720081135903,0.49898580121703856,0.7038539553752535,0.034482758620689655,0.4543610547667343,0.5,0.5,0.5,0.5,0.5,0.5,0.5
