date,open,high,low,close,volume,ma5,ma10,ma20,ma60,ma5_ratio,ma10_ratio,ma20_ratio,ma60_ratio,bollinger_mid,bollinger_upper,bollinger_lower,bollinger_pct_b,bollinger_bandwidth,return_1d,return_5d,return_10d,return_20d,volatility_5d,volatility_10d,volatility_20d,rsi_14,macd,macd_signal,macd_histogram,obv,mfi_14,atr_14,volume_ratio_20d,price_position_20d,price_position_60d,future_return,return,volatility,rsi,volume_change,csi300_return_1d,csi300_return_5d,csi300_volatility_20d,market_breadth,open_norm,high_norm,low_norm,close_norm,volume_norm,ma5_norm,ma10_norm,ma20_norm,ma60_norm,ma5_ratio_norm,ma10_ratio_norm,ma20_ratio_norm,ma60_ratio_norm,bollinger_mid_norm,bollinger_upper_norm,bollinger_lower_norm,bollinger_pct_b_norm,bollinger_bandwidth_norm,return_1d_norm,return_5d_norm,return_10d_norm,return_20d_norm,volatility_5d_norm,volatility_10d_norm,volatility_20d_norm,rsi_14_norm,macd_norm,macd_signal_norm,macd_histogram_norm,obv_norm,mfi_14_norm,atr_14_norm,volume_ratio_20d_norm,price_position_20d_norm,price_position_60d_norm,return_norm,volatility_norm,rsi_norm,volume_change_norm,csi300_return_1d_norm,csi300_return_5d_norm,csi300_volatility_20d_norm,market_breadth_norm,sector,sector_momentum_5d,sector_momentum_20d,sector_breadth,sector_vol_flow,sector_relative_strength,future_return_rank,future_return_10d,future_return_20d,cs_rank_return_5d,cs_rank_return_20d,cs_rank_volatility,cs_rank_rsi,cs_rank_volume_ratio_20d,cs_rank_ma20_ratio,cs_rank_max_ret_5d,cs_rank_reversal_1d,cs_rank_amihud_illiq,cs_rank_idio_vol_20d,future_return_rank_5d,future_return_rank_10d,future_return_rank_20d
2025-07-30,47.01,120.0,47.01,80.0,30981595.0,,,,,,,,,,,,,,,,,,,,,,0.0,0.0,0.0,0.0,,,,,,-0.427125,,,,,0.0,0.0,0.0,0.5,,,,,,,,,,,,,,,,,,,,,,,,,,,,,,,,,,,,,,,,,,,,其他,0,0,0.5,1.0,0,0.0020366598778004,-0.39175000000000004,-0.35250000000000004,0.5,0.5,0.5,0.5,0.5,0.5,0.5,0.5,0.5,0.5,0.002036659877800407,0.002036659877800407,0.002036659877800407
2025-07-31,58.0,68.3,57.99,60.19,26006472.0,,,,,,,,,,,,,,-0.2476249999999999,,,,,,,,-0.4444551282051208,-0.2469195156695115,-0.1975356125356092,-26006472.0,,,,,,-0.2335936202026913,-0.2476249999999999,,,-0.1605831784967817,0.0,0.0,0.0,0.5,,,,,,,,,,,,,,,,,,,,,,,,,,,,,,,,,,,,,,,,,,,,其他,0,0,0.5,1.0,0,0.0020408163265306,-0.22379132746303376,-0.13573683336102338,0.5,0.5,0.5,0.5,0.5,0.5,0.5,0.5,0.5,0.5,0.0020408163265306124,0.0020408163265306124,0.00816326530612245
2025-08-01,57.61,65.08,57.6,59.62,18056378.0,,,,,,,,,,,,,,-0.0094700116298388,,,,,,,,-0.5839997177189389,-0.3850671394602604,-0.1989325782586785,-44062850.0,,,,,,-0.2448842670244883,-0.0094700116298388,,,-0.3056967511779376,0.0,0.0,0.0,0.5,,,,,,,,,,,,,,,,,,,,,,,,,,,,,,,,,,,,,,,,,,,,其他,0,0,0.5,1.0,0,0.0020408163265306,-0.19003690036900367,-0.09292183830929213,0.5,0.5,0.5,0.5,0.5,0.5,0.5,0.5,0.5,0.5,0.0020408163265306124,0.004081632653061225,0.02040816326530612
2025-08-04,59.62,60.84,52.76,52.97,17793388.0,,,,,,,,,,,,,,-0.1115397517611539,,,,,,,,-0.8732506993719369,-0.5504409741186874,-0.3228097252532494,-61856238.0,,,,,,-0.1136492354162732,-0.1115397517611539,,,-0.014564936555936,0.0,0.0,0.0,0.5,,,,,,,,,,,,,,,,,,,,,,,,,,,,,,,,,,,,,,,,,,,,其他,0,0,0.5,1.0,0,0.0081799591002045,-0.08080045308665285,0.04663016801963371,0.5,0.5,0.5,0.5,0.5,0.5,0.5,0.5,0.5,0.5,0.0081799591002045,0.010224948875255624,0.5950920245398773
2025-08-05,51.3,51.94,48.72,48.81,16304474.0,60.318,,,,-0.1907888192579329,,,,,,,,,-0.0785350198225409,,,,,,,,-1.1775772048811248,-0.7369998242978989,-0.4405773805832259,-78160712.0,,,,,,-0.0422044662978898,-0.0785350198225409,,,-0.0836779369954726,0.0,0.0,0.0,0.5,,,,,,,,,,,,,,,,,,,,,,,,,,,,,,,,,,,,,,,,,,,,其他,0,0,0.5,1.0,0,0.0245398773006134,-0.004712149149764477,0.09629174349518532,0.5,0.5,0.5,0.5,0.5,0.5,0.5,0.5,0.5,0.5,0.024539877300613498,0.25357873210633947,0.8118609406952966
2025-08-06,47.82,48.24,45.71,45.83,14370020.0,53.484,,,,-0.1431082192805325,,,,,,,,,-0.0610530628969474,-0.427125,,,0.0895629269481897,,,,-1.4658107145171044,-0.934548096648928,-0.5312626178681763,-92530732.0,,,,,,0.0617499454505781,-0.0610530628969474,,,-0.1186455938412978,0.0,0.0,0.0,0.5,,,,,,,,,,,,,,,,,,,,,,,,,,,,,,,,,,,,,,,,,,,,其他,0,0,0.5,1.0,0,0.9059304703476484,0.08313331878682084,0.11542657647828936,0.0,0.5,0.5,0.5,0.5,0.5,0.5,0.5,0.5,0.5,0.9059304703476483,0.8404907975460123,0.8895705521472392
2025-08-07,45.46,46.5,45.01,46.13,9537148.0,50.672,,,,-0.0896353015472055,,,,,,,,,0.0065459306131356,-0.2335936202026913,,,0.0488886418937276,,,,-1.61181908732852,-1.1059473164440177,-0.5058717708845024,-82993584.0,,,,,,0.0127899414697592,0.0065459306131356,,,-0.3363163029696548,0.0,0.0,0.0,0.5,,,,,,,,,,,,,,,,,,,,,,,,,,,,,,,,,,,,,,,,,,,,其他,0,0,0.5,1.0,0,0.7326530612244898,0.1836115326251897,0.11662692391068719,0.0,0.5,0.5,0.5,0.5,0.5,0.5,0.5,0.5,0.5,0.7326530612244898,0.9653061224489796,0.9061224489795918
2025-08-08,46.0,46.25,45.0,45.02,7408743.0,47.752,,,,-0.0572122633606967,,,,,,,,,-0.0240624322566659,-0.2448842670244883,,,0.0461633946919648,,,,-1.736597662125142,-1.2575044538935711,-0.4790932082315708,-90402327.0,,,,,,0.0726343847179029,-0.0240624322566659,,,-0.2231699665350689,0.0,0.0,0.0,0.5,,,,,,,,,,,,,,,,,,,,,,,,,,,,,,,,,,,,,,,,,,,,其他,0,0,0.5,1.0,0,0.936734693877551,0.18636161705908472,0.1525988449577964,0.0,0.5,0.5,0.5,0.5,0.5,0.5,0.5,0.5,0.5,0.936734693877551,0.9530612244897959,0.9163265306122449
2025-08-11,45.0,47.26,44.9,46.95,9992689.0,46.548,,,,0.008636246455272,,,,,,,,,0.0428698356286094,-0.1136492354162732,,,0.0493583400360704,,,,-1.7008270792943634,-1.35991417969604,-0.3409128995983235,-80409638.0,,,,,,0.0370607028753993,0.0428698356286094,,,0.3487698250566931,0.0,0.0,0.0,0.5,,,,,,,,,,,,,,,,,,,,,,,,,,,,,,,,,,,,,,,,,,,,其他,0,0,0.5,1.0,0,0.8187372708757638,0.15186368477103285,0.12012779552715647,0.006122448979591836,0.5,0.5,0.5,0.5,0.5,0.5,0.5,0.5,0.5,0.8187372708757638,0.9307535641547862,0.8757637474541752
2025-08-12,46.52,47.15,46.0,46.75,6130431.0,46.136,53.227,,,0.0133084792786544,-0.1216863621846054,,,,,,,,-0.0042598509052184,-0.0422044662978898,,,0.0383599461532609,,,,-1.6610091529118804,-1.4273769322355965,-0.2336322206762839,-86540069.0,,,,,,0.0391443850267378,-0.0042598509052184,,,-0.3865083762738939,0.0,0.0,0.0,0.5,,,,,,,,,,,,,,,,,,,,,,,,,,,,,,,,,,,,,,,,,,,,其他,0,0,0.5,1.0,0,0.8207739307535642,0.15208556149732622,0.1651336898395721,0.022448979591836733,0.5,0.5,0.5,0.5,0.5,0.5,0.5,0.5,0.5,0.8207739307535642,0.9287169042769857,0.9226069246435845
2025-08-13,46.51,49.93,46.51,48.66,10354514.0,46.702000000000005,50.093,,,0.0419253993404991,-0.0286067913680555,,,,,,,,0.0408556149732619,0.0617499454505781,-0.39175,,0.0290665706404352,0.086906807200727,,,-1.5071854567745149,-1.4448385813839044,-0.0623468753906104,-76185555.0,,,,,,0.0201397451705713,0.0408556149732619,,,0.6890352407522407,0.0,0.0,0.0,0.5,,,,,,,,,,,,,,,,,,,,,,,,,,,,,,,,,,,,,,,,,,,,其他,0,0,0.5,1.0,0,0.6028513238289206,0.06452938758734073,0.1267981915330867,0.9040816326530612,0.5,0.5,0.5,0.5,0.5,0.5,0.5,0.5,0.5,0.6028513238289206,0.879837067209776,0.8981670061099797
2025-08-14,48.0,48.4,46.69,46.72,6936984.0,46.82,48.746,,,-0.0021358393848782,-0.0415623846059163,,,,,,,,-0.0398684751335799,0.0127899414697592,-0.2237913274630337,,0.0375678753524027,0.0499705159397248,,,-1.4804707335416651,-1.4524908733126294,-0.0279798602290357,-83122539.0,,,,,,0.1686643835616439,-0.0398684751335799,,,-0.33005218786705,0.0,0.0,0.0,0.5,,,,,,,,,,,,,,,,,,,,,,,,,,,,,,,,,,,,,,,,,,,,其他,0,0,0.5,1.0,0,0.979633401221996,0.11344178082191791,0.1759417808219177,0.7306122448979592,0.5,0.5,0.5,0.5,0.5,0.5,0.5,0.5,0.5,0.9796334012219959,0.8981670061099797,0.924643584521385
2025-08-15,46.23,49.2,46.23,48.29,6348298.0,47.474,47.613,,,0.0171883557315581,0.014218805788335,,,,,,,,0.0336044520547944,0.0726343847179029,-0.1900369003690036,,0.0359590418216116,0.0531060883710898,,,-1.3523328928228082,-1.4312939648481873,0.078961072025379,-76774241.0,,,,,,0.1060260923586664,0.0336044520547944,,,-0.0848619515339808,0.0,0.0,0.0,0.5,,,,,,,,,,,,,,,,,,,,,,,,,,,,,,,,,,,,,,,,,,,,其他,0,0,0.5,1.0,0,0.940936863543788,0.11990060053841378,0.12300683371298393,0.936734693877551,0.5,0.5,0.5,0.5,0.5,0.5,0.5,0.5,0.5,0.9409368635437881,0.9266802443991853,0.8676171079429735
2025-08-18,48.29,49.37,47.68,48.69,5792993.0,47.822,47.185,,,0.0181506419639496,0.0318957295750768,,,,,,,,0.0082832884655208,0.0370607028753993,-0.0808004530866528,,0.0323128104619604,0.0425019728607666,,14.036296806348489,-1.2156735618747518,-1.3861860156683663,0.1705124537936146,-70981248.0,22.60254005312425,9.586428571428572,,,,0.110700349147669,0.0082832884655208,,14.036296806348489,-0.0874730518321603,0.0,0.0,0.0,0.5,,,,,,,,,,,,,,,,,,,,,,,,,,,,,,,,,,,,,,,,,,,,其他,0,0,0.5,1.0,0,0.9368635437881874,0.1386321626617375,0.17683302526186084,0.8183673469387756,0.5,0.5,0.0020408163265306124,0.5,0.5,0.5,0.5,0.5,0.5,0.9368635437881874,0.9389002036659878,0.9287169042769857
2025-08-19,48.49,49.84,48.45,48.58,5285840.0,48.188,47.162,,,0.008134805345729,0.0300665790254865,,,,,,,,-0.0022591907989319,0.0391443850267378,-0.0047121491497644,,0.0321392507122837,0.0344269032790226,,14.000916589834986,-1.103628626692867,-1.327613708006386,0.2239850813135189,-76267088.0,24.992594217036,4.472142857142858,,,,0.1086867023466446,-0.0022591907989319,,14.000916589834986,-0.0875459369621195,0.0,0.0,0.0,0.5,,,,,,,,,,,,,,,,,,,,,,,,,,,,,,,,,,,,,,,,,,,,其他,0,0,0.5,1.0,0,0.940936863543788,0.10148209139563602,0.15829559489501865,0.8204081632653061,0.5,0.5,0.004081632653061225,0.5,0.5,0.5,0.5,0.5,0.5,0.9409368635437881,0.9063136456211812,0.9083503054989817
2025-08-20,48.2,49.66,48.08,49.64,5522674.0,48.384,47.54299999999999,,,0.0259589947089946,0.044107439581011,,,,,,,,0.0218196788801976,0.0201397451705713,0.0831333187868208,,0.0281754882510306,0.0273208570431308,,28.80674969705386,-0.940449560860266,-1.2479382127602812,0.3074886519000153,-70744414.0,33.62861808963599,3.012857142857144,,,,0.0435132957292505,0.0218196788801976,,28.80674969705386,0.0448053667912762,0.0,0.0,0.0,0.5,,,,,,,,,,,,,,,,,,,,,,,,,,,,,,,,,,,,,,,,,,,,其他,0,0,0.5,1.0,0,0.9083503054989815,0.0298146655922642,0.11120064464141821,0.6020408163265306,0.5,0.5,0.012244897959183673,0.5,0.5,0.5,0.5,0.5,0.5,0.9083503054989817,0.8391038696537678,0.8737270875763747
2025-08-21,49.64,54.6,48.67,54.6,11753976.0,49.96,48.39,,,0.0928742994395517,0.1283323000619962,,,,,,,,0.0999194198227235,0.1686643835616439,0.1836115326251897,,0.040171697939341,0.0397592301013959,,41.42759562643448,-0.4973844976930124,-1.0943694076801544,0.596984909987142,-58990438.0,45.51852973653224,2.902142857142858,,,,-0.0472527472527471,0.0999194198227235,,41.42759562643448,1.1283124805121578,0.0,0.0,0.0,0.5,,,,,,,,,,,,,,,,,,,,,,,,,,,,,,,,,,,,,,,,,,,,其他,0,0,0.5,1.0,0,0.1181262729124236,-0.056593406593406614,0.020329670329670257,0.9795918367346939,0.5,0.5,0.05714285714285714,0.5,0.5,0.5,0.5,0.5,0.5,0.11812627291242363,0.32179226069246436,0.7087576374745418
2025-08-22,54.92,56.43,52.83,53.41,9899160.0,50.984,49.229,,,0.0475835556252941,0.0849296146580267,,,,,,,,-0.0217948717948718,0.1060260923586664,0.1863616170590847,,0.0468050876746784,0.0395002695645053,,50.92359361581473,-0.2269916229229025,-0.9177114641337945,0.6907198412108919,-68889598.0,57.67497158358084,2.5821428571428577,,,,0.0125444673282157,-0.0217948717948718,,50.92359361581473,-0.1578032829061417,0.0,0.0,0.0,0.5,,,,,,,,,,,,,,,,,,,,,,,,,,,,,,,,,,,,,,,,,,,,其他,0,0,0.5,1.0,0,0.7678207739307535,-0.02845909005804148,0.14735068339262325,0.9408163265306122,0.5,0.5,0.1653061224489796,0.5,0.5,0.5,0.5,0.5,0.5,0.7678207739307535,0.48268839103869654,0.9307535641547862
2025-08-25,53.39,55.35,53.3,54.08,7696470.0,52.062,49.942,,,0.0387614767008566,0.0828561130911857,,,,,,,,0.0125444673282157,0.110700349147669,0.1518636847710328,,0.046549339948881,0.0385237277054141,,62.96114116634797,0.0265485172543833,-0.7260980272060892,0.7526465444604725,-61193128.0,68.97471057027678,2.4250000000000007,,,,0.0251479289940828,0.0125444673282157,,62.96114116634797,-0.2225128192695138,0.0,0.0,0.0,0.5,,,,,,,,,,,,,,,,,,,,,,,,,,,,,,,,,,,,,,,,,,,,其他,0,0,0.5,1.0,0,0.8228105906313645,-0.027551775147928947,0.24648668639053262,0.936734693877551,0.5,0.5,0.5,0.5,0.5,0.5,0.5,0.5,0.5,0.8228105906313645,0.4460285132382892,0.9714867617107943
2025-08-26,53.62,55.55,53.3,53.86,6186192.0,53.11800000000001,50.653000000000006,51.94,,0.0139688994314544,0.0633131305154679,0.0369657296881016,,51.94,67.78165727640759,36.0983427235924,0.5605997202957841,0.6099983548855253,-0.004068047337278,0.1086867023466446,0.1520855614973262,,0.0467918545678293,0.0385131832911153,,72.85145133170221,0.2073029535202266,-0.5372404514569348,0.7445434049771614,-67379320.0,73.2603390079687,2.3642857142857148,0.5324697503239811,0.2527158376207754,,-0.006498329001114,-0.004068047337278,,72.85145133170221,-0.196229959968661,0.0,0.0,0.0,0.5,,,,,,,,,,,,,,,,,,,,,,,,,,,,,,,,,,,,,,,,,,,,其他,0,0,0.5,1.0,0,0.745417515274949,0.011325659116227182,0.18529520980319347,0.9408163265306122,0.5,0.5,0.7918367346938775,0.022448979591836733,0.5795918367346938,0.5,0.5,0.5,0.5,0.745417515274949,0.769857433808554,0.9694501018329938
2025-08-27,53.5,53.87,51.51,51.8,5809369.0,53.55,50.967,50.53,,-0.0326797385620915,0.0163439088037358,0.0251335840094992,,50.53,59.29530240869013,41.76469759130987,0.5724447338339202,0.3469345896961324,-0.0382473078351282,0.0435132957292505,0.0645293875873407,-0.3525,0.0539167432945352,0.0406546124085064,0.0711461829139118,64.6663217749336,0.2081860228332601,-0.3867672866180235,0.5949533094512838,-73188689.0,75.12149897071109,2.426428571428572,0.5607872180182182,0.44693473961472,,-0.0131274131274131,-0.0382473078351282,0.0711461829139118,64.6663217749336,-0.0609135636268645,0.0,0.0,0.0,0.5,,,,,,,,,,,,,,,,,,,,,,,,,,,,,,,,,,,,,,,,,,,,其他,0,0,0.5,1.0,0,0.659877800407332,0.05849420849420861,0.3555984555984557,0.9081632653061225,0.0,1.0,0.8326530612244898,0.00816326530612245,0.7387755102040816,0.5,0.5,0.5,0.5,0.659877800407332,0.8228105906313645,0.9796334012219959
2025-08-28,51.75,52.48,50.41,52.02,3987598.0,53.034000000000006,51.497,50.121500000000005,,-0.0191198099332504,0.0101559314134804,0.0378779565655456,,50.121500000000005,57.66801617077636,42.57498382922365,0.6257865190357175,0.3011289035947168,0.0042471042471043,-0.0472527472527471,0.1134417808219179,-0.1357368333610233,0.0205061730202283,0.0372559780872071,0.0465553943619578,68.98047721819019,0.2211458732802498,-0.2642808643648454,0.4854267376450952,-69201091.0,77.04095993174553,2.4850000000000003,0.4307020905020404,0.4794520547912368,,-0.0098039215686275,0.0042471042471043,0.0465553943619578,68.98047721819019,-0.3135918892396059,0.0,0.0,0.0,0.5,,,,,,,,,,,,,,,,,,,,,,,,,,,,,,,,,,,,,,,,,,,,其他,0,0,0.5,1.0,0,0.675152749490835,0.05613225682429834,0.33256439830834283,0.11632653061224489,0.006122448979591836,0.9795918367346939,0.8571428571428571,0.0020408163265306124,0.7775510204081633,0.5,0.5,0.5,0.5,0.675152749490835,0.8228105906313645,0.9775967413441955
2025-08-29,52.35,56.0,52.35,54.08,8251787.0,53.168000000000006,52.076,49.8445,,0.0171531748420101,0.038482218296336,0.0849742699796365,,49.8445,56.24229065483996,43.44670934516005,0.8310127064498994,0.2567099942752807,0.0396001537870049,0.0125444673282157,0.1199006005384137,-0.0929218383092921,0.0282105940260815,0.0376985536389501,0.0476553166013022,69.19763058175137,0.3685273479009368,-0.1369676976223732,0.50549504552331,-60949304.0,76.9662482943868,2.600714285714286,0.94111059436637,0.9457202505120486,,-0.0404955621301774,0.0396001537870049,0.0476553166013022,69.19763058175137,1.0693628093905154,0.0,0.0,0.0,0.5,,,,,,,,,,,,,,,,,,,,,,,,,,,,,,,,,,,,,,,,,,,,其他,0,0,0.5,1.0,0,0.1670061099796334,0.0027736686390531506,0.17307692307692313,0.7673469387755102,0.018367346938775512,0.9857142857142858,0.8959183673469387,0.4857142857142857,0.9183673469387755,0.5,0.5,0.5,0.5,0.1670061099796334,0.46028513238289204,0.9511201629327902
2025-09-01,53.26,56.12,53.02,55.44,6464697.0,53.44,52.751,49.968,,0.0374251497005988,0.0509753369604368,0.1095100864553313,,49.968,56.70613217910999,43.22986782089002,0.906047243839625,0.269697893815902,0.0251479289940828,0.0251479289940828,0.1386321626617375,0.0466301680196337,0.0298147249162827,0.0378903245465394,0.0406766967255689,72.02230105925841,0.5721412600961386,0.0055270061343362,0.5666142539618023,-54484607.0,77.2729749474226,2.74,0.7882139987551487,0.9999999999904032,,-0.0514069264069263,0.0251479289940828,0.0406766967255689,72.02230105925841,-0.2165700593095774,0.0,0.0,0.0,0.5,,,,,,,,,,,,,,,,,,,,,,,,,,,,,,,,,,,,,,,,,,,,其他,0,0,0.5,1.0,0,0.130346232179226,0.03354978354978355,0.13293650793650813,0.8224489795918367,0.5938775510204082,0.9571428571428572,0.9081632653061225,0.32653061224489793,0.9326530612244898,0.5,0.5,0.5,0.5,0.13034623217922606,0.7413441955193483,0.9226069246435845
2025-09-02,55.0,55.44,52.99,53.51,4822599.0,53.370000000000005,53.24400000000001,50.203,,0.0026231965523701,0.0049958680790322,0.0658725574168874,,50.203,57.09711373640774,43.30888626359225,0.739842286214527,0.2746494725970166,-0.0348124098124098,-0.006498329001114,0.101482091395636,0.0962917434951853,0.0349645704924383,0.0407066564180074,0.0370759366441836,62.278481008243546,0.5896055788510992,0.1227857115418818,0.4668198673092173,-59307206.0,70.87599092763197,2.6707142857142854,0.6322556566250885,0.8147792706255779,,0.0179405718557279,-0.0348124098124098,0.0370759366441836,62.278481008243546,-0.2540100487308222,0.0,0.0,0.0,0.5,,,,,,,,,,,,,,,,,,,,,,,,,,,,,,,,,,,,,,,,,,,,其他,0,0,0.5,1.0,0,0.7107942973523421,0.0515791440852178,0.15230797981685673,0.7448979591836735,0.8122448979591836,0.9204081632653062,0.8163265306122449,0.09795918367346938,0.8795918367346939,0.5,0.5,0.5,0.5,0.7107942973523421,0.7637474541751528,0.9144602851323829
2025-09-03,54.0,54.0,50.75,51.12,4195242.0,53.234,53.39200000000001,50.4675,,-0.0397114625990907,-0.0425531914893619,0.0129291127953632,,50.4675,57.05425505125724,43.88074494874276,0.5495312179417161,0.261029575518668,-0.0446645486824892,-0.0131274131274131,0.0298146655922642,0.1154265764782893,0.0367541857700358,0.0439415044477402,0.0356885602317891,60.89108910469072,0.4284734779961141,0.1841086018964358,0.2443648760996783,-63502448.0,72.4946513736701,2.762142857142857,0.5893128940600715,0.5854126679406388,,0.0725743348982785,-0.0446645486824892,0.0356885602317891,60.89108910469072,-0.130086909568886,0.0,0.0,0.0,0.5,,,,,,,,,,,,,,,,,,,,,,,,,,,,,,,,,,,,,,,,,,,,其他,0,0,0.5,1.0,0,0.8839103869653768,0.07902973395931134,0.2124413145539905,0.6591836734693878,0.889795918367347,0.8979591836734694,0.8081632653061225,0.18979591836734694,0.7959183673469388,0.5,0.5,0.5,0.5,0.8839103869653768,0.8065173116089613,0.9287169042769857
2025-09-04,51.32,53.12,50.7,51.51,3241165.0,53.132000000000005,53.083000000000006,50.7365,,-0.0305277422269066,-0.0296328391387074,0.0152454347461885,,50.7365,57.00934968398689,44.46365031601311,0.5616545939175297,0.2472716755777212,0.0076291079812207,-0.0098039215686275,-0.0565934065934066,0.1166269239106871,0.0369308077586358,0.0284786599774855,0.0356901422781446,58.46477391788376,0.325566066577089,0.2124686652582544,0.1130974013188345,-60261283.0,68.10548702988618,2.722857142857141,0.4763567246993989,0.6228406909729093,,0.0665890118423606,0.0076291079812207,0.0356901422781446,58.46477391788376,-0.2274188235148294,0.0,0.0,0.0,0.5,,,,,,,,,,,,,,,,,,,,,,,,,,,,,,,,,,,,,,,,,,,,其他,0,0,0.5,1.0,0,0.8268839103869654,0.08153756552125802,0.26752086973403233,0.6755102040816326,0.9061224489795918,0.8959183673469387,0.8204081632653061,0.036734693877551024,0.8346938775510204,0.5,0.5,0.5,0.5,0.8268839103869654,0.8553971486761711,0.945010183299389
2025-09-05,51.5,51.99,50.49,51.89,3508225.0,52.694,52.931,51.08,,-0.0152579041257068,-0.0196671137896505,0.0158574784651528,,51.08,56.7591103825196,45.4008896174804,0.5713139862922955,0.2223614088687736,0.0073772083090661,-0.0404955621301774,-0.0284590900580414,0.1525988449577964,0.030177041997295,0.0281091367645713,0.0349758215980933,58.42105262727424,0.2687032141001069,0.2237373718752376,0.0449658422248692,-56753058.0,63.45798269180883,2.709285714285713,0.5308217632618231,0.5928899082500818,,0.0450953941029099,0.0073772083090661,0.0349758215980933,58.42105262727424,0.0823962988616746,0.0,0.0,0.0,0.5,,,,,,,,,,,,,,,,,,,,,,,,,,,,,,,,,,,,,,,,,,,,其他,0,0,0.5,1.0,0,0.7795918367346939,0.18095972248988246,0.29234920023125843,0.1656441717791411,0.9161554192229039,0.8773006134969326,0.7648261758691206,0.14314928425357873,0.7321063394683026,0.5,0.5,0.5,0.5,0.7795918367346939,0.9693877551020408,0.9571428571428572
2025-09-08,51.89,53.34,51.33,52.59,3279059.0,52.124,52.782,51.362,,0.0089402194766325,-0.0036376037285437,0.0239087262957049,,51.362,56.72917351861734,45.99482648138267,0.6143991335177582,0.2089939456643777,0.0134900751589901,-0.0514069264069263,-0.0275517751479289,0.1201277955271564,0.0273021554163708,0.0281669936955486,0.0340248193965988,60.234813676144526,0.2716727110856496,0.2333392979782915,0.038333413107358,-53473999.0,62.75081012733812,2.753571428571428,0.5226955080150661,0.6731651376069597,,0.0895607529948658,0.0134900751589901,0.0340248193965988,60.234813676144526,-0.0653224921434628,0.0,0.0,0.0,0.5,,,,,,,,,,,,,,,,,,,,,,,,,,,,,,,,,,,,,,,,,,,,其他,0,0,0.5,1.0,0,0.9389002036659878,0.2818026240730176,0.26069594980034205,0.12857142857142856,0.8755102040816326,0.8734693877551021,0.7795918367346939,0.11224489795918367,0.7306122448979592,0.5,0.5,0.5,0.5,0.9389002036659878,0.9877800407331976,0.9572301425661914
2025-09-09,52.36,54.67,51.8,54.47,7048673.0,52.316,52.843,51.748000000000005,,0.0411728725437725,0.0307893193043544,0.052601066707892,,51.748000000000005,56.82094827595613,46.67505172404388,0.7682858026391111,0.1960635493524897,0.0357482411104772,0.0179405718557279,0.0113256591162271,0.1651336898395721,0.029541459567,0.0306173205732145,0.0345478771029025,61.83243507660139,0.4073822072049324,0.2681910241709118,0.1391911830340206,-46425326.0,63.616486537305086,2.8457142857142856,1.1154241844882302,0.8887614678797161,,0.0330457132366441,0.0357482411104772,0.0345478771029025,61.83243507660139,1.149602370680125,0.0,0.0,0.0,0.5,,,,,,,,,,,,,,,,,,,,,,,,,,,,,,,,,,,,,,,,,,,,其他,0,0,0.5,1.0,0,0.7128309572301426,0.17202129612630812,0.2265467229667708,0.710204081632653,0.9224489795918367,0.8795918367346939,0.8489795918367347,0.8183673469387756,0.8571428571428571,0.5,0.5,0.5,0.5,0.7128309572301426,0.9735234215885947,0.9490835030549898
2025-09-10,54.2,56.0,53.59,54.83,6499836.0,53.05800000000001,53.146,52.05650000000001,,0.0333974141505519,0.0316862981221539,0.0532786491600469,,52.05650000000001,57.08902275336713,47.02397724663288,0.7755576214798792,0.1933484868693614,0.0066091426473287,0.0725743348982785,0.0584942084942086,0.1267981915330867,0.0123710815576697,0.0272380502593373,0.0336834732676827,50.72738772479327,0.5349847729173902,0.3216026702524062,0.213382102664984,-39925490.0,61.41469941749077,2.594285714285714,1.060930645564757,0.9300458715489676,,0.0060186029545867,0.0066091426473287,0.0336834732676827,50.72738772479327,-0.0778638759380666,0.0,0.0,0.0,0.5,,,,,,,,,,,,,,,,,,,,,,,,,,,,,,,,,,,,,,,,,,,,其他,0,0,0.5,1.0,0,0.4643584521384928,0.2806857559730076,0.25569943461608613,0.8836734693877552,0.8979591836734694,0.8571428571428571,0.6040816326530613,0.810204081632653,0.8673469387755102,0.5,0.5,0.5,0.5,0.46435845213849286,0.9816700610997964,0.955193482688391
2025-09-11,54.2,55.92,53.66,54.94,5290186.0,53.74400000000001,53.438,52.4675,,0.0222536469187255,0.0281073393465323,0.0471244103492638,,52.4675,56.98082005232698,47.954179947673005,0.7739114411626796,0.1720425044958645,0.0020062009848622,0.0665890118423606,0.0561322568242983,0.1759417808219177,0.0133326145986336,0.0272636200102311,0.0319029419935692,55.19348268314523,0.6365946866727015,0.3846510255898945,0.2519436610828069,-34635304.0,59.08647466804191,2.498571428571428,0.8752497093516208,0.930069930056922,,0.0140152894066254,0.0020062009848622,0.0319029419935692,55.19348268314523,-0.1861046955646265,0.0,0.0,0.0,0.5,,,,,,,,,,,,,,,,,,,,,,,,,,,,,,,,,,,,,,,,,,,,其他,0,0,0.5,1.0,0,0.7795918367346939,0.26174008008736793,0.19384783400072814,0.8261758691206544,0.9243353783231084,0.8404907975460123,0.6789366053169734,0.623721881390593,0.8302658486707567,0.5,0.5,0.5,0.5,0.7795918367346939,0.9836734693877551,0.9551020408163265
2025-09-12,54.69,54.86,53.28,54.23,4790283.0,54.212,53.453,52.7645,,0.0003320298088982,0.0145361345481076,0.0277743558642646,,52.7645,56.88501338140236,48.64398661859764,0.6778297828793184,0.1561850631160933,-0.0129231889333818,0.0450953941029099,0.0027736686390531,0.1230068337129839,0.0178247289399732,0.0249963535260353,0.0316799607523855,50.50778604802228,0.6560840529386809,0.4389720611062905,0.2171119918323903,-39425587.0,50.84121076556475,2.4707142857142848,0.8028899043849814,0.823615160337848,,0.1300018439977872,-0.0129231889333818,0.0316799607523855,50.50778604802228,-0.0944962993739728,0.0,0.0,0.0,0.5,,,,,,,,,,,,,,,,,,,,,,,,,,,,,,,,,,,,,,,,,,,,其他,0,0,0.5,1.0,0,0.979633401221996,0.1698321962013647,0.19491056610732072,0.7795918367346939,0.8673469387755102,0.8367346938775511,0.5959183673469388,0.5204081632653061,0.7142857142857143,0.5,0.5,0.5,0.5,0.9796334012219959,0.9755600814663951,0.9572301425661914
2025-09-15,53.89,58.65,53.27,57.3,8527703.0,55.154,53.639,53.19500000000001,,0.0389092359575007,0.0682525774156863,0.0771689068521475,,53.19500000000001,57.32221646990729,49.067783530092726,0.9973085407357464,0.1551730978437643,0.0566107320671216,0.0895607529948658,0.0335497835497835,0.1768330252618608,0.0280482883824442,0.0299285035181939,0.0336240180432105,59.76163450149452,0.8923501538603418,0.5296936809834571,0.3626564728768846,-30897884.0,60.83003382359932,2.694285714285713,1.397288500657386,0.999999999988532,,0.1764397905759163,0.0566107320671216,0.0336240180432105,59.76163450149452,0.7802086014542355,0.0,0.0,0.0,0.5,,,,,,,,,,,,,,,,,,,,,,,,,,,,,,,,,,,,,,,,,,,,其他,0,0,0.5,1.0,0,0.9877800407331976,0.09616055846422356,0.14223385689354284,0.9387755102040817,0.9285714285714286,0.8591836734693877,0.8367346938775511,0.8918367346938776,0.8959183673469387,0.5,0.5,0.5,0.5,0.9877800407331976,0.9226069246435845,0.9205702647657841
2025-09-16,57.2,57.2,54.91,56.27,5911970.0,55.514,53.915,53.5795,,0.0136181864034299,0.0436798664564592,0.0502151009247942,,53.5795,57.31021730086155,49.84878269913844,0.8605874933612118,0.1392591308561891,-0.0179755671902267,0.0330457132366441,0.0515791440852178,0.1582955948950186,0.0296097004724278,0.027927439469169,0.0340742358292763,63.47197106155152,0.9897471237931654,0.6217417086614102,0.3680054151317552,-36809854.0,60.423057634510805,2.6964285714285703,0.9637494687287792,0.8655352480304768,,0.1345299449084769,-0.0179755671902267,0.0340742358292763,63.47197106155152,-0.3067335952014276,0.0,0.0,0.0,0.5,,,,,,,,,,,,,,,,,,,,,,,,,,,,,,,,,,,,,,,,,,,,其他,0,0,0.5,1.0,0,0.9837067209775968,0.0957881642082814,0.09809845388306382,0.710204081632653,0.9081632653061225,0.8591836734693877,0.7571428571428571,0.6877551020408164,0.8204081632653061,0.5,0.5,0.5,0.5,0.9837067209775967,0.9327902240325866,0.8879837067209776
2025-09-17,56.27,56.88,55.0,55.16,3749535.0,55.58,54.319,53.85549999999999,,-0.0075566750629723,0.0154826119773927,0.0242222242853562,,53.85549999999999,57.150360271775824,50.56063972822416,0.6979598362796614,0.1223592863038952,-0.0197263195308335,0.0060186029545867,0.0790297339593113,0.1112006446414182,0.0319189731229145,0.0237641655710178,0.0344461935794656,58.98169335912044,0.9710647620413368,0.6916289990597947,0.2794357629815421,-40559389.0,60.38084807863289,2.682857142857142,0.6202000641366395,0.6537216828373184,,0.2730239303843365,-0.0197263195308335,0.0344461935794656,58.98169335912044,-0.3657723229312734,0.0,0.0,0.0,0.5,,,,,,,,,,,,,,,,,,,,,,,,,,,,,,,,,,,,,,,,,,,,其他,0,0,0.5,1.0,0,0.9979633401221996,0.12364031907179118,0.11094996374184207,0.463265306122449,0.8734693877551021,0.863265306122449,0.6591836734693878,0.2795918367346939,0.7020408163265306,0.5,0.5,0.5,0.5,0.9979633401221996,0.9409368635437881,0.90020366598778
2025-09-18,55.01,57.44,54.22,55.71,6301349.0,55.734,54.739,53.911,,-0.0004306168586499,0.0177387237618518,0.0333698132106619,,53.911,57.29485578888942,50.52714421111058,0.7658210207761024,0.1255348922810982,0.0099709934735316,0.0140152894066254,0.081537565521258,0.0203296703296702,0.0321423796223817,0.0237729060964815,0.0264626000335692,55.10331871777429,0.9868195236370668,0.7506824351237772,0.2361370885132895,-34258040.0,59.44001847023252,2.628571428571428,1.0915103197788747,0.7427184465899243,,0.2443008436546399,0.0099709934735316,0.0264626000335692,55.10331871777429,0.6805681237806822,0.0,0.0,0.0,0.5,,,,,,,,,,,,,,,,,,,,,,,,,,,,,,,,,,,,,,,,,,,,其他,0,0,0.5,1.0,0,0.9959266802443992,0.171961945790702,0.09064799856399208,0.7795918367346939,0.7081632653061225,0.7244897959183674,0.7040816326530612,0.5979591836734693,0.8448979591836735,0.5,0.5,0.5,0.5,0.9959266802443992,0.9511201629327902,0.8187372708757638
2025-09-19,55.08,61.28,54.5,61.28,10731831.0,57.14399999999999,55.678,54.3045,,0.0723785524289515,0.1006142462013721,0.1284516016168089,,54.3045,59.01382099251335,49.59517900748666,1.2406057063178813,0.173441279912518,0.0999820499012744,0.1300018439977872,0.1809597224898824,0.1473506833926232,0.0517005256829817,0.03751608478642,0.0338409919172935,64.46977204706354,1.4102281945905375,0.8826189891673327,0.5276092054232048,-23526209.0,62.07608993136628,2.891428571428571,1.8456416181678656,0.9999999999901574,,0.0352480417754568,0.0999820499012744,0.0338409919172935,64.46977204706354,0.7031005583090224,0.0,0.0,0.0,0.5,,,,,,,,,,,,,,,,,,,,,,,,,,,,,,,,,,,,,,,,,,,,其他,0,0,0.5,1.0,0,0.90020366598778,0.09432114882506526,-0.0021214099216710913,0.9795918367346939,0.9306122448979591,0.8612244897959184,0.926530612244898,0.9653061224489796,0.9714285714285714,0.5,0.5,0.5,0.5,0.90020366598778,0.8737270875763747,0.37067209775967414
2025-09-22,62.9,67.41,61.3,67.41,10404482.0,59.166,57.16,54.97099999999999,,0.1393367812595072,0.1793212036389082,0.226282949191392,,54.97099999999999,62.48468407780452,47.45731592219546,1.327756388947209,0.2733690155824292,0.1000326370757178,0.1764397905759163,0.2818026240730176,0.2464866863905326,0.0609882510720549,0.0456248070921003,0.039686863702519,78.50697292412183,2.19204140918022,1.1445469934244277,1.0474944157557924,-13121727.0,70.98618523748648,3.154285714285714,1.748626266358148,0.9999999999938614,,-0.0682391336596943,0.1000326370757178,0.039686863702519,78.50697292412183,-0.0305026234572646,0.0,0.0,0.0,0.5,,,,,,,,,,,,,,,,,,,,,,,,,,,,,,,,,,,,,,,,,,,,其他,0,0,0.5,1.0,0,0.0427698574338085,-0.016466399643969676,-0.07120605251446366,0.9877551020408163,0.9714285714285714,0.9326530612244898,0.9857142857142858,0.9551020408163265,0.9877551020408163,0.5,0.5,0.5,0.5,0.04276985743380855,0.319755600814664,0.09164969450101833
2025-09-23,69.8,69.98,60.85,63.84,11523006.0,60.67999999999999,58.097,55.470000000000006,,0.0520764667106132,0.0988519200647195,0.1508923742563548,,55.470000000000006,63.93799796136519,47.00200203863482,0.9942136286574632,0.3053181165080194,-0.0529595015576322,0.1345299449084769,0.1720212961263081,0.1852952098031934,0.0698676350410718,0.0517399668730324,0.0421454514019256,74.88262910387968,2.506096310393524,1.4168930578195802,1.0892032525739437,-24644733.0,63.80743811248468,3.5742857142857143,1.8534882109613675,0.7808471454832365,,-0.0341478696741855,-0.0529595015576322,0.0421454514019256,74.88262910387968,0.1075040545026653,0.0,0.0,0.0,0.5,,,,,,,,,,,,,,,,,,,,,,,,,,,,,,,,,,,,,,,,,,,,其他,0,0,0.5,1.0,0,0.075356415478615,0.046522556390977465,-0.02459273182957389,0.9836734693877551,0.9693877551020408,0.9346938775510204,0.9693877551020408,0.963265306122449,0.9775510204081632,0.5,0.5,0.5,0.5,0.07535641547861507,0.639511201629328,0.15071283095723015
2025-09-24,66.64,70.22,63.7,70.22,11354635.0,63.69199999999999,59.636,56.391000000000005,,0.1024932487596559,0.1774766919310482,0.245234168572999,,56.391000000000005,66.93151811370124,45.85048188629876,1.1559924213738877,0.3738368928971839,0.0999373433583958,0.2730239303843365,0.2806857559730076,0.3555984555984557,0.0701578408712126,0.0576988955350981,0.0451502656260812,79.65134706461136,3.2121350407991827,1.7759796390504354,1.4361554017487472,-13290098.0,70.425645490948,3.867142857142857,1.7484289291338515,0.9999999999947644,,-0.1173454856166335,0.0999373433583958,0.0451502656260812,79.65134706461136,-0.0146117254473355,0.0,0.0,0.0,0.5,,,,,,,,,,,,,,,,,,,,,,,,,,,,,,,,,,,,,,,,,,,,其他,0,0,0.5,1.0,0,0.010204081632653,-0.019510111079464654,-0.13984619766448303,0.9979550102249489,0.9795501022494888,0.9591002044989775,0.9775051124744376,0.9427402862985685,0.9877300613496932,0.5,0.5,0.5,0.5,0.01020408163265306,0.2714285714285714,0.0163265306122449
2025-09-25,69.0,73.73,67.0,69.32,11670267.0,66.414,61.074,57.25600000000001,,0.0437558346131838,0.1350165373153877,0.2107028084392899,,57.25600000000001,69.05096663389676,45.46103336610325,1.01140458359708,0.4120080562343216,-0.012816861293079,0.2443008436546399,0.2617400800873679,0.3325643983083428,0.0741480671875154,0.0585815933415364,0.0455488146791721,77.17492983760383,3.658860366184342,2.152587822758256,1.5062725434260869,-24960365.0,76.11696370416873,4.240714285714286,1.6966724391463537,0.9528795811468432,,-0.0581361800346218,-0.012816861293079,0.0455488146791721,77.17492983760383,0.0277976350626858,0.0,0.0,0.0,0.5,,,,,,,,,,,,,,,,,,,,,,,,,,,,,,,,,,,,,,,,,,,,其他,0,0,0.5,1.0,0,0.0488798370672097,-0.053808424697056934,-0.13040969417195603,0.9959183673469387,0.9775510204081632,0.9653061224489796,0.9795918367346939,0.9306122448979591,0.9897959183673469,0.5,0.5,0.5,0.5,0.048879837067209775,0.17515274949083504,0.024439918533604887
2025-09-26,66.52,67.0,63.4,63.44,8093003.0,66.84599999999999,61.99499999999999,57.724,,-0.0509529366005444,0.0233083313170419,0.099022936733421,,57.724,69.729264459263,45.71873554073701,0.7380622275886578,0.415954003854279,-0.0848240046162722,0.0352480417754568,0.1698321962013647,0.1730769230769231,0.0861258118085565,0.0674901650882631,0.0503187777587634,64.56375838683519,3.513457023295473,2.4247801873181127,1.0886768359773602,-33053368.0,69.68910404485896,4.52,1.177954407315582,0.6450261780070942,,0.0570617906683481,-0.0848240046162722,0.0503187777587634,64.56375838683519,-0.3065280340201299,0.0,0.0,0.0,0.5,,,,,,,,,,,,,,,,,,,,,,,,,,,,,,,,,,,,,,,,,,,,其他,0,0,0.5,1.0,0,0.7922606924643585,0.021437578814627933,-0.06462799495586369,0.9,0.9510204081632653,0.9795918367346939,0.9224489795918367,0.8530612244897959,0.9591836734693877,0.5,0.5,0.5,0.5,0.7922606924643585,0.5682281059063137,0.05702647657841141
2025-09-29,62.33,64.5,62.21,62.81,5030829.0,65.926,62.54600000000001,58.0925,,-0.0472651154324545,0.004220893422441,0.0812066962172399,,58.0925,70.25400246085015,45.93099753914984,0.6939521870392665,0.4186944084289442,-0.0099306431273643,-0.0682391336596943,0.0961605584642235,0.1329365079365081,0.0698495960375165,0.0665142612312902,0.0503446879071145,61.58333333093843,3.3106755587833803,2.6019689086827653,0.708706650100615,-38084197.0,64.72498480885835,4.478571428571428,0.7399699227523686,0.6120418848135498,,0.055564400573157,-0.0099306431273643,0.0503446879071145,61.58333333093843,-0.3783730217324768,0.0,0.0,0.0,0.5,,,,,,,,,,,,,,,,,,,,,,,,,,,,,,,,,,,,,,,,,,,,其他,0,0,0.5,1.0,0,0.8469387755102041,0.042031523642731994,-0.07482884890940933,0.0408997955010225,0.9222903885480572,0.9815950920245399,0.8507157464212679,0.4294478527607362,0.9202453987730062,0.5,0.5,0.5,0.5,0.8469387755102041,0.6755102040816326,0.07142857142857142
2025-09-30,62.7,63.11,61.0,61.66,4806180.0,65.49,63.085,58.49999999999999,,-0.0584822110245838,-0.0225885709756678,0.0540170940170943,,58.49999999999999,70.56073926336808,46.43926073663189,0.6310035782605272,0.4123329662682898,-0.0183091864352811,-0.0341478696741855,0.0957881642082814,0.1523079798168567,0.0664192908106301,0.0665305853485335,0.0497474495169819,59.28241369711891,3.024901088694463,2.686559029104484,0.3383420595899795,-42890377.0,59.98280013374116,4.457142857142856,0.7070123309674389,0.5518324607300951,,0.0835225429776194,-0.0183091864352811,0.0497474495169819,59.28241369711891,-0.0446544694721287,0.0,0.0,0.0,0.5,,,,,,,,,,,,,,,,,,,,,,,,,,,,,,,,,,,,,,,,,,,,其他,0,0,0.5,1.0,0,0.910386965376782,0.0021083360363283177,-0.055303276029840975,0.0736196319018405,0.9141104294478528,0.9815950920245399,0.7995910020449898,0.48261758691206547,0.8732106339468303,0.5,0.5,0.5,0.5,0.9103869653767821,0.3564154786150713,0.11812627291242363
2025-10-09,61.47,63.52,60.76,61.98,4763284.0,63.842,63.76700000000001,59.04299999999999,,-0.0291657529526018,-0.0280238995091507,0.0497434073471876,,59.04299999999999,70.67499598204526,47.41100401795472,0.6262466048161824,0.3940177830403458,0.0051897502432696,-0.1173454856166335,0.1236403190717911,0.2124413145539905,0.0350246353619103,0.06570783866019,0.0481801407752754,59.51351351126165,2.791332973370956,2.7075145481510448,0.0838184252199112,-38127093.0,60.01629466371316,4.492857142857142,0.697786708726306,0.5595938001039038,,0.110842207163601,0.0051897502432696,0.0481801407752754,59.51351351126165,-0.0089251755032062,0.0,0.0,0.0,0.5,,,,,,,,,,,,,,,,,,,,,,,,,,,,,,,,,,,,,,,,,,,,其他,0,0,0.5,1.0,0,0.9755102040816328,-0.01129396579541786,-0.04662794449822516,0.00819672131147541,0.9282786885245902,0.9754098360655737,0.7909836065573771,0.20081967213114754,0.805327868852459,0.5,0.5,0.5,0.5,0.9755102040816327,0.29591836734693877,0.1489795918367347
2025-10-10,61.98,66.09,61.36,65.29,6959489.0,63.036,64.725,59.73199999999999,,0.0357573450092012,0.0087292390884512,0.0930489519855355,,59.73199999999999,71.11504667384567,48.34895332615432,0.744134991236396,0.3811373024116594,0.053404323975476,-0.0581361800346218,0.171961945790702,0.2675208697340323,0.049785841654098,0.0668646077000106,0.0491022215689431,63.9646464623851,2.8339572954443994,2.73280380257124,0.1011534928731601,-31167604.0,64.85855492934789,4.712142857142857,0.9924841967195348,0.7310420076337646,,0.0045948843620768,0.053404323975476,0.0491022215689431,63.9646464623851,0.4610695058283318,0.0,0.0,0.0,0.5,,,,,,,,,,,,,,,,,,,,,,,,,,,,,,,,,,,,,,,,,,,,其他,0,0,0.5,1.0,0,0.780040733197556,-0.06938275386736115,-0.13463011180885287,0.044989775051124746,0.9447852760736196,0.9795501022494888,0.8711656441717791,0.5010224948875256,0.9202453987730062,0.5,0.5,0.5,0.5,0.780040733197556,0.07331975560081466,0.024439918533604887
2025-10-13,63.0,67.23,62.51,67.06,5324788.0,63.760000000000005,65.303,60.4905,,0.0517565872020073,0.026905348911995,0.1086038303535266,,60.4905,71.69361512129794,49.287384878702056,0.7931997006543111,0.3704090765088541,0.0271098177362536,0.0570617906683481,0.0943211488250652,0.2923492002312584,0.0291003343283049,0.0606121473725063,0.049180534506006,62.7415143580199,2.9728641992246096,2.780816952630939,0.1920472465936704,-25842816.0,64.17523787500002,4.665,0.7496513384153223,0.8207600680611417,,-0.0337011631374889,0.0271098177362536,0.049180534506006,62.7415143580199,-0.2348880787080776,0.0,0.0,0.0,0.5,,,,,,,,,,,,,,,,,,,,,,,,,,,,,,,,,,,,,,,,,,,,其他,0,0,0.5,1.0,0,0.2525458248472505,-0.08813003280644205,-0.1260065612883985,0.7914110429447853,0.9570552147239264,0.9815950920245399,0.8445807770961146,0.22903885480572597,0.9222903885480572,0.5,0.5,0.5,0.5,0.2525458248472505,0.034623217922606926,0.03665987780040733
2025-10-14,66.9,67.25,64.47,66.3,4528675.0,64.458,65.192,61.176,,0.0285767476496323,0.0169959504233649,0.0837583366025891,,61.176,72.01555407900072,50.33644592099928,0.7363565863771554,0.354372763141853,-0.0113331345064122,0.055564400573157,-0.0164663996439696,0.260695949800342,0.0293640249341108,0.0519889866209292,0.0495070577771394,63.1869576626752,2.9883257076658865,2.8223194440671184,0.166006263598768,-30371491.0,68.92294432031247,4.692857142857144,0.6320110074102014,0.7548467792323024,,-0.0128205128205127,-0.0113331345064122,0.0495070577771394,63.1869576626752,-0.1495107410849032,0.0,0.0,0.0,0.5,,,,,,,,,,,,,,,,,,,,,,,,,,,,,,,,,,,,,,,,,,,,其他,0,0,0.5,1.0,0,0.2448979591836734,-0.05565610859728498,-0.12971342383107076,0.8463114754098361,0.9569672131147541,0.9795081967213115,0.8647540983606558,0.125,0.8954918032786885,0.5,0.5,0.5,0.5,0.24489795918367346,0.07142857142857142,0.02857142857142857
2025-10-15,65.45,67.17,65.43,66.81,3115711.0,65.488,65.489,61.79299999999999,,0.020186904471048,0.02017132648231,0.0811904261000437,,61.79299999999999,72.42822864921365,51.157771350786334,0.7358670492851778,0.3442211463821613,0.0076923076923076,0.0835225429776194,0.0465225563909774,0.2265467229667708,0.0247721605227916,0.0486110037061011,0.0492189434081541,65.56238311269604,3.006150465824433,2.859086173170874,0.147064292653559,-27255780.0,72.0131633697798,4.682857142857143,0.4470909922166378,0.7867417135660619,,-0.0751384523274959,0.0076923076923076,0.0492189434081541,65.56238311269604,-0.3120038421834201,0.0,0.0,0.0,0.5,,,,,,,,,,,,,,,,,,,,,,,,,,,,,,,,,,,,,,,,,,,,其他,0,0,0.5,1.0,0,0.0428571428571428,-0.06795389911689864,-0.11989223170184116,0.9100204498977505,0.9487704918032787,0.9795081967213115,0.8770491803278688,0.06557377049180328,0.8913934426229508,0.5,0.5,0.5,0.5,0.04285714285714286,0.05918367346938776,0.03469387755102041
2025-10-16,66.6,70.0,66.0,68.85,4470195.0,66.862,65.352,62.49400000000001,,0.0297328826538243,0.0535255233198677,0.10170576375332,,62.49400000000001,73.04466253843819,51.94333746156183,0.8012133113329937,0.3376536159766152,0.0305343511450379,0.110842207163601,-0.0195101110794646,0.2556994346160861,0.0244930644634664,0.037281867505947,0.049387159677828,66.88078108700839,3.145506259576834,2.916370844527387,0.2291354150494471,-22785585.0,71.81950255419585,4.738571428571428,0.6509325939119882,0.9143214509010984,,-0.1099491648511254,0.0305343511450379,0.049387159677828,66.88078108700839,0.4347270976030832,0.0,0.0,0.0,0.5,,,,,,,,,,,,,,,,,,,,,,,,,,,,,,,,,,,,,,,,,,,,其他,0,0,0.5,1.0,0,0.0142857142857142,-0.12273057371096585,-0.15265068990559172,0.9754601226993865,0.9549180327868853,0.9774590163934426,0.8504098360655737,0.305327868852459,0.9364754098360656,0.5,0.5,0.5,0.5,0.014285714285714285,0.012244897959183673,0.012244897959183673
2025-10-17,68.95,69.33,65.0,65.59,3454950.0,66.922,64.979,63.0265,,-0.0199037685663906,0.0094030379045537,0.0406733675517441,,63.0265,73.03286066131005,53.02013933868994,0.6280935240446139,0.3175286795647601,-0.047349310094408,0.0045948843620768,-0.0538084246970569,0.1938478340007281,0.031968743684388,0.0399668393127857,0.0511453109413322,55.88636984216769,2.9630686617716293,2.925710493288185,0.0373581684834443,-26240535.0,66.35262382806354,4.563571428571429,0.5099099405577352,0.7104440275127555,,-0.0736392742796159,-0.047349310094408,0.0511453109413322,55.88636984216769,-0.2271142534050527,0.0,0.0,0.0,0.5,,,,,,,,,,,,,,,,,,,,,,,,,,,,,,,,,,,,,,,,,,,,其他,0,0,0.5,1.0,0,0.0183673469387755,-0.08095746302790063,-0.11922549169080654,0.7791411042944786,0.9549180327868853,0.9815573770491803,0.7315573770491803,0.07377049180327869,0.8729508196721312,0.5,0.5,0.5,0.5,0.018367346938775512,0.02040816326530612,0.018367346938775512
2025-10-20,65.3,66.28,64.5,64.8,2654677.0,66.47,65.115,63.55499999999999,,-0.0251241161426207,-0.0048375950241879,0.0195893320745812,,63.55499999999999,72.68315309618387,54.426846903816106,0.5681956134403395,0.2872520839011729,-0.0120445189815521,-0.0337011631374889,0.0214375788146279,0.1949105661073207,0.0287042321680597,0.0288528996134818,0.0511248522663601,45.82667092855269,2.724286142995972,2.885425328845573,-0.1611391858496014,-28895212.0,60.408966660168105,4.252857142857144,0.3980724978817305,0.6401062416956168,,-0.0563271604938271,-0.0120445189815521,0.0511248522663601,45.82667092855269,-0.2316308484927423,0.0,0.0,0.0,0.5,,,,,,,,,,,,,,,,,,,,,,,,,,,,,,,,,,,,,,,,,,,,其他,0,0,0.5,1.0,0,0.0264765784114052,-0.08425925925925914,-0.10493827160493818,0.24897959183673468,0.9570552147239264,0.9795501022494888,0.3783231083844581,0.06952965235173825,0.7464212678936605,0.5,0.5,0.5,0.5,0.026476578411405296,0.020366598778004074,0.02240325865580448
2025-10-21,64.8,65.45,64.07,65.45,2191338.0,66.3,65.37899999999999,63.9625,,-0.0128205128205127,0.0010859756190828,0.0232558139534884,,63.9625,72.63101501882429,55.29398498117572,0.5857990092138741,0.2710499126460264,0.0100308641975308,-0.0128205128205127,0.0420315236427319,0.1422338568935428,0.0293869042921169,0.0285869043150922,0.049944758824061,52.83950617023015,2.5572266610457106,2.8197852115530453,-0.2625585505073347,-26703874.0,67.47184665712905,3.699285714285715,0.3449834152488778,0.6832669322663797,,-0.0433919022154316,0.0100308641975308,0.049944758824061,52.83950617023015,-0.1745368645601706,0.0,0.0,0.0,0.5,,,,,,,,,,,,,,,,,,,,,,,,,,,,,,,,,,,,,,,,,,,,其他,0,0,0.5,1.0,0,0.0896130346232179,-0.1121466768525593,-0.09182582123758598,0.24285714285714285,0.9202453987730062,0.9795501022494888,0.35173824130879344,0.018404907975460124,0.6278118609406953,0.5,0.5,0.5,0.5,0.08961303462321792,0.018329938900203666,0.06517311608961303
2025-10-22,65.45,65.51,61.5,61.79,4272365.0,65.29599999999999,65.392,64.2385,,-0.0536939475618719,-0.0550831906043551,-0.0381157716945446,,64.2385,72.19828914029122,56.27871085970878,0.3461956744783166,0.2478198943088281,-0.0559205500381971,-0.0751384523274959,0.0021083360363283,0.0980984538830638,0.0368429533967328,0.0339006065522486,0.0516676486354275,33.554428402380964,2.109129759968837,2.677653456513667,-0.5685236965448297,-30976239.0,58.21233794144162,3.520000000000002,0.6813947261443883,0.4402390438217781,,0.0077682472892053,-0.0559205500381971,0.0516676486354275,33.554428402380964,0.949660435770292,0.0,0.0,0.0,0.5,,,,,,,,,,,,,,,,,,,,,,,,,,,,,,,,,,,,,,,,,,,,其他,0,0,0.5,1.0,0,0.5387755102040817,-0.05729082375788963,-0.0734746722770675,0.0408997955010225,0.889344262295082,0.9774590163934426,0.08196721311475409,0.3831967213114754,0.10655737704918032,0.5,0.5,0.5,0.5,0.5387755102040817,0.07142857142857142,0.09795918367346938
2025-10-23,61.55,61.55,58.68,61.28,3639788.0,63.782,65.32199999999999,64.5445,,-0.0392273682230096,-0.061878080891583,-0.0505775085406192,,64.5445,71.43327798345008,57.65572201654992,0.2630566692765325,0.2134582492215264,-0.0082537627447806,-0.1099491648511254,-0.0112939657954178,0.110949963741842,0.0278600774977907,0.0339706463400016,0.0514309158682284,34.07290015658867,1.693862707416976,2.480894570531938,-0.787031863114962,-34616027.0,46.69174247264512,3.261428571428573,0.5810142133133721,0.3838731909001801,,-0.0143603133159269,-0.0082537627447806,0.0514309158682284,34.07290015658867,-0.1480624899792035,0.0,0.0,0.0,0.5,,,,,,,,,,,,,,,,,,,,,,,,,,,,,,,,,,,,,,,,,,,,其他,0,0,0.5,1.0,0,0.470468431771894,-0.035737597911227104,-0.03492167101827681,0.012244897959183673,0.8997955010224948,0.9775051124744376,0.065439672801636,0.19222903885480572,0.05725971370143149,0.5,0.5,0.5,0.5,0.47046843177189407,0.15682281059063136,0.26476578411405294
2025-10-24,60.85,61.5,60.57,60.76,1882483.0,62.816,64.869,64.797,,-0.0327305145185939,-0.0633430452142009,-0.062302267080266,,64.797,70.60826709618146,58.98573290381853,0.1526575071151055,0.1793683996534561,-0.0084856396866841,-0.0736392742796159,-0.0693827538673611,0.090647998563992,0.024483145972815,0.0281802108030756,0.0515309800205037,43.259557341017945,1.3082256726422017,2.246360088955852,-0.93813441631365,-36498510.0,55.01462225581589,2.9050000000000016,0.31148378016092,0.0,,-0.0078999341672152,-0.0084856396866841,0.0515309800205037,43.259557341017945,-0.4828042182676573,0.0,0.0,0.0,0.5,,,,,,,,,,,,,,,,,,,,,,,,,,,,,,,,,,,,,,,,,,,,其他,0,0,0.5,1.0,0,0.4154786150712831,-0.07011191573403552,-0.06714944042132975,0.0163265306122449,0.8179959100204499,0.9754601226993865,0.147239263803681,0.006134969325153374,0.024539877300613498,0.5,0.5,0.5,0.5,0.4154786150712831,0.05091649694501019,0.26476578411405294
2025-10-27,60.98,61.68,60.61,61.15,1909482.0,62.086,64.278,64.7905,,-0.015075862513288,-0.0486636174118673,-0.0561887931101009,,64.7905,70.61859700818762,58.96240299181237,0.1876767841283019,0.1799059123846437,0.0064186965108623,-0.0563271604938271,-0.088130032806442,-0.002121409921671,0.0263492640787682,0.0260961543996086,0.0465128478121967,45.77393075030124,1.0219798598213714,2.001483456765913,-0.979503596944542,-34589028.0,61.57205271580379,2.8178571428571444,0.3408279083338671,0.0412262156443845,,-0.0295993458708093,0.0064186965108623,0.0465128478121967,45.77393075030124,0.0143422277916984,0.0,0.0,0.0,0.5,,,,,,,,,,,,,,,,,,,,,,,,,,,,,,,,,,,,,,,,,,,,其他,0,0,0.5,1.0,0,0.1629327902240326,-0.041537203597710515,-0.0675388389206868,0.024489795918367346,0.36809815950920244,0.9529652351738241,0.20204081632653062,0.0081799591002045,0.014314928425357873,0.5,0.5,0.5,0.5,0.1629327902240326,0.12627291242362526,0.26476578411405294
2025-10-28,64.91,67.25,62.55,62.61,6018492.0,61.51800000000001,63.909000000000006,64.5505,,0.0177509021749731,-0.020325775712341,-0.030061734610886,,64.5505,70.31943121543536,58.78156878456464,0.3318146006975107,0.1787416430678746,0.023875715453802,-0.0433919022154316,-0.0556561085972849,-0.0712060525144636,0.0296627723155946,0.0280305534289591,0.0407282403776809,52.38095237727652,0.9013935181768318,1.7814650475765583,-0.8800715293997265,-28570536.0,70.89732081023908,3.1028571428571445,1.1180175902844525,0.1955602536977214,,-0.0718735026353617,0.023875715453802,0.0407282403776809,52.38095237727652,2.151897739805874,0.0,0.0,0.0,0.5,,,,,,,,,,,,,,,,,,,,,,,,,,,,,,,,,,,,,,,,,,,,其他,0,0,0.5,1.0,0,0.0448979591836734,-0.07842197731991685,-0.07203322153010694,0.08793456032719836,0.09221311475409837,0.9077868852459017,0.4171779141104294,0.7397540983606558,0.09016393442622951,0.5,0.5,0.5,0.5,0.044897959183673466,0.04693877551020408,0.1816326530612245
2025-10-29,61.9,63.18,61.7,62.27,3063829.0,61.614,63.455000000000005,64.472,57.294,0.0106469308923298,-0.0186746513277126,-0.0341543615833228,0.0868502810067373,64.472,70.323771121905,58.620228878095,0.3118518347557709,0.1815290706631072,-0.0054304424213383,0.0077682472892053,-0.0679538991168986,-0.0245927318295738,0.0138534122187393,0.0276567984558324,0.0390038202699072,50.72608913014441,0.7697684549150026,1.5791254189596686,-0.8093569640446661,-31634365.0,64.47696925559919,3.011428571428573,0.6176796889978535,0.1596194503154379,0.4931389365337532,-0.0645575718644613,-0.0054304424213383,0.0390038202699072,50.72608913014441,-0.4909307846550265,0.0,0.0,0.0,0.5,,,,,,,,,,,,,,,,,,,,,,,,,,,,,,,,,,,,,,,,,,,,其他,0,0,0.5,1.0,0,0.0733197556008146,-0.05572506825116441,-0.051389111931909426,0.536734693877551,0.147239263803681,0.8895705521472392,0.40816326530612246,0.130879345603272,0.06748466257668712,0.5,0.5,0.5,0.5,0.07331975560081466,0.10183299389002037,0.34826883910386963
2025-10-30,61.81,62.66,60.4,60.4,2924257.0,61.438,62.61,63.981,56.967333333333336,-0.0168950812200918,-0.0352978757386999,-0.0559697410168643,0.0602567553334658,63.981,69.43656943817416,58.52543056182583,0.1718032791444368,0.1705371731659598,-0.0300305122852095,-0.0143603133159269,-0.1227305737109658,-0.139846197664483,0.0198576212712695,0.0251213485747164,0.0314875991403937,36.80518078513073,0.509965386271773,1.3652931502644912,-0.8553277639927181,-34558622.0,55.864047430699685,2.835000000000001,0.6442933788082815,0.0,0.6103174603150384,-0.0216887417218542,-0.0300305122852095,0.0314875991403937,36.80518078513073,-0.0455547617050429,0.0,0.0,0.0,0.5,,,,,,,,,,,,,,,,,,,,,,,,,,,,,,,,,,,,,,,,,,,,其他,0,0,0.5,1.0,0,0.120162932790224,-0.03410596026490054,-0.03443708609271523,0.4714285714285714,0.014314928425357873,0.8139059304703476,0.14489795918367346,0.10429447852760736,0.03680981595092025,0.5,0.5,0.5,0.5,0.12016293279022404,0.09572301425661914,0.3910386965376782
2025-10-31,60.06,60.75,59.6,60.28,1990131.0,61.342,62.07899999999999,63.529,56.968833333333336,-0.017312771021486,-0.0289792039175887,-0.0511419981425804,0.0581224236644013,63.529,68.60695607451855,58.45104392548145,0.1800878195538496,0.1598626162700674,-0.0019867549668873,-0.0078999341672152,-0.0809574630279006,-0.130409694171956,0.0195977300216725,0.0220853924952374,0.031475849777305,29.91706160889315,0.2911223492007266,1.1504587793428005,-0.8593364301420736,-36548753.0,48.3773316768663,2.5800000000000005,0.490821102724487,0.0,0.6055555555531527,-0.0627073656270736,-0.0019867549668873,0.031475849777305,29.91706160889315,-0.3194404595765694,0.0,0.0,0.0,0.5,,,,,,,,,,,,,,,,,,,,,,,,,,,,,,,,,,,,,,,,,,,,其他,0,0,0.5,1.0,0,0.0264765784114052,-0.04163901791639013,-0.018414067684140667,0.4163265306122449,0.022494887525562373,0.8118609406952966,0.044897959183673466,0.05112474437627812,0.032719836400818,0.5,0.5,0.5,0.5,0.026476578411405296,0.09775967413441955,0.4460285132382892
2025-11-03,59.93,60.28,58.52,59.34,1997476.0,60.98,61.533,63.32399999999999,56.96416666666666,-0.0268940636274187,-0.0356394129979035,-0.0629145347735453,0.0417075061807863,63.32399999999999,68.73706567482816,57.91093432517182,0.132001509002599,0.1709641107579944,-0.0155938951559388,-0.0295993458708093,-0.0842592592592591,-0.0646279949558636,0.0198642776250091,0.0221826596019739,0.0256800024963608,29.6014067971019,0.0419206755116761,0.9287509846162776,-0.8868303091046014,-38546229.0,40.743387763471006,2.507142857142857,0.5326714953817893,0.0,0.5682539682517134,-0.0123019885406134,-0.0155938951559388,0.0256800024963608,29.6014067971019,0.0036907118174631,0.0,0.0,0.0,0.5,,,,,,,,,,,,,,,,,,,,,,,,,,,,,,,,,,,,,,,,,,,,其他,0,0,0.5,1.0,0,0.1710794297352342,-0.022581732389619247,0.0254465790360634,0.16122448979591836,0.053169734151329244,0.6687116564417178,0.03469387755102041,0.06134969325153374,0.026584867075664622,0.5,0.5,0.5,0.5,0.1710794297352342,0.1934826883910387,0.6558044806517311
2025-11-04,59.1,59.5,57.81,58.11,2223443.0,60.080000000000005,60.799,63.089,57.04983333333333,-0.0327896138482024,-0.0442277011135051,-0.0789202555120544,0.0185831685164139,63.089,68.98276441227262,57.195235587727375,0.0776044263289558,0.1868396840103117,-0.0207280080889787,-0.0718735026353617,-0.1121466768525593,-0.0748288489094093,0.0113984351529989,0.0214420125453384,0.0259450450816823,25.53430820946297,-0.2512404584991898,0.6927525478545644,-0.9439930063537544,-40769672.0,34.226482066140704,2.503571428571429,0.6159886921136036,0.0,0.5194444444423831,-0.0070555842367922,-0.0207280080889787,0.0259450450816823,25.53430820946297,0.1131262653468676,0.0,0.0,0.0,0.5,,,,,,,,,,,,,,,,,,,,,,,,,,,,,,,,,,,,,,,,,,,,其他,0,0,0.5,1.0,0,0.1877551020408163,0.022887626914472436,0.07038375494751348,0.04294478527607362,0.06967213114754098,0.6823770491803278,0.03885480572597137,0.16155419222903886,0.026584867075664622,0.5,0.5,0.5,0.5,0.18775510204081633,0.5673469387755102,0.789795918367347
2025-11-05,58.07,59.4,57.75,58.25,1838314.0,59.276,60.44500000000001,62.91850000000001,57.207166666666666,-0.0173088602469801,-0.0363140044668708,-0.0741991624085127,0.0182290680363474,62.91850000000001,69.17260442071972,56.66439557928029,0.126765106084091,0.1988001754876475,0.002409223885734,-0.0645575718644613,-0.0572908237578896,-0.0553032760298409,0.0133702237881427,0.0150226745557302,0.0257379638868782,16.624685137073428,-0.4669409189795175,0.4608137380154676,-0.9277546569949852,-38931358.0,24.717456441739746,2.335714285714286,0.5311268119241063,0.0130353817503442,0.5249999999979167,0.0094420600858369,0.002409223885734,0.0257379638868782,16.624685137073428,-0.1732128954958594,0.0,0.0,0.0,0.5,,,,,,,,,,,,,,,,,,,,,,,,,,,,,,,,,,,,,,,,,,,,其他,0,0,0.5,1.0,0,0.4338085539714867,-0.01716738197424894,0.036394849785407635,0.07142857142857142,0.11836734693877551,0.6755102040816326,0.004081632653061225,0.12448979591836734,0.02857142857142857,0.5,0.5,0.5,0.5,0.43380855397148677,0.395112016293279,0.7230142566191446
2025-11-06,58.42,59.18,57.81,59.09,1826222.0,59.014,60.22600000000001,62.774,57.42816666666667,0.0012878300064391,-0.0188622853916914,-0.0586867174307833,0.0289376003064698,62.774,69.24904814044308,56.29895185955692,0.2155233505515328,0.2062971338590105,0.0144206008583691,-0.0216887417218542,-0.0357375979112271,-0.0466279444982251,0.0141267221267971,0.0162674974140753,0.0259653419169042,25.85438335540894,-0.5639763645302978,0.2558556351675713,-0.8198319996978691,-37105136.0,30.510886656837684,2.1242857142857146,0.5510120107373936,0.0912476722524096,0.5583333333311179,-0.0126925029615839,0.0144206008583691,0.0259653419169042,25.85438335540894,-0.0065777663663552,0.0,0.0,0.0,0.5,,,,,,,,,,,,,,,,,,,,,,,,,,,,,,,,,,,,,,,,,,,,其他,0,0,0.5,1.0,0,0.2097759674134419,0.0008461668641055464,0.0018615671010322465,0.11836734693877551,0.1489795918367347,0.7,0.01020408163265306,0.12857142857142856,0.02857142857142857,0.5,0.5,0.5,0.5,0.20977596741344195,0.6109979633401222,0.6720977596741344
2025-11-07,58.9,58.9,56.32,56.5,2786877.0,58.258,59.8,62.334500000000006,57.601,-0.0301761131518418,-0.0551839464882942,-0.0935998524091795,-0.0191142514886893,62.334500000000006,69.26755271868046,55.40144728131955,0.0792257583526361,0.2224467259276751,-0.0438314435606702,-0.0627073656270736,-0.0701119157340355,-0.1346301118088528,0.0223930777790655,0.020703175355137,0.0240668079561282,22.80471821547013,-0.839066328270043,0.0368711721011555,-0.8759375003711986,-39892013.0,30.68590099565792,2.1950000000000003,0.8973499526101358,0.0,0.4555555555537477,0.0224778761061947,-0.0438314435606702,0.0240668079561282,22.80471821547013,0.5260340747181886,0.0,0.0,0.0,0.5,,,,,,,,,,,,,,,,,,,,,,,,,,,,,,,,,,,,,,,,,,,,其他,0,0,0.5,1.0,0,0.5824847250509165,0.003185840707964571,0.04938053097345141,0.024489795918367346,0.022448979591836733,0.6489795918367347,0.012244897959183673,0.5755102040816327,0.01020408163265306,0.5,0.5,0.5,0.5,0.5824847250509165,0.8187372708757638,0.7881873727087576
2025-11-10,56.24,58.88,55.42,58.61,2954210.0,58.112,59.54599999999999,61.912,57.82749999999999,0.0085696585903083,-0.0157189399791756,-0.0533337640522031,0.0135316242272276,61.912,68.65995438789082,55.164045612109184,0.2553332602580299,0.2179853465525235,0.0373451327433629,-0.0123019885406134,-0.0415372035977105,-0.1260065612883985,0.0313755288744886,0.0248357435776328,0.0249222451046593,29.54545454298065,-0.8775240025402056,-0.1460079098471733,-0.7315160926930322,-36937803.0,37.45411372596572,2.3435714285714284,0.9889741737576748,0.1708502024277664,0.5059574468063577,-0.0104077802422795,0.0373451327433629,0.0249222451046593,29.54545454298065,0.0600431953042779,0.0,0.0,0.0,0.5,,,,,,,,,,,,,,,,,,,,,,,,,,,,,,,,,,,,,,,,,,,,其他,0,0,0.5,1.0,0,0.3462321792260692,-0.027128476369220222,-0.00017061934823403568,0.16938775510204082,0.03469387755102041,0.6612244897959184,0.026530612244897958,0.5285714285714286,0.036734693877551024,0.5,0.5,0.5,0.5,0.34623217922606925,0.7169042769857433,0.6496945010183299
2025-11-11,58.6,59.31,57.56,57.7,1689662.0,58.03000000000001,59.05499999999999,61.482000000000006,58.00666666666667,-0.0056867137687404,-0.0229447125560916,-0.0615139390390684,-0.0052867486495804,61.482000000000006,68.14816152472218,54.81583847527783,0.216328505842854,0.2168492087021025,-0.0155263606893021,-0.0070555842367922,-0.0784219773199168,-0.1297134238310707,0.0306810526596675,0.0229865170967227,0.0249833773467919,35.36148890125227,-0.9699044210845712,-0.3107872459877965,-0.6591171750967748,-38627465.0,44.76407291927534,2.1821428571428565,0.5938650744899708,0.0971659919020475,0.4672340425512035,0.0301559792027727,-0.0155263606893021,0.0249833773467919,35.36148890125227,-0.4280494616157957,0.0,0.0,0.0,0.5,,,,,,,,,,,,,,,,,,,,,,,,,,,,,,,,,,,,,,,,,,,,其他,0,0,0.5,1.0,0,0.8455284552845529,0.006932409012131657,-0.019237435008665482,0.18533604887983707,0.026476578411405296,0.6741344195519349,0.054989816700611,0.14867617107942974,0.028513238289205704,0.5,0.5,0.5,0.5,0.8455284552845529,0.8150406504065041,0.6422764227642277
2025-11-12,57.51,59.5,57.35,58.8,2323000.0,58.14,58.70799999999999,61.081500000000005,58.2075,0.0113519091847265,0.0015670777406828,-0.037351734977039,0.0101791006313618,61.081500000000005,67.35049899673422,54.812501003265794,0.3180331500116412,0.2052667009396936,0.019064124783362,0.0094420600858369,-0.0557250682511644,-0.1198922317018411,0.0320234103358077,0.0245315075105845,0.0254513381807737,41.48351647952767,-0.9438412225976976,-0.4373980621436442,-0.5064431604540534,-36304465.0,52.90139022583654,2.113571428571428,0.827998821126431,0.186234817812257,0.5140425531893019,-0.026360544217687,0.019064124783362,0.0254513381807737,41.48351647952767,0.3748311792536021,0.0,0.0,0.0,0.5,,,,,,,,,,,,,,,,,,,,,,,,,,,,,,,,,,,,,,,,,,,,其他,0,0,0.5,1.0,0,0.4439918533604888,0.004591836734693988,-0.02874149659863945,0.4306122448979592,0.0326530612244898,0.6795918367346939,0.1653061224489796,0.40816326530612246,0.08571428571428572,0.5,0.5,0.5,0.5,0.4439918533604888,0.8004073319755601,0.570264765784114
2025-11-13,58.49,58.85,57.65,58.34,1507162.0,57.99,58.502,60.556,58.368833333333335,0.0060355233660978,-0.002769136097911,-0.0365942268313626,-0.0004939850890742,60.556,65.75356785226985,55.35843214773014,0.2868233697939204,0.171661531549682,-0.0078231292517005,-0.0126925029615839,-0.0341059602649005,-0.1526506899055917,0.0314577441374476,0.0230170953356579,0.0239500463735726,41.65517240977124,-0.9492102920479012,-0.5397605215995271,-0.4094497704483741,-37811627.0,48.13334274737249,2.132857142857142,0.5671549331963678,0.2024202420219758,0.4944680851042791,0.0137127185464518,-0.0078231292517005,0.0239500463735726,41.65517240977124,-0.3512001721911322,0.0,0.0,0.0,0.5,,,,,,,,,,,,,,,,,,,,,,,,,,,,,,,,,,,,,,,,,,,,其他,0,0,0.5,1.0,0,0.8551020408163266,-0.0003428179636613127,-0.03822420294823459,0.2065439672801636,0.010224948875255624,0.6523517382413088,0.14519427402862986,0.12269938650306748,0.06748466257668712,0.5,0.5,0.5,0.5,0.8551020408163266,0.8224489795918367,0.6448979591836734
2025-11-14,57.96,59.0,57.76,57.77,1290200.0,58.24400000000001,58.251,60.165,58.553,-0.0081381773229861,-0.0082573689722064,-0.0398071968752596,-0.0133725001280889,60.165,64.92631118606292,55.40368881393708,0.2484936494977083,0.1582751162986788,-0.0097703119643469,0.0224778761061947,-0.0416390179163901,-0.1192254916908065,0.0226238163677725,0.0231020171994593,0.0221008953269021,38.48773841594805,-0.9878974253757492,-0.6293879117936373,-0.3585095135821118,-39101827.0,43.45364466230214,2.145,0.506125443791439,0.1418994413391969,0.4322845417216952,-0.0188679245283019,-0.0097703119643469,0.0221008953269021,38.48773841594805,-0.1439540009634,0.0,0.0,0.0,0.5,,,,,,,,,,,,,,,,,,,,,,,,,,,,,,,,,,,,,,,,,,,,其他,0,0,0.5,1.0,0,0.8551020408163266,0.02423403150424086,-0.0003462004500606186,0.5807770961145194,0.016359918200409,0.5971370143149284,0.1554192229038855,0.053169734151329244,0.0736196319018405,0.5,0.5,0.5,0.5,0.8551020408163266,0.8795918367346939,0.773469387755102
2025-11-17,57.6,58.47,56.66,58.0,1207393.0,58.122,58.117,59.825,58.71483333333333,-0.0020990330683734,-0.0020131803086875,-0.0305056414542416,-0.0121746634155479,59.825,64.14325744582494,55.50674255417506,0.2886879113942879,0.1443629735333964,0.0039813051756967,-0.0104077802422795,-0.0225817323896192,-0.1049382716049381,0.0137542836423689,0.0228386274647272,0.0221641877599464,32.86245352817788,-0.9886566082193012,-0.701241657132436,-0.2874149510868653,-37894434.0,29.24895070346902,1.8385714285714283,0.4874798036277525,0.1675977653612558,0.4353049907558443,-0.0168965517241378,0.0039813051756967,0.0221641877599464,32.86245352817788,-0.0641815222446132,0.0,0.0,0.0,0.5,,,,,,,,,,,,,,,,,,,,,,,,,,,,,,,,,,,,,,,,,,,,其他,0,0,0.5,1.0,0,0.8428571428571429,0.04913793103448283,-0.020172413793103527,0.34355828220858897,0.02044989775051125,0.6073619631901841,0.09202453987730061,0.065439672801636,0.11042944785276074,0.5,0.5,0.5,0.5,0.8428571428571429,0.9163265306122449,0.7020408163265306
2025-11-18,58.0,60.0,57.6,59.44,2692966.0,58.470000000000006,58.25,59.5245,58.894,0.0165897041217717,0.0204291845493562,-0.0014195835328311,0.0092708934696232,59.5245,62.93582772423094,56.11317227576907,0.4876147929956191,0.1146192819502962,0.0248275862068965,0.0301559792027727,0.0228876269144724,-0.0918258212375859,0.0155643060948645,0.023238035873806,0.0229360875599158,40.274914085471806,-0.8634660808042156,-0.7336865440535729,-0.1297795367506427,-35201468.0,39.05017053053687,1.904285714285714,1.076373694805474,0.4811783960641375,0.5018484288331707,-0.022543741588156,0.0248275862068965,0.0229360875599158,40.274914085471806,1.230397227746061,0.0,0.0,0.0,0.5,,,,,,,,,,,,,,,,,,,,,,,,,,,,,,,,,,,,,,,,,,,,其他,0,0,0.5,1.0,0,0.6693877551020408,0.04643337819650073,-0.03970390309555849,0.8466257668711656,0.06339468302658487,0.623721881390593,0.22085889570552147,0.6482617586912065,0.4294478527607362,0.5,0.5,0.5,0.5,0.6693877551020408,0.8653061224489796,0.6081632653061224
2025-11-19,59.15,59.42,57.08,57.25,1842527.0,58.16,58.15,59.2975,59.0385,-0.015646492434663,-0.0154772141014617,-0.0345292803237909,-0.0302937913395495,59.2975,62.67815004649156,55.91684995350844,0.1971736246192336,0.1140233583704493,-0.036843876177658,-0.026360544217687,-0.0171673819742489,-0.0734746722770675,0.0224445324230956,0.0263621528871637,0.0210025769023053,39.40820443475645,-0.9297369002945004,-0.7728966174159614,-0.156840282878539,-37043995.0,40.76162066323489,1.911428571428572,0.7740423157376733,0.1227495908326882,0.3697764820195832,0.0317903930131004,-0.036843876177658,0.0210025769023053,39.40820443475645,-0.3158001252150973,0.0,0.0,0.0,0.5,,,,,,,,,,,,,,,,,,,,,,,,,,,,,,,,,,,,,,,,,,,,其他,0,0,0.5,1.0,0,0.9083503054989815,0.05449781659388653,0.011004366812227051,0.4448979591836735,0.09591836734693877,0.5530612244897959,0.22448979591836735,0.4448979591836735,0.22040816326530613,0.5,0.5,0.5,0.5,0.9083503054989817,0.869653767820774,0.7881873727087576
2025-11-20,57.26,60.5,56.86,59.14,2226167.0,58.32000000000001,58.155,59.1905,59.19683333333333,0.0140603566529491,0.0169374946264295,-0.0008531774524628,-0.0009600738778255,59.1905,62.439865768075066,55.94113423192493,0.4922292527752056,0.109793489430553,0.0330131004366811,0.0137127185464518,0.0008461668641055,-0.0349216710182768,0.0279678358893894,0.0281950574441529,0.0224951603803221,46.57451922685069,-0.8206913790406176,-0.7824555701532269,-0.0382358088873907,-34817828.0,48.3934799777744,2.0892857142857144,0.9638277178525062,0.4320785597310627,0.4198952879559169,-0.0138654041258031,0.0330131004366811,0.0224951603803221,46.57451922685069,0.2082140451673164,0.0,0.0,0.0,0.5,,,,,,,,,,,,,,,,,,,,,,,,,,,,,,,,,,,,,,,,,,,,其他,0,0,0.5,1.0,0,0.6130346232179226,0.00101454176530269,-0.002874535001690881,0.8530612244897959,0.2612244897959184,0.6183673469387755,0.373469387755102,0.7020408163265306,0.6408163265306123,0.5,0.5,0.5,0.5,0.6130346232179226,0.6558044806517311,0.6985743380855397
2025-11-21,58.85,59.55,56.01,56.68,2412976.0,58.102,58.17299999999999,58.9865,59.2315,-0.024474200543871,-0.0256648273253913,-0.0391021674450933,-0.0430767412609844,58.9865,62.33185829250984,55.64114170749016,0.1552686142498225,0.1134279298654493,-0.0415962123774095,-0.0188679245283019,0.0031858407079645,-0.0671494404213297,0.0344768346006503,0.0278113047318835,0.0241883000638225,42.67621145045447,-0.9216559262324466,-0.8102956423297965,-0.1113602839026501,-37230804.0,47.81828332697477,2.216428571428572,1.0328462499539324,0.0294599017998451,0.2910994764382666,0.0439308398023994,-0.0415962123774095,0.0241883000638225,42.67621145045447,0.0839150881313037,0.0,0.0,0.0,0.5,,,,,,,,,,,,,,,,,,,,,,,,,,,,,,,,,,,,,,,,,,,,其他,0,0,0.5,1.0,0,0.7012195121951219,0.04604798870853921,0.03987297106563159,0.8513238289205702,0.2606924643584521,0.6171079429735234,0.5804480651731161,0.4786150712830957,0.6008146639511202,0.5,0.5,0.5,0.5,0.7012195121951219,0.6341463414634146,0.6585365853658537
2025-11-24,56.56,57.28,54.91,57.02,1597433.0,57.906000000000006,58.01400000000001,58.78,59.29166666666666,-0.0153006596898421,-0.0171337952907919,-0.029942157196325,-0.0383134223471538,58.78,62.07250504535457,55.48749495464542,0.2327263017399982,0.1120280723153784,0.0059985885673958,-0.0168965517241378,-0.0271284763692202,-0.0675388389206868,0.0345952895926002,0.024824061779776,0.0241796972216095,46.84423856018635,-0.963189476219398,-0.8408744099519043,-0.1223150662674936,-35633371.0,48.98441397255564,2.265000000000001,0.6883597491783343,0.085106382977331,0.3089005235585924,0.0671694142406174,0.0059985885673958,0.0241796972216095,46.84423856018635,-0.3379822260975658,0.0,0.0,0.0,0.5,,,,,,,,,,,,,,,,,,,,,,,,,,,,,,,,,,,,,,,,,,,,其他,0,0,0.5,1.0,0,0.8353658536585366,0.02770957558751319,0.047877937565766304,0.8391038696537678,0.2606924643584521,0.6211812627291242,0.6171079429735234,0.3869653767820774,0.604887983706721,0.5,0.5,0.5,0.5,0.8353658536585366,0.556910569105691,0.6991869918699187
2025-11-25,57.13,59.3,57.0,58.1,1796184.0,57.638,58.054,58.5545,59.35866666666666,0.0080155452999757,0.0007923657284598,-0.0077619995047349,-0.0212044295693972,58.5545,61.31776637381064,55.79123362618937,0.417760371502837,0.0943827160613076,0.0189407225534898,-0.022543741588156,0.0069324090121316,-0.0720332215301069,0.0334976340592956,0.0251993999800031,0.0239124341129288,49.5881383816901,-0.898778134589513,-0.8524551551351935,-0.0463229794543194,-33837187.0,55.46833193032796,2.311428571428572,0.8514651510180187,0.2772963604804629,0.3654450261760973,0.0705679862306367,0.0189407225534898,0.0239124341129288,49.5881383816901,0.1244189897166265,0.0,0.0,0.0,0.5,,,,,,,,,,,,,,,,,,,,,,,,,,,,,,,,,,,,,,,,,,,,其他,0,0,0.5,1.0,0,0.8762677484787018,-0.025989672977624778,0.024096385542168752,0.6680244399185336,0.17922606924643583,0.594704684317719,0.6863543788187373,0.6313645621181263,0.7209775967413442,0.5,0.5,0.5,0.5,0.8762677484787018,0.2616632860040568,0.6835699797160243
2025-11-26,58.0,59.47,57.84,59.07,1902912.0,58.002,58.081,58.39450000000001,59.4455,0.0184131581669597,0.017027943733751,0.0115678702617538,-0.0063167102640232,58.39450000000001,60.55725141526055,56.23174858473947,0.6561668149117824,0.0740738054185525,0.0166953528399311,0.0317903930131004,0.0045918367346939,-0.0513891119319094,0.028614233820341,0.0250210125770773,0.0243246424786351,49.94547436914265,-0.7608423860047964,-0.8341326009853827,0.0732902149805863,-31934275.0,55.59585866196758,2.3300000000000005,0.9275820779930308,0.6589743589574625,0.4162303664899675,0.0220077873709159,0.0166953528399311,0.0243246424786351,49.94547436914265,0.059419302254112,0.0,0.0,0.0,0.5,,,,,,,,,,,,,,,,,,,,,,,,,,,,,,,,,,,,,,,,,,,,其他,0,0,0.5,1.0,0,0.6389452332657201,-0.0331809717284578,0.007448789571694592,0.9083503054989817,0.34623217922606925,0.6211812627291242,0.7107942973523421,0.6904276985743381,0.8105906313645621,0.5,0.5,0.5,0.5,0.6389452332657201,0.16835699797160245,0.5192697768762677
2025-11-27,59.06,59.47,58.25,58.32,1318827.0,57.838,58.07900000000001,58.2905,59.55416666666667,0.0083336214945191,0.0041495204807244,0.0005060858973591,-0.0207234310501643,58.2905,60.23636173577099,56.344638264229,0.5075801891282782,0.0667642835716852,-0.0126968004062976,-0.0138654041258031,-0.0003428179636613,-0.0344370860927152,0.0251638416573189,0.0252527827524413,0.02358407056697,55.51515151044115,-0.7038225415935386,-0.808070588738633,0.1042480471450943,-33253102.0,58.53023041696801,2.2192857142857143,0.6690463965654292,0.4814814814687438,0.3769633507833668,0.0150891632373113,-0.0126968004062976,0.02358407056697,55.51515151044115,-0.3069427277772172,0.0,0.0,0.0,0.5,,,,,,,,,,,,,,,,,,,,,,,,,,,,,,,,,,,,,,,,,,,,其他,0,0,0.5,1.0,0,0.676829268292683,-0.03789437585733879,0.022805212620027326,0.6142857142857143,0.38979591836734695,0.5714285714285714,0.8224489795918367,0.49387755102040815,0.763265306122449,0.5,0.5,0.5,0.5,0.676829268292683,0.2703252032520325,0.5792682926829268
2025-11-28,58.35,59.59,58.08,59.17,1396882.0,58.336,58.21900000000001,58.235,59.67333333333333,0.0142964893033461,0.0163348734949071,0.0160556366446296,-0.0084348117528767,58.235,59.99652445939689,56.47347554060311,0.765395122655177,0.0604971051564819,0.0145747599451302,0.0439308398023994,0.0242340315042408,-0.0184140676841406,0.0129270214023769,0.0253522087078024,0.02385472588602,51.83727033644541,-0.5834350754583326,-0.7631434855745453,0.1797084101162126,-31856220.0,56.04660644655401,2.0800000000000005,0.7194705300295773,0.9081632652752338,0.421465968584181,0.0020280547574784,0.0145747599451302,0.02385472588602,51.83727033644541,0.0591851698516938,0.0,0.0,0.0,0.5,,,,,,,,,,,,,,,,,,,,,,,,,,,,,,,,,,,,,,,,,,,,其他,0,0,0.5,1.0,0,0.4929006085192697,-0.023998647963495046,-0.013858374176102806,0.7026476578411406,0.4439918533604888,0.5865580448065173,0.7515274949083504,0.560081466395112,0.7963340122199593,0.5,0.5,0.5,0.5,0.49290060851926976,0.4847870182555781,0.4239350912778905
2025-12-01,59.35,61.5,59.35,60.85,2654092.0,59.102,58.504000000000005,58.310500000000005,59.78616666666667,0.0295759872762344,0.0400998222343771,0.0435513329503263,0.0177939712921328,58.310500000000005,60.374848756745,56.24615124325501,1.1150850217510493,0.0708053869111549,0.0283927666046983,0.0671694142406174,0.0491379310344828,0.0254465790360634,0.0153990749967022,0.0266333331171948,0.0244259846025553,59.83760149383057,-0.3486581631667036,-0.6802464203430688,0.3315882571763652,-29202128.0,57.83930949022923,2.1214285714285714,1.34427118854905,0.9999999999770116,0.5094240837669666,-0.0369761709120788,0.0283927666046983,0.0244259846025553,59.83760149383057,0.9000115972573202,0.0,0.0,0.0,0.5,,,,,,,,,,,,,,,,,,,,,,,,,,,,,,,,,,,,,,,,,,,,其他,0,0,0.5,1.0,0,0.1399594320486815,-0.06606409202958097,-0.0525883319638456,0.835030549898167,0.6537678207739308,0.6008146639511202,0.8839103869653768,0.8472505091649695,0.8615071283095723,0.5,0.5,0.5,0.5,0.13995943204868155,0.21906693711967545,0.2697768762677485
2025-12-02,60.71,62.3,60.12,62.2,3206371.0,59.922,58.78,58.515,59.898833333333336,0.0380160875805213,0.0581830554610414,0.0629753054772281,0.0384175540425104,58.515,61.20978638934731,55.82021361065269,1.1837276628768632,0.0921058323282133,0.0221857025472473,0.0705679862306367,0.0464333781965007,0.0703837549475134,0.0157664833561176,0.0264285560888637,0.0242509305901984,60.4551045458403,-0.0532089000175304,-0.5548389153703863,0.5016300153528559,-25995757.0,59.46301616136229,2.1235714285714287,1.5845520786722591,0.999999999982456,0.580104712038848,-0.090192926045016,0.0221857025472473,0.0242509305901984,60.4551045458403,0.2080858538438004,0.0,0.0,0.0,0.5,,,,,,,,,,,,,,,,,,,,,,,,,,,,,,,,,,,,,,,,,,,,其他,0,0,0.5,1.0,0,0.0162271805273833,-0.08231511254019297,-0.0757234726688103,0.8760162601626016,0.7881873727087576,0.6028513238289206,0.8839103869653768,0.924643584521385,0.9124236252545825,0.5,0.5,0.5,0.5,0.016227180527383367,0.2028397565922921,0.18661257606490872
2025-12-03,62.11,62.18,60.2,60.37,1849308.0,60.182,59.092,58.621,60.01316666666666,0.0031238576318499,0.0216272930345902,0.029835724399106,0.0059459174236764,58.621,61.43599668131075,55.80600331868926,0.810657559834945,0.0960405547945597,-0.0294212218649518,0.0220077873709159,0.0544978165938865,0.0363948497854076,0.0246549746822235,0.0252027364738434,0.0253584556086135,55.757231986496855,0.0330835359348782,-0.4372544244285657,0.4703379603634439,-27845065.0,58.55027982404327,2.1807142857142856,0.9136587789973812,0.6789473684091405,0.4842931937147419,-0.0540003312903759,-0.0294212218649518,0.0253584556086135,55.757231986496855,-0.423239544020327,0.0,0.0,0.0,0.5,,,,,,,,,,,,,,,,,,,,,,,,,,,,,,,,,,,,,,,,,,,,其他,0,0,0.5,1.0,0,0.0728744939271255,-0.04124565181381468,-0.04074871624979293,0.6382113821138211,0.7209775967413442,0.6191446028513238,0.8513238289205702,0.6313645621181263,0.824847250509165,0.5,0.5,0.5,0.5,0.0728744939271255,0.4190283400809717,0.34210526315789475
2025-12-04,60.36,60.36,58.7,59.2,1369824.0,60.358,59.098,58.6265,60.14783333333333,-0.0191855263593889,0.0017259467325461,0.0097822656989587,-0.0157583952871673,58.6265,61.44578154341734,55.80721845658266,0.6017103100750758,0.096177719748323,-0.0193804869968526,0.0150891632373113,0.0010145417653026,0.0018615671010322,0.0259736181052187,0.0243026023023567,0.0256188944312517,53.92210641385129,0.0070958114758852,-0.3483843768360576,0.3554801883119428,-29214889.0,58.32173745578212,2.211428571428571,0.684484659115198,0.4736842105180058,0.4110101549951311,-0.052195945945946,-0.0193804869968526,0.0256188944312517,53.92210641385129,-0.2592775243496487,0.0,0.0,0.0,0.5,,,,,,,,,,,,,,,,,,,,,,,,,,,,,,,,,,,,,,,,,,,,其他,0,0,0.5,1.0,0,0.1032388663967611,-0.0038851351351352204,-0.02195945945945954,0.6747967479674797,0.670061099796334,0.6293279022403259,0.8411405295315683,0.4439918533604888,0.7596741344195519,0.5,0.5,0.5,0.5,0.10323886639676114,0.6477732793522267,0.3360323886639676
2025-12-05,59.18,59.6,58.8,59.29,927815.0,60.38199999999999,59.359,58.766000000000005,60.2775,-0.0180848597264083,-0.0011624185043549,0.0089167205527005,-0.0163825639749491,58.766000000000005,61.413090955429546,56.11890904457047,0.5989765763177313,0.0900891997217791,0.0015202702702701,0.0020280547574784,0.0460479887085392,0.0493805309734514,0.0251977345451784,0.0193501772192074,0.0234089910759851,53.565505800166285,-0.0061742722365067,-0.279942355662546,0.2737680834260392,-28287074.0,58.85566492879616,2.139285714285714,0.4862008927285922,0.4728260869479557,0.4037097654096906,-0.0259740259740259,0.0015202702702701,0.0234089910759851,53.565505800166285,-0.3226757598056392,0.0,0.0,0.0,0.5,,,,,,,,,,,,,,,,,,,,,,,,,,,,,,,,,,,,,,,,,,,,其他,0,0,0.5,1.0,0,0.4624746450304259,-0.005903187721369552,-0.018721538202057686,0.49287169042769857,0.7857142857142857,0.5693877551020409,0.8061224489795918,0.1306122448979592,0.6877551020408164,0.5,0.5,0.5,0.5,0.46247464503042596,0.6085192697768763,0.3509127789046653
2025-12-08,59.06,59.19,58.05,58.6,1142222.0,59.932,59.517,58.7655,60.38933333333333,-0.0222251885470199,-0.0154073626022815,-0.0028162782585019,-0.0296299567252494,58.7655,61.41271879874371,56.11828120125628,0.4687407780336462,0.090094317201052,-0.0116377129364142,-0.0369761709120788,0.0277095755875131,-0.000170619348234,0.0200080939813011,0.0200092296611872,0.0221174057264902,47.577854667438935,-0.0714847449105846,-0.2382508333885686,0.1667660884779839,-29429296.0,51.94506189896416,2.0564285714285715,0.6283899539535253,0.3478260869502206,0.3408961996577374,-0.0302047781569966,-0.0116377129364142,0.0221174057264902,47.577854667438935,0.2310880940704773,0.0,0.0,0.0,0.5,,,,,,,,,,,,,,,,,,,,,,,,,,,,,,,,,,,,,,,,,,,,其他,0,0,0.5,1.0,0,0.4421906693711968,0.019624573378839605,-0.00034129692832773895,0.1384928716904277,0.6469387755102041,0.5346938775510204,0.6183673469387755,0.19183673469387755,0.5897959183673469,0.5,0.5,0.5,0.5,0.4421906693711968,0.7464503042596349,0.5030425963488844
2025-12-09,58.32,58.66,56.4,56.59,2309276.0,58.81,59.36600000000001,58.71,60.456,-0.0377486821969053,-0.0467607721591484,-0.0361096917049904,-0.0639473335979886,58.71,61.49427161409473,55.92572838590526,0.1192900165917888,0.0948482920827795,-0.0343003412969282,-0.090192926045016,-0.0259896729776247,-0.0192374350086654,0.0142959592274114,0.0222317812156578,0.0231933297526341,48.07692307300073,-0.2820224937723949,-0.247005165486094,-0.0350173282863008,-31738572.0,51.08875872291559,2.049285714285714,1.2491507101416883,0.0,0.1475922451522981,0.0086587736349177,-0.0343003412969282,0.0231933297526341,48.07692307300073,1.0217400820505995,0.0,0.0,0.0,0.5,,,,,,,,,,,,,,,,,,,,,,,,,,,,,,,,,,,,,,,,,,,,其他,0,0,0.5,1.0,0,0.7971602434077079,0.051422512811450716,0.04294044884255177,0.014256619144602852,0.6408163265306123,0.573469387755102,0.6346938775510204,0.826530612244898,0.2530612244897959,0.5,0.5,0.5,0.5,0.7971602434077079,0.8600405679513184,0.6673427991886409
2025-12-10,56.6,57.4,56.25,57.11,1152401.0,58.158,59.17,58.6255,60.5,-0.0180198768871007,-0.0348149400033801,-0.0258505257950891,-0.0560330578512396,58.6255,61.49940784747711,55.751592152522896,0.2363346216278236,0.0980429283322855,0.0091889026329738,-0.0540003312903759,-0.0331809717284578,-0.0287414965986394,0.0171600086188099,0.0216338281776491,0.0228527342020461,43.57188093343884,-0.4023136817143466,-0.2780668687906729,-0.1242468129236737,-30586171.0,44.48003163691882,1.8714285714285712,0.6437466109624859,0.0926916221017338,0.1801125703553465,0.0134827525827352,0.0091889026329738,0.0228527342020461,43.57188093343884,-0.5009687018788573,0.0,0.0,0.0,0.5,,,,,,,,,,,,,,,,,,,,,,,,,,,,,,,,,,,,,,,,,,,,其他,0,0,0.5,1.0,0,0.8235294117647058,0.04202416389423913,0.04079845911399049,0.07113821138211382,0.5693877551020409,0.5693877551020409,0.4489795918367347,0.3122448979591837,0.32040816326530613,0.5,0.5,0.5,0.5,0.8235294117647058,0.8275862068965517,0.6105476673427992
2025-12-11,57.11,57.14,56.1,56.11,1076771.0,57.54,58.949,58.514,60.52133333333334,-0.0248522766770942,-0.0481602741352694,-0.0410841849813718,-0.0728888986803552,58.514,61.59977312670174,55.42822687329825,0.1104703908383927,0.1054712761628489,-0.0175100682892663,-0.052195945945946,-0.0378943758573387,-0.0382242029482345,0.0169485991963426,0.0219212852199497,0.0231016245608256,48.011165382608816,-0.5716772171772888,-0.3367889385571191,-0.2348882786201696,-31662942.0,46.95273772615529,1.6928571428571426,0.6088173407473315,0.0,0.1175734834264068,0.0509713063625021,-0.0175100682892663,0.0231016245608256,48.011165382608816,-0.0656281971292979,0.0,0.0,0.0,0.5,,,,,,,,,,,,,,,,,,,,,,,,,,,,,,,,,,,,,,,,,,,,其他,0,0,0.5,1.0,0,0.9168356997971604,0.06309035822491538,0.05417929067902327,0.1016260162601626,0.6448979591836734,0.5714285714285714,0.40816326530612246,0.15918367346938775,0.3326530612244898,0.5,0.5,0.5,0.5,0.9168356997971603,0.8336713995943205,0.5354969574036511
2025-12-12,56.11,57.75,55.35,57.75,1724600.0,57.232000000000006,58.807,58.513,60.56816666666667,0.009050880626223,-0.017974050708249,-0.0130398373011125,-0.0465288421585596,58.513,61.59980110351032,55.42619889648967,0.3764092705600708,0.105508215388206,0.0292283015505256,-0.0259740259740259,-0.023998647963495,-0.0003462004500606,0.0246575162755589,0.0236922936585818,0.0240118057822465,52.33525271444213,-0.5671284617828718,-0.3828568432582039,-0.1842716185246679,-29938342.0,53.66352800375008,1.6949999999999992,0.963276763025901,0.2692939244619163,0.2201375859898679,0.0206060606060605,0.0292283015505256,0.0240118057822465,52.33525271444213,0.6016404602278478,0.0,0.0,0.0,0.5,,,,,,,,,,,,,,,,,,,,,,,,,,,,,,,,,,,,,,,,,,,,其他,0,0,0.5,1.0,0,0.6518218623481782,0.010389610389610393,0.014025974025974053,0.460446247464503,0.7739307535641547,0.5967413441955194,0.6097560975609756,0.5743380855397149,0.6069246435845214,0.5,0.5,0.5,0.5,0.6518218623481782,0.4291497975708502,0.3157894736842105
2025-12-15,57.0,58.19,56.58,56.83,1183795.0,56.878,58.405,58.45450000000001,60.6115,-0.0008439115299413,-0.0269668692748907,-0.0277908458715755,-0.062389150573736,58.45450000000001,61.625436936085705,55.28356306391432,0.2438454260099965,0.1084924834214738,-0.0159307359307359,-0.0302047781569966,-0.0660640920295809,-0.0201724137931035,0.0250182687647287,0.0213709056308717,0.0242608179825484,45.8952811852454,-0.6304380970577625,-0.4323730940662124,-0.1980650029915501,-31122137.0,52.42214071954691,1.6457142857142852,0.6616457280172406,0.1182266009832801,0.1108897742356515,0.0513813126869611,-0.0159307359307359,0.0242608179825484,45.8952811852454,-0.3135828597935753,0.0,0.0,0.0,0.5,,,,,,,,,,,,,,,,,,,,,,,,,,,,,,,,,,,,,,,,,,,,其他,0,0,0.5,1.0,0,0.8623481781376519,0.014428998768256207,0.04627837409818758,0.44016227180527384,0.7026476578411406,0.5987780040733197,0.49390243902439024,0.31568228105906315,0.40529531568228105,0.5,0.5,0.5,0.5,0.8623481781376519,0.5688259109311741,0.5465587044534413
2025-12-16,56.52,57.95,56.4,57.08,1304254.0,56.976,57.89300000000001,58.3365,60.60783333333334,0.0018253299634933,-0.0140431485671844,-0.0215388307491879,-0.0582075474292378,58.3365,61.52859731417431,55.144402685825696,0.3031858248100844,0.1094373955985989,0.0043990849903219,0.0086587736349177,-0.0823151125401929,-0.0397039030955584,0.0193706762081539,0.019353331997109,0.0235473770129833,43.2542372840301,-0.6529243097420263,-0.4764833372356518,-0.1764409725063744,-29817883.0,45.49649646268568,1.64,0.7584054455931604,0.1592775041024746,0.127490039839791,0.0423966362999299,0.0043990849903219,0.0235473770129833,43.2542372840301,0.1017566386071913,0.0,0.0,0.0,0.5,,,,,,,,,,,,,,,,,,,,,,,,,,,,,,,,,,,,,,,,,,,,其他,0,0,0.5,1.0,0,0.7611336032388664,0.007182901191310487,0.049053959355291,0.795131845841785,0.6069246435845214,0.5926680244399185,0.5020325203252033,0.3604887983706721,0.5763747454175153,0.5,0.5,0.5,0.5,0.7611336032388664,0.3724696356275304,0.48785425101214575
2025-12-17,57.08,58.14,56.68,57.88,1432613.0,57.13,57.644000000000005,58.368,60.63466666666667,0.0131279537896027,0.0040940947887029,-0.0083607456140349,-0.045430556777201,58.368,61.5272177579436,55.2087822420564,0.4227656911564212,0.1082517049732109,0.0140154169586546,0.0134827525827352,-0.0412456518138146,0.011004366812227,0.0199382105195532,0.0189780369236115,0.0222706440446312,48.5135135089244,-0.599322015979773,-0.5010510729997487,-0.0982709429800242,-28385270.0,51.48831951396835,1.6571428571428573,0.8430923506423754,0.2906403940838978,0.1806108897730375,0.0281617138908085,0.0140154169586546,0.0222706440446312,48.5135135089244,0.0984156460321379,0.0,0.0,0.0,0.5,,,,,,,,,,,,,,,,,,,,,,,,,,,,,,,,,,,,,,,,,,,,其他,0,0,0.5,1.0,0,0.6194331983805668,0.0005183137525914816,0.08327574291637863,0.821501014198783,0.7861507128309573,0.560081466395112,0.5873983739837398,0.45621181262729127,0.6130346232179226,0.5,0.5,0.5,0.5,0.6194331983805668,0.36639676113360325,0.6781376518218624
2025-12-18,57.63,59.83,57.6,58.97,2101461.0,57.702,57.621,58.35949999999999,60.698166666666665,0.0219749748708883,0.0234116034084794,0.0104610217702345,-0.0284714804675594,58.35949999999999,61.510877142573975,55.208122857426005,0.5968624147983884,0.1079987711535769,0.0188320663441603,0.0509713063625021,-0.0038851351351352,-0.0028745350016908,0.0170848664634055,0.0193888004372412,0.0213992276904057,49.33510637838634,-0.4635940953668367,-0.4935596774694407,0.0299655821026039,-26283809.0,52.938520813783214,1.7085714285714282,1.2412639958213842,0.4696223316835854,0.2246726395573763,0.0115312870951331,0.0188320663441603,0.0213992276904057,49.33510637838634,0.4668727702456978,0.0,0.0,0.0,0.5,,,,,,,,,,,,,,,,,,,,,,,,,,,,,,,,,,,,,,,,,,,,其他,0,0,0.5,1.0,0,0.3171717171717171,-0.01814481939969481,0.06376123452603011,0.9148073022312373,0.6965376782077393,0.5458248472505092,0.6504065040650406,0.8513238289205702,0.745417515274949,0.5,0.5,0.5,0.5,0.31717171717171716,0.13737373737373737,0.5313131313131313
2025-12-19,59.0,59.59,58.3,58.94,1200534.0,57.94,57.586,58.4725,60.752,0.0172592336900241,0.0235126593269197,0.0079952114241736,-0.0298261785620226,58.4725,61.53101615209607,55.413983847903935,0.5764259491685149,0.1046138322148304,-0.000508733254197,0.0206060606060605,-0.0059031877213695,0.0398729710656315,0.0135820715119869,0.0193791855295393,0.0190291472851992,42.86781179536855,-0.3543636042216462,-0.4657204628088057,0.1113568585871594,-27484343.0,49.65322322505749,1.6342857142857146,0.7354506421993058,0.4646962233092819,0.2005669737760412,-0.0100101798439089,-0.000508733254197,0.0190291472851992,42.86781179536855,-0.4287145942751257,0.0,0.0,0.0,0.5,,,,,,,,,,,,,,,,,,,,,,,,,,,,,,,,,,,,,,,,,,,,其他,0,0,0.5,1.0,0,0.2626262626262626,-0.012894468951476057,0.10671869697997982,0.6511156186612576,0.6578411405295316,0.5112016293279023,0.45934959349593496,0.32790224032586557,0.6069246435845214,0.5,0.5,0.5,0.5,0.26262626262626265,0.2404040404040404,0.7696969696969697
2025-12-22,58.9,62.11,58.9,59.75,2306779.0,58.524,57.701,58.609,60.7265,0.0209486706308523,0.0355106497287742,0.0194679997952531,-0.0160802944348843,58.609,61.63810721604845,55.57989278395155,0.6883393222078861,0.1033666234210883,0.013742789277231,0.0513813126869611,0.0196245733788396,0.0478779375657663,0.0079040332179225,0.0194091242066687,0.0191901341380474,40.46692606563004,-0.2001624918409419,-0.4126088685983283,0.2124463767573863,-25177564.0,47.26705984780604,1.7078571428571432,1.3830886849538662,0.5977011494154727,0.2579730687437422,-0.0351464435146443,0.013742789277231,0.0191901341380474,40.46692606563004,0.9214607832847715,0.0,0.0,0.0,0.5,,,,,,,,,,,,,,,,,,,,,,,,,,,,,,,,,,,,,,,,,,,,其他,0,0,0.5,1.0,0,0.1474747474747474,-0.019581589958159062,0.11765690376569049,0.8620689655172413,0.6985743380855397,0.5274949083503055,0.35699797160243407,0.8597560975609756,0.676829268292683,0.5,0.5,0.5,0.5,0.14747474747474748,0.2404040404040404,0.793939393939394
2025-12-23,59.55,60.22,59.1,59.5,949730.0,59.008,57.992,58.679,60.59466666666666,0.0083378524945769,0.0260035867016139,0.0139913768128292,-0.0180653962945033,58.679,61.72324841644922,55.634751583550766,0.6348444488794585,0.1037593829630375,-0.0041841004184099,0.0423966362999299,0.0514225128114507,0.0240963855421687,0.01008252598396,0.0149565647303918,0.0188419588967627,46.140195202786494,-0.0970030766845937,-0.3494877101995088,0.2524846335149151,-26127294.0,49.52217572551609,1.645,0.5842610627524975,0.5566502462962781,0.2402551381981555,-0.033781512605042,-0.0041841004184099,0.0188419588967627,46.140195202786494,-0.5882873912065265,0.0,0.0,0.0,0.5,,,,,,,,,,,,,,,,,,,,,,,,,,,,,,,,,,,,,,,,,,,,其他,0,0,0.5,1.0,0,0.1313131313131313,-0.00806722689075623,0.15781512605042014,0.7606490872210954,0.6829268292682927,0.5223577235772358,0.5192697768762677,0.1483739837398374,0.7032520325203252,0.5,0.5,0.5,0.5,0.13131313131313133,0.2202020202020202,0.8242424242424242
2025-12-24,59.3,60.4,59.25,59.51,1216150.0,59.334,58.23199999999999,58.701,60.52250000000001,0.0029662588060808,0.0219466959747218,0.0137817072962982,-0.0167293155438061,58.701,61.76345103075796,55.63854896924204,0.6320837446560835,0.1043406766751076,0.0001680672268906,0.0281617138908085,0.0420241638942391,0.0074487895716945,0.0100491695152457,0.0149564149969538,0.0184931959034736,51.53313550226047,-0.014277710470445,-0.2824457102400394,0.2681679997695944,-24911144.0,56.12392828322928,1.607857142857143,0.764304470519696,0.5582922824210456,0.2409638554199789,-0.0268862376071248,0.0001680672268906,0.0184931959034736,51.53313550226047,0.2805218325208216,0.0,0.0,0.0,0.5,,,,,,,,,,,,,,,,,,,,,,,,,,,,,,,,,,,,,,,,,,,,其他,0,0,0.5,1.0,0,0.228744939271255,-0.0011762728953117474,0.14182490337758358,0.6178861788617886,0.5193482688391039,0.5173116089613035,0.5670731707317073,0.42973523421588594,0.6537678207739308,0.5,0.5,0.5,0.5,0.22874493927125505,0.2692307692307692,0.7692307692307693
2025-12-25,59.47,59.98,58.43,59.65,1574975.0,59.46999999999999,58.58599999999999,58.767500000000005,60.34633333333333,0.0030267361694973,0.0181613354726386,0.0150168035053386,-0.0115389501709575,58.767500000000005,61.85279193364105,55.68220806635896,0.6430172604273183,0.1049999381847379,0.0023525457906234,0.0115312870951331,0.0630903582249153,0.0228052126200273,0.0068083931583642,0.0129309336134221,0.0182308293080315,51.77165353617319,0.061861724440881,-0.2135842232926334,0.2754459477335144,-23336169.0,54.32871177644979,1.6614285714285713,0.9819091128628302,0.5812807881677946,0.2679788039343833,-0.0293378038558256,0.0023525457906234,0.0182308293080315,51.77165353617319,0.2950499527196482,0.0,0.0,0.0,0.5,,,,,,,,,,,,,,,,,,,,,,,,,,,,,,,,,,,,,,,,,,,,其他,0,0,0.5,1.0,0,0.1898989898989899,-0.008382229673092989,0.13646269907795494,0.3157894736842105,0.5772357723577236,0.508130081300813,0.6206896551724138,0.6971544715447154,0.6443089430894309,0.5,0.5,0.5,0.5,0.1898989898989899,0.2,0.7919191919191919
2025-12-26,59.65,59.65,58.11,58.35,1256970.0,59.352,58.646,58.7265,60.163500000000006,-0.0168823291548725,-0.0050472325478292,-0.0064110750683251,-0.03014286070458,58.7265,61.81106445786725,55.64193554213275,0.438970314093514,0.1050484690169514,-0.0217937971500418,-0.0100101798439089,0.0103896103896103,-0.0138583741761028,0.0129231283195288,0.0129059694234891,0.0186447090811056,48.83936861017872,0.0171436612622244,-0.1674386463756458,0.1845823076378703,-24593139.0,54.02196773858136,1.6828571428571426,0.7870834827152623,0.3678160919479834,0.1758241758227959,-0.0029134532990574,-0.0217937971500418,0.0186447090811056,48.83936861017872,-0.2019111414466896,0.0,0.0,0.0,0.5,,,,,,,,,,,,,,,,,,,,,,,,,,,,,,,,,,,,,,,,,,,,其他,0,0,0.5,1.0,0,0.3407707910750507,0.0035989717223650075,0.20548414738646104,0.258130081300813,0.4204081632653061,0.5285714285714286,0.505091649694501,0.29591836734693877,0.36122448979591837,0.5,0.5,0.5,0.5,0.3407707910750507,0.3286004056795132,0.8904665314401623
2025-12-29,58.72,58.72,57.21,57.65,1397560.0,58.932,58.728,58.566500000000005,60.067,-0.021753885834521,-0.0183558098351722,-0.0156488777714223,-0.0402384004528276,58.566500000000005,61.51631373185369,55.61668626814632,0.3446512079495719,0.1007338233238677,-0.0119965724078835,-0.0351464435146443,0.0144289987682562,-0.0525883319638456,0.0098813152427259,0.0123779824031077,0.0174990263397742,55.602536989657104,-0.0739088259253364,-0.148732682283633,0.0748238563582966,-25990699.0,56.40947521487684,1.629285714285714,0.9109548420776844,0.2528735632142382,0.120879120878172,0.016131830008673,-0.0119965724078835,0.0174990263397742,55.602536989657104,0.1118483336913371,0.0,0.0,0.0,0.5,,,,,,,,,,,,,,,,,,,,,,,,,,,,,,,,,,,,,,,,,,,,其他,0,0,0.5,1.0,0,0.5858585858585859,0.031396357328707714,0.16790980052038162,0.14777327935222673,0.2682926829268293,0.483739837398374,0.6693711967545639,0.4654471544715447,0.30284552845528456,0.5,0.5,0.5,0.5,0.5858585858585859,0.5515151515151515,0.8484848484848485
2025-12-30,57.59,57.99,57.15,57.49,862336.0,58.53,58.76899999999999,58.331,59.97833333333334,-0.0177686656415512,-0.0217631744627267,-0.0144177195659255,-0.0414872037124517,58.331,60.7666553208749,55.8953446791251,0.3273565243766418,0.083511522890769,-0.0027753686036425,-0.033781512605042,0.0071829011913104,-0.0757234726688103,0.0100042319009971,0.0123993514528253,0.0165036983935394,52.08791207989858,-0.1571632193702257,-0.1504187897010922,-0.0067444296691334,-26853035.0,57.19706922252539,1.6071428571428572,0.6085780158728983,0.3239436619642274,0.108320251176544,0.0266133240563577,-0.0027753686036425,0.0165036983935394,52.08791207989858,-0.3829703197000487,0.0,0.0,0.0,0.5,,,,,,,,,,,,,,,,,,,,,,,,,,,,,,,,,,,,,,,,,,,,其他,0,0,0.5,1.0,0,0.5668016194331984,0.04157244738215349,0.1854235519220735,0.13184584178498987,0.18533604887983707,0.4439918533604888,0.6422764227642277,0.14634146341463414,0.3780487804878049,0.5,0.5,0.5,0.5,0.5668016194331984,0.5850202429149798,0.8805668016194332
2025-12-31,57.55,57.91,56.6,57.91,1746410.0,58.21,58.772000000000006,58.20799999999999,59.91583333333333,-0.0051537536505755,-0.0146668481589874,-0.005119571192963,-0.0334775170725601,58.20799999999999,60.45093604573649,55.96506395426349,0.4335692159814795,0.0770662467610172,0.0073056183684117,-0.0268862376071248,0.0005183137525914,-0.0407487162497929,0.0116264035533601,0.011769408294047,0.015516516425258,60.5633802717384,-0.1871050117082475,-0.1577560341030131,-0.0293489776052344,-25106625.0,55.28400044403505,1.6264285714285711,1.2369886383839117,0.4945054944919083,0.1412872841433178,0.0264203073735105,0.0073056183684117,0.015516516425258,60.5633802717384,1.0252082714858246,0.0,0.0,0.0,0.5,,,,,,,,,,,,,,,,,,,,,,,,,,,,,,,,,,,,,,,,,,,,其他,0,0,0.5,1.0,0,0.4827586206896552,0.0827145570713177,0.1731997927819029,0.22764227642276422,0.34012219959266804,0.4215885947046843,0.7413441955193483,0.7963340122199593,0.4786150712830957,0.5,0.5,0.5,0.5,0.4827586206896552,0.8093306288032455,0.8843813387423936
2026-01-05,57.6,58.56,57.41,57.9,1661445.0,57.86,58.665,58.14300000000001,59.84783333333333,0.0006913238852401,-0.0130401431858859,-0.0041793509106858,-0.0325464302522787,58.14300000000001,60.33976412743378,55.94623587256624,0.4446913765092415,0.0755641823583232,-0.0001726817475392,-0.0293378038558256,-0.0181448193996948,-0.0219594594594595,0.0112553757385621,0.0097768345145913,0.0149664222033203,51.08853409702119,-0.2092287648582242,-0.168050580254605,-0.0411781846036192,-26768070.0,55.21118894632966,1.5371428571428574,1.164778008151052,0.4917582417447316,0.1405023547869662,0.0215889464594127,-0.0001726817475392,0.0149664222033203,51.08853409702119,-0.0486512331010472,0.0,0.0,0.0,0.5,,,,,,,,,,,,,,,,,,,,,,,,,,,,,,,,,,,,,,,,,,,,其他,0,0,0.5,1.0,0,0.4089068825910931,0.08341968911917097,0.11053540587219346,0.18661257606490872,0.3353658536585366,0.3780487804878049,0.3780487804878049,0.5630081300813008,0.3800813008130081,0.5,0.5,0.5,0.5,0.4089068825910931,0.8016194331983806,0.8663967611336032
2026-01-06,57.9,58.9,57.7,58.18,1531812.0,57.826,58.589,58.0875,59.72933333333333,0.0061218137170131,-0.0069808325794944,0.0015924252205723,-0.0259392370024778,58.0875,60.21731714065609,55.95768285934391,0.5217154792733367,0.0733313411888074,0.0048359240069084,-0.0029134532990574,-0.012894468951476,-0.0187215382020576,0.0075305545650291,0.009998015114443,0.0150141294188885,60.799999986380826,-0.2018469848599622,-0.1748098611759652,-0.0270371236839969,-25236258.0,56.01263563047717,1.5078571428571428,1.0516319218247752,0.5686813186656956,0.1624803767648157,0.0065314541079408,0.0048359240069084,0.0150141294188885,60.799999986380826,-0.0780242499751722,0.0,0.0,0.0,0.5,,,,,,,,,,,,,,,,,,,,,,,,,,,,,,,,,,,,,,,,,,,,其他,0,0,0.5,1.0,0,0.4939271255060729,0.12117566173942951,0.16414575455482994,0.34279918864097364,0.34959349593495936,0.3617886178861789,0.5955284552845529,0.3719512195121951,0.3089430894308943,0.5,0.5,0.5,0.5,0.4939271255060729,0.9089068825910931,0.9149797570850202
2026-01-07,58.0,59.16,57.89,58.58,1738498.0,58.012,58.472,58.0865,59.588,0.0097910777080603,0.0018470378984811,0.0084959500055949,-0.0169161576156272,58.0865,60.21532250625993,55.95767749374007,0.6159091466026971,0.0732983569764494,0.006875214850464,0.016131830008673,-0.019581589958159,-0.0003412969283277,0.0044754503050849,0.0090439522078113,0.0148833120562048,61.71874998649904,-0.1618616663516263,-0.1722202222110089,0.0103585558593826,-23497760.0,63.04371281426425,1.4878571428571423,1.169588510907258,0.6785714285527861,0.1938775510188863,0.0150221918743598,0.006875214850464,0.0148833120562048,61.71874998649904,0.134929090515024,0.0,0.0,0.0,0.5,,,,,,,,,,,,,,,,,,,,,,,,,,,,,,,,,,,,,,,,,,,,其他,0,0,0.5,1.0,0,0.5526315789473685,0.13997951519289864,0.23079549334243765,0.5862068965517241,0.5020325203252033,0.3475609756097561,0.5426829268292683,0.532520325203252,0.45934959349593496,0.5,0.5,0.5,0.5,0.5526315789473685,0.9331983805668016,0.9433198380566802
2026-01-08,58.58,59.09,57.7,59.02,1513223.0,58.318000000000005,58.424,58.208000000000006,59.46666666666667,0.012037449843959,0.0102012871422703,0.0139499725123692,-0.0075112107623318,58.208000000000006,60.252922852746565,56.163077147253446,0.6985404972220681,0.0702626048908413,0.00751109593718,0.0266133240563577,-0.0080672268907562,0.0429404488425517,0.0032231261642103,0.0094675608453561,0.0125526949900227,59.43708607893844,-0.093597280737967,-0.1564956339159706,0.0628983531780036,-21984537.0,63.229264457579774,1.4828571428571422,1.0460434261106706,0.7994505494285874,0.2284144426983644,0.0145713317519484,0.00751109593718,0.0125526949900227,59.43708607893844,-0.1295802468567695,0.0,0.0,0.0,0.5,,,,,,,,,,,,,,,,,,,,,,,,,,,,,,,,,,,,,,,,,,,,其他,0,0,0.5,1.0,0,0.6227180527383367,0.16723144696712966,0.20586241951880724,0.5670731707317073,0.6680244399185336,0.21384928716904278,0.44308943089430897,0.47046843177189407,0.4745417515274949,0.5,0.5,0.5,0.5,0.6227180527383367,0.9330628803245437,0.9513184584178499
2026-01-09,58.87,59.64,58.71,59.44,2019398.0,58.624,58.41700000000001,58.3245,59.34383333333333,0.0139192139737991,0.0175120256089835,0.019125753328361,0.0016204997430231,58.3245,60.37152068485188,56.27747931514812,0.7724691568037249,0.0701941957444425,0.0071162317858353,0.0264203073735105,-0.0011762728953117,0.0407984591139904,0.0031942220120879,0.0097933276446505,0.0125002236167583,54.37616385919429,-0.0055495326487502,-0.1263064136618663,0.120756881013116,-19965139.0,63.11324661184432,1.3899999999999997,1.3553318710625353,0.9148351648100314,0.2613814756651382,0.0548452220726785,0.0071162317858353,0.0125002236167583,54.37616385919429,0.3345012598936179,0.0,0.0,0.0,0.5,,,,,,,,,,,,,,,,,,,,,,,,,,,,,,,,,,,,,,,,,,,,其他,0,0,0.5,1.0,0,0.9066937119675456,0.14316958277254388,0.22577388963660838,0.483739837398374,0.6109979633401222,0.20773930753564154,0.25609756097560976,0.6619144602851323,0.4684317718940937,0.5,0.5,0.5,0.5,0.9066937119675457,0.9107505070993914,0.9675456389452333
2026-01-12,59.46,59.6,58.03,59.15,1901619.0,58.874,58.367,58.4765,59.18216666666667,0.0046879777151203,0.0134151147052272,0.0115174471796362,-0.0005435195850101,58.4765,60.26648706258216,56.686512937417845,0.6881298513296579,0.0612207318351507,-0.004878869448183,0.0215889464594127,-0.0083822296730929,0.0541792906790232,0.0052300230048487,0.0098609787595011,0.0117555076697041,51.86500886809752,0.040367112721249,-0.0929717083846599,0.1333388211059089,-21866758.0,55.513676466006864,1.409999999999999,1.2419076153006243,0.7945205479179955,0.3206751054818492,0.060524091293322,-0.004878869448183,0.0117555076697041,51.86500886809752,-0.0583238172960456,0.0,0.0,0.0,0.5,,,,,,,,,,,,,,,,,,,,,,,,,,,,,,,,,,,,,,,,,,,,其他,0,0,0.5,1.0,0,0.9026369168356998,0.1460693153000847,0.27557058326289097,0.40853658536585363,0.5376782077393075,0.20773930753564154,0.2784552845528455,0.39918533604887985,0.28105906313645623,0.5,0.5,0.5,0.5,0.9026369168356998,0.9148073022312373,0.9695740365111561
2026-01-13,59.13,59.55,58.38,58.56,1574871.0,58.95,58.388,58.51700000000001,59.065000000000005,-0.0066157760814249,0.0029458107830375,0.0007348291949347,-0.0085499026496232,58.51700000000001,60.27412803954903,56.75987196045099,0.5122358755255549,0.0600553015207895,-0.0099746407438714,0.0065314541079408,0.003598971722365,0.014025974025974,0.0081972677610767,0.007487412004953,0.0102758125962961,39.001848418742576,0.0288239404408585,-0.0686125786192152,0.0974365190600738,-23441629.0,46.28815255889096,1.264285714285713,1.0335686967498297,0.5924657534043686,0.2623126338301682,0.1139002732240437,-0.0099746407438714,0.0102758125962961,39.001848418742576,-0.1718262175546205,0.0,0.0,0.0,0.5,,,,,,,,,,,,,,,,,,,,,,,,,,,,,,,,,,,,,,,,,,,,其他,0,0,0.5,1.0,0,0.945121951219512,0.20116120218579225,0.30686475409836067,0.49490835030549896,0.3163265306122449,0.1489795918367347,0.12219959266802444,0.21224489795918366,0.22857142857142856,0.5,0.5,0.5,0.5,0.9451219512195121,0.9552845528455285,0.9776422764227642
2026-01-14,58.49,60.5,58.3,59.46,3223711.0,59.126,58.569,58.64849999999999,58.976,0.0056489530832459,0.0152128258976591,0.013836671014604,0.0082067281606077,58.64849999999999,60.26180357374351,57.03519642625648,0.7515025730842001,0.0550160216796939,0.0153688524590163,0.0150221918743598,0.0313963573287077,0.0462783740981875,0.0102554336462543,0.0074602655095379,0.0099813699298271,49.66996698522477,0.0912354037862783,-0.0366429821377585,0.1278783859240368,-20217918.0,55.76142321170413,1.3414285714285703,1.982946667638956,0.8913857677568773,0.3586723768698215,0.1231079717457113,0.0153688524590163,0.0099813699298271,49.66996698522477,1.0469682913711664,0.0,0.0,0.0,0.5,,,,,,,,,,,,,,,,,,,,,,,,,,,,,,,,,,,,,,,,,,,,其他,0,0,0.5,1.0,0,0.9410569105691056,0.13235788765556666,0.24335687857383115,0.5539714867617108,0.5489795918367347,0.13877551020408163,0.2484725050916497,0.8326530612244898,0.43673469387755104,0.5,0.5,0.5,0.5,0.9410569105691057,0.8882113821138211,0.967479674796748
2026-01-15,59.55,61.29,59.04,59.88,2080210.0,59.298,58.80800000000001,58.7885,58.88316666666667,0.0098148335525649,0.0182288124064753,0.0185665563843269,0.01692900347864,58.7885,60.31216973904623,57.26483026095377,0.8581812947855199,0.0518356392506573,0.0070635721493441,0.0145713317519484,0.0415724473821534,0.049053959355291,0.0102083763758858,0.0072418044160745,0.0100283655641001,52.85935083863944,0.1725928961869485,0.0052041935275577,0.1673887026593907,-18137708.0,57.39744854759471,1.4199999999999993,1.2497392258797269,0.999999999958159,0.5799999999910774,0.1504676018704074,0.0070635721493441,0.0100283655641001,52.85935083863944,-0.3547157297909149,0.0,0.0,0.0,0.5,,,,,,,,,,,,,,,,,,,,,,,,,,,,,,,,,,,,,,,,,,,,其他,0,0,0.5,1.0,0,0.947261663286004,0.13810955243820988,0.2353039412157647,0.6219512195121951,0.48879837067209775,0.15071283095723015,0.3882113821138211,0.780040733197556,0.5356415478615071,0.5,0.5,0.5,0.5,0.947261663286004,0.9188640973630832,0.947261663286004
2026-01-16,60.35,63.27,59.26,62.7,4075042.0,59.95,59.287,59.029500000000006,58.898333333333326,0.0458715596330274,0.0575674262485874,0.0621807740197697,0.0645462520161863,59.029500000000006,61.29318563002463,56.76581436997538,1.310735366957512,0.0766967577235378,0.0470941883767535,0.0548452220726785,0.0827145570713177,0.0832757429163786,0.0225245724018168,0.0154614372708262,0.0139844852298831,66.66666665646636,0.4592948247218018,0.0960223197670575,0.3632725049547443,-14062666.0,67.6219864420411,1.5957142857142854,2.2681502609848727,0.999999999980806,0.9999999999848256,0.0837320574162678,0.0470941883767535,0.0139844852298831,66.66666665646636,0.9589570283769426,0.0,0.0,0.0,0.5,,,,,,,,,,,,,,,,,,,,,,,,,,,,,,,,,,,,,,,,,,,,其他,0,0,0.5,1.0,0,0.8340080971659919,0.08357256778309408,0.1419457735247207,0.9046653144016227,0.6788617886178862,0.3353658536585366,0.8052738336713996,0.9574036511156186,0.8377281947261663,0.5,0.5,0.5,0.5,0.8340080971659919,0.8340080971659919,0.9109311740890689
2026-01-19,62.6,64.55,62.15,62.73,2703153.0,60.666,59.77,59.21750000000001,58.9225,0.0340223518939768,0.0495231721599465,0.0593152362055133,0.0646187789044931,59.21750000000001,62.02064015647509,56.41435984352493,1.1265294997422226,0.0946726949455936,0.0004784688995214,0.060524091293322,0.0834196891191709,0.0637612345260301,0.0216964851648101,0.0154241276983877,0.0135626335840767,77.79187815876797,0.6810771151123731,0.2130332788367915,0.4680438362755815,-11359513.0,73.91897438019546,1.6571428571428568,1.4797840261675386,0.999999999980916,0.9999999999848944,0.0806631595727722,0.0004784688995214,0.0135626335840767,77.79187815876797,-0.3366564074677022,0.0,0.0,0.0,0.5,,,,,,,,,,,,,,,,,,,,,,,,,,,,,,,,,,,,,,,,,,,,其他,0,0,0.5,1.0,0,0.8884381338742393,0.025027897337796867,0.14379084967320277,0.8983739837398373,0.5284552845528455,0.29471544715447157,0.926829268292683,0.8313008130081301,0.7723577235772358,0.5,0.5,0.5,0.5,0.8884381338742393,0.8316430020283976,0.9066937119675457
2026-01-20,62.7,66.66,62.37,65.23,4193090.0,62.0,60.475,59.532,58.99699999999999,0.0520967741935485,0.0786275320380323,0.0957132298595713,0.105649439802024,59.532,63.40956081767107,55.654439182328936,1.2347402488065742,0.1302681185804123,0.0398533397098677,0.1139002732240437,0.1211756617394295,0.1067186969799798,0.0204859788376828,0.0182960223755898,0.015802590697939,89.15289254908954,1.046483648876908,0.3797233528455794,0.6667602960313286,-7166423.0,80.93719680753338,1.8557142857142848,2.12163428009758,0.99999999998708,0.9999999999890352,0.0783381879503295,0.0398533397098677,0.015802590697939,89.15289254908954,0.5511848570909601,0.0,0.0,0.0,0.5,,,,,,,,,,,,,,,,,,,,,,,,,,,,,,,,,,,,,,,,,,,,其他,0,0,0.5,1.0,0,0.8929292929292929,0.038325923654760174,0.14119270274413598,0.9392712550607287,0.7692307692307693,0.3724696356275304,0.9898785425101214,0.9331983805668016,0.8987854251012146,0.5,0.5,0.5,0.5,0.8929292929292929,0.806060606060606,0.8808080808080808
2026-01-21,64.33,67.9,63.7,66.78,3622972.0,63.46400000000001,61.295,59.883500000000005,59.090833333333336,0.0522500945417871,0.0894852761236641,0.1151652792505446,0.130124525800674,59.883500000000005,64.9396781905643,54.82732180943572,1.181987435960215,0.1688671567478803,0.023762072665951,0.1231079717457113,0.1399795151928986,0.1176569037656904,0.0201508076049502,0.0185833314571581,0.0162404266777051,91.96025292423272,1.444478141075308,0.5926743104923067,0.8518038305830014,-3543451.0,85.1228188370468,2.0957142857142856,1.774089306230478,0.9999999999892356,0.999999999990628,0.0082359988020364,0.023762072665951,0.0162404266777051,91.96025292423272,-0.1359660775227815,0.0,0.0,0.0,0.5,,,,,,,,,,,,,,,,,,,,,,,,,,,,,,,,,,,,,,,,,,,,其他,0,0,0.5,1.0,0,0.591919191919192,0.0796645702306078,0.0742737346510931,0.9392712550607287,0.7935222672064778,0.38461538461538464,0.9939271255060729,0.9251012145748988,0.8987854251012146,0.5,0.5,0.5,0.5,0.591919191919192,0.8848484848484849,0.7696969696969697
2026-01-22,66.13,69.6,65.51,68.89,4027673.0,65.266,62.282,60.353,59.1955,0.0555266141635766,0.1060980700683984,0.1414511291899327,0.1637708947470668,60.353,66.80924658760809,53.8967534123919,1.161142653400935,0.2139494834588966,0.0315962863132674,0.1504676018704074,0.1672314469671296,0.1578151260504201,0.0179712766788171,0.019291320732881,0.0170450723452879,93.02507835969948,1.9081378619107028,0.8557670207767584,1.0523708411339443,484222.0,90.7962339512282,2.2942857142857136,1.8340484866528213,0.999999999991228,0.9999999999921751,-0.0107417622296414,0.0315962863132674,0.0170450723452879,93.02507835969948,0.1117041478653437,0.0,0.0,0.0,0.5,,,,,,,,,,,,,,,,,,,,,,,,,,,,,,,,,,,,,,,,,,,,其他,0,0,0.5,1.0,0,0.4848484848484848,0.033096240383219566,0.01146755697488766,0.9453441295546559,0.8218623481781376,0.4190283400809717,0.9959514170040485,0.937246963562753,0.9230769230769231,0.5,0.5,0.5,0.5,0.48484848484848486,0.8363636363636363,0.49696969696969695
2026-01-23,69.16,71.18,67.5,67.95,3254934.0,66.316,63.133,60.775,59.29016666666667,0.0246396043187164,0.0762992412842729,0.1180584121760592,0.1460585088589732,60.775,68.0505813658104,53.4994186341896,0.993087743724346,0.2394267829139754,-0.0136449412106256,0.0837320574162678,0.1431695827725438,0.1418249033775835,0.0223124382971046,0.021332625961038,0.017627245623949,86.70562453459553,2.174679150555555,1.119549446733137,1.055129703822418,-2770712.0,91.2967064379784,2.474999999999999,1.4164233857591777,0.9175438596410744,0.9264475743276492,-0.0001471670345842,-0.0136449412106256,0.017627245623949,86.70562453459553,-0.1918574323188601,0.0,0.0,0.0,0.5,2.1003408814673006,1.4296220528752006,2.1019407628680056,1.693462908157967,-0.321632250167654,,,,,,,,,,,,,,,,,,,,,,1.432940982276868,0.7492879005207501,1.9692537973803528,1.7797069105207104,,,,,,,,,,0.0,0.0,0.0,0.0,其他,0,0,0.5,1.0,0,0.6909090909090909,0.07225901398086831,0.022810890360559277,0.8319838056680162,0.7672064777327935,0.4311740890688259,0.9655870445344129,0.819838056680162,0.8906882591093117,0.5,0.5,0.5,0.5,0.6909090909090909,0.9292929292929293,0.6484848484848484
2026-01-26,67.77,71.0,67.2,67.79,4199903.0,67.328,63.997,61.182,59.41333333333333,0.0068619296577947,0.0592684032064003,0.1080056225687295,0.1409896768402154,61.182,69.07694868487714,53.28705131512285,0.918495436997954,0.2580807650898709,-0.0023546725533479,0.0806631595727722,0.1460693153000847,0.1364626990779549,0.0228476919843137,0.021102426232004,0.0177209142269027,85.40899041123274,2.3459620975829694,1.3648319769035644,0.981130120679405,-6970615.0,80.67231214787027,2.660714285714285,1.7288948011138456,0.9035087719218996,0.9139280125124112,-0.0514825195456558,-0.0023546725533479,0.0177209142269027,85.40899041123274,0.2903189434870261,0.0,0.0,0.0,0.5,1.8107088592654088,1.389527687267735,2.0005211027542025,1.6397265354976247,-0.1230321732008542,,,,,,,,,,,,,,-0.0454392332847621,,,,,,,,1.5406496908816762,0.9474025430312732,1.7911436002330492,1.545253665575455,,,,,,-0.0454392332847621,,,0.4920040064158612,0.0,0.0,0.0,0.0,其他,0,0,0.5,1.0,0,0.3757575757575757,0.1129960171116684,-0.00413040271426468,0.8866396761133604,0.7894736842105263,0.4190283400809717,0.9696356275303644,0.8825910931174089,0.8785425101214575,0.5,0.5,0.5,0.5,0.37575757575757573,0.9414141414141414,0.6323232323232323
2026-01-27,67.8,70.44,66.98,70.34,3482508.0,68.35,65.175,61.78150000000001,59.581,0.0291148500365765,0.0792481779823552,0.1385285239108793,0.1805777009449323,61.78150000000001,70.5442111281721,53.01878887182793,0.988347719941698,0.2836678011429925,0.0376161675763386,0.0783381879503295,0.2011612021857922,0.205484147386461,0.0222746432795434,0.0204707725626203,0.0176966305390097,87.40458014488769,2.656826061709957,1.6232307938652313,1.0335952678447256,-3488107.0,81.67367049364071,2.8171428571428563,1.3707863717893167,0.999999999992218,0.9999999999929726,-0.0371054876315041,0.0376161675763386,0.0176966305390097,87.40458014488769,-0.1708122782835699,0.0,0.0,0.0,0.5,1.7846325893717,1.3038405693210742,1.9199968458393424,2.0388847067156872,-0.2728331119312457,,,,,,,,,,,,,,0.9451526440354612,,,,,,,,1.7449103839403564,1.1529336806146675,1.8586125285013488,1.6926472421574257,,,,,,0.9451526440354612,,,-0.5028384130825326,0.0,0.0,0.0,0.0,其他,0,0,0.5,1.0,0,0.2888888888888888,0.08800113733295412,-0.0591413136195621,0.8927125506072875,0.888663967611336,0.4089068825910931,0.9838056680161943,0.8481781376518218,0.9412955465587044,0.5,0.5,0.5,0.5,0.28888888888888886,0.9111111111111111,0.3656565656565657
2026-01-28,70.01,70.16,67.18,67.33,2769087.0,68.46000000000001,65.962,62.2655,59.71416666666667,-0.016505988898627,0.0207392134865527,0.0813371770884359,0.1275381330505043,62.2655,71.13603899744905,53.39496100255094,0.7854674333418681,0.2849262913631082,-0.0427921524026159,0.0082359988020364,0.1323578876555666,0.1679098005203816,0.0332207782724933,0.0282871232785712,0.0207456831379161,72.7173318697756,2.6300059497231274,1.8245858250370528,0.8054201246860748,-6257194.0,75.56268041963622,2.943571428571428,1.0613209811563953,0.7657587548578536,0.7884750527000104,0.0708450913411553,-0.0427921524026159,0.0207456831379161,72.7173318697756,-0.204858395156594,0.0,0.0,0.0,0.5,2.13469007495856,1.2550808656779209,1.92021817260322,1.5015839819413432,-0.4215548539687211,,,,,,,,,,,,,,-1.0542312459138132,,,,,,,,1.6973500872317724,1.3069032374423823,1.4001601218872746,1.5332238629869217,,,,,,-1.0542312459138132,,,-0.5735756286851433,0.0,0.0,0.0,0.0,其他,0,0,0.5,1.0,0,0.9252525252525252,0.09802465468587562,-0.027922174365067498,0.5910931174089069,0.8461538461538461,0.5242914979757085,0.8522267206477733,0.631578947368421,0.854251012145749,0.5,0.5,0.5,0.5,0.9252525252525252,0.9252525252525252,0.46464646464646464
2026-01-29,66.77,70.98,66.7,68.15,3694346.0,68.312,66.789,62.7985,59.8815,-0.0023714720693288,0.020377607090988,0.0852170035908501,0.1380810433940367,62.7985,71.74160501830447,53.85539498169554,0.7991969785084041,0.2848190647321265,0.0121788207336996,-0.0107417622296414,0.1381095524382098,0.1854235519220735,0.0298747742500189,0.0282166754208517,0.020606118791359,73.30123059911068,2.644429907500154,1.9885546415298303,0.6558752659703235,-2562848.0,76.68061944636383,3.182857142857142,1.3430589957211727,0.8239549839162064,0.8460997891718477,0.0443140132061627,0.0121788207336996,0.020606118791359,73.30123059911068,0.3341386529206196,0.0,0.0,0.0,0.5,1.5353888755884209,1.342976340587092,1.7982272823459815,1.6174705045026858,-0.224439968438554,1.9197029606311733,,,,-0.130289986975652,,,,,,,,,0.316857529176078,,,,,,,,1.6813619126610768,1.4259934339333538,1.102154911546685,1.689339883262526,,,,,,0.316857529176078,,,0.5959046202822519,0.0,0.0,0.0,0.0,其他,0,0,0.5,1.0,0,0.8787878787878788,0.08539985326485677,-0.02494497432135001,0.48380566801619435,0.8765182186234818,0.4939271255060729,0.8906882591093117,0.7631578947368421,0.8846153846153846,0.5,0.5,0.5,0.5,0.8787878787878788,0.901010101010101,0.39595959595959596
2026-01-30,67.49,68.92,65.93,67.94,3127593.0,68.31,67.313,63.3,60.043,-0.0054164836773532,0.0093146940412698,0.073301737756714,0.1315224089402593,63.3,72.21371976225421,54.38628023774577,0.7602729345145215,0.2816341157105889,-0.0030814380044021,-0.0001471670345842,0.083572567783094,0.1731997927819029,0.0291933933544376,0.0259231243530483,0.0207744329994895,73.61633529806217,2.608843359740675,2.1126123851720946,0.4962309745685802,-5690441.0,74.16111970816199,3.284285714285713,1.1091721321544885,0.8070739549774347,0.8313422347095475,0.072416838386812,-0.0030814380044021,0.0207744329994895,73.61633529806217,-0.1534109149494931,0.0,0.0,0.0,0.5,1.638324576893286,1.0747528349595614,1.6301714748347342,1.5598853602643874,-0.3435277420826124,1.882755699162704,,,,-0.2065262495533357,,,,,,,,,-0.0653066105637917,-0.116337723950471,,,0.0765322966554545,,,,1.6307126280097146,1.5088918350652176,0.7897957877475377,1.5150799060406837,,,,,,-0.0653066105637917,,,-0.465452793543528,0.0,0.0,0.0,0.0,其他,0,0,0.5,1.0,0,0.9373737373737374,0.0538710627023844,-0.051957609655578496,0.6902834008097166,0.8825910931174089,0.48582995951417,0.9230769230769231,0.6214574898785425,0.8866396761133604,0.5,0.5,0.5,0.5,0.9373737373737374,0.8646464646464647,0.24444444444444444
2026-02-02,66.86,68.2,64.21,64.3,2707108.0,67.612,67.47,63.620000000000005,60.12983333333333,-0.048985387209371,-0.046983844671706,0.0106884627475636,0.069352706227358,63.620000000000005,72.16955092695711,55.0704490730429,0.539768170618292,0.2687692840912816,-0.0535766853105681,-0.0514825195456558,0.0250278973377968,0.1105354058721934,0.0380174137744168,0.032540646516854,0.0249272938486132,63.25023083617032,2.260877699088269,2.142265447955348,0.1186122511329212,-8397549.0,72.136891995887,3.4857142857142853,0.9425740272789958,0.5032894736800713,0.5755446240296866,0.1734059097978229,-0.0535766853105681,0.0249272938486132,63.25023083617032,-0.1344436440419197,0.0,0.0,0.0,0.5,1.507321805470403,0.976687103154437,1.2975753255834157,0.9387790022159744,-0.4313082649610358,1.7214285673197316,,,,-1.2998786257589026,,,,,,,,,-1.3211063297208003,-0.7266769020990261,,,0.6033811466526026,,,,1.3610484072447455,1.5131994156415087,0.0618383363987603,1.366788671765601,,,,,,-1.3211063297208003,,,-0.421950029414756,0.0,0.0,0.0,0.0,其他,0,0,0.5,1.0,0,0.9757575757575756,0.11586314152410582,0.04074650077760511,0.37449392712550605,0.8643724696356275,0.5688259109311741,0.8785425101214575,0.52834008097166,0.7813765182186235,0.5,0.5,0.5,0.5,0.9757575757575757,0.8929292929292929,0.5777777777777777
2026-02-03,64.99,68.37,64.99,67.73,4262165.0,67.09,67.72,64.0975,60.317,0.0095394246534505,0.0001476668635558,0.0566714770466867,0.1229006747683074,64.0975,72.43181429314035,55.763185706859645,0.7179243469926485,0.2600511499864222,0.0533437013996891,-0.0371054876315041,0.0383259236547601,0.1641457545548299,0.0432284062773545,0.0344631195966057,0.027117560992305,67.09384042604665,2.236093782390043,2.161031114842296,0.0750626675477468,-4135384.0,72.95583078857436,3.619285714285714,1.416681668330367,0.7784380305536636,0.8165846802472483,0.1299276539199763,0.0533437013996891,0.027117560992305,67.09384042604665,0.5744347842790165,0.0,0.0,0.0,0.5,1.1685785650935103,0.9902236886376004,1.424274811215267,1.4980669307609131,-0.0976814933165309,1.599394650837796,,,,0.1832652168365253,,,,,,,,,1.3456527610237596,-0.5511570015631593,,,0.9104620857464693,,,,1.3282939305305512,1.508727485237289,-0.0223349965006065,1.5531708839280869,,,,,,1.3456527610237596,,,1.1244107232365288,0.0,0.0,0.0,0.0,其他,0,0,0.5,1.0,0,0.9595959595959596,0.0990698361139819,-0.025394950538904504,0.2874493927125506,0.9129554655870445,0.6255060728744939,0.8967611336032388,0.9068825910931174,0.8927125506072875,0.5,0.5,0.5,0.5,0.9595959595959596,0.8767676767676768,0.29292929292929293
2026-02-04,67.31,72.68,67.31,72.1,5717168.0,68.044,68.25200000000001,64.7735,60.54183333333334,0.0596084886250072,0.0563793002402857,0.1131095278161593,0.1909120690651917,64.7735,73.41119529446377,56.13580470553623,0.9241003965839952,0.2667046027912783,0.0645208917761699,0.0708450913411553,0.0796645702306078,0.2307954933424376,0.047327835158042,0.0391161098960309,0.0299135970613613,71.71286424660985,2.5397803736270816,2.236780966599283,0.3029994070277988,1581784.0,75.1244209132079,3.8421428571428575,1.78244369185151,0.9999999999926144,0.999999999993746,0.0253814147018032,0.0645208917761699,0.0299135970613613,71.71286424660985,0.341376507009935,0.0,0.0,0.0,0.5,1.5533113591683576,1.5116632587423908,1.8193431525200328,2.1808056958397604,0.2144741966181249,1.7484187565856375,,,,1.4396111504679698,,,,,,,,,1.6020313732828084,0.7435614431207365,,,1.1466761633574425,,,,1.5280944296054635,1.5496373059967412,0.418520191763525,1.7995558005995544,,,,,,1.6020313732828084,,,0.6099000151351756,0.0,0.0,0.0,0.0,其他,0,0,0.5,1.0,0,0.8101010101010101,-0.0049930651872399645,-0.0897364771151179,0.9251012145748988,0.9412955465587044,0.694331983805668,0.9352226720647774,0.937246963562753,0.9534412955465587,0.5,0.5,0.5,0.5,0.8101010101010101,0.37575757575757573,0.1292929292929293
2026-02-05,72.59,72.59,70.19,71.17,2378453.0,68.648,68.47999999999999,65.381,60.766333333333336,0.0367381424076449,0.039281542056075,0.0885425429406097,0.1712077411285855,65.381,74.0239500324345,56.7380499675655,0.8348972271152827,0.2643872082844031,-0.0128987517337031,0.0443140132061627,0.0330962403832195,0.2058624195188072,0.0489594298726267,0.0387104524583391,0.0303783840370719,66.13333332980622,2.674583070197727,2.324341387318999,0.3502416828787278,-796669.0,74.52463933692087,3.7271428571428578,0.7316628020202843,0.9313146233313792,0.9418386491498326,0.0393424195588028,-0.0128987517337031,0.0303783840370719,66.13333332980622,-0.5839805652029116,0.0,0.0,0.0,0.5,2.405622671990215,1.4816639873900088,2.286431093848045,1.987558144922034,-0.5040772586388242,1.827714639537391,1.974359846469356,,,0.8540590823539828,0.5577491370011275,,,,,,,,-0.3198376761331762,0.4216072149641063,,,1.2321912712940046,,,,1.602583966584626,1.5983204790785746,0.5081055941303421,1.6605116149422725,,,,,,-0.3198376761331762,,,-1.4081475326965225,0.0,0.0,0.0,0.0,其他,0,0,0.5,1.0,0,0.793939393939394,-0.02093578755093428,-0.08346213292117466,0.8785425101214575,0.9473684210526315,0.7044534412955465,0.8704453441295547,0.4979757085020243,0.9433198380566802,0.5,0.5,0.5,0.5,0.793939393939394,0.16363636363636364,0.16161616161616163
2026-02-06,70.98,75.82,70.27,72.86,5985146.0,69.63199999999999,68.971,66.05199999999999,61.00066666666667,0.0463579963235294,0.0563860173116237,0.1030703082419912,0.1944131758122862,66.05199999999999,74.83551230551048,57.2684876944895,0.8875442854244162,0.2659574972899288,0.023745960376563,0.072416838386812,0.0722590139808683,0.2257738896366083,0.0486830269381265,0.0386298619771828,0.0305271436062698,68.14761733803631,2.8845270323574965,2.436378516326727,0.4481485160307694,5188477.0,76.373828007205,3.9521428571428574,1.735309003299935,0.999999999993007,0.99999999999403,-0.0172934394729619,0.023745960376563,0.0305271436062698,68.14761733803631,1.516402888768456,0.0,0.0,0.0,0.5,2.086351554004951,1.850804845028196,2.2463329464430664,2.211563968528613,0.2759380937197332,1.9690147550825512,2.028458973314108,,,1.0885419586881733,0.9151543535858832,,,,,,,,0.5906181155018739,0.7568523609149441,0.4602656448880151,,1.2036011373188542,0.6396660534183166,,,1.7258827903863698,1.664162898640963,0.6954779059779321,1.9106505599261567,,,,,,0.5906181155018739,,,3.06032117920012,0.0,0.0,0.0,0.0,其他,0,0,0.5,1.0,0,0.3454545454545454,-0.04611583859456492,-0.11405435080977222,0.937246963562753,0.9635627530364372,0.694331983805668,0.9331983805668016,0.9554655870445344,0.9595141700404858,0.5,0.5,0.5,0.5,0.34545454545454546,0.13131313131313133,0.08686868686868687
2026-02-09,72.85,76.11,70.0,75.45,4041974.0,71.862,69.737,66.867,61.285833333333336,0.0499290306420641,0.0819220786669918,0.1283592803625106,0.2311164896727084,66.867,75.97296357512926,57.76103642487076,0.971284555944484,0.2723604640589717,0.0355476255833104,0.1734059097978229,0.1129960171116684,0.2755705832628909,0.0300255981273777,0.0393889320230023,0.0307806806570538,68.2499999965875,3.22274230939334,2.5936512749400813,0.6290910344532583,9230451.0,76.54652517158857,4.082142857142857,1.1366454124511869,0.9999999999940794,0.9999999999948296,-0.049039098740888,0.0355476255833104,0.0307806806570538,68.2499999965875,-0.3246657642102631,0.0,0.0,0.0,0.5,2.340727166312568,1.8541472520697413,2.1507826858177927,2.551364773928533,-0.1458719224110859,2.3133389406805827,2.129938584649099,,,1.168026297269631,1.4410072424999727,,,,,,,,0.8795290854104982,1.942833858467334,0.8761597592281357,,0.0843896518844731,0.6867686696989828,,,1.9303752797329696,1.7620612980482289,1.0414582318478818,2.058728291991838,,,,,,0.8795290854104982,,,-0.8302717988603335,0.0,0.0,0.0,0.0,其他,0,0,0.5,1.0,0,0.068825910931174,-0.10523525513585152,-0.0991385023194169,0.9756592292089249,0.9655172413793104,0.7079107505070994,0.922920892494929,0.8843813387423936,0.9695740365111561,0.5,0.5,0.5,0.5,0.06882591093117409,0.08906882591093117,0.1659919028340081
2026-02-10,75.39,78.08,74.18,76.53,3764341.0,73.622,70.35600000000001,67.7655,61.5985,0.0394990627801472,0.087753709704929,0.1293357239303185,0.2424003831262127,67.7655,76.96600908202491,58.5649909179751,0.9763051653862084,0.2715396206627657,0.0143141153081509,0.1299276539199763,0.0880011373329541,0.3068647540983606,0.0283955051760896,0.0383450899293473,0.030314923381954,67.70795495478419,3.53714978836301,2.7823509776246973,0.7547988107383126,12994792.0,76.84436822804686,4.060714285714285,1.0269571333478933,0.999999999994142,0.9999999999951028,-0.0273095518097478,0.0143141153081509,0.030314923381954,67.70795495478419,-0.0686874779501303,0.0,0.0,0.0,0.5,2.673717523805791,2.05243890626529,2.779524568440153,2.6375517687909005,-0.205637153095142,2.548599069770925,2.196527613225339,,,0.8976320594406042,1.543039907674159,,,,,,,,0.3468853528938527,1.4050502333163442,0.6132936633085744,,-0.0137027708389086,0.6125919203282593,,,2.1065026140027787,1.879077130024545,1.274674302947194,2.184446877966862,,,,,,0.3468853528938527,,,-0.2867459538425984,0.0,0.0,0.0,0.0,其他,0,0,0.5,1.0,0,0.1095334685598377,-0.13524108192865536,-0.10780086240689923,0.959349593495935,0.9776422764227642,0.7134146341463414,0.9247967479674797,0.8455284552845529,0.9634146341463414,0.5,0.5,0.5,0.5,0.10953346855983773,0.0486815415821501,0.12981744421906694
2026-02-11,77.04,77.04,73.83,73.93,2140435.0,73.988,71.01599999999999,68.489,61.864,-0.0007839109044709,0.0410330066463897,0.0794434142709048,0.1950407345144187,68.489,77.20239175002911,59.775608249970894,0.8122205540626938,0.2544464585558669,-0.0339736051221742,0.0253814147018032,0.0980246546858756,0.2433568785738311,0.0283285462430984,0.0370994815774787,0.0321424099686352,58.99357601418306,3.535770208726518,2.933034823845081,0.602735384881437,10854357.0,71.69819628903112,3.997857142857144,0.5926941669881864,0.8438438438387761,0.8726738491632096,-0.029622615988097,-0.0339736051221742,0.0321424099686352,58.99357601418306,-0.4313918425562403,0.0,0.0,0.0,0.5,2.8375835762748665,1.8935338025532005,2.6372498472094126,2.188442119337604,-0.5584922166821835,2.535614578349183,2.2648083402134978,,,-0.12227800645322,0.5543269103177305,,,,,,,,-0.8594374021149367,0.1566365235730451,0.7131814559785684,,-0.0176814450451758,0.5252659363597453,,0.2671970360598952,2.0633103142486213,1.960986716378952,0.9705383711117598,2.0449676632406626,0.8926266601018574,1.1499496565484897,,,,-0.8594374021149367,,0.2671970360598952,-1.0494773189323476,0.0,0.0,0.0,0.0,其他,0,0,0.5,1.0,0,0.1077235772357723,-0.11470309752468555,-0.08629784931692153,0.8105906313645621,0.9674134419551935,0.7576374745417516,0.835030549898167,0.45621181262729127,0.924643584521385,0.5,0.5,0.5,0.5,0.10772357723577236,0.054878048780487805,0.3048780487804878
2026-02-12,73.99,77.48,73.2,73.97,2796122.0,74.548,71.598,69.1935,62.10616666666667,-0.0077533937865537,0.0331294170228217,0.0690310506044642,0.1910250458220734,69.1935,77.22809958718028,61.158900412819726,0.7972456777772402,0.2322356749454404,0.0005410523468143,0.0393424195588028,0.0853998532648567,0.2353039412157647,0.0267585887484255,0.0372063394388138,0.0322221385486604,61.09882005584298,3.4975862465707195,3.0459451083902205,0.451641138180499,13650479.0,65.78620436650115,4.040714285714286,0.7666572077103322,0.8148951554532544,0.8746327130221614,-0.0579964850615113,0.0005410523468143,0.0322221385486604,61.09882005584298,0.3063335256618398,0.0,0.0,0.0,0.5,2.3024685303035155,1.9117444693155643,2.465020508372012,2.1478158167024937,-0.4127235472387831,2.553425585814361,2.3131988957175293,,,-0.2982532796194687,0.385322864021106,,,,,,,,0.0077111379081228,0.3225283258777018,0.5784363352524143,,-0.1125191757032454,0.5297999476352828,,0.3981249939187622,1.9986486419702325,2.009946888820472,0.6717435212288885,2.126286014884284,0.4627182152577125,1.1761152606736822,,,,0.0077111379081228,,0.3981249939187622,0.515964187655092,0.0,0.0,0.0,0.0,其他,0,0,0.5,1.0,0,0.0263157894736842,-0.1016628362849803,-0.08746789238880626,0.7931034482758621,0.947261663286004,0.7586206896551724,0.8924949290060852,0.5496957403651116,0.9188640973630832,0.5,0.5,0.5,0.5,0.02631578947368421,0.05668016194331984,0.3785425101214575
2026-02-13,73.8,73.8,71.35,71.6,1880607.0,74.29599999999999,71.964,69.6385,62.34533333333333,-0.0362872832992354,-0.0050580845978545,0.0281668904413507,0.1484420111636262,69.6385,77.12603989533359,62.1509601046664,0.6309842770359964,0.2150402405371409,-0.032040016222793,-0.0172934394729619,0.0538710627023844,0.1419457735247207,0.0300035381789681,0.039305753476028,0.0324293292115436,56.49505625369609,3.238756898520037,3.084507466416187,0.1542494321038505,11769872.0,68.68581266854075,3.956428571428572,0.5316295357073164,0.6427536231837477,0.7585700293792428,-0.0293296089385474,-0.032040016222793,0.0324293292115436,56.49505625369609,-0.3274231238837218,0.0,0.0,0.0,0.5,2.2223267025151703,1.4602017110750416,2.1206686161826105,1.7662161634043776,-0.6112429725178616,2.443297371018226,2.319618801313149,,,-1.0183923690881278,-0.4234912753232328,,,,,,,,-0.8089705533637171,-0.3568861511770744,0.2477905481005836,,0.0848482712932634,0.6693232083536046,,0.106175405806377,1.7945283097620834,2.001321355407044,0.0893057834365565,2.003727371880234,0.6691276335237305,1.0916786582608595,,,,-0.8089705533637171,,0.106175405806377,-0.8294628637342031,0.0,0.0,0.0,0.0,其他,0,0,0.5,1.0,0,0.1882591093117409,-0.10041899441340785,-0.13072625698324014,0.34279918864097364,0.9066937119675457,0.7667342799188641,0.8275862068965517,0.2150101419878296,0.8539553752535497,0.5,0.5,0.5,0.5,0.1882591093117409,0.06477732793522267,0.3785425101214575
2026-02-24,72.32,72.8,70.34,71.75,1900714.0,73.556,72.709,70.0895,62.5555,-0.0245527217358202,-0.0131895638779243,0.0236911377595787,0.1469814804453644,70.0895,76.87901971016643,63.29998028983356,0.6222840547506908,0.193738568834326,0.0020949720670391,-0.049039098740888,0.1158631415241058,0.1437908496732027,0.0218454742533757,0.0334426731795293,0.0324138191548772,52.61789825199906,3.011026868234908,3.06981134677993,-0.0587844785450228,13670586.0,63.64748306514517,3.885000000000001,0.5434777651479371,0.6091578086622309,0.7659157688503139,-0.0590940766550521,0.0020949720670391,0.0324138191548772,52.61789825199906,0.0106917606921594,0.0,0.0,0.0,0.5,1.9612651433144013,1.328954431128695,1.924953147506084,1.7611538046352273,-0.6037627431036491,2.267357622059676,2.389117013750414,,,-0.7148751236471307,-0.5935353508279212,,,,,,,,0.0528490000354159,-0.7355236567506481,0.8918902676437394,,-0.4122546809874921,0.2667604889833824,,-0.1397572918427673,1.6195297660577568,1.9543872402269933,-0.3278967908470506,2.047319064819348,0.3013635272556659,1.0200364701188451,,,,0.0528490000354159,,-0.1397572918427673,-0.1076159101878485,0.0,0.0,0.0,0.0,其他,0,0,0.5,1.0,0,0.2510121457489878,-0.06731707317073166,-0.10397212543554002,0.06693711967545639,0.9066937119675457,0.7525354969574036,0.6308316430020284,0.13184584178498987,0.7484787018255578,0.5,0.5,0.5,0.5,0.25101214574898784,0.10526315789473684,0.4230769230769231
2026-02-25,72.0,75.1,70.8,74.44,2476217.0,73.138,73.38,70.55,62.8515,0.0178019634116326,0.014445352957209,0.0551381998582565,0.184379052210369,70.55,77.19964423266796,63.90035576733203,0.7924968512458302,0.1885086954687042,0.0374912891986063,-0.0273095518097478,0.0990698361139819,0.1411927027441359,0.0293982427635013,0.031562732273833,0.032292803676622,63.359639230037445,3.0128737698819634,3.058423831400336,-0.0455500615183726,16146803.0,69.21369341691342,3.966428571428573,0.725849737707166,0.8291087489711436,0.8976493633648498,-0.1109618484685651,0.0374912891986063,0.032292803676622,63.359639230037445,0.3027825333006437,0.0,0.0,0.0,0.5,1.8810543743119064,1.5778490913115752,1.9618684616518391,2.1127822754209555,-0.4742869679440856,2.1527798528725466,2.439428503978084,,,0.3662309624662664,-0.0033248160538304,,,,,,,,0.9434394547688564,-0.4707254153152576,0.7112841495888667,,0.0509599057620634,0.1370164181220667,,0.5431212476201712,1.5995055417076367,1.91230554060746,-0.3006133370009144,2.1118528176649627,0.7034332718665066,1.0823157473386755,,,,0.9434394547688564,,0.5431212476201712,0.5155315809468373,0.0,0.0,0.0,0.0,其他,0,0,0.5,1.0,0,0.0647773279352226,-0.11324556689951626,-0.1038420204191296,0.1075050709939148,0.8803245436105477,0.7484787018255578,0.8316430020283976,0.2920892494929006,0.821501014198783,0.5,0.5,0.5,0.5,0.06477732793522267,0.05060728744939271,0.39473684210526316
2026-02-26,74.4,74.4,70.0,71.74,2292708.0,72.7,73.344,70.798,63.09683333333333,-0.0132049518569464,-0.0218695462478184,0.0133054606062317,0.1369825744028359,70.798,77.22176377621666,64.37423622378334,0.5733215006621446,0.1814673797623544,-0.0362708221386351,-0.029622615988097,-0.0049930651872399,0.0742737346510931,0.0299731186903006,0.0280974212420413,0.0334343266585118,56.30045629768968,2.7646061676515643,2.999660298650579,-0.2350541309990146,13854095.0,63.31242616202626,3.977857142857144,0.6854216287961102,0.6083401471740933,0.7654260528855755,-0.0876777251184832,-0.0362708221386351,0.0334343266585118,56.30045629768968,-0.0741086100289272,0.0,0.0,0.0,0.5,2.1907508887290925,1.4788748905506406,1.807969234320387,1.6967600620830932,-0.5126594403761774,2.0425305340994115,2.3695743246643244,,,-0.427091439270244,-0.7771048024871142,,,,,,,,-0.9207072400145202,-0.4964317547875182,-0.3820067005890935,,0.0860417844909426,-0.1016628697953,,0.0908203688307855,1.419007417582512,1.8384499085672723,-0.6718639291045657,1.9767645376268703,0.2705923997194453,1.0828565244627748,,,,-0.9207072400145202,,0.0908203688307855,-0.2926762961854652,0.0,0.0,0.0,0.0,其他,0,0,0.5,1.0,0,0.0769230769230769,-0.08516866462224704,-0.06885977139671029,0.10547667342799188,0.768762677484787,0.77079107505071,0.6166328600405679,0.34279918864097364,0.5476673427991886,0.5,0.5,0.5,0.5,0.07692307692307693,0.13562753036437247,0.597165991902834
2026-02-27,70.91,71.17,69.0,69.68,2305021.0,71.842,73.19500000000001,70.8375,63.28983333333333,-0.0300938169872775,-0.0480224059020425,-0.016340215281454,0.1009667166132528,70.8375,77.22145645348571,64.4535435465143,0.4093430532872036,0.1802422856107766,-0.0287148034569276,-0.0579964850615113,-0.0209357875509342,0.0114675569748876,0.0312921887290531,0.0293139182284214,0.0335451634988284,52.86750164554997,2.374261939770008,2.8745806268744603,-0.500318687104452,11549074.0,64.30227886616447,3.960000000000001,0.7073160515553524,0.4399018806178265,0.6645445641495373,-0.0463547646383467,-0.0287148034569276,0.0335451634988284,52.86750164554997,0.0053705050970294,0.0,0.0,0.0,0.5,1.6554957674073123,1.0954827666983236,1.6308717195558162,1.385286127822541,-0.5076173319869748,1.87578772661308,2.286834384150368,2.373088271964796,,-0.8560228052028681,-1.3244378267689008,-0.7243114943127174,,2.373088271964796,1.933134134019013,2.086386654914117,-0.7059159344631872,-0.114817467028344,-0.7249710192858632,-0.8360129739558272,-0.5475629430523187,,0.166952302406548,-0.0173379255149328,,-0.1293238546109267,1.151262811733367,1.7208046694391743,-1.187119054760336,1.848297689308499,0.3417575775995133,1.0580968924077383,-0.5509375113046262,-0.4308030750369315,,-0.7249710192858632,,-0.1293238546109267,-0.1209756318798448,0.0,0.0,0.0,0.0,其他,0,0,0.5,1.0,0,0.2560975609756097,-0.06386337543053966,-0.04922502870264078,0.024439918533604887,0.4969450101832994,0.7759674134419552,0.40122199592668023,0.3788187372708758,0.1629327902240326,0.5,0.5,0.5,0.5,0.25609756097560976,0.2845528455284553,0.6686991869918699
2026-03-02,69.55,70.36,68.23,69.5,1774406.0,71.422,72.85900000000001,70.91499999999999,63.46366666666666,-0.0269104757637702,-0.046102746400582,-0.0199534654163433,0.0951147900898679,70.91499999999999,77.18803166864245,64.64196833135753,0.3872156179991889,0.176916919372026,-0.0025832376578646,-0.0293296089385474,-0.0461158385945649,0.0228108903605592,0.0291554714586875,0.0279211615403026,0.0333800011872273,59.67261904451112,2.0270208703306736,2.7050686755656983,-0.6780478052350247,9774668.0,65.41152064455818,3.827142857142857,0.5571481371317034,0.4251839738313559,0.6557296767842521,-0.0732374100719425,-0.0025832376578646,0.0333800011872273,59.67261904451112,-0.2301996380944034,0.0,0.0,0.0,0.5,1.4409535294371412,0.9944711291528994,1.4945485604528446,1.3457069001613529,-0.6229065569725042,1.782495296669018,2.1803354637579364,2.32496634589659,,-0.7695139663575242,-1.2704453168144751,-0.7760008439629955,,2.32496634589659,1.890731927116943,2.076140853602185,-0.7746564146511127,-0.146310889953683,-0.0606196303744571,-0.4849127576407571,-0.8089560094554351,-0.3141864434264413,0.0342401386143434,-0.113740593150941,0.3262151652934641,0.3084993627932552,0.9159768485092056,1.5763062022629617,-1.5204345682770275,1.74737591327667,0.4215359656485132,0.9340798856769282,-0.8948377280982277,-0.4734435351408305,,-0.0606196303744571,0.3262151652934641,0.3084993627932552,-0.6272450417980058,0.0,0.0,0.0,0.0,其他,0,0,0.5,1.0,0,0.1196754563894523,-0.07122302158273386,-0.03597122302158273,0.18699186991869918,0.6463414634146342,0.7642276422764228,0.5345528455284553,0.024390243902439025,0.3008130081300813,0.5,0.5,0.5,0.5,0.11967545638945233,0.20486815415821502,0.6348884381338742
2026-03-03,70.02,70.29,67.47,67.51,1686251.0,70.574,72.065,70.901,63.61683333333334,-0.0434154221101253,-0.0632068271699159,-0.0478272520838914,0.0611971150193475,70.901,77.20457258770158,64.59742741229842,0.2310255452091552,0.1778133619467339,-0.0286330935251797,-0.0590940766550521,-0.1052352551358515,-0.0041304027142646,0.0303432360915775,0.0249467292604448,0.0340564937587678,49.56761006016531,1.5731223619126524,2.4786794128350844,-0.905557050922432,8088417.0,59.57225723139581,3.737857142857143,0.5512212096393128,0.262469337692049,0.5582761998013799,-0.0087394460079989,-0.0286330935251797,0.0340564937587678,49.56761006016531,-0.0496814145128003,0.0,0.0,0.0,0.5,1.4918366369621818,0.9794821546661376,1.3638364804761247,1.0529916499883896,-0.63941008809387,1.629754496525275,2.008659624233711,2.2627395330769544,,-1.1846237614831143,-1.6132013351274972,-1.2031481905239072,,2.2627395330769544,1.858349424390729,2.023632751572533,-1.2830042622269584,-0.1370480649644902,-0.7211407865098132,-0.8428413602966331,-1.4190327805853908,-0.5259592939628941,0.1078180387784215,-0.3200163490562681,0.3805805070240106,-0.34445335748463,0.6131861599179695,1.3961454939130344,-1.93490457349362,1.654231261688584,-0.010107224462351,0.8496089012052894,-0.9019145083640424,-0.9652799922545046,,-0.7211407865098132,0.3805805070240106,-0.34445335748463,-0.2351245884572071,0.0,0.0,0.0,0.0,其他,0,0,0.5,1.0,0,0.2408906882591093,0.006813805362168468,0.014664494149014828,0.24949290060851928,0.6308316430020284,0.7565922920892495,0.5456389452332657,0.018255578093306288,0.2961460446247465,0.5,0.5,0.5,0.5,0.2408906882591093,0.5668016194331984,0.7834008097165992
2026-03-04,67.01,67.84,65.66,66.18,1636562.0,68.922,71.03,70.693,63.73366666666666,-0.0397841037694783,-0.0682810080247782,-0.0638394183299618,0.0383836904618701,70.693,77.33971220663994,64.04628779336005,0.1605088455983068,0.1880444232563491,-0.0197007850688786,-0.1109618484685651,-0.1352410819286553,-0.0591413136195621,0.0129235391493424,0.023417453149267,0.0331544084690562,36.78571428341519,1.093481481998822,2.201639826667827,-1.108158344669005,6451855.0,51.08390489258522,3.51,0.5516213784639262,0.1537203597697986,0.493143976491219,-0.0025687518887881,-0.0197007850688786,0.0331544084690562,36.78571428341519,-0.0294671433849409,0.0,0.0,0.0,0.5,1.048579666371375,0.6918899607839017,1.078618967749839,0.8574801965745524,-0.6472954472573028,1.3627977691522557,1.8086863793730548,2.168066107203582,,-1.0824927248503446,-1.695548978276011,-1.436797123569777,,2.168066107203582,1.845710437344472,1.882071040749281,-1.4980423903831008,-0.0372949712055645,-0.4907455598266216,-1.459541705520667,-1.7097658351360658,-0.9577696547304136,-0.9741338097763144,-0.425229162502117,0.3040535487550538,-1.164376490957893,0.2945635543241259,1.1844130301726654,-2.278264771829792,1.5665773008733783,-0.6366308779676829,0.6449775411873402,-0.8943681152331077,-1.2851370299694795,,-0.4907455598266216,0.3040535487550538,-1.164376490957893,-0.1904657031733423,0.0,0.0,0.0,0.0,其他,0,0,0.5,1.0,0,0.2141414141414141,0.03173164097914771,0.04261106074342691,0.06275303643724696,0.3643724696356275,0.7307692307692307,0.36639676113360325,0.07489878542510121,0.19230769230769232,0.5,0.5,0.5,0.5,0.21414141414141413,0.6888888888888889,0.8222222222222222
2026-03-05,66.85,67.28,65.26,65.45,1258846.0,67.66400000000002,70.182,70.599,63.81033333333333,-0.032720501300544,-0.0674246957909435,-0.0729330443773991,0.025695942663414,70.599,77.49448715885227,63.70351284114774,0.1266398673948293,0.1953423464593689,-0.0110305228165609,-0.0876777251184832,-0.1147030975246855,-0.0279221743650674,0.0113679897980116,0.0223627608634775,0.0318594777326272,37.11711711477639,0.6470004646820229,1.890711954270662,-1.2437114895886392,5193009.0,46.26579656829711,3.482857142857142,0.4353896227250552,0.094031071135781,0.457394711065341,0.002750190985485,-0.0110305228165609,0.0318594777326272,37.11711711477639,-0.2307984665414447,0.0,0.0,0.0,0.5,1.018114235298859,0.6238197170942521,1.010248188537188,0.7488595387059844,-0.7281907025675264,1.161119505907533,1.6471662061648729,2.101522785759533,,-0.8948774653909829,-1.6538767087462831,-1.5572014927882174,,2.101522785759533,1.8366589944952607,1.7859714736286312,-1.5873427640898852,0.0339078685157618,-0.2675980927196454,-1.1661572633738966,-1.47651253648712,-0.7040073710661771,-1.0630864146893373,-0.4970009286567847,0.1949256602707332,-1.1327785449725574,-0.0019371082298215,0.9521111632406244,-2.4741525826056545,1.497096173387719,-0.9874768135388938,0.6176735878292418,-1.1553517956720751,-1.4494129576419668,,-0.2675980927196454,0.1949256602707332,-1.1327785449725574,-0.6267270959359084,0.0,0.0,0.0,0.0,其他,0,0,0.5,1.0,0,0.3898989898989899,0.03208556149732611,-0.025974025974025983,0.07692307692307693,0.46356275303643724,0.708502024291498,0.291497975708502,0.04048582995951417,0.0951417004048583,0.5,0.5,0.5,0.5,0.3898989898989899,0.8363636363636363,0.6848484848484848
2026-03-06,65.45,67.38,65.11,66.45,1246289.0,67.018,69.43,70.514,63.881166666666665,-0.0084753349846309,-0.042920927552931,-0.0576339450321921,0.0402126865768994,70.514,77.57648621796524,63.45151378203475,0.2122826243764274,0.2003144401950032,0.0152788388082505,-0.0463547646383467,-0.1016628362849803,-0.02494497432135,0.0168387058539106,0.0237172532163132,0.0319340963866701,35.09995350771084,0.3695911636088311,1.5864877961382926,-1.2168966325294617,6439298.0,37.80299561316701,3.248571428571428,0.4501015437033749,0.1757972199495032,0.5063663075391462,-0.0183596689240029,0.0152788388082505,0.0319340963866701,35.09995350771084,-0.0099750088573185,0.0,0.0,0.0,0.5,0.8110025808924596,0.6323697099958855,0.9805701816841852,0.886695806435175,-0.7271326977699606,1.054738456038792,1.50683438574876,2.0409877050637646,,-0.2695097176064578,-1.13133976250516,-1.3046157049426923,,2.0409877050637646,1.8171967404908569,1.7109756768054978,-1.290892845193243,0.0823790670558857,0.4070357294200615,-0.6606803621306345,-1.3265785416209113,-0.6761728205015995,-0.7172840605206471,-0.3998235758057106,0.2003521873730724,-1.2510841113428308,-0.1861484094586615,0.7271380381508424,-2.367124179956322,1.5303903194220176,-1.594993194059776,0.4081378530378057,-1.1108971618238357,-1.1884965560741076,,0.4070357294200615,0.2003521873730724,-1.2510841113428308,-0.1432932221030859,0.0,0.0,0.0,0.0,其他,0,0,0.5,1.0,0,0.404040404040404,0.015801354401805856,-0.07072987208427395,0.2550607287449393,0.39473684210526316,0.7186234817813765,0.13157894736842105,0.04251012145748988,0.08704453441295547,0.5,0.5,0.5,0.5,0.40404040404040403,0.8707070707070707,0.6808080808080809
2026-03-09,65.8,65.8,63.0,64.41,1306497.0,66.0,68.711,70.3375,63.9485,-0.0240909090909091,-0.0625955087249494,-0.0842722587524437,0.0072167447242703,70.3375,77.83394371826097,62.84105628173904,0.1046458679085804,0.2131563879367422,-0.0306997742663658,-0.0732374100719425,-0.1004189944134078,-0.0519576096555784,0.0186212052777122,0.0235848652202727,0.0326283953388747,23.664122135823945,-0.0146970332585709,1.2662508302589173,-1.2809478635174882,5132801.0,27.11322359016652,3.0585714285714283,0.4878900118247782,0.0089942763695094,0.4064642507325833,0.0021735755317497,-0.0306997742663658,0.0326283953388747,23.664122135823945,0.0483098222001479,0.0,0.0,0.0,0.5,0.8565040753382822,0.4462696321160337,0.6547270780226908,0.5912190285050347,-0.7098669640763458,0.8940984019539269,1.3761400894105948,1.9672414982965685,,-0.6695178423173803,-1.5236588266762785,-1.691554060727971,,1.9672414982965685,1.824633227353982,1.5748879135961136,-1.6209320660240822,0.2080733074505509,-0.7740266563607393,-0.9810059170403818,-1.3004562615492783,-0.8865427735350175,-0.6027514171932119,-0.4074205624860161,0.2577827857660991,-1.953900259883787,-0.4413050857118367,0.4919159763576473,-2.425796853385974,1.460658759096582,-2.3264780161738003,0.2381899027101528,-1.0144007479128665,-1.6703112179682058,,-0.7740266563607393,0.2577827857660991,-1.953900259883787,-0.0153338954543635,0.0,0.0,0.0,0.0,其他,0,0,0.5,1.0,0,0.5676767676767677,-0.0336904207421207,-0.035553485483620584,0.1194331983805668,0.242914979757085,0.7348178137651822,0.05060728744939271,0.02834008097165992,0.05263157894736842,0.5,0.5,0.5,0.5,0.5676767676767677,0.8505050505050505,0.7434343434343434
2026-03-10,64.94,67.25,64.86,66.92,1297656.0,65.882,68.228,70.46849999999999,64.07716666666667,0.0157554415470082,-0.0191710148326199,-0.0503558327479652,0.044365777721133,70.46849999999999,77.6035706115343,63.33342938846568,0.251333925533355,0.2025038311167168,0.0389691041763702,-0.0087394460079989,-0.0673170731707316,0.0407465007776051,0.0282576715420826,0.0281707896950628,0.0314958033599025,28.539526572579035,-0.1153845249118603,0.98992375922476,-1.1053082841366204,6430457.0,19.122982076583384,2.982857142857143,0.497686009501726,0.2070957095692487,0.5293829578818346,0.0156903765690377,0.0389691041763702,0.0314958033599025,28.539526572579035,-0.0067669500963263,0.0,0.0,0.0,0.5,0.7280681238311956,0.6129344090276208,0.9336314132519772,0.9459918795947532,-0.7082004556724097,0.8706972207230941,1.2859641617009074,1.9541256489819263,,0.36059699948348,-0.6172176655354458,-1.158159335987204,,1.9541256489819263,1.760168129634539,1.6416103280309224,-1.1314413700086392,0.1022844218741921,1.0174181118284256,-0.1949939920042832,-0.9503622153502918,-0.1414290464245859,0.0018785582362936,-0.0819290673188573,0.1612880486164313,-1.6194445798245187,-0.5066392255275688,0.2891646427449109,-2.0673916763675817,1.4967903194403314,-2.807752746228629,0.169945698962089,-0.9838214337591962,-1.062838148680498,,1.0174181118284256,0.1612880486164313,-1.6194445798245187,-0.136147234903721,0.0,0.0,0.0,0.0,其他,0,0,0.5,1.0,0,0.8340080971659919,-0.03930065750149425,-0.043783622235505026,0.23732251521298176,0.5760649087221096,0.7363083164300203,0.06288032454361055,0.08113590263691683,0.10953346855983773,0.5,0.5,0.5,0.5,0.8340080971659919,0.7813765182186235,0.6477732793522267
2026-03-11,66.99,67.81,65.8,66.01,836692.0,65.848,67.385,70.3825,64.18916666666668,0.0024602113959422,-0.0204051346738888,-0.0621248179590094,0.0283666766198864,70.3825,77.69578675479748,63.069213245202505,0.2010578043345729,0.2078154869402791,-0.0135983263598326,-0.0025687518887881,-0.1132455668995162,-0.0253949505389045,0.0273900687977767,0.023540380223815,0.0292836111153414,30.86956521530351,-0.2655475684173893,0.7388294936963288,-1.004377062113718,5593765.0,23.50187056818615,2.897142857142857,0.3434547829983946,0.1320132013190434,0.4848188050906721,0.0343887289804574,-0.0135983263598326,0.0292836111153414,30.86956521530351,-0.3552281960704532,0.0,0.0,0.0,0.5,1.0184250894890448,0.6752023473003458,1.0698029904159554,0.8104773437840408,-0.8078338287906561,0.8602398551383996,1.141357300469787,1.9023095398820915,,0.0152874140656874,-0.6396672937196093,-1.3247085094751554,,1.9023095398820915,1.7457608559815283,1.5711865226210031,-1.282013072168114,0.1544220587209409,-0.3382385974502854,-0.1191783142921682,-1.4112474987018189,-0.6708795365128187,-0.0525690521004435,-0.4097385046893236,-0.0265352216914403,-1.4540923829207038,-0.6047754659588062,0.104960166178729,-1.856852257629401,1.4472067157146444,-2.432412183597264,0.0927995974014844,-1.3292606650372276,-1.276193105919872,,-0.3382385974502854,-0.0265352216914403,-1.4540923829207038,-0.9005284055235523,0.0,0.0,0.0,0.0,其他,0,0,0.5,1.0,0,0.9252525252525252,0.010604453870625585,-0.08498712316315715,0.2125506072874494,0.291497975708502,0.694331983805668,0.11336032388663968,0.010121457489878543,0.07894736842105263,0.5,0.5,0.5,0.5,0.9252525252525252,0.8666666666666667,0.4444444444444444
2026-03-12,66.0,66.0,64.51,65.63,873494.0,65.88399999999999,66.774,70.059,64.30633333333333,-0.003855260761338,-0.0171324168089377,-0.0632181447066044,0.0205837683172731,70.059,77.620581288259,62.49741871174098,0.2071379760938566,0.2158632377923811,-0.0057567035297683,0.002750190985485,-0.085168664622247,-0.0897364771151179,0.0269677945349355,0.0219234290401503,0.0249128438263967,30.180608363010805,-0.4104835442549159,0.5089668861060789,-0.9194504303609948,4720271.0,25.77200113534704,2.698571428571429,0.3981427685962609,0.10066006600577,0.4662095984306256,0.0292549139113211,-0.0057567035297683,0.0249128438263967,30.180608363010805,0.0439851223628289,0.0,0.0,0.0,0.5,0.8695808027184568,0.4607975031699718,0.8670282103027934,0.7517467862957886,-0.7950904306309633,0.8604882142657131,1.03584238475281,1.810452126737675,,-0.1487686245868896,-0.5685699357816457,-1.32701327922256,,1.810452126737675,1.707813516321758,1.4488214476035624,-1.2496090200544543,0.233705181207541,-0.1347322449040057,-0.0537772723616909,-1.1118603440994157,-1.1796097010055164,-0.0789767827254075,-0.522756292762042,-0.3975167362599737,-1.479846222139194,-0.6988967686889145,-0.0636959561592407,-1.6829909354145949,1.397588135954427,-2.2240023927248025,-0.0854631160424497,-1.1906469735231555,-1.355421939703534,,-0.1347322449040057,-0.3975167362599737,-1.479846222139194,-0.0177419711191603,0.0,0.0,0.0,0.0,其他,0,0,0.5,1.0,0,0.9474747474747476,0.017827213164711253,-0.05317690080755744,0.38866396761133604,0.12955465587044535,0.5587044534412956,0.08704453441295547,0.016194331983805668,0.10323886639676114,0.5,0.5,0.5,0.5,0.9474747474747475,0.8909090909090909,0.6121212121212121
2026-03-13,65.02,65.9,64.7,65.23,789667.0,65.64,66.329,69.762,64.45033333333333,-0.0062461913467397,-0.0165689215878422,-0.0649637338379059,0.012097170430978,69.762,77.60135980200326,61.92264019799675,0.210945784191268,0.2247458444996421,-0.0060947737315251,-0.0183596689240029,-0.0638633754305396,-0.0834621329211746,0.0257741821746275,0.0207588215965282,0.0248369616227037,33.29837440762364,-0.55126799626197,0.2969199096324684,-0.8481879058944384,3930604.0,27.228511667202028,2.597142857142857,0.3734564336021265,0.06765676567601,0.4466209598411039,0.034799938678522,-0.0060947737315251,0.0248369616227037,33.29837440762364,-0.0959674594215873,0.0,0.0,0.0,0.5,0.7235521267607483,0.4472211557611041,0.890751188543143,0.6906096277725021,-0.8095579638611279,0.818492607750674,0.958077334347191,1.7277978599546957,,-0.2105337940318061,-0.5541717809525071,-1.3390520015022624,,1.7277978599546957,1.67960619356575,1.3297276259229975,-1.225265406009624,0.3212322247907195,-0.1430229818220707,-0.3123176871516966,-0.8860639744323411,-1.119081389401809,-0.1541239106242243,-0.6031495260142264,-0.4021971965671339,-1.2709933520179568,-0.7895884976028843,-0.2192393145880809,-1.5388781098382576,1.3526085133094654,-2.0821929573741595,-0.1763528658313043,-1.235794753803482,-1.4371798436840746,,-0.1430229818220707,-0.4021971965671339,-1.2709933520179568,-0.3270418633484664,0.0,0.0,0.0,0.0,其他,0,0,0.5,1.0,0,0.9473684210526316,0.01563697685114196,-0.05564924114671166,0.40365111561866124,0.16024340770791076,0.565922920892495,0.15010141987829614,0.008113590263691683,0.12778904665314403,0.5,0.5,0.5,0.5,0.9473684210526315,0.8623481781376519,0.5425101214574899
2026-03-16,65.05,65.22,63.66,64.55,762842.0,65.668,65.834,69.3465,64.57433333333333,-0.0170250350246696,-0.0195035999635447,-0.0691671533530893,-0.0003768267061732,69.3465,77.37314582237786,61.31985417762215,0.2012139250838909,0.2314938986788456,-0.0104246512340948,0.0021735755317497,-0.0712230215827338,-0.1140543508097722,0.0216826511578599,0.0207473581017124,0.0239845015346672,31.63265305896502,-0.7095314525868446,0.0956296371886052,-0.8051610897754499,3167762.0,28.91364485741221,2.5335714285714297,0.4115979077107257,0.0115511551154162,0.413320274238916,-0.0357862122385747,-0.0104246512340948,0.0239845015346672,31.63265305896502,-0.0339700152089424,0.0,0.0,0.0,0.5,0.7242148066544456,0.3655675493462341,0.7274728960403282,0.5896930225941399,-0.8111298871008135,0.8180612675574968,0.8734201377761853,1.6276151025382397,,-0.4912465299430879,-0.6127933579985826,-1.3873354602770207,,1.6276151025382397,1.6227281980315758,1.2087544991908603,-1.244494342647809,0.3872958920164702,-0.2549798536276668,-0.0586780667460909,-0.9555433872541672,-1.3506858412834988,-0.4128151327107113,-0.6010384713407365,-0.4731534305262857,-1.3612614674749786,-0.8911690886754788,-0.3667155732751514,-1.4477266244261235,1.3098155481899023,-1.934002703931024,-0.2330485018879219,-1.137262863499274,-1.5831660448697291,,-0.2549798536276668,-0.4731534305262857,-1.3612614674749786,-0.1884099047618957,0.0,0.0,0.0,0.0,其他,0,0,0.5,1.0,0,0.8866396761133604,0.03795507358636718,-0.02091402013942667,0.5679513184584178,0.08519269776876268,0.5294117647058824,0.13387423935091278,0.028397565922920892,0.11156186612576065,0.5,0.5,0.5,0.5,0.8866396761133604,0.902834008097166,0.694331983805668
2026-03-17,64.55,68.98,64.46,67.97,2904222.0,65.878,65.88,68.9725,64.77199999999999,0.0317556695710252,0.0317243472981179,-0.0145347783536916,0.049373185944544,68.9725,76.48211453913027,61.46288546086973,0.4332522331992137,0.2177567737611187,0.0529821843532145,0.0156903765690377,0.0068138053621684,-0.0991385023194169,0.0278946711426746,0.0265945678384048,0.0258122193810575,34.08755533459309,-0.5526229457868226,-0.0340208794064805,-0.518602066380342,6071984.0,29.57074281907328,2.549285714285716,1.6166185480162325,0.2937293729348703,0.5654822334996676,-0.0541415330292774,0.0529821843532145,0.0258122193810575,34.08755533459309,2.8071081560795026,0.0,0.0,0.0,0.5,0.6483133830677669,0.8062818808230804,0.8455589760292027,1.0771645496602111,-0.3235718406378057,0.8452249036892242,0.8752922038207547,1.538728303396533,,0.7876074334141168,0.4633176618062118,-0.5548366406910504,,1.538728303396533,1.4734787697582012,1.2229298075041577,-0.4918879089797974,0.2478962409517633,1.3892997595211054,0.1083620243707514,-0.1481371733431608,-1.219112938464049,-0.0163223115187717,-0.1798980856949889,-0.3144414077533291,-1.196750615091929,-0.7808693211572193,-0.4610238333886882,-0.9379813576132168,1.412350741436261,-1.8592315776735904,-0.2179363050064657,1.630236853449044,-0.7404495987082391,,1.3892997595211054,-0.3144414077533291,-1.196750615091929,5.477769092486991,0.0,0.0,0.0,0.0,其他,0,0,0.5,1.0,0,0.6052631578947368,0.0077975577460644985,-0.07223775194938942,0.8356997971602435,0.1663286004056795,0.5720081135902637,0.29817444219066935,0.9148073022312373,0.5436105476673428,0.5,0.5,0.5,0.5,0.6052631578947368,0.840080971659919,0.31983805668016196
2026-03-18,67.69,70.34,66.85,68.28,2473217.0,66.33200000000001,66.09,68.56,64.9475,0.0293674244708435,0.0331366318656376,-0.0040840140023337,0.0513106740059277,68.56,75.1747140607334,61.94528593926662,0.4788350639591484,0.1929613203244964,0.0045608356627924,0.0343887289804574,0.0317316409791477,-0.1078008624068992,0.0262589109113279,0.0255844998276063,0.025520743171772,40.35674470142146,-0.3986620836394081,-0.1069491202530662,-0.2917129633863419,8545201.0,41.39147683165911,2.481428571428574,1.4280176676420275,0.3858424725784067,0.5812182741087248,-0.0229935559461044,0.0045608356627924,0.025520743171772,40.35674470142146,-0.1484063546106323,0.0,0.0,0.0,0.5,1.0985595913617658,0.9613384680278928,1.2033181416478658,1.1137257873781437,-0.420132157600961,0.9090963571423156,0.9031419475405852,1.446089233032591,,0.72097844761716,0.4909871048104193,-0.3939802141931589,,1.446089233032591,1.2692246014238109,1.2968779224500464,-0.3426298219739075,-0.0028110390434584,0.126702231022946,0.3394593882867223,0.110016720322372,-1.2756509460053511,-0.1206588097713185,-0.2518436958612862,-0.33820128506779,-0.7998498429205855,-0.6733825104056307,-0.5131201826784059,-0.5366117151812142,1.4952506963017085,-1.0688757944937477,-0.2787607009733718,1.1854124151538044,-0.4641877468858774,,0.126702231022946,-0.33820128506779,-0.7998498429205855,-0.4327779870902792,0.0,0.0,0.0,0.0,其他,0,0,0.5,1.0,0,0.7267206477732794,0.010544815465729274,-0.07161687170474518,0.9249492900608519,0.13184584178498987,0.565922920892495,0.44421906693711966,0.9350912778904665,0.6288032454361054,0.5,0.5,0.5,0.5,0.7267206477732794,0.854251012145749,0.25101214574898784
2026-03-19,67.38,68.2,66.28,67.55,1201883.0,66.71600000000001,66.3,68.241,65.12616666666666,0.0125007494454101,0.0188536953242834,-0.010125877405079,0.0372175034612303,68.241,74.3622585565217,62.119741443478304,0.443557358861426,0.1794011974183474,-0.0106912712360867,0.0292549139113211,0.0320855614973261,-0.0862978493169215,0.0269445078263663,0.0255634275990478,0.0246644608081557,43.58819987591669,-0.3317275270182875,-0.1519048016061105,-0.179822725412177,7343318.0,43.86778626485349,2.4285714285714315,0.7132855209448167,0.3130608175442367,0.5383033418995459,-0.0111028867505551,-0.0106912712360867,0.0246644608081557,43.58819987591669,-0.5140406199698611,0.0,0.0,0.0,0.5,1.04610791352289,0.7041692645272714,1.1076311342245726,1.0015372775425997,-0.7070663230753128,0.961668780581538,0.930710436724034,1.3729016689665876,,0.2749933324689204,0.1880776228567745,-0.4840468731868917,,1.3729016689665876,1.140521395846307,1.3147263490431973,-0.4553594074844042,-0.1399143335785717,-0.2712188316720603,0.2744648657043029,0.1133012971682145,-1.094511915042672,-0.0763460330207419,-0.2524311177305939,-0.4106417610828324,-0.5945695734531116,-0.6251243354866477,-0.5443213613857674,-0.3381038627613102,1.4327406605888426,-0.8992806334050322,-0.3258556135116588,-0.4544228069948678,-0.6777281807707154,,-0.2712188316720603,-0.4106417610828324,-0.5945695734531116,-1.1571700267808882,0.0,0.0,0.0,0.0,其他,0,0,0.5,1.0,0,0.7064777327935222,-0.05625462620281274,-0.051073279052553655,0.947261663286004,0.30425963488843816,0.5233265720081136,0.6795131845841785,0.2697768762677485,0.718052738336714,0.5,0.5,0.5,0.5,0.7064777327935222,0.33805668016194335,0.30364372469635625
2026-03-20,67.75,68.95,67.01,67.5,1305244.0,67.17,66.405,67.91749999999999,65.29983333333332,0.0049129075480125,0.0164897221594759,-0.0061471638384803,0.0336932968180114,67.91749999999999,73.41613475878573,62.41886524121424,0.4620360309093901,0.1619210000008142,-0.0007401924500369,0.034799938678522,0.0158013544018058,-0.0874678923888062,0.0264420430402844,0.0252398635360193,0.0246531160187136,43.93203883121937,-0.2794941301996374,-0.1774226673248159,-0.1020714628748214,6038074.0,51.7968192979281,2.415000000000003,0.8104831454900776,0.3080757726788829,0.5257352941148858,-0.0185185185185184,-0.0007401924500369,0.0246531160187136,43.93203883121937,0.0859992195579768,0.0,0.0,0.0,0.5,1.0921913292191965,0.7890497402935818,1.2098381802478329,0.9879077274986754,-0.6801708064676858,1.0241861051212422,0.9413652982508824,1.3009555818051517,,0.0739280827779075,0.1374031406802896,-0.4212493472194119,,1.3009555818051517,0.9949544934958592,1.3540626528879276,-0.3933706401839072,-0.3167046680851614,-0.0101396473655926,0.3425226661489761,-0.0566527498501081,-1.0947628488430032,-0.1083748156698119,-0.2749092895828502,-0.4098403535238295,-0.5702945464046885,-0.5870486719720472,-0.5609867407396352,-0.1999431940831021,1.367876275890911,-0.3731523080294892,-0.3369872656247582,-0.2295770644660311,-0.6888556538428742,,-0.0101396473655926,-0.4098403535238295,-0.5702945464046885,0.0448784275571933,0.0,0.0,0.0,0.0,其他,0,0,0.5,1.0,0,0.2747474747474747,-0.08518518518518514,-0.0722962962962963,0.9453441295546559,0.3785425101214575,0.5080971659919028,0.7267206477732794,0.3623481781376518,0.8238866396761133,0.5,0.5,0.5,0.5,0.27474747474747474,0.1919191919191919,0.11515151515151516
2026-03-23,65.4,66.85,61.6,62.24,1810890.0,66.708,66.188,67.4495,65.3725,-0.066978473346525,-0.059648274611712,-0.0772355614200253,-0.0479177023977972,67.4495,73.21525909093825,61.68374090906175,0.0482381488855192,0.1709652137059489,-0.0779259259259258,-0.0357862122385747,-0.0336904207421207,-0.1307262569832401,0.0469382129909678,0.0346653793995804,0.029105585013997,36.65822784550272,-0.6549839798707069,-0.2729349298339942,-0.3820490500367127,4227184.0,51.80762404977352,2.6350000000000025,1.1269000792113884,0.0,0.2494747899146561,0.076478149100257,-0.0779259259259258,0.029105585013997,36.65822784550272,0.3873957666152843,0.0,0.0,0.0,0.5,0.7460055478888827,0.5371256622300088,0.3795930550927152,0.2264586493134292,-0.5618782878679903,0.947379922822668,0.9009207629708668,1.2051591827676909,,-1.8088730659856829,-1.4685328902889878,-1.4955813685060269,,1.2051591827676909,0.958786726468604,1.2110980520627437,-1.722296209688194,-0.2233936741316154,-2.0078771587789825,-0.5404902182907397,-0.5729629166167379,-1.4239029721580372,1.207509380368566,0.4103497359517036,-0.0212581094194698,-1.0206200891194297,-0.8381883094244482,-0.6296667595355676,-0.6932559326109224,1.284922185501636,-0.3709484122004846,-0.1338399099435528,0.4997627722130983,-1.5909912823222117,,-2.0078771587789825,-0.0212581094194698,-1.0206200891194297,0.6477282164244832,0.0,0.0,0.0,0.0,其他,0,0,0.5,1.0,0,0.6585858585858586,-0.001928020565552746,0.018476863753213335,0.8846153846153846,0.3785425101214575,0.582995951417004,0.6639676113360324,0.4473684210526316,0.7004048582995951,0.5,0.5,0.5,0.5,0.6585858585858586,0.298989898989899,0.2828282828282828
2026-03-24,63.48,64.95,62.66,64.29,887652.0,65.97200000000001,65.925,67.0765,65.46116666666667,-0.0254956648275026,-0.024800910125142,-0.0415421198184161,-0.017891014265455,67.0765,72.63223586958844,61.52076413041155,0.249223139343436,0.1656537198446598,0.0329370179948587,-0.0541415330292774,-0.0393006575014942,-0.10397212543554,0.0410946078560651,0.0339004527377258,0.030378314633877,45.383488028161366,-0.7781751144315336,-0.3739829667535022,-0.4041921476780314,5114836.0,58.48370175928481,2.672857142857145,0.5703557793780273,0.168032786883869,0.3571428571409816,0.0654845232540051,0.0329370179948587,0.030378314633877,45.383488028161366,-0.5098255553898912,0.0,0.0,0.0,0.5,0.4640298751931642,0.3096089876972604,0.5402016217396081,0.5217070367472333,-0.7700125609636097,0.8299120683790797,0.8536505748138224,1.1282312834413453,,-0.7122787347929023,-0.7253511945175755,-0.9430380824597392,,1.1282312834413453,0.8680268422434629,1.1716352580105298,-1.0608766567057664,-0.2767924765557297,0.8754701789210031,-0.767204746033589,-0.6289079595871994,-1.2001771076187056,0.8254511212388721,0.353081211128815,0.0898789051139294,-0.4696238616125931,-0.9167310355417656,-0.7021121074911205,-0.7290030863999066,1.3084975984710938,0.0732384309222355,-0.0984959085461664,-0.7860325397166003,-1.0816602402651003,,0.8754701789210031,0.0898789051139294,-0.4696238616125931,-1.150502079817448,0.0,0.0,0.0,0.0,其他,0,0,0.5,1.0,0,0.8808080808080808,-0.004666355576295023,-0.012132524498366881,0.6032388663967612,0.42105263157894735,0.5951417004048583,0.7004048582995951,0.08097165991902834,0.7206477732793523,0.5,0.5,0.5,0.5,0.8808080808080808,0.2606060606060606,0.3191919191919192
2026-03-25,64.77,67.43,64.62,66.71,1251049.0,65.65799999999999,65.995,66.69,65.59066666666666,0.0160224192025344,0.0108341541025833,0.0002998950367369,0.0170654361392881,66.69,71.03171928109009,62.34828071890991,0.5023032350383487,0.1302060063302917,0.0376419349821122,-0.0229935559461044,0.0106044538706255,-0.1038420204191296,0.0464180395536563,0.0360073278692625,0.0303894299078373,52.84296028547019,-0.6727768591750305,-0.4337417452378078,-0.2390351139372226,6365885.0,65.09720679217702,2.7528571428571453,0.8367916244385489,0.4705263157845202,0.4842436974764479,0.0343276870034479,0.0376419349821122,0.0303894299078373,52.84296028547019,0.4093912929841874,0.0,0.0,0.0,0.5,0.6497883704346843,0.603393968441986,0.8374429922448867,0.8686970304788828,-0.6832159826745696,0.7776248652824556,0.8598039243284284,1.0503218988813925,,0.3820456359263496,0.0318747466894083,-0.3015740349510888,,1.0503218988813925,0.630836247048768,1.3065090410719191,-0.2380043052841737,-0.6383891814122974,0.9917755317676672,-0.3736548826573902,-0.1029590870432213,-1.188524841053417,1.1605716767667809,0.5053753608787678,0.0905235121477523,0.0010111476223237,-0.8402336509290099,-0.743329760036743,-0.4334595499279907,1.3456469100708877,0.5128122819902191,-0.0241971620365463,-0.1667590949532303,-0.180298935932969,,0.9917755317676672,0.0905235121477523,0.0010111476223237,0.6954220031716492,0.0,0.0,0.0,0.0,其他,0,0,0.5,1.0,0,0.8319838056680162,-0.0945885174636486,-0.04362164593014539,0.7281947261663286,0.3935091277890467,0.5720081135902637,0.8093306288032455,0.4827586206896552,0.8012170385395537,0.5,0.5,0.5,0.5,0.8319838056680162,0.10121457489878542,0.2854251012145749
2026-03-26,66.95,68.49,66.0,66.8,706187.0,65.50800000000001,66.112,66.443,65.70816666666667,0.0197227819502958,0.010406582768635,0.0053730265039206,0.0166164023244193,66.443,70.07992814278606,62.80607185721393,0.549079880867761,0.1094751333558265,0.0013491230700044,-0.0111028867505551,0.0178272131647112,-0.0688597713967102,0.0462803957687262,0.0359149417105656,0.0295050197778393,50.82352940841632,-0.5753534526968593,-0.4620640867296181,-0.1132893659672412,7072072.0,64.08815971151353,2.768571428571431,0.4988153271070682,0.6129032257982127,0.4889705882327258,-0.0456586826347304,0.0013491230700044,0.0295050197778393,50.82352940841632,-0.435524108168425,0.0,0.0,0.0,0.5,0.9633605791307356,0.7268125921574596,1.043179290073703,0.8768478299254198,-0.8045401713549255,0.7507438937159997,0.8734077364268552,0.9984761635887928,,0.4780715422613574,0.0226807444481457,-0.2228448360008328,,0.9984761635887928,0.4892011059366469,1.373592276351194,-0.085247474881945,-0.8469615311423757,0.0453371308945455,-0.2227614515831824,-0.0265410877625507,-0.9051672886466808,1.14296146992666,0.4964897011620435,0.0124479686297801,-0.1264059375133555,-0.7698090515884061,-0.7608231971353113,-0.2084192795053478,1.3609705069975948,0.4433942940547808,-0.0095352146925312,-0.9477892230521509,0.2442092483257529,,0.0453371308945455,0.0124479686297801,-0.1264059375133555,-1.0007378440819716,0.0,0.0,0.0,0.0,其他,0,0,0.5,1.0,0,0.1777777777777777,-0.06976047904191607,-0.06227544910179639,0.7064777327935222,0.597165991902834,0.5323886639676113,0.8259109311740891,0.12348178137651822,0.8340080971659919,0.5,0.5,0.5,0.5,0.17777777777777778,0.11717171717171718,0.21414141414141413
2026-03-27,66.14,67.73,65.5,66.25,690143.0,65.258,66.214,66.2715,65.82066666666667,0.0152012013852709,0.0005436916664149,-0.0003244230174358,0.0065227740020865,66.2715,69.57381991819463,62.96918008180537,0.4967447127198039,0.0996603341765207,-0.0082335329341316,-0.0185185185185184,0.0156369768511419,-0.0492250287026407,0.0463770339211258,0.0359771952594624,0.0289204268445269,54.65587044147176,-0.5363422844786072,-0.476919726279416,-0.0594225581991912,6381929.0,66.16314302989547,2.6814285714285737,0.5169670702905941,0.5523415977885351,0.4600840336110289,-0.0679245283018867,-0.0082335329341316,0.0289204268445269,54.65587044147176,-0.0227191947741887,0.0,0.0,0.0,0.5,0.8400831484451587,0.63285546919355,0.960281045010324,0.7926703913824644,-0.8040510685070134,0.7088238146949767,0.8845227941583301,0.960846114374066,,0.3567994512019616,-0.1877128347914642,-0.3094107057996809,,0.960846114374066,0.4131155393611606,1.3878037906548364,-0.2554571626253596,-0.9418969910647792,-0.20464869000804,-0.3155577540173714,-0.0495995034432525,-0.745209351338375,1.1405708963380958,0.4989810233688499,-0.0391783809614603,0.1166657992032521,-0.7395203238628121,-0.768155677502952,-0.1116622189751673,1.3222773752732326,0.5801008932052315,-0.0906310758061653,-0.8996108777447119,0.062401200206401,,-0.20464869000804,-0.0391783809614603,0.1166657992032521,-0.1683629941754688,0.0,0.0,0.0,0.0,其他,0,0,0.5,1.0,0,0.2651821862348178,-0.07018867924528305,-0.1489811320754717,0.2738336713995943,0.6673427991886409,0.5030425963488844,0.8438133874239351,0.16835699797160245,0.7565922920892495,0.5,0.5,0.5,0.5,0.2651821862348178,0.12550607287449392,0.05060728744939271
2026-03-30,65.7,69.4,65.37,67.0,1487265.0,66.21000000000001,66.45899999999999,66.1465,65.9455,0.0119317323667118,0.0081403572127178,0.0129031770388454,0.0159904769847829,66.1465,69.10570526315317,63.187294736846845,0.6442110168164088,0.0894742809717426,0.0113207547169811,0.076478149100257,0.0379550735863671,-0.0359712230215827,0.0198373015231989,0.0357896870096885,0.0290753967696257,50.22222221831605,-0.4398370032046585,-0.4695031816644645,0.0296661784598059,7869194.0,66.55765449182752,2.7664285714285737,1.1261806320238397,0.7880794701856276,0.499474789913343,-0.0728358208955224,0.0113207547169811,0.0290753967696257,50.22222221831605,1.1550099037445865,0.0,0.0,0.0,0.5,0.7716529934268702,0.8291437278444683,0.9347260681632432,0.8969184917867676,-0.6172969883833039,0.8508071978871986,0.9183212248887824,0.9320370997889972,,0.268877984428543,-0.0245536188164949,-0.1045820320604754,,0.9320370997889972,0.3427763675697162,1.411175641757708,0.227665882743569,-1.039361599594259,0.3073560401037905,0.8860378486607696,0.1872150860239483,-0.6366880995052143,-0.5674008251635064,0.4831384787488079,-0.0253151733395339,-0.1653982773766361,-0.6703959875696267,-0.7588008392232968,0.0481244194185961,1.368055342798926,0.6038464630568289,-0.0109146127630237,0.5191053814054667,0.7674183901438077,,0.3073560401037905,-0.0253151733395339,-0.1653982773766361,2.1719078414819606,0.0,0.0,0.0,0.0,其他,0,0,0.5,1.0,0,0.1417004048582996,-0.05671641791044768,-0.20179104477611942,0.6572008113590264,0.6328600405679513,0.5233265720081136,0.8073022312373225,0.7768762677484787,0.8073022312373225,0.5,0.5,0.5,0.5,0.1417004048582996,0.1396761133603239,0.01417004048582996
2026-03-31,67.3,69.94,66.91,68.5,1753651.0,67.05199999999999,66.512,66.196,66.093,0.021595179860407,0.0298893432764011,0.0348057284428062,0.0364183801612878,66.196,69.28165714232799,63.110342857672016,0.873340247091484,0.093227903266763,0.0223880597014924,0.0654845232540051,0.0077975577460644,0.0146644941490148,0.017921560930529,0.0323057743290459,0.028799457738858,56.69714900057148,-0.2395574077277444,-0.4235140268771205,0.183956619149376,9622845.0,68.26626622375002,2.839285714285716,1.3245124197373803,0.9999999999840256,0.5782563025179713,-0.0658394160583941,0.0223880597014924,0.028799457738858,56.69714900057148,0.1791113217886524,0.0,0.0,0.0,0.5,1.0004389667494715,0.8891187793329796,1.1635523919450026,1.1079904864893306,-0.55340904931493,0.9745796915753384,0.9212096032342068,0.9347541782300406,,0.5246510487644378,0.4421548327522639,0.234290710913594,,0.9347541782300406,0.3673176771255623,1.3831565387612614,0.9754358732437396,-0.9935737719069336,0.5960411108430829,0.7425773033026298,-0.1342466265341008,-0.2326199163648374,-0.6878729054646455,0.2243200516858353,-0.0497512751292556,0.2478663923120519,-0.530914177699156,-0.7206318310653957,0.3248729835362834,1.422954566948777,0.7154487508936377,0.0574227870216358,0.9761659911109686,1.391405697047147,,0.5960411108430829,-0.0497512751292556,0.2478663923120519,0.2222514276957786,0.0,0.0,0.0,0.0,其他,0,0,0.5,1.0,0,0.0527383367139959,-0.07941605839416055,-0.1897810218978102,0.8821138211382114,0.7804878048780488,0.5833333333333334,0.9288617886178862,0.8434959349593496,0.9105691056910569,0.5,0.5,0.5,0.5,0.05273833671399594,0.08113590263691683,0.02434077079107505
2026-04-01,69.51,69.93,68.0,69.0,1367074.0,67.51,66.58399999999999,66.337,66.2705,0.022070804325285,0.0362849933918059,0.0401435096552451,0.0411872552644088,66.337,69.66757984520157,63.006420154798434,0.8997802370278938,0.1004139423005727,0.0072992700729928,0.0343276870034479,0.0105448154657292,0.0426110607434269,0.0113950670443296,0.0323484348469055,0.0284018530988932,59.005879204563975,-0.0400273041953056,-0.3468166823407575,0.3067893781454519,10989919.0,73.5794104831966,2.8700000000000023,1.0431514746402772,0.999999999985207,0.604516806719514,-0.1246376811594203,0.0072992700729928,0.0284018530988932,59.005879204563975,-0.2204412394484421,0.0,0.0,0.0,0.5,1.313893695050057,0.8830279775899614,1.3200776004193453,1.1721842541752017,-0.6402528978234239,1.0383387403873794,0.927131895847754,0.9538082256851994,,0.535190256221491,0.5777520365368981,0.3161509124676878,,0.9538082256851994,0.4227975713644368,1.351300271782323,1.0546383098468377,-0.9134530654412018,0.1975610736083133,0.3447216916773591,-0.104477917323103,-0.0093002352268804,-1.1022645595580602,0.226706357101267,-0.0850419255709764,0.3944812929396102,-0.3923587632520968,-0.6596548912538469,0.5445206126918549,1.4617755533077037,1.066770209377689,0.0861213792787708,0.3168282503650393,1.3772094619996849,,0.1975610736083133,-0.0850419255709764,0.3944812929396102,-0.5756873563554211,0.0,0.0,0.0,0.0,其他,0,0,0.5,1.0,0,0.020242914979757,-0.08130434782608698,-0.17362318840579705,0.8275862068965517,0.8194726166328601,0.5578093306288032,0.9634888438133874,0.7484787018255578,0.920892494929006,0.5,0.5,0.5,0.5,0.020242914979757085,0.044534412955465584,0.030364372469635626
2026-04-02,68.62,68.97,63.22,63.75,2772817.0,66.9,66.204,66.252,66.37216666666667,-0.0470852017937221,-0.0370672466920426,-0.0377648976634666,-0.0395070222708816,66.252,69.75994346710729,62.7440565328927,0.1433807979697117,0.105896983248868,-0.0760869565217391,-0.0456586826347304,-0.0562546262028127,-0.0259740259740259,0.0392571241328133,0.0406417351321614,0.0333283579376315,46.85908318906609,-0.3020461877225671,-0.3378625834171194,0.0358163956945523,8217102.0,66.89702979723688,3.19714285714286,2.000269726004476,0.2233727810617842,0.3287815126033152,-0.0252549019607842,-0.0760869565217391,0.0333283579376315,46.85908318906609,1.0282859596481244,0.0,0.0,0.0,0.5,1.1747645944859495,0.7636667026224518,0.5832746345505566,0.4063330411740766,-0.3126330526885648,0.9386571349224476,0.8609482999446842,0.9323321135266962,,-1.307730019715558,-1.0032788342210344,-0.8946186950122581,,0.9323321135266962,0.434735703371857,1.2931138945477518,-1.4204006988844795,-0.851656293979258,-1.9769364217412928,-0.6732830976294393,-0.817732184997251,-0.5566759060671345,0.6957939581926823,0.8401373763372691,0.3561132744282513,-0.3857056010518135,-0.5706182998893428,-0.6500188190087846,0.0539140089817338,1.3425159118780978,0.6125801862422686,0.3944108274700665,2.4971527150827257,-0.9414774890818768,,-1.9769364217412928,0.3561132744282513,-0.3857056010518135,1.9029825932670223,0.0,0.0,0.0,0.0,其他,0,0,0.5,1.0,0,0.1707317073170731,0.005490196078431264,-0.11262745098039217,0.17311608961303462,0.6802443991853361,0.7230142566191446,0.7861507128309573,0.9572301425661914,0.5458248472505092,0.5,0.5,0.5,0.5,0.17073170731707318,0.4491869918699187,0.06910569105691057
2026-04-03,64.0,64.6,61.68,61.75,1356142.0,66.0,65.62899999999999,66.017,66.44316666666667,-0.0643939393939394,-0.0591049688399943,-0.0646348667767392,-0.0706343014957645,66.017,70.0582666070767,61.97573339292329,-0.0279285450414495,0.122431089176139,-0.0313725490196078,-0.0679245283018867,-0.0851851851851851,-0.0707298720842739,0.0405369200882884,0.0414313057986181,0.0337750760822781,44.37299035120088,-0.6634331767208579,-0.4029767020778672,-0.2604564746429906,6860960.0,65.25870876853782,3.29357142857143,0.9744400107435852,0.0,0.2066559312925032,-0.0024291497975708,-0.0313725490196078,0.0337750760822781,44.37299035120088,-0.5109154336546552,0.0,0.0,0.0,0.5,0.4965322786074215,0.2358691646045404,0.3450094081322376,0.114029113346577,-0.6398996102210668,0.7957116239747656,0.7642170079975312,0.8843445446720464,,-1.748089218824958,-1.4651034989077676,-1.302137801617581,,0.8843445446720464,0.4772015962605229,1.149417268189502,-1.9491111218995265,-0.677230309855959,-0.8012301377435752,-0.9522662538743386,-1.120615606502564,-0.9105792157047786,0.7747492515594275,0.8937826773906984,0.3947810684135022,-0.5438085832153775,-0.8160389209344419,-0.6963031979200293,-0.4821607601663084,1.2796184199843792,0.4996131950120335,0.4840081199476867,0.1347420292773349,-1.5906348633596392,,-0.8012301377435752,0.3947810684135022,-0.5438085832153775,-1.152618651676126,0.0,0.0,0.0,0.0,其他,0,0,0.5,1.0,0,0.1544715447154471,0.014089068825910989,-0.0790283400809717,0.2606924643584521,0.6822810590631364,0.725050916496945,0.8044806517311609,0.7637474541751528,0.47657841140529533,0.5,0.5,0.5,0.5,0.15447154471544716,0.26422764227642276,0.06300813008130081
2026-04-07,61.77,62.83,61.61,62.12,705045.0,65.024,65.61699999999999,65.9025,66.51333333333334,-0.0446604330708662,-0.053294115854123,-0.057395394711885,-0.0660519194146538,65.9025,70.25337831423298,61.55162168576703,0.0653176523424138,0.1320398562793936,0.005991902834008,-0.0728358208955224,-0.0019280205655527,-0.0355534854836205,0.0397912921649762,0.03343709818463,0.0331889390755722,36.60100778510117,-0.9094950392710786,-0.5042803695165097,-0.4052146697545689,7566005.0,57.91043627624595,3.057857142857144,0.5177904376599539,0.0510344827579164,0.2265163714426917,0.0173857050869286,0.005991902834008,0.0331889390755722,36.60100778510117,-0.4801097525185416,0.0,0.0,0.0,0.5,0.1687908162740825,0.0217135070490777,0.3330819595027922,0.1676827168414871,-0.7879599979396108,0.642126320830775,0.7584260036259886,0.8584708659151756,,-1.2142321291805005,-1.3278761255016012,-1.1795172109575325,,0.8584708659151756,0.5042069069343572,1.0674168375410604,-1.6255517326413849,-0.5750362691843104,0.1783409642972546,-1.0086707155663983,-0.2250845883148732,-0.6246671228701403,0.7229448871458969,0.2959338911350861,0.3404973244657061,-1.039374406856485,-0.9802777300742792,-0.7696255246316106,-0.7420873838682794,1.29616709956952,0.0009699380910094,0.2586668329955829,-0.9144789843850996,-1.4236039473322852,,0.1783409642972546,0.3404973244657061,-1.039374406856485,-1.0840953850321042,0.0,0.0,0.0,0.0,其他,0,0,0.5,1.0,0,0.3975659229208925,0.020444301352221528,-0.07034771410173857,0.13821138211382114,0.7439024390243902,0.7012195121951219,0.39634146341463417,0.21951219512195122,0.33739837398373984,0.5,0.5,0.5,0.5,0.3975659229208925,0.4300202839756592,0.09330628803245436
2026-04-08,63.02,64.58,62.32,63.99,1473961.0,64.122,65.587,65.756,66.61483333333334,-0.0020585758398052,-0.024349337521155,-0.0268568647727963,-0.039403135938192,65.756,70.15961765155107,61.35238234844893,0.2994830455582447,0.1339381243246052,0.030103026400515,-0.0658394160583941,-0.004666355576295,-0.043783622235505,0.0416772225976089,0.0331406620248217,0.032678404010304,40.82941427716284,-0.9427405256538036,-0.5919724007439685,-0.3507681249098352,9039966.0,55.33510914440216,2.9842857142857144,1.0755252892493476,0.308965517237118,0.3166212534042692,-0.0145335208626348,0.030103026400515,0.032678404010304,40.82941427716284,1.0905913806920124,0.0,0.0,0.0,0.5,0.3515633375922508,0.2332919261352533,0.4413929292307667,0.4407158656194795,-0.6058000952445796,0.5006067130485891,0.7498191102577685,0.8271548914310085,,-0.0835772761067607,-0.7020215554844467,-0.7006553844659058,,0.8271548914310085,0.4880901951092838,1.0253969647804548,-0.8642916140711371,-0.5528584951164413,0.8086243643217614,-0.9139289885506998,-0.2537396085648978,-0.6875128887053703,0.8409225148801732,0.2727984513092429,0.2931247151044476,-0.7619672123004523,-0.9972192492210804,-0.8321414874602177,-0.640140878708116,1.34147967121409,-0.1737841292803461,0.1877642384508879,0.3733459258105036,-0.6549436838740113,,0.8086243643217614,0.2931247151044476,-0.7619672123004523,2.006128528090459,0.0,0.0,0.0,0.0,其他,0,0,0.5,1.0,0,0.4056795131845842,-0.0075011720581341645,-0.007188623222378565,0.052845528455284556,0.6443089430894309,0.6483739837398373,0.3434959349593496,0.6199186991869918,0.2703252032520325,0.5,0.5,0.5,0.5,0.4056795131845842,0.4279918864097363,0.3894523326572008
2026-04-09,63.4,63.54,59.38,60.4,3126289.0,62.402,64.95599999999999,65.4755,66.65183333333333,-0.0320823050543251,-0.0701397869326927,-0.0775175447304716,-0.0937983701373554,65.4755,70.48412193464529,60.46687806535471,-0.0066762940212598,0.1529922470126272,-0.0561025160181278,-0.1246376811594203,-0.0945885174636486,-0.0849871231631571,0.0436276210134696,0.0345511296959252,0.0348046624400109,36.38095237901206,-1.244425142046751,-0.7224629490045251,-0.5219621930422258,5913677.0,50.80787006912151,3.170714285714286,2.1053348604017934,0.0,0.1023928770166809,0.0495033112582781,-0.0561025160181278,0.0348046624400109,36.38095237901206,1.121012021349276,0.0,0.0,0.0,0.5,0.4062189077631128,0.1064289583290988,-0.0147624339784671,-0.0875247586423575,-0.2183079614929532,0.2330644430460708,0.644658989038856,0.7720898255031329,,-0.8778898380317719,-1.668019294035455,-1.4743830098779738,,0.7720898255031329,0.5345393725288736,0.8656596624062866,-1.826224619213109,-0.3531513788489591,-1.448084853510025,-1.6471281175387682,-1.2163364715096274,-1.013140107499424,0.9619244595134008,0.3773537810970363,0.4844533248157389,-1.042897520652626,-1.196986133948034,-0.9264193278174958,-0.9472404980240215,1.2122508457000938,-0.4810773756993411,0.3650460349028743,2.682957573940466,-1.5553200520752826,,-1.448084853510025,0.4844533248157389,-1.042897520652626,2.033685710754152,0.0,0.0,0.0,0.0,其他,0,0,0.5,1.0,0,0.8356997971602435,0.056291390728476776,0.003476821192053059,0.02032520325203252,0.4410569105691057,0.709349593495935,0.13821138211382114,0.9634146341463414,0.08333333333333333,0.5,0.5,0.5,0.5,0.8356997971602435,0.7870182555780934,0.42190669371196754
2026-04-10,60.45,62.66,60.02,62.14,1807439.0,62.08,64.49,65.301,66.71116666666667,0.0009664948453609,-0.0364397581020312,-0.0484066093934243,-0.0685217617240492,65.301,70.52548849170896,60.07651150829105,0.1974823463544684,0.1600125110396763,0.0288079470198676,-0.0252549019607842,-0.069760479041916,-0.0531769008075574,0.0380848437826637,0.0365290206414932,0.0355546983641502,40.40801717764598,-1.3278031318065189,-0.843530985564924,-0.4842721462415948,7721116.0,51.6284524197073,3.2207142857142856,1.1800724317974278,0.2023255813929964,0.1992209237607165,0.0315416800772447,0.0288079470198676,0.0355546983641502,40.40801717764598,-0.4218579920154535,0.0,0.0,0.0,0.5,-0.0300998462074921,-0.0009617549987313,0.0845935129171797,0.1688832214793295,-0.5259356598050943,0.1823986382538203,0.5666369385522684,0.7365622433210863,,0.0023482708058857,-0.9406498900968252,-1.0153808267587707,,0.7365622433210863,0.5384353440620252,0.7930924584894777,-1.1625212941881564,-0.2788396589916581,0.776915143152959,-0.3808465000506312,-0.9426120993794186,-0.7523239309226362,0.5990827771132836,0.5241877185067986,0.5504128257330672,-0.7781386297382547,-1.244988218170709,-1.0125879258902415,-0.8737958524705125,1.2715808868191134,-0.4232766268719529,0.4115355759359263,0.5815456130432,-0.9505392666033056,,0.776915143152959,0.5504128257330672,-0.7781386297382547,-0.9687065433372128,0.0,0.0,0.0,0.0,其他,0,0,0.5,1.0,0,0.7667342799188641,0.008046346958480832,-0.041680077244930835,0.17073170731707318,0.6117886178861789,0.733739837398374,0.14634146341463414,0.8211382113821138,0.1443089430894309,0.5,0.5,0.5,0.5,0.7667342799188641,0.59026369168357,0.23732251521298176
2026-04-13,61.99,62.55,60.2,61.6,1301317.0,62.05,64.025,65.11949999999999,66.75416666666666,-0.007252215954875,-0.0378758297540023,-0.0540467908998071,-0.0772111603520379,65.11949999999999,70.60030084428689,59.63869915571309,0.1789246590042997,0.1683305567235156,-0.0086900547151592,-0.0024291497975708,-0.070188679245283,-0.0556492411467116,0.0353376563689393,0.0365315901895349,0.0355747200493275,48.62187768871358,-1.4210729343549886,-0.959039375322937,-0.4620335590320515,6419799.0,52.98907580863503,2.9671428571428566,0.835668670209591,0.139534883719308,0.1691708402884297,0.0165584415584414,-0.0086900547151592,0.0355747200493275,48.62187768871358,-0.2800216217532099,0.0,0.0,0.0,0.5,0.1977970851730639,-0.0143838261286497,0.1123560770525906,0.0886511658948119,-0.6423228900071298,0.177164675526299,0.4890780727296448,0.7000521067327781,,-0.2165429078382131,-0.9655343160651466,-1.0948271193924528,,0.7000521067327781,0.5473571734121045,0.7129015734471055,-1.2118236878829889,-0.1910536855362152,-0.2078679609194108,-0.0892770286427585,-0.9416020487399522,-0.7681881882449496,0.4186324693070191,0.5222862453172712,0.5498328244500688,-0.2448807669345162,-1.298816172370341,-1.0934907571004016,-0.8289928216683736,1.212759444119008,-0.3286921854543201,0.1666782922674183,-0.2007276169306416,-1.1277395268934178,,-0.2078679609194108,0.5498328244500688,-0.2448807669345162,-0.68908955341396,0.0,0.0,0.0,0.0,其他,0,0,0.5,1.0,0,0.6052631578947368,-0.08474025974025967,-0.025974025974025983,0.15415821501014199,0.5436105476673428,0.7342799188640974,0.1724137931034483,0.5740365111561866,0.09330628803245436,0.5,0.5,0.5,0.5,0.6052631578947368,0.07692307692307693,0.3765182186234818
2026-04-14,62.04,63.66,61.18,63.2,1436019.0,62.266,63.645,65.05199999999999,66.81683333333334,0.0150001606012912,-0.0069919082410244,-0.0284695320666542,-0.0541305708890723,65.05199999999999,70.59522953558749,59.508770464412486,0.3329493674992663,0.1704245691317402,0.0259740259740259,0.0173857050869286,-0.0567164179104476,-0.0209140201394266,0.0372592547291451,0.0376097731245732,0.0360619091461075,47.60649977748576,-1.350317914512246,-1.037295083160799,-0.3130228313514469,7855818.0,54.13215474772267,2.9507142857142847,0.9026596867774614,0.3255813953450518,0.2582081246507613,0.0030063291139239,0.0259740259740259,0.0360619091461075,47.60649977748576,0.1035120574003105,0.0,0.0,0.0,0.5,0.204610923466097,0.1215297802953343,0.264955944348434,0.3252385527315647,-0.6081161638889704,0.2103057900215889,0.4255363432086299,0.6844086443597693,,0.3784005149919043,-0.3027137245791736,-0.6945873033724306,,0.6844086443597693,0.5442468354997,0.6867721482042431,-0.715911217771445,-0.1684758860476013,0.702587634707298,0.1638580417409078,-0.792004373894222,-0.4849612456900148,0.5419907496510981,0.6012921627875124,0.5917934646177774,-0.3098172432909012,-1.2407596981050346,-1.1452547765063934,-0.5543062498001401,1.2580083170471448,-0.2491422983585951,0.1503110654978716,-0.0477788824671038,-0.5750650856606229,,0.702587634707298,0.5917934646177774,-0.3098172432909012,0.0597935803025727,0.0,0.0,0.0,0.0,其他,0,0,0.5,1.0,0,0.5364372469635628,-0.15379746835443042,-0.0715189873417722,0.3975659229208925,0.6957403651115619,0.7363083164300203,0.2515212981744422,0.5699797160243407,0.16835699797160245,0.5,0.5,0.5,0.5,0.5364372469635628,0.020242914979757085,0.2732793522267207
2026-04-15,63.2,63.5,62.15,63.06,1209679.0,62.08,63.101,64.8065,66.882,0.0157860824742268,-0.000649751984913,-0.0269494572303703,-0.0571454202924553,64.8065,70.23940278134792,59.37359721865208,0.3392664041375859,0.1676653663240427,-0.0022151898734177,-0.0145335208626348,-0.0794160583941605,-0.0722377519493894,0.0342876445711141,0.0363917991125423,0.0338007915565862,41.09321620021816,-1.2906628995706058,-1.0879686464427605,-0.2026942531278452,6646139.0,53.903010914972015,2.822857142857142,0.8031606983682184,0.3093023255777992,0.2504173622690572,0.0071360608943862,-0.0022151898734177,0.0338007915565862,41.09321620021816,-0.1576162989486907,0.0,0.0,0.0,0.5,0.3764594284279543,0.1015293823332718,0.4158158093531858,0.3034206082718939,-0.658789584966544,0.1805561946337506,0.3354285657136484,0.6366411360839621,,0.3981319049108241,-0.1658982388026955,-0.6677729103147645,,0.6366411360839621,0.4882554926714055,0.6599151329042635,-0.6923017210712442,-0.1968930773946257,-0.0413388753642495,-0.2451662603318861,-1.0308526806231668,-0.8961675884775269,0.3463443582003044,0.5069739585121582,0.3827357419674964,-0.7309616026537054,-1.191264732814176,-1.1755534864170782,-0.3509411235893782,1.2031064180296704,-0.264074324192148,0.0262641887519805,-0.2745001072340635,-0.6204714340608709,,-0.0413388753642495,0.3827357419674964,-0.7309616026537054,-0.4501279640463024,0.0,0.0,0.0,0.0,其他,0,0,0.5,1.0,0,0.5323886639676113,-0.11988582302568984,-0.09054868379321279,0.4056795131845842,0.3204868154158215,0.6937119675456389,0.23935091277890466,0.43610547667342797,0.2332657200811359,0.5,0.5,0.5,0.5,0.5323886639676113,0.044534412955465584,0.20850202429149797
2026-04-16,62.9,63.83,62.18,63.39,1387869.0,62.678,62.540000000000006,64.562,66.9625,0.0113596477232842,0.013591301566997,-0.0181530931507697,-0.0533507560201605,64.562,69.7722877989001,59.35171220109989,0.3875302051178289,0.1614041634054716,0.0052331113225498,0.0495033112582781,-0.0813043478260869,-0.0716168717047451,0.0168077522026405,0.0363033832076904,0.0338092323590469,41.77520501406247,-1.2028914851836063,-1.1109532141909295,-0.0919382709926766,8034008.0,55.22784605886664,2.7628571428571425,0.9559111517939748,0.3476744186006086,0.2302284710004087,0.0064678971446598,0.0052331113225498,0.0338092323590469,41.77520501406247,0.1473035408567067,0.0,0.0,0.0,0.5,0.3305113368456048,0.1418610530770106,0.419103446154511,0.3515482645826028,-0.6141754687472661,0.27380892327312,0.2426513587049351,0.5893197950449549,,0.2780239146622388,0.1406244604796995,-0.5286015229480521,,0.5893197950449549,0.415594865357059,0.6530091598455017,-0.5352635519444601,-0.2621984963048162,0.1553758720659726,0.5770359106984397,-1.0444634971505715,-0.8858814376527946,-0.796770414559212,0.4983315945512365,0.3820716481061719,-0.6832588755420362,-1.123593555039102,-1.1846596724071885,-0.1469840402326326,1.246654744964508,-0.1717485019300513,-0.0319942625176282,0.0758776249430166,-0.5044483590381524,,0.1553758720659726,0.3820716481061719,-0.6832588755420362,0.1481411796461043,0.0,0.0,0.0,0.0,其他,0,0,0.5,1.0,0,0.7044534412955465,-0.1004890361255718,-0.09670294999211237,0.8356997971602435,0.2515212981744422,0.6734279918864098,0.1724137931034483,0.6288032454361054,0.2028397565922921,0.5,0.5,0.5,0.5,0.7044534412955465,0.07692307692307693,0.21052631578947367
2026-04-17,63.22,64.87,62.31,64.1,917540.0,63.07000000000001,62.575,64.3895,67.03983333333333,0.016331060726177,0.0243707550938871,-0.0044960746705596,-0.0438520382160855,64.3895,69.40817868960272,59.37082131039728,0.4711577470931856,0.1558850026664262,0.0112005048114842,0.0315416800772447,0.0054901960784312,-0.0510732790525536,0.0133175701113068,0.0274947633132406,0.0339064888116207,44.85399712480632,-1.0637784505861347,-1.1015182614699708,0.037739810883836,8951548.0,58.87601756293126,2.7864285714285706,0.6382160611147142,0.4302325581345316,0.2534534534519307,-0.0227769110764429,0.0112005048114842,0.0339064888116207,44.85399712480632,-0.338885730569672,0.0,0.0,0.0,0.5,0.3772646064963681,0.2698244080413127,0.4381013397218692,0.4562442332056473,-0.7224314187078844,0.334582535127662,0.2476064991484434,0.555336623158099,,0.410867948369466,0.3723853235454788,-0.3143408379445127,,0.555336623158099,0.3587333639364705,0.6533361461758694,-0.265516829448559,-0.3196070284609379,0.3128082880585524,0.3441578437040362,-0.1058647833968896,-0.715349598755404,-1.019798934799627,-0.1720307337731905,0.3895846112779145,-0.4800141283310978,-1.022155933295965,-1.169401078352576,0.0917252728349397,1.2718376188298617,0.0814816489645161,-0.0089667104640615,-0.6527281119521775,-0.2577870852196701,,0.3128082880585524,0.3895846112779145,-0.4800141283310978,-0.8053685090829465,0.0,0.0,0.0,0.0,其他,0,0,0.5,1.0,0,0.3595959595959596,-0.1174726989079562,-0.11326053042121675,0.7672064777327935,0.30364372469635625,0.680161943319838,0.340080971659919,0.22874493927125505,0.3724696356275304,0.5,0.5,0.5,0.5,0.3595959595959596,0.03434343434343434,0.1717171717171717
2026-04-20,64.15,64.68,62.25,62.62,1352609.0,63.274,62.662,64.1455,67.0855,-0.0103359989885261,-0.0006702626791357,-0.0237818709028693,-0.0665643097241579,64.1455,68.99923637954348,59.291763620456514,0.3428530228316845,0.151335210717382,-0.0230889235569422,0.0165584415584414,0.0140890688259109,-0.0722962962962963,0.0180761314029957,0.0265222399337181,0.0342275884329037,39.870490284189685,-1.060726435172889,-1.0933598962105544,0.0326334610376657,7598939.0,52.33485396077467,2.6721428571428567,0.9392910302643652,0.2581395348807191,0.1376317420946209,-0.0996486745448738,-0.0230889235569422,0.0342275884329037,39.870490284189685,0.4741689735597358,0.0,0.0,0.0,0.5,0.5152347796515356,0.2454825372082884,0.4271603326609298,0.233460595156648,-0.6167400116906793,0.3656481759806132,0.2611104741490526,0.5084442133252542,,-0.3101346843465846,-0.1699141583831129,-0.6134823985179689,,0.5084442133252542,0.295134422304413,0.6364842052308931,-0.6760242510543818,-0.3666750222730597,-0.5976146465683638,0.1498863652338096,-0.0125855047992601,-0.8829851707688224,-0.7041113274140014,-0.2455322276285422,0.4177228199515084,-0.8026711205009316,-1.014100826161703,-1.1553736143917686,0.0820507964972455,1.2117438811462276,-0.3731239410856275,-0.1204531214928619,0.0418039635353119,-0.7677048496005974,,-0.5976146465683638,0.4177228199515084,-0.8026711205009316,0.7935562932726565,0.0,0.0,0.0,0.0,其他,0,0,0.5,1.0,0,0.0444444444444444,-0.09182369849888217,-0.11625678696901942,0.6052631578947368,0.11538461538461539,0.708502024291498,0.2145748987854251,0.5323886639676113,0.16194331983805668,0.5,0.5,0.5,0.5,0.044444444444444446,0.06666666666666667,0.24242424242424243
2026-04-21,62.33,63.59,62.33,63.39,861754.0,63.312,62.789,64.203,67.09700000000001,0.0012319939347991,0.0095717402729778,-0.0126629596747815,-0.0552483717602874,64.203,68.98845647605421,59.4175435239458,0.4150551254504505,0.1490726749854914,0.0122963909294155,0.0030063291139239,0.0204443013522215,0.0184768637532133,0.0144887551207121,0.0267093027710929,0.0294720278742615,37.76926758961814,-0.9848227812119744,-1.0716524732108386,0.086829691998864,8460693.0,45.90493424956876,2.545714285714286,0.6188205080939803,0.3476744186006086,0.1853688778661788,-0.1563338065941001,0.0122963909294155,0.0294720278742615,37.76926758961814,-0.3628949681689238,0.0,0.0,0.0,0.5,0.2402461750773776,0.1094401440919251,0.4383460863755347,0.348201709006665,-0.7302087776163995,0.3704451528337757,0.281202433626792,0.5169281397753269,,0.0038946339667324,0.0526093011807943,-0.4374155757182668,,0.5169281397753269,0.2924629761038044,0.6557114935054293,-0.4411174879382613,-0.3893783772278671,0.3449854909701103,-0.025855901937901,0.0563680227239847,-0.1430011681316308,-0.9349006832572364,-0.2304654806828001,-0.023744132290604,-0.9351506748171776,-0.9568141688567036,-1.1314703903592482,0.1819672458546662,1.2354176143553277,-0.8182626949947482,-0.2437904401000343,-0.696689134656125,-0.497998173742948,,0.3449854909701103,-0.023744132290604,-0.9351506748171776,-0.8539511175037424,0.0,0.0,0.0,0.0,其他,0,0,0.5,1.0,0,0.0202020202020202,-0.08897302413629915,-0.13519482568228425,0.5364372469635628,0.2834008097165992,0.6497975708502024,0.12348178137651822,0.145748987854251,0.29554655870445345,0.5,0.5,0.5,0.5,0.020202020202020204,0.05454545454545454,0.14545454545454545
2026-04-22,62.98,63.87,62.64,63.51,674629.0,63.402,62.741,64.164,67.11,0.0017034162960158,0.0122567380182017,-0.0101926313820834,-0.0536432722396066,64.164,68.95917476768368,59.368825232316325,0.431806447968204,0.1494662043412568,0.0018930430667296,0.0071360608943862,-0.0075011720581341,-0.0121325244983668,0.0143993696256276,0.0248796728369567,0.028522393027271,36.61628473665223,-0.904558415611298,-1.0382336616909305,0.1336752460796324,9135322.0,43.72720268331672,2.495714285714285,0.4881810062044661,0.3616279069725391,0.1928084314929149,-0.1261218705715635,0.0018930430667296,0.028522393027271,36.61628473665223,-0.2171443358545478,0.0,0.0,0.0,0.5,0.337395728866627,0.1439879925873629,0.4858887307762221,0.3651269875466064,-0.7712374897174864,0.3834822074047027,0.2723654289165696,0.5076912609629219,,0.0166818886817652,0.1108284255997664,-0.3971029795633892,,0.5076912609629219,0.286967625118427,0.644164529094383,-0.3854580280919306,-0.3837646449344286,0.0666330323533894,0.0277990369501477,-0.2477259213384201,-0.3917183605583457,-0.9356116255503546,-0.3697820834782571,-0.1118407554258297,-1.0046168592724938,-0.8971724095469994,-1.0991959493589916,0.2682215354402469,1.251736190381857,-0.9648529870370064,-0.2920549352665705,-0.9932516879027096,-0.4544267688948964,,0.0666330323533894,-0.1118407554258297,-1.0046168592724938,-0.5639888732541237,0.0,0.0,0.0,0.0,其他,0,0,0.5,1.0,0,0.0303643724696356,0.0003149110376319264,-0.14281215556605265,0.5334685598377282,0.3184584178498986,0.6531440162271805,0.1359026369168357,0.06693711967545639,0.34279918864097364,0.5,0.5,0.5,0.5,0.030364372469635626,0.3805668016194332,0.1437246963562753
2026-04-23,63.25,64.0,62.08,63.8,1133570.0,63.484,63.081,64.01849999999999,67.08616666666667,0.0049776321592842,0.0113980437849747,-0.0034130759077453,-0.0489842665030297,64.01849999999999,68.66261466833346,59.37438533166652,0.476475602385799,0.1450866442770829,0.004566210045662,0.0064678971446598,0.0562913907284767,-0.0436216459301453,0.0143592571057736,0.0153955225898863,0.027137131718015,50.16077169966397,-0.8082309928359948,-0.9922331279199432,0.1840021350839485,10268892.0,47.80884382525704,2.22,0.8237855028445734,0.395348837204705,0.2107873527575275,-0.1062695924764889,0.004566210045662,0.027137131718015,50.16077169966397,0.680286498208645,0.0,0.0,0.0,0.5,0.3770800569204474,0.1598048539776922,0.3954302215627963,0.4076366890111628,-0.6591871001484754,0.3952371084446477,0.3278358269202641,0.478903761931626,,0.1057838548777748,0.091770979123105,-0.2892103171615733,,0.478903761931626,0.2403879582488304,0.6422689126903257,-0.2396012478202641,-0.4291422409683807,0.1379139219054754,0.0190239721826755,0.4486239452443652,-0.6468462211492935,-0.9331377971057244,-1.0931698870394957,-0.2404820713221483,-0.1148418197180271,-0.827159648818391,-1.057986026607158,0.3608594230904838,1.2848673863083104,-0.6762252208247408,-0.5620677278773492,-0.2143772905107854,-0.3518457369531731,,0.1379139219054754,-0.2404820713221483,-0.1148418197180271,1.2032981797669815,0.0,0.0,0.0,0.0,其他,0,0,0.5,1.0,0,0.0323232323232323,-0.04999999999999993,-0.15391849529780566,0.7044534412955465,0.2854251012145749,0.6174089068825911,0.45546558704453444,0.2874493927125506,0.48380566801619435,0.5,0.5,0.5,0.5,0.03232323232323232,0.15555555555555556,0.11313131313131314
2026-04-24,63.43,65.56,62.55,62.64,1622917.0,63.19199999999999,63.13100000000001,63.810500000000005,67.01716666666667,-0.0087352829472083,-0.0077774785762938,-0.0183433760901419,-0.0653141110610963,63.810500000000005,68.30014410733466,59.32085589266536,0.369644455990983,0.140718035662708,-0.018181818181818,-0.0227769110764429,0.0080463469584808,-0.0622754491017963,0.0153127895456457,0.0146785776191815,0.0273657103265735,53.02515295212542,-0.8160856956602345,-0.9570036414680017,0.1409179458077671,8645975.0,55.75129232503383,2.2264285714285714,1.1413829845554826,0.2604651162760413,0.1388716676990771,-0.0969029374201788,-0.018181818181818,0.0273657103265735,53.02515295212542,0.4316866183826318,0.0,0.0,0.0,0.5,0.4030971647984364,0.3545780967809078,0.4688369361286158,0.2311213844866395,-0.5404188888284741,0.3474376390678914,0.3350716494729744,0.4386768994844288,,-0.2689345085025866,-0.3278359485811329,-0.523222962608812,,0.4386768994844288,0.1836737378082879,0.6299706438508508,-0.5850857770155417,-0.4743043799021312,-0.472146599180555,-0.362567759929738,-0.0802676157306585,-0.795864406292199,-0.8659360300180552,-1.140471990403686,-0.2183336395804448,0.073600497026202,-0.8286009943982204,-1.025370515888513,0.2795212531818245,1.2150474591437457,-0.1191666196403854,-0.5535088990387173,0.5221881470283988,-0.7545536103053739,,-0.472146599180555,-0.2183336395804448,0.073600497026202,0.7090138417141336,0.0,0.0,0.0,0.0,其他,0,0,0.5,1.0,0,0.0304878048780487,-0.04932950191570884,-0.16778416347381864,0.35845213849287166,0.20570264765784113,0.6415478615071283,0.3727087576374745,0.7270875763747454,0.3625254582484725,0.5,0.5,0.5,0.5,0.03048780487804878,0.1443089430894309,0.11585365853658537
2026-04-27,61.8,62.19,56.38,56.38,3701081.0,61.944,62.609,63.31699999999999,66.80866666666667,-0.0898230659950922,-0.0994904885879026,-0.1095598338518879,-0.1560975122988035,63.31699999999999,68.74859606280435,57.88540393719564,-0.1385784141323401,0.1715683327635793,-0.0999361430395913,-0.0996486745448738,-0.0847402597402596,-0.1489811320754717,0.0461488686185506,0.0352487789074681,0.0349480592653224,36.067961162597335,-1.3123122786728771,-1.0280653689089767,-0.2842469097639004,4944894.0,48.70965825188702,2.586428571428572,2.353728379012058,0.0,0.0,0.0086910251862362,-0.0999361430395913,0.0349480592653224,36.067961162597335,1.2805115726805498,0.0,0.0,0.0,0.5,0.1545392976417046,-0.069459254635727,-0.5162888232358528,-0.7172636386563495,-0.0432667753394977,0.1469900575650365,0.2470148932085655,0.3456982928250505,1.6427890765749755,-2.4451348565367503,-2.301227120496616,-1.939449703144802,-2.2710789385140533,0.3456982928250505,0.2524776564402932,0.3728575619376613,-2.2023043827509947,-0.1411865530914855,-2.6155411909001662,-1.359977977473177,-1.0937720402546989,-1.4931566851477531,1.1582772731225612,0.440231556850354,0.4926131479913948,-1.0401234260456085,-1.1617667774182816,-1.072622160012757,-0.5150442687120615,1.0690550720826897,-0.6116702625709548,-0.1958857084173547,3.226118288708946,-1.5243695734080556,-1.7543102424276564,-2.6155411909001662,0.4926131479913948,-1.0401234260456085,2.34457912827616,0.0,0.0,0.0,0.0,其他,0,0,0.5,1.0,0,0.4412955465587044,0.06420716566158213,-0.0989712664065272,0.04259634888438134,0.05070993914807302,0.8073022312373225,0.09127789046653144,0.949290060851927,0.02636916835699797,0.5,0.5,0.5,0.5,0.44129554655870445,0.7813765182186235,0.3582995951417004
2026-04-28,55.96,55.96,52.32,53.48,3695839.0,59.962,61.637,62.641,66.5675,-0.1081017978052767,-0.1323393416292162,-0.1462460688686323,-0.1966049498629211,62.641,69.35623295829774,55.92576704170226,-0.1821058969117308,0.2144037597831139,-0.0514366796736431,-0.1563338065941001,-0.1537974683544304,-0.2017910447761194,0.0437834329310574,0.0354033674059714,0.0359780949138673,25.70503929560853,-1.9174774816051323,-1.205947791448208,-0.7115296901569246,1249055.0,38.81514623899786,2.700714285714286,2.19616278113824,0.0,0.0,0.0798429319371727,-0.0514366796736431,0.0359780949138673,25.70503929560853,-0.0014163429549366,0.0,0.0,0.0,0.5,-0.7337147656616775,-0.8518146657457666,-1.1594385361047148,-1.1511106480906903,-0.0444006230580213,-0.1710655532573553,0.0837819190694178,0.2189312418991552,1.5428533112609748,-2.8616197223499094,-2.928412325704348,-2.4598492396654748,-2.6910380169194923,0.2189312418991552,0.3459170243954411,0.0226477593708091,-2.296327439079854,0.3210515919772447,-1.320271452524049,-2.069839282744641,-1.829050450809301,-1.8975503114744288,0.996826694157408,0.4505547621612707,0.5872118131184196,-1.704245361498376,-1.5618779618833938,-1.1989165019554406,-1.3070956621713838,0.924975877542281,-1.2980215606763057,-0.0819704216091442,2.7901992716204163,-1.5087410509823385,-1.7251233189073218,-1.320271452524049,0.5872118131184196,-1.704245361498376,-0.1589286103370506,0.0,0.0,0.0,0.0,其他,0,0,0.5,1.0,0,0.7858585858585858,0.09723261032161568,-0.03515332834704554,0.018218623481781375,0.012145748987854251,0.8238866396761133,0.08906882591093117,0.9331983805668016,0.010121457489878543,0.5,0.5,0.5,0.5,0.7858585858585858,0.8444444444444444,0.6181818181818182
2026-04-29,52.68,56.2,52.5,55.5,2549762.0,58.36,60.88100000000001,61.991,66.36266666666667,-0.049006168608636,-0.088385539002316,-0.1047087480440709,-0.1636864100297356,61.991,68.83380921075066,55.14819078924934,0.0257064898284293,0.2207678279343653,0.037771129394166,-0.1261218705715635,-0.1198858230256898,-0.1897810218978102,0.052854052223688,0.0391852657454731,0.0368730228604997,37.78664007712356,-2.2086186921092974,-1.406481971580426,-0.8021367205288714,3798817.0,50.08422556901891,2.635714285714286,1.4801241980751247,0.1301546391744192,0.0876355748369301,0.1446846846846847,0.037771129394166,0.0368730228604997,37.78664007712356,-0.3100992765106921,0.0,0.0,0.0,0.5,-1.2264283986764124,-0.8177031870859625,-1.123522063640069,-0.8399855856499158,-0.3190761500233519,-0.427831454144503,-0.0432315943912809,0.0970601978230258,1.4580229845279906,-1.286364606731328,-1.9673149729441897,-1.7939036896593477,-2.225319076528879,0.0970601978230258,0.2634529633667163,-0.1163587419150743,-1.6171558168814522,0.3887015891173655,1.0323292632879242,-1.660140621910742,-1.445603174955996,-1.7765752713675909,1.5780495580713592,0.7394869293909292,0.6687087794187178,-0.9059802265041764,-1.7410769773020618,-1.339873539942008,-1.463917290654595,1.0153549565849584,-0.5040612120899299,-0.1463692951728818,1.197870198148297,-1.111508157281074,-1.3813882563273685,1.0323292632879242,0.6687087794187178,-0.9059802265041764,-0.7601811534736918,0.0,0.0,0.0,0.0,其他,0,0,0.5,1.0,0,0.916155419222904,0.03333333333333344,-0.10036036036036033,0.02459016393442623,0.018442622950819672,0.8504098360655737,0.19672131147540983,0.7848360655737705,0.02663934426229508,0.5,0.5,0.5,0.5,0.9161554192229039,0.7525562372188139,0.3067484662576687
2026-04-30,55.25,58.84,55.0,57.02,3084973.0,57.004,60.24400000000001,61.392,66.14066666666666,0.0002806820573995,-0.0535157028085785,-0.0712144904873598,-0.1378980153410407,61.392,67.73023684598377,55.053763154016224,0.1551091331664401,0.2064841297228775,0.0273873873873875,-0.1062695924764889,-0.1004890361255718,-0.173623188405797,0.0569222282406196,0.0408564786406396,0.037629121501191,37.09677419093067,-2.2902978626228645,-1.583245149788914,-0.7070527128339505,6883790.0,52.25441575988169,2.7214285714285724,1.7057596376746826,0.3333333333301952,0.1535791757043231,0.0629603647842862,0.0273873873873875,0.037629121501191,37.09677419093067,0.2099062579174055,0.0,0.0,0.0,0.5,-0.830330099425656,-0.4822404565084867,-0.720471969819649,-0.6063950165830905,-0.1894896713568316,-0.6443187103340383,-0.150228722066069,-0.0152698633688065,1.3707566252972236,0.0167515879286039,-1.224868537115319,-1.2695052816818733,-1.8747042177322155,-0.0152698633688065,0.0903120070846805,-0.1329213080822835,-1.1987327977247946,0.2326026432074822,0.7545597985634461,-1.3923770828077058,-1.2255367626652602,-1.6275869317369225,1.8219905109242391,0.8644024376798364,0.7367102670668717,-0.94595652248132,-1.7758987039989256,-1.4603051891106025,-1.2770360556441491,1.1245773190564643,-0.3500195888907712,-0.0604308485448779,1.6760794912513488,-0.5020404503399586,-1.1258009846965995,0.7545597985634461,0.7367102670668717,-0.94595652248132,0.2587624989685423,0.0,0.0,0.0,0.0,其他,0,0,0.5,1.0,0,0.7865853658536586,0.004209049456330938,-0.13960014030164858,0.03054989816700611,0.026476578411405296,0.8655804480651731,0.20570264765784113,0.8553971486761711,0.06924643584521385,0.5,0.5,0.5,0.5,0.7865853658536586,0.6341463414634146,0.19308943089430894
2026-05-06,57.06,57.55,55.88,56.57,2018507.0,55.790000000000006,59.49100000000001,61.033,65.96133333333333,0.0139810001792435,-0.0490998638449514,-0.0731243753379319,-0.1423763416951344,61.033,67.617460494224,54.448539505776,0.161095999897704,0.2157672240988716,-0.0078919677306208,-0.0969029374201788,-0.1174726989079562,-0.1126274509803921,0.0572293126623862,0.0402094967410599,0.0341383028465452,37.26582278216849,-2.3640886609867806,-1.7394138520284876,-0.624674808958293,4865283.0,51.06695611715409,2.672857142857144,1.139853947296013,0.2909604519746618,0.1340563991317395,0.0526780979317658,-0.0078919677306208,0.0341383028465452,37.26582278216849,-0.3456970287908516,0.0,0.0,0.0,0.5,-0.551889186625962,-0.6432140294353248,-0.57736555581537,-0.6723156134696303,-0.4458566253290564,-0.8367627066992709,-0.2767412138002065,-0.082576615184234,1.2993503703548677,0.3788099318871549,-1.124721850499662,-1.2881729730186189,-1.8926964636365264,-0.082576615184234,0.0723710806239641,-0.2412867539111187,-1.1712492824285394,0.3327333291746166,-0.1786149316514314,-1.262588042504268,-1.39793285557483,-1.1303285879348206,1.819475690146128,0.8103918961825081,0.4045598495533215,-0.9297089390732944,-1.8043206933837133,-1.5626609343216409,-1.1165742658119606,1.0425486597593228,-0.4323781376031691,-0.1088490164307438,0.4321001534064592,-0.6263664941195481,-1.1865584965791842,-0.1786149316514314,0.4045598495533215,-0.9297089390732944,-0.8297120102231033,0.0,0.0,0.0,0.0,其他,0,0,0.5,1.0,0,0.7656565656565657,0.004772847799186852,-0.16457486300159097,0.024291497975708502,0.06882591093117409,0.7894736842105263,0.2165991902834008,0.46963562753036436,0.05668016194331984,0.5,0.5,0.5,0.5,0.7656565656565657,0.7191919191919192,0.15757575757575756
2026-05-07,56.95,57.38,56.44,56.87,1348755.0,55.888,58.916,60.789,65.77333333333334,0.0175708559977096,-0.0347274085138162,-0.0644689006234681,-0.1353638759375635,60.789,67.61869645622754,53.959303543772464,0.2130912021391637,0.2247017209105694,0.0053031642213186,0.0086910251862362,-0.0918236984988821,-0.0790283400809717,0.0349573920561321,0.0403152460696577,0.0336504063048788,32.845528452792195,-2.371029171643819,-1.865736915951554,-0.5052922556922652,6214038.0,50.63441315799062,2.5628571428571445,0.7618028738797444,0.319209039545017,0.1470715835134617,0.0550378055213645,0.0053031642213186,0.0336504063048788,32.845528452792195,-0.3318056365422562,0.0,0.0,0.0,0.5,-0.5666836652723788,-0.6621926962795245,-0.4858408064927151,-0.6241500783218656,-0.6058758891376549,-0.8170844089522192,-0.373047022733285,-0.1282407849704089,1.227197358168285,0.472617538985281,-0.8191518016505354,-1.1477028274727687,-1.778338112087226,-0.1282407849704089,0.0723458234088521,-0.3286657603680232,-1.001059912217672,0.4289147735869625,0.1710559938947602,0.0929780125051545,-1.112837872876845,-0.8564969812431197,0.3778078453997125,0.8146716790945392,0.3569913202714733,-1.2114651072587526,-1.7881656963689112,-1.6404113650627237,-0.8898578648011756,1.086836475516631,-0.4613635840263816,-0.218888528127627,-0.3985667624229695,-0.5394296700357316,-1.1279271365357235,0.1710559938947602,0.3569913202714733,-1.2114651072587526,-0.7987826196716196,0.0,0.0,0.0,0.0,其他,0,0,0.5,1.0,0,0.898989898989899,-0.02690346404079469,-0.20010550378055203,0.44129554655870445,0.0728744939271255,0.7894736842105263,0.1417004048582996,0.13157894736842105,0.06680161943319839,0.5,0.5,0.5,0.5,0.898989898989899,0.696969696969697,0.10707070707070707
2026-05-08,56.87,57.88,56.32,57.75,1302934.0,56.742,58.352,60.5705,65.6035,0.0177646188008882,-0.0103166986564299,-0.046565572349576,-0.1197116007530085,60.5705,67.49979243748643,53.64120756251355,0.296479941821249,0.2288008993643771,0.0154738878143134,0.0798429319371727,-0.0889730241362991,-0.0703477141017385,0.017947244767758,0.0405122362464809,0.033858083610849,36.16466909585041,-2.2792472280154783,-1.948438978364339,-0.3308082496511393,7516972.0,50.58790451982,2.5778571428571446,0.7237025967103524,0.4020715630847266,0.1852494576998472,0.0161038961038961,0.0154738878143134,0.033858083610849,36.16466909585041,-0.0339728119636256,0.0,0.0,0.0,0.5,-0.5768659175006426,-0.5964420530653437,-0.5034346766590648,-0.4879406100301568,-0.6147009574081836,-0.6759209012431506,-0.4673194956707069,-0.1690868881663747,1.1624184502748125,0.4761626902072155,-0.3054134585703346,-0.8696504011511015,-1.570693670566901,-0.1690868881663747,0.0533881977515874,-0.3850208022792625,-0.7345271785059445,0.472120025271179,0.4402433457137619,1.003482285329728,-1.0752884878870508,-0.7830214944113153,-0.7219361504485794,0.8259634692329113,0.3754707935629467,-0.9878398158677776,-1.708503776844683,-1.6842001909909323,-0.5626857571414068,1.128867923737608,-0.4630269932900661,-0.2031349594649812,-0.480852616997669,-0.2891381421479603,-0.978926945465023,0.4402433457137619,0.3754707935629467,-0.9878398158677776,-0.2115466034813252,0.0,0.0,0.0,0.0,其他,0,0,0.5,1.0,0,0.8464646464646465,-0.050735930735930745,-0.21333333333333337,0.7834008097165992,0.08704453441295547,0.7935222672064778,0.15587044534412955,0.15587044534412955,0.0951417004048583,0.5,0.5,0.5,0.5,0.8464646464646465,0.5878787878787879,0.08686868686868687
2026-05-11,58.0,63.53,57.76,63.53,3698565.0,58.348,58.354000000000006,60.54749999999999,65.59066666666666,0.0888119558511002,0.088700003427357,0.0492588463602958,-0.0314170715345678,60.54749999999999,67.43191068838226,53.66308931161772,0.7166125856612131,0.2274052830710071,0.10008658008658,0.1446846846846847,0.0003149110376319,-0.0071886232223785,0.0422998455304059,0.0532196930494026,0.0404435318924406,50.28409090623386,-1.7202816073779983,-1.9028075041670711,0.1825258967890726,11215537.0,54.81299699432845,2.872857142857145,1.9347983120024927,0.946327683606909,0.4360086767876964,-0.0972768770659531,0.10008658008658,0.0404435318924406,50.28409090623386,1.8386434002029264,0.0,0.0,0.0,0.5,-0.4020407674503747,0.1226971290749755,-0.2705532920815985,0.3965663218592287,-0.0321778994819613,-0.4138644047053561,-0.4653769611938431,-0.1729217987952444,1.1477330630492095,2.3302864296839263,1.7592435660308416,0.5924391337404256,-0.5279103828536279,-0.1729217987952444,0.0424974583648072,-0.3797405015681436,0.5905337548692621,0.4551336975344929,2.6376741714624155,1.8163206060762007,-0.108841643715328,-0.2749521586863976,0.854896923765847,1.7910694074697888,0.998235868190038,-0.0606701737180243,-1.3276377160771409,-1.6339937612921736,0.3945067659005289,1.2591134293299733,-0.1620245907198207,0.0951642073606452,2.160049116319144,1.341778535769581,-0.0504892152724124,2.6376741714624155,0.998235868190038,-0.0606701737180243,3.3677207571497263,0.0,0.0,0.0,0.0,其他,0,0,0.5,1.0,0,0.105050505050505,-0.14308200849992136,-0.3233118211868409,0.917004048582996,0.3866396761133603,0.9149797570850202,0.39878542510121456,0.8927125506072875,0.694331983805668,0.5,0.5,0.5,0.5,0.10505050505050505,0.09292929292929293,0.024242424242424242
2026-05-12,64.61,65.49,60.5,60.61,4766906.0,59.066,58.035,60.55800000000001,65.472,0.0261402498899536,0.044369776858792,0.0008586809339805,-0.074260752688172,60.55800000000001,67.44210403909246,53.673895960907565,0.503776816827166,0.2273557263806954,-0.045962537383913,0.0629603647842862,-0.0499999999999999,0.003476821192053,0.0537626302491753,0.0552370828821225,0.039755343484043,43.50093109642827,-1.495675583694137,-1.8213811200724843,0.3257055363783474,6448631.0,60.539427243938114,3.046428571428573,2.391064715415052,0.6713747645887822,0.3093275488055995,-0.0552714073585217,-0.045962537383913,0.039755343484043,43.50093109642827,0.2888528388712919,0.0,0.0,0.0,0.5,0.6133038501821524,0.3718193342982017,0.1717217358360862,-0.0517855782262218,0.2276263504202321,-0.2961541243901145,-0.5180074809338187,-0.1704007616047156,1.1006298389147378,0.6754502703021537,0.8273016777744654,-0.1482633089884786,-1.0257377903604246,-0.1704007616047156,0.0439876490879491,-0.3764904458150643,-0.083016329877193,0.4529607145992285,-1.1848451310613437,0.7675474650585631,-0.6521787168364608,-0.1884820130239587,1.5840664479347912,1.9207067449664488,0.9273184075643972,-0.5054786713135055,-1.1714140717273382,-1.5594096776829052,0.6598998488461087,1.0738849777439765,0.2456945726812759,0.2705142191304237,3.0584914468051365,0.5122028287133449,-0.5187148078028863,-1.1848451310613437,0.9273184075643972,-0.5054786713135055,0.3941700835076246,0.0,0.0,0.0,0.0,其他,0,0,0.5,1.0,0,0.2282828282828282,-0.10938788978716385,-0.2913710608810427,0.7854251012145749,0.4251012145748988,0.8927125506072875,0.3016194331983806,0.951417004048583,0.451417004048583,0.5,0.5,0.5,0.5,0.22828282828282828,0.19595959595959597,0.028282828282828285
2026-05-13,61.35,61.71,59.28,59.55,2471430.0,59.662,57.726,60.4285,65.26283333333333,-0.0018772417954476,0.0315975470325329,-0.0145378422433123,-0.087535784788177,60.4285,67.28468667988773,53.57231332011227,0.4359337747744945,0.2269189763067553,-0.0174888632238905,0.0526780979317658,-0.0493295019157088,-0.0416800772449308,0.0548727404601191,0.0552173817588764,0.0393928381503551,44.19220582437121,-1.387215830782388,-1.7345480622144651,0.347332231432077,3977201.0,58.56641481007373,3.046428571428572,1.2193556671116548,0.5715630885068592,0.2633405639901807,-0.0455079764903441,-0.0174888632238905,0.0393928381503551,44.19220582437121,-0.4815442133744613,0.0,0.0,0.0,0.5,0.1102881613068061,-0.1116356498224664,-0.0258615013042396,-0.2144359365624022,-0.3324228943024521,-0.1983714557910327,-0.5687804918456422,-0.1945393540981316,1.026383881901294,-0.0640697812477028,0.557645436642554,-0.3834220451648263,-1.171591279936776,-0.1945393540981316,0.018821080960078,-0.3937096088148361,-0.2974784447000599,0.4465507462472359,-0.4375396010307336,0.633436041057448,-0.6423331948665777,-0.5510374909846346,1.6390746728286874,1.894221899813256,0.887929187759412,-0.4582770021091908,-1.0932325355398762,-1.4828270644155936,0.6976618475303551,0.9760190858260932,0.104274694078,0.2696879625673458,0.5596978797440788,0.2104405244287931,-0.6861823035572112,-0.4375396010307336,0.887929187759412,-0.4582770021091908,-1.0804307917760207,0.0,0.0,0.0,0.0,其他,0,0,0.5,1.0,0,0.4666666666666667,-0.12460117548278749,-0.2772460117548279,0.7651821862348178,0.2388663967611336,0.8825910931174089,0.3299595141700405,0.6923076923076923,0.3340080971659919,0.5,0.5,0.5,0.5,0.4666666666666667,0.23030303030303031,0.05656565656565657
2026-05-14,59.77,61.41,59.75,60.0,2339916.0,60.288,58.088,60.3485,65.07666666666667,-0.0047770700636942,0.0329155763668915,-0.0057747914198365,-0.0780105516570199,60.3485,67.18443993075117,53.51256006924884,0.4745097233461823,0.2265487934493761,0.0075566750629723,0.0550378055213645,0.0642071656615821,-0.0259740259740259,0.0548185257759095,0.0436449086917164,0.0394017907183573,43.50823439062001,-1.2505340929846511,-1.6377452683685023,0.3872111753838512,6317117.0,63.02319334465587,3.089285714285715,1.1256292024096834,0.6139359698623927,0.2828633405627642,-0.0776666666666666,0.0075566750629723,0.0394017907183573,43.50823439062001,-0.053213726466054,0.0,0.0,0.0,0.5,-0.1336476280077041,-0.1497261465510652,0.0503540172690702,-0.144565713554795,-0.3635532548100862,-0.0957249742339035,-0.5049472139271032,-0.2092220839844606,0.960496844943641,-0.1404511658954979,0.5831380660600711,-0.2477227968571161,-1.0506479795969286,-0.2092220839844606,0.0027739537656179,-0.4032776700672403,-0.1741286592327268,0.4409020456309411,0.2193846742934443,0.6611136158254215,0.5914914666654255,-0.4224516870683647,1.6193642144990956,1.0089639498244247,0.884091029913585,-0.5017253207129413,-0.9975676486345294,-1.4008295220661038,0.7692485709752046,1.0578684496843302,0.4225381679412257,0.3124495873667745,0.3583916607242723,0.3375304835390821,-0.6100333086707378,0.2193846742934443,0.884091029913585,-0.5017253207129413,-0.2567181968222409,0.0,0.0,0.0,0.0,其他,0,0,0.5,1.0,0,0.2222222222222222,-0.15333333333333343,-0.2965,0.8987854251012146,0.37449392712550605,0.8785425101214575,0.39271255060728744,0.5931174089068826,0.5161943319838057,0.5,0.5,0.5,0.5,0.2222222222222222,0.06060606060606061,0.028282828282828285
2026-05-15,60.34,60.55,57.9,58.68,1673598.0,60.474,58.60799999999999,60.1225,64.84033333333333,-0.0296656414326819,0.0012285012285013,-0.0239926816083829,-0.0950077369538507,60.1225,66.85965815459278,53.385341845407225,0.3929444754791801,0.2241143716439459,-0.022,0.0161038961038961,0.0972326103216156,-0.0715189873417722,0.0567414009993273,0.0401091600616946,0.0391601418246342,41.15708531462396,-1.234495261892974,-1.5570952670733968,0.322600005180423,4643519.0,59.27726868854075,3.1907142857142863,0.8005188263612752,0.4896421845528286,0.2255965292831862,-0.0657805044308111,-0.022,0.0391601418246342,41.15708531462396,-0.2847615042591273,0.0,0.0,0.0,0.5,-0.0451657384177216,-0.2596376572031622,-0.2502691167857349,-0.347880559153688,-0.5254050594976638,-0.0650460545600409,-0.414258378189938,-0.2518540466763741,0.8799350809502026,-0.7975691607557109,-0.0830679591554849,-0.5270357873865091,-1.238829830898741,-0.2518540466763741,-0.0491999434584162,-0.4251755661527628,-0.4330684574034366,0.4124762749874254,-0.5566332835659291,0.1604795215418424,0.9466691245135458,-0.7881777620041275,1.723757168911476,0.737085851248312,0.8565807546194726,-0.6549033686252784,-0.9818507623568234,-1.3320910393829626,0.6454449225807958,0.989870796359404,0.1527734007814047,0.4148508579040137,-0.3364558963655167,-0.0393855800298636,-0.8191727260015841,-0.5566332835659291,0.8565807546194726,-0.6549033686252784,-0.6999541991546184,0.0,0.0,0.0,0.0,其他,0,0,0.5,1.0,0,0.1497975708502024,-0.12065439672801637,-0.23517382413087928,0.845841784989858,0.26774847870182555,0.8661257606490872,0.3975659229208925,0.2657200811359026,0.4827586206896552,0.5,0.5,0.5,0.5,0.14979757085020243,0.1680161943319838,0.05263157894736842
2026-05-18,58.55,59.11,56.4,57.35,1863914.0,59.238,58.79299999999999,59.837,64.53866666666667,-0.0318714338769032,-0.0245437382001256,-0.0415629125791734,-0.1113854226923395,59.837,66.53384639057394,53.14015360942607,0.3143155856514807,0.2238363016382086,-0.0226653033401499,-0.0972768770659531,0.0333333333333334,-0.0905486837932127,0.0190444914034889,0.0400167724303084,0.0394055651399078,38.62433862243126,-1.3139577286455122,-1.5084677593878202,0.194510030742308,2779605.0,58.28040687273577,3.2471428571428578,0.877816193950569,0.3644067796575861,0.1678958785242175,-0.0507410636442895,-0.0226653033401499,0.0394055651399078,38.62433862243126,0.1137166750916289,0.0,0.0,0.0,0.5,-0.3224599668785555,-0.4439620458005167,-0.4935832850195192,-0.5523588566122554,-0.4770464067051129,-0.2675286383160628,-0.3811980031737002,-0.305878102073235,0.7799123084775808,-0.8522195747503901,-0.6242154944810709,-0.7951055330652548,-1.415065636700225,-0.305878102073235,-0.101339981007223,-0.4686563971808085,-0.6818237965290542,0.4079984430956697,-0.5721729240155634,-1.290649136326089,0.248809056447956,-0.9375459841800278,-0.6766710337206268,0.7269720019806288,0.8755185576523173,-0.819175396397861,-1.0287961863613164,-1.2875922466068723,0.4031941848619499,0.9154915170104092,0.0806737926021931,0.4711022005281089,-0.170049067135738,-0.4189604896626076,-1.0273789100027375,-0.5721729240155634,0.8755185576523173,-0.819175396397861,0.0684527250811922,0.0,0.0,0.0,0.0,其他,0,0,0.5,1.0,0,0.2242424242424242,-0.129380993897123,-0.2066259808195292,0.10323886639676114,0.20850202429149797,0.8643724696356275,0.34210526315789475,0.4939271255060729,0.3724696356275304,0.5,0.5,0.5,0.5,0.22424242424242424,0.09090909090909091,0.08282828282828283
2026-05-19,57.03,57.55,56.61,57.26,941900.0,58.568000000000005,58.81699999999999,59.5305,64.2175,-0.0223330146154897,-0.0264719383851607,-0.038140113051293,-0.1083427414645541,59.5305,66.10261165295773,52.95838834704225,0.3272625207903387,0.2207981338287668,-0.0015693112467306,-0.0552714073585217,0.0042090494563309,-0.0967029499921123,0.0135296012688787,0.039173564008752,0.0393510487896802,40.13929618562335,-1.3684202532654908,-1.4804582581633543,0.1120380048978637,1837705.0,54.6864020932896,3.099285714285714,0.4482986035181992,0.3559322033864792,0.1803435114495213,-0.0572825707300035,-0.0015693112467306,0.0393510487896802,40.13929618562335,-0.4946655264137722,0.0,0.0,0.0,0.5,-0.5573711777299138,-0.6432061490655708,-0.4577816852088969,-0.5644065443759508,-0.7016136710682557,-0.3768348172804215,-0.3758822627366514,-0.363885326706169,0.6746579022196854,-0.5964413508479889,-0.662336657045675,-0.7387707044237493,-1.3644588608337156,-0.363885326706169,-0.1704397173521059,-0.5003885256574782,-0.6377169025469489,0.3728924592172114,-0.0148605274041733,-0.7474276441956174,-0.0695714966203741,-0.981894151373691,-1.023101478908204,0.6601123952212182,0.8658623839406101,-0.7154744504365881,-1.0588968080954295,-1.2586514786973677,0.2469841129240631,0.8760739107965997,-0.1786628889943111,0.3181529570567344,-1.087595211052414,-0.4432705421536653,-0.973521532574735,-0.0148605274041733,0.8658623839406101,-0.7154744504365881,-1.1016580390343724,0.0,0.0,0.0,0.0,其他,0,0,0.5,1.0,0,0.356997971602434,-0.14320642682500861,-0.22546280125742224,0.22764227642276422,0.20934959349593496,0.8699186991869918,0.32113821138211385,0.042682926829268296,0.3556910569105691,0.5,0.5,0.5,0.5,0.35699797160243407,0.08924949290060852,0.058823529411764705
2026-05-20,57.11,57.38,55.59,56.84,1019277.0,58.026,58.844,59.1675,63.93266666666667,-0.0204391135008443,-0.0340561484603356,-0.0393374741200827,-0.1109396344070323,59.1675,65.47352343628238,52.861476563717616,0.3154542221774805,0.2131583533619545,-0.0073349633251832,-0.0455079764903441,0.0047728477991868,-0.1132605304212167,0.0131115053727562,0.0391597762971485,0.0391838382043354,51.07276119069488,-1.4290000510775729,-1.4701666167461984,0.0411665656686257,818428.0,59.20840371737426,2.78,0.4839545941303668,0.325581395345683,0.1603053435106858,-0.0828641801548205,-0.0073349633251832,0.0391838382043354,51.07276119069488,0.0821499097568743,0.0,0.0,0.0,0.5,-0.5430587202156834,-0.662731444768529,-0.6227624358019367,-0.6275389182773711,-0.6799269504487911,-0.4648928847774295,-0.3700664628624049,-0.4326962739399534,0.5815013972204194,-0.5441267559034083,-0.8190650207382544,-0.7539261752108017,-1.3795562373262276,-0.4326962739399534,-0.2714322953174357,-0.5164284899901712,-0.6728166433865003,0.2865984635432163,-0.1671218525459389,-0.6194573330669333,-0.0632142644150977,-1.109209255578276,-1.0439369380644767,0.6564840440060725,0.8456155870844921,0.0119921140813823,-1.092661124888017,-1.2428918219051872,0.1127077270396437,0.8341010885051923,0.1487544783881569,-0.0108170040117655,-1.005036948448653,-0.5340711046481594,-1.0404498366906705,-0.1671218525459389,0.8456155870844921,0.0119921140813823,0.0131652018785552,0.0,0.0,0.0,0.0,其他,0,0,0.5,1.0,0,0.2226720647773279,-0.1685432793807179,-0.2185080928923293,0.4645030425963489,0.16835699797160245,0.8519269776876268,0.6308316430020284,0.060851926977687626,0.4259634888438134,0.5,0.5,0.5,0.5,0.22267206477732793,0.04251012145748988,0.07489878542510121
2026-05-21,56.85,57.98,55.33,55.34,1183593.0,57.09400000000001,58.69100000000001,58.8035,63.622166666666665,-0.030721266683014,-0.0570956364689646,-0.0588995552985791,-0.1301773752858672,58.8035,65.11086002827734,52.49613997172265,0.2254398048870788,0.2145232861399958,-0.0263898662913441,-0.0776666666666666,-0.0269034640407946,-0.1162567869690194,0.0108593611654108,0.0400576046946231,0.0392697412634207,54.64071855905705,-1.579836036987544,-1.4921005007944677,-0.0877355361930762,-365165.0,63.62453444317546,2.6792857142857143,0.5642361053177041,0.180232558137789,0.0887404580148441,-0.0820383086375137,-0.0263898662913441,0.0392697412634207,54.64071855905705,0.1612083859441544,0.0,0.0,0.0,0.5,-0.581703196040867,-0.5829344327812863,-0.6629883184782105,-0.8576400427546103,-0.6369919629634874,-0.6169627006259507,-0.3953668637195145,-0.5015479203610034,0.4806857483538295,-0.8149207041163496,-1.2974496887558162,-1.0513278972302091,-1.582412572902353,-0.5015479203610034,-0.3292511360291095,-0.5819085543872912,-0.957055186822099,0.3009596691083252,-0.6705689165006419,-1.028469313214308,-0.4103089288150029,-1.126121110604036,-1.1801106593883854,0.722106675077544,0.8496251363134527,0.249334418676774,-1.1848647645264403,-1.250443626446341,-0.1312643110958134,0.7863099500816901,0.4682170222034879,-0.1145663494878733,-0.8283307807353794,-0.9738334748653926,-1.2955410756080723,-0.6705689165006419,0.8496251363134527,0.249334418676774,0.1659281004082624,0.0,0.0,0.0,0.0,其他,0,0,0.5,1.0,0,0.0585858585858585,-0.177990603541742,-0.2029273581496206,0.22064777327935223,0.2388663967611336,0.8441295546558705,0.7591093117408907,0.0465587044534413,0.4291497975708502,0.5,0.5,0.5,0.5,0.05858585858585859,0.03232323232323232,0.08282828282828283
2026-05-22,55.4,55.71,54.45,54.82,1030434.0,56.322,58.398,58.375,63.3425,-0.0266680870707717,-0.0612692215486831,-0.060899357601713,-0.134546315664838,58.375,64.53306360542142,52.21693639457858,0.2113540694114141,0.2109829072517642,-0.0093964582580412,-0.0657805044308111,-0.0507359307359307,-0.1351948256822842,0.0105751519098164,0.0396198067463443,0.0390534619639404,48.16612728870375,-1.7214900182663229,-1.537978404288839,-0.1835116139774839,-1395599.0,58.50799246501046,2.5049999999999994,0.4892558608819514,0.1298449612390522,0.0639312977096188,-0.0587376869755563,-0.0093964582580412,0.0390534619639404,48.16612728870375,-0.1294017453634822,0.0,0.0,0.0,0.5,-0.8054066940637526,-0.8737266718711675,-0.8042883574722225,-0.9342835873545546,-0.6723990597773875,-0.7419728418576459,-0.44486845000741,-0.5826708837428738,0.3899507145737593,-0.7038977621428967,-1.3748409363222285,-1.0757169085038985,-1.6111571901433286,-0.5826708837428738,-0.4218576857790338,-0.631238484260294,-0.9966779071231464,0.2603837140269295,-0.2180988439091854,-0.8711759497084258,-0.6703965217143075,-1.2701683820177394,-1.1905738731228948,0.6858651534246744,0.8248755137598278,-0.1832953547994233,-1.2697189299736753,-1.274982361069671,-0.3123792419742203,0.7445536766347052,0.0951843798531799,-0.2942758245758214,-0.9842119683637972,-1.120939368721029,-1.3734177987414495,-0.2180988439091854,0.8248755137598278,-0.1832953547994233,-0.3974778630952483,0.0,0.0,0.0,0.0,其他,0,0,0.5,1.0,0,0.3333333333333333,-0.17128785114921563,-0.20102152499087933,0.14777327935222673,0.145748987854251,0.8360323886639676,0.6659919028340081,0.0728744939271255,0.31781376518218624,0.5,0.5,0.5,0.5,0.3333333333333333,0.04040404040404041,0.09292929292929293
2026-05-25,55.0,55.0,53.53,54.44,849296.0,55.74,57.489,57.9215,63.054,-0.0233225690706853,-0.0530362330184904,-0.0601072140742212,-0.1366130618200273,57.9215,63.81763709402804,52.02536290597197,0.2047643275165061,0.2035906215832758,-0.0069317767238235,-0.0507410636442895,-0.1430820084999213,-0.1428121555660526,0.0094347560436258,0.0150787506341656,0.0390033357904392,42.58620689312524,-1.8431677435510776,-1.5990162721412868,-0.244151471409791,-2244895.0,52.13413662695046,2.335714285714285,0.4015852882061817,0.0930232558130521,0.0458015267173387,-0.0828434974283615,-0.0069317767238235,0.0390033357904392,42.58620689312524,-0.175788065999375,0.0,0.0,0.0,0.5,-0.8642441504975367,-0.9612262476913528,-0.9510640514232336,-0.9885881807859852,-0.7145445279421521,-0.8349001090294669,-0.6010408721649038,-0.6683051348456934,0.2965878297938197,-0.6122256108678761,-1.193426604390685,-1.0570434353097231,-1.6132146458444296,-0.6683051348456934,-0.5365903234688206,-0.6641594991370782,-1.012040236503847,0.1765739373350488,-0.1519984028876173,-0.6745871311247601,-1.672538082318808,-1.321411736981951,-1.2546377597154803,-1.187201894294323,0.8161721137425098,-0.5556007113485172,-1.3401887878879728,-1.3099243763607986,-0.4265887175787553,0.7098236415896707,-0.3693163732475684,-0.4685634388919459,-1.1651352168823184,-1.224905305946772,-1.4248816948161016,-0.1519984028876173,0.8161721137425098,-0.5556007113485172,-0.4862497122331247,0.0,0.0,0.0,0.0,其他,0,0,0.5,1.0,0,0.1313131313131313,-0.21032329169728137,-0.2182218956649522,0.22267206477732793,0.13765182186234817,0.8319838056680162,0.5384615384615384,0.018218623481781375,0.32388663967611336,0.5,0.5,0.5,0.5,0.13131313131313133,0.046464646464646465,0.08888888888888889
2026-05-26,54.39,54.39,53.2,53.98,660621.0,55.084,56.826,57.43050000000001,62.713,-0.0200421174932831,-0.050082708619294,-0.06008131567721,-0.1392534243298838,57.43050000000001,62.88438504694199,51.97661495305803,0.183665866596043,0.189929916923324,-0.0084496693607641,-0.0572825707300035,-0.1093878897871638,-0.1539184952978056,0.0082682014726286,0.0105735451944397,0.038909507832857,42.56174611949532,-1.9541896807859016,-1.67005095387021,-0.2841387269156918,-2905516.0,54.89427053300764,2.305,0.3159035752921907,0.0497512437805994,0.0273822562977689,-0.0911448684698035,-0.0084496693607641,0.038909507832857,42.56174611949532,-0.2221545845029294,0.0,0.0,0.0,0.5,-0.9552712815443888,-1.0350137005268014,-1.000275739505088,-1.0547084771673472,-0.7583365791257628,-0.9392987346406751,-0.7138692408547278,-0.7607484672694593,0.1865609951512546,-0.5226212041366107,-1.1243862603431578,-1.0503785347863177,-1.621568911431549,-0.7607484672694593,-0.6862692435770732,-0.6705006599739366,-1.07335963326996,0.0221581379886494,-0.1920562005079256,-0.7559854115238814,-1.293031592437909,-1.3993004765245602,-1.319272884238165,-1.5184600979823566,0.8033910825498944,-0.5552657144615112,-1.4024654631727898,-1.351367030413953,-0.5013153239951935,0.6823564984213202,-0.166726962743677,-0.4988416205360218,-1.338784722369444,-1.3463956029610058,-1.4758810732468444,-0.1920562005079256,0.8033910825498944,-0.5552657144615112,-0.5747496845265031,0.0,0.0,0.0,0.0,其他,0,0,0.5,1.0,0,0.0808080808080808,-0.20433493886624665,-0.2343460540941089,0.354251012145749,0.11133603238866396,0.8117408906882592,0.6194331983805668,0.004048582995951417,0.3643724696356275,0.5,0.5,0.5,0.5,0.08080808080808081,0.03434343434343434,0.0707070707070707
2026-05-27,53.77,54.23,51.89,52.13,1194081.0,54.142,56.084,56.905,62.38616666666667,-0.0371615381773853,-0.0705013907709863,-0.0839117827958877,-0.1643980903886278,56.905,62.27002317648342,51.53997682351657,0.0549879429285778,0.188560695069818,-0.0342719525750276,-0.0828641801548205,-0.1246011754827874,-0.1677841634738186,0.0124372664241797,0.0127446550598569,0.0393040970071056,37.49999999723104,-2.166481025651258,-1.7693369682264195,-0.3971440574248384,-4099597.0,50.20243675464823,2.4049999999999985,0.5769150771455618,0.0,0.0,-0.0934202954153079,-0.0342719525750276,0.0393040970071056,37.49999999723104,0.8075129310149087,0.0,0.0,0.0,0.5,-1.0469702082370542,-1.0501794205426145,-1.2083601713979368,-1.33399579553827,-0.6235706906243725,-1.0896841121010148,-0.8397225672036631,-0.8592392638264575,0.0811105140205797,-0.977129159209256,-1.5401470518604845,-1.4080081497035632,-1.8758638641593368,-0.8592392638264575,-0.7832782101415342,-0.7486971355265288,-1.473844867226355,0.0066248217092351,-0.8798759033537361,-1.0807087893530418,-1.447759720330443,-1.497188297858066,-1.0489828911424082,-1.342708622874229,0.8373575271376509,-0.8917386248618338,-1.528586398771052,-1.4120388171261298,-0.7146776042045222,0.6349957232327714,-0.5094878483184476,-0.3932974321136189,-0.7751704809273549,-1.4846217970855031,-1.5574184822011103,-0.8798759033537361,0.8373575271376509,-0.8917386248618338,1.4263280388363917,0.0,0.0,0.0,0.0,其他,0,0,0.5,1.0,0,0.0484848484848484,-0.1743717629004412,-0.21292921542298104,0.22064777327935223,0.11740890688259109,0.8259109311740891,0.611336032388664,0.10931174089068826,0.3097165991902834,0.5,0.5,0.5,0.5,0.048484848484848485,0.05858585858585859,0.12121212121212122
2026-05-28,52.1,52.11,50.43,50.8,1250159.0,53.234,55.164,56.62600000000001,62.0715,-0.0457226584513658,-0.0791095642085418,-0.1028856002543003,-0.1815889740057836,56.62600000000001,62.64631787934945,50.60568212065057,0.0161385065740757,0.2126344039606826,-0.0255131402263573,-0.0820383086375137,-0.1533333333333334,-0.0989712664065272,0.012278505904316,0.0109385607352071,0.0332372454813965,32.0968572877416,-2.414213753761686,-1.898312325333473,-0.5159014284282131,-5349756.0,45.47077105473635,2.4149999999999987,0.6420214839286512,0.0,0.0,-0.104527559055118,-0.0255131402263573,0.0332372454813965,32.0968572877416,0.0469633132090703,0.0,0.0,0.0,0.5,-1.3000592570883147,-1.3164084189239202,-1.4372178435052505,-1.528179267074119,-0.6075171445720924,-1.2324928327465077,-0.99536076702104,-0.9091535607195376,-0.0204257702145393,-1.1993479283368047,-1.70284121909858,-1.683139782862578,-2.030957387426532,-0.9091535607195376,-0.7185792728189466,-0.918512458394174,-1.582666720040743,0.279340474498761,-0.6427833045853031,-1.0641337004781637,-1.742910645689117,-0.9396406702626828,-1.0532786789261692,-1.4677489432058517,0.2519776563041701,-1.247088294124709,-1.6741873563721397,-1.492391564601913,-0.9376020520880316,0.5857206992948407,-0.8536207037499565,-0.3816656790291076,-0.6328260305111036,-1.4714831507168211,-1.538520230679295,-0.6427833045853031,0.2519776563041701,-1.247088294124709,-0.0558353519105628,0.0,0.0,0.0,0.0,其他,0,0,0.5,1.0,0,0.0526315789473684,-0.16909448818897632,-0.22499999999999998,0.05476673427991886,0.36105476673427994,0.7018255578093306,0.5010141987829615,0.24746450304259635,0.14807302231237324,0.5,0.5,0.5,0.5,0.05263157894736842,0.08502024291497975,0.13765182186234817
2026-05-29,50.52,52.78,50.52,51.6,1599583.0,52.59,54.456,56.532,61.77316666666666,-0.0188248716486022,-0.0524460114587923,-0.0872426236467841,-0.1646858533505647,56.532,62.812240022231286,50.25175997776872,0.1073398482739466,0.2221835428507809,0.0157480314960631,-0.0587376869755563,-0.1206543967280163,-0.0351533283470455,0.0192796666872247,0.0146835424351244,0.0316193097272633,8.662508661668255,-2.516976286642098,-2.0220451175951983,-0.4949311690468998,-3750173.0,39.46379310635098,2.163571428571427,0.8682013375740104,0.0628436763545734,0.0439560439558026,-0.1195736434108527,0.0157480314960631,0.0316193097272633,8.662508661668255,0.2795036471360843,0.0,0.0,0.0,0.5,-1.5344200043758969,-1.2218487840426429,-1.411757078681128,-1.3936045549919405,-0.5187578288108372,-1.3298352879896795,-1.1126008614837517,-0.9227902383902888,-0.11669020045533,-0.4767028250324882,-1.1397080821981105,-1.4302988725683563,-1.8145126435785808,-0.9227902383902888,-0.6885397175533747,-0.9793208571736411,-1.282169911827107,0.3868992229980051,0.46350766097507,-0.759943821930674,-1.3769709753445256,-0.4256221538539283,-0.6071639581901646,-1.1761414501714855,0.0953866031995249,-2.757472321034858,-1.7236090810285427,-1.5672246055920929,-0.8933978062116954,0.6440478640687599,-1.2866482616453196,-0.6427224784360559,-0.1456778424871875,-1.2718149147498787,-1.3637395262537746,0.46350766097507,0.0953866031995249,-2.757472321034858,0.397377951532866,0.0,0.0,0.0,0.0,其他,0,0,0.5,1.0,0,0.0304259634888438,-0.13023255813953483,-0.2151162790697675,0.3313008130081301,0.6199186991869918,0.6504065040650406,0.02032520325203252,0.43089430894308944,0.27235772357723576,0.5,0.5,0.5,0.5,0.030425963488843813,0.12778904665314403,0.1440162271805274
2026-06-01,51.56,51.56,49.6,49.93,1603783.0,51.688,53.714,56.25350000000001,61.48016666666667,-0.0340117628850024,-0.070447183229698,-0.1124107833290374,-0.1878681742892695,56.25350000000001,63.18651567254704,49.32048432745298,0.0439574711302146,0.2464918866393985,-0.0323643410852713,-0.0828434974283615,-0.129380993897123,-0.1003603603603603,0.0209308036410151,0.0157016180121978,0.0309367309776628,9.48406676682268,-2.7020241006875665,-2.158040914213672,-0.5439831864738944,-5353956.0,20.299706780185915,1.9499999999999988,0.8934170514501538,0.0,0.0,-0.1389945924294011,-0.0323643410852713,0.0309367309776628,9.48406676682268,0.0026256843189755,0.0,0.0,0.0,0.5,-1.3623265584205797,-1.369896232984343,-1.5489483998266549,-1.6370039763581574,-0.5160801754837513,-1.4672825682653186,-1.2340846909855658,-0.972065126067158,-0.211205185031177,-0.8806906089720294,-1.5019856863114105,-1.795050357058351,-2.032373987934604,-0.972065126067158,-0.6246461476860031,-1.1460421793106776,-1.471064783121635,0.6618629741640717,-0.8271949625795465,-1.0659299491951189,-1.459491527855935,-0.9456169081104424,-0.5006865020055311,-1.092641440156831,0.0291723895621451,-2.6448664544253946,-1.823364232651328,-1.6487232954939175,-0.9825520778293364,0.5812474773732318,-2.637230072097116,-0.8628673081655275,-0.0910138591332715,-1.4493100411884596,-1.506248003948215,-0.8271949625795465,0.0291723895621451,-2.6448664544253946,-0.144411140807033,0.0,0.0,0.0,0.0,其他,0,0,0.5,1.0,0,0.0587044534412955,-0.08872421389945928,-0.19447226116563188,0.12981744421906694,0.30628803245436104,0.6308316430020284,0.004056795131845842,0.4787018255578093,0.0872210953346856,0.5,0.5,0.5,0.5,0.058704453441295545,0.2935222672064777,0.25303643724696356
2026-06-02,49.94,49.94,47.52,49.06,1829206.0,50.70399999999999,52.894000000000005,55.855500000000006,61.194833333333335,-0.0324234774376773,-0.0724845918251597,-0.12166214607335,-0.1982983312861379,55.855500000000006,63.48242867756246,48.22857132243755,0.0545061264308768,0.2730949925271029,-0.0174243941518125,-0.0911448684698035,-0.1432064268250086,-0.1396001403016485,0.0203954138202306,0.0151368429006395,0.0300914969310678,9.62278675800836,-2.8856139811800645,-2.303555527606951,-0.5820584535731137,-7183162.0,21.455050817042093,1.9492857142857127,1.055926698192352,0.0,0.0,-0.1245413779046066,-0.0174243941518125,0.0300914969310678,9.62278675800836,0.1405570454356979,0.0,0.0,0.0,0.5,-1.6002574947946306,-1.5656178100357965,-1.866831604137184,-1.7531682026424833,-0.4583015860991681,-1.6147786992027375,-1.366909604660641,-1.0439612864054038,-0.3031615951349148,-0.8344047635509702,-1.5308465175747703,-1.911204649811556,-2.1048150939917902,-1.0439612864054038,-0.5738506721106892,-1.339605119549074,-1.42559357237713,0.9610381658121908,-0.4237547138979541,-1.166226514470618,-1.5940537121285354,-1.2526768890810958,-0.5330182538535294,-1.128679095622733,-0.0528035965770608,-2.58163674072258,-1.9187720617389383,-1.7345441377354658,-1.0500081854729744,0.5101227407241552,-2.503909985143461,-0.8596384677057269,0.2598676647614114,-1.4370971946353828,-1.4891595322688194,-0.4237547138979541,-0.0528035965770608,-2.58163674072258,0.1260223099037313,0.0,0.0,0.0,0.0,其他,0,0,0.5,1.0,0,0.0792682926829268,-0.09600489196901751,-0.17386873216469634,0.07739307535641547,0.1955193482688391,0.6069246435845214,0.008146639511201629,0.7067209775967414,0.05702647657841141,0.5,0.5,0.5,0.5,0.07926829268292683,0.1991869918699187,0.21951219512195122
2026-06-03,49.06,49.06,46.9,47.26,2100016.0,49.73,51.936,55.39,60.89166666666666,-0.0496682083249547,-0.0900338878619839,-0.1467773966419931,-0.2238675242917749,55.39,63.91668875077684,46.863311249223166,0.0232615944107473,0.3078782722788026,-0.0366897676314718,-0.0934202954153079,-0.1685432793807179,-0.1645748630015909,0.0208779393127387,0.0162411281239388,0.0308130241158565,5.578800557335441,-3.1401574374366987,-2.4708759095729005,-0.6692815278637982,-9283178.0,8.238643996752515,1.9707142857142843,1.2094091197449015,0.0,0.0,-0.0892932712653407,-0.0366897676314718,0.0308130241158565,5.578800557335441,0.1480478415224966,0.0,0.0,0.0,0.5,-1.7196918439551836,-1.663210198260609,-1.943890438062408,-2.003983747888721,-0.389302507792562,-1.7565451743463398,-1.520547747921027,-1.128025177094052,-0.400795924225051,-1.2895574910688394,-1.871931752902909,-2.252872911059883,-2.326412807804209,-1.128025177094052,-0.5005378571602876,-1.5787783029418632,-1.5108087936508745,1.348475503387519,-0.9390577306513908,-1.1883126148421224,-1.845420866291624,-1.44118599018306,-0.5006699348434375,-1.0394343983209215,0.0174448486480163,-2.7742959409124555,-2.05438955844707,-1.8327099417455308,-1.2096976152221297,0.4288990359809937,-3.3336648467525043,-0.8333777596471794,0.590656471591496,-1.425188451403831,-1.4726408815450582,-0.9390577306513908,0.0174448486480163,-2.7742959409124555,0.140408598013116,0.0,0.0,0.0,0.0,其他,0,0,0.5,1.0,0,0.2226720647773279,-0.06009310198899698,-0.14769360981802782,0.04665314401622718,0.15618661257606492,0.6328600405679513,0.002028397565922921,0.7870182555780934,0.02636916835699797,0.5,0.5,0.5,0.5,0.22267206477732793,0.4777327935222672,0.2611336032388664
2026-06-04,47.0,47.01,45.12,45.49,1604425.0,48.668,50.951,54.821000000000005,60.54233333333333,-0.0652995808334018,-0.1071814095896056,-0.1702084967439485,-0.2486249291129622,54.821000000000005,64.3872826746087,45.2547173253913,0.0122974975029729,0.3490006630521605,-0.0374523910283537,-0.104527559055118,-0.177990603541742,-0.200105503780552,0.022400752669199,0.0172111446873204,0.0312835117935391,5.409060175282463,-3.444997361404589,-2.6657001999392382,-0.7792971614653506,-10887603.0,8.451206950698875,1.934285714285713,0.9172431099716704,0.0,0.0,-0.0721037590679269,-0.0374523910283537,0.0312835117935391,5.409060175282463,-0.2359939162368286,0.0,0.0,0.0,0.5,-2.0121776543805883,-1.9039032491766363,-2.1979689547686894,-2.239559422144155,-0.5122251874522102,-1.9076248960627329,-1.6748453502395937,-1.2308323228840874,-0.5132565363690534,-1.6926827321701496,-2.1910908460158547,-2.5497866376167515,-2.5220058384207147,-1.2308323228840874,-0.4214357414581419,-1.854559569761396,-1.531326062718119,1.796865178833025,-0.955106735922919,-1.3224183420780282,-1.9227350490083284,-1.7074896143444676,-0.4022198307269822,-0.9612185606095356,0.0632370567341286,-2.722679545638602,-2.2147118333555302,-1.9462291335554367,-1.4097662186460236,0.3666564548153562,-3.218298422470285,-0.8676912688380942,-0.0441694597875967,-1.4135713933107517,-1.456661061432737,-0.955106735922919,0.0632370567341286,-2.722679545638602,-0.6150611104224072,0.0,0.0,0.0,0.0,其他,0,0,0.5,1.0,0,0.2834008097165992,-0.03033633765662791,-0.07869861508023757,0.0486815415821501,0.10547667342799188,0.6308316430020284,0.002028397565922921,0.6348884381338742,0.018255578093306288,0.5,0.5,0.5,0.5,0.2834008097165992,0.611336032388664,0.4716599190283401
2026-06-05,45.8,46.21,44.58,45.43,1564815.0,47.434000000000005,50.012,54.205000000000005,60.226,-0.0422481764135431,-0.0916180116771975,-0.1618854349229777,-0.2456746255769932,54.205000000000005,64.53342883042987,43.87657116957013,0.0752016040351459,0.3810876793805299,-0.0013189712024621,-0.1195736434108527,-0.1712878511492156,-0.2133333333333333,0.0155250979995647,0.0179019354250174,0.0307664788843596,5.917159762700919,-3.649359153398372,-2.862431990631065,-0.7869271627673067,-12452418.0,8.777654344282439,1.857142857142856,0.8879511999227817,0.0,0.0,-0.0121065375302662,-0.0013189712024621,0.0307664788843596,5.917159762700919,-0.0246879723265344,0.0,0.0,0.0,0.5,-2.1651918945810738,-1.981435137142006,-2.249852378293737,-2.21584485655712,-0.5205780036027597,-2.079849918191345,-1.816695559564672,-1.340903178563564,-0.6144793564334792,-1.0708406374617745,-1.852864752211835,-2.383051491216845,-2.4313396090424324,-1.340903178563564,-0.3960005283301711,-2.0781130481868177,-1.3237316883114765,2.128355446305593,0.0200657036774324,-1.5037880824174206,-1.830686253304045,-1.79214488048477,-0.8387673452627862,-0.9046812390115416,0.0125533905720015,-2.634836145154932,-2.30644395104026,-2.0566133290274,-1.413856604446093,0.3060013649614975,-3.105966867231267,-0.9442068711949024,-0.1077084755127315,-1.4022343007204157,-1.441191391010651,0.0200657036774324,0.0125533905720015,-2.634836145154932,-0.1970937292217257,0.0,0.0,0.0,0.0,其他,0,0,0.5,1.0,0,0.6659919028340081,-0.03587937486242576,-0.07395993836671799,0.02636916835699797,0.08519269776876268,0.6247464503042597,0.002028397565922921,0.513184584178499,0.02231237322515213,0.5,0.5,0.5,0.5,0.6659919028340081,0.5951417004048583,0.5364372469635628
2026-06-08,44.39,45.15,42.71,42.99,1683800.0,46.04600000000001,48.867,53.178,59.82716666666667,-0.0663684141945012,-0.1202652096506844,-0.1915829854451087,-0.2814301195387826,53.178,63.68553233587528,42.67046766412472,0.0152049180368831,0.3951834343471181,-0.0537090028615452,-0.1389945924294011,-0.2103232916972813,-0.3233118211868409,0.0202536155141825,0.0204788654060955,0.0179691351407318,5.040957781533905,-3.9625273800264864,-3.08245106851015,-0.8800763115163366,-14136218.0,8.598350098894272,1.984285714285713,1.0133986431183188,0.0,0.0,0.0583856710862991,-0.0537090028615452,0.0179691351407318,5.040957781533905,0.0760377424807405,0.0,0.0,0.0,0.5,-2.341307294851218,-2.08762370384946,-2.499395062451055,-2.532954392778153,-0.4891032531773578,-2.267969701995568,-1.9877212409698448,-1.5271854275915309,-0.7421152209022137,-1.698618791376161,-2.390423559555077,-2.749382778637768,-2.715510989576404,-1.5271854275915309,-0.5348960657389339,-2.26040068132177,-1.498673165615784,2.249206827427644,-1.3873869949907425,-1.7355131317751422,-2.208866386907912,-2.6070393135413035,-0.5341400054956161,-0.7068083199454784,-1.2360297626467798,-2.6320607641437634,-2.4576093315518266,-2.1777300523284304,-1.577660397940069,0.2408507306606946,-3.03390078456168,-0.8068710960831822,0.1659384508233152,-1.3911661028230586,-1.4262052821283,-1.3873869949907425,-1.2360297626467798,-2.6320607641437634,0.0023717147195502,0.0,0.0,0.0,0.0,其他,0,0,0.5,1.0,0,0.8036437246963563,-0.010002326122354077,-0.07234240521051405,0.056795131845841784,0.02231237322515213,0.22515212981744423,0.002028397565922921,0.6024340770791075,0.02434077079107505,0.5,0.5,0.5,0.5,0.8036437246963563,0.5647773279352226,0.5121457489878543
2026-06-09,43.88,44.26,42.25,42.95,1432271.0,44.824,47.764,52.295,59.442833333333326,-0.0418079600214169,-0.1007872037517796,-0.1786977722535614,-0.2774570525743219,52.295,63.13569040333884,41.45430959666115,0.0689850160683168,0.4145975868942774,-0.0009304489416143,-0.1245413779046066,-0.2043349388662466,-0.2913710608810427,0.0237215660386382,0.0212035856623565,0.0172434274237054,5.164622336524843,-4.165920976214537,-3.299145050051028,-0.8667759261635086,-15568489.0,8.561691613413231,1.999999999999999,0.9581652039238004,0.0,0.0,0.0325960419091966,-0.0009304489416143,0.0172434274237054,5.164622336524843,-0.149381755552916,0.0,0.0,0.0,0.5,-2.378509205990166,-2.1685681593548023,-2.524612239531025,-2.494014519489419,-0.5509045646174489,-2.420597561938605,-2.1445424453232125,-1.6811859424271736,-0.8639619955265061,-1.040210390306286,-1.9761929280739663,-2.514748047920969,-2.604151817841845,-1.6811859424271736,-0.6240243599736348,-2.433752801362198,-1.3208315893248113,2.419347108884943,0.0372177472052263,-1.5378903923833769,-2.116122775667849,-2.3173019571358204,-0.3107365968946592,-0.6495010911489512,-1.297782818857652,-2.5724195172788686,-2.535377630814883,-2.290768048390176,-1.5397116799221315,0.1853689366763074,-2.9586332676705305,-0.7870094844766303,0.0448175084238904,-1.3803563321716208,-1.411678047087097,0.0372177472052263,-1.297782818857652,-2.5724195172788686,-0.4438429292410382,0.0,0.0,0.0,0.0,其他,0,0,0.5,1.0,0,0.757085020242915,-0.03771827706635633,-0.08428405122235172,0.07910750507099391,0.02636916835699797,0.18864097363083165,0.0,0.7281947261663286,0.02231237322515213,0.5,0.5,0.5,0.5,0.757085020242915,0.5465587044534413,0.5161943319838057
2026-06-10,43.32,43.39,42.03,43.04,1574564.0,43.98,46.855,51.4695,59.06633333333333,-0.0213733515234197,-0.0814214064667592,-0.1637766055625177,-0.2713277162963673,51.4695,62.49686972980795,40.44213027019206,0.1177919029400951,0.4285011406672502,0.0020954598370197,-0.0892932712653407,-0.1743717629004412,-0.2772460117548279,0.0256253593725703,0.0220419255656655,0.0177583938715898,6.32102272664423,-4.2706205629687375,-3.493440152634571,-0.7771804103341666,-13993925.0,8.553842616180376,1.9078571428571416,1.0859342165101362,0.0052785923753353,0.0034548944337677,0.0320631970260223,0.0020954598370197,0.0177583938715898,6.32102272664423,0.0993478189532568,0.0,0.0,0.0,0.5,-2.420513336576513,-2.2432488039645926,-2.512848592411592,-2.438995888160164,-0.5133367128179132,-2.50727112440729,-2.2622399422511577,-1.8194764762919464,-0.9819282967199738,-0.4954830695779932,-1.5780691506510338,-2.266924546522504,-2.4819575699674186,-1.8194764762919464,-0.727481029134158,-2.5610693351038663,-1.1613153788919035,2.521011248333431,0.1188075613316769,-1.083337916776996,-1.7864865177782483,-2.174445537000937,-0.1878043022300825,-0.5838539358916168,-1.2389185762035742,-2.4584755796100155,-2.551197502095188,-2.3831997711941364,-1.3608751532767789,0.2453711995257899,-2.8871316873746835,-0.8801776516821012,0.3245260873804497,-1.354413637873806,-1.3856248626281544,0.1188075613316769,-1.2389185762035742,-2.4584755796100155,0.0507849523519822,0.0,0.0,0.0,0.0,其他,0,0,0.5,1.0,0,0.7165991902834008,-0.04670074349442377,-0.13289962825278812,0.2210953346855984,0.05476673427991886,0.20892494929006086,0.002028397565922921,0.8073022312373225,0.04056795131845842,0.5,0.5,0.5,0.5,0.7165991902834008,0.5364372469635628,0.2550607287449393
2026-06-11,42.82,43.1,41.9,42.21,926292.0,43.324,45.996,50.58,58.68266666666667,-0.0257132305419628,-0.0823115053482912,-0.1654804270462633,-0.2807075343088249,50.58,61.58008038248092,39.579919617519074,0.1195482346955264,0.4349577059098132,-0.0192843866171003,-0.0721037590679269,-0.1690944881889763,-0.2965,0.0234170555986407,0.0219174146048459,0.0168809322879485,6.184850590086256,-4.370192932117249,-3.668790708531106,-0.7014022235861419,-14920217.0,8.710718503704555,1.903571428571428,0.6715757930180165,0.0,0.0,0.045013030087657,-0.0192843866171003,0.0168809322879485,6.184850590086256,-0.4117152430768136,0.0,0.0,0.0,0.5,-2.45147591944728,-2.245612545339759,-2.4884385651208394,-2.5128356713682045,-0.6753082078498533,-2.5604525434987764,-2.365543390378779,-1.9645322829984508,-1.1006042768316704,-0.6090227676153463,-1.5815944116162295,-2.253557234816381,-2.508525240235129,-1.9645322829984508,-0.876285485582849,-2.654096454224561,-1.1487600526400166,2.5392699102346263,-0.4597759883282482,-0.8609206016917945,-1.7148518768220231,-2.282690924025972,-0.3292902101855667,-0.5913148261724042,-1.315084746230571,-2.4226258456093874,-2.562737301291082,-2.4581242450424514,-1.2106907405936935,0.2091020732881943,-2.811033582761345,-0.8806871864844408,-0.5857516194818416,-1.3597065156018202,-1.3841467488918495,-0.4597759883282482,-1.315084746230571,-2.4226258456093874,-0.963747132207182,0.0,0.0,0.0,0.0,其他,0,0,0.5,1.0,0,0.7784552845528455,-0.0672826344468136,-0.11750769959725182,0.28105906313645623,0.026476578411405296,0.18533604887983707,0.008146639511201629,0.329938900203666,0.04073319755600815,0.5,0.5,0.5,0.5,0.7784552845528455,0.5223577235772358,0.20934959349593496
2026-06-12,42.66,44.9,42.34,44.88,2290397.0,43.214,45.324,49.89,58.35483333333333,0.038552321007081,-0.0097961344982789,-0.100420926037282,-0.2309120352784258,49.89,60.474162945795314,39.30583705420469,0.2633256391797797,0.4242999777820845,0.0632551528073916,-0.0121065375302662,-0.1302325581395348,-0.2351738241308792,0.0425685199395824,0.0326152214759953,0.0246199705080841,21.342925657681064,-4.185411268719086,-3.772114820568703,-0.4132964481503833,-12629820.0,18.293122588638624,1.990714285714285,1.6242552458339845,0.1763540290609224,0.0996640537510278,-0.0240641711229947,0.0632551528073916,0.0246199705080841,21.342925657681064,1.472651172632388,0.0,0.0,0.0,0.5,-2.4333764277291303,-2.0020883242648058,-2.3836152938232384,-2.106586021526164,-0.3282002431148302,-2.53039956820054,-2.4332811028840604,-2.06674691914125,-1.1991327791708783,1.099227990689061,-0.154037125234718,-1.348268330516878,-2.0041591106542445,-2.06674691914125,-1.0549622796955291,-2.644064363007796,-0.6984093852295796,2.3828862064509195,1.7656692833091376,-0.0967858521781152,-1.3076099993520538,-1.7998252284173428,0.904189418960798,0.2232103525135899,-0.558085622667927,-1.5393016157572743,-2.413639462386904,-2.482918354236654,-0.6654440298349263,0.2969275235468168,-2.194285247036776,-0.7854189655924337,1.5025470303749064,-0.8353423419484709,-1.0261484545297423,1.7656692833091376,-0.558085622667927,-1.5393016157572743,2.7366328355283747,0.0,0.0,0.0,0.0,其他,0,0,0.5,1.0,0,0.4817813765182186,-0.09759358288770059,-0.18894830659536554,0.665314401622718,0.05070993914807302,0.4340770791075051,0.10953346855983773,0.8803245436105477,0.16835699797160245,0.5,0.5,0.5,0.5,0.4817813765182186,0.4311740890688259,0.15182186234817813
2026-06-15,44.97,45.5,44.33,45.5,1883507.0,43.716,44.881,49.2975,57.98033333333333,0.0408088571689999,0.013792027806867,-0.0770323038693645,-0.2152511483778982,49.2975,59.44084913028904,39.15415086971096,0.3128083756531868,0.4115157616620908,0.013814616755793,0.0583856710862991,-0.0887242138994592,-0.2066259808195292,0.0311214253382692,0.0328969428994863,0.0252127390952613,24.82185272952788,-3.943483629828009,-3.806388582420564,-0.137095047407445,-10746313.0,25.50894138527866,1.985714285714285,1.3347783043169836,0.2186046511613381,0.1228070175434012,-0.0646153846153845,0.013814616755793,0.0252127390952613,24.82185272952788,-0.1776504247953521,0.0,0.0,0.0,0.5,-2.076228430273687,-1.9081764271948505,-2.062968515779268,-1.995412285576266,-0.4304894605261161,-2.413588843499104,-2.46115888839642,-2.146465160884393,-1.3108067822726948,1.1528409082560218,0.310492978705652,-1.0216647916952732,-1.830945651470828,-2.146465160884393,-1.2193713571884088,-2.614560881867346,-0.5423164499536255,2.213581287431206,0.4277766280845285,0.7997241470996591,-0.8790801941325563,-1.5713754000066418,0.1637780741950553,0.2440842892561195,-0.4985137431523936,-1.3309188822097748,-2.240173879989906,-2.462877533492667,-0.1438836852254684,0.3689490346421895,-1.741180093499837,-0.7874667415336433,0.8622628938082829,-0.7077344403437505,-0.9388088852996046,0.4277766280845285,-0.4985137431523936,-1.3309188822097748,-0.5007273821892798,0.0,0.0,0.0,0.0,其他,0,0,0.5,1.0,0,0.1825557809330628,-0.11604395604395612,-0.20087912087912085,0.8048780487804879,0.08333333333333333,0.4451219512195122,0.08739837398373984,0.7804878048780488,0.1910569105691057,0.5,0.5,0.5,0.5,0.18255578093306288,0.35294117647058826,0.12373225152129817
2026-06-16,45.29,45.29,43.73,44.35,1331186.0,43.996,44.41,48.652,57.5815,0.0080461860169105,-0.0013510470614724,-0.088423908575187,-0.2297873448937591,48.652,58.29247083366391,39.011529166336096,0.2768781175601206,0.3963031667205495,-0.0252747252747252,0.0325960419091966,-0.0960048919690175,-0.2254628012574222,0.0352407135846961,0.0332186561244163,0.0252929506553862,25.89838909316866,-3.800737083394914,-3.805258282615434,0.00452119922052,-12077499.0,25.60158069637249,1.9450000000000005,0.9305314479527778,0.1462747778527254,0.079880552444644,-0.0680947012401353,-0.0252747252747252,0.0252929506553862,25.89838909316866,-0.2932407471806582,0.0,0.0,0.0,0.5,-2.00653215121415,-1.9119886329327829,-2.1228244719500773,-2.127476213306122,-0.5694724206476672,-2.334588298288974,-2.491329292615497,-2.231652664831785,-1.4276681984710236,0.2793927938633173,0.0110331468142595,-1.170785329045759,-1.934851191829137,-2.231652664831785,-1.3998338287185512,-2.585150733171917,-0.6521194091352697,2.0278607388803795,-0.6290373952032483,0.4688936316701801,-0.9491070632449308,-1.6945977432681418,0.4294761035769345,0.2680028920957127,-0.4890771245341396,-1.2611759060446093,-2.1295133610648795,-2.421816675512073,0.1236861730346335,0.3164174089019856,-1.7182578033384877,-0.8270288214989449,-0.0268973053594334,-0.9173075996700568,-1.0822273009582746,-0.6290373952032483,-0.4890771245341396,-1.2611759060446093,-0.725356917765255,0.0,0.0,0.0,0.0,其他,0,0,0.5,1.0,0,0.2793522267206478,-0.08613303269447581,-0.16166854565952649,0.7565922920892495,0.056795131845841784,0.45233265720081134,0.0872210953346856,0.5780933062880325,0.13387423935091278,0.5,0.5,0.5,0.5,0.2793522267206478,0.34615384615384615,0.22064777327935223
2026-06-17,43.99,44.6,43.7,44.42,837176.0,44.272,44.126,48.031,57.196000000000005,0.0033429707264185,0.0066627385215067,-0.0751806125210801,-0.223372263794671,48.031,57.02939026539792,39.03260973460208,0.2993530012853778,0.3746909398254955,0.0015783540022547,0.0320631970260223,-0.0600931019889969,-0.2185080928923293,0.035259170281241,0.0319236903072862,0.0254646745580378,28.56182795430199,-3.640001332388685,-3.7722068925700847,0.1322055601813994,-11240323.0,26.27477106978364,1.887857142857143,0.5889549144972573,0.1683168316818864,0.0824934677115248,-0.0763169743358848,0.0015783540022547,0.0254646745580378,28.56182795430199,-0.3711051648680199,0.0,0.0,0.0,0.5,-2.16024665529032,-1.971248096825555,-2.099922098991837,-2.0908383011940463,-0.6931612044456702,-2.2599517495366928,-2.491060136838225,-2.307844933562567,-1.5370152668058974,0.1534543300729029,0.1694610675683946,-0.984129959648166,-1.8487351195335875,-2.307844933562567,-1.5949448581322667,-2.531706273973321,-0.5798176535321108,1.785281995887931,0.0992036861332833,0.4607296646345103,-0.5795252814296492,-1.6273008527176884,0.4294505896660988,0.1682089384126394,-0.4707333629811741,-1.1032221030850775,-2.0133335345358025,-2.363196389668507,0.3647947689012142,0.3480911852381473,-1.6621857182460145,-0.8835828652578552,-0.7770053893307348,-0.8482910349764617,-1.0655614686593762,0.0992036861332833,-0.4707333629811741,-1.1032221030850775,-0.8749554140470182,0.0,0.0,0.0,0.0,其他,0,0,0.5,1.0,0,0.2591093117408907,-0.09320126069338142,-0.11008554705087803,0.716024340770791,0.07099391480730223,0.45030425963488846,0.21906693711967545,0.1075050709939148,0.2738336713995943,0.5,0.5,0.5,0.5,0.2591093117408907,0.2591093117408907,0.3407707910750507
2026-06-18,44.43,44.68,43.62,44.11,815888.0,44.652,43.988,47.4695,56.80616666666667,-0.0121383140732778,0.0027734836773665,-0.0707717587082231,-0.2234997960902133,47.4695,55.93316220348635,39.005837796513646,0.301533903453383,0.3565936950449666,-0.0069788383610986,0.045013030087657,-0.0303363376566279,-0.2029273581496206,0.0333600587474114,0.0299518778264973,0.0252542141770092,23.974982624491645,-3.4973166100502127,-3.717228836066111,0.2199122260158978,-12056211.0,19.059328891349324,1.8021428571428573,0.5814999198189691,0.1506740681986464,0.070921985815338,-0.107458626161868,-0.0069788383610986,0.0252542141770092,23.974982624491645,-0.0254283448163826,0.0,0.0,0.0,0.5,-2.072600215422191,-1.9397552230257928,-2.084847089931614,-2.1060240955750293,-0.6961784538705726,-2.1740338985909204,-2.468667511691,-2.369180577821074,-1.644244409594643,-0.2601662976825812,0.0919545444862066,-0.9192824607555417,-1.823805312627087,-2.369180577821074,-1.7576159304882868,-2.4886574361278178,-0.5710377145434945,1.5851683417373403,-0.1331667651380716,0.6247025053231984,-0.2736487323896383,-1.4993381226368216,0.3051034125925921,0.0164976376242526,-0.4898605608630749,-1.3547977511561031,-1.911264816776593,-2.2940542580274883,0.5298321510075906,0.3154533633358635,-2.0632289917540945,-0.969685871279882,-0.7901561957035621,-0.8963718461161271,-1.0983651543736217,-0.1331667651380716,-0.4898605608630749,-1.3547977511561031,-0.1937059058812371,0.0,0.0,0.0,0.0,其他,0,0,0.5,1.0,0,0.1582150101419878,-0.04987531172069837,-0.18816594876445247,0.7804878048780488,0.07926829268292683,0.4451219512195122,0.13414634146341464,0.07723577235772358,0.3638211382113821,0.5,0.5,0.5,0.5,0.15821501014198783,0.33468559837728196,0.20528455284552846
2026-06-22,43.75,43.89,42.0,43.8,1150170.0,44.43599999999999,43.825,46.9185,56.49883333333333,-0.0143127194166891,-0.0005704506560183,-0.0664663192557307,-0.2247627532131931,46.9185,54.78077307429111,39.05622692570889,0.3016794907424818,0.3351459690431003,-0.0070278848333711,-0.0240641711229947,-0.0358793748624257,-0.2010215249908793,0.0142838199705906,0.0299775495725637,0.0252675561035466,26.47735993575836,-3.3704004684108924,-3.6478631625350673,0.2774626941241749,-13206381.0,19.686241145116966,1.8100000000000005,0.8162665399061986,0.1300081766138181,0.0593505039191512,-0.0753424657534246,-0.0070278848333711,0.0252675561035466,26.47735993575836,0.4097155491930264,0.0,0.0,0.0,0.5,-2.1384512270166973,-2.008738775830176,-2.282992675787572,-2.120489973966185,-0.6086929885275825,-2.175078687681554,-2.450951465492817,-2.424875751596747,-1.72165901196587,-0.3176552573705103,0.0252862056736176,-0.8563993459748853,-1.80981022869093,-2.424875751596747,-1.923750147844508,-2.436146473556583,-0.5686562943612694,1.3561242393171262,-0.1341846953748535,-0.2617132156749688,-0.3297308336857898,-1.4731438505719412,-0.934448138313546,0.0184322615358933,-0.4869987079303254,-1.2051848041930764,-1.821161161609776,-2.2193794844707657,0.6372619419448448,0.2698176305769355,-2.0009626439869224,-0.9567919311797372,-0.2706159449396343,-0.9529369915879607,-1.1306917746242715,-0.1341846953748535,-0.4869987079303254,-1.2051848041930764,0.6629840494898999,0.0,0.0,0.0,0.0,其他,0,0,0.5,1.0,0,0.4190283400809717,-0.03949771689497705,-0.18150684931506844,0.48073022312373226,0.08924949290060852,0.44016227180527384,0.33874239350912777,0.18864097363083165,0.3265720081135903,0.5,0.5,0.5,0.5,0.4190283400809717,0.4797570850202429,0.26774847870182555
2026-06-23,43.5,44.49,42.51,42.56,1592763.0,43.848,43.782,46.3245,56.13666666666666,-0.0293742017879947,-0.0279110136585811,-0.0812636941575192,-0.2418502464224213,46.3245,53.564588615333406,39.0844113846666,0.240023900256458,0.3125814035906605,-0.0283105022831049,-0.0646153846153845,-0.010002326122354,-0.2182218956649522,0.012935646848118,0.0260450383253379,0.0255434866789344,25.74626865402649,-3.331472995855769,-3.5845851291992075,0.2531121333434383,-14799144.0,20.12438878718397,1.7785714285714296,1.1013167533647623,0.0297366185214127,0.0130645763344044,-0.0549812030075188,-0.0283105022831049,0.0255434866789344,25.74626865402649,0.3848065938078719,0.0,0.0,0.0,0.5,-2.1443636250366174,-1.917459410548644,-2.180946891374967,-2.25527101931508,-0.4938458575791137,-2.2274058275504105,-2.4164399767877422,-2.48418751816226,-1.813126874280762,-0.719884713854699,-0.5190416476255741,-1.053874744359677,-1.933161127959074,-2.48418751816226,-2.093253618643556,-2.389762347665185,-0.7594616716082698,1.119657273120788,-0.7130805584639118,-0.7806406334006547,-0.0630184996287242,-1.585110993702198,-1.0174302043857304,-0.2848008342273516,-0.4583417712100346,-1.2388723346512205,-1.781836004454493,-2.15152461979618,0.5890169779573157,0.2069184035000991,-1.951736341120668,-0.9852851388544268,0.3597734925543057,-1.2420234123622045,-1.2823142359578088,-0.7130805584639118,-0.4583417712100346,-1.2388723346512205,0.6117912196955437,0.0,0.0,0.0,0.0,其他,0,0,0.5,1.0,0,0.6234817813765182,-0.06296992481203012,-0.15366541353383456,0.18052738336713997,0.0872210953346856,0.43610547667342797,0.21703853955375255,0.6288032454361054,0.19675456389452334,0.5,0.5,0.5,0.5,0.6234817813765182,0.5141700404858299,0.29817444219066935
2026-06-24,43.03,43.14,41.32,41.33,1512580.0,43.244,43.62,45.69199999999999,55.71366666666667,-0.0442604754416797,-0.0524988537368179,-0.0954652893285475,-0.258171244637761,45.69199999999999,52.29864609552865,39.08535390447133,0.1698778822912007,0.2891817427783508,-0.0289003759398497,-0.0680947012401353,-0.0377182770663563,-0.2343460540941089,0.0138507929767033,0.0275312328718024,0.0258050182982905,26.890101322085243,-3.3611284123010137,-3.539893785819569,0.1787653735185554,-16311724.0,20.960426958874763,1.754285714285715,1.015950008096945,0.0,0.0,-0.0193563997096539,-0.0289003759398497,0.0258050182982905,26.890101322085243,-0.050342078513878,0.0,0.0,0.0,0.5,-2.178843801180702,-2.0491646555302663,-2.313411964202075,-2.382042174507636,-0.512935201562927,-2.2793004700878243,-2.400744187030179,-2.545823696044249,-1.9193560752681391,-1.114533067891209,-1.0059702893510751,-1.2407618187805785,-2.043811125685504,-2.545823696044249,-2.262448786376094,-2.349790670353857,-0.975411978533406,0.8773559061875296,-0.7266333227818697,-0.8221965935757625,-0.348272556045224,-1.68639348975307,-0.953430975149502,-0.1692406088454808,-0.4311714620103172,-1.167202233035579,-1.7809516167635784,-2.097425879545029,0.4458885887527128,0.1471811730357523,-1.8818363997852965,-1.0060282775911744,0.1698135965169522,-1.3207708200331902,-1.316548046601804,-0.7266333227818697,-0.4311714620103172,-1.167202233035579,-0.2489228869288867,0.0,0.0,0.0,0.0,其他,0,0,0.5,1.0,0,0.5294117647058824,-0.04839099927413504,-0.09823372852649392,0.2784552845528455,0.06707317073170732,0.4268292682926829,0.3130081300813008,0.5670731707317073,0.21747967479674796,0.5,0.5,0.5,0.5,0.5294117647058824,0.486815415821501,0.385395537525355
2026-06-25,40.99,42.15,40.13,41.03,1620104.0,42.566,43.419,45.137,55.28416666666666,-0.0360851383733497,-0.0550219949791565,-0.0909896537208941,-0.2578345216382025,45.137,51.31766288388189,38.95633711611811,0.1677540842158593,0.2738623694028491,-0.0072586498911201,-0.0763169743358848,-0.0467007434944237,-0.212929215422981,0.0117876547014374,0.0274787299806631,0.0253327860318008,30.3697183061164,-3.3699908777125813,-3.505913204198172,0.1359223264855904,-17931828.0,21.12744213156094,1.745714285714286,1.0728211746737086,0.0,0.0,-0.0182793078235437,-0.0072586498911201,0.0253327860318008,30.3697183061164,0.0710864879874122,0.0,0.0,0.0,0.5,-2.415332451609325,-2.135422134826933,-2.438941559033198,-2.3841597927692706,-0.4839126439593523,-2.338465134017812,-2.391212995105097,-2.590247557892458,-2.0223749015059043,-0.8909224852388095,-1.0511040832164444,-1.1723522997688671,-2.0081632825155986,-2.590247557892458,-2.3787288227421133,-2.330942492900828,-0.9772619826592456,0.7184694068274654,-0.1337753165384572,-0.924153992674568,-0.4399611867521532,-1.517536292564149,-1.082436628040029,-0.17289013615687,-0.4765042319915361,-0.9655305174841629,-1.768832725905404,-2.0517017516571734,0.3630252290192783,0.0832316315648412,-1.851810634666849,-1.010098470600644,0.2955758292437694,-1.311699228964733,-1.3052872976063372,-0.1337753165384572,-0.4765042319915361,-0.9655305174841629,-0.0080247738218398,0.0,0.0,0.0,0.0,其他,0,0,0.5,1.0,0,0.3995943204868154,-0.09042164270046305,-0.076285644650256,0.258130081300813,0.11788617886178862,0.42073170731707316,0.39634146341463417,0.6727642276422764,0.30691056910569103,0.5,0.5,0.5,0.5,0.3995943204868154,0.21906693711967545,0.3333333333333333
2026-06-26,40.72,41.03,39.27,39.37,1824097.0,41.618,43.135,44.5655,54.83616666666666,-0.0540150896246816,-0.0872841080329199,-0.116581211924022,-0.2820431771002714,44.5655,50.65447701199601,38.47652298800399,0.0733684008190877,0.273259674500784,-0.0404582013161102,-0.107458626161868,-0.0672826344468136,-0.2249999999999999,0.0147381271975798,0.0294918094437383,0.0259770991052275,26.6203703674947,-3.470951596548666,-3.498920882668271,0.027969286119605,-19755925.0,21.086443361677865,1.755,1.1853782658350789,0.0,0.0,0.064516129032258,-0.0404582013161102,0.0259770991052275,26.6203703674947,0.1259135216010825,0.0,0.0,0.0,0.5,-2.4127626066796584,-2.2322092735939645,-2.5139088323932706,-2.555901585783719,-0.4301960369056358,-2.4303626116264434,-2.3936594315144544,-2.6338754375067057,-2.125372341668989,-1.364152793524418,-1.6806903608790176,-1.5102234476847756,-2.1787246584745503,-2.6338754375067057,-2.440045604214241,-2.3640587897482543,-1.266084488588289,0.7096409153726171,-1.0398430023030647,-1.31726776984434,-0.6511372131067933,-1.590836384820667,-0.886353439811926,-0.0161554149534484,-0.4112999510649524,-1.171125839011331,-1.8066447204302336,-2.02345464945318,0.1558287672569424,0.0112556689673042,-1.8343597946960235,-0.995412017762874,0.5448861453440922,-1.3028123111356755,-1.2943111840926007,-1.0398430023030647,-0.4112999510649524,-1.171125839011331,0.1007558567387027,0.0,0.0,0.0,0.0,其他,0,0,0.5,1.0,0,0.7601626016260162,-0.053848107696215286,-0.06781813563627115,0.15682281059063136,0.1364562118126273,0.4378818737270876,0.4154786150712831,0.7942973523421588,0.24439918533604887,0.5,0.5,0.5,0.5,0.7601626016260162,0.20121951219512196,0.34826883910386963
2026-06-29,39.49,40.87,38.81,40.5,1799247.0,40.958000000000006,42.697,44.0105,54.3945,-0.0111821866302066,-0.0514556057802655,-0.079765056066166,-0.2554394286187021,44.0105,49.380845377503015,38.640154622496986,0.1731588237580399,0.2440483692523744,0.0287020574041148,-0.0753424657534246,-0.0975935828877005,-0.2151162790697675,0.027331336433785,0.0212865008024433,0.0268608742369562,39.31330471630569,-3.420354424150496,-3.4832075909647155,0.0628531668142198,-17956678.0,29.31041828407615,1.7078571428571423,1.1616931364304572,0.1070075757565626,0.0381370232870802,0.0387654320987653,0.0287020574041148,0.0268608742369562,39.31330471630569,-0.0136231790305011,0.0,0.0,0.0,0.5,-2.5312153407308635,-2.219713402896534,-2.5324268595478725,-2.3733484466230843,-0.4354314037832466,-2.4790203045290937,-2.4171959362221704,-2.671341699778896,-2.220353539846174,-0.2135579835301558,-0.9629792432332176,-1.0026900716279057,-1.9209827246066329,-2.671341699778896,-2.587988129034988,-2.3023057512024687,-0.9478939422236607,0.4099862056241551,0.8542949987597819,-0.899991584037539,-0.9614140408218488,-1.5068619150530984,-0.0647459978290204,-0.654157848468575,-0.3224461260176303,-0.4514237307234168,-1.7621600106756905,-1.9911108719031303,0.2222846787629876,0.0822012077394683,-1.356155072331093,-1.0401053885280425,0.4904424411145974,-0.9830208405449828,-1.153109854130967,0.8542949987597819,-0.3224461260176303,-0.4514237307234168,-0.1769068434870066,0.0,0.0,0.0,0.0,其他,0,0,0.5,1.0,0,0.6093117408906883,-0.10123456790123464,-0.06024691358024681,0.4198782961460446,0.14198782961460446,0.46247464503042596,0.6085192697768763,0.7058823529411765,0.5334685598377282,0.5,0.5,0.5,0.5,0.6093117408906883,0.18016194331983806,0.30425963488843816
2026-06-30,40.38,40.66,39.55,40.22,1177717.0,40.49,42.169,43.525,53.92316666666667,-0.006668313163744,-0.0462187863122198,-0.0759333716255026,-0.2541239232364568,43.525,48.372269442956,38.677730557044,0.1590864156707133,0.2227349542995915,-0.0069135802469135,-0.0549812030075188,-0.1160439560439561,-0.1944722611656318,0.0264346037771066,0.0196553273090479,0.026429621304298,38.51976450345434,-3.364070548130272,-3.4593801823978265,0.0953096342675547,-19134395.0,35.2655903838502,1.6435714285714285,0.7710039151598936,0.0877192982447088,0.0286871414106355,-0.0084535057185478,-0.0069135802469135,0.026429621304298,38.51976450345434,-0.3454389530731467,0.0,0.0,0.0,0.5,-2.378464287886524,-2.213051075067952,-2.3957243819238743,-2.372570539066952,-0.5943203524654224,-2.499687804060974,-2.451554095081718,-2.694731985100029,-2.3177708029619946,-0.0918757708823234,-0.8551951427129763,-0.9459271292885156,-1.8826822367630045,-2.694731985100029,-2.6868096082455075,-2.261555919068256,-0.9872790446953972,0.191274701180684,-0.1231973888034468,-0.6356726560486314,-1.1466663516724978,-1.3484871305887836,-0.1230875879612419,-0.7786300294201715,-0.364439152166144,-0.4949396091692797,-1.7158642200325545,-1.9551668443065395,0.2840505506822048,0.0354538771336121,-1.0124284689460088,-1.1023046477485652,-0.3831829537605539,-1.034452209507557,-1.17719657782564,-0.1231973888034468,-0.364439152166144,-0.4949396091692797,-0.8364006592716128,0.0,0.0,0.0,0.0,其他,0,0,0.5,1.0,0,0.4048582995951417,-0.09597215315763297,-0.054947787170561924,0.6247464503042597,0.2515212981744422,0.45233265720081134,0.6044624746450304,0.36105476673427994,0.513184584178499,0.5,0.5,0.5,0.5,0.4048582995951417,0.19433198380566802,0.3265720081135903
2026-07-01,40.0,40.99,39.6,40.53,1234255.0,40.33,41.787,43.0985,53.44866666666666,0.0049590875278948,-0.0300811257089524,-0.0595960416255786,-0.2417023187357339,43.0985,47.36098889487472,38.83601110512528,0.1987088924608961,0.1978021924134172,0.0077076081551468,-0.0193563997096539,-0.0861330326944758,-0.1738687321646963,0.0252693871341907,0.0199608828380511,0.0266755928928007,39.6366639095383,-3.256907163907961,-3.4188855786998538,0.1619784147918928,-17900140.0,41.87494770800398,1.6457142857142857,0.8240653481006848,0.147021546259227,0.0469065911846062,-0.0296076980014804,0.0077076081551468,0.0266755928928007,39.6366639095383,0.0480064395775894,0.0,0.0,0.0,0.5,-2.390344322078323,-2.148567539661141,-2.3535336882533824,-2.3000189163306253,-0.5779390930116152,-2.47936269053435,-2.46383810882886,-2.7067937330622285,-2.4091734639858533,0.2212079856338329,-0.5320614255553863,-0.7201882145496727,-1.75505598448188,-2.7067937330622285,-2.7782963184916816,-2.205527785138184,-0.8589943204952246,-0.0644584969697812,0.2784333936868751,-0.1757824507781456,-0.8329490649600393,-1.1930543376898948,-0.1989710744130974,-0.7519455575280433,-0.3389130405218457,-0.4302665958708513,-1.6436896545266384,-1.9108062542744493,0.411534254480089,0.0842817355862083,-0.6343460317974005,-1.0942346894102035,-0.2634372257079492,-0.8562562356110914,-1.1062883924999698,0.2784333936868751,-0.3389130405218457,-0.4302665958708513,-0.0499174598097488,0.0,0.0,0.0,0.0,其他,0,0,0.5,1.0,0,0.491869918699187,-0.08265482358746612,-0.021465581051073435,0.5254582484725051,0.21792260692464357,0.43380855397148677,0.4908350305498982,0.2830957230142566,0.395112016293279,0.5,0.5,0.5,0.5,0.491869918699187,0.258130081300813,0.44285714285714284
2026-07-02,40.5,41.17,40.12,40.28,1225904.0,40.17999999999999,41.373000000000005,42.7495,53.0575,0.0024888003982082,-0.0264181954414716,-0.0577667575059356,-0.2408236347358996,42.7495,46.70960885017645,38.78939114982355,0.18820301493622,0.1852704172056835,-0.006168270416975,-0.0182793078235437,-0.0932012606933814,-0.1476936098180278,0.0252350772755898,0.0196620424725876,0.0258793898958723,41.6305290495852,-3.155774515468025,-3.3662633660534875,0.2104888505854627,-19126044.0,47.1560261281377,1.635,0.843091599034674,0.1484502446957843,0.0367974120499928,-0.073485600794439,-0.006168270416975,0.0258793898958723,41.6305290495852,-0.006766024848998,0.0,0.0,0.0,0.5,-2.293593228757992,-2.102609906658945,-2.253847611342918,-2.2981122636341853,-0.5783704243575247,-2.4586040082594787,-2.479425907772844,-2.7056650768171404,-2.470182277658725,0.1540728217350715,-0.4576624514941043,-0.6926638522887397,-1.726262640752157,-2.7056650768171404,-2.81171064273976,-2.1808032023499107,-0.8881323229910507,-0.1929040692460872,-0.1039350116121451,-0.1614796295927139,-0.90247901833786,-1.0000118049465143,-0.2007458549726067,-0.7724328723410553,-0.4174797268615455,-0.3159436822133712,-1.5764266212100813,-1.8608936636307143,0.5038425170353107,0.0354054409172369,-0.3326405924822314,-1.099742130062314,-0.2200848227492773,-0.8484525353650663,-1.1333895382976644,-0.1039350116121451,-0.4174797268615455,-0.3159436822133712,-0.1592714272184111,0.0,0.0,0.0,0.0,其他,0,0,0.5,1.0,0,0.2125506072874494,-0.018619662363455802,,0.40365111561866124,0.2657200811359026,0.40365111561866124,0.49898580121703856,0.2961460446247465,0.3630831643002028,0.5,0.5,0.5,0.5,0.2125506072874494,0.48582995951417,0.5
2026-07-03,39.93,42.17,39.83,41.91,1665720.0,40.688,41.153,42.5705,52.726833333333325,0.0300334250884779,0.0183947707336038,-0.015515439095148,-0.2051485486516985,42.5705,46.32746672161877,38.81353327838122,0.4120966395256467,0.1765056422456841,0.0404667328699104,0.064516129032258,-0.0498753117206983,-0.0786986150802375,0.0211699555899339,0.0252769759029913,0.0269963742016198,35.8436606243869,-2.9105478059152503,-3.27512025402584,0.3645724481105898,-17460324.0,45.10472015107316,1.6100000000000003,1.1431570293688045,0.4143556280519678,0.102709260007672,-0.1111906466237174,0.0404667328699104,0.0269963742016198,35.8436606243869,0.3587687127213876,0.0,0.0,0.0,0.5,-2.331237571819788,-1.9712788745571712,-2.259987166906224,-2.0712956968979164,-0.4628779061876828,-2.355996197657986,-2.4680950089874885,-2.6786653005357755,-2.5094610278889142,0.896619001264213,0.4371595013591245,-0.1141490566281254,-1.4149767113891103,-2.6786653005357755,-2.804758045980725,-2.1472114847331216,-0.182858756824684,-0.2825527661313285,1.1784689864451483,0.907393333571535,-0.4511168766579239,-0.50271304134983,-0.4670302897805481,-0.3315795735806305,-0.3045190648726323,-0.6438926894451745,-1.434158638505926,-1.790482568137686,0.7991124575238379,0.10162983471557,-0.44846054640219,-1.120155166361404,0.4549638892251729,-0.064716243281069,-0.8998680323015552,1.1784689864451483,-0.3045190648726323,-0.6438926894451745,0.5728864332567007,0.0,0.0,0.0,0.0,其他,0,0,0.5,1.0,0,0.0931174089068826,-0.145549988069673,,0.7586206896551724,0.4746450304259635,0.4259634888438134,0.3630831643002028,0.7606490872210954,0.5699797160243407,0.5,0.5,0.5,0.5,0.0931174089068826,0.23076923076923078,0.5
2026-07-06,41.79,42.65,41.55,42.07,1335422.0,41.002,40.98,42.4025,52.39266666666666,0.0260475098775669,0.0265983406539775,-0.007841518778374,-0.1970250289480716,42.4025,45.91352249314225,38.89147750685776,0.4526491213464583,0.1656045041275381,0.0038177046051062,0.0387654320987653,-0.039497716894977,-0.0739599383667179,0.0193299188978805,0.0254038878263182,0.0270450665911781,32.90129610707261,-2.6724864490671294,-3.154593493034098,0.4821070439669692,-16124902.0,43.12496183182985,1.6050000000000004,0.9237500285338184,0.4404567699765018,0.1091791346538247,-0.1347753743760399,0.0038177046051062,0.0270450665911781,32.90129610707261,-0.1982914295319742,0.0,0.0,0.0,0.5,-2.073800561951709,-1.8993034559827604,-2.0154009805137165,-2.028120215662467,-0.5472367065545904,-2.282398084694125,-2.4509413205946573,-2.651357076556847,-2.5461399766759705,0.7856966333413834,0.5996086918325056,-0.0088507047061553,-1.335915970296579,-2.651357076556847,-2.8019212034751453,-2.1075405259998754,-0.0547636243576879,-0.3941266431461203,0.1661871787197892,0.5719135220133147,-0.3422177679056938,-0.4672111052057644,-0.5865716115822988,-0.3207909261046618,-0.298825565498638,-0.8088042102866626,-1.2981444851834638,-1.705286776045988,1.022090387475361,0.154673033804472,-0.5599511028749276,-1.1194419329875418,-0.0404758955858947,0.0123578440448864,-0.872756510627574,0.1661871787197892,-0.298825565498638,-0.8088042102866626,-0.5456095504818068,0.0,0.0,0.0,0.0,其他,0,0,0.5,1.0,0,0.1052631578947368,-0.1478488233895887,,0.6085192697768763,0.5354969574036511,0.4259634888438134,0.30425963488843816,0.592292089249493,0.6227180527383367,0.5,0.5,0.5,0.5,0.10526315789473684,0.23279352226720648,0.5
2026-07-07,41.89,42.06,39.72,39.88,2049355.0,40.934000000000005,40.712,42.247,51.990833333333335,-0.0257487663067377,-0.0204362350167026,-0.05602764693351,-0.2329417044671335,42.247,45.92019794700435,38.57380205299565,0.1778011920174123,0.1738915400854807,-0.0520560969812217,-0.0084535057185478,-0.0629699248120301,-0.072342405210514,0.0333603619098363,0.0288347193848427,0.0268855802305682,29.810298099211,-2.630216305068572,-3.049718055440993,0.4195017503724214,-18174257.0,41.86856099489935,1.6464285714285718,1.3998988681670903,0.083197389884451,0.0206227254346115,-0.0882647943831494,-0.0520560969812217,0.0268855802305682,29.810298099211,0.5346122798635937,0.0,0.0,0.0,0.5,-2.0376963839903603,-1.94216616567376,-2.219614927295424,-2.2639683081819344,-0.3602826046892337,-2.25931690728687,-2.4467706405473924,-2.623557570447949,-2.597332227232653,-0.6174859507409853,-0.3431498014573293,-0.6691760066841298,-1.6166518507367833,-2.623557570447949,-2.742498377156516,-2.1237832180612912,-0.9200242408630034,-0.3074777013213622,-1.3710242598488458,-0.0409333351702404,-0.585198806239147,-0.4542132895159302,0.3391682372056732,-0.0506992200302786,-0.314072332071816,-0.9809715084235612,-1.26803076733456,-1.6311039722951108,0.8972397477377304,0.0723927213391311,-0.6298549296975222,-1.0702325308069376,1.0323594595605043,-1.0403136893683176,-1.1717945338364526,-1.3710242598488458,-0.314072332071816,-0.9809715084235612,0.9265139074563736,0.0,0.0,0.0,0.0,其他,0,0,0.5,1.0,0,0.1156186612576064,-0.09679037111333999,,0.40447154471544716,0.5142276422764228,0.44308943089430897,0.29065040650406504,0.926829268292683,0.4369918699186992,0.5,0.5,0.5,0.5,0.11561866125760649,0.2738336713995943,0.5
2026-07-08,39.87,40.43,39.0,39.33,1202720.0,40.694,40.512,42.066,51.63966666666667,-0.0335184548090626,-0.0291765402843602,-0.0650406504065039,-0.2383761836830861,42.066,45.944368620680194,38.1876313793198,0.1472743738919178,0.1843944573133162,-0.0137913741223671,-0.0296076980014804,-0.048390999274135,-0.0842840512223517,0.0333032021202226,0.0278879221647085,0.0269768965847378,27.96536796197823,-2.6109993386087496,-2.961974312074545,0.3509749734657954,-19376977.0,41.33632505751405,1.6842857142857146,0.8280611037932238,0.0,0.0,-0.0546656496313247,-0.0137913741223671,0.0269768965847378,27.96536796197823,-0.4131226654239992,0.0,0.0,0.0,0.5,-2.2555671567657205,-2.09190475390034,-2.279021103805226,-2.297901532730622,-0.5796368297937028,-2.258231241742278,-2.4338388018942214,-2.6007572413674844,-2.630525243932295,-0.8254275606029821,-0.5173567015167949,-0.7901920502422731,-1.6431530315229703,-2.6007572413674844,-2.68435538524636,-2.148527473449304,-1.0116635000724037,-0.1979558030004889,-0.3135506862258521,-0.315375858968601,-0.4317334371893003,-0.5388259490450336,0.33454775808044,-0.1250842507391748,-0.3040405147976152,-1.0809367414326163,-1.2505831571976105,-1.5683274165784808,0.7618046757411093,0.0240388454048392,-0.6581773418329562,-1.0252939375104209,-0.2614165843495789,-1.2784482449486696,-1.2339308380517175,-0.3135506862258521,-0.3040405147976152,-1.0809367414326163,-0.9784256397265428,0.0,0.0,0.0,0.0,其他,0,0,0.5,1.0,0,0.1680161943319838,-0.05237732011187379,,0.48884381338742394,0.513184584178499,0.44016227180527384,0.2129817444219067,0.6713995943204868,0.3630831643002028,0.5,0.5,0.5,0.5,0.1680161943319838,0.3805668016194332,0.5
2026-07-09,39.01,39.32,36.88,37.32,2368480.0,40.102,40.141000000000005,41.78,51.226,-0.0693730985985737,-0.0702772726140356,-0.1067496409765438,-0.2714637098348494,41.78,46.16629924339567,37.39370075660433,-0.0084012458468788,0.2099712419045079,-0.0511060259344011,-0.073485600794439,-0.090421642700463,-0.1328996282527881,0.0390763291967537,0.031558638429706,0.0288939692963384,24.37735848799033,-2.726530209209628,-2.914885491501562,0.1883552822919343,-21745457.0,38.83361278720111,1.7835714285714286,1.5872945664273477,0.0,0.0,0.0592175777063237,-0.0511060259344011,0.0288939692963384,24.37735848799033,0.969269655447652,0.0,0.0,0.0,0.5,-2.3269864288258177,-2.1820102380383246,-2.5041230157763894,-2.497824254052512,-0.274152783381235,-2.299785140828282,-2.4430187999965427,-2.5938161372546804,-2.676236788746074,-1.7832217364267715,-1.3364419709175603,-1.3557641366331017,-1.889260189008712,-2.5938161372546804,-2.603872127952741,-2.226920078561764,-1.4925547744600258,0.0680045200776396,-1.337788912127004,-0.88386014795967,-0.868082982543359,-0.8869175395560539,0.7149233021538167,0.1647132284357053,-0.1095820465744754,-1.278091356113959,-1.3047218816490145,-1.5298744723358415,0.4452615388587189,-0.0711331626967013,-0.7988864791434129,-0.9164868701711144,1.4502054030608198,-1.2704191083999286,-1.2247588570023906,-1.337788912127004,-0.1095820465744754,-1.278091356113959,1.7897863857095373,0.0,0.0,0.0,0.0,其他,0,0,0.5,1.0,0,0.7550607287449392,0.015541264737406246,,0.21095334685598377,0.2535496957403651,0.4949290060851927,0.12981744421906694,0.9330628803245437,0.16024340770791076,0.5,0.5,0.5,0.5,0.7550607287449392,0.5040485829959515,0.5
2026-07-10,37.41,38.13,36.4,37.25,3282347.0,39.17,39.929,41.532,50.82016666666666,-0.0490171049272403,-0.0670940920133237,-0.1031012231532311,-0.2670232617628827,41.532,46.35506126852869,36.7089387314713,0.0560910631649663,0.2322575974437583,-0.0018756698821007,-0.1111906466237174,-0.0538481076962152,-0.1175076995972518,0.026853448722191,0.0295790050090018,0.0287571016140749,24.827056108012485,-2.79155832457392,-2.890220058116034,0.098661733542114,-25027804.0,35.8918067278388,1.7564285714285717,2.0387859449825125,0.0,0.0,-0.0386577181208053,-0.0018756698821007,0.0287571016140749,24.827056108012485,0.3858453522934539,0.0,0.0,0.0,0.5,-2.4805426551369325,-2.276305070516348,-2.521999993008772,-2.466907092604301,-0.0346192872816803,-2.379977501802582,-2.431516805731415,-2.58159105187042,-2.715335213238312,-1.2257058595012476,-1.264907589021626,-1.2972035465087974,-1.8290915614290688,-2.58159105187042,-2.5322742153182345,-2.2868718602476976,-1.2809650220993605,0.29967090451207,0.0220150507541932,-1.3668101687320948,-0.4837529394998362,-0.7724760679969156,-0.0962311445611644,0.0078451977168768,-0.1231805767803501,-1.2450062586003297,-1.3313920567090307,-1.5048601448109027,0.2703756276720879,-0.2030729886244376,-0.963688598248698,-0.9410313475882138,2.430642398052007,-1.2625395961336157,-1.2157887868534765,0.0220150507541932,-0.1231805767803501,-1.2450062586003297,0.6183096985486067,0.0,0.0,0.0,0.0,其他,0,0,0.5,1.0,0,0.4048582995951417,-0.014765100671140896,,0.09127789046653144,0.20689655172413793,0.4908722109533469,0.12778904665314403,0.9614604462474645,0.1257606490872211,0.5,0.5,0.5,0.5,0.4048582995951417,0.5910931174089069,0.5
2026-07-13,36.88,37.5,36.0,36.4,2181850.0,38.036,39.519,41.108,50.3735,-0.0430118834788095,-0.0789240618436701,-0.1145275858713632,-0.2773978381490267,41.108,46.176518313542736,36.03948168645726,0.0355644678816592,0.2465952278646691,-0.0228187919463087,-0.1347753743760399,-0.1012345679012346,-0.1889483065953655,0.0224902849754134,0.0274427878059107,0.0239036879320652,25.594294767366733,-2.878499914129044,-2.8878760293186363,0.0093761151895921,-27209654.0,35.47918897289877,1.7221428571428572,1.3598110443194258,0.0,0.0,-0.01510989010989,-0.0228187919463087,0.0239036879320652,25.594294767366733,-0.3352774706635222,0.0,0.0,0.0,0.5,-2.503222698810109,-2.309680487674702,-2.529215877601612,-2.524744447712057,-0.3228379899313595,-2.479747776607647,-2.4449088115992748,-2.5939255929764173,-2.7602032998103003,-1.0584465136901156,-1.4913513016943254,-1.4434301301892436,-1.8874165073614464,-2.5939255929764173,-2.5112932621057427,-2.341614033878746,-1.336689947174909,0.4482601859069779,-0.5561654036746317,-1.6597697517896808,-0.976451399906028,-1.2822314968684645,-0.385524716913383,-0.1614247802205437,-0.6151368077290352,-1.194537677717874,-1.3692084183986433,-1.4929104941565583,0.0963506939785211,-0.2905837484923982,-0.9829317294887598,-0.9728728114279446,0.9087339334012622,-1.2548051162730487,-1.2070133228530524,-0.5561654036746317,-0.6151368077290352,-1.194537677717874,-0.8262525212918524,0.0,0.0,0.0,0.0,其他,0,0,0.5,1.0,0,0.3987854251012145,0.045604395604395664,,0.10344827586206896,0.14807302231237324,0.3630831643002028,0.2210953346855984,0.8823529411764706,0.20486815415821502,0.5,0.5,0.5,0.5,0.39878542510121456,0.708502024291498,0.5
2026-07-14,36.49,36.77,35.91,36.36,1338646.0,37.332,39.133,40.651,49.9285,-0.0260366441658631,-0.0708609102292182,-0.1055570588669404,-0.2717586148191915,40.651,45.70031011441759,35.6016898855824,0.0750904675318753,0.2484224306612468,-0.001098901098901,-0.0882647943831494,-0.0959721531576329,-0.2008791208791208,0.0205090710167757,0.027583138553532,0.0233430473944197,28.25896762558509,-2.917004009321936,-2.8937016253192964,-0.0233023840026391,-28548300.0,36.02811743391529,1.653571428571429,0.848704639790485,0.0,0.0,-0.0093509350935092,-0.001098901098901,0.0233430473944197,28.25896762558509,-0.3864628640832321,0.0,0.0,0.0,0.5,-2.5085747770845708,-2.3513156561813955,-2.4998140167794545,-2.4895240746110225,-0.5431747547462167,-2.5235780932893728,-2.454381072380478,-2.6095321626378096,-2.7997603049435007,-0.5981203658095761,-1.3216931125024254,-1.3120535797298327,-1.8187624174854715,-2.6095321626378096,-2.5285730435490894,-2.3632189320269825,-1.2053910504681755,0.4660561211132679,0.0459239424603631,-1.0517845847895693,-0.9174007460978272,-1.3593090965483272,-0.5161361771653237,-0.1499075939128669,-0.6699758056983374,-1.03784460080115,-1.3809625351548,-1.485793075663725,0.032526477681931,-0.3439707975394069,-0.947217313752528,-1.0403432854446184,-0.2338071717764777,-1.2472112718528263,-1.1984255249920994,0.0459239424603631,-0.6699758056983374,-1.03784460080115,-0.925319928621588,0.0,0.0,0.0,0.0,其他,0,0,0.5,1.0,0,0.5616161616161616,0.045379537953795346,,0.11336032388663968,0.1214574898785425,0.31983805668016196,0.16194331983805668,0.4797570850202429,0.1720647773279352,0.5,0.5,0.5,0.5,0.5616161616161616,0.7777777777777778,0.5
2026-07-15,36.36,37.27,36.12,37.18,1348514.0,36.902,38.798,40.2925,49.49166666666667,0.0075334670207576,-0.0417031805763183,-0.0772476267295402,-0.248762417915474,40.2925,45.25336951206842,35.33163048793157,0.1862949133769017,0.2462428249453926,0.0225522552255226,-0.0546656496313247,-0.0826548235874661,-0.1616685456595264,0.0276366192880548,0.0289873233347363,0.0242248101952478,33.89121338515082,-2.8485157200990514,-2.884664444275248,0.0361487241761961,-27199786.0,41.97831069124628,1.5914285714285723,0.8544916025765015,0.1017369727034524,0.0295602018744428,0.00242065626681,0.0225522552255226,0.0242248101952478,33.89121338515082,0.0073716277492332,0.0,0.0,0.0,0.5,-2.4843056019967102,-2.269214876739233,-2.43726312594741,-2.3615102884700367,-0.5390722172319699,-2.5330726150051865,-2.4569054000983006,-2.610550895890337,-2.832818061640021,0.3092185529200653,-0.7365088222003426,-0.9209757746923048,-1.6178053583564045,-2.610550895890337,-2.5408400840073373,-2.3619334365052014,-0.8527048072912717,0.4419462041903272,0.7008218236680354,-0.6143830122048426,-0.7748403618570957,-1.0706142613310676,-0.0401772998171678,-0.0378122091546688,-0.5781547052226886,-0.7147608796174171,-1.3363959689484344,-1.470507650623317,0.1484380876336243,-0.2885727007103128,-0.6030860607970226,-1.1004118159999303,-0.220293277522714,-0.943962558000774,-1.0896969522079054,0.7008218236680354,-0.5781547052226886,-0.7147608796174171,-0.1336358095252988,0.0,0.0,0.0,0.0,其他,0,0,0.5,1.0,0,0.7515151515151515,0.06670252824098966,,0.1659919028340081,0.21862348178137653,0.3360323886639676,0.19230769230769232,0.4190283400809717,0.22672064777327935,0.5,0.5,0.5,0.5,0.7515151515151515,0.8603238866396761,0.5
2026-07-16,36.97,40.9,36.95,39.53,5486727.0,37.344,38.723,40.048,49.082166666666666,0.0585368466152527,0.0208403274539679,-0.0129344786256492,-0.1946158312761253,40.048,44.6190328212136,35.4769671787864,0.4433388448185757,0.2282777078107363,0.0632060247444863,0.0592175777063237,-0.0186196623634558,-0.110085547050878,0.0328248020237399,0.0367829756825786,0.0290189503545574,50.632911386797005,-2.5749307017372587,-2.82271769576765,0.2477869940303914,-21713059.0,56.346755589785474,1.747857142857144,3.030294009478383,0.4090322580592385,0.1155247813406869,-0.0412345054389072,0.0632060247444863,0.0290189503545574,50.632911386797005,3.0687208290014043,0.0,0.0,0.0,0.5,-2.379079143523633,-1.88135344303452,-2.3069389242613503,-2.071659881706427,0.5515685700945986,-2.4422747180378632,-2.427903626652036,-2.596045971731633,-2.855505289490725,1.6774565618309958,0.5130673510204088,-0.0412571944706591,-1.179081071264066,-2.596045971731633,-2.574887757721344,-2.307679011444711,-0.0449004492192633,0.2524690180564922,1.8146054311756323,0.8605748965071073,-0.1020021384598726,-0.6957137456015727,0.3062445379982569,0.5836890131453547,-0.0878583198608742,0.238735750799166,-1.1848412667544015,-1.4259555364030578,0.5615220179068305,-0.065330232776755,0.2240447383638517,-0.9312161864144746,4.435713978670415,-0.0404233920210719,-0.790197004251709,1.8146054311756323,-0.0878583198608742,0.238735750799166,5.593868158904692,0.0,0.0,0.0,0.0,其他,0,0,0.5,1.0,0,0.3595959595959596,,,0.7550607287449392,0.33805668016194335,0.49190283400809715,0.4716599190283401,0.9959514170040485,0.4757085020242915,0.5,0.5,0.5,0.5,0.3595959595959596,0.5,0.5
2026-07-17,39.61,39.64,35.58,35.81,6272317.0,37.056,38.113,39.633,48.63533333333333,-0.0336247841105352,-0.0604255765749218,-0.096460020689829,-0.2637040286211669,39.633,44.15812099285533,35.10787900714466,0.0775803557469684,0.2283511716420113,-0.0941057424740703,-0.0386577181208053,-0.145549988069673,-0.1881659487644524,0.0584662153370305,0.0437700040677048,0.0351566745389495,34.602757711855304,-2.6279916580727587,-2.783772488228672,0.1557808301559133,-27985376.0,43.25585180932495,1.8907142857142871,3.0105482657524125,0.0,0.0,0.0248533929070091,-0.0941057424740703,0.0351566745389495,34.602757711855304,0.1431800780319487,0.0,0.0,0.0,0.5,-2.054261914038172,-1.9873861034395324,-2.430811009032224,-2.451774609771816,0.7566662485187882,-2.43841704120225,-2.4635318196052776,-2.6042170156958044,-2.883357884791716,-0.8075429767114861,-1.1095974530178734,-1.179714938017097,-1.7082753842462084,-2.6042170156958044,-2.585570186457895,-2.3207161614405547,-1.1901605419859849,0.2526182597288215,-2.4993417553442208,-0.4095687332648669,-1.428415084963653,-1.2526040268523748,2.0030727740550307,1.1372600321251565,0.5394238509935033,-0.6745303493997703,-1.2066267042372774,-1.3950200138735622,0.3800541223183961,-0.3201706059879295,-0.5301316339523992,-0.7774514645966846,4.197947032700645,-1.2384320118226029,-1.1799719208749706,-2.4993417553442208,0.5394238509935033,-0.6745303493997703,0.1058251206062434,0.0,0.0,0.0,0.0,其他,0,0,0.5,1.0,0,0.8080808080808081,,,0.402834008097166,0.20242914979757085,0.6275303643724697,0.22469635627530365,0.9919028340080972,0.25303643724696356,0.5,0.5,0.5,0.5,0.8080808080808081,0.5,0.5
2026-07-20,35.57,36.86,35.21,35.85,3148422.0,36.946,37.491,39.2355,48.17633333333333,-0.0296649163644237,-0.043770504921181,-0.0862866536682341,-0.2558586858000816,39.2355,43.61371148295207,34.857288517047934,0.113369521642132,0.2231760259428787,0.001117006422787,-0.01510989010989,-0.1478488233895887,-0.1815068493150684,0.0577669373325271,0.0436510313277408,0.0352372149059263,35.423615740520816,-2.6364241263057693,-2.754302815844092,0.1178786895383225,-24836954.0,37.448324112929015,1.929285714285716,1.4420081604981791,0.005925925925838,0.0014290818149287,0.0616457461645747,0.001117006422787,0.0352372149059263,35.423615740520816,-0.4980448213953472,0.0,0.0,0.0,0.5,-2.473870446412189,-2.2375344847029,-2.4368395786419144,-2.4114733072180923,-0.069660555887535,-2.41461179955138,-2.498373184794547,-2.6092177102841005,-2.9101036638504474,-0.6983089964197268,-0.773334765216541,-1.035372413345942,-1.6290924107683984,-2.6092177102841005,-2.6051102427704955,-2.318144990466169,-1.0721723330977029,0.1975026572479483,0.1056261921225062,-0.1029477434723657,-1.442562890398298,-1.1976826456645948,1.9361477414361343,1.1220619040696187,0.5460385361293847,-0.6256265239827628,-1.204760966922579,-1.369890217903727,0.3048353426726352,-0.1912043451562821,-0.8625334722333703,-0.7341094587384341,0.9638920176125878,-1.213972908331284,-1.1671357458439224,0.1056261921225062,0.5460385361293847,-0.6256265239827628,-1.094396730292647,0.0,0.0,0.0,0.0,其他,0,0,0.5,1.0,0,0.8121212121212121,,,0.39878542510121456,0.26720647773279355,0.6255060728744939,0.2692307692307692,0.7995951417004049,0.305668016194332,0.5,0.5,0.5,0.5,0.8121212121212121,0.5,0.5
2026-07-21,35.6,36.79,35.55,36.02,2693784.0,36.878,37.105,38.9085,47.71816666666666,-0.0232659037908778,-0.0292413421371781,-0.0742382769831783,-0.2451512177402734,38.9085,43.21761042229812,34.59938957770187,0.1648380156296867,0.2214996940147809,0.0047419804741981,-0.0093509350935092,-0.0967903711133399,-0.1536654135338345,0.0578402803553686,0.0419555908763973,0.0350766023846371,34.814814811532614,-2.599424788114952,-2.723327210298264,0.123902422183312,-22143170.0,39.64289777637657,1.91857142857143,1.203436152726953,0.0335463258780585,0.0075026795283762,0.0552470849528039,0.0047419804741981,0.0350766023846371,34.814814811532614,-0.14440186226624,0.0,0.0,0.0,0.5,-2.433884965161472,-2.216139571909079,-2.364001625326036,-2.359165848448625,-0.1897824969024273,-2.3871174531042323,-2.5037638211826634,-2.604568440932276,-2.9329204822373574,-0.5238028372114144,-0.4808241117603689,-0.8668639521316789,-1.530249487422017,-2.604568440932276,-2.605656873911697,-2.3164135540112296,-0.9064571729665912,0.179337520966344,0.2045596892193596,-0.027791956258732,-0.9039895898689446,-0.9922937353374064,1.921144038160993,0.9821854851602598,0.5279609354338445,-0.6583641923222804,-1.1791333091260925,-1.344338198877001,0.3159638759045136,-0.0808223142445055,-0.7330278121148852,-0.7428562634652698,0.4712522035885917,-1.1268298753806856,-1.138794145213842,0.2045596892193596,0.5279609354338445,-0.6583641923222804,-0.4288145230858853,0.0,0.0,0.0,0.0,其他,0,0,0.5,1.0,0,0.8363636363636363,,,0.5607287449392713,0.2975708502024291,0.6356275303643725,0.3299595141700405,0.5546558704453441,0.32793522267206476,0.5,0.5,0.5,0.5,0.8363636363636363,0.5,0.5
2026-07-22,35.66,37.67,35.31,37.27,3254819.0,36.896,36.899,38.7055,47.276,0.0101366001734606,0.010054473020949,-0.0370877523866116,-0.2116507318724086,38.7055,42.91568551910037,34.49531448089964,0.3295205765256054,0.2175497290612179,0.0347029428095502,0.00242065626681,-0.0523773201118737,-0.0982337285264939,0.0592879603805618,0.0441274662762095,0.0359274163212177,40.504731857621046,-2.4410985294742886,-2.666881474133469,0.2257829446591803,-18888351.0,42.60945295129844,2.0121428571428583,1.3996077053398346,0.2332268370569774,0.0526695526693627,0.0641266434129324,0.0347029428095502,0.0359274163212177,40.504731857621046,0.2082702250811499,0.0,0.0,0.0,0.5,-2.3924458258078047,-2.1046108507754147,-2.3578556243005213,-2.195563271506685,-0.0406434077161325,-2.351309378212405,-2.488024004426115,-2.5843065157954173,-2.9489492510851654,0.3800757963632763,0.3073787410339932,-0.356909666781232,-1.2587219880539915,-2.5843065157954173,-2.594879112222864,-2.29578666276827,-0.3872357665980317,0.1371248723243362,1.0232254042139473,0.1257667476023452,-0.4373575129401015,-0.5906576771418408,1.9945931561096208,1.1499444600235755,0.6136254408459115,-0.3313211709509626,-1.0902354858285348,-1.3050356949657131,0.5156413321300594,0.052512367991844,-0.5595726255255575,-0.6416774778013076,0.8724305093130256,-0.5385783932067221,-0.9782726578165186,1.0232254042139473,0.6136254408459115,-0.3313211709509626,0.234496910112058,0.0,0.0,0.0,0.0,其他,0,0,0.5,1.0,0,0.7672064777327935,,,0.7510121457489879,0.38866396761133604,0.6538461538461539,0.44534412955465585,0.8947368421052632,0.4352226720647773,0.5,0.5,0.5,0.5,0.7672064777327935,0.5,0.5
2026-07-23,37.1,37.98,36.57,37.9,2221062.0,36.57,36.957,38.549,46.86366666666667,0.0363686081487557,0.0255161403793597,-0.0168357155827648,-0.1912711339986201,38.549,42.62595913512176,34.47204086487824,0.420406364335234,0.2115208765525012,0.0169036758787226,-0.0412345054389072,0.0155412647374062,-0.076285644650256,0.0502522472641072,0.0412906736530092,0.0362358219382477,36.49831649487559,-2.2389785435116494,-2.581300888009105,0.3423223444974557,-16667289.0,43.18652193427268,1.9457142857142864,0.942897797253128,0.3338658146911518,0.0753968253965532,,0.0169036758787226,0.0362358219382477,36.49831649487559,-0.317608137349573,0.0,0.0,0.0,0.5,-2.2065239300637494,-2.0513328256839976,-2.1888498162786325,-2.1031087691775334,-0.3151423348803068,-2.354414947445429,-2.443022044884896,-2.559142272838046,-2.9560521342554744,1.0868631439323355,0.6165603141677177,-0.0786790611582204,-1.0926762961117522,-2.559142272838046,-2.5829723140837766,-2.266184507189456,-0.1004562253867632,0.0728719545785363,0.5328251009817035,-0.4448033902131678,0.2751101996586673,-0.4309472174598592,1.3950072566745109,0.9195014812120992,0.6433381857647631,-0.5598449723651734,-0.979211519991664,-1.2501218335139537,0.7435503780372523,0.1434602767971691,-0.5246102137166407,-0.7097796097395023,-0.0701603064383296,-0.2418356016843947,-0.8956800322666227,0.5328251009817035,0.6433381857647631,-0.5598449723651734,-0.7548516748212122,0.0,0.0,0.0,0.0,其他,0,0,0.5,1.0,0,,,,0.3582995951417004,0.3319838056680162,0.6558704453441295,0.32793522267206476,0.6153846153846154,0.41295546558704455,0.5,0.5,0.5,0.5,0.5,0.5,0.5
2026-07-24,37.5,38.22,36.7,36.7,1465530.0,36.748000000000005,36.902,38.4155,46.53566666666667,-0.001306193534342,-0.0054739580510541,-0.0446564537751686,-0.2113575966821148,38.4155,42.553663716837136,34.27733628316285,0.2927220722262234,0.2154423978251679,-0.0316622691292874,0.0248533929070091,-0.0147651006711408,-0.0678181356362711,0.024408499708019,0.0426790187220656,0.0358123005302239,33.102580236227595,-2.150833498949474,-2.495207410197179,0.3443739112477049,-18132819.0,39.32204736084378,1.975714285714286,0.6269266477470309,0.1421725239593903,0.0321067821066663,,-0.0316622691292874,0.0358123005302239,33.102580236227595,-0.340167001191322,0.0,0.0,0.0,0.5,-2.1375460144403844,-2.0064689642205984,-2.148567975051358,-2.204106321063958,-0.5153115232825525,-2.302887982948751,-2.41272576386056,-2.5322941980898195,-2.9442997638109283,0.0647077879138661,-0.0077029384008041,-0.4602480689742009,-1.240723513976416,-2.5322941980898195,-2.546894166740832,-2.258374574460801,-0.5025085108078611,0.1143894848602908,-0.8005614609049668,0.4211332927003574,-0.0436482984383169,-0.3687122415741121,-0.2902468736277938,1.0258583301314883,0.5977454035003846,-0.7526046527057803,-0.9289177281964214,-1.195641447912792,0.7451756046897957,0.0829477049032409,-0.746552308048738,-0.6757290306872187,-0.7213871735607519,-0.8041459314157088,-1.0383834098977462,-0.8005614609049668,0.5977454035003846,-0.7526046527057803,-0.7947031774139731,0.0,0.0,0.0,0.0,其他,0,0,0.5,1.0,0,,,,0.8076923076923077,0.35020242914979755,0.645748987854251,0.3157894736842105,0.29959514170040485,0.4068825910931174,0.5,0.5,0.5,0.5,0.5,0.5,0.5
2026-07-27,36.51,38.28,36.22,38.06,17426.0,37.190000000000005,37.068,38.2935,46.27866666666667,0.0233933853186338,0.0267616272795943,-0.0060976405917453,-0.1775908265867642,38.2935,42.31513766066301,34.27186233933699,0.4709695378165171,0.2100428355022397,0.0370572207084467,0.0616457461645747,0.0456043956043956,-0.0602469135802468,0.027954420750959,0.0434164536087784,0.0362462536065273,43.95750331596676,-1.9487730404775905,-2.3859205362532614,0.4371474957756711,-18115393.0,41.766289884021184,1.9550000000000003,0.0077498803284791,0.359424920122054,0.0811688311685383,,0.0370572207084467,0.0362462536065273,43.95750331596676,-0.9881094211650392,0.0,0.0,0.0,0.5,-2.216635209478451,-1.9799970175768544,-2.1752155549637204,-2.037286053191116,-0.8987827327117954,-2.2252201702047767,-2.3592077631772,-2.5052664055663043,-2.9184816403974936,0.7337716721866757,0.6411255947690654,0.0711509923394701,-0.9720990615726944,-2.5052664055663043,-2.531085142356861,-2.2282602001203253,0.0615807553844204,0.0566031196823921,1.0865006754513344,0.9011675274715653,0.5911569497624418,-0.3130301866915546,-0.0583470602906529,1.0796810007080355,0.6405654748924304,-0.1271670122667154,-0.8190773193782956,-1.1289295832436506,0.9252915448562355,0.0834916811378045,-0.6025896746286827,-0.695477807823917,-1.9813174706434973,-0.1625424445557438,-0.8656278583239354,1.0865006754513344,0.6405654748924304,-0.1271670122667154,-1.9976031196579227,0.0,0.0,0.0,0.0,其他,0,0,0.5,1.0,0,,,,0.8117408906882592,0.305668016194332,0.6497975708502024,0.37044534412955465,0.5,0.5040485829959515,0.5,0.5,0.5,0.5,0.5,0.5,0.5
2026-07-28,37.7,38.9,37.7,38.01,20092.0,37.588,37.233,38.18300000000001,45.98716666666667,0.0112269873363839,0.0208685843203608,-0.0045308121415291,-0.1734650609046727,38.18300000000001,42.10189404376983,34.26410595623019,0.4779274460963248,0.2052690487263731,-0.0013137151865476,0.0552470849528039,0.0453795379537953,-0.0549477871705619,0.0284923840604609,0.0434200471740586,0.0362317162418803,45.467032962661136,-1.7722439286325835,-2.263185214729126,0.4909412860965423,-18135485.0,43.322675707800805,1.9385714285714288,0.0091716249680006,0.3514376996748966,0.0793650793647929,,-0.0013137151865476,0.0362317162418803,45.467032962661136,0.1529897853781705,0.0,0.0,0.0,0.5,-2.066074573284559,-1.901849197217086,-1.991673739704864,-2.0208507790759205,-0.8947107093713728,-2.1552781947441413,-2.308132028645129,-2.478070118848419,-2.9005139419492822,0.4017158135427384,0.5205724576016222,0.0925897448848661,-0.9350654759166788,-2.478070118848419,-2.5130687407679013,-2.1996122768137982,0.083466434615337,0.005499039474478,0.0303834424089881,0.8141615827514849,0.5870701308785329,-0.2738595737016159,-0.0230597094811797,1.074916129457269,0.6370280992501228,-0.0399531559530668,-0.7232603538117522,-1.055442055106936,1.027436876618082,0.0824888728683656,-0.5105341773237593,-0.7106157176929704,-1.9567004769372829,-0.1857368431557653,-0.8676235974081783,0.0303834424089881,0.6370280992501228,-0.0399531559530668,0.1442210842309462,0.0,0.0,0.0,0.0,其他,0,0,0.5,1.0,0,,,,0.8360323886639676,0.3259109311740891,0.6538461538461539,0.3765182186234818,0.6842105263157895,0.48380566801619435,0.5,0.5,0.5,0.5,0.5,0.5,0.5
2026-07-29,38.1,40.77,37.92,39.66,33392.0,38.066,37.481,38.1395,45.69783333333333,0.0418746387852675,0.0581361223019663,0.0398668047562238,-0.132125155459595,38.1395,41.966949198670015,34.31205080132998,0.6986309838493071,0.2007078854552357,0.0434096290449881,0.0641266434129324,0.0667025282409896,-0.0214655810510734,0.0304887745834831,0.0448182419138673,0.0375985493801237,58.23943661397638,-1.4821172017779034,-2.106971612138881,0.6248544103609781,-18102093.0,46.57150771032392,1.9671428571428573,0.0156723859313771,0.6150159744310694,0.1388888888883876,,0.0434096290449881,0.0375985493801237,58.23943661397638,0.6619550069679474,0.0,0.0,0.0,0.5,-2.002393583014201,-1.708978606156515,-1.948010548935843,-1.831059497200436,-0.8878574677978956,-2.079446762578616,-2.250129760238379,-2.4441636860846145,-2.882654083477263,1.230624223565703,1.267945019101236,0.7050368437731853,-0.6101918305327687,-2.4441636860846145,-2.4872280407746428,-2.1655487150909,0.7824119542719093,-0.043330645837823,1.2570604700252408,0.9273276675605614,0.8096416725585869,-0.029989162068287,0.107760231694288,1.1804529172418952,0.775955146478063,0.6965973299778963,-0.5678465433394315,-0.9639980448971122,1.28555006489129,0.0836983141520126,-0.3202467136084066,-0.677994946363532,-1.9227835484163345,0.5938520257168786,-0.6602594904019569,1.2570604700252408,0.775955146478063,0.6965973299778963,1.0965928094493584,0.0,0.0,0.0,0.0,其他,0,0,0.5,1.0,0,,,,0.7667342799188641,0.44016227180527384,0.6835699797160243,0.5963488843813387,0.8580121703853956,0.7545638945233266,0.5,0.5,0.5,0.5,0.5,0.5,0.5
