date,open,high,low,close,volume,ma5,ma10,ma20,ma60,ma5_ratio,ma10_ratio,ma20_ratio,ma60_ratio,bollinger_mid,bollinger_upper,bollinger_lower,bollinger_pct_b,bollinger_bandwidth,return_1d,return_5d,return_10d,return_20d,volatility_5d,volatility_10d,volatility_20d,rsi_14,macd,macd_signal,macd_histogram,obv,mfi_14,atr_14,volume_ratio_20d,price_position_20d,price_position_60d,future_return,return,volatility,rsi,volume_change,csi300_return_1d,csi300_return_5d,csi300_volatility_20d,market_breadth,open_norm,high_norm,low_norm,close_norm,volume_norm,ma5_norm,ma10_norm,ma20_norm,ma60_norm,ma5_ratio_norm,ma10_ratio_norm,ma20_ratio_norm,ma60_ratio_norm,bollinger_mid_norm,bollinger_upper_norm,bollinger_lower_norm,bollinger_pct_b_norm,bollinger_bandwidth_norm,return_1d_norm,return_5d_norm,return_10d_norm,return_20d_norm,volatility_5d_norm,volatility_10d_norm,volatility_20d_norm,rsi_14_norm,macd_norm,macd_signal_norm,macd_histogram_norm,obv_norm,mfi_14_norm,atr_14_norm,volume_ratio_20d_norm,price_position_20d_norm,price_position_60d_norm,return_norm,volatility_norm,rsi_norm,volume_change_norm,csi300_return_1d_norm,csi300_return_5d_norm,csi300_volatility_20d_norm,market_breadth_norm,sector,sector_momentum_5d,sector_momentum_20d,sector_breadth,sector_vol_flow,sector_relative_strength,future_return_rank,future_return_10d,future_return_20d,cs_rank_return_5d,cs_rank_return_20d,cs_rank_volatility,cs_rank_rsi,cs_rank_volume_ratio_20d,cs_rank_ma20_ratio,cs_rank_max_ret_5d,cs_rank_reversal_1d,cs_rank_amihud_illiq,cs_rank_idio_vol_20d,future_return_rank_5d,future_return_rank_10d,future_return_rank_20d
2025-04-15,51.0,65.9,48.73,52.81,19387515.0,,,,,,,,,,,,,,,,,,,,,,0.0,0.0,0.0,0.0,,,,,,-0.2505207347093354,,,,,0.0,0.0,0.0,0.5,,,,,,,,,,,,,,,,,,,,,,,,,,,,,,,,,,,,,,,,,,,,其他,0,0,0.5,1.0,0,0.0020449897750511,-0.2923688695322856,-0.27646279113804206,0.5,0.5,0.5,0.5,0.5,0.5,0.5,0.5,0.5,0.5,0.002044989775051125,0.00408997955010225,0.002044989775051125
2025-04-16,44.69,51.55,43.43,45.28,15549536.0,,,,,,,,,,,,,,-0.1425866313198258,,,,,,,,-0.168942307692312,-0.09385683760684,-0.075085470085472,-15549536.0,,,,,,-0.1740282685512367,-0.1425866313198258,,,-0.1979613684373681,0.0,0.0,0.0,0.5,,,,,,,,,,,,,,,,,,,,,,,,,,,,,,,,,,,,,,,,,,,,其他,0,0,0.5,1.0,0,0.0061349693251533,-0.19920494699646651,-0.16364840989399299,0.5,0.5,0.5,0.5,0.5,0.5,0.5,0.5,0.5,0.5,0.006134969325153374,0.014314928425357873,0.016359918200409
2025-04-17,44.44,48.61,44.03,47.6,13739054.0,,,,,,,,,,,,,,0.0512367491166076,,,,,,,,-0.1433229716455528,-0.1141298433604108,-0.029193128285142,-1810482.0,,,,,,-0.2390756302521008,0.0512367491166076,,,-0.1164331848873175,0.0,0.0,0.0,0.5,,,,,,,,,,,,,,,,,,,,,,,,,,,,,,,,,,,,,,,,,,,,其他,0,0,0.5,1.0,0,0.0061224489795918,-0.21449579831932775,-0.20651260504201674,0.5,0.5,0.5,0.5,0.5,0.5,0.5,0.5,0.5,0.5,0.006122448979591836,0.012244897959183673,0.01020408163265306
2025-04-18,47.48,47.49,41.01,41.21,12658387.0,,,,,,,,,,,,,,-0.1342436974789915,,,,,,,,-0.3588668293963479,-0.1970353264349152,-0.1618315029614326,-14468869.0,,,,,,-0.1242416889104586,-0.1342436974789915,,,-0.0786565799945178,0.0,0.0,0.0,0.5,,,,,,,,,,,,,,,,,,,,,,,,,,,,,,,,,,,,,,,,,,,,其他,0,0,0.5,1.0,0,0.0122699386503067,-0.06794467362290713,-0.0691579713661733,0.5,0.5,0.5,0.5,0.5,0.5,0.5,0.5,0.5,0.5,0.012269938650306749,0.065439672801636,0.06339468302658487
2025-04-21,40.61,40.9,38.21,39.0,9799659.0,45.18,,,,-0.1367861885790172,,,,,,,,,-0.0536277602523659,,,,,,,,-0.5563760737302488,-0.3039310746784104,-0.2524449990518383,-24268528.0,,,,,,-0.0589743589743588,-0.0536277602523659,,,-0.2258366725555159,0.0,0.0,0.0,0.5,,,,,,,,,,,,,,,,,,,,,,,,,,,,,,,,,,,,,,,,,,,,其他,0,0,0.5,1.0,0,0.1513292433537832,0.0,-0.01717948717948725,0.5,0.5,0.5,0.5,0.5,0.5,0.5,0.5,0.5,0.5,0.15132924335378323,0.3006134969325153,0.2985685071574642
2025-04-22,38.6,41.79,37.81,39.58,8897101.0,42.534000000000006,,,,-0.0694503220952651,,,,,,,,,0.0148717948717949,-0.2505207347093354,,,0.0867445859426098,,,,-0.6398467548940943,-0.3949829005673871,-0.2448638543267071,-15371427.0,,,,,,-0.0558362809499747,0.0148717948717949,,,-0.0921009598395209,0.0,0.0,0.0,0.5,,,,,,,,,,,,,,,,,,,,,,,,,,,,,,,,,,,,,,,,,,,,其他,0,0,0.5,1.0,0,0.173469387755102,-0.056594239514906386,-0.03158160687215761,0.0,0.5,0.5,0.5,0.5,0.5,0.5,0.5,0.5,0.5,0.17346938775510204,0.11428571428571428,0.2755102040816326
2025-04-23,38.58,38.77,37.3,37.4,8082320.0,40.958,,,,-0.0868694760486351,,,,,,,,,-0.0550783223850429,-0.1740282685512367,,,0.0716287979149417,,,,-0.7811138518427114,-0.4927023432987478,-0.2884115085439636,-23453747.0,,,,,,-0.0304812834224599,-0.0550783223850429,,,-0.091578256782743,0.0,0.0,0.0,0.5,,,,,,,,,,,,,,,,,,,,,,,,,,,,,,,,,,,,,,,,,,,,其他,0,0,0.5,1.0,0,0.3190184049079754,0.016577540106951894,0.045454545454545636,0.004098360655737705,0.5,0.5,0.5,0.5,0.5,0.5,0.5,0.5,0.5,0.31901840490797545,0.43149284253578735,0.6584867075664622
2025-04-24,37.0,37.07,35.89,36.22,5788507.0,38.682,,,,-0.0636471743963601,,,,,,,,,-0.0315508021390373,-0.2390756302521008,,,0.0540049315570629,,,,-0.9193990785109136,-0.5952455928041155,-0.3241534857067981,-29242254.0,,,,,,0.0323025952512423,-0.0315508021390373,,,-0.2838062585990161,0.0,0.0,0.0,0.5,,,,,,,,,,,,,,,,,,,,,,,,,,,,,,,,,,,,,,,,,,,,其他,0,0,0.5,1.0,0,0.6789366053169734,0.05494202098288237,0.05604638321369415,0.004098360655737705,0.5,0.5,0.5,0.5,0.5,0.5,0.5,0.5,0.5,0.6789366053169734,0.6932515337423313,0.6584867075664622
2025-04-25,36.01,36.69,35.98,36.09,4045670.0,37.658,,,,-0.0416378989856072,,,,,,,,,-0.0035891772501379,-0.1242416889104586,,,0.0308714736466827,,,,-1.0076197216886629,-0.6905060623750487,-0.3171136593136139,-33287924.0,,,,,,0.0642837351066776,-0.0035891772501379,,,-0.3010857549278251,0.0,0.0,0.0,0.5,,,,,,,,,,,,,,,,,,,,,,,,,,,,,,,,,,,,,,,,,,,,其他,0,0,0.5,1.0,0,0.8591836734693877,0.0604045441950678,0.021612635078969156,0.012269938650306749,0.5,0.5,0.5,0.5,0.5,0.5,0.5,0.5,0.5,0.8591836734693877,0.7204081632653061,0.5306122448979592
2025-04-28,36.38,36.96,35.69,36.7,4316788.0,37.198,41.189,,,-0.0133878165492767,-0.1089854087256305,,,,,,,,0.0169021889720144,-0.0589743589743588,,,0.0310872301789038,,,,-1.024120655915489,-0.7652550976286847,-0.2588655582868042,-28971136.0,,,,,,0.0626702997275203,0.0169021889720144,,,0.0670143635046851,0.0,0.0,0.0,0.5,,,,,,,,,,,,,,,,,,,,,,,,,,,,,,,,,,,,,,,,,,,,其他,0,0,0.5,1.0,0,0.689161554192229,0.04877384196185286,0.013351498637601988,0.14754098360655737,0.5,0.5,0.5,0.5,0.5,0.5,0.5,0.5,0.5,0.689161554192229,0.623721881390593,0.37423312883435583
2025-04-29,36.55,38.31,36.12,37.37,6632206.0,36.75600000000001,39.645,,,0.0167047556861461,-0.0573842855341152,,,,,,,,0.0182561307901905,-0.0558362809499747,-0.2923688695322856,,0.0318378975646237,0.0654330121973434,,,-0.9859874088963848,-0.813550066083741,-0.1724373428126439,-22338930.0,,,,,,-0.0008027829810006,0.0182561307901905,,,0.536375193778337,0.0,0.0,0.0,0.5,,,,,,,,,,,,,,,,,,,,,,,,,,,,,,,,,,,,,,,,,,,,其他,0,0,0.5,1.0,0,0.1635610766045548,0.022477923468022576,-0.027562215681027458,0.16597510373443983,0.5,0.5,0.5,0.5,0.5,0.5,0.5,0.5,0.5,0.16356107660455488,0.42650103519668736,0.15320910973084886
2025-04-30,36.93,37.69,36.19,36.26,5005258.0,36.528000000000006,38.743,,,-0.0073368374945249,-0.0640889967219884,,,,,,,,-0.0297029702970297,-0.0304812834224599,-0.1992049469964665,,0.0241523115153864,0.0527273722337113,,,-1.00558922533331,-0.8547920236791817,-0.1507972016541281,-27344188.0,,,,,,0.0485383342526202,-0.0297029702970297,,,-0.2453102331260518,0.0,0.0,0.0,0.5,,,,,,,,,,,,,,,,,,,,,,,,,,,,,,,,,,,,,,,,,,,,其他,0,0,0.5,1.0,0,0.6809815950920245,0.044401544401544424,0.016547159404302292,0.3176229508196721,0.5,0.5,0.5,0.5,0.5,0.5,0.5,0.5,0.5,0.6809815950920245,0.5132924335378323,0.3987730061349693
2025-05-06,36.55,37.49,36.31,37.39,5167297.0,36.762,37.722,,,0.017082857298297,-0.0088012300514288,,,,,,,,0.0311638168781027,0.0323025952512423,-0.2144957983193277,,0.0238070703142296,0.0499979475829954,,,-0.9429552777126916,-0.8734504312921985,-0.069504846420493,-22176891.0,,,,,,0.0219309975929393,0.0311638168781027,,,0.0323737557584444,0.0,0.0,0.0,0.5,,,,,,,,,,,,,,,,,,,,,,,,,,,,,,,,,,,,,,,,,,,,其他,0,0,0.5,1.0,0,0.6434426229508197,0.010163145225996262,-0.010163145225996373,0.6837782340862423,0.5,0.5,0.5,0.5,0.5,0.5,0.5,0.5,0.5,0.6434426229508197,0.3135245901639344,0.28688524590163933
2025-05-07,37.6,38.87,37.24,38.41,7673067.0,37.226,37.44199999999999,,,0.0318057271799279,0.0258533198012926,,,,,,,,0.027280021396095,0.0642837351066776,-0.0679446736229071,,0.0244948900741229,0.0332201529525641,,23.392461196128963,-0.8247106181440031,-0.8632540260160539,0.0385434078720507,-14503824.0,28.29036234461581,4.072857142857144,,,,-0.0036448841447538,0.027280021396095,,23.392461196128963,0.4849285806486447,0.0,0.0,0.0,0.5,,,,,,,,,,,,,,,,,,,,,,,,,,,,,,,,,,,,,,,,,,,,其他,0,0,0.5,1.0,0,0.3210633946830266,-0.0013017443374120363,-0.045300702941942106,0.860655737704918,0.5,0.5,0.028688524590163935,0.5,0.5,0.5,0.5,0.5,0.5,0.3210633946830266,0.28629856850715746,0.1492842535787321
2025-05-08,37.99,39.68,37.31,39.0,8359182.0,37.68599999999999,37.44199999999999,,,0.0348670593854483,0.0416110250520807,,,,,,,,0.0153605831814631,0.0626702997275203,0.0,,0.0244396691674209,0.0292767695893285,,25.02712477269301,-0.6900022989887589,-0.8273400706415155,0.1373377716527566,-6144642.0,33.20603839166465,3.015714285714286,,,,-0.0130769230769229,0.0153605831814631,,25.02712477269301,0.0894186118797086,0.0,0.0,0.0,0.5,,,,,,,,,,,,,,,,,,,,,,,,,,,,,,,,,,,,,,,,,,,,其他,0,0,0.5,1.0,0,0.3967280163599182,-0.01717948717948725,-0.0543589743589743,0.6926229508196722,0.5,0.5,0.02663934426229508,0.5,0.5,0.5,0.5,0.5,0.5,0.3967280163599182,0.33537832310838445,0.13496932515337423
2025-05-09,38.4,38.53,37.22,37.34,5698693.0,37.68,37.218,,,-0.0090233545647557,0.0032779837712935,,,,,,,,-0.0425641025641024,-0.0008027829810006,-0.0565942395149063,,0.0340764843729199,0.0316574720289818,,31.7722681338622,-0.6797923319130206,-0.796975845952087,0.1171835140390664,-11843335.0,37.25289260525766,2.472857142857144,,,,0.0232994108194963,-0.0425641025641024,,31.7722681338622,-0.3182714528766092,0.0,0.0,0.0,0.5,,,,,,,,,,,,,,,,,,,,,,,,,,,,,,,,,,,,,,,,,,,,其他,0,0,0.5,1.0,0,0.7934560327198364,0.026513122656668386,0.036957686127477185,0.16393442622950818,0.5,0.5,0.06967213114754098,0.5,0.5,0.5,0.5,0.5,0.5,0.7934560327198364,0.7914110429447853,0.6175869120654397
2025-05-12,37.61,38.13,37.52,38.02,4073480.0,38.032,37.28,,,-0.000315523769457,0.0198497854077253,,,,,,,,0.0182110337439742,0.0485383342526202,0.0165775401069518,,0.0300232738349468,0.027008588894778,,26.21648460592337,-0.6214881461179189,-0.761069773103753,0.1395816269858341,-7769855.0,46.30097776371869,2.2021428571428574,,,,-0.0039452919516045,0.0182110337439742,,26.21648460592337,-0.2851904813963483,0.0,0.0,0.0,0.5,,,,,,,,,,,,,,,,,,,,,,,,,,,,,,,,,,,,,,,,,,,,其他,0,0,0.5,1.0,0,0.3374233128834356,0.028406102051551807,0.006575486586007262,0.680327868852459,0.5,0.5,0.03483606557377049,0.5,0.5,0.5,0.5,0.5,0.5,0.3374233128834356,0.7975460122699386,0.5112474437627812
2025-05-13,38.41,38.83,37.76,38.21,4408661.0,38.196000000000005,37.479,,,0.0003665305267566,0.0195042557165345,,,,,,,,0.0049973698053655,0.0219309975929393,0.0549420209828823,,0.0275682244609422,0.0243050773223383,,39.23959827439487,-0.5572275680875194,-0.7195534403374011,0.1623258722498817,-3361194.0,56.6125983542171,1.807857142857143,,,,-0.0115153101282385,0.0049973698053655,,39.23959827439487,0.0822836984593025,0.0,0.0,0.0,0.5,,,,,,,,,,,,,,,,,,,,,,,,,,,,,,,,,,,,,,,,,,,,其他,0,0,0.5,1.0,0,0.1864754098360656,0.0010468463752943968,0.01099188694059161,0.6427104722792608,0.5,0.5,0.10882956878850103,0.5,0.5,0.5,0.5,0.5,0.5,0.1864754098360656,0.5758196721311475,0.4774590163934426
2025-05-14,38.01,38.69,37.9,38.27,3833450.0,38.168000000000006,37.697,,,0.0026723957241667,0.0152001485529351,,,,,,,,0.0015702695629415,-0.0036448841447538,0.0604045441950678,,0.0245232316812607,0.024141807619142,,46.90415605889179,-0.4972160986799494,-0.6744357576736474,0.1772196589936979,472256.0,65.7213274661886,1.65,,,,0.0023517115233864,0.0015702695629415,,46.90415605889179,-0.1304729485891521,0.0,0.0,0.0,0.5,,,,,,,,,,,,,,,,,,,,,,,,,,,,,,,,,,,,,,,,,,,,其他,0,0,0.5,1.0,0,0.4549180327868852,-0.03658217925267848,0.022210608831983114,0.3182751540041068,0.5,0.5,0.2299794661190965,0.5,0.5,0.5,0.5,0.5,0.5,0.45491803278688525,0.3073770491803279,0.6024590163934426
2025-05-15,38.2,38.96,38.1,38.49,3881597.0,38.066,37.876000000000005,39.5325,,0.0111385488362318,0.0162107931143731,-0.026370707645608,,39.5325,48.06661944706905,30.998380552930943,0.4389216423258569,0.4317520747257302,0.0057486281682779,-0.0130769230769229,0.0487738419618528,,0.023317664105634,0.0238455585873322,,45.23184601370739,-0.430621833421192,-0.625104218904129,0.194482385482937,4353853.0,63.30485881032123,1.4271428571428575,0.4944790560517972,0.1435406698556007,,-0.0041569238763315,0.0057486281682779,,45.23184601370739,0.0125597047046395,0.0,0.0,0.0,0.5,,,,,,,,,,,,,,,,,,,,,,,,,,,,,,,,,,,,,,,,,,,,其他,0,0,0.5,1.0,0,0.4508196721311475,-0.033775006495193716,-0.007534424525850847,0.3942505133470226,0.5,0.5,0.2587268993839836,0.0944558521560575,0.11704312114989733,0.5,0.5,0.5,0.5,0.45081967213114754,0.17827868852459017,0.45081967213114754
2025-05-16,38.45,38.46,37.68,38.21,3008426.0,38.24,37.96,38.8025,,-0.0007845188284518,0.0065858798735511,-0.0152696346884864,,38.8025,44.61984565986205,32.98515434013794,0.4490747125331597,0.2998438585063882,-0.0072746167835802,0.0232994108194963,0.0224779234680225,-0.276462791138042,0.0091775610784933,0.0236382299572463,0.0510344939425638,54.24973766254465,-0.3925327018048037,-0.5781569029228367,0.185624201118033,1345427.0,67.78040145326902,1.3221428571428575,0.4278852988016022,0.184187662900224,,0.0031405391258831,-0.0072746167835802,0.0510344939425638,54.24973766254465,-0.2249514825985283,0.0,0.0,0.0,0.5,,,,,,,,,,,,,,,,,,,,,,,,,,,,,,,,,,,,,,,,,,,,其他,0,0,0.5,1.0,0,0.731006160164271,-0.04894006804501427,0.0002617115938234882,0.7942386831275721,0.0,0.9711934156378601,0.47530864197530864,0.06172839506172839,0.19958847736625515,0.5,0.5,0.5,0.5,0.731006160164271,0.1437371663244353,0.49691991786447637
2025-05-19,38.05,38.22,37.62,37.87,1780054.0,38.21,38.121,38.432,,-0.0088981941900027,-0.0065842973689044,-0.0146232306411324,,38.432,43.393182371805736,33.47081762819427,0.4433602760464751,0.2581797653930487,-0.0088981941900027,-0.0039452919516045,0.0444015444015444,-0.1636484098939929,0.0068849382899132,0.0212899834728406,0.0412177748799016,59.49367087649124,-0.3811724540586922,-0.5384671544973862,0.1572947004386939,-434627.0,71.57340104897003,1.2571428571428578,0.2806574756917203,0.1546481320577349,,0.0324795352521785,-0.0088981941900027,0.0412177748799016,59.49367087649124,-0.4083105251716346,0.0,0.0,0.0,0.5,,,,,,,,,,,,,,,,,,,,,,,,,,,,,,,,,,,,,,,,,,,,其他,0,0,0.5,1.0,0,0.9057377049180328,-0.026670187483496144,0.0007921837866384784,0.3326488706365503,0.014373716632443531,0.9322381930184805,0.47638603696098564,0.002053388090349076,0.1437371663244353,0.5,0.5,0.5,0.5,0.9057377049180327,0.36270491803278687,0.5532786885245902
2025-05-20,37.83,37.97,37.7,37.77,1848061.0,38.122,38.159,37.9405,,-0.0092335134567964,-0.0101941874787073,-0.0044938785730287,,37.9405,40.388609689665024,35.492390310334976,0.4651772139201319,0.1290499434461101,-0.0026406126221282,-0.0115153101282385,0.0101631452259962,-0.2065126050420167,0.0060860165863768,0.0191750627300573,0.0388307868551633,59.69976904346656,-0.3746369829748701,-0.5055065551559011,0.130869572181031,-2282688.0,73.78767824058721,1.225714285714286,0.3215197178681051,0.3281249999935914,,0.0127084988085781,-0.0026406126221282,0.0388307868551633,59.69976904346656,0.0382050207465616,0.0,0.0,0.0,0.5,,,,,,,,,,,,,,,,,,,,,,,,,,,,,,,,,,,,,,,,,,,,其他,0,0,0.5,1.0,0,0.8729508196721312,-0.020121789780249033,-0.012443738416732963,0.18275154004106775,0.008213552361396304,0.9055441478439425,0.47433264887063653,0.004106776180698152,0.19917864476386038,0.5,0.5,0.5,0.5,0.8729508196721312,0.38114754098360654,0.569672131147541
2025-05-21,37.79,38.6,37.37,38.36,3873028.0,38.14,38.154,37.798,,0.0057682223387518,0.005399171777533,0.0148685115614581,,37.798,39.72006686996884,35.875933130031164,0.6461967865729067,0.1017020408468041,0.0156208631188772,0.0023517115233864,-0.001301744337412,-0.0691579713661733,0.0101835914366967,0.0177101937280291,0.0261248609164,59.606481471823024,-0.3245784318705773,-0.4691492379225264,0.1445708060519491,1590340.0,73.68434940174832,1.222857142857143,0.7295726892758158,0.6504297994082969,,-0.0388425443169969,0.0156208631188772,0.0261248609164,59.606481471823024,1.0957251952181233,0.0,0.0,0.0,0.5,,,,,,,,,,,,,,,,,,,,,,,,,,,,,,,,,,,,,,,,,,,,其他,0,0,0.5,1.0,0,0.2438524590163934,-0.044056308654848775,-0.053441084462982236,0.4517453798767967,0.06570841889117043,0.7104722792607803,0.3798767967145791,0.4127310061601643,0.4004106776180698,0.5,0.5,0.5,0.5,0.24385245901639344,0.17827868852459017,0.3729508196721312
2025-05-22,38.01,38.8,37.81,38.33,3513725.0,38.108,38.087,37.764500000000005,,0.0058255484412719,0.0063801297030481,0.0149743807014521,,37.764500000000005,39.62057934267801,35.908420657322,0.6523372376740206,0.0982975727295789,-0.0007820646506778,-0.0041569238763315,-0.0171794871794872,-0.0171794871794872,0.0097536429723306,0.016871698560135,0.0232785203832697,55.99999999020001,-0.2839197906744033,-0.431962862317882,0.1480430716434786,-1923385.0,72.42935326556399,1.1371428571428568,0.7035430218142137,0.641833810869861,,-0.0297417166710148,-0.0007820646506778,0.0232785203832697,55.99999999020001,-0.0927705660790472,0.0,0.0,0.0,0.5,,,,,,,,,,,,,,,,,,,,,,,,,,,,,,,,,,,,,,,,,,,,其他,0,0,0.5,1.0,0,0.1065573770491803,-0.03782937646751883,-0.02791547091051394,0.44763860369609854,0.2936344969199179,0.6529774127310062,0.41478439425051333,0.32238193018480493,0.6324435318275154,0.5,0.5,0.5,0.5,0.10655737704918032,0.12090163934426229,0.49385245901639346
2025-05-23,38.22,38.92,37.88,38.33,3834887.0,38.132,38.186,37.702,,0.0051924892478758,0.0037710155554391,0.0166569412763248,,37.702,39.37591881837995,36.028081181620045,0.6875837684108931,0.0887973485955924,0.0,0.0031405391258831,0.0265131226566683,-0.0315816068721576,0.0090636043544174,0.0088526028823412,0.022993911983352,65.02177066893609,-0.2489417805273106,-0.3952476811335036,0.146305900606193,-1923385.0,79.90495475086604,1.104285714285714,0.8088400747078096,0.7697594501453683,,-0.0519175580485258,0.0,0.022993911983352,65.02177066893609,0.0914021444478438,0.0,0.0,0.0,0.5,,,,,,,,,,,,,,,,,,,,,,,,,,,,,,,,,,,,,,,,,,,,其他,0,0,0.5,1.0,0,0.0512295081967213,0.010174797808505165,-0.02243673362901122,0.728952772073922,0.2751540041067762,0.6529774127310062,0.7967145790554415,0.48254620123203285,0.7515400410677618,0.5,0.5,0.5,0.5,0.05122950819672131,0.33401639344262296,0.3729508196721312
2025-05-26,38.01,39.16,37.5,39.1,4405106.0,38.378,38.294,37.787,,0.0188128615352545,0.021047683710242,0.0347473998994363,,37.787,39.56571745633586,36.00828254366414,0.8690861624020543,0.0941444124344962,0.0200887033655101,0.0324795352521785,0.0284061020515518,0.0454545454545456,0.0105672038003432,0.0092310313497333,0.0196493407456451,63.09341499413007,-0.1642008437448652,-0.3489263154658651,0.1847254717209999,2481721.0,79.71690418628565,1.1349999999999991,0.9665922276905596,0.9999999999667774,,-0.0572890025575447,0.0200887033655101,0.0196493407456451,63.09341499413007,0.1486925168851129,0.0,0.0,0.0,0.5,,,,,,,,,,,,,,,,,,,,,,,,,,,,,,,,,,,,,,,,,,,,其他,0,0,0.5,1.0,0,0.0470347648261758,-0.02122762148337587,-0.02710997442455254,0.9057377049180327,0.6536885245901639,0.514344262295082,0.8114754098360656,0.7459016393442623,0.8278688524590164,0.5,0.5,0.5,0.5,0.04703476482617587,0.19631901840490798,0.28016359918200406
2025-05-27,39.3,39.39,38.04,38.25,3676415.0,38.474,38.298,37.8885,,-0.0058221136351822,-0.0012533291555695,0.0095411536482046,,37.8885,39.51596525551084,36.261034744489166,0.6110622788151088,0.0859081386439969,-0.0217391304347825,0.0127084988085781,0.0010468463752943,0.0560463832136941,0.0164771216891276,0.0119956709317409,0.0188635949761826,48.7421383540505,-0.1569909104707676,-0.3104648391520034,0.1534739286812358,-1194694.0,71.69926133943792,1.1149999999999995,0.825835434181983,0.7176079733980855,,-0.0324183006535948,-0.0217391304347825,0.0188635949761826,48.7421383540505,-0.1654196289487699,0.0,0.0,0.0,0.5,,,,,,,,,,,,,,,,,,,,,,,,,,,,,,,,,,,,,,,,,,,,其他,0,0,0.5,1.0,0,0.0981595092024539,0.00993464052287596,-0.006797385620915031,0.8729508196721312,0.6577868852459017,0.5040983606557377,0.4651639344262295,0.6475409836065574,0.5983606557377049,0.5,0.5,0.5,0.5,0.09815950920245399,0.4437627811860941,0.3824130879345603
2025-05-28,38.12,38.23,36.87,36.87,3765102.0,38.176,38.158,37.9275,,-0.0342099748533111,-0.0337543896430631,-0.0278821435633774,,37.9275,39.40386645001742,36.45113354998257,0.1418572096373148,0.0778520308490425,-0.036078431372549,-0.0388425443169969,-0.0365821792526784,0.0216126350789691,0.021689815530003,0.0165504759995507,0.0207558851495941,35.1048950980214,-0.2490192395944817,-0.2981566732763145,0.0491374336818328,-4959796.0,61.93101716266448,1.044285714285714,0.8484308336289897,0.2147887323868027,,-0.0054244643341468,-0.036078431372549,0.0207558851495941,35.1048950980214,0.0241232287432187,0.0,0.0,0.0,0.5,,,,,,,,,,,,,,,,,,,,,,,,,,,,,,,,,,,,,,,,,,,,其他,0,0,0.5,1.0,0,0.2530612244897959,0.06102522375915376,0.01925684838622188,0.24130879345603273,0.5316973415132924,0.591002044989775,0.21063394683026584,0.689161554192229,0.20040899795501022,0.5,0.5,0.5,0.5,0.2530612244897959,0.8204081632653061,0.5918367346938775
2025-05-29,36.87,37.36,36.71,37.19,1922376.0,37.948,38.028,37.952,,-0.0199747022240962,-0.0220363942358262,-0.0200779932546374,,37.952,39.35714243518517,36.54685756481483,0.2288531109223565,0.0740483998303892,0.0086791429346351,-0.0297417166710148,-0.0337750064951937,0.0133514986376019,0.0228273374112149,0.0167589430647356,0.020510043746426,48.70912219136092,-0.2947304507979282,-0.2974705794376036,0.0027401286396753,-3037420.0,66.80344583319061,0.9635714285714282,0.4452001897960459,0.3274647887208634,,-0.0083355740790533,0.0086791429346351,0.020510043746426,48.70912219136092,-0.4894225973160886,0.0,0.0,0.0,0.5,,,,,,,,,,,,,,,,,,,,,,,,,,,,,,,,,,,,,,,,,,,,其他,0,0,0.5,1.0,0,0.3020408163265306,0.027157838128529344,0.02258671685937097,0.10429447852760736,0.37014314928425357,0.6032719836400818,0.40081799591002043,0.026584867075664622,0.18609406952965235,0.5,0.5,0.5,0.5,0.3020408163265306,0.7591836734693878,0.6632653061224489
2025-05-30,37.11,37.24,36.34,36.34,1897694.0,37.55,37.841,37.9005,,-0.0322237017310251,-0.0396659707724423,-0.0411735992928852,,37.9005,39.46223284324958,36.33876715675042,0.000394703631569,0.0824122554185543,-0.0228556063457917,-0.0519175580485258,-0.0489400680450142,-0.0275622156810274,0.0236467375204966,0.0178575571957331,0.0207342436667445,35.95317724910794,-0.3891841389988357,-0.3158314751001683,-0.0733526638986674,-4935114.0,61.18764090322949,0.971428571428571,0.4649754374117057,0.028169014083517,,0.0654925701706108,-0.0228556063457917,0.0207342436667445,35.95317724910794,-0.0128393196752352,0.0,0.0,0.0,0.5,,,,,,,,,,,,,,,,,,,,,,,,,,,,,,,,,,,,,,,,,,,,其他,0,0,0.5,1.0,0,0.8775510204081632,0.051733626857457304,0.056686846450192396,0.05112474437627812,0.15132924335378323,0.6073619631901841,0.2147239263803681,0.05725971370143149,0.12474437627811862,0.5,0.5,0.5,0.5,0.8775510204081632,0.8040816326530612,0.7306122448979592
2025-06-03,36.31,37.35,36.12,36.86,1834518.0,37.102,37.74,37.9305,,-0.0065225594307584,-0.0233174350821409,-0.0282226704103558,,37.9305,39.37845281981882,36.48254718018119,0.1303401653145751,0.0763476790348136,0.0143093010456796,-0.0572890025575447,-0.0266701874834961,0.0165471594043022,0.0218586360605775,0.0187597446910076,0.0198662905850062,39.302694127571485,-0.4202055115011163,-0.336722834220313,-0.0834826772808032,-3100596.0,58.789196663263,0.9828571428571428,0.4676622859839878,0.1884057970946216,,0.0382528486163864,0.0143093010456796,0.0198662905850062,39.302694127571485,-0.0332909309930895,0.0,0.0,0.0,0.5,,,,,,,,,,,,,,,,,,,,,,,,,,,,,,,,,,,,,,,,,,,,其他,0,0,0.5,1.0,0,0.8261758691206544,0.02821486706456855,0.04395008138903944,0.0471311475409836,0.3975409836065574,0.6004098360655737,0.29918032786885246,0.10245901639344263,0.2192622950819672,0.5,0.5,0.5,0.5,0.8261758691206544,0.7259713701431493,0.6728016359918201
2025-06-04,37.0,37.33,36.9,37.01,1409111.0,36.854,37.664,37.9115,,0.0042329190861236,-0.0173640611724724,-0.0237790643999843,,37.9115,39.398754977608505,36.4242450223915,0.196924867089937,0.0784593053614115,0.0040694519804664,-0.0324183006535948,-0.020121789780249,-0.0101631452259963,0.0218943961265489,0.0188753852594128,0.0185842529211111,40.15624999121576,-0.4284902892829052,-0.3550879655176876,-0.0734023237652176,-1691485.0,56.265927966051045,0.96,0.3772890272042115,0.2427536231796086,,0.0437719535260741,0.0040694519804664,0.0185842529211111,40.15624999121576,-0.2318903384976326,0.0,0.0,0.0,0.5,,,,,,,,,,,,,,,,,,,,,,,,,,,,,,,,,,,,,,,,,,,,其他,0,0,0.5,1.0,0,0.8752556237218814,0.00783572007565514,0.031342880302621,0.09836065573770492,0.2848360655737705,0.5737704918032787,0.2786885245901639,0.022540983606557378,0.1721311475409836,0.5,0.5,0.5,0.5,0.8752556237218814,0.7177914110429447,0.6584867075664622
2025-06-05,36.96,37.07,36.57,36.67,1458100.0,36.814,37.495,37.8245,,-0.0039115553865376,-0.0220029337244964,-0.0305225449113669,,37.8245,39.3904599376472,36.25854006235281,0.1313762656828445,0.082801355610414,-0.0091867062955957,-0.0054244643341468,-0.0440563086548487,-0.0453007029419421,0.0149870735133913,0.0179277703394733,0.017487840953592,36.04294477753676,-0.4553408671654395,-0.3751487178571356,-0.0801921493083038,-3149585.0,49.66632606775839,0.9342857142857142,0.4258366027485371,0.1195652173869717,,0.0668121079901826,-0.0091867062955957,0.017487840953592,36.04294477753676,0.0347658914024515,0.0,0.0,0.0,0.5,,,,,,,,,,,,,,,,,,,,,,,,,,,,,,,,,,,,,,,,,,,,其他,0,0,0.5,1.0,0,0.926530612244898,-0.009817289337332946,0.03981456231251701,0.25153374233128833,0.147239263803681,0.5357873210633947,0.14519427402862986,0.028629856850715747,0.13496932515337423,0.5,0.5,0.5,0.5,0.926530612244898,0.710204081632653,0.673469387755102
2025-06-06,36.88,37.36,36.66,36.88,1267812.0,36.752,37.35,37.7185,,0.003482803656944,-0.0125836680053547,-0.0222304704587933,,37.7185,39.235675700195394,36.20132429980461,0.2236641741907765,0.0804472977552857,0.0057267521134443,-0.0083355740790533,-0.0378293764675188,-0.0543589743589743,0.014562691689187,0.0181879471033963,0.0171081673679787,39.689922472005286,-0.4553740113383711,-0.3912002878437277,-0.0641737234946433,-1881773.0,55.50260096077342,0.9264285714285714,0.4130333562815856,0.1956521739059544,,0.0357917570498915,0.0057267521134443,0.0171081673679787,39.689922472005286,-0.1305040806529044,0.0,0.0,0.0,0.5,,,,,,,,,,,,,,,,,,,,,,,,,,,,,,,,,,,,,,,,,,,,其他,0,0,0.5,1.0,0,0.918200408997955,0.010303687635574654,0.009219088937093112,0.29918032786885246,0.13114754098360656,0.5204918032786885,0.1762295081967213,0.030737704918032786,0.1721311475409836,0.5,0.5,0.5,0.5,0.918200408997955,0.8977505112474438,0.5132924335378323
2025-06-09,36.87,38.9,36.78,38.72,4720008.0,37.228,37.389,37.7875,,0.0400773611260343,0.0355987055016182,0.0246774727092291,,37.7875,39.35682268326522,36.21817731673478,0.7971026959159463,0.0830604132721702,0.0498915401301518,0.0654925701706108,0.0101747978085051,0.0369576861274771,0.0222912402477822,0.0249143530627576,0.0182109785089366,55.3459119399391,-0.3117882213386949,-0.3753127187317718,0.0635244973930769,2838235.0,63.37756700672501,1.0349999999999997,1.5626161666173743,0.8623188405484656,,-0.0129132231404959,0.0498915401301518,0.0182109785089366,55.3459119399391,2.7229557694673976,0.0,0.0,0.0,0.5,,,,,,,,,,,,,,,,,,,,,,,,,,,,,,,,,,,,,,,,,,,,其他,0,0,0.5,1.0,0,0.556237218813906,-0.03228305785123964,-0.02840909090909094,0.8770491803278688,0.6147540983606558,0.5737704918032787,0.6086065573770492,0.8627049180327869,0.6680327868852459,0.5,0.5,0.5,0.5,0.556237218813906,0.5664621676891616,0.2392638036809816
2025-06-10,38.15,38.95,37.8,38.27,3643324.0,37.51,37.306,37.8,,0.0202612636630232,0.0258403473972017,0.0124338624338624,,37.8,39.38105893894608,36.21894106105393,0.6486345601538536,0.0836539121133274,-0.0116219008264462,0.0382528486163864,-0.0212276214833758,0.0065754865860072,0.0247773515370915,0.0242654908344157,0.0180318366617469,53.0120481838293,-0.2298533517871845,-0.3462132906994165,0.1163599389122319,-805089.0,69.48660454038561,1.097857142857143,1.2148168129632737,0.699275362293505,,-0.0096681473739222,-0.0116219008264462,0.0180318366617469,53.0120481838293,-0.2281106303209655,0.0,0.0,0.0,0.5,,,,,,,,,,,,,,,,,,,,,,,,,,,,,,,,,,,,,,,,,,,,其他,0,0,0.5,1.0,0,0.5071574642126789,-0.006009929448654416,0.014110269140318765,0.8258196721311475,0.5081967213114754,0.5655737704918032,0.6557377049180327,0.6434426229508197,0.610655737704918,0.5,0.5,0.5,0.5,0.5071574642126789,0.5930470347648262,0.4437627811860941
2025-06-11,38.05,40.2,38.05,38.63,3031835.0,37.834,37.344,37.821000000000005,,0.0210392768409366,0.034436589545844,0.0213902329393722,,37.821000000000005,39.43578563022439,36.20621436977562,0.7504976464933408,0.0853909537146089,0.0094068460935459,0.0437719535260741,0.0099346405228759,0.0109918869405916,0.0246925800828769,0.02341737688032,0.0181167186444388,51.6728624445673,-0.1357952146381222,-0.3041209332465429,0.1683257186084206,2226746.0,68.8997615035941,1.163571428571429,1.0346742404938694,0.8297101448974745,,-0.0344292001035465,0.0094068460935459,0.0181167186444388,51.6728624445673,-0.1678382158710013,0.0,0.0,0.0,0.5,,,,,,,,,,,,,,,,,,,,,,,,,,,,,,,,,,,,,,,,,,,,其他,0,0,0.5,1.0,0,0.3306122448979592,-0.016567434636293066,0.005695055656225634,0.8752556237218814,0.47443762781186094,0.5664621676891616,0.5337423312883436,0.5991820040899796,0.6380368098159509,0.5,0.5,0.5,0.5,0.3306122448979592,0.45714285714285713,0.42653061224489797
2025-06-12,38.35,39.54,38.29,39.12,2933059.0,38.324,37.569,37.8635,,0.0207702745016178,0.0412840373712368,0.0331849934633616,,37.8635,39.570171429543855,36.15682857045615,0.8681142070354493,0.0901486354689527,0.0126844421434118,0.0668121079901826,0.0610252237591537,0.0222106088319831,0.0225438328077302,0.0195404747138282,0.0183141440706955,54.63071511412861,-0.0233231109244869,-0.2479520361233131,0.2246289251988262,5159805.0,68.4827448581095,1.182142857142858,1.0165835653180275,0.9999999999640288,,-0.0718302658486705,0.0126844421434118,0.0183141440706955,54.63071511412861,-0.0325796093784787,0.0,0.0,0.0,0.5,,,,,,,,,,,,,,,,,,,,,,,,,,,,,,,,,,,,,,,,,,,,其他,0,0,0.5,1.0,0,0.1267893660531697,-0.03936605316973418,-0.014570552147239235,0.9323770491803278,0.6004098360655737,0.5717213114754098,0.5184426229508197,0.6147540983606558,0.7807377049180327,0.5,0.5,0.5,0.5,0.12678936605316973,0.1901840490797546,0.2167689161554192
2025-06-13,38.8,39.66,38.04,38.2,2521917.0,38.58800000000001,37.67,37.849,,-0.0100549393593865,0.0140695513671356,0.0092736928320431,,37.849,39.53809692470647,36.159903075293535,0.6039016751512367,0.0892545073688607,-0.0235173824130877,0.0357917570498915,0.0271578381285293,-0.0075344245258508,0.0280855661031845,0.0216127844070837,0.0190891875223321,49.31216930486383,-0.0053020269854897,-0.199415582694477,0.1941135557089873,2637888.0,60.75083508446734,1.2235714285714292,0.8951767799829045,0.669064748177373,,-0.024607329842932,-0.0235173824130877,0.0190891875223321,49.31216930486383,-0.1401751550173385,0.0,0.0,0.0,0.5,,,,,,,,,,,,,,,,,,,,,,,,,,,,,,,,,,,,,,,,,,,,其他,0,0,0.5,1.0,0,0.5337423312883436,-0.0044502617801047695,0.0002617801047120061,0.9159836065573771,0.4487704918032787,0.5860655737704918,0.39959016393442626,0.3176229508196721,0.6987704918032787,0.5,0.5,0.5,0.5,0.5337423312883436,0.36400817995910023,0.21881390593047034
2025-06-16,38.0,38.49,37.85,38.22,1263690.0,38.48800000000001,37.858,37.8495,,-0.0069632093119935,0.009562047651751,0.0097887686759401,,37.8495,39.53905272810671,36.15994727189329,0.6096444028574983,0.089277413339793,0.000523560209424,-0.0129132231404959,0.0517336268574573,0.0002617115938234,0.0150534174044939,0.019697957572401,0.0190167087091184,44.94252872840002,0.0103983567744379,-0.1574483320771399,0.1678466888515778,3901578.0,53.59040045518069,1.150714285714287,0.4628916189506991,0.6762589927814293,,-0.0196232339089481,0.000523560209424,0.0190167087091184,44.94252872840002,-0.4989168953617426,0.0,0.0,0.0,0.5,,,,,,,,,,,,,,,,,,,,,,,,,,,,,,,,,,,,,,,,,,,,其他,0,0,0.5,1.0,0,0.5265306122448979,0.0047095761381474865,0.0010465724751438366,0.5541922290388548,0.4948875255623722,0.5746421267893661,0.3394683026584867,0.1083844580777096,0.6707566462167689,0.5,0.5,0.5,0.5,0.5265306122448979,0.4775510204081633,0.23061224489795917
2025-06-17,38.01,38.97,37.7,37.9,1463417.0,38.414,37.962,37.851,,-0.0133805383453949,-0.001633212159528,0.0012945496816465,,37.851,39.54068262357795,36.16131737642205,0.5144997644127957,0.0892807388747186,-0.0083725798011512,-0.0096681473739222,0.0282148670645685,0.0007921837866384,0.0146254894124848,0.0198415152498021,0.0190038555026087,47.858017127662016,-0.0020269248873532,-0.1263614060559909,0.1243344811686376,2438161.0,61.70891528380847,1.145000000000001,0.5391787530521652,0.5611510791165049,,0.003693931398417,-0.0083725798011512,0.0190038555026087,47.858017127662016,0.158050629505654,0.0,0.0,0.0,0.5,,,,,,,,,,,,,,,,,,,,,,,,,,,,,,,,,,,,,,,,,,,,其他,0,0,0.5,1.0,0,0.689795918367347,0.015303430079155689,-0.0068601583113455655,0.5030674846625767,0.5521472392638037,0.6012269938650306,0.41922290388548056,0.16973415132924335,0.5787321063394683,0.5,0.5,0.5,0.5,0.689795918367347,0.573469387755102,0.2673469387755102
2025-06-18,37.7,38.19,37.23,37.3,1246219.0,38.148,37.991,37.8275,,-0.0222292125406313,-0.0181885183332894,-0.0139448813693742,,37.8275,39.53490646657598,36.12009353342402,0.3455259452389214,0.0902732914716261,-0.0158311345646438,-0.0344292001035465,0.0078357200756551,-0.0124437384167329,0.0141132087076621,0.0206974504067551,0.0193340232293764,52.909336931789845,-0.0579796120988262,-0.112684116436461,0.0547045043376347,1191942.0,66.68690076852383,1.1150000000000004,0.4643024672463951,0.345323740994771,,0.0184986595174263,-0.0158311345646438,0.0193340232293764,52.909336931789845,-0.1484183933902639,0.0,0.0,0.0,0.5,,,,,,,,,,,,,,,,,,,,,,,,,,,,,,,,,,,,,,,,,,,,其他,0,0,0.5,1.0,0,0.6448979591836734,0.02332439678284204,0.00428954423592498,0.32515337423312884,0.5685071574642127,0.6155419222903885,0.5930470347648262,0.07770961145194274,0.48261758691206547,0.5,0.5,0.5,0.5,0.6448979591836734,0.5122448979591837,0.24693877551020407
2025-06-19,37.21,37.27,36.3,36.31,1374017.0,37.586,37.955,37.725,,-0.0339488107273984,-0.0433407983137925,-0.037508283631544,,37.725,39.54051790494011,35.90948209505989,0.1103040360657559,0.0962501208713211,-0.0265415549597853,-0.0718302658486705,-0.0098172893373329,-0.0534410844629822,0.0110795952177693,0.0223086428327831,0.0197829855229556,44.54094292030307,-0.1776300814506726,-0.1256740166767433,-0.0519560647739293,-182075.0,67.91288768126844,1.1400000000000006,0.5369106667511749,0.0,,0.0349765904709444,-0.0265415549597853,0.0197829855229556,44.54094292030307,0.1025485889719222,0.0,0.0,0.0,0.5,,,,,,,,,,,,,,,,,,,,,,,,,,,,,,,,,,,,,,,,,,,,其他,0,0,0.5,1.0,0,0.6612244897959184,0.05012393280088134,0.041861746075461115,0.12474437627811862,0.3721881390593047,0.623721881390593,0.5991820040899796,0.08384458077709611,0.3824130879345603,0.5,0.5,0.5,0.5,0.6612244897959184,0.5387755102040817,0.3469387755102041
2025-06-20,36.37,37.77,36.37,37.26,2100636.0,37.398,37.993,37.6715,,-0.0036900369003689,-0.0192930276629906,-0.0109233770887805,,37.6715,39.474973549045146,35.868026450954844,0.3859146006725585,0.0957473713040555,0.0261635912971631,-0.024607329842932,0.0103036876355746,-0.0279154709105139,0.0199638928573135,0.0238521497293088,0.0208015694635974,55.63725489241517,-0.1957002220783366,-0.1396798677979157,-0.0560203542804208,1918561.0,74.20062315890222,1.1800000000000008,0.8441502716848637,0.3380782918029144,,0.0206655931293613,0.0261635912971631,0.0208015694635974,55.63725489241517,0.528828245938733,0.0,0.0,0.0,0.5,,,,,,,,,,,,,,,,,,,,,,,,,,,,,,,,,,,,,,,,,,,,其他,0,0,0.5,1.0,0,0.336734693877551,-0.0010735373054213682,0.011272141706924366,0.5337423312883436,0.49284253578732107,0.6707566462167689,0.8282208588957055,0.7075664621676891,0.7709611451942741,0.5,0.5,0.5,0.5,0.336734693877551,0.12448979591836734,0.15510204081632653
2025-06-23,36.91,37.68,36.59,37.47,1269218.0,37.248,37.868,37.6285,,0.0059600515463917,-0.0105101933030528,-0.004212232749113,,37.6285,39.40669867459068,35.850301325409326,0.4554324265588512,0.094513396738427,0.0056360708534621,-0.0196232339089481,-0.0322830578512396,-0.0224367336290112,0.0204309241824648,0.0169320055236947,0.0208569280295545,53.88535030886121,-0.1913083341066865,-0.150005920870105,-0.0413024132365815,3187779.0,73.73912119270584,1.1700000000000002,0.5377635176522862,0.4128113878856645,,0.0248198558847076,0.0056360708534621,0.0208569280295545,53.88535030886121,-0.3957934644555267,0.0,0.0,0.0,0.5,,,,,,,,,,,,,,,,,,,,,,,,,,,,,,,,,,,,,,,,,,,,其他,0,0,0.5,1.0,0,0.4530612244897959,0.004003202562049557,0.014945289564985309,0.5255623721881391,0.37423312883435583,0.6584867075664622,0.7730061349693251,0.2249488752556237,0.7300613496932515,0.5,0.5,0.5,0.5,0.4530612244897959,0.1816326530612245,0.17755102040816326
2025-06-24,37.67,38.05,37.21,38.04,1492707.0,37.276,37.845,37.5755,,0.020495761347784,0.0051525961157352,0.0123617782863834,,37.5755,39.227758103961214,35.92324189603878,0.6405652055276129,0.0879433728869513,0.0152121697357885,0.003693931398417,-0.0060099294486544,-0.0271099744245525,0.021785795516901,0.0175545624325998,0.0206255197945613,56.227327680928894,-0.1413410151420748,-0.1482728914146886,0.0069318762726137,4680486.0,73.83472554940717,1.1964285714285714,0.6740426281307732,0.6156583629674143,,0.0115667718191376,0.0152121697357885,0.0206255197945613,56.227327680928894,0.1760840139361401,0.0,0.0,0.0,0.5,,,,,,,,,,,,,,,,,,,,,,,,,,,,,,,,,,,,,,,,,,,,其他,0,0,0.5,1.0,0,0.4539877300613497,0.020241850683491158,-0.003154574132492094,0.6905737704918032,0.2807377049180328,0.6331967213114754,0.8012295081967213,0.21311475409836064,0.7397540983606558,0.5,0.5,0.5,0.5,0.4539877300613497,0.3660531697341513,0.11860940695296524
2025-06-25,37.88,38.22,37.49,37.99,1926882.0,37.414,37.781,37.5625,,0.0153953065697332,0.0055318811042588,0.0113810316139768,,37.5625,39.19640233554687,35.92859766445313,0.6308217727082918,0.0869964637892856,-0.0013144058885382,0.0184986595174263,-0.016567434636293,-0.006797385620915,0.019877759152997,0.0172087434536485,0.0200512335999859,58.27067668150644,-0.1044885845597605,-0.1395158347548137,0.0350272501950532,2753604.0,78.92790517541563,1.2128571428571426,0.9058804077191004,0.5978647686619987,,0.0047380889707817,-0.0013144058885382,0.0200512335999859,58.27067668150644,0.2908641816511881,0.0,0.0,0.0,0.5,,,,,,,,,,,,,,,,,,,,,,,,,,,,,,,,,,,,,,,,,,,,其他,0,0,0.5,1.0,0,0.4089979550102249,0.022637536193735208,-0.005001316135825329,0.6454918032786885,0.38114754098360654,0.6372950819672131,0.8012295081967213,0.4344262295081967,0.6413934426229508,0.5,0.5,0.5,0.5,0.40899795501022496,0.5112474437627812,0.1411042944785276
2025-06-26,37.87,38.25,37.55,37.58,1586997.0,37.668,37.627,37.598,,-0.0023362004884782,-0.0012491030377121,-0.0004787488696207,,37.598,39.19907332420284,35.996926675797155,0.4943787708603537,0.0851680049044409,-0.0107923137667808,0.0349765904709444,-0.0393660531697341,0.0192568483862218,0.01433733970798,0.0166453972998822,0.0183954617536318,54.27872859706719,-0.1064395873631625,-0.1329004672543834,0.0264608798912209,1166607.0,74.01892219613282,1.2128571428571426,0.786351800636302,0.4519572953575809,,0.0146354443853113,-0.0107923137667808,0.0183954617536318,54.27872859706719,-0.1763911853450289,0.0,0.0,0.0,0.5,,,,,,,,,,,,,,,,,,,,,,,,,,,,,,,,,,,,,,,,,,,,其他,0,0,0.5,1.0,0,0.4703476482617587,0.025811601915912696,0.012506652474720603,0.6618852459016393,0.5881147540983607,0.5512295081967213,0.735655737704918,0.3524590163934426,0.5040983606557377,0.5,0.5,0.5,0.5,0.4703476482617587,0.4212678936605317,0.17995910020449898
2025-06-27,37.66,38.36,37.53,38.03,1719089.0,37.822,37.61,37.64,,0.0054994447675955,0.0111672427545865,0.0103613177470776,,37.64,39.24007894542088,36.03992105457912,0.6218689868565292,0.085020135250618,0.011974454497073,0.0206655931293613,-0.0044502617801047,0.0225867168593709,0.0104753798846036,0.0157537803209831,0.0184813503595936,44.9189985179843,-0.071563197779092,-0.1206328382698735,0.0490696404907815,2885696.0,71.18273320654444,1.1207142857142856,0.8561146905210999,0.6120996441063317,,-0.0212989744938206,0.011974454497073,0.0184813503595936,44.9189985179843,0.0832339317591652,0.0,0.0,0.0,0.5,,,,,,,,,,,,,,,,,,,,,,,,,,,,,,,,,,,,,,,,,,,,其他,0,0,0.5,1.0,0,0.1431492842535787,0.004733105443071262,0.0018406521167499967,0.3360655737704918,0.6618852459016393,0.5901639344262295,0.4610655737704918,0.4651639344262295,0.5942622950819673,0.5,0.5,0.5,0.5,0.14314928425357873,0.2331288343558282,0.16359918200409
2025-06-30,38.16,38.4,37.96,38.4,1965693.0,38.008,37.628,37.743,,0.0103136181856449,0.020516636547252,0.0174072013353467,,37.743,39.253428311509936,36.23257168849007,0.7174879783839138,0.0800375333972355,0.0097291611885352,0.0248198558847076,0.0047095761381474,0.0566868464501923,0.0107768037521425,0.0160751560858672,0.0176598470430718,50.96870341708549,-0.014453585685807,-0.0993967452797424,0.0849431595939354,4851389.0,69.29850646529715,1.0699999999999992,0.9772699776219442,0.7437722419664138,,-0.0203125,0.0097291611885352,0.0176598470430718,50.96870341708549,0.1434503972743703,0.0,0.0,0.0,0.5,,,,,,,,,,,,,,,,,,,,,,,,,,,,,,,,,,,,,,,,,,,,其他,0,0,0.5,1.0,0,0.1717791411042944,-0.003645833333333348,-0.012499999999999956,0.45081967213114754,0.7295081967213115,0.5635245901639344,0.5266393442622951,0.5860655737704918,0.6557377049180327,0.5,0.5,0.5,0.5,0.17177914110429449,0.22699386503067484,0.13701431492842536
2025-07-01,38.41,38.48,37.83,38.48,1543655.0,38.096,37.686,37.824,,0.0100797984040319,0.0210688319269753,0.0173434856175973,,37.824,39.308578976290015,36.33942102370998,0.7209380606908694,0.0784993113518449,0.0020833333333332,0.0115667718191376,0.0153034300791556,0.0439500813890394,0.0091282605598747,0.0157647349036075,0.0174548099905538,48.83359252435967,0.036716884509758,-0.0721737706567049,0.108890655166463,6395044.0,67.34321036081315,0.9628571428571416,0.7730375743670355,0.7722419928550798,,0.0085758835758837,0.0020833333333332,0.0174548099905538,48.83359252435967,-0.2147018888503952,0.0,0.0,0.0,0.5,,,,,,,,,,,,,,,,,,,,,,,,,,,,,,,,,,,,,,,,,,,,其他,0,0,0.5,1.0,0,0.4478527607361963,-0.021829521829521692,-0.009875259875259723,0.45286885245901637,0.6721311475409836,0.5409836065573771,0.5020491803278688,0.3668032786885246,0.625,0.5,0.5,0.5,0.5,0.44785276073619634,0.2085889570552147,0.19631901840490798
2025-07-02,38.33,38.39,37.93,38.17,1124900.0,38.132,37.773,37.882,,0.0009965383405015,0.0105101527546129,0.0076025553033103,,37.882,39.32266651241715,36.441333487582845,0.5999537358082967,0.0760607419045113,-0.0080561330561329,0.0047380889707817,0.023324396782842,0.031342880302621,0.0102333031224463,0.0149799739083025,0.0175999575317817,42.39999999050241,0.0520374782376009,-0.0473313393415735,0.0993688175791745,5270144.0,59.602355418194925,0.9128571428571414,0.5673694477176165,0.6619217081614984,,0.0178150379879487,-0.0080561330561329,0.0175999575317817,42.39999999050241,-0.2712749934408919,0.0,0.0,0.0,0.5,,,,,,,,,,,,,,,,,,,,,,,,,,,,,,,,,,,,,,,,,,,,其他,0,0,0.5,1.0,0,0.6768916155419223,-0.018600995546240506,-0.003405816085931379,0.4077868852459016,0.6598360655737705,0.555327868852459,0.2459016393442623,0.10655737704918032,0.430327868852459,0.5,0.5,0.5,0.5,0.6768916155419223,0.1983640081799591,0.20245398773006135
2025-07-03,38.17,38.19,37.88,38.13,952517.0,38.242,37.955,37.955,,-0.0029287171173054,0.0046107232248717,0.0046107232248717,,37.955,39.28043538030664,36.62956461969336,0.5660160436878167,0.0698424650403452,-0.0010479434110557,0.0146354443853113,0.0501239328008813,0.039814562312517,0.0081435024966141,0.0111972103124066,0.0174284930062014,49.34823089961126,0.0602992207506787,-0.0258051014805955,0.0861043222312743,4317627.0,64.19026873879781,0.8192857142857127,0.4866286539412181,0.6476868327171654,,0.0110149488591657,-0.0010479434110557,0.0174284930062014,49.34823089961126,-0.153242954929327,0.0,0.0,0.0,0.5,,,,,,,,,,,,,,,,,,,,,,,,,,,,,,,,,,,,,,,,,,,,其他,0,0,0.5,1.0,0,0.5173824130879345,-0.007867820613690069,-0.010752688172043112,0.4692622950819672,0.6762295081967213,0.5655737704918032,0.2725409836065574,0.07581967213114754,0.35655737704918034,0.5,0.5,0.5,0.5,0.5173824130879345,0.2658486707566462,0.2903885480572597
2025-07-04,38.02,38.13,37.22,37.22,1421834.0,38.08,37.951,37.972,,-0.0225840336134454,-0.0192616795341361,-0.019804066154008,,37.972,39.247148701338986,36.696851298661,0.2051324291704732,0.0671625777591717,-0.023865722528193,-0.0212989744938206,-0.0010735373054213,0.0092190889370931,0.0126988456729035,0.0118289391728746,0.0183365998572354,42.012779543319816,-0.0055322646331745,-0.0217505151486007,0.0162182505154262,2895793.0,63.78127561962332,0.8385714285714272,0.7235499285092973,0.3238434163585814,,0.0265986029016658,-0.023865722528193,0.0183365998572354,42.012779543319816,0.4927124660242283,0.0,0.0,0.0,0.5,,,,,,,,,,,,,,,,,,,,,,,,,,,,,,,,,,,,,,,,,,,,其他,0,0,0.5,1.0,0,0.6196319018404908,0.012358946802794257,0.013433637829124212,0.1413934426229508,0.5122950819672131,0.6024590163934426,0.17418032786885246,0.26844262295081966,0.13319672131147542,0.5,0.5,0.5,0.5,0.6196319018404908,0.40286298568507156,0.42535787321063395
2025-07-07,37.28,37.63,37.25,37.62,786227.0,37.924,37.966,37.917,,-0.0080160320641282,-0.0091134172680819,-0.0078328981723239,,37.917,39.15051615525025,36.68348384474975,0.3796124401071539,0.0650640164172796,0.0107469102632993,-0.0203125,0.0040032025620495,-0.0284090909090909,0.0129835299192566,0.0122060278713592,0.0144848790653305,47.79179809670212,-0.0255261440016028,-0.0225056437444726,-0.0030205002571301,3682020.0,58.73237451735939,0.7771428571428564,0.4446000409468117,0.4661921708019139,,0.0170122275385433,0.0107469102632993,0.0144848790653305,47.79179809670212,-0.4470331979682579,0.0,0.0,0.0,0.5,,,,,,,,,,,,,,,,,,,,,,,,,,,,,,,,,,,,,,,,,,,,其他,0,0,0.5,1.0,0,0.523517382413088,0.010898458266879407,0.020733652312599604,0.17008196721311475,0.23770491803278687,0.36885245901639346,0.26024590163934425,0.0942622950819672,0.2192622950819672,0.5,0.5,0.5,0.5,0.523517382413088,0.3006134969325153,0.4948875255623722
2025-07-08,37.7,39.0,37.59,38.81,3137242.0,37.99,38.043,37.944,,0.0215846275335616,0.0201613963146967,0.0228231077377187,,37.944,39.23246542751249,36.65553457248752,0.8360586871113399,0.0679140537375652,0.0316321105794792,0.0085758835758837,0.0202418506834911,0.0141102691403187,0.0208203745509579,0.0151575734523791,0.0160169681816695,60.89466088235899,0.052935000197209,-0.0074174697948877,0.0603524699920968,6819262.0,67.85656325160363,0.8092857142857132,1.7998189477057536,0.8896797152708315,,-0.0301468693635661,0.0316321105794792,0.0160169681816695,60.89466088235899,2.990249635283449,0.0,0.0,0.0,0.5,,,,,,,,,,,,,,,,,,,,,,,,,,,,,,,,,,,,,,,,,,,,其他,0,0,0.5,1.0,0,0.1741803278688524,-0.022932233960319515,-0.002834321051275457,0.4455852156057495,0.44353182751540043,0.47433264887063653,0.49691991786447637,0.891170431211499,0.5051334702258727,0.5,0.5,0.5,0.5,0.17418032786885246,0.125,0.2930327868852459
2025-07-09,38.76,38.98,38.28,38.85,2225017.0,38.126,38.129000000000005,37.955,,0.0189896658448303,0.0189094914631906,0.0235805559214861,,37.955,39.27157450265939,36.638425497340606,0.8398972098077903,0.0693755501333644,0.0010306622004638,0.0178150379879487,0.0226375361937352,0.0056950556562256,0.0201208792795848,0.0151168108194742,0.0158897009850403,71.23745817730227,0.116950198930219,0.0174561235105568,0.0994940754196622,9044279.0,74.85866224913539,0.7878571428571414,1.3067222889559056,0.9039145907151644,,-0.0357786357786358,0.0010306622004638,0.0158897009850403,71.23745817730227,-0.2907729145536111,0.0,0.0,0.0,0.5,,,,,,,,,,,,,,,,,,,,,,,,,,,,,,,,,,,,,,,,,,,,其他,0,0,0.5,1.0,0,0.1086065573770491,-0.027027027027027084,-0.0023166023166023564,0.675564681724846,0.42505133470225875,0.4702258726899384,0.6303901437371663,0.7371663244353183,0.5523613963039015,0.5,0.5,0.5,0.5,0.10860655737704918,0.1413934426229508,0.29098360655737704
2025-07-10,38.8,39.25,38.3,38.55,1652412.0,38.21,38.226,37.9265,,0.0088981941900025,0.0084759064511066,0.0164396925632472,,37.9265,39.15887511377536,36.69412488622464,0.7529668089509779,0.0649875476920945,-0.0077220077220078,0.0110149488591657,0.0258116019159126,-0.0145705521472392,0.0207267892229751,0.0148491832315995,0.0157138313443541,62.1013133045137,0.142067985163365,0.0423785435829904,0.0996894415803745,7391867.0,67.09284530974827,0.7514285714285701,1.0083588090980835,0.8818897637448058,,-0.0186770428015563,-0.0077220077220078,0.0157138313443541,62.1013133045137,-0.2573485955388206,0.0,0.0,0.0,0.5,,,,,,,,,,,,,,,,,,,,,,,,,,,,,,,,,,,,,,,,,,,,其他,0,0,0.5,1.0,0,0.2719836400817996,-0.012970168612191912,0.017120622568093546,0.5163934426229508,0.22131147540983606,0.4364754098360656,0.25,0.4979508196721312,0.3442622950819672,0.5,0.5,0.5,0.5,0.2719836400817996,0.18609406952965235,0.4887525562372188
2025-07-11,38.43,38.57,37.91,38.21,1717817.0,38.408,38.244,37.927,38.436166666666665,-0.0051551760049989,-0.0008890283443153,0.0074617027447465,-0.0058842149537977,37.927,39.15985035588274,36.69414964411726,0.6147746758510247,0.0650117518327043,-0.0088197146562903,0.0265986029016658,0.0047331054430712,0.000261780104712,0.0166597424373083,0.0148543798523031,0.0149095614233401,56.7765567619987,0.1332495511760498,0.0605527729535278,0.072696778222522,5674050.0,60.37428032543773,0.720714285714285,1.074636850720856,0.7480314960335418,0.1267942583724472,-0.0138707144726512,-0.0088197146562903,0.0149095614233401,56.7765567619987,0.0395815329348854,0.0,0.0,0.0,0.5,,,,,,,,,,,,,,,,,,,,,,,,,,,,,,,,,,,,,,,,,,,,其他,0,0,0.5,1.0,0,0.3190184049079754,-0.0028788275320597023,0.011515310128238587,0.6188524590163934,0.22131147540983606,0.4364754098360656,0.2069672131147541,0.44672131147540983,0.21721311475409835,0.5,0.5,0.5,0.5,0.31901840490797545,0.261758691206544,0.45194274028629855
2025-07-14,38.2,38.43,38.15,38.26,913822.0,38.536,38.23,37.929,38.193666666666665,-0.0071621341083663,0.0007847240387128,0.0087268317118827,0.0017367626395301,37.929,39.163979650375786,36.6940203496242,0.6340103052855495,0.0651206016700959,0.0013085579691178,0.0170122275385433,-0.0036458333333333,0.0010465724751438,0.0164318557117562,0.0145122780653672,0.0149117171955466,52.226720632972174,0.1287754850071465,0.0741973320924324,0.0545781529147141,6587872.0,59.3953384222617,0.6807142857142853,0.5779967171740651,0.7677165354028443,0.188531711553531,-0.0060115002613695,0.0013085579691178,0.0149117171955466,52.226720632972174,-0.4680329744087991,0.0,0.0,0.0,0.5,,,,,,,,,,,,,,,,,,,,,,,,,,,,,,,,,,,,,,,,,,,,其他,0,0,0.5,1.0,0,0.2351738241308793,-0.008886565603763663,0.013591217982226844,0.5225409836065574,0.23155737704918034,0.42418032786885246,0.17418032786885246,0.10245901639344263,0.2192622950819672,0.5,0.5,0.5,0.5,0.23517382413087934,0.22085889570552147,0.4171779141104294
2025-07-15,38.1,38.3,37.34,37.64,1758900.0,38.302,38.146,37.916,38.06633333333333,-0.0172836927575583,-0.0132648246211922,-0.0072792488659142,-0.0111997478086497,37.916,39.15772036855503,36.67427963144498,0.3888638670073245,0.0654984897432085,-0.0162049137480396,-0.0301468693635661,-0.0218295218295216,-0.0068601583113455,0.0073801829068646,0.0153128734850651,0.0152466194433355,46.82395643093401,0.0747316252939498,0.0743041908375426,0.0004274344564071,4828972.0,51.35428183989218,0.6971428571428565,1.1022126626243849,0.5236220472234789,0.1346655082525222,0.0074388947927737,-0.0162049137480396,0.0152466194433355,46.82395643093401,0.9247730958545536,0.0,0.0,0.0,0.5,,,,,,,,,,,,,,,,,,,,,,,,,,,,,,,,,,,,,,,,,,,,其他,0,0,0.5,1.0,0,0.2244897959183673,0.01222104144527103,0.025770456960680033,0.1738241308793456,0.26789366053169733,0.41922290388548056,0.2085889570552147,0.44785276073619634,0.22699386503067484,0.5,0.5,0.5,0.5,0.22448979591836735,0.33877551020408164,0.3877551020408163
2025-07-16,37.6,37.69,37.37,37.46,868002.0,38.024,38.075,37.92399999999999,37.897333333333336,-0.0148327372185985,-0.0161523309258043,-0.012234996308406,-0.0115399500404602,37.92399999999999,39.15098432195199,36.697015678048,0.3109185293855626,0.0647075372823942,-0.0047821466524973,-0.0357786357786358,-0.0186009955462405,0.0042895442359249,0.0063682084013044,0.0152060008542689,0.0148466519494466,48.86363635068012,0.0172868926822999,0.0629007222589025,-0.0456138295766025,3960970.0,53.04701541345621,0.6699999999999992,0.5504556087745973,0.4527559054939856,0.2675781249947735,0.0090763481046447,-0.0047821466524973,0.0148466519494466,48.86363635068012,-0.5065086133378816,0.0,0.0,0.0,0.5,,,,,,,,,,,,,,,,,,,,,,,,,,,,,,,,,,,,,,,,,,,,其他,0,0,0.5,1.0,0,0.410204081632653,0.015483182060864964,0.04991991457554712,0.1083844580777096,0.2474437627811861,0.38650306748466257,0.21063394683026584,0.14519427402862986,0.1329243353783231,0.5,0.5,0.5,0.5,0.41020408163265304,0.4530612244897959,0.6040816326530613
2025-07-17,37.46,37.83,37.43,37.83,856334.0,37.88,38.045,38.0,37.841,-0.0013199577613517,-0.0056512025233277,-0.0044736842105264,-0.0002906899923363,38.0,38.96675256726631,37.033247432733695,0.4120767785898309,0.0508817140665137,0.0098772023491724,-0.0186770428015563,-0.00786782061369,0.0418617460754611,0.0099143650204168,0.015649831835162,0.0135561750333842,48.07692306397926,0.0014039043106777,0.050601350948817,-0.0491974466381393,4817304.0,51.107701520140274,0.6392857142857135,0.5521191057315109,0.3742331288113958,0.4985673352292666,0.0058154903515728,0.0098772023491724,0.0135561750333842,48.07692306397926,-0.013442365340172,0.0,0.0,0.0,0.5,,,,,,,,,,,,,,,,,,,,,,,,,,,,,,,,,,,,,,,,,,,,其他,0,0,0.5,1.0,0,0.2979591836734694,-0.0029077451757864026,0.012688342585249979,0.26993865030674846,0.3476482617586912,0.3619631901840491,0.20040899795501022,0.1411042944785276,0.2085889570552147,0.5,0.5,0.5,0.5,0.2979591836734694,0.5,0.49795918367346936
2025-07-18,37.78,37.98,37.55,37.68,977300.0,37.774,38.091,38.021,37.819,-0.0024884841425318,-0.01078995038198,-0.0089687278083164,-0.0036754012533382,38.021,38.93698437127565,37.10501562872435,0.3138614529216844,0.04818307626171,-0.0039651070578905,-0.0138707144726512,0.0123589468027942,0.0112721417069243,0.0095204895785795,0.0134901698542351,0.0123679272085349,42.7710843253254,-0.0229460413443689,0.0358918651035447,-0.0588379064479137,3840004.0,48.64487600785486,0.6385714285714279,0.6537874836122478,0.2822085889397419,0.4555873925370888,0.0111464968152865,-0.0039651070578905,0.0123679272085349,42.7710843253254,0.1412603026389236,0.0,0.0,0.0,0.5,,,,,,,,,,,,,,,,,,,,,,,,,,,,,,,,,,,,,,,,,,,,其他,0,0,0.5,1.0,0,0.410204081632653,0.0010615711252652815,0.039808917197452276,0.3169734151329243,0.15337423312883436,0.3047034764826176,0.15132924335378323,0.2719836400817996,0.1738241308793456,0.5,0.5,0.5,0.5,0.41020408163265304,0.5428571428571428,0.6326530612244898
2025-07-21,37.79,38.03,37.63,38.03,1023530.0,37.728,38.132,38.049,37.79316666666667,0.008004664970314,-0.002674918703451,-0.0004993560934584,0.0062665649433979,38.049,38.92753706149556,37.17046293850444,0.4891865688531268,0.0461792457879706,0.0092887473460723,-0.0060115002613695,0.0108984582668794,0.0149452895649853,0.0109354254658083,0.013384298874714,0.0124722236762059,45.71428570209527,-0.0140016351304055,0.0259131610479649,-0.0399147961783704,4863534.0,47.238325984494914,0.620714285714285,0.690387673862058,0.4969325153069373,0.6402640263815099,-0.0028924533263212,0.0092887473460723,0.0124722236762059,45.71428570209527,0.0473037961731299,0.0,0.0,0.0,0.5,,,,,,,,,,,,,,,,,,,,,,,,,,,,,,,,,,,,,,,,,,,,其他,0,0,0.5,1.0,0,0.3877551020408163,0.009729161188535285,0.06153037075992618,0.2331288343558282,0.1738241308793456,0.2822085889570552,0.15950920245398773,0.130879345603272,0.1411042944785276,0.5,0.5,0.5,0.5,0.3877551020408163,0.7183673469387755,0.746938775510204
2025-07-22,38.04,38.09,37.73,37.92,1051645.0,37.784000000000006,38.043,38.043,37.80183333333333,0.0035994071564682,-0.0032331835028782,-0.0032331835028782,0.0031259506814045,38.043,38.92343290787166,37.16256709212834,0.4301479993856941,0.0462861976116154,-0.0028924533263212,0.0074388947927737,-0.0229322339603195,-0.003154574132492,0.0074072325234547,0.0080362582446707,0.0120211920479941,47.524752462072335,-0.0155626589874486,0.0176179943749184,-0.033180653362367,3811889.0,52.84216402968282,0.6071428571428571,0.7200627597264824,0.4294478527343908,0.6039603960196719,0.004746835443038,-0.0028924533263212,0.0120211920479941,47.524752462072335,0.0274686623743318,0.0,0.0,0.0,0.5,,,,,,,,,,,,,,,,,,,,,,,,,,,,,,,,,,,,,,,,,,,,其他,0,0,0.5,1.0,0,0.6247443762781186,0.020569620253164667,0.06012658227848111,0.22131147540983606,0.1168032786885246,0.29098360655737704,0.15778688524590165,0.13729508196721313,0.15368852459016394,0.5,0.5,0.5,0.5,0.6247443762781186,0.7484662576687117,0.7443762781186094
2025-07-23,38.06,38.6,37.73,37.8,2635317.0,37.852,37.938,38.0335,37.82816666666667,-0.0013737715312268,-0.0036375138383679,-0.0061393245428371,-0.0007445950768608,38.0335,38.92041719188622,37.14658280811377,0.3683642609631649,0.0466387364762062,-0.0031645569620254,0.0090763481046447,-0.027027027027027,-0.0050013161358253,0.0070926158871691,0.0079528253655294,0.0120382203094591,46.78362571822664,-0.0261332897228001,0.0088677353055948,-0.0350010250283949,1176572.0,61.1337386320887,0.6471428571428578,1.7616785741144618,0.3558282208370641,0.5643564356249378,0.0063492063492063,-0.0031645569620254,0.0120382203094591,46.78362571822664,1.505899804591854,0.0,0.0,0.0,0.5,,,,,,,,,,,,,,,,,,,,,,,,,,,,,,,,,,,,,,,,,,,,其他,0,0,0.5,1.0,0,0.5807770961145194,0.02539682539682553,0.0632275132275133,0.4077868852459016,0.13934426229508196,0.29713114754098363,0.1762295081967213,0.819672131147541,0.19057377049180327,0.5,0.5,0.5,0.5,0.5807770961145194,0.721881390593047,0.6768916155419223
2025-07-24,37.82,38.05,37.66,38.05,1369846.0,37.896,37.888,38.057,37.86083333333333,0.004063753430441,0.004275760135135,-0.0001839346243793,0.004996368278564,38.057,38.91784658453493,37.19615341546508,0.4959342348710251,0.0452398551926144,0.0066137566137565,0.0058154903515728,-0.0129701686121919,0.0125066524747206,0.0062691625328168,0.0082355597347758,0.011858628797139,59.28411631252845,-0.0142651156408959,0.0042411641646661,-0.0185062798055621,2546418.0,61.24130448459923,0.6100000000000004,0.9224210861692356,0.5092024539564888,0.625874125852242,-0.0086727989487516,0.0066137566137565,0.011858628797139,59.28411631252845,-0.4801968795404879,0.0,0.0,0.0,0.5,,,,,,,,,,,,,,,,,,,,,,,,,,,,,,,,,,,,,,,,,,,,其他,0,0,0.5,1.0,0,0.7443762781186094,0.030486202365308968,0.041787122207621596,0.29713114754098363,0.17827868852459017,0.2725409836065574,0.319672131147541,0.3831967213114754,0.16188524590163936,0.5,0.5,0.5,0.5,0.7443762781186094,0.7955010224948875,0.6482617586912065
2025-07-25,38.05,38.18,37.92,38.1,1295408.0,37.98,37.877,38.060500000000005,37.88416666666667,0.0031595576619272,0.0058874778889566,0.0010378213633557,0.0056971909988781,38.060500000000005,38.9214535717051,37.19954642829491,0.5229396806319498,0.0452413169402836,0.0013140604467807,0.0111464968152865,-0.0028788275320597,0.0018406521167499,0.0055951527246834,0.0078167354494416,0.0115604694698953,55.825242699476895,-0.0008328977616471,0.0032263516124156,-0.0040592493740628,3841826.0,65.77572496475446,0.5992857142857143,0.8849195649698345,0.5398773005803763,0.6433566433341497,-0.0099737532808399,0.0013140604467807,0.0115604694698953,55.825242699476895,-0.0543404149079531,0.0,0.0,0.0,0.5,,,,,,,,,,,,,,,,,,,,,,,,,,,,,,,,,,,,,,,,,,,,其他,0,0,0.5,1.0,0,0.7137014314928425,0.014435695538057569,0.04015748031496069,0.4098360655737705,0.16188524590163936,0.25614754098360654,0.32581967213114754,0.4569672131147541,0.21311475409836064,0.5,0.5,0.5,0.5,0.7137014314928425,0.6932515337423313,0.6196319018404908
2025-07-28,38.1,38.1,37.8,37.92,1089551.0,37.958000000000006,37.843,38.0365,37.89333333333333,-0.0010011064861162,0.0020347224057288,-0.0030628475280323,0.0007037297677692,38.0365,38.884265483957485,37.18873451604252,0.4312899603441663,0.0445764191739645,-0.0047244094488189,-0.0028924533263212,-0.0088865656037636,-0.0124999999999999,0.0045973001154898,0.0079143668028122,0.0113808447534904,35.69131831190744,-0.004602595254596,0.0016605620328921,-0.0062631572874882,2752275.0,56.52459389389805,0.5200000000000006,0.76725496417837,0.4294478527343908,0.5804195803992874,0.0126582278481011,-0.0047244094488189,0.0113808447534904,35.69131831190744,-0.1589128676061905,0.0,0.0,0.0,0.5,,,,,,,,,,,,,,,,,,,,,,,,,,,,,,,,,,,,,,,,,,,,其他,0,0,0.5,1.0,0,0.8428571428571429,0.02267932489451474,0.04588607594936689,0.3885480572597137,0.13496932515337423,0.25766871165644173,0.07566462167689161,0.310838445807771,0.19631901840490798,0.5,0.5,0.5,0.5,0.8428571428571429,0.7020408163265306,0.6122448979591837
2025-07-29,38.1,38.33,37.76,38.1,1399980.0,37.994,37.889,38.0175,37.924,0.0027899141969784,0.0055688986249309,0.0021700532649437,0.0046408606687058,38.0175,38.84007298508379,37.1949270149162,0.5501475257764417,0.0432733864710531,0.004746835443038,0.004746835443038,0.012221041445271,-0.0098752598752597,0.0048927212586005,0.0059252222172353,0.0114289783779022,38.461538444970415,0.0068032072475219,0.0026890911841349,0.004114116063387,4152255.0,54.50744770276482,0.5107142857142867,0.9908696778611884,0.5398773005803763,0.637010676133915,0.0157480314960629,0.004746835443038,0.0114289783779022,38.461538444970415,0.2849146116152434,0.0,0.0,0.0,0.5,,,,,,,,,,,,,,,,,,,,,,,,,,,,,,,,,,,,,,,,,,,,其他,0,0,0.5,1.0,0,0.7795918367346939,0.013385826771653564,0.0551181102362206,0.6257668711656442,0.19427402862985685,0.25971370143149286,0.10020449897750511,0.65439672801636,0.31901840490797545,0.5,0.5,0.5,0.5,0.7795918367346939,0.5693877551020409,0.6
2025-07-30,38.0,38.2,37.65,38.04,1232308.0,38.042,37.947,38.011,37.93483333333334,-5.257347142639812e-05,0.0024507866234486,0.0007629370445396,0.0027722981077196,38.011,38.830548014071546,37.19145198592846,0.5176926790439977,0.0431216234284489,-0.0015748031496063,0.0063492063492063,0.0154831820608649,-0.0034058160859313,0.0046008635311848,0.0056436688332478,0.0112925629623327,41.52823918334237,0.0108912289707205,0.0043295188796577,0.0065617100910627,2919947.0,55.862764381166606,0.4821428571428581,0.8688930787929593,0.503067484631713,0.6156583629674143,0.0189274447949525,-0.0015748031496063,0.0112925629623327,41.52823918334237,-0.1197674252489321,0.0,0.0,0.0,0.5,,,,,,,,,,,,,,,,,,,,,,,,,,,,,,,,,,,,,,,,,,,,其他,0,0,0.5,1.0,0,0.7515274949083504,0.03391167192429023,0.05362776025236582,0.5787321063394683,0.20040899795501022,0.2392638036809816,0.18609406952965235,0.4621676891615542,0.3456032719836401,0.5,0.5,0.5,0.5,0.7515274949083504,0.7006109979633401,0.7311608961303462
2025-07-31,37.9,38.49,37.66,37.72,1974111.0,37.976,37.936,37.9905,37.923333333333325,-0.006741099641879,-0.0056938000843526,-0.0071202011029074,-0.0053616946470947,37.9905,38.81798763705199,37.16301236294802,0.3365534493075052,0.0435628716152622,-0.0084121976866456,-0.0086727989487516,-0.0029077451757864,-0.0107526881720431,0.0051200107724469,0.0056093408714022,0.0114437965011817,41.80602004731489,-0.0114775249021121,0.0011681099102252,-0.0126456348123374,945836.0,55.1235012396921,0.4942857142857154,1.343544879957714,0.3067484662388493,0.5017793594127478,0.0395015906680806,-0.0084121976866456,0.0114437965011817,41.80602004731489,0.6019623340918017,0.0,0.0,0.0,0.5,,,,,,,,,,,,,,,,,,,,,,,,,,,,,,,,,,,,,,,,,,,,其他,0,0,0.5,1.0,0,0.7571428571428571,0.015641569459172944,0.11346765641569467,0.7438524590163934,0.2889344262295082,0.18237704918032788,0.29918032786885246,0.8155737704918032,0.5225409836065574,0.5,0.5,0.5,0.5,0.7571428571428571,0.5122448979591837,0.8081632653061225
2025-08-01,37.66,37.82,37.41,37.72,925893.0,37.9,37.94,38.0155,37.902,-0.0047493403693931,-0.0057986294148655,-0.0077731451644724,-0.0048018574217719,38.0155,38.772153991701686,37.25884600829832,0.3047324118611266,0.0398076569662212,0.0,-0.0099737532808399,0.0010615711252652,0.0134336378291242,0.0049557798550302,0.005457765460224,0.0100342447966718,40.81632651117593,-0.0288713680268557,-0.004839786001136,-0.0240315820257197,945836.0,50.13220959378746,0.5035714285714299,0.6409635057860563,0.1870503596987718,0.5017793594127478,0.0246553552492045,0.0,0.0100342447966718,40.81632651117593,-0.5309823003873642,0.0,0.0,0.0,0.5,,,,,,,,,,,,,,,,,,,,,,,,,,,,,,,,,,,,,,,,,,,,其他,0,0,0.5,1.0,0,0.6081632653061224,0.0387062566277836,0.10312831389183463,0.7131147540983607,0.42418032786885246,0.11065573770491803,0.2540983606557377,0.4077868852459016,0.49385245901639346,0.5,0.5,0.5,0.5,0.6081632653061224,0.6775510204081633,0.7959183673469388
2025-08-04,37.57,38.47,37.55,38.4,2038686.0,37.996,37.977,38.0545,37.91966666666667,0.0106326981787556,0.0111383205624457,0.009079083945394,0.012667129633699,38.0545,38.80570885034876,37.30329114965125,0.7299626793311856,0.0394806842999791,0.0180275715800635,0.0126582278481011,0.0097291611885352,0.0207336523125996,0.0098497120171013,0.0074317045787593,0.0105368359832611,62.66666663742217,0.0119303365090601,-0.0014857613544178,0.013416097863478,2984522.0,60.27098209430872,0.5007142857142876,1.3526708133507477,0.6762589927571018,0.7437722419664138,0.0098958333333334,0.0180275715800635,0.0105368359832611,62.66666663742217,1.2018591781123735,0.0,0.0,0.0,0.5,,,,,,,,,,,,,,,,,,,,,,,,,,,,,,,,,,,,,,,,,,,,其他,0,0,0.5,1.0,0,0.3190184049079754,0.051302083333333304,0.07291666666666674,0.8459958932238193,0.4948665297741273,0.1457905544147844,0.7782340862422998,0.919917864476386,0.6735112936344969,0.5,0.5,0.5,0.5,0.31901840490797545,0.7361963190184049,0.6912065439672802
2025-08-05,38.35,38.88,38.35,38.7,2047921.0,38.116,38.055,38.04899999999999,37.931,0.0153216497009129,0.016949152542373,0.0171095166758656,0.0202736547942314,38.04899999999999,38.778207211905446,37.31979278809454,0.9463751792883934,0.0383299015429334,0.0078125000000002,0.0157480314960629,0.0205696202531646,-0.0028343210512754,0.010111992852572,0.0075793079672429,0.0079237996550129,69.8717948404421,0.0676326909638049,0.0123379295862647,0.0552947613775402,5032443.0,67.01258990688046,0.5157142857142877,1.4097439921800246,0.892086330871074,0.8505338077989151,-0.0023255813953488,0.0078125000000002,0.0079237996550129,69.8717948404421,0.0045298785590326,0.0,0.0,0.0,0.5,,,,,,,,,,,,,,,,,,,,,,,,,,,,,,,,,,,,,,,,,,,,其他,0,0,0.5,1.0,0,0.2341513292433537,0.03875968992248069,0.041860465116279055,0.7823408624229979,0.2936344969199179,0.024640657084188913,0.9055441478439425,0.917864476386037,0.6837782340862423,0.5,0.5,0.5,0.5,0.23415132924335377,0.6850715746421268,0.6615541922290389
2025-08-06,38.72,38.87,38.41,38.76,1703125.0,38.260000000000005,38.151,38.0445,37.94016666666667,0.013068478829064,0.0159628843280648,0.0188069234711982,0.0216085854481395,38.0445,38.75373160792819,37.33526839207181,1.0044191431270804,0.0372843174664576,0.0015503875968991,0.0189274447949525,0.0253968253968255,-0.0023166023166023,0.0098382211693117,0.0073614406442267,0.0079285954618845,66.54804267147067,0.1152771153954574,0.0329257673164714,0.082351348078986,6735568.0,68.41361692477828,0.5200000000000021,1.193838841762703,0.9999999999230768,0.8718861209654133,0.0147058823529411,0.0015503875968991,0.0079285954618845,66.54804267147067,-0.1683639163815401,0.0,0.0,0.0,0.5,,,,,,,,,,,,,,,,,,,,,,,,,,,,,,,,,,,,,,,,,,,,其他,0,0,0.5,1.0,0,0.5664621676891616,0.03689370485036125,0.018317853457172406,0.7520491803278688,0.2915811088295688,0.024640657084188913,0.8685831622176592,0.8459958932238193,0.6981519507186859,0.5,0.5,0.5,0.5,0.5664621676891616,0.6032719836400818,0.6400817995910021
2025-08-07,38.76,39.45,38.52,39.21,2679571.0,38.55800000000001,38.267,38.0775,37.95583333333334,0.0169095907464078,0.0246426424856924,0.0297419736064605,0.0330427909631807,38.0775,38.93225450461409,37.22274549538591,1.1624709163685882,0.044895515966744,0.0116099071207431,0.0395015906680806,0.0304862023653089,0.0171206225680935,0.0073996017478336,0.0078240023036487,0.0081246686707589,74.59807070596862,0.1871112795246787,0.0637628704391684,0.1233484090855103,9415139.0,70.90667327586107,0.5557142857142878,1.8130281310976424,0.9999999999428572,0.9999999999655173,-0.0229533282325936,0.0116099071207431,0.0081246686707589,74.59807070596862,0.5733260917431193,0.0,0.0,0.0,0.5,,,,,,,,,,,,,,,,,,,,,,,,,,,,,,,,,,,,,,,,,,,,其他,0,0,0.5,1.0,0,0.2040816326530612,0.010966590155572442,0.0040805916857944435,0.7566462167689162,0.48770491803278687,0.03483606557377049,0.9569672131147541,0.9262295081967213,0.7745901639344263,0.5,0.5,0.5,0.5,0.20408163265306123,0.3122448979591837,0.5836734693877551
2025-08-08,39.2,39.2,38.53,38.65,1579300.0,38.744,38.322,38.0995,37.9585,-0.0024261821185216,0.0085590522415321,0.0144490085171722,0.0182172635905002,38.0995,38.99049530390408,37.20850469609592,0.8089241870899739,0.0467720208350107,-0.0142820709002805,0.0246553552492045,0.0144356955380575,0.0115153101282385,0.0122983826386539,0.0095657376250273,0.0085486584984009,59.3373493725685,0.196672724016615,0.0903448416243205,0.1063278823922945,7835839.0,64.69678568237535,0.575714285714288,1.0736033146899022,0.6799999999611416,0.806896551696313,0.013712807244502,-0.0142820709002805,0.0085486584984009,59.3373493725685,-0.4106146095774287,0.0,0.0,0.0,0.5,,,,,,,,,,,,,,,,,,,,,,,,,,,,,,,,,,,,,,,,,,,,其他,0,0,0.5,1.0,0,0.6714285714285714,0.02535575679172064,0.03751617076326008,0.6053169734151329,0.45081967213114754,0.0471311475409836,0.7704918032786885,0.7704918032786885,0.6270491803278688,0.5,0.5,0.5,0.5,0.6714285714285714,0.5163265306122449,0.6795918367346939
2025-08-11,38.63,38.85,38.41,38.78,1089734.0,38.82,38.408,38.1255,37.968,-0.0010303967027305,0.0096854821912102,0.0171669879739282,0.0213864306784661,38.1255,39.06523064449912,37.18576935550089,0.8482380848950763,0.0492966987709879,0.0033635187580853,0.0098958333333334,0.0226793248945147,0.0135912179822268,0.0099159221732821,0.0093221145419452,0.0085698533364579,62.87425147065144,0.2122732260547124,0.1147305188550849,0.0975427071996274,8925573.0,60.01730680971632,0.5814285714285735,0.7363947758350305,0.7542857142426124,0.8517241379016647,0.0410005157297574,0.0033635187580853,0.0085698533364579,62.87425147065144,-0.309989235737352,0.0,0.0,0.0,0.5,,,,,,,,,,,,,,,,,,,,,,,,,,,,,,,,,,,,,,,,,,,,其他,0,0,0.5,1.0,0,0.8309572301425662,0.022692109334708555,0.036101083032491044,0.3163265306122449,0.41513292433537835,0.049079754601226995,0.8016359918200409,0.26380368098159507,0.591002044989775,0.5,0.5,0.5,0.5,0.8309572301425662,0.5132382892057027,0.6558044806517311
2025-08-12,38.78,38.92,38.52,38.61,893517.0,38.802,38.459,38.17399999999999,37.98033333333333,-0.0049481985464666,0.0039262591331026,0.0114213862838583,0.0165787556717951,38.17399999999999,39.10833680391927,37.23966319608072,0.7333205746031737,0.0489514750310067,-0.0043837029396596,-0.0023255813953488,0.0133858267716535,0.02577045696068,0.009627872367667,0.0094995638354381,0.007705936289798,61.946902629284445,0.2085374750315622,0.1334919103025308,0.0750455647290314,8032056.0,56.80586732596435,0.5478571428571445,0.621986386240489,0.6571428571053053,0.7931034482485131,0.0411810411810413,-0.0043837029396596,0.007705936289798,61.946902629284445,-0.1800595374651061,0.0,0.0,0.0,0.5,,,,,,,,,,,,,,,,,,,,,,,,,,,,,,,,,,,,,,,,,,,,其他,0,0,0.5,1.0,0,0.835030549898167,0.04118104118104138,0.0709660709660711,0.23265306122448978,0.38650306748466257,0.03885480572597137,0.721881390593047,0.18200408997955012,0.5010224948875256,0.5,0.5,0.5,0.5,0.835030549898167,0.639511201629328,0.7963340122199593
2025-08-13,38.6,39.78,38.56,39.33,3077583.0,38.916,38.588,38.2675,38.00633333333334,0.0106382978723404,0.019228775785218,0.0277650748023781,0.0348275287452088,38.2675,39.27257920609597,37.26242079390403,1.0285653078149992,0.0525291281684638,0.0186480186480186,0.0147058823529411,0.0339116719242902,0.0499199145755471,0.0129644878881688,0.010858137202589,0.0084750601851323,66.58031085668068,0.2605797123560123,0.1589094709431609,0.1016702414128513,11109639.0,66.01462597064344,0.6071428571428586,1.989345411507059,0.999999999939394,0.9999999999668874,0.0218662598525298,0.0186480186480186,0.0084750601851323,66.58031085668068,2.4443474494609503,0.0,0.0,0.0,0.5,,,,,,,,,,,,,,,,,,,,,,,,,,,,,,,,,,,,,,,,,,,,其他,0,0,0.5,1.0,0,0.639511201629328,0.019069412662090057,0.03407068395626767,0.563265306122449,0.6012269938650306,0.0736196319018405,0.8486707566462167,0.9325153374233128,0.6850715746421268,0.5,0.5,0.5,0.5,0.639511201629328,0.6659877800407332,0.6741344195519349
2025-08-14,39.29,39.29,38.3,38.31,2152200.0,38.736,38.647,38.2915,38.0055,-0.010997521685254,-0.0087199523895773,0.0004831359440085,0.0080119982634092,38.2915,39.27529020014174,37.30770979985826,0.5094024111779104,0.0513842602216769,-0.0259344012204423,-0.0229533282325936,0.0156415694591729,0.0126883425852499,0.0169764551294159,0.0139488632747945,0.0103941193035446,52.173913028355386,0.2171327118192749,0.1705541192026561,0.0465785926166188,8957439.0,58.23083934889926,0.6621428571428589,1.3352555421139365,0.3818181817950432,0.6622516556072111,0.0347167841294699,-0.0259344012204423,0.0103941193035446,52.173913028355386,-0.300684985587716,0.0,0.0,0.0,0.5,,,,,,,,,,,,,,,,,,,,,,,,,,,,,,,,,,,,,,,,,,,,其他,0,0,0.5,1.0,0,0.5661914460285132,0.09631949882537194,0.06447402766901589,0.20204081632653062,0.49693251533742333,0.14519427402862986,0.6728016359918201,0.7934560327198364,0.5828220858895705,0.5,0.5,0.5,0.5,0.5661914460285132,0.8686354378818737,0.6924643584521385
2025-08-15,38.33,39.18,38.2,39.18,1843237.0,38.842,38.793,38.3665,38.019666666666666,0.0087019206014109,0.0099760266027375,0.0212033935855497,0.0305192926467881,38.3665,39.38219317787368,37.35080682212632,0.9004654248111557,0.0529468769823169,0.0227094753328112,0.013712807244502,0.0387062566277836,0.0398089171974522,0.0195262860706058,0.0154227284424041,0.0114265382100349,61.413043462685074,0.2499273876634191,0.1864287729867167,0.0634986146767024,10800676.0,63.90892566778521,0.710714285714287,1.1136555004985582,0.9068322980803218,0.950331125796347,0.0114854517611027,0.0227094753328112,0.0114265382100349,61.413043462685074,-0.1435568255738314,0.0,0.0,0.0,0.5,,,,,,,,,,,,,,,,,,,,,,,,,,,,,,,,,,,,,,,,,,,,其他,0,0,0.5,1.0,0,0.3584521384928716,0.06202143950995409,0.020418580908626804,0.6714285714285714,0.6298568507157464,0.19222903885480572,0.7975460122699386,0.6728016359918201,0.7055214723926381,0.5,0.5,0.5,0.5,0.35845213849287166,0.8126272912423625,0.5091649694501018
2025-08-18,39.29,40.71,39.06,40.37,3661329.0,39.16,38.99,38.4835,38.053666666666665,0.0308988764044941,0.0353936906899206,0.0490210090038587,0.0608701745780082,38.4835,39.8233550589327,37.1436449410673,1.2039940579029296,0.0696327027910256,0.0303726391015823,0.0410005157297574,0.0513020833333333,0.0615303707599261,0.0231018660805625,0.0170828633830022,0.0129974438451145,67.38131698402235,0.3675830806178339,0.22265963468075,0.1449234459370839,14462005.0,67.13527952681937,0.7878571428571439,2.048854034701816,0.9999999999622642,0.9999999999753696,-0.0175873173148377,0.0303726391015823,0.0129974438451145,67.38131698402235,0.9863582382515108,0.0,0.0,0.0,0.5,,,,,,,,,,,,,,,,,,,,,,,,,,,,,,,,,,,,,,,,,,,,其他,0,0,0.5,1.0,0,0.0814663951120163,0.020559821649740018,-0.01610106514738663,0.8306122448979592,0.7443762781186094,0.31901840490797545,0.8591836734693877,0.9120654396728016,0.8159509202453987,0.5,0.5,0.5,0.5,0.0814663951120163,0.6191446028513238,0.3564154786150713
2025-08-19,40.8,40.8,39.71,40.2,2019917.0,39.478,39.14,38.5975,38.072,0.01828866710573,0.027082268778743,0.0415182330461816,0.0558940953981927,38.5975,40.11207306821017,37.08292693178984,1.0290269692273195,0.0784803714337065,-0.0042110478077779,0.0411810411810413,0.0387596899224806,0.0601265822784811,0.0230783176169118,0.0172961801326508,0.0130325771302492,66.26506022699235,0.4420266393915497,0.2665330357854761,0.1754936036060736,12442088.0,72.52368089246531,0.826428571428572,1.1005162995612956,0.9358490565684604,0.958128078794136,0.0,-0.0042110478077779,0.0130325771302492,66.26506022699235,-0.4483104359100206,0.0,0.0,0.0,0.5,,,,,,,,,,,,,,,,,,,,,,,,,,,,,,,,,,,,,,,,,,,,其他,0,0,0.5,1.0,0,0.1894093686354379,0.0029850746268655914,-0.008955223880596996,0.8346938775510204,0.7423312883435583,0.3456032719836401,0.8,0.5357873210633947,0.7627811860940695,0.5,0.5,0.5,0.5,0.1894093686354379,0.6008146639511202,0.3869653767820774
2025-08-20,40.0,40.39,39.9,40.19,1740047.0,39.65,39.283,38.717,38.10433333333334,0.0136191677175283,0.0230888679581497,0.0380453030968308,0.0547356818559567,38.717,40.33990318159842,37.09409681840157,0.9538163510326708,0.0838341390910572,-0.0002487562189056,0.0218662598525298,0.0368937048503612,0.0632275132275133,0.0225036508215184,0.0173331658236131,0.0129761259892667,69.51026854702774,0.4945154702847674,0.312129522820495,0.1823859474642724,10702041.0,72.86486582680837,0.8021428571428574,0.9717332661999196,0.9320754716629406,0.9556650246070032,-0.0027369992535456,-0.0002487562189056,0.0129761259892667,69.51026854702774,-0.1385551980601183,0.0,0.0,0.0,0.5,,,,,,,,,,,,,,,,,,,,,,,,,,,,,,,,,,,,,,,,,,,,其他,0,0,0.5,1.0,0,0.6435845213849287,-0.01791490420502606,-0.011445633242100017,0.6387755102040816,0.6748466257668712,0.3456032719836401,0.636734693877551,0.44785276073619634,0.7075664621676891,0.5,0.5,0.5,0.5,0.6435845213849287,0.6680244399185336,0.4195519348268839
2025-08-21,40.2,40.68,39.45,39.64,2408048.0,39.916,39.326,38.7965,38.1505,-0.0069145204930354,0.0079845394904134,0.0217416519531401,0.0390427386272786,38.7965,40.43750450623204,37.15549549376795,0.7570072162266906,0.0845954921824295,-0.0136849962677282,0.0347167841294699,0.0109665901555724,0.0417871222076215,0.0187027285320013,0.017897522628673,0.0134751800504356,63.95348835907925,0.4861708192609058,0.3469377821911222,0.1392330370697835,8293993.0,68.93030540022306,0.8607142857142855,1.3068940052479865,0.7245283018594528,0.820197044314774,0.0595358224016144,-0.0136849962677282,0.0134751800504356,63.95348835907925,0.3838982510242539,0.0,0.0,0.0,0.5,,,,,,,,,,,,,,,,,,,,,,,,,,,,,,,,,,,,,,,,,,,,其他,0,0,0.5,1.0,0,0.8940936863543788,-0.006811301715438978,-0.021190716448032387,0.5653061224489796,0.6462167689161554,0.39059304703476483,0.46122448979591835,0.6973415132924335,0.5010224948875256,0.5,0.5,0.5,0.5,0.8940936863543788,0.7352342158859471,0.48676171079429736
2025-08-22,39.66,39.89,39.3,39.63,1624076.0,40.006,39.424,38.873,38.19116666666667,-0.0093985902114682,0.0052252435064936,0.01947367067116,0.0376745058848686,38.873,40.51993143691379,37.22606856308621,0.7298213462199669,0.0847339509124354,-0.000252270433905,0.0114854517611027,0.0253557567917206,0.0401574803149606,0.0165752219060395,0.0170770948408474,0.0134847502341906,59.90338162900733,0.473294843673834,0.3722091945356079,0.1010856491382261,6669917.0,62.8219866914386,0.8371428571428571,0.8736256840817196,0.7207547169539356,0.817733990127643,0.0499621498864495,-0.000252270433905,0.0134847502341906,59.90338162900733,-0.3255632778084157,0.0,0.0,0.0,0.5,,,,,,,,,,,,,,,,,,,,,,,,,,,,,,,,,,,,,,,,,,,,其他,0,0,0.5,1.0,0,0.9144602851323828,0.011859702245773374,-0.01236437042644467,0.35714285714285715,0.6196319018404908,0.4069529652351738,0.373469387755102,0.2842535787321063,0.47648261758691207,0.5,0.5,0.5,0.5,0.9144602851323829,0.7494908350305499,0.5743380855397149
2025-08-25,39.71,39.82,39.29,39.66,1858701.0,39.864,39.512,38.96,38.2465,-0.0051173991571342,0.0037456975096172,0.0179671457905543,0.0369576301099445,38.96,40.57855035854869,37.34144964145131,0.7162428855645996,0.0830878007466393,0.0007570022710066,-0.0175873173148377,0.0226921093347085,0.0458860759493668,0.0059890778905851,0.0170846783276328,0.0133950810921097,58.080808067118966,0.4602036696792098,0.3898080895910383,0.0703955800881714,8528618.0,56.042220914881305,0.8371428571428571,0.9795710506685712,0.7320754716704873,0.8251231526890359,0.0388300554715079,0.0007570022710066,0.0133950810921097,58.080808067118966,0.1444667614077173,0.0,0.0,0.0,0.5,,,,,,,,,,,,,,,,,,,,,,,,,,,,,,,,,,,,,,,,,,,,其他,0,0,0.5,1.0,0,0.8778004073319755,0.013111447302067702,-0.01966717095310122,0.07959183673469387,0.6114519427402862,0.3803680981595092,0.3510204081632653,0.18813905930470348,0.37627811860940696,0.5,0.5,0.5,0.5,0.8778004073319755,0.7372708757637475,0.6171079429735234
2025-08-26,39.48,40.28,39.44,40.2,2212126.0,39.864,39.671,39.065,38.30216666666667,0.00842865743528,0.0133346777242822,0.0290541405350059,0.0495489811281344,39.065,40.72068240025872,37.40931759974127,0.8427589735019131,0.0847655139001401,0.0136157337367626,0.0,0.0411810411810413,0.0551181102362206,0.0096612489895113,0.017240691866356,0.0136241223889363,61.21495325767903,0.4877452601556769,0.4093955237277484,0.0783497364279284,10740744.0,56.91294697505902,0.8642857142857144,1.1414057737291945,0.9358490565684604,0.958128078794136,0.0029850746268655,0.0136157337367626,0.0136241223889363,61.21495325767903,0.1901462365383135,0.0,0.0,0.0,0.5,,,,,,,,,,,,,,,,,,,,,,,,,,,,,,,,,,,,,,,,,,,,其他,0,0,0.5,1.0,0,0.7983706720977597,0.028606965174129417,-0.04975124378109452,0.19387755102040816,0.5991820040899796,0.3885480572597137,0.38979591836734695,0.5142857142857142,0.47346938775510206,0.5,0.5,0.5,0.5,0.7983706720977597,0.8207739307535642,0.5437881873727087
2025-08-27,40.59,42.5,40.08,40.08,4892665.0,39.842,39.746,39.167,38.35333333333334,0.0059735957030269,0.0084033613445377,0.0233104399111496,0.0450199895706586,39.167,40.80809206258971,37.525907937410295,0.7781684284309531,0.0837997325598343,-0.0029850746268658,-0.0027369992535456,0.01906941266209,0.0536277602523658,0.0097585167151307,0.0165672535407766,0.0136514376890377,57.14285712972084,0.4941984990673376,0.4263561188121406,0.0678423802551969,5848079.0,60.2439778852229,0.970714285714286,2.306675576868084,0.8905660377022431,0.9285714285485576,-0.0152195608782434,-0.0029850746268658,0.0136514376890377,57.14285712972084,1.2117478841621137,0.0,0.0,0.0,0.5,,,,,,,,,,,,,,,,,,,,,,,,,,,,,,,,,,,,,,,,,,,,其他,0,0,0.5,1.0,0,0.639511201629328,0.014720558882235668,-0.04041916167664661,0.6428571428571429,0.7285714285714285,0.28775510204081634,0.5836734693877551,0.9510204081632653,0.7163265306122449,0.5,0.5,0.5,0.5,0.639511201629328,0.6171079429735234,0.34623217922606925
2025-08-28,39.71,42.46,38.6,42.0,5429090.0,40.314,40.115,39.381,38.44216666666667,0.0418216996576872,0.0469899040259256,0.0665041517483049,0.0925502811582765,39.381,41.31728945204623,37.444710547953775,1.176293515185623,0.0983362256946907,0.0479041916167666,0.0595358224016144,0.0963194988253719,0.1134676564156946,0.0211696284870783,0.0190025519736687,0.0167045970325052,72.48322146288908,0.6466816732295726,0.4704212297298685,0.176260443499704,11277169.0,69.23533283396657,1.1978571428571432,2.366814609382013,0.9999999999766356,0.9999999999824252,-0.0626190476190476,0.0479041916167666,0.0167045970325052,72.48322146288908,0.1096386120856425,0.0,0.0,0.0,0.5,,,,,,,,,,,,,,,,,,,,,,,,,,,,,,,,,,,,,,,,,,,,其他,0,0,0.5,1.0,0,0.175152749490835,-0.02904761904761899,-0.09500000000000008,0.8938775510204081,0.8081632653061225,0.536734693877551,0.8918367346938776,0.9612244897959183,0.8673469387755102,0.5,0.5,0.5,0.5,0.17515274949083504,0.20366598778004075,0.08961303462321792
2025-08-29,41.61,42.4,41.2,41.61,3418182.0,40.71,40.358,39.5755,38.521,0.0221075902726601,0.0310223499677884,0.0514080681229549,0.0801900262194648,39.5755,41.58922631810053,37.56177368189947,1.0051580201371528,0.1017663108789752,-0.0092857142857143,0.0499621498864495,0.062021439509954,0.1031283138918346,0.0227803929434537,0.0192046567373617,0.0169926372092709,68.35278857383997,0.727685434780355,0.5218740707719516,0.2058113640084033,7858987.0,74.12088367583976,1.2521428571428568,1.4133755559210326,0.8943089430651947,0.931458699456389,-0.0362893535207882,-0.0092857142857143,0.0169926372092709,68.35278857383997,-0.3703950385792094,0.0,0.0,0.0,0.5,,,,,,,,,,,,,,,,,,,,,,,,,,,,,,,,,,,,,,,,,,,,其他,0,0,0.5,1.0,0,0.2016293279022403,-0.039173275654890705,-0.08363374188896888,0.9142857142857143,0.7959183673469388,0.5408163265306123,0.8734693877551021,0.8183673469387756,0.8367346938775511,0.5,0.5,0.5,0.5,0.20162932790224034,0.14663951120162932,0.12219959266802444
2025-09-01,41.8,41.8,41.01,41.2,1749918.0,41.018,40.441,39.7155,38.562333333333335,0.0044370764054806,0.0187680818970847,0.0373783535395502,0.0684000795249251,39.7155,41.77395598753818,37.65704401246182,0.8605858004497194,0.1036600817077966,-0.0098534006248497,0.0388300554715079,0.02055982164974,0.0729166666666667,0.024300306807454,0.0177351006530835,0.0170160267314005,66.28930816442708,0.7501681935385136,0.5675328953479711,0.1826352981905424,6109069.0,70.0412025845072,1.2799999999999996,0.7279149560816889,0.7831978319570956,0.8594024604418388,-0.0247572815533981,-0.0098534006248497,0.0170160267314005,66.28930816442708,-0.4880559314863866,0.0,0.0,0.0,0.5,,,,,,,,,,,,,,,,,,,,,,,,,,,,,,,,,,,,,,,,,,,,其他,0,0,0.5,1.0,0,0.2281059063136456,-0.03592233009708745,-0.07402912621359237,0.8775510204081632,0.6918367346938775,0.5061224489795918,0.8204081632653061,0.24897959183673468,0.746938775510204,0.5,0.5,0.5,0.5,0.22810590631364563,0.19959266802443992,0.1690427698574338
2025-09-02,41.05,41.17,39.93,40.32,2010089.0,41.042,40.453,39.7965,38.5965,-0.0175917352955508,-0.0032877660494895,0.0131544231276619,0.0446543080331118,39.7965,41.81378608727046,37.779213912729546,0.6297535345235438,0.1013800754973621,-0.0213592233009709,0.0029850746268655,0.0029850746268655,0.041860465116279,0.0271078586468613,0.0191905522503185,0.0178702795820804,56.10357582262085,0.6890710113034828,0.5918405185487444,0.0972304927547383,4098980.0,63.80699885069389,1.2835714285714286,0.8367969538609132,0.5447154471397094,0.7047451669471925,0.0255456349206348,-0.0213592233009709,0.0178702795820804,56.10357582262085,0.1486761093948401,0.0,0.0,0.0,0.5,,,,,,,,,,,,,,,,,,,,,,,,,,,,,,,,,,,,,,,,,,,,其他,0,0,0.5,1.0,0,0.790224032586558,-0.011904761904761862,-0.038690476190476275,0.7979591836734694,0.6612244897959184,0.5265306122448979,0.6959183673469388,0.3326530612244898,0.6877551020408164,0.5,0.5,0.5,0.5,0.790224032586558,0.2219959266802444,0.3421588594704684
2025-09-03,40.32,40.46,39.35,39.47,1457298.0,40.92,40.381,39.83200000000001,38.6105,-0.0354349951124145,-0.0225601149055248,-0.0090881703153246,0.0222607839836312,39.83200000000001,41.79679113661645,37.86720886338357,0.4078782489155067,0.0986539032241166,-0.0210813492063491,-0.0152195608782434,-0.017914904205026,0.0183178534571724,0.028902255255538,0.0203706067471988,0.0186147848003077,57.30478588410241,0.5655769916795279,0.5865878131732293,-0.0210108214937013,2641682.0,64.90183914754058,1.289285714285714,0.6097911342197613,0.3143631436229162,0.5553602811853184,0.0304028375981759,-0.0210813492063491,0.0186147848003077,57.30478588410241,-0.2750082210290191,0.0,0.0,0.0,0.5,,,,,,,,,,,,,,,,,,,,,,,,,,,,,,,,,,,,,,,,,,,,其他,0,0,0.5,1.0,0,0.604887983706721,0.006587281479604634,-0.02102862933873828,0.6387755102040816,0.6408163265306123,0.5163265306122449,0.746938775510204,0.21836734693877552,0.6816326530612244,0.5,0.5,0.5,0.5,0.604887983706721,0.23828920570264767,0.2606924643584521
2025-09-04,39.5,40.13,38.93,39.37,1753526.0,40.394,40.354,39.84,38.61466666666667,-0.025350299549438,-0.0243841998314913,-0.01179718875502,0.0195607886468007,39.84,41.795408154997766,37.88459184500223,0.379820486879754,0.0981630599896014,-0.0025335697998479,-0.0626190476190476,-0.0068113017154389,0.0040805916857944,0.0081894859998624,0.0199375290999889,0.0184613598770265,51.32496512247489,0.4544036236677726,0.5601509752654064,-0.1057473515976337,888156.0,60.12432692081854,1.3050000000000002,0.7482415996404398,0.2872628726209402,0.5377855887427447,0.0358140716281434,-0.0025335697998479,0.0184613598770265,51.32496512247489,0.2032720829919481,0.0,0.0,0.0,0.5,,,,,,,,,,,,,,,,,,,,,,,,,,,,,,,,,,,,,,,,,,,,其他,0,0,0.5,1.0,0,0.594704684317719,-0.014478028956057876,-0.02413004826009646,0.17346938775510204,0.5816326530612245,0.4897959183673469,0.6673469387755102,0.3551020408163265,0.6489795918367347,0.5,0.5,0.5,0.5,0.594704684317719,0.19144602851323828,0.20570264765784113
2025-09-05,39.38,40.1,39.34,40.1,1755408.0,40.092,40.401,39.9125,38.64633333333333,0.0001995410555721,-0.0074503106358752,0.004697776385844,0.0376146076816257,39.9125,41.78802518960485,38.03697481039515,0.5499859988509419,0.0939818447654319,0.0185420370840743,-0.0362893535207882,0.0118597022457733,0.03751617076326,0.0164668434777603,0.0208301003870255,0.018549639383471,47.98807748626184,0.4203327491409823,0.5321873300348252,-0.1118545808938429,2643564.0,57.92440602133799,1.2414285714285715,0.7462407930028491,0.4850948509353633,0.6660808435735313,-0.002992518703242,0.0185420370840743,0.018549639383471,47.98807748626184,0.0010732660935737,0.0,0.0,0.0,0.5,,,,,,,,,,,,,,,,,,,,,,,,,,,,,,,,,,,,,,,,,,,,其他,0,0,0.5,1.0,0,0.2163265306122449,-0.02394014962593516,-0.056359102244389,0.20040899795501022,0.6809815950920245,0.47648261758691207,0.5173824130879345,0.5153374233128835,0.6584867075664622,0.5,0.5,0.5,0.5,0.2163265306122449,0.24693877551020407,0.15306122448979592
2025-09-08,40.08,40.28,39.8,40.18,1331872.0,39.888,40.453,39.9825,38.679,0.0073204973926996,-0.0067485724173731,0.004939661101732,0.0388065875539698,39.9825,41.783059854454685,38.18194014554532,0.5548440529360599,0.0900673972087878,0.0019950124688279,-0.0247572815533981,0.0131114473020677,0.036101083032491,0.0168479345457635,0.0208297176540001,0.0185468880466989,49.84894258764521,0.3952280303569608,0.5047954700947885,-0.1095674397378276,3975436.0,57.06295936951784,1.1978571428571436,0.56329244270354,0.5067750677369434,0.6801405975275896,-0.011448481831757,0.0019950124688279,0.0185468880466989,49.84894258764521,-0.2412749628576376,0.0,0.0,0.0,0.5,,,,,,,,,,,,,,,,,,,,,,,,,,,,,,,,,,,,,,,,,,,,其他,0,0,0.5,1.0,0,0.2973523421588595,-0.03235440517670474,-0.07292185166749621,0.22653061224489796,0.6551020408163265,0.48367346938775513,0.5265306122448979,0.1673469387755102,0.5571428571428572,0.5,0.5,0.5,0.5,0.2973523421588595,0.3727087576374745,0.15274949083503056
2025-09-09,40.21,42.0,39.71,41.35,3570778.0,40.094,40.568,40.1195,38.7365,0.0313263829999501,0.0192762768684677,0.0306708707735638,0.0674686665031689,40.1195,41.89716819472209,38.34183180527791,0.8460994587090981,0.0886186614846973,0.0291189646590344,0.0255456349206348,0.0286069651741294,0.0709660709660711,0.0194352505076466,0.0223532340665226,0.0194375816519831,57.45501284313151,0.4643544453607973,0.4967072651469358,-0.0323528197861385,7546214.0,64.20675355914675,1.326428571428572,1.4292805380609128,0.8238482384600586,0.8857644991056985,-0.0365175332527206,0.0291189646590344,0.0194375816519831,57.45501284313151,1.6810219000024027,0.0,0.0,0.0,0.5,,,,,,,,,,,,,,,,,,,,,,,,,,,,,,,,,,,,,,,,,,,,其他,0,0,0.5,1.0,0,0.054989816700611,-0.0761789600967352,-0.0962515114873036,0.789795918367347,0.7959183673469388,0.5081632653061224,0.7714285714285715,0.8979591836734694,0.7857142857142857,0.5,0.5,0.5,0.5,0.054989816700611,0.1079429735234216,0.05702647657841141
2025-09-10,41.01,41.48,40.56,40.67,1780000.0,40.334,40.627,40.1865,38.79266666666667,0.00833044081916,0.001058409432151,0.0120314035808044,0.0483940263623707,40.1865,41.93971989493623,38.43328010506378,0.6378891493681683,0.0872541721688557,-0.0164449818621523,0.0304028375981759,0.0147205588822356,0.0340706839562676,0.0179188195723709,0.0231478732076641,0.0195921213297967,56.51074588127496,0.4589941695122732,0.4891646460192166,-0.0301704765069433,5766214.0,65.26517712569662,1.3042857142857147,0.7314791883794586,0.6395663956466244,0.7662565904961995,-0.023112859601672,-0.0164449818621523,0.0195921213297967,56.51074588127496,-0.5015091949149457,0.0,0.0,0.0,0.5,,,,,,,,,,,,,,,,,,,,,,,,,,,,,,,,,,,,,,,,,,,,其他,0,0,0.5,1.0,0,0.1344195519348268,-0.054339808212441665,-0.08777969018932874,0.6040816326530613,0.673469387755102,0.5061224489795918,0.7489795918367347,0.6081632653061224,0.6306122448979592,0.5,0.5,0.5,0.5,0.13441955193482688,0.18533604887983707,0.09572301425661914
2025-09-11,40.38,40.92,39.68,40.78,1803186.0,40.616,40.505,40.31,38.86716666666666,0.004037817608824,0.0067892852734232,0.0116596378069959,0.0492146327448619,40.31,41.84049011757677,38.77950988242322,0.6535455846911322,0.0759360018642013,0.0027046963363659,0.0358140716281434,-0.0290476190476189,0.0644740276690158,0.017431768513974,0.0166143068868128,0.0184683499998891,57.17852683145442,0.4583357789466618,0.4829988726041912,-0.0246630936575294,7569400.0,64.86948146298175,1.350714285714286,0.7463596524077767,0.5673758865047034,0.7447698744614067,-0.0485532123589995,0.0027046963363659,0.0184683499998891,57.17852683145442,0.0130258426966292,0.0,0.0,0.0,0.5,,,,,,,,,,,,,,,,,,,,,,,,,,,,,,,,,,,,,,,,,,,,其他,0,0,0.5,1.0,0,0.1387755102040816,-0.06792545365375191,-0.09489946051986275,0.5950920245398773,0.6932515337423313,0.4785276073619632,0.7239263803680982,0.4274028629856851,0.5787321063394683,0.5,0.5,0.5,0.5,0.13877551020408163,0.1836734693877551,0.1489795918367347
2025-09-12,40.45,40.65,39.88,39.98,1531426.0,40.592,40.342,40.35,38.9125,-0.0150768624359479,-0.0089732784690893,-0.0091697645600992,0.0274333440411178,40.35,41.79560313400767,38.90439686599233,0.3720257339884668,0.0716531912765346,-0.0196174595389898,-0.002992518703242,-0.0391732756548907,0.0204185809086268,0.0194517660389507,0.0173653439567331,0.0185507681270857,51.82232345415133,0.3887971768503107,0.4641585334521576,-0.0753613566018469,6037974.0,65.42401578082905,1.3771428571428572,0.6379920613538475,0.2319391634892794,0.5774058577285056,-0.0210105052526262,-0.0196174595389898,0.0185507681270857,51.82232345415133,-0.1507110192736633,0.0,0.0,0.0,0.5,,,,,,,,,,,,,,,,,,,,,,,,,,,,,,,,,,,,,,,,,,,,其他,0,0,0.5,1.0,0,0.4908350305498982,-0.04627313656828402,-0.06703351675837921,0.2163265306122449,0.5081632653061224,0.48775510204081635,0.6285714285714286,0.2836734693877551,0.3346938775510204,0.5,0.5,0.5,0.5,0.4908350305498982,0.38289205702647655,0.21181262729124237
2025-09-15,39.99,40.07,39.51,39.72,879785.0,40.5,40.194,40.3175,38.95,-0.0192592592592593,-0.0117928048962532,-0.0148198673032803,0.0197689345314504,40.3175,41.79018283647304,38.84481716352696,0.2971389408391955,0.073054273527346,-0.0065032516258128,-0.011448481831757,-0.0359223300970874,-0.0161010651473866,0.0195558537500393,0.0172687666876902,0.0172851859460903,47.17647058046504,0.3091494035176581,0.4331567074636022,-0.1240073039459441,5158189.0,61.48808637497845,1.3571428571428572,0.3890604145770749,0.1330798479036856,0.5230125522903134,-0.0211480362537763,-0.0065032516258128,0.0172851859460903,47.17647058046504,-0.4255125614949726,0.0,0.0,0.0,0.5,,,,,,,,,,,,,,,,,,,,,,,,,,,,,,,,,,,,,,,,,,,,其他,0,0,0.5,1.0,0,0.560081466395112,-0.03952668680765359,-0.05513595166163132,0.29591836734693877,0.3551020408163265,0.4122448979591837,0.5714285714285714,0.022448979591836733,0.31020408163265306,0.5,0.5,0.5,0.5,0.560081466395112,0.34419551934826886,0.18737270875763748
2025-09-16,39.6,39.84,39.45,39.84,869381.0,40.198,40.146,40.2995,38.98,-0.0089059157171997,-0.0076221790464803,-0.0114021265772528,0.0220625962031812,40.2995,41.7869559701578,38.812044029842205,0.345541646524903,0.0738200707281284,0.0030211480362538,-0.0365175332527206,-0.0119047619047618,-0.0089552238805969,0.0105188195258915,0.0161551485296188,0.0172828827653111,48.58823528611492,0.2527945825127773,0.3970842824718962,-0.1442896999591189,6027570.0,53.249760675138575,1.212142857142857,0.3944953491503076,0.1787072243278079,0.5481171548002494,-0.0411646586345381,0.0030211480362538,0.0172828827653111,48.58823528611492,-0.011825616485846,0.0,0.0,0.0,0.5,,,,,,,,,,,,,,,,,,,,,,,,,,,,,,,,,,,,,,,,,,,,其他,0,0,0.5,1.0,0,0.5336048879837068,-0.027108433734939874,-0.05798192771084343,0.053061224489795916,0.38571428571428573,0.40408163265306124,0.3979591836734694,0.014285714285714285,0.2795918367346939,0.5,0.5,0.5,0.5,0.5336048879837068,0.5091649694501018,0.21181262729124237
2025-09-17,39.72,40.07,39.61,39.73,1107436.0,40.01,40.172,40.2765,39.009,-0.0069982504373906,-0.0110026884397094,-0.0135687063175797,0.0184829141992872,40.2765,41.78515956537938,38.76784043462062,0.3188789530212996,0.0749151274502817,-0.0027610441767069,-0.023112859601672,0.0065872814796046,-0.0114456332421,0.0092731310864689,0.0145987192379553,0.0172915452103479,33.03437966423796,0.1969881921080443,0.3570650643977582,-0.1600768722897139,4920134.0,45.01608908467706,0.9692857142857144,0.5098341410240377,0.1368821292723615,0.5251046024994742,-0.0319657689403471,-0.0027610441767069,0.0172915452103479,33.03437966423796,0.2738212590337263,0.0,0.0,0.0,0.5,,,,,,,,,,,,,,,,,,,,,,,,,,,,,,,,,,,,,,,,,,,,其他,0,0,0.5,1.0,0,0.4623217922606925,-0.02743518751573104,-0.022904606091114887,0.1326530612244898,0.4163265306122449,0.42448979591836733,0.0836734693877551,0.10816326530612246,0.2714285714285714,0.5,0.5,0.5,0.5,0.4623217922606925,0.4378818737270876,0.3727087576374745
2025-09-18,39.73,40.55,38.0,38.8,1830542.0,39.614,40.115,40.2345,39.02933333333333,-0.0205482910082294,-0.0327807553284307,-0.035653481464912,-0.0058759223831649,40.2345,41.86001336020678,38.60898663979323,0.0587547801442228,0.0808019664816381,-0.0234080040271834,-0.0485532123589995,-0.0144780289560578,-0.0211907164480323,0.0112510348511422,0.0164905580170587,0.0178125021103466,30.5670815985071,0.0768480339113253,0.3010216582989394,-0.224173624387614,3089592.0,33.28132213961388,1.0657142857142858,0.854086685360028,0.0,0.3305439330474777,-0.0203608247422679,-0.0234080040271834,0.0178125021103466,30.5670815985071,0.6529551143361783,0.0,0.0,0.0,0.5,,,,,,,,,,,,,,,,,,,,,,,,,,,,,,,,,,,,,,,,,,,,其他,0,0,0.5,1.0,0,0.4867617107942973,-0.009793814432989545,-0.008505154639175228,0.13673469387755102,0.4857142857142857,0.4387755102040816,0.08775510204081632,0.23265306122448978,0.18979591836734694,0.5,0.5,0.5,0.5,0.48676171079429736,0.3645621181262729,0.3910386965376782
2025-09-19,38.8,39.19,38.65,39.14,891115.0,39.446,40.019,40.21,39.04783333333333,-0.0077574405516401,-0.0219645668307553,-0.026610295946282,0.0023603529005025,40.21,41.887805584371314,38.53219441562869,0.1811311125719459,0.0834521554024939,0.0087628865979383,-0.0210105052526262,-0.0239401496259351,-0.0123643704264446,0.01221169410443,0.0154371428974966,0.0179439069211365,35.614525132701104,0.0089627839269184,0.2426098834232576,-0.2336470994963392,3980707.0,34.66278053369153,1.047857142857143,0.4230057520408699,0.1062499999966806,0.401673640158961,-0.0258048032703116,0.0087628865979383,0.0179439069211365,35.614525132701104,-0.5131960916493585,0.0,0.0,0.0,0.5,,,,,,,,,,,,,,,,,,,,,,,,,,,,,,,,,,,,,,,,,,,,其他,0,0,0.5,1.0,0,0.3441955193482688,-0.03321410321921303,-0.006387327542156318,0.4897959183673469,0.573469387755102,0.42857142857142855,0.23673469387755103,0.02857142857142857,0.3163265306122449,0.5,0.5,0.5,0.5,0.34419551934826886,0.2505091649694501,0.35030549898167007
2025-09-22,39.24,39.3,38.4,38.88,923991.0,39.278,39.889,40.171,39.05583333333333,-0.0101328988237688,-0.0252951941638044,-0.0321376117099398,-0.004502101692022,40.171,41.936599942765895,38.4054000572341,0.1344018911806757,0.0879042066546264,-0.0066428206438425,-0.0211480362537763,-0.0323544051767047,-0.0196671709531012,0.0122184966161091,0.015410934337728,0.0179934841883133,38.99082567972679,-0.0650626682902384,0.1810753730794816,-0.2461380413697201,3056716.0,36.49439061580398,1.0214285714285711,0.4485631203636193,0.0249999999992204,0.3472803347207688,-0.0187757201646091,-0.0066428206438425,0.0179934841883133,38.99082567972679,0.0368931058280916,0.0,0.0,0.0,0.5,,,,,,,,,,,,,,,,,,,,,,,,,,,,,,,,,,,,,,,,,,,,其他,0,0,0.5,1.0,0,0.3095723014256619,-0.041923868312757295,-0.023919753086419693,0.5591836734693878,0.6163265306122448,0.44693877551020406,0.2836734693877551,0.0836734693877551,0.31020408163265306,0.5,0.5,0.5,0.5,0.3095723014256619,0.18737270875763748,0.23828920570264767
2025-09-23,38.87,38.87,37.12,38.2,1240592.0,38.95,39.574,40.071000000000005,39.05116666666666,-0.0192554557124519,-0.0347197655026025,-0.0466921214843653,-0.0217961904680609,40.071000000000005,42.04404893635798,38.09795106364203,0.0258607210583835,0.0984776489906941,-0.0174897119341563,-0.0411646586345381,-0.0761789600967352,-0.0497512437810945,0.0126221102213057,0.0109648977173087,0.018022465970294,40.03139716545626,-0.1765541357020552,0.109549471322173,-0.2861036070242283,1816124.0,36.9550299520484,1.067857142857143,0.6168067243602938,0.0,0.2050209204978036,0.0146596858638741,-0.0174897119341563,0.018022465970294,40.03139716545626,0.3426451123441678,0.0,0.0,0.0,0.5,,,,,,,,,,,,,,,,,,,,,,,,,,,,,,,,,,,,,,,,,,,,其他,0,0,0.5,1.0,0,0.5417515274949084,-0.021727748691099613,-0.01020942408376968,0.5326530612244897,0.5428571428571428,0.42448979591836733,0.25510204081632654,0.10204081632653061,0.2714285714285714,0.5,0.5,0.5,0.5,0.5417515274949084,0.15682281059063136,0.21792260692464357
2025-09-24,38.18,38.75,37.71,38.46,918260.0,38.696000000000005,39.353,39.99,39.056,-0.0060988215836262,-0.022692043808604,-0.0382595648912226,-0.0152601392871772,39.99,42.090395952646766,37.88960404735322,0.1357829584261067,0.1050460591468626,0.006806282722513,-0.0319657689403471,-0.0543398082124416,-0.0404191616766466,0.0142883846445175,0.0113937936838523,0.0181382331237313,43.032159255705245,-0.2411552385841346,0.039408529340126,-0.2805637679242607,2734384.0,42.812471316962615,1.0564285714285713,0.5066000034480975,0.0684210526297779,0.2594142259359959,0.0046801872074881,0.006806282722513,0.0181382331237313,43.032159255705245,-0.2598211176599558,0.0,0.0,0.0,0.5,,,,,,,,,,,,,,,,,,,,,,,,,,,,,,,,,,,,,,,,,,,,其他,0,0,0.5,1.0,0,0.5122448979591837,-0.035361414456578255,-0.02262090483619339,0.4601226993865031,0.3476482617586912,0.4662576687116564,0.2719836400817996,0.1492842535787321,0.19631901840490798,0.5,0.5,0.5,0.5,0.5122448979591837,0.19183673469387755,0.2755102040816326
2025-09-25,38.46,38.66,37.9,38.01,710716.0,38.538,39.076,39.7905,39.054,-0.0137007628833878,-0.0272801719725663,-0.0447468616880912,-0.0267322169304041,39.7905,41.844492005314265,37.73650799468573,0.0665757229336857,0.1032403214490448,-0.0117004680187208,-0.0203608247422679,-0.0679254536537519,-0.095,0.0114881149011884,0.0111473863574919,0.0139323997620837,33.279999992545285,-0.3249125475973997,-0.0334556860480318,-0.2914568615493678,2023668.0,36.1303775292192,1.0564285714285713,0.4507688505630884,0.0,0.1652719665237388,0.0107866350960275,-0.0117004680187208,0.0139323997620837,33.279999992545285,-0.2260187746389911,0.0,0.0,0.0,0.5,,,,,,,,,,,,,,,,,,,,,,,,,,,,,,,,,,,,,,,,,,,,其他,0,0,0.5,1.0,0,0.405295315682281,-0.028939752696658827,-0.0015785319652721341,0.48775510204081635,0.08775510204081632,0.22653061224489796,0.2,0.07346938775510205,0.19591836734693877,0.5,0.5,0.5,0.5,0.40529531568228105,0.2708757637474542,0.29938900203665986
2025-09-26,38.01,38.26,37.5,38.13,852917.0,38.336,38.891000000000005,39.6165,39.06916666666667,-0.0053735392320533,-0.0195675091923581,-0.0375222445193288,-0.0240385640850627,39.6165,41.61021934888175,37.62278065111824,0.1272043001321958,0.1006509585085366,0.0031570639305447,-0.0258048032703116,-0.046273136568284,-0.0836337418889688,0.0101163577886325,0.010584821914301,0.0140032480470113,33.704292520320266,-0.3772600939727155,-0.1022165676334614,-0.2750435263392541,2876585.0,30.036199012527803,1.0764285714285708,0.5888636090923866,0.0359281437115004,0.147577092507763,-0.0076055599265669,0.0031570639305447,0.0140032480470113,33.704292520320266,0.2000813264370016,0.0,0.0,0.0,0.5,,,,,,,,,,,,,,,,,,,,,,,,,,,,,,,,,,,,,,,,,,,,其他,0,0,0.5,1.0,0,0.2505091649694501,-0.021767637031209208,0.059795436664043855,0.34285714285714286,0.12040816326530612,0.23673469387755103,0.29183673469387755,0.2897959183673469,0.2714285714285714,0.5,0.5,0.5,0.5,0.2505091649694501,0.2525458248472505,0.6374745417515275
2025-09-29,38.1,38.18,37.53,38.15,664421.0,38.190000000000005,38.734,39.464,39.078,-0.0010473946059179,-0.0150771931636289,-0.0332961686600445,-0.0237473770407901,39.464,41.41383831988307,37.51416168011693,0.1630489854935501,0.0988160510783564,0.0005245213742459,-0.0187757201646091,-0.0395266868076535,-0.0740291262135923,0.010361024816071,0.0106828563834232,0.013977499024414,18.87159532559923,-0.4123784713131684,-0.1642489483697585,-0.2481295229434099,3541006.0,12.574889126785266,0.9592857142857136,0.4765823041990243,0.0419161676634158,0.1519823788512774,-0.0235910878112712,0.0005245213742459,0.013977499024414,18.87159532559923,-0.2210015745963558,0.0,0.0,0.0,0.5,,,,,,,,,,,,,,,,,,,,,,,,,,,,,,,,,,,,,,,,,,,,其他,0,0,0.5,1.0,0,0.2040816326530612,-0.01625163826998688,0.04587155963302747,0.30879345603271985,0.16768916155419222,0.2392638036809816,0.024539877300613498,0.09406952965235174,0.24948875255623723,0.5,0.5,0.5,0.5,0.20408163265306123,0.22653061224489796,0.6163265306122448
2025-09-30,38.07,39.21,38.05,38.76,1646268.0,38.302,38.626,39.386,39.07716666666667,0.0119576001253198,0.0034691658468388,-0.0158939724775302,-0.0081164192217962,39.386,41.31637111239762,37.45562888760239,0.3378550124343014,0.0980232119226483,0.0159895150720839,0.0146596858638741,-0.0271084337349398,-0.0386904761904762,0.0100680405252167,0.0122921709976051,0.0139953329364476,31.163708078179667,-0.3865378547378384,-0.2087067296435784,-0.17783112509426,5187274.0,23.01019719319441,0.9764285714285716,1.1964627388329732,0.2245508981968695,0.286343612328494,-0.0358617131062951,0.0159895150720839,0.0139953329364476,31.163708078179667,1.4777482951321526,0.0,0.0,0.0,0.5,,,,,,,,,,,,,,,,,,,,,,,,,,,,,,,,,,,,,,,,,,,,其他,0,0,0.5,1.0,0,0.130346232179226,-0.03173374613003088,0.005417956656346812,0.5419222903885481,0.34355828220858897,0.25153374233128833,0.20449897750511248,0.8404907975460123,0.45194274028629855,0.5,0.5,0.5,0.5,0.13034623217922606,0.19959266802443992,0.3421588594704684
2025-10-09,38.7,38.78,38.26,38.64,795550.0,38.338,38.517,39.3445,39.07366666666667,0.0078773018936824,0.0031933951242308,-0.017905933484985,-0.0110986939200313,39.3445,41.30275351834371,37.386246481656286,0.3201203282841862,0.0995439524375062,-0.003095975232198,0.0046801872074881,-0.027435187515731,-0.0210286293387382,0.01009505232342,0.0122928842115012,0.0132547104892612,28.93700786604103,-0.3714589579842169,-0.2412571753118255,-0.1302017826723913,4391724.0,24.690933067111985,0.9250000000000002,0.592430252331128,0.1886227544853711,0.2599118942674028,-0.039855072463768,-0.003095975232198,0.0132547104892612,28.93700786604103,-0.516755473592392,0.0,0.0,0.0,0.5,,,,,,,,,,,,,,,,,,,,,,,,,,,,,,,,,,,,,,,,,,,,其他,0,0,0.5,1.0,0,0.173469387755102,0.004658385093167627,0.0015527950310558758,0.5102459016393442,0.26024590163934425,0.24385245901639344,0.1557377049180328,0.0942622950819672,0.32786885245901637,0.5,0.5,0.5,0.5,0.17346938775510204,0.39183673469387753,0.3448979591836735
2025-10-10,38.61,38.79,38.35,38.42,679398.0,38.42,38.479,39.297,39.0715,0.0,-0.0015333038800383,-0.0223172252334782,-0.0166745581817948,39.297,41.29826381122167,37.29573618877832,0.2808884578058908,0.1018532616340475,-0.0056935817805382,0.0107866350960275,-0.0097938144329895,-0.0241300482600964,0.0084295181728691,0.0100506366773878,0.0132929987372471,32.66666665650378,-0.3729599454909547,-0.2675977293477287,-0.105362216143226,3712326.0,26.296739342082702,0.8921428571428572,0.5270115140021103,0.1227544910142897,0.2114537444887347,-0.0393024466423739,-0.0056935817805382,0.0132929987372471,32.66666665650378,-0.1460021368864308,0.0,0.0,0.0,0.5,,,,,,,,,,,,,,,,,,,,,,,,,,,,,,,,,,,,,,,,,,,,其他,0,0,0.5,1.0,0,0.3136456211812627,0.0013014055179594308,0.011192087454450883,0.40286298568507156,0.20245398773006135,0.24539877300613497,0.15950920245398773,0.06952965235173825,0.23517382413087934,0.5,0.5,0.5,0.5,0.3136456211812627,0.46028513238289204,0.4256619144602851
2025-10-13,37.5,38.14,37.0,37.84,869932.0,38.362,38.349,39.184000000000005,39.065333333333335,-0.0136072154736457,-0.0132728363190696,-0.0342997141690486,-0.0313662582340693,39.184000000000005,41.24857234006675,37.11942765993326,0.1745088622145346,0.1053783350378459,-0.0150963040083289,-0.0076055599265669,-0.033214103219213,-0.056359102244389,0.0113464893936655,0.0103201584559806,0.012790641123903,30.49792530234508,-0.4161492286914239,-0.2973080292165375,-0.1188411994748864,2842394.0,26.40481168651085,0.9535714285714286,0.6988088715178021,0.0,0.0837004405267913,-0.0142706131078226,-0.0150963040083289,0.012790641123903,30.49792530234508,0.2804453354293066,0.0,0.0,0.0,0.5,-0.6148961239819253,-0.4138153729464546,-0.7195874551531439,-0.4494039682026117,-0.6764264486110054,,,,,,,,,,,,,,,,,,,,,,-0.8553629855362408,-0.6000923029839385,-0.8569821311091621,0.2206078592204492,,,,,,,,,,0.0,0.0,0.0,0.0,其他,0,0,0.5,1.0,0,0.4195519348268839,0.027748414376321362,0.025105708245243052,0.2474437627811861,0.15132924335378323,0.2310838445807771,0.147239263803681,0.17995910020449898,0.21267893660531698,0.5,0.5,0.5,0.5,0.4195519348268839,0.6334012219959266,0.3971486761710794
2025-10-14,38.1,38.1,37.1,37.25,1014156.0,38.182,38.186,39.0375,39.0485,-0.0244094075742496,-0.0245116011103545,-0.0457893051552994,-0.0460581072256297,39.0375,41.21710764214215,36.85789235785785,0.0899491345487727,0.111667378399568,-0.0155919661733615,-0.0235910878112712,-0.0419238683127572,-0.0729218516674962,0.0128290117600916,0.0110051911574471,0.0130443167213737,25.5198487645127,-0.4923060230729277,-0.3363076279878888,-0.1559983950850388,1828238.0,26.235610182657467,0.9971428571428572,0.8251929934478851,0.0,0.0,0.0075167785234899,-0.0155919661733615,0.0130443167213737,25.5198487645127,0.1657876707604733,0.0,0.0,0.0,0.5,-0.3086134166011575,-0.4243401599171957,-0.6548252297763306,-0.7358155037995785,-0.6245030844563435,,,,,,,,,,,,,,-0.5163306868410404,,,,,,,,-1.0391252859847788,-0.7022893248875927,-1.115827437870364,0.1081253544700777,,,,,,-0.5163306868410404,,,0.1357950147256753,0.0,0.0,0.0,0.0,其他,0,0,0.5,1.0,0,0.4979591836734693,0.01879194630872494,0.049395973154362505,0.2028688524590164,0.15163934426229508,0.2540983606557377,0.10040983606557377,0.29918032786885246,0.15368852459016394,0.5,0.5,0.5,0.5,0.49795918367346936,0.5612244897959183,0.5326530612244897
2025-10-15,37.25,37.44,36.96,37.37,950481.0,37.904,38.103,38.8385,39.044,-0.014088222878852,-0.0192373303939321,-0.0378104200728658,-0.042874705460506,38.8385,40.849347163707314,36.82765283629268,0.1348553916683379,0.1035491671255141,0.0032214765100671,-0.0358617131062951,-0.0217277486910996,-0.0962515114873036,0.0080697437677515,0.0101455203001273,0.0106877216744181,27.735849049277306,-0.5367906644716385,-0.376404235284699,-0.1603864291869394,2778719.0,18.43744156061102,0.9985714285714284,0.8656651617635387,0.0339943342766566,0.0252631578942044,0.0042815092320043,0.0032214765100671,0.0106877216744181,27.735849049277306,-0.0627861985730006,0.0,0.0,0.0,0.5,-0.737473408548818,-0.6292876426220827,-0.7355738453072298,-0.6724636301081363,-0.642153336461443,,,,,,,,,,,,,,0.2288396878146851,,,,,,,,-1.1407820665192934,-0.8065737705612072,-1.1367582694747562,0.2126479004933651,,,,,,0.2288396878146851,,,-0.2412773208975784,0.0,0.0,0.0,0.0,其他,0,0,0.5,1.0,0,0.5591836734693878,0.011774150388011995,0.04950495049504955,0.12883435582822086,0.055327868852459015,0.11885245901639344,0.0942622950819672,0.5225409836065574,0.13524590163934427,0.5,0.5,0.5,0.5,0.5591836734693878,0.5530612244897959,0.6
2025-10-16,37.37,37.41,37.02,37.1,595555.0,37.596,37.967,38.66,39.038,-0.0131928928609424,-0.0228356204071956,-0.0403517847904811,-0.0496439366770837,38.66,40.61945212536037,36.70054787463964,0.1019295445344717,0.1013684493199842,-0.0072250468290071,-0.039855072463768,-0.0353614144565782,-0.0877796901893287,0.0077428583768433,0.0097313652566195,0.0103616256033053,31.681034473199706,-0.5870628398236022,-0.4185359561925303,-0.1685268836310718,2183164.0,20.31152921196528,0.8442857142857138,0.573335166296127,0.0,0.0,0.0463611859838275,-0.0072250468290071,0.0103616256033053,31.681034473199706,-0.3734172487403746,0.0,0.0,0.0,0.5,-0.6721600496787247,-0.63514959435636,-0.6946800773686036,-0.8008616254379278,-0.7567801776204884,,,,,,,,,,,,,,-0.1863389572016601,,,,,,,,-1.254487572111388,-0.9151892928767226,-1.1838842707973447,0.1457196755881034,,,,,,-0.1863389572016601,,,-0.7523140131427102,0.0,0.0,0.0,0.0,其他,0,0,0.5,1.0,0,0.8,0.013207547169811429,0.08867924528301874,0.1738241308793456,0.0942622950819672,0.10450819672131148,0.13319672131147542,0.19672131147540983,0.15163934426229508,0.5,0.5,0.5,0.5,0.8,0.5795918367346938,0.6857142857142857
2025-10-17,36.93,37.58,36.88,36.91,903830.0,37.294,37.857,38.4665,39.02266666666666,-0.0102965624497238,-0.0250151887365613,-0.0404637801723579,-0.0541394744934566,38.4665,40.30507238667749,36.62792761332251,0.0767096222900285,0.0955934325541814,-0.0051212938005391,-0.0393024466423739,-0.0289397526966588,-0.0948994605198627,0.0077909809084647,0.0093334504452778,0.0102207712557428,25.16703785406812,-0.634915276339882,-0.4618118202220423,-0.1731034561178396,1279334.0,20.36150345282323,0.855714285714285,0.909480053886766,0.0,0.0,0.042264968843132,-0.0051212938005391,0.0102207712557428,25.16703785406812,0.5176264156962833,0.0,0.0,0.0,0.5,-0.8910082464933068,-0.5780397346212924,-0.7754050909802152,-0.8886673145320153,-0.6490654433839093,-1.0053486459985084,,,,-0.3134003514782828,,,,,,,,,-0.1018165760250647,,,,,,,,-1.3592231920475462,-1.0253375096523285,-1.2048173783721998,0.0444786178306739,,,,,,-0.1018165760250647,,,0.7256560986877654,0.0,0.0,0.0,0.0,其他,0,0,0.5,1.0,0,0.7,0.02817664589542157,0.08073692766188034,0.310838445807771,0.14754098360655737,0.10040983606557377,0.06762295081967214,0.5860655737704918,0.2725409836065574,0.5,0.5,0.5,0.5,0.7,0.5448979591836735,0.5755102040816327
2025-10-20,37.03,37.31,36.98,37.3,607461.0,37.186,37.774,38.3325,39.016333333333336,0.0030656698757596,-0.0125483136548948,-0.0269353681601773,-0.0439901237943084,38.3325,40.09572521474004,36.56927478525995,0.2072126715891644,0.0919963589505222,0.010566242210783,-0.0142706131078226,-0.0217676370312092,-0.0670335167583792,0.0100438279277906,0.0101274125657013,0.0101651313230226,32.900432890462994,-0.6340617035446527,-0.4962617968865909,-0.1377999066580618,1886795.0,25.721474225819435,0.8199999999999997,0.6410593365153376,0.1331058020432386,0.0766208251458424,0.0426273458445041,0.010566242210783,0.0101651313230226,32.900432890462994,-0.3279034774238518,0.0,0.0,0.0,0.5,-0.8340417139024628,-0.660204945355878,-0.7097452259392761,-0.6908699833790765,-0.7445977759033489,-1.0809309185775096,,,,0.2696509629499979,,,,,,,,,0.5251974572785195,-0.162632619437247,,,-0.5834983059429828,,,,-1.3417554707974055,-1.1097862691710665,-0.9432114417078014,0.1122253906101496,,,,,,0.5251974572785195,,,-0.6798154970886939,0.0,0.0,0.0,0.0,其他,0,0,0.5,1.0,0,0.7331975560081466,0.08337801608579087,0.0557640750670243,0.4163265306122449,0.21063394683026584,0.081799591002045,0.10633946830265849,0.3558282208588957,0.28629856850715746,0.5,0.5,0.5,0.5,0.7331975560081466,0.8187372708757638,0.515274949083503
2025-10-21,37.29,37.55,37.12,37.53,638779.0,37.242,37.712,38.223,39.008,0.0077332044465925,-0.0048260500636402,-0.018130445020014,-0.0378896636587366,38.223,39.8929587136404,36.5530412863596,0.2925098404024155,0.0873797825202645,0.0061662198391421,0.0075167785234899,-0.0162516382699868,-0.0551359516616313,0.0075315917156501,0.0104452500009886,0.0103554709238471,41.96642684442372,-0.6078205776274004,-0.5185735530347665,-0.0892470245926339,2525574.0,32.381831164135804,0.7249999999999994,0.6827924499784376,0.211604095555919,0.1218074656164682,0.0111910471622702,0.0061662198391421,0.0103554709238471,41.96642684442372,0.0515555731149819,0.0,0.0,0.0,0.5,-0.696475308956925,-0.580513853882076,-0.6202406087909927,-0.5733668258163552,-0.7295253993308568,-1.0279018564533515,,,,0.4721540033850672,,,,,,,,,0.3464983351498747,0.3002403645396378,,,-0.7972117244259956,,,,-1.262811904470158,-1.1599657897971043,-0.5900222458608902,0.1834776889255592,,,,,,0.3464983351498747,,,-0.0456891643459827,0.0,0.0,0.0,0.0,其他,0,0,0.5,1.0,0,0.604887983706721,0.06314948041566737,0.039168665067945696,0.4959183673469388,0.18609406952965235,0.07770961145194274,0.12883435582822086,0.28629856850715746,0.2249488752556237,0.5,0.5,0.5,0.5,0.604887983706721,0.8207739307535642,0.5987780040733197
2025-10-22,37.48,37.77,37.36,37.53,592841.0,37.274,37.589,38.1075,39.0015,0.0068680581638675,-0.0015696081300379,-0.015154497146231,-0.0377293181031498,38.1075,39.61853833244085,36.596461667559154,0.3089062376405667,0.0793039864822873,0.0,0.0042815092320043,-0.0317337461300308,-0.0579819277108434,0.0074874742271925,0.0084977983619195,0.0102882027908823,38.10741686615081,-0.5803345152137851,-0.5309257454705762,-0.0494087697432088,2525574.0,30.37875112123013,0.6799999999999997,0.6431954535041611,0.2198581560205739,0.1218074656164682,0.0074606981081801,0.0,0.0102882027908823,38.10741686615081,-0.0719153259578039,0.0,0.0,0.0,0.5,-0.5955730803639269,-0.5075914179176466,-0.4700460749190382,-0.570379345140338,-0.7405669257441463,-0.9944824831298642,,,,0.4319701862179557,,,,,,,,,0.0969714093531685,0.2300517576724652,,,-0.7956961168800163,,,,-1.1828035470964977,-1.1824267657334775,-0.300785026133309,0.182735253114853,,,,,,0.0969714093531685,,,-0.2517395239709585,0.0,0.0,0.0,0.0,其他,0,0,0.5,1.0,0,0.536734693877551,0.0383693045563549,0.02184918731681318,0.558282208588957,0.20901639344262296,0.07581967213114754,0.14549180327868852,0.3360655737704918,0.2581967213114754,0.5,0.5,0.5,0.5,0.536734693877551,0.7,0.5612244897959183
2025-10-23,37.51,38.85,37.51,38.82,2191954.0,37.618,37.607000000000006,38.062,39.0185,0.0319527885586685,0.0322546334459008,0.0199148757290736,-0.0050873303689276,38.062,39.41373339009403,36.710266609905965,0.780380733906867,0.0710279748878399,0.0343725019984013,0.0463611859838275,0.0046583850931676,-0.0229046060911148,0.0152845076751891,0.0146068254110292,0.0132460861583457,58.526315772223846,-0.4492853656130933,-0.5145976694990732,0.0653123038859798,4717528.0,43.93863444168841,0.7214285714285715,2.2459972993160067,0.8565022421140583,0.3752455795604082,-0.0316846986089643,0.0343725019984013,0.0132460861583457,58.526315772223846,2.69737248267242,0.0,0.0,0.0,0.5,-0.577088545496949,-0.1603170552863471,-0.3756270935636178,0.0748012420073579,-0.1962027744952315,-0.7183005346290222,,,,1.5195212625994787,,,,,,,,,1.4725146265331903,1.1231273415796172,,,-0.1130322701424489,,,,-0.850206260133298,-1.1276675257441342,0.5287630039684439,0.4297405249339352,,,,,,1.4725146265331903,,,4.089316799965252,0.0,0.0,0.0,0.0,其他,0,0,0.5,1.0,0,0.2668024439918534,-0.0030911901081915882,-0.006955177743431351,0.8,0.36809815950920244,0.17791411042944785,0.4662576687116564,0.9284253578732107,0.48057259713701433,0.5,0.5,0.5,0.5,0.2668024439918534,0.40529531568228105,0.45621181262729127
2025-10-24,38.7,38.94,38.42,38.47,982437.0,37.93,37.612,38.0455,39.0255,0.0142367519114157,0.0228118685525895,0.0111576927626131,-0.0142342827125852,38.0455,39.36702184998976,36.72397815001023,0.6606102842481298,0.0694705996759822,-0.0090159711488924,0.042264968843132,0.0013014055179594,-0.0085051546391752,0.0162644374809859,0.0148013553596893,0.0123280902647588,53.41365460345798,-0.3694104551163804,-0.4855602266225254,0.116149771506145,3735091.0,51.059176977448494,0.7042857142857143,1.0523862742033567,0.6995515694753562,0.3064833005833699,-0.013517026254224,-0.0090159711488924,0.0123280902647588,53.41365460345798,-0.5517985322684691,0.0,0.0,0.0,0.5,0.0379378952959979,-0.1308047284757419,0.188174112853747,-0.1006237566647597,-0.6056832414997338,-0.4690405965177279,-0.9012749622571028,,,0.7364759172381096,1.0732807977274452,,,,,,,,-0.2780007039133944,1.0266577720262848,,,-0.0268364949145571,,,,-0.647213728039028,-1.0399315993028533,0.8923203954818124,0.316430625875029,,,,,,-0.2780007039133944,,,-1.0145618541492143,0.0,0.0,0.0,0.0,其他,0,0,0.5,1.0,0,0.3279022403258655,0.009877826878086804,-0.014816740317130206,0.7,0.3885480572597137,0.15337423312883436,0.35991820040899797,0.6441717791411042,0.4723926380368098,0.5,0.5,0.5,0.5,0.32790224032586557,0.4725050916496945,0.6211812627291242
2025-10-27,38.88,39.1,38.48,38.89,1127132.0,38.248000000000005,37.717,38.033,39.03866666666667,0.0167851913825558,0.0311000344672163,0.022533063392317,-0.0038081901704294,38.033,39.31507233558976,36.75092766441024,0.8342245114127482,0.0674189433169294,0.0109175981284117,0.0426273458445041,0.0277484143763213,-0.0063873275421563,0.0162767948614208,0.0140771822288071,0.0124210331817473,56.87732340527357,-0.2691177287575996,-0.4422717270495294,0.1731539982919298,4862223.0,57.69209828678321,0.7028571428571431,1.1923114333559832,0.999999999949495,0.3889980353558159,0.0390845975829261,0.0109175981284117,0.0124210331817473,56.87732340527357,0.1472817086490023,0.0,0.0,0.0,0.5,0.1308434272024375,-0.078750312446201,0.2246319310117566,0.1107482819730802,-0.5533991749183967,-0.2156356219719966,-0.7883245446838851,,,0.842892068737905,1.4268522315248673,,,,,,,,0.5270807251241162,1.0258984471963664,0.6818121799271881,,-0.0256440237674668,-0.2977296172950468,,,-0.3944996049786266,-0.9153085541081516,1.2937926574845249,0.4432914636481294,,,,,,0.5270807251241162,,,0.0848283321030225,0.0,0.0,0.0,0.0,其他,0,0,0.5,1.0,0,0.835030549898167,-0.002571355104139972,0.026227822062226736,0.7346938775510204,0.3476482617586912,0.16973415132924335,0.4959183673469388,0.6789366053169734,0.5725971370143149,0.5,0.5,0.5,0.5,0.835030549898167,0.3014256619144603,0.7617107942973523
2025-10-28,38.12,38.12,37.2,37.95,1425557.0,38.332,37.787,37.9865,39.03916666666667,-0.009965564019618,0.0043136528435705,-0.0009608676766744,-0.0278993318675687,37.9865,39.20511483056113,36.76788516943887,0.4850239800414656,0.0641604164931184,-0.0241707379789147,0.0111910471622702,0.0187919463087249,-0.0239197530864196,0.022004980902012,0.0155127096587431,0.0134700760455317,42.907180374768856,-0.2624568003872412,-0.4063087417170645,0.1438519413298233,3436666.0,46.25790018351068,0.7407142857142855,1.469022662903385,0.5252525252259994,0.2043222003889142,0.051383399209486,-0.0241707379789147,0.0134700760455317,42.907180374768856,0.2647649077481608,0.0,0.0,0.0,0.5,-0.2640159062287331,-0.395202809769748,-0.5725147770445592,-0.3635392553954929,-0.4489821760642055,-0.1480840497975998,-0.7120351645736408,,,-0.3346230981386815,0.2293547134343183,,,,,,,,-0.8924823631597864,0.3504195226060702,0.494844926959977,,0.479342852609707,-0.1280880381363466,,,-0.3761374469446868,-0.8119607674219158,1.07212428329345,0.2786025179027462,,,,,,-0.8924823631597864,,,0.2692516279763557,0.0,0.0,0.0,0.0,其他,0,0,0.5,1.0,0,0.8653061224489796,0.030039525691699653,0.07404479578392609,0.6053169734151329,0.23565573770491804,0.22745901639344263,0.16155419222903886,0.8545081967213115,0.35860655737704916,0.5,0.5,0.5,0.5,0.8653061224489796,0.5551020408163265,0.8387755102040816
2025-10-29,37.95,38.19,37.6,37.81,749618.0,38.388,37.831,37.967,39.03433333333333,-0.0150567885797644,-0.0005551003145566,-0.0041351700160664,-0.0313655499859096,37.967,39.18370997279348,36.75029002720652,0.4354817485045004,0.0640930267226947,-0.0036890645586298,0.0074606981081801,0.0117741503880119,-0.0102094240837696,0.022167680145627,0.0156044719264671,0.0129302494315798,42.75741709252002,-0.2654148380347365,-0.3781299609805944,0.1127151229458578,2687048.0,52.09028346424017,0.745714285714285,0.7925226815316783,0.4545454545224996,0.1768172887980988,0.03067971436128,-0.0036890645586298,0.0129302494315798,42.75741709252002,-0.4741578204168616,0.0,0.0,0.0,0.5,-0.3514032237342333,-0.3708015449972892,-0.3205094146176288,-0.4327008158879261,-0.677764427429951,-0.1028666313903711,-0.6628720478400972,,,-0.5569419055230661,0.0109735835189678,,,,,,,,-0.0593562778957272,0.2690327610385713,0.3482898223675476,,0.4913896015577166,-0.116749803974163,,,-0.3819291592699007,-0.7306714205575913,0.840701953219766,0.1915464732375864,,,,,,-0.0593562778957272,,,-0.8956768613132128,0.0,0.0,0.0,0.0,其他,0,0,0.5,1.0,0,0.7209775967413442,0.03729172176672835,0.02168738428987038,0.5346938775510204,0.2147239263803681,0.22699386503067484,0.18979591836734694,0.3374233128834356,0.27607361963190186,0.5,0.5,0.5,0.5,0.7209775967413442,0.615071283095723,0.6985743380855397
2025-10-30,37.73,37.98,37.57,37.59,618053.0,38.142,37.88,37.9235,39.026833333333336,-0.014472235331131,-0.0076557550158394,-0.0087940195393357,-0.0368165492972784,37.9235,39.12814495752259,36.718855042477415,0.361577472286101,0.0635302626350106,-0.0058185665167944,-0.0316846986089643,0.0132075471698114,-0.0226209048361933,0.0125520805580856,0.0155254335323133,0.0128661928622628,42.75741709252002,-0.2822569740614824,-0.3589553635967696,0.0766983895352871,2068995.0,52.38721814649785,0.7435714285714278,0.6639642701832126,0.343434343417001,0.1335952848696752,0.0295291300877893,-0.0058185665167944,0.0128661928622628,42.75741709252002,-0.1755093927840579,0.0,0.0,0.0,0.5,-0.4646871097354897,-0.4374730255184465,-0.3379581545030918,-0.5421482869630384,-0.7189956127451651,-0.2992277116731945,-0.6089684398283479,,,-0.5283895339369725,-0.3074078982108311,,,,,,,,-0.14572469961815,-0.5732387222610951,0.376257600464371,,-0.3638463661765699,-0.1256194608209987,,-0.4956396610169673,-0.4226153817349946,-0.6744625040742598,0.5761653793757759,0.1196703320878507,-0.260126757177846,-0.5768973709910701,,,,-0.14572469961815,,-0.4956396610169673,-0.4201107256103199,0.0,0.0,0.0,0.0,其他,0,0,0.5,1.0,0,0.5926680244399185,0.07448789571694592,0.09151370045224794,0.2673469387755102,0.27607361963190186,0.2147239263803681,0.3040816326530612,0.11860940695296524,0.3824130879345603,0.5,0.5,0.5,0.5,0.5926680244399185,0.7169042769857433,0.8533604887983707
2025-10-31,37.6,37.98,37.6,37.95,639640.0,38.038,37.984,37.9205,39.03066666666667,-0.0023134759976863,-0.0008951137320974,0.0007779433288062,-0.0276876302394697,37.9205,39.12453663172128,36.71646336827873,0.512250457823115,0.0635032044260016,0.0095770151636074,-0.013517026254224,0.0281766458954215,-0.0015785319652721,0.0142112664214947,0.0155330320212727,0.0128201124122236,50.99818510500953,-0.2635186914041654,-0.3398680291582467,0.0763493377540813,2708635.0,58.20111045086451,0.6699999999999987,0.689788299135446,0.5252525252259994,0.2043222003889142,0.0237154150197627,0.0095770151636074,0.0128201124122236,50.99818510500953,0.0349274253178935,0.0,0.0,0.0,0.5,-0.5305442190943157,-0.435536660033388,-0.3177246314210712,-0.3567300154463054,-0.7075544656772614,-0.3813933433525424,-0.498963859370944,,,0.0123201252519822,-0.0018464351280996,,,,,,,,0.4828764223124201,-0.179192564969405,0.6836043990392571,,-0.2146194880358188,-0.1242056799350087,,0.1746995802818539,-0.3735251149073325,-0.6188856732846734,0.5707893742394518,0.1931164276601117,0.117546411256737,-0.7298079890603067,,,,0.4828764223124201,,0.1746995802818539,-0.0849583315553969,0.0,0.0,0.0,0.0,其他,0,0,0.5,1.0,0,0.6008146639511202,0.05111989459815547,0.12990777338603432,0.32857142857142857,0.3006134969325153,0.2085889570552147,0.4530612244897959,0.2249488752556237,0.43149284253578735,0.5,0.5,0.5,0.5,0.6008146639511202,0.6232179226069247,0.8961303462321792
2025-11-03,38.33,41.75,38.33,40.41,6822397.0,38.342000000000006,38.295,38.0345,39.0755,0.053935631944082,0.0552291421856638,0.0624564540088603,0.034151834269555,38.0345,39.67477565077541,36.394224349224594,1.2241160955948511,0.0862519896815309,0.0648221343873516,0.0390845975829261,0.0833780160857908,0.0597954366640438,0.0338883513216507,0.0250637261496957,0.0193645442171484,71.40921407859445,-0.0496009167301281,-0.2818146066726182,0.2322136899424901,9531032.0,76.93580058646334,0.8699999999999984,5.565791545416647,0.9999999999714284,0.6876227897703803,-0.0400890868596881,0.0648221343873516,0.0193645442171484,71.40921407859445,9.66599493465074,0.0,0.0,0.0,0.5,-0.1448556600572705,0.7992889866900214,0.1438857685095834,0.8981144878966766,1.4157821389330545,-0.1349620230481425,-0.1757864147749606,,,2.454738063944182,2.471763009402083,,,,,,,,2.6679910148012955,0.956837306405204,1.8028981025107096,,1.5312662179761771,1.0086888938519052,,1.810847077273882,0.1698660409173855,-0.4571864125387167,1.684264299370443,0.9801393101018776,1.3259009280022809,-0.2993070636364626,,,,2.6679910148012955,,1.810847077273882,9.174456323416322,0.0,0.0,0.0,0.0,其他,0,0,0.5,1.0,0,0.0570264765784114,-0.0254887404107893,0.12175204157386799,0.8346938775510204,0.6400817995910021,0.48057259713701433,0.9040816326530612,1.0,0.8486707566462167,0.5,0.5,0.5,0.5,0.05702647657841141,0.1670061099796334,0.8920570264765784
2025-11-04,41.06,41.62,39.12,39.9,6125421.0,38.732,38.532,38.122,39.1005,0.0301559434059692,0.0355029585798816,0.046639735585751,0.0204473088579431,38.122,39.96268179588015,36.28131820411985,0.982973212393705,0.0965679552948598,-0.0126206384558277,0.051383399209486,0.0631494804156673,0.0458715596330274,0.0314401207656305,0.0259318427815949,0.019676484216405,66.28056626862386,0.0778809914581728,-0.2098754870464553,0.2877564785046281,3405611.0,85.87470470615439,1.014285714285713,4.086820792048161,0.8542857142613067,0.5874263261181252,-0.0203007518796991,-0.0126206384558277,0.019676484216405,66.28056626862386,-0.1021599886374245,0.0,0.0,0.0,0.5,1.2879572573115812,0.7521248256078371,0.6425089689798319,0.63324555213644,1.1652888926201062,0.1810025453319541,0.0706255157321507,,,1.398146294952483,1.5733616074733057,,,,,,,,-0.4373107178855145,1.2125844833351325,1.3691456017998471,,1.2991443370702829,1.1027839225925766,,1.3789490282112586,0.4930020836811967,-0.2577559067996527,2.0465765656368844,0.2659261876366094,1.8724175412756527,0.011429550098148,,,,-0.4373107178855145,,1.3789490282112586,-0.2516278123139247,0.0,0.0,0.0,0.0,其他,0,0,0.5,1.0,0,0.1040816326530612,-0.022556390977443552,0.12756892230576455,0.8650306748466258,0.6168032786885246,0.5,0.8404907975460123,0.9959100204498977,0.7995910020449898,0.5,0.5,0.5,0.5,0.10408163265306122,0.20408163265306123,0.9
2025-11-05,38.81,39.4,38.4,38.97,3889556.0,38.964,38.676,38.1325,39.105,0.0001539882968895,0.0076016134036611,0.0219628925457286,-0.0034522439585732,38.1325,39.99081700881833,36.27418299118167,0.7253383023330381,0.0974663087294805,-0.0233082706766917,0.03067971436128,0.0383693045563549,0.0054179566563468,0.0347016342466063,0.027570480894714,0.0202056279592796,61.09134044062539,0.1026861930094966,-0.1473631510352616,0.2500493440447582,-483945.0,75.49736781763416,1.0935714285714278,2.414392564460777,0.5885714285546129,0.4047151276934242,0.0064151911726968,-0.0233082706766917,0.0202056279592796,61.09134044062539,-0.3650140945414201,0.0,0.0,0.0,0.5,0.0991390980008459,0.0198855793646696,0.1833247826890299,0.1545877912105337,0.3939864241767215,0.3685064664039945,0.220208007347983,,,0.0897822654571292,0.3397864116405873,,,,,,,,-0.8618599352688059,0.7587895950588646,0.8532899551631313,,1.568473704702808,1.2851261918903052,,0.9529278912639484,0.5538448980104986,-0.0844270224283243,1.749861730917623,-0.1877827600784261,1.1921029970226995,0.1821526941379557,,,,-0.8618599352688059,,0.9529278912639484,-0.5038663705832098,0.0,0.0,0.0,0.0,其他,0,0,0.5,1.0,0,0.3930753564154786,-0.015909674108288363,0.15447780343854256,0.7204081632653061,0.3448979591836735,0.5081632653061224,0.6040816326530613,0.9591836734693877,0.5755102040816327,0.5,0.5,0.5,0.5,0.39307535641547864,0.40325865580448067,0.9348268839103869
2025-11-06,38.65,39.1,38.5,38.7,2233684.0,39.186,38.664,38.13549999999999,39.104,-0.0124023886081763,0.0009310986964619,0.0148024806282862,-0.0103314238952535,38.13549999999999,39.99745680881568,36.2735431911843,0.651587834170521,0.0976495291164824,-0.0069284064665126,0.0295291300877893,-0.0030911901081915,0.0015527950310558,0.0348037702027435,0.0255524575762047,0.0202592256001614,60.51703876795259,0.0994122712509266,-0.0980080665780218,0.1974203378289485,-2717629.0,71.93048896032226,1.086428571428571,1.3272873200993454,0.5114285714139609,0.3516699410539957,0.0436692506459948,-0.0069284064665126,0.0202592256001614,60.51703876795259,-0.4257226274669911,0.0,0.0,0.0,0.5,0.0142659122098014,-0.0791335099923976,0.2462861233217716,0.0152342123046934,-0.1771226898782755,0.5473670924221486,0.2067856751000765,,,-0.4576497414670719,0.0440217543274304,,,,,,,,-0.2012771598932736,0.7295542819036865,-0.0009073439299738,,1.5570091086865472,1.0358962287860944,,0.9000016472061347,0.5428888241135269,0.0524870262534427,1.3614938371144376,-0.4477244366412637,0.9553484673809576,0.1659617893223458,,,,-0.2012771598932736,,0.9000016472061347,-0.5601293146488535,0.0,0.0,0.0,0.0,其他,0,0,0.5,1.0,0,0.7393075356415478,-0.00387596899224818,0.12093023255813962,0.5918367346938775,0.3469387755102041,0.5204081632653061,0.45918367346938777,0.7836734693877551,0.47551020408163264,0.5,0.5,0.5,0.5,0.7393075356415478,0.5743380855397149,0.9124236252545825
2025-11-07,38.55,38.88,38.5,38.85,1813323.0,39.366,38.702,38.157,39.09799999999999,-0.0131077579637249,0.0038240917782028,0.0181618051733627,-0.0063430354493833,38.157,40.042569577496224,36.27143042250377,0.6837641018932422,0.098832171160798,0.003875968992248,0.0237154150197627,0.0098778268780868,0.0111920874544508,0.0347632772932606,0.0253729376080465,0.0202239867850939,59.37122127169052,0.1076798871428081,-0.0568704758338544,0.1645503629766626,-904306.0,67.07048720657873,1.0849999999999993,1.0423850649665882,0.5542857142698789,0.3811394891870117,0.0267696267696266,0.003875968992248,0.0202239867850939,59.37122127169052,-0.1881917943630343,0.0,0.0,0.0,0.5,-0.0388025579555694,-0.1516669634814059,0.2453511280430157,0.092570918713832,-0.3215124595184384,0.6911333347396432,0.2457943864470683,-0.4005042872869456,,-0.4863781497776273,0.1720429069427034,0.7147618800164564,,-0.4005042872869456,-0.0573883354695817,-0.5646082263215628,0.5293104743181262,0.3154140272356482,0.2345957986617971,0.5999230685074884,0.2662440269237022,,1.5338275506731496,1.0065401206010574,,0.8021949998279041,0.5614945294819124,0.1665671399773327,1.1194390242107022,-0.2336098080681079,0.6391411548485778,0.1621880703502852,0.1254322577994467,0.1756904553235365,,0.2345957986617971,,0.8021949998279041,-0.3275512811364981,0.0,0.0,0.0,0.0,其他,0,0,0.5,1.0,0,0.6272912423625254,-0.024453024453024552,0.12509652509652502,0.6,0.42653061224489797,0.5183673469387755,0.4897959183673469,0.6755102040816326,0.5224489795918368,0.5,0.5,0.5,0.5,0.6272912423625254,0.714867617107943,0.9164969450101833
2025-11-10,38.78,38.9,38.36,38.79,1358390.0,39.042,38.692,38.2045,39.10033333333333,-0.0064545873674505,0.0025328233226507,0.0153254197803922,-0.0079368462331949,38.2045,40.104255940003696,36.30474405999631,0.6540987417398069,0.0994519462366329,-0.0015444015444016,-0.0400890868596881,-0.0025713551041399,0.025105708245243,0.0104821261232205,0.025151278154362,0.0198894978355734,57.77777776779149,0.1081440054473361,-0.0238675795776154,0.1320115850249516,-2262696.0,63.47481811802648,1.092857142857142,0.7700565741215379,0.537142857127511,0.3693516699338047,0.0152101056973448,-0.0015444015444016,0.0198894978355734,57.77777776779149,-0.2508835987852137,0.0,0.0,0.0,0.5,0.0837204122609297,-0.1444727343981086,0.1547006753794597,0.0611710337785662,-0.4775741001826863,0.4231531483249474,0.2342843248010788,-0.3421653840032645,,-0.1927792743344043,0.1139407910750404,0.5932398278946627,,-0.3421653840032645,-0.0127999660184617,-0.5299601756569909,0.4239636708250443,0.327510542029886,0.0146640003239683,-0.7877970008713344,0.0077711748442465,0.533858955771896,-0.5896232885328717,0.9727456057667798,0.6091792358285163,0.6694934103118442,0.5600553580341263,0.2579260131582366,0.8834764867195632,-0.3922752654383838,0.4054430324222471,0.1786584415304602,-0.2720746928076902,0.1198095997417462,,0.0146640003239683,0.6091792358285163,0.6694934103118442,-0.3871859626035856,0.0,0.0,0.0,0.0,其他,0,0,0.5,1.0,0,0.6069246435845214,0.028873420984789844,0.1420469193091003,0.05510204081632653,0.39591836734693875,0.5102040816326531,0.48367346938775513,0.29183673469387755,0.4,0.5,0.5,0.5,0.5,0.6069246435845214,0.8879837067209776,0.9287169042769857
2025-11-11,38.68,39.2,38.52,39.09,2023065.0,38.88,38.806,38.2965,39.1055,0.0054012345679013,0.0073184559088801,0.0207199091300773,-0.0003963636828577,38.2965,40.179770112275406,36.41322988772458,0.7106707887404999,0.0983520745901319,0.0077339520494974,-0.0203007518796991,0.0300395256916996,0.0493959731543625,0.0121153363966034,0.0237248935395226,0.0195196347107498,59.28571427583336,0.1312064102421715,0.0071472183863425,0.1240591918558289,-239631.0,65.1188092653891,1.1121428571428562,1.1149688885175508,0.6228571428393489,0.4282907661998382,-0.002302379125096,0.0077339520494974,0.0195196347107498,59.28571427583336,0.4893108753745243,0.0,0.0,0.0,0.5,0.0300207432629751,-0.0439388294332841,0.2570478135511957,0.2168334610149134,-0.2449312750527962,0.2885347198412019,0.3536873734866904,-0.230830149083806,,0.3296370238577955,0.3270902661271404,0.8130560365769467,,-0.230830149083806,0.0417762628942001,-0.4239286455749428,0.618072090362236,0.3019438509066579,0.3908040655334475,-0.3538595971850287,0.6835573325249356,0.9809329372561516,-0.4442880450486951,0.7976071071370829,0.5437740765950303,0.7866952824443806,0.6166549183711669,0.3436341140626821,0.8222252311466726,-0.1522818811515485,0.5092832506092291,0.2201272912197417,0.2338581429583437,0.3959725712475329,,0.3908040655334475,0.5437740765950303,0.7866952824443806,0.3367359915303011,0.0,0.0,0.0,0.0,其他,0,0,0.5,1.0,0,0.6321138211382114,0.04272192376566886,0.1910974673829624,0.10183299389002037,0.5315682281059063,0.505091649694501,0.4969450101832994,0.659877800407332,0.4419551934826884,0.5,0.5,0.5,0.5,0.6321138211382114,0.8861788617886179,0.9613821138211383
2025-11-12,38.86,39.43,38.85,39.22,2071980.0,38.93,38.947,38.389,39.11566666666667,0.0074492679167736,0.0070095257657842,0.0216468259136732,0.0026673029561896,38.389,40.26236904504897,36.51563095495102,0.7217929249242238,0.0975992625514649,0.0033256587362495,0.0064151911726968,0.0372917217667283,0.0495049504950495,0.0056553440318798,0.0236016270661297,0.0195198258492083,52.76243092902382,0.1581502057841248,0.0373478158658995,0.1208023899182253,1832349.0,65.03515114806686,1.0578571428571415,1.107694587584671,0.6599999999811436,0.4538310412484514,-0.0221825599184088,0.0033256587362495,0.0195198258492083,52.76243092902382,0.0241786596080699,0.0,0.0,0.0,0.5,0.1263833578199234,0.0331767532909703,0.4688385436872055,0.2837883058140945,-0.2269810389561508,0.328552144580224,0.5013724264002466,-0.1189645834628458,,0.4186253595421992,0.3119081319470403,0.8458860123491866,,-0.1189645834628458,0.1014925944899063,-0.3239921333983486,0.653216020156331,0.2840586822842257,0.2100027229456205,0.2310291364011106,0.8296585693984809,0.9750858742697782,-1.005625904395975,0.7781185350928262,0.5409309944682563,0.2561504681217689,0.6829309202327776,0.4269080487493367,0.7945345670566688,0.0934776866532087,0.5014169909374833,0.1000249952109215,0.2221778380757514,0.5142285621504724,,0.2100027229456205,0.5409309944682563,0.2561504681217689,-0.1200415054746373,0.0,0.0,0.0,0.0,其他,0,0,0.5,1.0,0,0.5010183299389002,-0.01504334523202433,0.20219275879653242,0.38979591836734695,0.5979591836734693,0.5142857142857142,0.40816326530612246,0.673469387755102,0.4959183673469388,0.5,0.5,0.5,0.5,0.5010183299389002,0.725050916496945,0.9490835030549898
2025-11-13,39.21,40.48,38.73,40.39,3239904.0,39.268,39.227,38.5535,39.13333333333333,0.0285728837730467,0.0296479465674153,0.0476351044652236,0.0321124361158433,38.5535,40.5254856410282,36.5815143589718,0.9656474067797676,0.1022986572437305,0.0298317185109637,0.0436692506459948,0.0744878957169459,0.0886792452830187,0.0122940026111553,0.0246383269744753,0.0202823991035665,61.910669964432415,0.2707896204512678,0.0840361767829738,0.186753443668294,5072253.0,67.40914633571616,1.1457142857142846,1.6177267359883112,0.9942857142573072,0.6836935166859789,-0.0455558306511513,0.0298317185109637,0.0202823991035665,61.910669964432415,0.5636753250514002,0.0,0.0,0.0,0.5,0.3140867247601461,0.3854654005836975,0.3893053563791903,0.8924474634143005,0.1822845003722257,0.6059091836062425,0.7953103521148399,0.0795869849788538,,1.3438951144675673,1.3199301964384336,1.898104481674616,,0.0795869849788538,0.2925440738701633,-0.2592820762089006,1.4894953381639655,0.3865199575245654,1.2839970938317042,1.0427433188050688,1.5859046079311547,1.682376887480747,-0.4193436671058506,0.8959888454314882,0.6665800353650367,0.9937432791751716,0.9687383239112716,0.5562239633062322,1.2514132074510724,0.4775890651874092,0.6523014456791507,0.2932973786609609,0.9700234742479282,1.5827455249544664,,1.2839970938317042,0.6665800353650367,0.9937432791751716,0.4104507259009261,0.0,0.0,0.0,0.0,其他,0,0,0.5,1.0,0,0.3224489795918367,0.015845506313443947,0.153998514483783,0.7382413087934561,0.6871165644171779,0.5316973415132924,0.5153374233128835,0.8773006134969326,0.7034764826175869,0.5,0.5,0.5,0.5,0.3224489795918367,0.8653061224489796,0.9469387755102041
2025-11-14,40.41,40.66,39.43,39.89,2661638.0,39.476,39.42100000000001,38.7025,39.159666666666666,0.0104873847400952,0.0118972121458105,0.0306827724307214,0.0186501417274576,38.7025,40.600564110724754,36.80443588927525,0.8128187275679759,0.098084832283178,-0.0123793018073781,0.0267696267696266,0.0511198945981554,0.0807369276618803,0.0155803335105402,0.0253969725630089,0.0205261063357345,56.1425061328502,0.3160684586577886,0.1304426331579373,0.1856258254998513,2410615.0,68.86186618574368,1.188571428571427,1.273120236061515,0.8327974276259563,0.5854616895759245,-0.0498871897718726,-0.0123793018073781,0.0205261063357345,56.1425061328502,-0.1784824488626823,0.0,0.0,0.0,0.5,0.957408965512167,0.4444550130303711,0.8404438790612555,0.6266925140050111,-0.0212985331925735,0.7743735744011648,0.995214669083769,0.2593476298206768,,0.5397949914171944,0.518615909159708,1.184123634746175,,0.2593476298206768,0.3460790244281962,-0.0431104083499895,0.9484257121733396,0.2914485769055362,-0.4397974468932077,0.6675457323071728,1.0911579503683018,1.5140845037040922,-0.1286585201891748,0.979556260700124,0.7038170772884793,0.5212832330621953,1.0781245492232123,0.6841127751086087,1.2324832639255638,0.1589163288176611,0.7426155429226418,0.386813140442166,0.4572243133947737,1.0498426368450209,,-0.4397974468932077,0.7038170772884793,0.5212832330621953,-0.3225683238577857,0.0,0.0,0.0,0.0,其他,0,0,0.5,1.0,0,0.6816326530612244,0.07495612935572837,0.15617949360742034,0.6257668711656442,0.5766871165644172,0.5521472392638037,0.4130879345603272,0.7341513292433538,0.5664621676891616,0.5,0.5,0.5,0.5,0.6816326530612244,0.9469387755102041,0.9469387755102041
2025-11-17,39.6,39.88,39.3,39.38,1146471.0,39.59400000000001,39.318,38.8065,39.163,-0.0054048593221196,0.0015768859046747,0.014778452063443,0.0055409442586114,38.8065,40.60639795032364,37.00660204967636,0.6593145877606422,0.0927627047179725,-0.0127851591877663,0.0152101056973448,-0.0254887404107893,0.0557640750670243,0.0175217434993711,0.0148473025573351,0.0208003833903822,59.27367054695421,0.3072581755861918,0.1658057416435885,0.1414524339426033,1264144.0,69.28136978026562,1.109999999999999,0.5414031598154886,0.6423611110888084,0.4852652259236695,0.0134586084306753,-0.0127851591877663,0.0208003833903822,59.27367054695421,-0.5692611091365543,0.0,0.0,0.0,0.5,0.5164431222062704,0.1794320731831048,0.7515623076062502,0.3567695871690431,-0.5542868435987751,0.8671794489376049,0.8793560161703237,0.3843160531342028,,-0.1657941292967246,0.052685494380261,0.5235810575141371,,0.3843160531342028,0.3488213912496052,0.1529510314980426,0.4101763040648104,0.1718283481644721,-0.4545291647057666,0.4110640151388991,-0.497664392178165,1.0433025028401723,0.0432468504405634,-0.2822468567503914,0.745950095474468,0.7723859780081086,1.0475974034967128,0.7800693804644563,0.9142223731739044,0.0213520163898589,0.7653909003662769,0.2108462768669339,-0.6269091956283954,0.4302134498326588,,-0.4545291647057666,0.745950095474468,0.7723859780081086,-0.7067163584554496,0.0,0.0,0.0,0.0,其他,0,0,0.5,1.0,0,0.926530612244898,0.15109192483494138,0.1838496698831893,0.6053169734151329,0.5153374233128835,0.5664621676891616,0.46830265848670755,0.10020449897750511,0.44171779141104295,0.5,0.5,0.5,0.5,0.926530612244898,0.9734693877551021,0.9530612244897959
2025-11-18,39.3,39.57,38.77,39.0,1058467.0,39.576,39.228,38.88,39.14016666666667,-0.0145542753183748,-0.0058121749770572,0.0030864197530864,-0.0035811463926658,38.88,40.577564819319065,37.18243518068094,0.5353447475409505,0.0873232931746242,-0.0096495683087862,-0.002302379125096,-0.0225563909774435,0.0391686650679456,0.0180987852726403,0.0146502495584093,0.0209703455730269,57.48427671943673,0.2665409894623423,0.1859527912073394,0.0805881982550028,205677.0,66.6303850899729,1.124999999999999,0.4949399984026757,0.5104166666489443,0.4106090373200277,0.0451282051282051,-0.0096495683087862,0.0209703455730269,57.48427671943673,-0.0767607728411795,0.0,0.0,0.0,0.5,0.3521887858963368,0.0737475681451192,0.4037052194341448,0.155530523798403,-0.5827814463339506,0.8470176561081438,0.7784996629528825,0.471903428932233,,-0.5711038274619628,-0.2809014811441659,0.0383761941580889,,0.471903428932233,0.326095371361633,0.3232803186054248,-0.0243282928515096,0.0496184540648811,-0.324382967729861,0.0238581395570581,-0.4346862793400793,0.7319481085689786,0.0942359260178441,-0.3046940522754495,0.7701038751002568,0.6227098291517388,0.9358989065184772,0.8324339909967254,0.4814792641711445,-0.1056624122006046,0.5889392156567009,0.24343485087128,-0.6920854397264685,0.0009004212428234,,-0.324382967729861,0.7701038751002568,0.6227098291517388,-0.2162750900908771,0.0,0.0,0.0,0.0,其他,0,0,0.5,1.0,0,0.936734693877551,0.15358974358974353,0.18974358974358974,0.6319018404907976,0.5971370143149284,0.5685071574642127,0.5623721881390593,0.07566462167689161,0.4601226993865031,0.5,0.5,0.5,0.5,0.936734693877551,0.9795918367346939,0.9653061224489796
2025-11-19,38.89,39.08,37.61,38.35,1541135.0,39.402,39.166,38.921,39.10933333333333,-0.026699152327293,-0.0208343971812284,-0.0146707433005317,-0.019415655257057,38.921,40.51790358276004,37.32409641723996,0.3212165073093456,0.082058712918781,-0.0166666666666666,-0.0221825599184088,-0.0159096741082883,0.0218491873168131,0.0192600307588424,0.0137062591065398,0.0213863607953888,54.5346061961398,0.179751291144008,0.1847124911946731,-0.0049612000506651,-1335458.0,64.9820445756789,1.200714285714285,0.7050051576147771,0.2695035460897338,0.2829076620769574,0.0073011734028682,-0.0166666666666666,0.0213863607953888,54.5346061961398,0.4560066586865721,0.0,0.0,0.0,0.5,0.1284425203752797,-0.0931568288410327,-0.3549560725809446,-0.1882610206775452,-0.4097643604302363,0.6982357988181582,0.7082156647433987,0.5196016594736187,,-1.105265312908442,-0.9569490291596076,-0.6971598828579628,,0.5196016594736187,0.2806707997768033,0.4599531563314868,-0.7731299123944122,-0.0686755346131216,-0.6108849804974636,-0.4154618660167878,-0.2946618733128455,0.4092194434252569,0.1971713462656051,-0.4166878298204488,0.8357091455144804,0.379180266940563,0.7070269864672943,0.8241653004814629,-0.125091733758006,-0.2906918147785085,0.4786186160554351,0.4116273598967499,-0.3767589383114843,-0.7811405716796744,,-0.6108849804974636,0.8357091455144804,0.379180266940563,0.3140018269375143,0.0,0.0,0.0,0.0,其他,0,0,0.5,1.0,0,0.8207739307535642,0.17314211212516306,0.1903520208604954,0.5020408163265306,0.5591836734693878,0.5673469387755102,0.5020408163265306,0.3653061224489796,0.4122448979591837,0.5,0.5,0.5,0.5,0.8207739307535642,0.9755600814663951,0.9592668024439919
2025-11-20,38.21,38.94,38.01,38.55,1233273.0,39.034,39.151,38.907500000000006,39.082,-0.0123994466362659,-0.0153508211795355,-0.0091884598085204,-0.01361240468758,38.907500000000006,40.51254303926563,37.30245696073438,0.3886322698852849,0.082505585774542,0.0052151238591915,-0.0455558306511513,-0.0038759689922481,-0.0069551777434313,0.0084660533799102,0.0137116529757915,0.0199589470999787,53.64963502735891,0.1256594707662088,0.1729018871089802,-0.0472424163427713,-102185.0,65.5365139132253,1.239285714285714,0.5768195006770283,0.3404255319028204,0.3222003929209783,0.0643320363164723,0.0052151238591915,0.0199589470999787,53.64963502735891,-0.1997631615659887,0.0,0.0,0.0,0.5,-0.2423011313680105,-0.1406142440345416,-0.0917797053487603,-0.0816461716991091,-0.517173878627266,0.3891822256310047,0.688449915412242,0.5005645610858459,,-0.4646501672757306,-0.7038427014381068,-0.4661504329896873,,0.5005645610858459,0.2755326737296955,0.4366580086204908,-0.53281424664788,-0.0583454297986568,0.2923976200862644,-0.9294068943239384,-0.0422655431096349,-0.1256584681755122,-0.7653571943145788,-0.4142750118506111,0.5878741801565994,0.3051316358949723,0.5638835012506905,0.7862191452709141,-0.4244138027319132,-0.1408130401947106,0.5126898068628928,0.4962022547947626,-0.5658940113204791,-0.5463468964292486,,0.2923976200862644,0.5878741801565994,0.3051316358949723,-0.340904625679127,0.0,0.0,0.0,0.0,其他,0,0,0.5,1.0,0,0.9613034623217924,0.12529182879377454,0.18158236057068744,0.3224489795918367,0.45714285714285713,0.536734693877551,0.563265306122449,0.24897959183673468,0.536734693877551,0.5,0.5,0.5,0.5,0.9613034623217923,0.9653767820773931,0.955193482688391
2025-11-21,38.3,38.63,37.0,37.9,1219142.0,38.636,39.056,38.879000000000005,39.053,-0.0190495910549747,-0.0295985251945923,-0.0251806888037244,-0.0295239802319924,38.879000000000005,40.53614910551074,37.22185089448927,0.2046131827350744,0.0852464881044507,-0.0168612191958494,-0.0498871897718726,-0.0244530244530245,-0.0148167403171302,0.009093801918194,0.0145515941065195,0.0202174964001025,30.42121684202968,0.0299964779223032,0.1443208052716447,-0.1143243273493415,-1321327.0,55.49927493704098,1.0842857142857143,0.5670711970083339,0.1099290780102847,0.1944990176779079,0.1313984168865436,-0.0168612191958494,0.0202174964001025,30.42121684202968,-0.0114581280868064,0.0,0.0,0.0,0.5,-0.192290869344943,-0.2462495560289418,-0.753771023275286,-0.426722265275005,-0.5199961337227468,0.0554359827655034,0.583511774618978,0.4632392850758418,,-0.7583297905148066,-1.3391747034820378,-1.1256866905239724,,0.4632392850758418,0.291947364769182,0.3556099588341574,-1.1724726923880615,0.0038532903053687,-0.6199647508107261,-1.0185406452654988,-0.4730824970592735,-0.2712198483368475,-0.7053611220018999,-0.3111905323613624,0.6288994499962671,-1.5914017305232635,0.3134508664082753,0.7012278182082415,-0.8978451040134898,-0.2879443435027836,-0.1488698367296497,0.1455795727616546,-0.5775635431506314,-1.2891025327831895,,-0.6199647508107261,0.6288994499962671,-1.5914017305232635,-0.1513804690731208,0.0,0.0,0.0,0.0,其他,0,0,0.5,1.0,0,0.9695121951219512,0.15329815303430094,0.20633245382585752,0.6782077393075356,0.6191446028513238,0.4969450101832994,0.24643584521384929,0.04480651731160896,0.7169042769857433,0.5,0.5,0.5,0.5,0.9695121951219512,0.9349593495934959,0.9410569105691057
2025-11-24,37.92,39.96,37.72,39.91,3101873.0,38.742,39.168,38.93,39.05766666666667,0.0301481596200503,0.0189440359477124,0.0251733881325455,0.021822433495771,38.93,40.65015911136771,37.20984088863229,0.7848573697180572,0.0883719040001689,0.0530343007915565,0.0134586084306753,0.0288734209847898,0.0262278220622267,0.0293666238167734,0.0227978635639645,0.0234159123037602,50.06321111629727,0.1150454449719475,0.1384657332117053,-0.0234202882397577,1780546.0,50.53114564091061,1.0657142857142858,1.3794505528445584,0.8226950354318189,0.5893909626603259,0.1358055625156602,0.0530343007915565,0.0234159123037602,50.06321111629727,1.5443082102002883,0.0,0.0,0.0,0.5,-0.3997573908325554,0.2114392070598063,-0.2773257867432278,0.6455131967913194,0.1532590838440278,0.1440783606622436,0.7004858102937571,0.5237889005375603,,1.432954325114569,0.8599218590582748,0.972727289831046,,0.5237889005375603,0.3757743931451858,0.3422636492452816,0.869787039781286,0.0747846438697708,2.237231728334335,0.3897910533394323,0.6486687020410136,0.4950430301417464,1.107663864982689,0.6884509290514352,1.1691842835927035,0.0207052050424268,0.5334582823547511,0.681170479380393,-0.2475613044623441,0.0899362846946877,-0.4756585551894416,0.1031023444911862,0.6424236756016666,1.034806605934072,,2.237231728334335,1.1691842835927035,0.0207052050424268,1.4011808370731127,0.0,0.0,0.0,0.0,其他,0,0,0.5,1.0,0,0.9634146341463414,0.1099974943623152,0.1485843147080934,0.9226069246435845,0.7596741344195519,0.5865580448065173,0.7291242362525459,0.8778004073319755,0.8839103869653768,0.5,0.5,0.5,0.5,0.9634146341463414,0.8699186991869918,0.9004065040650406
2025-11-25,40.63,40.88,40.02,40.76,3563842.0,39.094,39.335,39.0705,39.076,0.0426152350744359,0.0362272785051482,0.0432423439679554,0.0430955061930595,39.0705,40.90861659901629,37.23238340098371,0.9595736747081826,0.0940922997664009,0.0212979203207217,0.0451282051282051,0.0427219237656688,0.074044795783926,0.0292914507771292,0.0234982780113415,0.022990702868003,61.430395902170815,0.2481738855752979,0.1604073636844238,0.087766521890874,5344388.0,63.85862359307102,1.0278571428571437,1.512959471435808,0.9999999999684542,0.7563850687474185,0.1037782139352307,0.0212979203207217,0.022990702868003,61.430395902170815,0.1489322741453309,0.0,0.0,0.0,0.5,1.0871132729395827,0.5273287770820153,1.2357131516525388,1.0930947392843853,0.3179701135072072,0.4393275206593258,0.8752918961417279,0.6942037334970294,,1.9569343736634568,1.6242340471899877,1.702658900488334,,0.6942037334970294,0.5673133769779738,0.3630929565794951,1.469118857180519,0.2048273802192564,0.9310928703786931,1.0885005020271867,0.9351715336536572,1.3776067415122517,1.092606924593358,0.769455116487278,1.086859059121426,0.9505307232818176,0.8770826058457323,0.7401141175869101,0.5468998213376853,0.5236805459035598,0.4075016229514154,0.0169129868255428,0.838492084079633,1.592917976376728,,0.9310928703786931,1.086859059121426,0.9505307232818176,0.0006377395252388,0.0,0.0,0.0,0.0,其他,0,0,0.5,1.0,0,0.95131845841785,0.14229636898920517,0.09666339548577052,0.9368635437881874,0.835030549898167,0.5661914460285132,0.8859470468431772,0.9042769857433809,0.8981670061099797,0.5,0.5,0.5,0.5,0.9513184584178499,0.947261663286004,0.8600405679513184
2025-11-26,41.41,41.58,38.1,38.63,5199794.0,39.15,39.276,39.1115,39.04983333333333,-0.0132822477650063,-0.0164477034321212,-0.0123109571353693,-0.010751219595474,39.1115,40.865908282314265,37.35709171768573,0.3627742456273859,0.0897131678565015,-0.0522571148184493,0.0073011734028682,-0.0150433452320243,0.0216873842898703,0.0396446399129628,0.029577552991579,0.0261709899885913,49.63880288240512,0.1797353695844705,0.1642729648644332,0.0154624047200373,144594.0,57.702599235139296,1.2335714285714288,2.016946591155401,0.3280757097688307,0.337917485258588,0.1646388816981621,-0.0522571148184493,0.0261709899885913,49.63880288240512,0.4590416746870371,0.0,0.0,0.0,0.5,1.5007216846370286,0.765943796410428,-0.0336939959897808,-0.0476973867763591,0.9017051370602248,0.4846878399023588,0.8068511994426043,0.7408355176263356,,-0.5138677987041113,-0.7517204918133026,-0.6005842741205409,,0.7408355176263356,0.5325309373320881,0.4850945206159536,-0.6265575085956431,0.103895259790703,-2.0475808901456203,0.2437864172106204,-0.2855132948057857,0.3959792617651966,1.9870283540170064,1.4942142770258633,1.6111315752695552,-0.0211252560574073,0.694232868525251,0.7473335574248652,0.0274282706905374,-0.1135679985679149,-0.0024708532246116,0.4844907367971097,1.578861258329603,-0.5887701167498791,,-2.0475808901456203,1.6111315752695552,-0.0211252560574073,0.3118119872352727,0.0,0.0,0.0,0.0,其他,0,0,0.5,1.0,0,0.977687626774848,0.220553973595651,0.13098628009319158,0.8207739307535642,0.6965376782077393,0.6537678207739308,0.7046843177189409,0.9368635437881874,0.670061099796334,0.5,0.5,0.5,0.5,0.9776876267748479,0.9695740365111561,0.896551724137931
2025-11-27,39.25,41.32,39.25,41.03,4213530.0,39.646,39.34,39.2835,39.065666666666665,0.0349089441557786,0.0429588205388915,0.0444588694999172,0.0502828570697202,39.2835,41.08374881321275,37.48325118678724,0.985071837593567,0.0916541964543979,0.0621278798860989,0.0643320363164723,0.0158455063134439,0.0915137004522479,0.0480474660502251,0.0346596065957537,0.0293966900331593,59.128978217522565,0.3155188095214996,0.1945221337958465,0.120996675725653,4358124.0,66.18551886042394,1.3985714285714284,1.5278446203780969,0.9999999999680512,0.8094302553868484,0.0572751645137703,0.0621278798860989,0.0293966900331593,59.128978217522565,-0.1896736678414567,0.0,0.0,0.0,0.5,0.3139533327302614,0.6724919450763412,0.7255824631657358,1.2318715147115609,0.5439952778360614,0.8999808599276395,0.870727602316659,0.9482522173128984,,1.6039072197849154,1.905122142525708,1.7352935459633831,,0.9482522173128984,0.6933914696637565,0.608044638585473,1.5471020243863614,0.1480624365794446,2.526050523443832,1.5032557083557765,0.368479383736811,1.6821850719169102,2.657277323861153,2.07218492832524,2.116987462746132,0.7594919355894405,1.0436708979305984,0.8295018469324388,0.7838701639842327,0.4032808775328126,0.5618870106712698,0.8569531519680862,0.838667449400773,1.5802269310595634,,2.526050523443832,2.116987462746132,0.7594919355894405,-0.3422175049041195,0.0,0.0,0.0,0.0,其他,0,0,0.5,1.0,0,0.8922764227642277,0.13599805020716538,0.08993419449183526,0.9612244897959183,0.8510204081632653,0.7326530612244898,0.9,0.9,0.9204081632653062,0.5,0.5,0.5,0.5,0.8922764227642277,0.9491869918699187,0.8333333333333334
2025-11-28,40.8,43.44,40.68,42.88,5552405.0,40.642,39.639,39.53,39.08033333333333,0.0550661876876137,0.0817629102651431,0.0847457627118646,0.0972270792640801,39.53,41.83950438975898,37.22049561024101,1.225263830355196,0.116848185669271,0.0450889592980745,0.1313984168865436,0.0749561293557283,0.1299077733860343,0.0462240489253519,0.0366952306078023,0.0307425923264669,64.89439183606324,0.565883548781791,0.2687944167930355,0.2970891319887555,9910529.0,73.74254840645176,1.557142857142857,1.8486667646646064,0.9999999999799196,0.9999999999832496,0.0193563432835821,0.0450889592980745,0.0307425923264669,64.89439183606324,0.3177561332184653,0.0,0.0,0.0,0.5,1.158376564264748,1.3960734596790425,1.6551926273325857,2.182196284793023,1.0207421506331922,1.7222072895891594,1.1845080428821393,1.243435000074003,,2.4345599747222346,3.475381322316564,3.249225720463019,,1.243435000074003,1.2538102660902652,0.3434277143662665,2.3313323678379363,0.7266650746501407,1.8214752472085989,2.9008531810670264,1.606221127998271,2.339029638017402,2.4395192075472485,2.266491858060655,2.2883456683494683,1.2260206166853147,1.6797465782540149,1.0357431017117436,2.0202817169413683,1.080581419281917,1.0601731596101642,1.2096680056935296,1.3078401451043635,1.5599386047826602,,1.8214752472085989,2.2883456683494683,1.2260206166853147,0.171282438936444,0.0,0.0,0.0,0.0,其他,0,0,0.5,1.0,0,0.7079107505070994,0.0755597014925371,0.028684701492537323,0.9694501018329938,0.8940936863543788,0.7576374745417516,0.9613034623217923,0.945010183299389,0.9490835030549898,0.5,0.5,0.5,0.5,0.7079107505070994,0.9066937119675457,0.6612576064908722
2025-12-01,43.56,45.87,43.18,45.33,6181364.0,41.726,40.234,39.776,39.14233333333334,0.0863730048411062,0.1266590445891535,0.1396319388576026,0.1580811908675174,39.776,43.23982447592256,36.31217552407743,1.301714988515774,0.1741665565121609,0.0571361940298507,0.1358055625156602,0.1510919248349413,0.1217520415738679,0.0468589815179124,0.0389196571634347,0.0300154973884407,69.64735515758777,0.9510298198228142,0.4052414973989913,0.5457883224238229,16091893.0,76.78446381958007,1.7221428571428563,2.080277737238701,0.9999999999865412,0.9999999999881236,-0.0227222589896316,0.0571361940298507,0.0300154973884407,69.64735515758777,0.1132768593069128,0.0,0.0,0.0,0.5,2.6075856864146205,2.195743987051808,3.1849091979536786,3.3400777398398542,1.2376295412833056,2.5687318880138394,1.8009355881438291,1.5300590430825989,,3.6105875581149776,4.916382061963248,4.902829523170757,,1.5300590430825989,2.259585769811668,-0.5666569596580038,2.5231934870518216,2.015982419398516,2.251353788742352,2.900466609118425,3.097159282876808,2.1435297047325124,2.4351879728118893,2.4667655406959748,2.122912166125661,1.5985403634576072,2.6157427063960186,1.413565708058743,3.61876442033604,1.8168884183831668,1.2524014482217938,1.567691621846525,1.632707113482487,1.5404136760330691,,2.251353788742352,2.122912166125661,1.5985403634576072,-0.0364212456313128,0.0,0.0,0.0,0.0,其他,0,0,0.5,1.0,0,0.2454361054766734,0.028457974851092027,0.07037282153099511,0.9633401221995926,0.890020366598778,0.7311608961303462,0.9796334012219959,0.9470468431771895,0.9775967413441955,0.5,0.5,0.5,0.5,0.24543610547667344,0.8012170385395537,0.8377281947261663
2025-12-02,46.0,46.6,44.68,44.99,4328741.0,42.572,40.833,40.0305,39.2055,0.0567978953302639,0.1018049126931648,0.1238930315634327,0.147543074313553,40.0305,44.20727526076608,35.853724739233925,1.0936996474860594,0.2086796448086156,-0.0075005515111404,0.1037782139352307,0.1535897435897435,0.1275689223057645,0.049387393496022,0.0387750329135354,0.0298681488831492,67.93039154163444,1.214822263971655,0.5671576507135242,0.6476646132581309,11763152.0,78.25293337468295,1.8178571428571424,1.5022115393441342,0.9542395693007508,0.9596199524826652,0.0348966436985997,-0.0075005515111404,0.0298681488831492,67.93039154163444,-0.2997110346518988,0.0,0.0,0.0,0.5,3.730121557255255,2.3920562780948003,3.920637372026849,3.0586283050644725,0.5673691641901389,3.148289943811044,2.3868457488683057,1.815574841303513,,2.3301756374613563,3.730715631487229,4.047509541480616,,1.815574841303513,2.8763044941198563,-1.0208578507182435,1.7925207592404186,2.718592252580309,-0.265854510325536,2.180032797842862,3.0356234872089414,2.199601926844047,2.5792272085276315,2.392596842187402,2.05783231420336,1.44156953555041,3.1713851136413727,1.849981529421165,4.065577066339225,1.2763234942093968,1.3372883493322822,1.7596774148960193,0.7666363350845968,1.3788273553622534,,-0.265854510325536,2.05783231420336,1.44156953555041,-0.4557584916276734,0.0,0.0,0.0,0.0,其他,0,0,0.5,1.0,0,0.8864097363083164,0.03134029784396519,0.10535674594354294,0.9512195121951219,0.8981670061099797,0.7291242362525459,0.9714867617107943,0.9144602851323829,0.9755600814663951,0.5,0.5,0.5,0.5,0.8864097363083164,0.8600405679513184,0.8782961460446247
2025-12-03,45.0,45.42,44.2,44.99,2237224.0,43.84400000000001,41.497,40.3315,39.28333333333333,0.0261381260833863,0.0841747596211774,0.1155052502386473,0.1452694102672891,40.3315,45.02249596651872,35.64050403348128,0.9965363467747248,0.2326219439647466,0.0,0.1646388816981621,0.173142112125163,0.1544778034385425,0.0327610685404272,0.0376001235539906,0.0290909648813615,65.41554959171705,1.4076531014468046,0.7352567408601803,0.6723963605866242,11763152.0,72.31769242074621,1.7799999999999996,0.7993048137751768,0.9542395693007508,0.9596199524826652,0.0480106690375639,0.0,0.0290909648813615,65.41554959171705,-0.4831698177368431,0.0,0.0,0.0,0.5,3.102810582749121,1.9633165181742387,3.4729894768825003,2.9614264830600208,-0.1876336007617585,3.9359470108204873,2.981797440353156,2.139838675474327,,1.0673952381094638,2.9642252433853225,3.568758989259773,,2.139838675474327,3.3115858708672,-1.2243853034476928,1.4505479788031248,3.123498622893929,0.0271515823402286,3.31157905688761,3.2840381503609954,2.6012876120464474,1.200117227954108,2.212430784324628,1.89936020871692,1.224824892807716,3.492366289023072,2.2805234611363336,3.9905469123868977,1.265686955563156,0.9355831394752118,1.6522690968683946,-0.2815156822000895,1.3644241020468588,,0.0271515823402286,1.89936020871692,1.224824892807716,-0.6404044387747091,0.0,0.0,0.0,0.0,其他,0,0,0.5,1.0,0,0.8744939271255061,0.014669926650366705,0.0962436096910424,0.9776422764227642,0.9327902240325866,0.7209775967413442,0.9633401221995926,0.5254582484725051,0.9592668024439919,0.5,0.5,0.5,0.5,0.8744939271255061,0.7753036437246964,0.8522267206477733
2025-12-04,45.15,45.7,43.38,43.38,2372082.0,44.314,41.98,40.5655,39.3485,-0.0210768605858193,0.0333492139113862,0.0693816173842305,0.102456256274064,40.5655,45.37912747558266,35.75187252441734,0.792347093143107,0.2373261749797634,-0.0357857301622582,0.0572751645137703,0.1252918287937745,0.1209302325581396,0.0385346517975563,0.0410703656302445,0.0305297828877088,60.88583904646039,1.414257315904969,0.8710568558691381,0.5432004600358309,9391070.0,66.45665612740342,1.8578571428571429,0.8453961617739363,0.7375504710533309,0.7684085510597581,0.0744582757030889,-0.0357857301622582,0.0305297828877088,60.88583904646039,0.060279167396738,0.0,0.0,0.0,0.5,3.070770316030522,2.02321358498594,2.90050069750278,2.1417632123054493,-0.1383154159748502,4.043567920060172,3.3322063182790016,2.3644972365603465,,-0.8597918798793929,1.097442761112503,2.030671511861822,,2.3644972365603465,3.3947505306369,-1.1034945423067974,0.7652819095552531,3.0989483714565744,-1.363143335497043,1.137190838797581,2.312549014654263,1.980473155055916,1.6542738146195335,2.536851924769424,2.087592359659028,0.8494449361058891,3.3675958315352106,2.59447299991979,3.0845127405222086,0.970600542584426,0.5423822138264474,1.8000333597264462,-0.2116864515434994,0.6707547003316661,,-1.363143335497043,2.087592359659028,0.8494449361058891,-0.0835040988477773,0.0,0.0,0.0,0.0,其他,0,0,0.5,1.0,0,0.9291497975708504,0.05002305209774072,0.11203319502074693,0.8922764227642277,0.9103869653767821,0.7494908350305499,0.9409368635437881,0.6496945010183299,0.9368635437881874,0.5,0.5,0.5,0.5,0.9291497975708503,0.8663967611336032,0.854251012145749
2025-12-05,43.71,43.8,42.7,43.71,1779775.0,44.48,42.56099999999999,40.8085,39.42083333333333,-0.0173111510791367,0.0269965461337846,0.0711003834985357,0.1088045661135186,40.8085,45.74656386520489,35.87043613479511,0.7937892339106303,0.2420115351063032,0.0076071922544951,0.0193563432835821,0.1532981530343009,0.125096525096525,0.0337905657350309,0.0398283754480387,0.030526479033717,63.65930598806796,1.4296393211772127,0.982773348930753,0.4468659722464597,11170845.0,65.29486267710148,1.8942857142857128,0.6346808306347815,0.781965006718951,0.8076009501091738,0.0551361244566459,0.0076071922544951,0.030526479033717,63.65930598806796,-0.249699209386522,0.0,0.0,0.0,0.5,2.3204740719086807,1.3825873996382914,2.454492564517184,2.255256348572263,-0.3523956255086386,3.9345780469356377,3.708867140031815,2.579519670324262,,-0.7021671150552038,0.8602802732869183,2.046702536498366,,2.579519670324262,3.466109851671523,-0.9774864767115056,0.7657306573628814,3.0745554352652342,0.3320314373493517,0.3716754572605958,2.759040007018746,2.0144011090577787,1.2557535864653722,2.3463455476499293,2.0475389378472086,1.0684611853053505,3.27456881831039,2.8182030381602474,2.450424357775689,1.1785590762139055,0.4628036555919701,1.852283566547532,-0.5259836528747964,0.8076948651686162,,0.3320314373493517,2.0475389378472086,1.0684611853053505,-0.4005456564973303,0.0,0.0,0.0,0.0,其他,0,0,0.5,1.0,0,0.9148073022312372,0.04598490048043913,0.08144589338824071,0.7087576374745418,0.9142857142857143,0.7489795918367347,0.9326530612244898,0.3346938775510204,0.9163265306122449,0.5,0.5,0.5,0.5,0.9148073022312373,0.845841784989858,0.8093306288032455
2025-12-08,44.15,44.5,43.23,44.3,2305633.0,44.274,43.0,41.084,39.490833333333335,0.0005872521118488,0.0302325581395348,0.0782786486223348,0.121779315874992,41.084,46.16076813896815,36.00723186103184,0.8167369389231132,0.2471408888596923,0.0134980553649048,-0.0227222589896316,0.1099974943623152,0.1420469193091003,0.0192259198382495,0.0375380616823937,0.0305070813323975,66.50062265920917,1.472463882938456,1.0807114557322937,0.3917524272061623,13476478.0,68.59350282024883,1.9278571428571425,0.8085495030819723,0.8613728129089988,0.8776722090157045,0.0523702031602708,0.0134980553649048,0.0305070813323975,66.50062265920917,0.2954631905718419,0.0,0.0,0.0,0.5,2.474673458635793,1.5951688247594755,2.681517538127693,2.476833772101496,-0.160181178514822,3.61679114553209,3.895529444164908,2.8069738589362845,,0.0319710965345704,0.9723062975359078,2.2258681112706284,,2.8069738589362845,3.5464209233694555,-0.8349769107784355,0.83738659624058,3.0588153960362816,0.560651808647311,-0.4768006264921047,1.92679329174542,2.252368943498624,0.0670716790276651,2.059985376998649,2.0072890419857976,1.288985771971377,3.245886401087508,2.9838279115055126,2.089031615942844,1.4450362312817246,0.6804711771271754,1.8959431936717133,-0.2629829809688723,1.0534529552694305,,0.560651808647311,2.0072890419857976,1.288985771971377,0.1606140856456264,0.0,0.0,0.0,0.0,其他,0,0,0.5,1.0,0,0.924949290060852,0.034762979683973017,0.1137697516930023,0.24439918533604887,0.926530612244898,0.753061224489796,0.926530612244898,0.4387755102040816,0.9,0.5,0.5,0.5,0.5,0.9249492900608519,0.8154158215010142,0.8681541582150102
2025-12-09,44.22,46.88,43.7,46.56,3994135.0,44.588,43.58,41.4575,39.597166666666666,0.0442271463173948,0.0683799908214779,0.1230778508110714,0.1758417058459571,41.4575,46.99483690504742,35.920163094952585,0.9607359175899944,0.2671331800052613,0.0510158013544019,0.0348966436985997,0.1422963689892051,0.1910974673829624,0.0310614160377523,0.039555373601371,0.032050484528293,73.23146575537501,1.6695198669516884,1.1984731379761726,0.4710467289755158,17470613.0,73.46182157269237,2.05,1.3538888107753162,0.9999999999884528,0.9999999999896372,-0.0034364261168385,0.0510158013544019,0.032050484528293,73.23146575537501,0.7323377137645064,0.0,0.0,0.0,0.5,2.4522797354478647,2.3273059451829377,2.855900607801733,3.387662728470015,0.4555463935037769,3.6447452647823946,4.143108012892657,3.106615805745281,,1.80299168431105,2.317308823783307,3.457433379730245,,3.106615805745281,3.826906334307501,-0.916559280398456,1.3068274613384303,3.30261462061204,2.0024586105530835,0.6872928054680049,2.459049576000896,2.9659410274123053,1.0291154415713908,2.231320756677137,2.198370288096927,1.8113060022125047,3.516279625211322,3.176017751810532,2.493895331407765,1.901574254654924,1.0005065487345994,2.122392845754701,0.5589476266553053,1.479283660026164,,2.0024586105530835,2.198370288096927,1.8113060022125047,0.6094955734742155,0.0,0.0,0.0,0.0,其他,0,0,0.5,1.0,0,0.7058823529411765,-0.03994845360824739,-0.00945017182130592,0.8879837067209776,0.963265306122449,0.773469387755102,0.9795918367346939,0.8591836734693877,0.9693877551020408,0.5,0.5,0.5,0.5,0.7058823529411765,0.23732251521298176,0.3225152129817444
2025-12-10,47.47,48.73,45.2,47.15,3682681.0,45.02,44.432,41.854,39.69383333333334,0.0473123056419368,0.0611721281958947,0.1265350981984996,0.1878419401838236,41.854,47.83465090631095,35.87334909368905,0.9427611712227876,0.2857863480812663,0.0126718213058418,0.0480106690375639,0.220553973595651,0.2021927587965324,0.0308363926328081,0.0320758556831049,0.0320274609246138,73.80952380380216,1.85194793154578,1.3291680966900945,0.5227798348556858,21153294.0,75.02339414010629,2.235714285714285,1.215143410644057,0.9999999999891892,0.9999999999902344,-0.0318133616118769,0.0126718213058418,0.0320274609246138,73.80952380380216,-0.0779778350005695,0.0,0.0,0.0,0.5,3.771990135500297,2.841661284358241,3.510784451649461,3.499440178541537,0.3402014780699674,3.7276852014552273,4.511909687441187,3.383714363030969,,1.9005617868081013,2.022886962054036,3.400285206374194,,3.383714363030969,4.044338730425634,-0.9571950974030072,1.2357211239108046,3.482677693539441,0.5085061815943722,0.9476547030553988,3.678118531235056,3.0311041327343067,1.004212136364505,1.4229774246620095,2.150744418143909,1.8306646221858016,3.713882995420573,3.370806276026296,2.717397196775165,2.2984591844556013,1.0971409046435374,2.462901924781863,0.3472983963836909,1.4629093336696628,,0.5085061815943722,2.150744418143909,1.8306646221858016,-0.2288633689145321,0.0,0.0,0.0,0.0,其他,0,0,0.5,1.0,0,0.4462474645030426,-0.07338282078472957,0.013785790031813239,0.8760162601626016,0.9510204081632653,0.7816326530612245,0.9693877551020408,0.8285714285714286,0.9673469387755103,0.5,0.5,0.5,0.5,0.4462474645030426,0.07910750507099391,0.460446247464503
2025-12-11,47.1,48.05,45.8,46.61,2215717.0,45.666,44.99,42.165000000000006,39.79283333333333,0.0206718346253229,0.0360080017781729,0.1054191865291116,0.1713164430781089,42.165000000000006,48.46354954063153,35.86645045936848,0.8528590170832432,0.2987572413431323,-0.0114528101802756,0.0744582757030889,0.1359980502071653,0.153998514483783,0.0226862727966688,0.0298497810770262,0.0319942283215705,74.26183843431944,1.930694284568915,1.4494733342658586,0.4812209503030564,18937577.0,73.05353740911396,2.279999999999999,0.7436674219412795,0.941621621611442,0.9472656249907494,-0.0227419008796395,-0.0114528101802756,0.0319942283215705,74.26183843431944,-0.3983413171002321,0.0,0.0,0.0,0.5,3.4599219483482244,2.5647733644751884,3.650146132858545,3.1534184211661342,-0.1984104451632346,3.901910236562825,4.584049555967719,3.5333163148377653,,0.8171402656999825,1.1172011276631588,2.70803994278698,,3.5333163148377653,4.107070073414294,-0.9577017066999584,0.9299999659570436,3.53822658514404,-0.4307839042699699,1.4696037950477228,2.178145589524891,2.22138504077427,0.3359993778204963,1.1781887762324108,2.1044431048967223,1.839398530577803,3.692631401532384,3.5122939212971027,2.430202946185407,2.003864671139245,0.9587879255546344,2.4943188451501213,-0.3680599582675979,1.2663907631765268,,-0.4307839042699699,2.1044431048967223,1.839398530577803,-0.5593234599364616,0.0,0.0,0.0,0.0,其他,0,0,0.5,1.0,0,0.2880324543610548,-0.04054923836086677,0.009654580562111104,0.9308943089430894,0.9489795918367347,0.7795918367346939,0.9244897959183673,0.3551020408163265,0.9551020408163265,0.5,0.5,0.5,0.5,0.2880324543610548,0.07302231237322515,0.29006085192697767
2025-12-12,46.9,47.14,45.0,46.12,1823835.0,46.148,45.314,42.4765,39.88183333333334,-0.0006067435208459,0.0177869973959481,0.0857768413122548,0.1564162463276928,42.4765,48.91595821519663,36.03704178480338,0.7829042349652434,0.3032009800798777,-0.0105127655009654,0.0551361244566459,0.0755597014925371,0.1561794936074203,0.025383152387964,0.0283987891623095,0.0319353416734102,68.89835665876706,1.9312997183568608,1.5458386110840592,0.385461107272802,17113742.0,68.6865507180624,2.272857142857142,0.620868174442771,0.8886486486390415,0.8994140624912166,-0.0086730268863832,-0.0105127655009654,0.0319353416734102,68.89835665876706,-0.1768646447177143,0.0,0.0,0.0,0.5,3.252074472980058,2.2399264985169123,3.1402885326273413,2.862947695251058,-0.3417282572235077,3.955516282754455,4.4811118937264425,3.6524437200559112,,-0.0455343621311628,0.4660956091542562,2.112504556971361,,3.6524437200559112,4.06851953373835,-0.7815592398772969,0.6931780797099973,3.449936813386163,-0.392637640376627,1.0715136803191043,1.1406955445461098,2.208644721232395,0.5550562383910982,1.0181044963943964,2.05711633960272,1.3983502278238076,3.537499212378164,3.57866590117258,1.873475610874068,1.7668015670475825,0.6625538239068509,2.4221178547440805,-0.5528285518363373,1.0906476108496237,,-0.392637640376627,2.05711633960272,1.3983502278238076,-0.3276901856377026,0.0,0.0,0.0,0.0,其他,0,0,0.5,1.0,0,0.291497975708502,-0.043581960104076334,0.02797051170858622,0.9127789046653144,0.9490835030549898,0.7678207739307535,0.8963414634146342,0.20162932790224034,0.9327902240325866,0.5,0.5,0.5,0.5,0.291497975708502,0.06882591093117409,0.4271255060728745
2025-12-15,46.09,47.17,45.74,46.62,1273302.0,46.612,45.443,42.8385,39.9925,0.0001716296232727,0.0259005787470016,0.088273398928534,0.1657185722322935,42.8385,49.35852349043235,36.318476509567645,0.7899912864938349,0.3044001769631117,0.0108412836079792,0.0523702031602708,0.028457974851092,0.1838496698831893,0.0253467198485922,0.022625061835146,0.0315702091660794,68.22139302888621,1.949650863987678,1.6266010616647832,0.3230498023228947,18387044.0,67.3967737096417,2.3057142857142843,0.432522531779724,0.9427027026925112,0.9482421874907396,-0.0167310167310166,0.0108412836079792,0.0315702091660794,68.22139302888621,-0.30185460855834,0.0,0.0,0.0,0.5,2.833211322074926,2.2085320516181333,3.365806759614922,2.9751498634062723,-0.5431176838560909,3.9827363575164783,4.276522464596032,3.785588047770042,,-0.0138300017675577,0.7521491398023149,2.139816422426066,,3.785588047770042,4.023192614561808,-0.49567619069052,0.7131476537069579,3.322937178282116,0.4428616876927759,1.0091760725245973,0.3384975223578133,2.5638322288621,0.5498157577920311,0.4067196049982552,1.969440422401537,1.3322612157417058,3.4298063276881248,3.599229242524761,1.51514448125212,1.888676140402182,0.573322735807751,2.431940570229562,-0.8358451450676311,1.2502170716436023,,0.4428616876927759,1.969440422401537,1.3322612157417058,-0.4564594975284939,0.0,0.0,0.0,0.0,其他,0,0,0.5,1.0,0,0.1497975708502024,0.04075504075504077,0.07078507078507079,0.922920892494929,0.9531568228105907,0.7759674134419552,0.8902439024390244,0.06109979633401222,0.9287169042769857,0.5,0.5,0.5,0.5,0.14979757085020243,0.771255060728745,0.6477732793522267
2025-12-16,46.38,47.36,45.88,46.4,1471275.0,46.58,45.584,43.2085,40.10383333333333,-0.0038643194504078,0.0179010179010179,0.0738627816286146,0.1569966295823757,43.2085,49.65076267867531,36.766237321324695,0.7477002381856837,0.2981942293141579,-0.0047190047190046,-0.0034364261168385,0.0313402978439651,0.1897435897435897,0.0116194980438628,0.0224978415849088,0.0314363526973368,77.41707832686072,1.924260477268028,1.6861329447854323,0.2381275324825957,16915769.0,75.69539288637704,2.162857142857141,0.4962915130887684,0.9189189189089848,0.9267578124909496,-0.0366379310344826,-0.0047190047190046,0.0314363526973368,77.41707832686072,0.1554800039582125,0.0,0.0,0.0,0.5,2.867855934455398,2.224901991701015,3.3054031660833583,2.8081676860201257,-0.46805003989854,3.773755011256172,4.110194740782861,3.89199827556984,,-0.1779475072726266,0.4641734498897549,1.7194520492653498,,3.89199827556984,3.918651140458127,-0.0428857810379918,0.5690638037934064,3.103498787019097,-0.1681151904920246,-0.1184462893973278,0.3862302703877264,2.581679055199097,-0.5793922828671828,0.3917956411869736,1.9183774630387207,2.025485606892249,3.2628940500537014,3.5711170518645265,1.0437670961656556,1.6979919770314678,1.124101576225056,2.1053000006255247,-0.7343962474943679,1.165777170080314,,-0.1681151904920246,1.9183774630387207,2.025485606892249,0.0219623061342712,0.0,0.0,0.0,0.0,其他,0,0,0.5,1.0,0,0.0587044534412955,0.07176724137931023,0.14956896551724141,0.7038539553752535,0.9633401221995926,0.7596741344195519,0.9735772357723578,0.06313645621181263,0.9368635437881874,0.5,0.5,0.5,0.5,0.058704453441295545,0.7995951417004049,0.8178137651821862
2025-12-17,46.04,46.38,44.38,45.65,1714152.0,46.28,45.65,43.5735,40.20066666666666,-0.0136127917026792,0.0,0.0476551114783065,0.1355533075736721,43.5735,49.67491407250898,37.47208592749102,0.6701654710904661,0.2800515943174166,-0.0161637931034482,-0.0318133616118769,0.0146699266503667,0.1903520208604954,0.0104626117925084,0.0233279231131642,0.0314147779417917,68.45047922557264,1.822609907448808,1.7134283373181076,0.1091815701306999,15201617.0,70.2377612132594,2.1149999999999984,0.5765365552388828,0.8378378378287802,0.8535156249916649,-0.0429353778751369,-0.0161637931034482,0.0314147779417917,68.45047922557264,0.1650792679818524,0.0,0.0,0.0,0.5,2.664941868106609,1.904785911342147,2.5617856066301066,2.459779980496138,-0.3765658236462232,3.4743327580655894,3.927824012180046,3.964971993029928,,-0.5745758833806496,-0.1772546629300825,0.9962235649027968,,3.964971993029928,3.725285331414544,0.6698193670805418,0.3078783879428777,2.737437352465685,-0.6166469780185936,-0.6906292985804489,0.1008193339977561,2.5245185843499707,-0.6719364056070759,0.4780791668503405,1.8852570145441307,1.3112511625384082,2.9926888158494007,3.482475843911334,0.3371822234942627,1.4860891618216905,0.7528236419202289,1.9774767741094816,-0.6085812265441707,0.904942720692033,,-0.6166469780185936,1.8852570145441307,1.3112511625384082,0.0319401690620758,0.0,0.0,0.0,0.0,其他,0,0,0.5,1.0,0,0.0303643724696356,0.08039430449069007,0.17634173055859814,0.44421906693711966,0.9572301425661914,0.7637474541751528,0.9410569105691057,0.11608961303462322,0.8879837067209776,0.5,0.5,0.5,0.5,0.030364372469635626,0.8421052631578947,0.8724696356275303
2025-12-18,45.6,46.66,45.0,45.55,1194117.0,46.068,45.867,43.9235,40.29766666666667,-0.0112442476339325,-0.006911286981926,0.0370302913019227,0.1303383984184358,43.9235,49.599867537523686,38.24713246247631,0.6432694402876203,0.258466084784262,-0.0021905805038335,-0.0227419008796395,0.0500230520977407,0.1815823605706874,0.0101602385729976,0.0194216971346893,0.0315079017285184,62.395543167376616,1.7142214690443185,1.71358696366335,0.0006345053809682,14007500.0,67.00498359938658,2.0364285714285697,0.4018930268614764,0.8270270270180861,0.8437499999917601,-0.0182217343578484,-0.0021905805038335,0.0315079017285184,62.395543167376616,-0.3033774134382482,0.0,0.0,0.0,0.5,2.440503571971113,1.958913104625294,2.765005072284058,2.3726642527155075,-0.5679480522685577,3.250180402706853,3.8470848667901367,4.003335251670913,,-0.4756552879761861,-0.4243143272148291,0.7022289229655195,,4.003335251670913,3.5227182598243187,1.4423058882796196,0.2166313786477196,2.354068298213725,-0.0646529464396536,-0.5044602991560104,0.7039868341428382,2.3440517774116176,-0.6937899277912933,0.0619987767080158,1.8693637536583947,0.8334353738364011,2.7370443403116766,3.3528453295833307,-0.2574512511432904,1.3378289740951923,0.5326634520955235,1.7972553950990222,-0.8716324996930033,0.8657689800808099,,-0.0646529464396536,1.8693637536583947,0.8334353738364011,-0.45951129679807,0.0,0.0,0.0,0.0,其他,0,0,0.5,1.0,0,0.0747474747474747,0.05905598243688259,0.17277716794731068,0.28600405679513186,0.9531568228105907,0.7759674134419552,0.8800813008130082,0.06313645621181263,0.869653767820774,0.5,0.5,0.5,0.5,0.07474747474747474,0.7393939393939394,0.8404040404040404
2025-12-19,45.4,45.9,45.0,45.72,1158665.0,45.988,46.068,44.3145,40.413,-0.0058276072018788,-0.0075540505339931,0.0317164810615036,0.1313191299829263,44.3145,49.2761995178329,39.35280048216709,0.6416349372714244,0.2239311971396138,0.0037321624588364,-0.0086730268863832,0.0459849004804391,0.2063324538258575,0.010066634904196,0.0194038671253538,0.0309553042355422,52.29681977936213,1.6233276858957382,1.6955351081098278,-0.0722074222140896,15166165.0,58.18740695802365,1.887142857142856,0.3903585433779199,0.8321596244033783,0.8603515624915982,-0.0352143482064741,0.0037321624588364,0.0309553042355422,52.29681977936213,-0.029688883082646,0.0,0.0,0.0,0.5,2.318291413958241,1.715005600592959,2.696193219240468,2.388409243438696,-0.5788813065270146,3.1067148174598347,3.765935722546258,4.051136572208736,,-0.2521656430499475,-0.4458257254091877,0.5542907287606628,,4.051136572208736,3.257860422343109,2.498850767953953,0.2103829915071351,1.80850793387546,0.1694218005206998,-0.2173959758155648,0.6318065779333368,2.6242020336967684,-0.6983653166313301,0.059905660834278,1.7662861961451566,0.043248778118905,2.528840412318514,3.204142657389913,-0.655374681036446,1.4567578186279284,-0.0629873371235621,1.4891140352927683,-0.8840697114213539,0.8767379550046583,,0.1694218005206998,1.7662861961451566,0.043248778118905,-0.1702060208759976,0.0,0.0,0.0,0.0,其他,0,0,0.5,1.0,0,0.0848484848484848,0.033902012248469005,0.16841644794400712,0.29006085192697767,0.9409368635437881,0.7942973523421588,0.6808943089430894,0.018329938900203666,0.790224032586558,0.5,0.5,0.5,0.5,0.08484848484848485,0.6202020202020202,0.8626262626262626
2025-12-22,45.72,46.6,44.81,45.84,1202455.0,45.832,46.222,44.611,40.52466666666667,0.0001745505323791,-0.0082644628099173,0.0275492591513304,0.1311629131228717,44.611,49.15567832223929,40.06632167776072,0.635213090211731,0.2037469826827059,0.0026246719160105,-0.0167310167310166,0.034762979683973,0.1485843147080934,0.0079571544367726,0.0191574185133494,0.0292619895934369,55.13905682258832,1.5431877741790885,1.6650656413236802,-0.1218778671445917,16368620.0,53.61658950905085,1.877857142857141,0.4185019665281956,0.8462441314454671,0.8720703124914841,0.0584642233856893,0.0026246719160105,0.0292619895934369,55.13905682258832,0.0377934950999641,0.0,0.0,0.0,0.5,2.3909984520832195,1.893488576326928,2.555621148663266,2.384938337793045,-0.5603400795131551,2.9453347858439565,3.67039758254002,4.020028507811062,,-0.0046961521307323,-0.4697307269307331,0.4381758553949281,,4.020028507811062,3.0958089046715127,3.093321912158063,0.1879943543760988,1.4912226988509991,0.1250519996948332,-0.3805760157096536,0.4369794433841564,1.79187683316946,-0.8688218850073245,0.0333956998763718,1.5119784110692618,0.2654189778062149,2.351423744368156,3.0484674876195137,-0.9240007736051792,1.5774256738077082,-0.371513130089123,1.456265554157629,-0.8360399484651724,0.9155494561867366,,0.1250519996948332,1.5119784110692618,0.2654189778062149,-0.0984997038874989,0.0,0.0,0.0,0.0,其他,0,0,0.5,1.0,0,0.901010101010101,0.07635253054101221,0.18782722513089012,0.14807302231237324,0.90020366598778,0.7576374745417516,0.7099391480730223,0.044715447154471545,0.7520325203252033,0.5,0.5,0.5,0.5,0.901010101010101,0.8202020202020202,0.8747474747474747
2025-12-23,46.5,46.5,44.45,44.7,1265717.0,45.492,46.036,44.808,40.62166666666667,-0.0174096544447374,-0.0290207663567642,-0.0024102838778788,0.1003979813728306,44.808,48.975758958582205,40.6402410414178,0.4870433965685193,0.1860274486061821,-0.024869109947644,-0.0366379310344826,-0.0399484536082473,0.0966633954857705,0.0125849856471442,0.0119587943797078,0.0299176489102671,48.45908607143011,1.3718738965911896,1.6064272923771823,-0.2345533957859926,15102903.0,55.46416792381784,1.9371428571428555,0.4588707743248772,0.712441314545629,0.7607421874925714,0.1125279642058163,-0.024869109947644,0.0299176489102671,48.45908607143011,0.0526107006083387,0.0,0.0,0.0,0.5,2.620452562474002,1.840333156641512,2.35662678633092,1.9352109717273385,-0.5346281802138102,2.7223582544820766,3.4302709466665515,3.926409203089723,,-0.7285042730989245,-1.2127510204104115,-0.3849296291308897,,3.926409203089723,2.930381340802848,3.484961461865576,-0.3142047151277822,1.2179347780524892,-0.964813727017858,-0.7841954726343633,-0.8479915130470618,1.0646090622237088,-0.4825825398404617,-0.736783376217487,1.5846969411697225,-0.2595550666060506,2.044020906063848,2.858480214326064,-1.5299430293748013,1.420971108688536,-0.2450896930982249,1.5544097546264648,-0.7698223092308498,0.4912096005527521,,-0.964813727017858,1.5846969411697225,-0.2595550666060506,-0.082529103221122,0.0,0.0,0.0,0.0,其他,0,0,0.5,1.0,0,0.9535353535353536,0.03176733780760621,0.20044742729306475,0.056795131845841784,0.8597560975609756,0.766260162601626,0.5679513184584178,0.04878048780487805,0.540650406504065,0.5,0.5,0.5,0.5,0.9535353535353536,0.597979797979798,0.8686868686868687
2025-12-24,44.66,44.87,43.32,43.69,1666351.0,45.1,45.690000000000005,45.061,40.713166666666666,-0.0312638580931264,-0.0437732545414752,-0.0304254233150618,0.0731172143327916,45.061,48.11526638620387,42.00673361379613,0.2755598519139704,0.1355614116951285,-0.0225950782997763,-0.0429353778751369,-0.0733828207847295,0.1309862800931915,0.0139614160361504,0.011691867306093,0.0275706942248591,51.75936435045819,1.141450063060205,1.513431846513787,-0.3719817834535821,13436552.0,56.8944948618261,1.8821428571428551,0.6454577364978427,0.4346405228687146,0.6621093749935341,0.1288624399176012,-0.0225950782997763,0.0275706942248591,51.75936435045819,0.3165273121874794,0.0,0.0,0.0,0.5,1.9166873736081416,1.3594929571490368,1.8604275144992808,1.548655423012504,-0.3829629195829422,2.4955537314870115,3.1471056954363767,3.874262311839885,,-1.2918282341378438,-1.7252021445904395,-1.1493326509121955,,3.874262311839885,2.549030712117414,4.420695029313042,-1.0277922124646368,0.4676919105390741,-0.8696984576039197,-0.9082413193377454,-1.4123096048507828,1.5231669281807223,-0.3667265884873883,-0.7617775580130485,1.248107833593146,0.0010162103540396,1.658402726659599,2.6255406498443863,-2.2439046653497194,1.2233561710058811,-0.1470891151901235,1.4339475700144175,-0.4801964856556183,-0.3863877818424959,,-0.8696984576039197,1.248107833593146,0.0010162103540396,0.1978107866687335,0.0,0.0,0.0,0.0,其他,0,0,0.5,1.0,0,0.9595141700404858,0.09407186999313333,0.23025864042114907,0.028455284552845527,0.8961303462321792,0.7372708757637475,0.5752032520325203,0.2769857433808554,0.15478615071283094,0.5,0.5,0.5,0.5,0.9595141700404858,0.8259109311740891,0.8765182186234818
2025-12-25,43.72,45.28,43.32,44.72,1439764.0,44.934000000000005,45.501,45.24550000000001,40.8175,-0.0047625406151244,-0.0171644579240016,-0.011614414693174,0.0956085012555887,45.24550000000001,47.65150542502782,42.83949457497219,0.3907940949399537,0.106353357793482,0.0235751888303958,-0.0182217343578484,-0.0405492383608667,0.0899341944918352,0.0202740122966722,0.0151282712126972,0.024674346466209,55.31019978155263,1.0300757082013805,1.4167606188513058,-0.3866849106499255,14876316.0,62.81811643724673,1.9435714285714272,0.5893499693712918,0.4309133489360437,0.7626953124925518,0.0787119856887299,0.0235751888303958,0.024674346466209,55.31019978155263,-0.13597795422453,0.0,0.0,0.0,0.5,1.557834637084282,1.4637617356047634,1.8366855474044563,1.8995119677323995,-0.4665863414909473,2.3759244218372584,2.9629834760204687,3.786656376328676,,-0.1960108149664253,-0.7643894359565547,-0.6278547879448633,,3.786656376328676,2.331262233709253,4.734531619099597,-0.6323629374985409,0.0333312490205641,0.9659663294830958,-0.4001685828660989,-0.8424439385855901,0.9509881741783972,0.1597856956413599,-0.3900364477607252,0.8418987885905079,0.281316560830701,1.468242656376143,2.402991215043388,-2.281441971076086,1.3744485300283569,0.2572202590206189,1.5360055437862783,-0.5645022698258444,-0.396722800295317,,0.9659663294830958,0.8418987885905079,0.281316560830701,-0.2843569093580549,0.0,0.0,0.0,0.0,其他,0,0,0.5,1.0,0,0.9232323232323232,0.05232558139534893,0.23322898032200357,0.0728744939271255,0.8333333333333334,0.6951219512195121,0.7119675456389453,0.18089430894308944,0.25609756097560976,0.5,0.5,0.5,0.5,0.9232323232323232,0.6606060606060606,0.901010101010101
2025-12-26,44.5,44.67,43.52,44.11,1228671.0,44.612,45.3,45.307,40.91916666666667,-0.0112525777817628,-0.0262693156732891,-0.0264197585362085,0.0779789422234893,45.307,47.512983251356026,43.10101674864398,0.2286924097707739,0.097379356450489,-0.0136404293381037,-0.0352143482064741,-0.0435819601040763,0.0286847014925373,0.0202118871369347,0.0153085000202518,0.0230429298173599,49.003147946631245,0.8824169430634186,1.3098918836937283,-0.4274749406303098,13647645.0,56.63271754576984,1.9385714285714264,0.5517695753712486,0.1936339522495051,0.7031249999931337,0.0716390841079122,-0.0136404293381037,0.0230429298173599,49.003147946631245,-0.1466163899083461,0.0,0.0,0.0,0.5,1.818373569156788,1.279307435544885,1.893410146202123,1.659848425352492,-0.5441732236326502,2.200619354289289,2.7906211816301982,3.6427695321558495,,-0.4633366045584324,-1.0850662549263856,-1.0299340624557525,,3.6427695321558495,2.237207356686871,4.578995448834264,-1.1764803175782692,-0.1002019521832382,-0.5164594257384109,-0.745984455121275,-0.8898182630030432,0.1056142998842061,0.1541177957423497,-0.3692810427738865,0.6128007755295122,-0.2189827862713787,1.2260456536928372,2.176565098960811,-2.448954747372643,1.2269967877943029,-0.1665676123594311,1.5107252751545373,-0.619943758137487,-1.1431310531410002,,-0.5164594257384109,0.6128007755295122,-0.2189827862713787,-0.2948183948022041,0.0,0.0,0.0,0.0,其他,0,0,0.5,1.0,0,0.8762677484787018,0.07481296758104738,0.2346406710496487,0.07723577235772358,0.6591836734693878,0.6530612244897959,0.5091649694501018,0.061224489795918366,0.1326530612244898,0.5,0.5,0.5,0.5,0.8762677484787018,0.8012170385395537,0.9107505070993914
2025-12-29,44.46,48.52,44.46,48.52,3697100.0,45.148,45.49,45.4665,41.092333333333336,0.0746876938070346,0.0666080457243352,0.0671593370943441,0.1807555342845785,45.4665,48.09945931165719,42.83354068834282,1.0798608406846486,0.1158197491186429,0.0999773294037633,0.0584642233856893,0.0407550407550407,0.0703728215309951,0.0526459385173773,0.036463597563275,0.0295449399132755,58.39041095190525,1.1084682521181437,1.2696071573786114,-0.1611389052604679,17344745.0,56.32383909915531,2.02642857142857,1.7583722317682136,0.9999999999805448,0.9999999999913868,0.0169002473206925,0.0999773294037633,0.0295449399132755,58.39041095190525,2.009023570996629,0.0,0.0,0.0,0.5,1.782210980471012,2.334991045738827,2.237520561685882,3.1487067660888983,0.3874764160205524,2.377099232153636,2.800056472963472,3.566799393408937,,3.0133998214968694,2.21725097594941,1.5377084001521055,,3.566799393408937,2.389452702440136,4.117182307197253,1.7031966749387255,0.17517143738458,3.837625120034349,1.173734269123371,0.5624743234599933,0.6794130250370962,2.80145049384584,1.8957477656081856,1.50072911059737,0.5268564893846913,1.566889343283434,2.073671222368255,-1.0370299705757282,1.6259133765040057,-0.1872238817929488,1.6591412441997404,1.2428215333813717,1.406415883951221,,3.837625120034349,1.50072911059737,0.5268564893846913,1.9896653151206656,0.0,0.0,0.0,0.0,其他,0,0,0.5,1.0,0,0.5959595959595959,0.02885408079142615,0.06966199505358595,0.9008097165991903,0.8373983739837398,0.7764227642276422,0.7302231237322515,0.9004065040650406,0.8882113821138211,0.5,0.5,0.5,0.5,0.5959595959595959,0.5292929292929293,0.6363636363636364
2025-12-30,48.52,50.16,48.15,49.73,4223561.0,46.154,45.823,45.7035,41.28533333333334,0.0774797417341941,0.0852628592628155,0.0881004737055148,0.2045439865650429,45.7035,48.94001062915476,42.46698937084524,1.122043376532854,0.141630756031712,0.0249381698268753,0.1125279642058163,0.0717672413793102,0.1053567459435429,0.048346463177117,0.036828101390593,0.0297810462203797,60.48780487116397,1.369465955503358,1.2895789170035608,0.0798870384997973,21568306.0,57.61999483455529,1.9178571428571407,2.013798528458303,0.999999999984252,0.9999999999921996,-0.0725919967826261,0.0249381698268753,0.0297810462203797,60.48780487116397,0.1423983662870898,0.0,0.0,0.0,0.5,3.1369286894626978,2.729235208865928,3.576316419718496,3.4406634613638563,0.5847004497010955,2.722748951428464,2.867146869290896,3.536087442513332,,3.032049634197461,2.8028109526570613,2.077251883326453,,3.536087442513332,2.611627313978203,3.673536616138291,1.8204593780889,0.5602825076260075,0.9560199211047335,2.244293317071969,1.0911764616302169,1.1557232086010365,2.3988586743598272,1.907599293253836,1.517063383385021,0.6911926711401016,1.9496062652997035,2.076186801836478,0.2341012230849883,2.0672460311817287,-0.0974662371561964,1.4388673606646232,1.6195400438553125,1.3931537000016645,,0.9560199211047335,1.517063383385021,0.6911926711401016,0.0037237559219443,0.0,0.0,0.0,0.0,其他,0,0,0.5,1.0,0,0.0161943319838056,0.07259199678262629,-0.007038005228232391,0.9553752535496958,0.879837067209776,0.7820773930753564,0.8008130081300813,0.9349593495934959,0.9288617886178862,0.5,0.5,0.5,0.5,0.016194331983805668,0.7611336032388664,0.24898785425101214
2025-12-31,49.75,50.2,47.66,49.32,3157355.0,47.28,46.19,45.92,41.46133333333333,0.0431472081218275,0.0677635851915998,0.0740418118466899,0.1895420632878828,45.92,49.514990666849776,42.32500933315023,0.9728802262624604,0.1565762485558338,-0.008244520410215,0.1288624399176012,0.08039430449069,0.0962436096910424,0.0453359655019946,0.0363437438025298,0.0299168789739986,61.13393590093775,1.5256383642840277,1.3367908064596543,0.1888475578243733,18410951.0,55.23972048583931,1.9385714285714275,1.4731160995002537,0.935433070851411,0.9680187207412794,-0.0308191403081914,-0.008244520410215,0.0299168789739986,61.13393590093775,-0.2524424295043921,0.0,0.0,0.0,0.5,3.4347552132654995,2.6761007512831214,3.271154273314895,3.194401671857808,0.1794647799963007,3.0801500459925446,2.9402167551870098,3.495822595352577,,1.6564478931090685,2.1563614103768387,1.6743155457172345,,3.495822595352577,2.7298090968400293,3.428669184612725,1.307614876067586,0.7811268999776515,-0.3152222503943053,2.520135888919155,1.2308011596152797,1.0227749912025133,2.120005094625708,1.8315302748775588,1.5194774549107612,0.7393665573176965,2.157468674511307,2.123423693649965,0.8068321263526651,1.6979299149609073,-0.2613982293598169,1.4638678428609713,0.7821658966523564,1.18015735219594,,-0.3152222503943053,1.5194774549107612,0.7393665573176965,-0.4161772573913362,0.0,0.0,0.0,0.0,其他,0,0,0.5,1.0,0,0.0547667342799188,0.0888077858880778,0.014598540145985384,0.9613821138211383,0.8533604887983707,0.7780040733197556,0.7515274949083504,0.8859470468431772,0.8961303462321792,0.5,0.5,0.5,0.5,0.05476673427991886,0.8296146044624746,0.3509127789046653
2026-01-05,49.09,49.98,47.59,48.24,2169627.0,47.984,46.459,46.163,41.62133333333334,0.0053351117039013,0.0383348759120945,0.0449927431059506,0.1590210148641722,46.163,49.69148916527652,42.63451083472347,0.7943186024715766,0.1528708777708936,-0.021897810218978,0.0787119856887299,0.0590559824368825,0.1120331950207469,0.0500859809593878,0.0374937633143327,0.0290691719973807,58.30721002495063,1.5444557115279025,1.378323787473304,0.1661319240545984,16241324.0,54.30155136025677,1.9564285714285696,1.01707889351294,0.7533112582656745,0.8837753510071472,-0.0244610281923715,-0.021897810218978,0.0290691719973807,58.30721002495063,-0.3128340018781543,0.0,0.0,0.0,0.5,3.112995184637051,2.559962083645031,3.14345435673408,2.7665053195203737,-0.1959233701532411,3.2442045830293003,2.965658599597892,3.469537783527512,,0.168765943169939,1.13566339900818,0.883911826074072,,3.469537783527512,2.713610585605306,3.478214973624199,0.7053662410596483,0.7218413845781412,-0.8360052872917478,1.5035078184663857,0.8583555784750448,1.23148371914988,2.4496812112911623,1.9255762695996104,1.390006334334725,0.511008434349505,2.1514966650627088,2.158831257006445,0.6836940776616265,1.4457659774184832,-0.325442016196631,1.4829723156858672,0.0781583411735599,0.6030352456750306,,-0.8360052872917478,1.390006334334725,0.511008434349505,-0.4791001392500174,0.0,0.0,0.0,0.0,其他,0,0,0.5,1.0,0,0.0566801619433198,0.107379767827529,0.03275290215588722,0.9249492900608519,0.8556910569105691,0.7682926829268293,0.5914634146341463,0.4491869918699187,0.790650406504065,0.5,0.5,0.5,0.5,0.05668016194331984,0.8643724696356275,0.6214574898785425
2026-01-06,48.0,48.29,46.58,47.27,2387200.0,48.616,46.614,46.341,41.76883333333333,-0.0276863584005264,0.0140730252713778,0.0200470425756891,0.1317050591948543,46.341,49.70374261499998,42.978257385000006,0.6381312973214572,0.1451303431083805,-0.0201077943615256,0.0716390841079122,0.033902012248469,0.0814458933882407,0.0511229026225317,0.0384257546433869,0.0296291640490521,52.45653816527295,1.4642191669219429,1.395502863363032,0.0687163035589109,13854124.0,47.56640830145992,1.97642857142857,1.1033637920809105,0.5927152317782672,0.8081123244866767,0.0029617093293843,-0.0201077943615256,0.0296291640490521,52.45653816527295,0.1002812925908462,0.0,0.0,0.0,0.5,2.689053513233507,2.076409204560874,2.705667942365211,2.4042763478426474,-0.112564624490905,3.3611287959458886,2.942976393827518,3.4142304178684024,3.185270943850663,-1.1262833647621864,0.3003651933459043,0.2083048271824971,1.5096449820703233,3.4142304178684024,2.6483260364160714,3.535489757306047,0.1800884295063649,0.602492476783687,-0.7637259427025299,1.3515548782702134,0.4227629283259697,0.8044437949396054,2.478879080561253,1.993290657050793,1.4522005410150798,0.0412276476603799,2.000457294948343,2.152929957266416,0.1665010322866401,1.1752568005821449,-0.7904327924413509,1.505534976248475,0.2110464654149231,0.0950926633459566,0.719185283235551,-0.7637259427025299,1.4522005410150798,0.0412276476603799,-0.0361957355525169,0.0,0.0,0.0,0.0,其他,0,0,0.5,1.0,0,0.4311740890688259,0.13010365982652838,0.13285381848952804,0.8782961460446247,0.8089430894308943,0.7621951219512195,0.3434959349593496,0.42073170731707316,0.556910569105691,0.5,0.5,0.5,0.5,0.4311740890688259,0.9210526315789473,0.8663967611336032
2026-01-07,47.0,51.5,46.58,49.34,4213470.0,48.78,46.964,46.593,41.9605,0.011480114801148,0.0505919427646708,0.0589573541089862,0.175867780412531,46.593,50.06533942071217,43.12066057928784,0.8955546487657365,0.149049832408504,0.043790987941612,0.0169002473206925,0.0763525305410122,0.1137697516930023,0.029253536589626,0.0404183444540949,0.0308710853084272,59.74801060453269,1.549797574695475,1.4263618056295206,0.1234357690659544,18067594.0,52.56923383699887,2.222142857142856,1.8652276547920887,0.9354304635606728,0.9695787831437636,0.0117551682205108,0.043790987941612,0.0308710853084272,59.74801060453269,0.765025971849866,0.0,0.0,0.0,0.5,2.3224796091675945,2.85116372858151,2.6446445098991616,2.9817716731772976,0.5842231598278267,3.3036531290042954,2.9948356987737106,3.394960569622749,3.2370580014685504,0.415893751181536,1.544052432991904,1.2540834572047732,2.1558840496550427,3.394960569622749,2.691394318398676,3.4714937717231367,1.040722096298255,0.6587942241797665,1.679197682678108,0.2635683377328621,1.1492543742146688,1.2417949956592136,0.7733356954179575,2.163318395570504,1.6033058406207192,0.6257054600081758,2.0975714255063767,2.169029724872225,0.4560098223670911,1.6216095892305642,-0.4401802649350814,1.9378010234740648,1.381363824826753,1.1730435707606777,1.2437284023494422,1.679197682678108,1.6033058406207192,0.6257054600081758,0.6755782951586972,0.0,0.0,0.0,0.0,其他,0,0,0.5,1.0,0,0.5060728744939271,0.10356708552898253,0.0879610863396838,0.5963488843813387,0.8678861788617886,0.7804878048780488,0.4532520325203252,0.8983739837398373,0.8109756097560976,0.5,0.5,0.5,0.5,0.5060728744939271,0.8663967611336032,0.757085020242915
2026-01-08,48.85,48.85,45.51,46.12,4312399.0,48.05800000000001,47.106,46.571,42.10833333333333,-0.0403262724208249,-0.0209315161550546,-0.0096841381975908,0.095270136552543,46.571,50.04978926306872,43.09221073693128,0.4351785972160784,0.149397232744036,-0.0652614511552494,-0.0725919967826261,0.0317673378076062,-0.0094501718213059,0.0390504439173931,0.0457456482833012,0.0328037963417543,51.33903133493591,1.3423187867029895,1.4095532018442145,-0.0672344151412249,13755195.0,48.43406411135739,2.351428571428571,1.895667740588509,0.4023178807880411,0.7184087363438502,0.1565481352992195,-0.0652614511552494,0.0328037963417543,51.33903133493591,0.0234792225885078,0.0,0.0,0.0,0.5,2.840169269505042,2.1300479334506086,2.2262662169841314,1.9467903757597484,0.619778647872888,2.957731927808697,2.963248642994951,3.2602826492174057,3.233932838220302,-1.6139216085844188,-0.907132768217062,-0.6027256249883575,0.8940276362658064,3.2602826492174057,2.6202015620967587,3.323186662222782,-0.5081815072196891,0.6611101781328317,-2.450028079567056,-1.5044541076967206,0.37739232243135,-0.4588101443917566,1.522080465069244,2.646742188817212,1.8398601427814008,-0.0524541299062572,1.7663240507263864,2.108724509160554,-0.5583457263204669,1.1425834258909966,-0.7257732507031611,2.1414242018081846,1.4151643258357878,-0.5133461666959047,0.4070686324156645,-2.450028079567056,1.8398601427814008,-0.0524541299062572,-0.1223823270035261,0.0,0.0,0.0,0.0,其他,0,0,0.5,1.0,0,0.973630831643002,0.16348655680832613,0.1665221162185604,0.016260162601626018,0.319755600814664,0.8167006109979633,0.21747967479674796,0.9185336048879837,0.17515274949083504,0.5,0.5,0.5,0.5,0.973630831643002,0.9310344827586207,0.920892494929006
2026-01-09,46.88,49.75,46.31,47.8,3156661.0,47.754000000000005,47.517,46.6035,42.28216666666666,0.0009632700925574,0.0059557632005386,0.0256740373577091,0.1305002503025309,46.6035,50.11703638016414,43.089963619835856,0.6702700456850083,0.1507842278007704,0.0364267129228099,-0.0308191403081914,0.0940718699931333,0.0137857900318132,0.0453902991090413,0.0457329262019839,0.0337035280804094,55.880815468989375,1.298484091499354,1.3873393797752425,-0.0888552882758884,16911856.0,51.41629008750105,2.492142857142857,1.4038528581079786,0.6804635761476745,0.8494539781525003,0.1234309623430962,0.0364267129228099,0.0337035280804094,55.880815468989375,-0.2680034941108186,0.0,0.0,0.0,0.5,2.186755041681409,2.319339962657521,2.4584927161297694,2.4216797544456767,0.1753710015250551,2.7794455588803832,3.0302376522694416,3.1619951440094667,3.250470527474684,0.0095796824725647,0.0165634429848882,0.3557204795913494,1.4251872136228985,3.1619951440094667,2.577821674296362,3.204421392527949,0.2846634601116016,0.6790928277130155,1.379586720704192,-0.6728500307859445,1.443825090024749,-0.1365725252776077,1.9857375160752724,2.585423381931197,1.9320426867917524,0.313990188977286,1.6830132051832,2.042676991530336,-0.6711337622474762,1.474489364661385,-0.5151896053775795,2.353012685046646,0.6532562783905247,0.3682930998934757,0.8382255049237828,1.379586720704192,1.9320426867917524,0.313990188977286,-0.4356089847441313,0.0,0.0,0.0,0.0,其他,0,0,0.5,1.0,0,0.9716024340770792,0.12447698744769875,0.13723849372384933,0.052845528455284556,0.46028513238289204,0.8268839103869654,0.30284552845528456,0.6945010183299389,0.5376782077393075,0.5,0.5,0.5,0.5,0.9716024340770791,0.8701825557809331,0.8924949290060852
2026-01-12,47.94,48.5,46.31,47.06,2895468.0,47.518,47.751,46.626,42.448166666666665,-0.0096384527968348,-0.0144709011329604,0.0093081113541801,0.1086462312859999,46.626,50.14547005580162,43.10652994419837,0.5616570098711903,0.1509659870370213,-0.015481171548117,-0.0244610281923715,0.0523255813953489,0.0096545805621111,0.0448956047881583,0.0461067650669018,0.0337951149123366,53.401015224631415,1.190311831313636,1.347933870082921,-0.1576220387692852,14016388.0,48.95371213899743,2.584285714285714,1.2685193328666784,0.557947019858313,0.7917316692605953,0.1351466213344665,-0.015481171548117,0.0337951149123366,53.401015224631415,-0.0827434431508483,0.0,0.0,0.0,0.5,2.4662295214281724,1.9750981265931544,2.412076948925826,2.1604845813462994,0.0745741456836855,2.6369409529242853,3.0266464928917736,3.068965248331362,3.252806830563592,-0.4071416287393423,-0.6843670626142649,-0.0894040571846799,1.0765421756364617,3.068965248331362,2.527184985533417,3.1068986707012867,-0.0828601448534849,0.6788179579808414,-0.5738981716865231,-0.544512251629902,0.7196301357642539,-0.1933486407349904,1.921735516101112,2.564226125999126,1.91610402650468,0.112480544775685,1.509078391985038,1.9526073200069936,-1.0330747794969763,1.1517181175980906,-0.6848887379624863,2.4667541568535687,0.4424059597881292,-0.0215892207933619,0.6418276088215205,-0.5738981716865231,1.91610402650468,0.112480544775685,-0.2344872517276763,0.0,0.0,0.0,0.0,其他,0,0,0.5,1.0,0,0.969574036511156,0.17190820229494252,0.20484487887802816,0.054878048780487805,0.29124236252545826,0.835030549898167,0.32113821138211385,0.4175152749490835,0.24439918533604887,0.5,0.5,0.5,0.5,0.9695740365111561,0.9371196754563894,0.947261663286004
2026-01-13,46.81,47.6,46.46,47.41,2770967.0,47.546,48.081,46.6905,42.62316666666667,-0.0028603878349388,-0.0139556165637155,0.0154099870423318,0.1123059056303494,46.6905,50.21819777318685,43.16280222681315,0.6019786906645658,0.1511098734508859,0.0074373140671482,0.0029617093293843,0.0748129675810473,0.0279705117085862,0.0441277608935819,0.0455854368476063,0.033711212205631,53.93878574633645,1.119916886657279,1.302330473397793,-0.1824135867405139,16787355.0,43.93154374492544,2.537857142857143,1.189300196657486,0.6158940397249023,0.8133547867995707,0.1267665049567603,0.0074373140671482,0.033711212205631,53.93878574633645,-0.0429985757052054,0.0,0.0,0.0,0.5,2.0894161820923105,1.729473116302978,2.416979623054428,2.229447692918429,0.0264222781399641,2.588974868950596,3.0547083284502308,3.0007551524372325,3.257765516400525,-0.1388471890043128,-0.6638415265141802,0.0769320508223635,1.1229890801077045,3.0007551524372325,2.492117299291845,3.0378183870508324,0.0539284155836986,0.6779957148595603,0.2902796327723993,0.0015204425982487,1.1014886820335938,0.0616672496660114,1.8400649857281963,2.461594092474068,1.8784214410619964,0.1557694721086384,1.3938898876041952,1.8564483139936507,-1.1582092712502112,1.4410286801365788,-1.031305904856297,2.3381775947284136,0.3185609530748099,0.1629075975440838,0.7098981726492934,0.2902796327723993,1.8784214410619964,0.1557694721086384,-0.1908325913355685,0.0,0.0,0.0,0.0,其他,0,0,0.5,1.0,0,0.951219512195122,0.1487028053153343,0.1271883568867327,0.4317718940936864,0.42857142857142855,0.8122448979591836,0.4195519348268839,0.33877551020408164,0.43673469387755104,0.5,0.5,0.5,0.5,0.9512195121951219,0.9349593495934959,0.8780487804878049
2026-01-14,47.41,50.1,46.9,49.92,5578033.0,47.662,48.221,46.8555,42.8335,0.0473752675087071,0.0352336119118226,0.0654032077344175,0.1654429360197042,46.8555,50.6666276132151,43.0443723867849,0.9020463640844292,0.1626757846232338,0.0529424172115589,0.0117551682205108,0.0288540807914261,0.0707850707850707,0.0464549055597557,0.0365997782914022,0.035562027792405,62.25352112266878,1.2522293641523277,1.2923102515487,-0.0400808873963722,22365388.0,52.63455352489102,2.620000000000001,2.191631975854944,0.9999999999839486,0.999999999991929,0.0907451923076922,0.0529424172115589,0.035562027792405,62.25352112266878,1.0130275820679209,0.0,0.0,0.0,0.5,2.233969185067229,2.314209032685117,2.5140062340774976,2.9050617900759805,1.106715098944399,2.571677711122956,3.0148157721223603,2.9766032261954254,3.2858657657867503,1.829720427078696,1.030289802478701,1.4324319445968638,1.9097276226211948,2.9766032261954254,2.5618029917507963,2.890406180393395,1.0692445556759873,0.8498783832608342,1.9848825725346664,0.1766028642384458,0.3061489716096845,0.6571902902905847,1.9885165678354173,1.5812330163170871,2.0866214891179675,0.8301336228635631,1.573606998672608,1.8188445486734048,-0.3965269635565828,2.017872192132085,-0.4188026118495099,2.432200152113667,1.851076407025652,1.3805995707348309,1.321147938039582,1.9848825725346664,2.0866214891179675,0.8301336228635631,0.9527992719432926,0.0,0.0,0.0,0.0,其他,0,0,0.5,1.0,0,0.9126016260162602,0.03966346153846145,0.05809294871794868,0.5071283095723014,0.6510204081632653,0.8469387755102041,0.5723014256619144,0.8857142857142857,0.7918367346938775,0.5,0.5,0.5,0.5,0.9126016260162602,0.6626016260162602,0.7032520325203252
2026-01-15,48.98,53.92,48.98,53.34,5155279.0,49.106,48.582,47.2025,43.097,0.0862216429764186,0.0979375077189081,0.1300248927493248,0.2376731559041234,47.2025,51.980197639746805,42.4248023602532,1.1423072850850218,0.2024340930983182,0.0685096153846154,0.1565481352992195,0.0725919967826262,0.1495689655172414,0.0340156358645337,0.0416822444465992,0.0382813947375547,70.35006326029145,1.614442922992808,1.3567367858375217,0.2577061371552862,27520667.0,60.01973592832943,2.862142857142858,1.8888298923560791,0.9999999999896372,0.9999999999936748,0.0059992500937382,0.0685096153846154,0.0382813947375547,70.35006326029145,-0.0757890819218889,0.0,0.0,0.0,0.5,2.6453134252998765,3.1605801237065068,3.111821986206768,3.74766491363396,0.938332867297802,2.963550060161352,3.049598166637565,3.021387924549072,3.345595241601974,3.2501579358815142,3.099485917626541,3.0928379712738594,2.90172691614895,3.021387924549072,2.8551786419673224,2.516405938399189,1.861907741977284,1.4429648209943031,2.517452967185271,2.989667226194194,1.0576931991293046,1.7386745340380434,1.046925097125459,2.037341420879634,2.389937261229933,1.4775767340919124,2.074250187261088,1.8969914156541887,1.190299130592106,2.520861404624257,0.1006996022506837,2.779200424051812,1.3719792199969478,1.3686493586154966,1.306955912302377,2.517452967185271,2.389937261229933,1.4775767340919124,-0.231101147502483,0.0,0.0,0.0,0.0,其他,0,0,0.5,1.0,0,0.3286004056795132,-0.07424071991001124,-0.034308211473565886,0.9735772357723578,0.8228105906313645,0.8818737270875764,0.8333333333333334,0.9307535641547862,0.9409368635437881,0.5,0.5,0.5,0.5,0.3286004056795132,0.07707910750507099,0.2697768762677485
2026-01-16,52.81,54.62,52.41,53.7,3170085.0,50.286,49.02,47.605,43.3665,0.0678916597064789,0.0954712362301102,0.1280327696670518,0.2382830064681262,47.605,53.12991962313529,42.08008037686472,1.051591734870891,0.2321150981251413,0.0067491563554555,0.1234309623430962,0.0888077858880778,0.1763417305585981,0.0351761336123892,0.0413085132023231,0.0378710769782409,69.48784721799989,1.908548195074821,1.4670990676849818,0.44144912738984,30690752.0,61.820788743306935,2.880000000000001,1.1313056442697649,0.99999999999001,0.9999999999937929,0.0009310986964616,0.0067491563554555,0.0378710769782409,69.48784721799989,-0.3850798375800806,0.0,0.0,0.0,0.5,3.627428352434919,3.225760406438728,4.02501641998972,3.6949655739877296,0.1693650844389465,3.236374818776516,3.1036493628257054,3.079791342183221,3.3944241510275432,2.496965554211232,2.9334998016947,2.950367653520348,2.80734612824349,3.079791342183221,3.075527137084458,2.298714700067861,1.53961206076583,1.868738693456878,0.2331779699359135,2.300558838502772,1.3281000341738545,2.077171464686608,1.1270725900731025,1.9739026310068448,2.2929996823615264,1.3954121339720276,2.4538627567807647,2.041752655143206,2.14031544105415,2.788708815566816,0.2271446424514352,2.7397204945169404,0.2060107115719587,1.3570047272081,1.2932127035864336,0.2331779699359135,2.2929996823615264,1.3954121339720276,-0.5664407872612108,0.0,0.0,0.0,0.0,其他,0,0,0.5,1.0,0,0.1639676113360323,-0.06815642458100568,-0.031471135940409734,0.9675456389452333,0.8719512195121951,0.8739837398373984,0.8377281947261663,0.6450304259634888,0.9371196754563894,0.5,0.5,0.5,0.5,0.16396761133603238,0.07894736842105263,0.2894736842105263
2026-01-19,53.98,54.84,52.61,53.42,2489129.0,51.55800000000001,49.538,47.9985,43.60983333333333,0.0361146669769967,0.07836408413743,0.1129514463993666,0.2249530877974768,47.9985,54.00703524492232,41.98996475507768,0.9511498875276196,0.2503634590626708,-0.0052141527001862,0.1351466213344665,0.107379767827529,0.1727771679473106,0.0324900632869881,0.0402308641900199,0.0379233459475152,70.49757815505521,2.09488654185337,1.5926565625186595,0.5022299793347103,28201623.0,65.2975492091636,2.95357142857143,0.86823079517814,0.9720279720182614,0.9826194909932798,0.0323848745788093,-0.0052141527001862,0.0379233459475152,70.49757815505521,-0.2148068584911761,0.0,0.0,0.0,0.5,3.794147217293195,3.178725830077879,3.905635385003257,3.488800149249452,-0.094681831255895,3.5008746046597263,3.174873186287277,3.126664004081526,3.410960680937503,1.2882039910412295,2.326783120271947,2.50327176848433,2.5378610655253,3.126664004081526,3.201512059269106,2.2141426477574693,1.1929296239230909,2.109152443921714,-0.2097194509315284,2.4771085155133328,1.632018295598075,1.99762201814106,0.9206038907964396,1.849045405092184,2.257329259110473,1.464003970322679,2.661433497691409,2.2024103166938307,2.416847973124505,2.4810041700080663,0.4715846243684068,2.789365244033112,-0.1992408129392538,1.25840987290702,1.2233985802314615,-0.2097194509315284,2.257329259110473,1.464003970322679,-0.3792151500403488,0.0,0.0,0.0,0.0,其他,0,0,0.5,1.0,0,0.6977687626774848,-0.06739049045301393,-0.028828154249344817,0.9654471544715447,0.8394308943089431,0.8678861788617886,0.8089430894308943,0.3983739837398374,0.9105691056910569,0.5,0.5,0.5,0.5,0.6977687626774848,0.21095334685598377,0.31237322515212984
2026-01-20,53.42,54.0,52.61,53.42,1948251.0,52.760000000000005,50.153000000000006,48.383500000000005,43.859,0.0125094768764215,0.0651406695511733,0.1040954044250621,0.2179940263115893,48.383500000000005,54.75322204631949,42.01377795368052,0.8953469212067597,0.2633014166526325,0.0,0.1267665049567603,0.1301036598265283,0.1684164479440071,0.0337047593933674,0.0389877653850764,0.0379580866426553,63.38797813722715,2.217004770588858,1.7175262041326995,0.4994785664561583,28201623.0,59.85499809212897,2.7378571428571443,0.6703366078968794,0.9720279720182614,0.9826194909932798,0.0194683639086483,0.0,0.0379580866426553,63.38797813722715,-0.2172960903191437,0.0,0.0,0.0,0.5,3.509384498872148,2.9102592581223243,3.746319296447033,3.3721543293693066,-0.304292818561679,3.707544224864353,3.265222572181784,3.163304710065153,3.4230851692609847,0.3976819552933095,1.872591346435384,2.236488701459522,2.3760352657518418,3.163304710065153,3.278719328440812,2.1874656151880103,0.9994442656467366,2.260442727025377,-0.0158888402092093,2.277961679685456,1.9945049646854287,1.91115947502566,1.0063440055907975,1.713681567951515,2.22143755392474,0.8844208713470741,2.7675327874176494,2.35322574987155,2.3601797638784165,2.4349254781948906,0.0852468023812898,2.3896509945978845,-0.5035618890312364,1.2488873348520837,1.2117112343714749,-0.0158888402092093,2.22143755392474,0.8844208713470741,-0.3807813221666812,0.0,0.0,0.0,0.0,其他,0,0,0.5,1.0,0,0.6484848484848484,0.0024335454885808794,-0.030325720703856307,0.9453441295546559,0.8643724696356275,0.8785425101214575,0.5809716599190283,0.16396761133603238,0.9129554655870445,0.5,0.5,0.5,0.5,0.6484848484848484,0.6565656565656566,0.21818181818181817
2026-01-21,53.42,54.83,52.5,54.45,2085039.0,53.666,50.664,48.814,44.11833333333333,0.0146088771289085,0.0747276172430129,0.1154586798869177,0.2341808016319746,48.814,55.60950749431293,42.01849250568707,0.9146857320535096,0.2784245296144142,0.0192811681018345,0.0907451923076922,0.1035670855289825,0.1878272251308901,0.0297584025684882,0.0375813409035389,0.0380054836047523,63.024282555837,2.369581639794582,1.847937291265076,0.5216443485295059,30286662.0,58.15216483243477,2.760714285714287,0.706671585370423,0.9999999999907064,0.9999999999940687,-0.046831955922865,0.0192811681018345,0.0380054836047523,63.024282555837,0.070210665874161,0.0,0.0,0.0,0.5,3.3914292049872885,3.012881941735016,3.576640851969829,3.507030139506224,-0.2502314804277232,3.8030844259652223,3.3126102019634653,3.2087334506213323,3.434167118241924,0.4753848971635371,2.148047234734711,2.469883279476357,2.5257297539871124,3.2087334506213323,3.369135731177675,2.1532191781385053,1.0578242112215106,2.4325204114945107,0.6998656396874653,1.584259372118587,1.527515809832396,2.1378557105735085,0.7068943921180303,1.567685527303464,2.188865746847368,0.8508146249725812,2.9034268921692705,2.5026226330602115,2.4290726039156207,2.5914033330525674,-0.0357950744166621,2.38018934026249,-0.4456560438368943,1.3265755361606546,1.2566886462198468,0.6998656396874653,2.188865746847368,0.8508146249725812,-0.064989034367927,0.0,0.0,0.0,0.0,其他,0,0,0.5,1.0,0,0.0767676767676767,-0.014141414141414232,-0.06152433425160697,0.9089068825910931,0.8724696356275303,0.8744939271255061,0.5080971659919028,0.25708502024291496,0.9008097165991903,0.5,0.5,0.5,0.5,0.07676767676767676,0.39595959595959596,0.12121212121212122
2026-01-22,54.44,55.3,53.44,53.66,1592417.0,53.73,51.41799999999999,49.262,44.38016666666667,-0.0013028103480365,0.0436034073670699,0.0892777394340464,0.2090986589354853,49.262,56.09681058914391,42.427189410856094,0.8217353240851619,0.2774881486391146,-0.0145087235996328,0.0059992500937382,0.1634865568083261,0.2004474272930647,0.0127185712965445,0.0285488173645729,0.0375832768741253,61.72972972505828,2.399098221431956,1.958169477298452,0.4409287441335039,28694245.0,63.90185790120834,2.712142857142858,0.5367381710518494,0.9265799256419456,0.9531435349884152,-0.0797614610510621,-0.0145087235996328,0.0375832768741253,61.72972972505828,-0.2362651250168461,0.0,0.0,0.0,0.5,3.523490628891862,3.0314079510357823,3.688286846610673,3.210072835524915,-0.4415024380508157,3.669617370336804,3.420122768115916,3.252182742628225,3.4393733279058094,-0.1263481026871771,1.145552971480595,1.7971769469443564,2.138502828060755,3.252182742628225,3.362476723551393,2.3054048566228067,0.7421699162646601,2.371677180003291,-0.5591066601989517,-0.0051613386289266,2.494138605407241,2.264952680499458,-0.5733499418277396,0.7287827362536664,2.1031063645550407,0.7427035614663391,2.871033715511265,2.612849302914839,1.9914386682821803,2.3894860974524943,0.3732201375487344,2.2628460975938616,-0.7066875066019865,1.087729092758086,1.0926734223960524,-0.5591066601989517,2.1031063645550407,0.7427035614663391,-0.4011010762322743,0.0,0.0,0.0,0.0,其他,0,0,0.5,1.0,0,0.0525252525252525,0.002609019754006736,-0.04435333581811396,0.3259109311740891,0.8663967611336032,0.8704453441295547,0.4271255060728745,0.12348178137651822,0.8481781376518218,0.5,0.5,0.5,0.5,0.052525252525252523,0.6707070707070707,0.18181818181818182
2026-01-23,53.6,54.05,52.7,53.75,1436736.0,53.74,52.013,49.765,44.645833333333336,0.0001860811313734,0.0333954972795262,0.0800763588867679,0.2039197386840876,49.765,56.34934027386991,43.180659726130095,0.8026119424397229,0.2646173123221812,0.0016772269847187,0.0009310986964616,0.1244769874476987,0.230258640421149,0.0123689296350411,0.02784010484123,0.0368660372538561,65.73386635682309,2.4020630806229093,2.0469481979633435,0.3551148826595658,30130981.0,64.74540631908458,2.637857142857144,0.4861457515539727,0.9323017408033624,0.9584816132801988,-0.0690232558139535,0.0016772269847187,0.0368660372538561,65.73386635682309,-0.0977639650920582,0.0,0.0,0.0,0.5,3.2136469815291138,2.702477454410076,3.374141750365033,3.138886818862565,-0.500880728495619,3.537275105523736,3.4681214399768905,3.305169201587131,3.440487425460511,-0.0696749655752919,0.8157297202655707,1.554584876732168,2.028829698714634,3.305169201587131,3.3028003881234227,2.6011979459496803,0.6749842177303393,2.151227584467053,0.0458708853140797,-0.1002036442517878,1.8191148656862843,2.5983172860311146,-0.5975348913547066,0.6605021667134502,1.9872473628472287,1.061086360675827,2.8074138232462285,2.6846742371005843,1.5439736858157207,2.4829591855084137,0.4321156998956672,2.1129684832469176,-0.7817769640514015,1.0987089033209434,1.1010168387425754,0.0458708853140797,1.9872473628472287,1.061086360675827,-0.2476255368555754,0.0,0.0,0.0,0.0,其他,0,0,0.5,1.0,0,0.1454545454545454,0.011348837209302243,-0.1129302325581395,0.16194331983805668,0.8744939271255061,0.868421052631579,0.5647773279352226,0.032388663967611336,0.7935222672064778,0.5,0.5,0.5,0.5,0.14545454545454545,0.7898989898989899,0.08888888888888889
2026-01-26,54.1,55.26,53.31,55.15,2773853.0,54.086,52.822,50.2865,44.9385,0.0196723736271864,0.0440725455302712,0.0967158183607925,0.2272327736795842,50.2865,56.84050648860158,43.73249351139843,0.8710325896359171,0.2606666396980716,0.0260465116279069,0.0323848745788093,0.1719082022949425,0.2332289803220035,0.0162195867610446,0.02631794787161,0.0369143471845679,71.96209586952355,2.4886929112335068,2.1352971406173764,0.3533957706161303,32904834.0,70.49010193194216,2.6550000000000007,0.9178667414852636,0.999999999990942,0.999999999994203,-0.0966455122393472,0.0260465116279069,0.0369143471845679,71.96209586952355,0.9306629749654772,0.0,0.0,0.0,0.5,3.234614444792783,2.8851653394209813,3.4153512767745715,3.3585487800927045,0.0241151290961101,3.498392813763157,3.5628839110923587,3.35459021939636,3.451299566401385,0.6690204379375674,1.1497878501921102,1.9362409373383591,2.2819391928931063,3.35459021939636,3.2983256458871995,2.7846683939285586,0.9008039401846972,2.063212643764679,0.9545122310990922,0.4912776229136144,2.5536017563834155,2.5777461048484764,-0.3058429270420836,0.5174535961532273,1.964731678196397,1.5510969495773772,2.850286663053189,2.749866362018896,1.5220416293815928,2.692364851483539,0.8399074330512543,2.106950202344872,-0.1087032326000263,1.3020395268769125,1.2263313673839538,0.9545122310990922,1.964731678196397,1.5510969495773772,0.885558141194925,0.0,0.0,0.0,0.0,其他,0,0,0.5,1.0,0,0.1191919191919192,0.028105167724388203,-0.18821396192203077,0.6963562753036437,0.8987854251012146,0.8582995951417004,0.7955465587044535,0.3097165991902834,0.8643724696356275,0.5,0.5,0.5,0.5,0.1191919191919192,0.7656565656565657,0.026262626262626262
2026-01-27,55.71,55.88,53.36,54.46,1964733.0,54.294,53.527,50.804,45.21366666666667,0.0030574280767672,0.0174304556578923,0.0719628375718446,0.2045030632330933,50.804,56.92469965040977,44.68330034959023,0.7986586672060743,0.2409534544680623,-0.0125113327289211,0.0194683639086483,0.1487028053153343,0.2346406710496487,0.0183040634823736,0.0277791752782029,0.0368752474283122,65.45893719253365,2.473161392906441,2.202869991075189,0.2702914018312516,30940101.0,63.993994704574,2.483571428571429,0.6423071880362022,0.923588039856882,0.959999999994435,-0.0167095115681235,-0.0125113327289211,0.0368752474283122,65.45893719253365,-0.291695342182877,0.0,0.0,0.0,0.5,3.4917554774526995,2.937395971926309,3.319687856039765,3.1096107771681245,-0.2936179423946174,3.429576411050245,3.6151663104931058,3.393807341526785,3.445376749282018,0.0359572110056245,0.2978276511263177,1.3226047530576128,1.9505324457008284,3.393807341526785,3.208092562034701,3.1174160175440964,0.6541313874505037,1.76523348779277,-0.4894850969336447,0.2465314979448848,2.140290949963425,2.5393784275701976,-0.147641161794867,0.6507989246769034,1.9331392083412955,1.02018110919616,2.7663084770970308,2.7813846872755152,1.0987828894556724,2.458842465159649,0.3726957687890342,1.8206506053870544,-0.53736069211521,1.055067453507337,1.085768945273476,-0.4894850969336447,1.9331392083412955,1.02018110919616,-0.4655162554091636,0.0,0.0,0.0,0.0,其他,0,0,0.5,1.0,0,0.5212121212121212,-0.018729342636797708,-0.19977965479250825,0.6477732793522267,0.9109311740890689,0.8603238866396761,0.6821862348178138,0.13360323886639677,0.8299595141700404,0.5,0.5,0.5,0.5,0.5212121212121212,0.3616161616161616,0.01818181818181818
2026-01-28,54.26,54.8,51.5,51.9,2494973.0,53.784000000000006,53.725,50.973,45.40516666666667,-0.0350290049085231,-0.0339692880409493,0.0181860985227473,0.1430417243265265,50.973,57.01430379793528,44.93169620206472,0.5767218493679415,0.2370393658573532,-0.0470069775982372,-0.046831955922865,0.0396634615384614,0.0696619950535859,0.0265947705245612,0.0302046761860029,0.0326628642529935,68.17610062292789,2.228592181111459,2.208014429082444,0.0205777520290157,28445128.0,66.20839540700396,2.4457142857142857,0.8320010612380083,0.6400885935698772,0.8115942028938459,0.0342967244701348,-0.0470069775982372,0.0326628642529935,68.17610062292789,0.2698789097551677,0.0,0.0,0.0,0.5,3.0712181300646093,2.661295227373852,2.7937664268137783,2.4848415359992515,-0.0841466274423336,3.20389270819894,3.533010711779337,3.3262050425949607,3.3915631421468464,-1.407707592004516,-1.338055830462167,0.0151708212115093,1.1498802867912046,3.3262050425949607,3.126994786566748,3.1268523870587432,-0.0950412965707922,1.6916936895410128,-1.7662199762797837,-1.0039915804556396,0.3714671619762306,0.4632978966890126,0.4800802925895409,0.8725089038976354,1.4251549946446591,1.2309520557421745,2.4151315662450887,2.72735993292908,-0.152980885189332,2.190554286417316,0.5300713647045026,1.7429825218998527,-0.2395830429171971,0.1624585419202595,0.594565613408143,-1.7662199762797837,1.4251549946446591,1.2309520557421745,0.1567251971121298,0.0,0.0,0.0,0.0,其他,0,0,0.5,1.0,0,0.8303030303030303,0.01772639691714839,-0.1657032755298652,0.07489878542510121,0.6356275303643725,0.7995951417004049,0.7631578947368421,0.4331983805668016,0.5607287449392713,0.5,0.5,0.5,0.5,0.8303030303030303,0.6505050505050505,0.03838383838383838
2026-01-29,51.42,52.4,49.0,49.38,2498271.0,52.928,53.32899999999999,50.95550000000001,45.56316666666667,-0.0670344619105198,-0.0740497665435314,-0.0309191353239592,0.0837701505967905,50.95550000000001,57.01396767147567,44.89703232852435,0.369975372860803,0.2377944548268104,-0.0485549132947976,-0.0797614610510621,-0.0742407199100112,-0.0070380052282323,0.0320694360128468,0.0247471334695039,0.034263720719435,54.7192353598204,1.810555475421097,2.1285226383501743,-0.3179671629290772,25946857.0,59.52001627368168,2.4292857142857143,0.8577762458354897,0.3610188261311077,0.6655072463729539,0.0895099230457674,-0.0485549132947976,0.034263720719435,54.7192353598204,0.0013218579920504,0.0,0.0,0.0,0.5,2.3884188464562013,2.1508737016002875,2.154287597645692,1.901160766904007,-0.082629790057706,2.921423292938691,3.3162103848619937,3.212398424330684,3.324781133749047,-2.57411298456399,-2.564983781078958,-1.1740972530661342,0.3866764262973367,3.212398424330684,3.0349606753957,3.021101622529168,-0.7915186262937316,1.6835832319419692,-1.803981681166872,-1.61227836957603,-1.4668073931948526,-0.5015376691776219,0.8922422067417739,0.3628108746565594,1.5964922552784004,0.1456586148889956,1.8740851814890072,2.566270318809188,-1.83404747862001,1.933838923579533,0.0479984061081771,1.6995786821219705,-0.1985278519490821,-0.7151234245395964,0.1123932893658171,-1.803981681166872,1.5964922552784004,0.1456586148889956,-0.1414277812378811,0.0,0.0,0.0,0.0,其他,0,0,0.5,1.0,0,0.9494949494949496,0.04313487241798297,-0.11279870392871605,0.05060728744939271,0.24696356275303644,0.8178137651821862,0.5242914979757085,0.4068825910931174,0.18218623481781376,0.5,0.5,0.5,0.5,0.9494949494949495,0.806060606060606,0.10101010101010101
2026-01-30,49.5,50.59,48.61,50.04,1888666.0,52.186,52.963,50.9915,45.74766666666666,-0.0411221400375579,-0.0551894718954741,-0.0186599727405548,0.0938262789359021,50.9915,57.0175182367359,44.9654817632641,0.4210506869825285,0.2363538329613399,0.0133657351154312,-0.0690232558139535,-0.0681564245810056,0.0145985401459853,0.0340513094043885,0.0252509194123251,0.0343239742286075,58.94357742601913,1.5150502892196585,2.005828168524072,-0.4907778793044128,27835523.0,60.821798381587016,2.4142857142857146,0.6629078049296104,0.4341085271269757,0.7037681159379493,0.0863309352517984,0.0133657351154312,0.0343239742286075,58.94357742601913,-0.2440107578401222,0.0,0.0,0.0,0.5,1.9367208894286585,1.7741908011333112,2.0332769660286543,2.0203853774010563,-0.3235321916292085,2.686463790567508,3.128094293658129,3.123722127781035,3.2769933765974053,-1.587046044948092,-1.946177683154824,-0.8712008100035373,0.5139333469368961,3.123722127781035,2.951356218663052,2.964573865224631,-0.615977776447419,1.6462206632615797,0.4939007432466886,-1.3988349832315004,-1.357793684846146,-0.2275996726221165,1.0374003007545565,0.4085938051218501,1.5874612043241485,0.4855099649251517,1.4970941991951825,2.358901597805882,-2.642017529978574,2.079808806351476,0.1416662821507663,1.659629541087659,-0.5035765035964838,-0.4824837595986705,0.2381175114981156,0.4939007432466886,1.5874612043241485,0.4855099649251517,-0.4135892741407422,0.0,0.0,0.0,0.0,其他,0,0,0.5,1.0,0,0.9494949494949496,0.03936850519584323,-0.11111111111111116,0.1437246963562753,0.35020242914979755,0.8137651821862348,0.680161943319838,0.20445344129554655,0.3319838056680162,0.5,0.5,0.5,0.5,0.9494949494949495,0.8242424242424242,0.10101010101010101
2026-02-02,49.55,50.88,49.36,49.82,1134255.0,51.120000000000005,52.603,51.0705,45.933,-0.0254303599374022,-0.0529057278102008,-0.0244857598809488,0.0846232556114341,51.0705,56.985033304541126,45.15596669545887,0.3942858264844582,0.2316222987646312,-0.0043964828137489,-0.0966455122393472,-0.0673904904530139,0.0327529021558872,0.0271910900142758,0.0252577414935352,0.0339226063882534,57.289776159697176,1.2487137480019683,1.8544052844196504,-0.6056915364176823,26701268.0,66.20059579174917,2.441428571428572,0.4054829054898318,0.4097452934616863,0.6910144927496175,0.1380971497390606,-0.0043964828137489,0.0339226063882534,57.289776159697176,-0.3994411928842898,0.0,0.0,0.0,0.5,1.92444063499291,1.8112191075914248,2.17990444583556,1.948048082710612,-0.6212860974130808,2.395425965916299,2.9582001684718167,3.054066761310088,3.2328924393687086,-0.9954275987889644,-1.8526810128156657,-1.0074599413212024,0.3933572903058883,3.054066761310088,2.867483107850347,2.958759471334369,-0.7039169288108231,1.565867516673058,-0.1665554434927809,-1.8954442450387043,-1.335403955523153,0.0022974386426746,0.51378663122107,0.40796584605312,1.5263010733813434,0.3504773155648484,1.1626613196352242,2.125019385678402,-3.118759273447469,1.9515491888597185,0.5295191352836374,1.6827721689620858,-0.9051230878516388,-0.5575928099524542,0.1950323213396324,-0.1665554434927809,1.5263010733813434,0.3504773155648484,-0.58517085319059,0.0,0.0,0.0,0.0,其他,0,0,0.5,1.0,0,0.9575757575757576,0.04134885588117232,-0.1128061019670814,0.11740890688259109,0.6214574898785425,0.7894736842105263,0.7834008097165992,0.06477732793522267,0.5040485829959515,0.5,0.5,0.5,0.5,0.9575757575757575,0.6202020202020202,0.05454545454545454
2026-02-03,50.8,54.18,49.72,53.55,2691419.0,50.938,52.616,51.3845,46.178,0.0512780242647923,0.0177512543712938,0.0421430587044731,0.1596431201004806,51.3845,57.1133796553308,45.65562034466921,0.688998559073943,0.2229808465712284,0.0748695303091127,-0.0167095115681235,0.0024335454885808,0.132853818489528,0.0508506828848976,0.0361844997871231,0.0371370585296368,60.22535210792588,1.323364957567442,1.748197219049209,-0.424832261481767,29392687.0,63.66559109985764,2.531428571428572,0.9569472084887168,0.8228128460595479,0.9072463768063348,-0.0020541549953314,0.0748695303091127,0.0371370585296368,60.22535210792588,1.3728517837699634,0.0,0.0,0.0,0.5,2.167258999922564,2.4132295679268863,2.230659370499301,2.7016449518247474,-0.0012276746276798,2.3147594100124027,2.887393401498997,3.051120204323858,3.218882432034396,1.8501258324414984,0.3382795116009682,0.6138772353919454,1.35200761851976,3.051120204323858,2.82008351891548,3.0672950455447747,0.2974364608625744,1.4352730568433902,2.72965850877318,-0.4007702979465898,-0.2088331544402253,1.264264047863689,2.279828116204877,1.42169733703063,1.8743038400441865,0.5867209517691672,1.246279056238749,1.959208734228873,-2.215593438134116,2.164933154417151,0.3444641725492989,1.7968346778479674,-0.0344642286440241,0.7498199175172605,0.9097130130003088,2.72965850877318,1.8743038400441865,0.5867209517691672,1.3870314901209917,0.0,0.0,0.0,0.0,其他,0,0,0.5,1.0,0,0.2848484848484848,-0.0326797385620915,-0.18225957049486463,0.520242914979757,0.8643724696356275,0.8380566801619433,0.7834008097165992,0.7044534412955465,0.8562753036437247,0.5,0.5,0.5,0.5,0.28484848484848485,0.08686868686868687,0.022222222222222223
2026-02-04,53.54,54.1,52.83,53.68,1630413.0,51.294,52.539,51.6015,46.42616666666667,0.0465161617343159,0.0217172005557775,0.0402798368264487,0.1562445029204076,51.6015,57.333090300119245,45.86990969988076,0.6813196592129608,0.222148204998232,0.0024276377217553,0.0342967244701348,-0.0141414141414142,0.0879610863396838,0.0443916095179492,0.0356174675636294,0.0361125714806362,51.17565697983084,1.3771416580936275,1.6739861068580928,-0.2968444487644652,31023100.0,59.49256189934594,2.2692857142857146,0.6076030231363391,0.8372093023163101,0.9147826086903492,-0.01602086438152,0.0024276377217553,0.0361125714806362,51.17565697983084,-0.3942180686099042,0.0,0.0,0.0,0.5,2.705230676180857,2.3580023825080656,2.88844982467914,2.673109131775562,-0.4235362632623786,2.3551686696939367,2.801377767520728,3.022281662225806,3.20489549804547,1.6571739090946909,0.4601405776628607,0.5663212359664542,1.2955757287733705,3.022281662225806,2.792591320663406,3.059752567381026,0.2704540230099557,1.412069285504454,0.0724784143824237,0.5524241181348226,-0.475270820567091,0.6922603104307913,1.7737074176984848,1.3583377654401778,1.7367782252581878,-0.1490149201194901,1.3033475589657195,1.8404915139378903,-1.5922258170359895,2.2758848286816025,0.0407062828567792,1.3951649318656794,-0.5853206937978122,0.7919766360680015,0.9286541135578364,0.0724784143824237,1.7367782252581878,-0.1490149201194901,-0.5830195007075651,0.0,0.0,0.0,0.0,其他,0,0,0.5,1.0,0,0.2484848484848484,-0.048062593144560295,-0.16076751117734733,0.8299595141700404,0.7550607287449392,0.8178137651821862,0.43724696356275305,0.2692307692307692,0.7935222672064778,0.5,0.5,0.5,0.5,0.24848484848484848,0.07676767676767676,0.03434343434343434
2026-02-05,53.6,54.28,53.0,53.8,1263800.0,52.178,52.553,51.9855,46.67133333333334,0.031085898271302,0.0237284265408255,0.0349039636052359,0.1527418686702757,51.9855,57.17415756900771,46.79684243099229,0.6748525486409694,0.1996194157600765,0.0022354694485842,0.0895099230457674,0.0026090197540067,0.1665221162185604,0.0325875449927262,0.0352966254858624,0.0321534410719535,50.35161743526776,1.4131531259609318,1.6218195106786608,-0.208666384717729,32286900.0,56.693143838676185,2.202857142857144,0.4993436385090274,0.8331273176658449,0.9217391304294392,-0.0425650557620818,0.0022354694485842,0.0321534410719535,50.35161743526776,-0.224858977449272,0.0,0.0,0.0,0.5,2.6626074476506782,2.352965573643308,2.859612618647857,2.644015873558865,-0.5683177109731246,2.5058804123500904,2.741518750122901,3.036413493118718,3.188348742676137,1.0807357428241846,0.5210816738616063,0.4334229382158966,1.2391878907571925,3.036413493118718,2.698064721872069,3.302101574081022,0.2476259975484311,1.0989453062201453,0.0652487510464097,1.5739168652740547,-0.203350646777577,1.6718451305002802,0.8848272284937458,1.3188109431671038,1.2749330253965812,-0.2156231759527658,1.338042073171185,1.7538242753791586,-1.1673163020667086,2.3494725721846845,-0.1630964174271528,1.2872528949942847,-0.7537521356782165,0.7755648865826341,0.9454974546427202,0.0652487510464097,1.2749330253965812,-0.2156231759527658,-0.3925687892217627,0.0,0.0,0.0,0.0,其他,0,0,0.5,1.0,0,0.0828282828282828,-0.04684014869888464,-0.15260223048327126,0.9493927125506073,0.9190283400809717,0.7307692307692307,0.44534412955465585,0.1862348178137652,0.8279352226720648,0.5,0.5,0.5,0.5,0.08282828282828283,0.06868686868686869,0.04242424242424243
2026-02-06,53.7,56.0,53.3,54.36,3149571.0,53.042,52.614,52.3135,46.92366666666666,0.0248482334753592,0.0331850838179952,0.0391199212440382,0.1584772431821897,52.3135,57.20922219284076,47.41777780715923,0.7090090000329052,0.1871685967420037,0.0104089219330856,0.0863309352517984,0.0113488372093022,0.1372384937238493,0.0327124594312049,0.0354280764204421,0.0314710261692384,53.24137930520428,1.4699352866648925,1.591442665875907,-0.121507379211015,35436471.0,57.78990711999022,2.236428571428572,1.2446103501115304,0.9023485784808116,0.9542028985451932,-0.0432303164091243,0.0104089219330856,0.0314710261692384,53.24137930520428,1.4921435353695207,0.0,0.0,0.0,0.5,2.6303559141755684,2.624165605781628,2.8597149690767885,2.7027032495037866,0.186848325727159,2.6421141968390023,2.695751091645909,3.034094216782293,3.1739407567249325,0.8465484893247064,0.8127991942022145,0.5348845367995833,1.3005470829605117,3.034094216782293,2.644728643061704,3.4095304734230383,0.3635611931201486,0.9249900416426916,0.365511180440118,1.501923468839719,-0.0612423606742864,1.2923352499444931,0.8901212879217395,1.321490815496311,1.1891060315285924,0.0206120076405751,1.3970899692545504,1.6975208444336698,-0.7516236160495137,2.5769658042549137,-0.0826468385575993,1.3272284391081386,0.4282302552885111,0.990537910476395,1.0461017264408334,0.365511180440118,1.1891060315285924,0.0206120076405751,1.5182036639520142,0.0,0.0,0.0,0.0,其他,0,0,0.5,1.0,0,0.0727272727272727,-0.1228844738778514,-0.14771891096394407,0.9493927125506073,0.8906882591093117,0.7206477732793523,0.6194331983805668,0.9129554655870445,0.868421052631579,0.5,0.5,0.5,0.5,0.07272727272727272,0.020202020202020204,0.030303030303030304
2026-02-09,55.68,58.68,54.86,56.7,4165860.0,54.418000000000006,52.769000000000005,52.7955,47.1955,0.0419346539747877,0.0744944948738841,0.0739551666335198,0.201385725333983,52.7955,57.403138851892976,48.18786114810703,0.923698571590906,0.1745466508275987,0.0430463576158941,0.1380971497390606,0.0281051677243882,0.2048448788780281,0.0317825213834706,0.0370953735215767,0.0319957498003881,59.73871733470106,1.684337972958332,1.610021727292393,0.0743162456659392,39602331.0,67.4977524530571,2.4457142857142857,1.605905737566678,0.9999999999892356,0.9999999999946808,-0.0850088183421516,0.0430463576158941,0.0319957498003881,59.73871733470106,0.3226753738842527,0.0,0.0,0.0,0.5,2.96680288601141,3.04158108946441,3.118863901453382,3.0962756200965607,0.5930852236666034,2.8726760968776213,2.6729017998672937,3.0671178163845747,3.1663079494801867,1.4666097597796304,2.074548203102028,1.3794449448157569,1.8231565550831463,3.0671178163845747,2.622644676950164,3.5491875600143383,1.0945016288476523,0.7501651072736478,1.5578090634725386,2.42274032663871,0.2110487082829322,2.1123622480113315,0.8168808897346626,1.464426572402253,1.2401982074633562,0.5514068126316408,1.6432334273667786,1.7050058487050823,0.176313469562829,2.8712507219753003,0.6270720154226047,1.621262076235024,0.9977478555761742,1.2919534534327042,1.1888000736182585,1.5578090634725386,1.2401982074633562,0.5514068126316408,0.2119246132814376,0.0,0.0,0.0,0.0,其他,0,0,0.5,1.0,0,0.0263157894736842,-0.21040564373897708,-0.21340388007054678,0.9574036511156186,0.9432048681541582,0.744421906693712,0.7768762677484787,0.949290060851927,0.9168356997971603,0.5,0.5,0.5,0.5,0.02631578947368421,0.004048582995951417,0.01417004048582996
2026-02-10,56.11,56.65,52.58,53.44,3444697.0,54.396,52.667,53.097,47.42133333333334,-0.0175748216780645,0.0146771222966943,0.0064598753225229,0.1269189675532811,53.097,56.94784597677472,49.24615402322529,0.5445356685276755,0.1450494746131593,-0.0574955908289243,-0.0020541549953314,-0.0187293426367977,0.1271883568867327,0.0363245464465525,0.0416817314534486,0.0353689991901437,47.35186155918758,1.573065606719943,1.6026305031779031,-0.0295648964579597,36157634.0,58.047947913310985,2.5735714285714293,1.3108802355149265,0.5546448087355916,0.8265957446764541,-0.030688622754491,-0.0574955908289243,0.0353689991901437,47.35186155918758,-0.1731126346060597,0.0,0.0,0.0,0.5,2.979173645500649,2.6203157048053263,2.57551733511197,2.40374678248378,0.3021393520124559,2.8034730154278176,2.5966831024218395,3.0535337593016485,3.1389480711709354,-0.7247019741799343,0.2210965984856861,-0.2733543928090465,0.8700070939114659,3.0535337593016485,2.489028635551883,3.756129357046928,-0.2067524907730429,0.3475534414795584,-2.1139263691536523,-0.1543136816880968,-0.5516551601815369,1.1355970497746302,1.151210918596037,1.8675579938237328,1.6080653345043732,-0.4645364535059959,1.4961272446988665,1.6794455673739015,-0.3165108159335536,2.5298382158883648,-0.0669651246260123,1.7896071338485129,0.5264190117219781,-0.1229873706614384,0.6082256606018321,-2.1139263691536523,1.6080653345043732,-0.4645364535059959,-0.3420099583858043,0.0,0.0,0.0,0.0,其他,0,0,0.5,1.0,0,0.0933062880324543,-0.18450598802395213,-0.14689371257485018,0.28252032520325204,0.8739837398373984,0.7987804878048781,0.40040650406504064,0.9247967479674797,0.5711382113821138,0.5,0.5,0.5,0.5,0.09330628803245436,0.02028397565922921,0.06288032454361055
2026-02-11,51.8,53.5,51.3,52.82,1741349.0,54.224,52.759,53.242,47.64533333333333,-0.025892593685453,0.0011562008377716,-0.0079260734006987,0.1086080483573068,53.242,56.79611459105017,49.68788540894984,0.440632189926187,0.1335079294933883,-0.0116017964071856,-0.01602086438152,0.0177263969171483,0.0580929487179486,0.0366426286527354,0.0387506206378316,0.0338284488189713,47.77777777423869,1.4185010455886484,1.5658046116600524,-0.1473035660714039,34416285.0,52.87624095054411,2.597857142857144,0.7148571569790025,0.4699453551848365,0.7936170212723743,-0.0325634229458537,-0.0116017964071856,0.0338284488189713,47.77777777423869,-0.4944841302442566,0.0,0.0,0.0,0.5,2.091299368509868,2.0301684883929534,2.2674688749644547,2.247307994099321,-0.3836154738496723,2.7090769238936425,2.565679903868859,3.004345621386482,3.111755042234183,-1.0264548685091242,-0.1982224679789508,-0.624350591883036,0.6336917859696427,3.004345621386482,2.4157504107694394,3.743668719626045,-0.562436162483064,0.1895290677554364,-0.4380547035367645,-0.410603245968114,0.0444371254773328,0.2727754686728008,1.1681074710743813,1.5831467233136234,1.421776921082293,-0.4281596915184961,1.300462580944043,1.6174849672511415,-0.8735102631896743,2.34498434232158,-0.4464983755718946,1.804780270193038,-0.4226283644786832,-0.3916587381932701,0.4959962430951389,-0.4380547035367645,1.421776921082293,-0.4281596915184961,-0.6999054129880414,0.0,0.0,0.0,0.0,其他,0,0,0.5,1.0,0,0.0934959349593495,-0.1802347595607725,-0.16130253691783425,0.24643584521384929,0.6985743380855397,0.7841140529531568,0.4847250509164969,0.6496945010183299,0.40122199592668023,0.5,0.5,0.5,0.5,0.09349593495934959,0.014227642276422764,0.07317073170731707
2026-02-12,53.09,53.09,51.5,51.51,1703821.0,53.766,52.972,53.1505,47.85383333333333,-0.0419596027229104,-0.027599486521181,-0.0308651847113385,0.0764027960142517,53.1505,56.78725665220652,49.513743347793486,0.2744556266870214,0.1368475048099142,-0.0248012116622492,-0.0425650557620818,0.0431348724179829,-0.0343082114735658,0.0377148740166326,0.0359012935990163,0.0306571356751729,44.4333995992939,1.1767367888857765,1.4879910471051974,-0.3112542582194211,32712464.0,52.517533966453975,2.615000000000001,0.752781619277016,0.2909836065534012,0.7239361702089151,-0.0044651523975925,-0.0248012116622492,0.0306571356751729,44.4333995992939,-0.0215511077905692,0.0,0.0,0.0,0.5,2.3099964791342065,1.934573895622535,2.27471942532479,1.9675278199552912,-0.3976607771206191,2.5646611606817467,2.561225212968212,2.905771713637012,3.0798042165120982,-1.6050251428125766,-1.0872610024959275,-1.1810501016203665,0.221794421183289,2.905771713637012,2.3708810456886487,3.549708255824031,-1.1286145384203454,0.2345591771410601,-0.9165022074377164,-0.8969455818243557,0.4596246537438003,-0.8787124556211936,1.2405740393817162,1.3125380013167467,1.0574736392838764,-0.7012955258239381,1.003493133340824,1.5054799594815025,-1.639920291492598,2.172217626635096,-0.4714798759240727,1.809315242227464,-0.3609301111379753,-0.958259936302963,0.2617904065060233,-0.9165022074377164,1.0574736392838764,-0.7012955258239381,-0.1683598195386883,0.0,0.0,0.0,0.0,其他,0,0,0.5,1.0,0,0.1902834008097166,-0.14948553678897292,-0.15725101921956908,0.07910750507099391,0.26369168356997974,0.7221095334685599,0.46247464503042596,0.5253549695740365,0.2028397565922921,0.5,0.5,0.5,0.5,0.1902834008097166,0.01417004048582996,0.10526315789473684
2026-02-13,51.5,52.31,51.06,52.01,1243098.0,53.29600000000001,53.169,53.066,48.0815,-0.0241293905734015,-0.0217984163704414,-0.0198997474842648,0.0817050216819359,53.066,56.727448663546895,49.404551336453096,0.3557947827387242,0.1379960299830399,0.0097068530382449,-0.0432303164091243,0.0393685051958432,-0.0314711359404097,0.0376300014938365,0.0358229216596041,0.0307050990069191,41.831425595288025,1.0137962780446728,1.3931520932930923,-0.3793558152484197,33955562.0,46.115736266897045,2.5650000000000017,0.5736446389185912,0.3592896174814298,0.7505319148896247,-0.0832532205345125,0.0097068530382449,0.0307050990069191,41.831425595288025,-0.2704057527169814,0.0,0.0,0.0,0.5,1.9749717939521667,1.7786783511071915,2.1527375113208804,2.038601739469129,-0.5823195005183396,2.4264302675430875,2.553366291889022,2.8162268763698166,3.056278235046821,-0.945129623987658,-0.9026083466527124,-0.9071465204713004,0.2886437909490297,2.8162268763698166,2.3197868941262274,3.3955754373180747,-0.8444355325102482,0.2496082713975586,0.3447027826261084,-0.905140186994027,0.396578603314167,-0.8393581674567605,1.2265373267171331,1.2964383556389931,1.0568544356494145,-0.9118672046316256,0.8034616048230391,1.3743945541303029,-1.940320074395972,2.241323139863536,-0.9403652714476384,1.719098536604569,-0.6454402698787921,-0.7370256864382648,0.3497776293087438,0.3447027826261084,1.0568544356494145,-0.9118672046316256,-0.4471980638846954,0.0,0.0,0.0,0.0,其他,0,0,0.5,1.0,0,0.0263157894736842,-0.14477985002884064,-0.21649682753316668,0.06896551724137931,0.28600405679513186,0.7241379310344828,0.4543610547667343,0.29006085192697767,0.4239350912778905,0.5,0.5,0.5,0.5,0.02631578947368421,0.016194331983805668,0.06680161943319839
2026-02-24,52.5,52.8,51.56,51.88,1161060.0,52.33200000000001,53.375,52.989,48.303666666666665,-0.0086371627302607,-0.0280093676814987,-0.0209288720300439,0.0740385477983038,52.989,56.68372397658577,49.29427602341423,0.3499211298241832,0.1394524892554604,-0.002499519323207,-0.0850088183421516,0.0413488558811723,-0.0288281542493448,0.0257528651099869,0.0357759217866776,0.0306921911845951,43.086816717024575,0.8642127303977816,1.2873642207140303,-0.4231514903162487,32794502.0,51.22868334008988,2.4735714285714296,0.552724081972029,0.341530054640143,0.7436170212726404,-0.1370470316114109,-0.002499519323207,0.0306921911845951,43.086816717024575,-0.0659947968703995,0.0,0.0,0.0,0.5,2.139884880099185,1.8448157793905653,2.22373563645234,1.9893599867650893,-0.613554314426763,2.1999924268409816,2.547391671663382,2.7347111855049224,3.0314655606850422,-0.3744264372224472,-1.0898962699341748,-0.9278489389459472,0.1894939290777416,2.7347111855049224,2.273975285611093,3.2565014953366336,-0.8607042670204943,0.2688738839523363,-0.1024611415069182,-1.662037661729716,0.4279057315642863,-0.8027254021325906,0.3375514290805811,1.283464527003635,1.0494807007624891,-0.804718914443035,0.6205470588786266,1.2317707844728998,-2.1181548464172626,2.117903311131692,-0.5602047192784501,1.5732011211738854,-0.676386146823409,-0.7904103826916893,0.325279249661371,-0.1024611415069182,1.0494807007624891,-0.804718914443035,-0.2160910973849547,0.0,0.0,0.0,0.0,其他,0,0,0.5,1.0,0,0.0141700404858299,-0.1480339244410177,-0.19063222821896686,0.02434077079107505,0.30831643002028397,0.718052738336714,0.29411764705882354,0.1460446247464503,0.21703853955375255,0.5,0.5,0.5,0.5,0.01417004048582996,0.012145748987854251,0.08097165991902834
2026-02-25,52.0,53.1,51.6,51.8,1361671.0,52.004,53.2,52.908,48.53533333333334,-0.0039227751711407,-0.0263157894736842,-0.0209420125500868,0.0672637116602334,52.908,56.63383922019411,49.18216077980588,0.351308667047447,0.1408421871999348,-0.0015420200462606,-0.030688622754491,-0.0326797385620915,-0.0303257207038563,0.0128801108977374,0.0259054429293077,0.0306914425850799,49.69097650991548,0.7307872993093127,1.1760488364330868,-0.445261537123774,31432831.0,57.8391490340678,2.345000000000001,0.6574039469506153,0.3306010928916577,0.7288323187563427,-0.1586872586872586,-0.0015420200462606,0.0306914425850799,49.69097650991548,0.1727826296659949,0.0,0.0,0.0,0.5,2.018554543812845,1.8764906404406525,2.2004271268004074,1.951169274607777,-0.5304445007691095,2.105991960698832,2.465908557080005,2.657848672719637,3.010698932427762,-0.2002005112125413,-1.0318366664083336,-0.9236365760208712,0.1018297130456452,2.657848672719637,2.2293848028070573,3.1297665208474186,-0.8520225103583736,0.2872132366167863,-0.0671183835009728,-0.6596863012940944,-0.7902798191390646,-0.8178687660610187,-0.624932622996141,0.3817141331090893,1.0435790968705327,-0.2578342260651878,0.4576735877089499,1.0841104055734283,-2.1903493531566225,1.9837162250375564,-0.0700995685851118,1.3784426428687937,-0.5065227391869098,-0.8217557188531328,0.2743463211781698,-0.0671183835009728,1.0435790968705327,-0.2578342260651878,0.0537287856036674,0.0,0.0,0.0,0.0,其他,0,0,0.5,1.0,0,0.0101214574898785,-0.15463320463320462,-0.17451737451737448,0.09127789046653144,0.2150101419878296,0.7241379310344828,0.4056795131845842,0.19675456389452334,0.12778904665314403,0.5,0.5,0.5,0.5,0.010121457489878543,0.012145748987854251,0.12348178137651822
2026-02-26,51.86,51.9,50.0,51.1,1479634.0,51.66,52.94200000000001,52.7405,48.72183333333333,-0.010840108401084,-0.0347927921121228,-0.0311051279377327,0.0488111079563919,52.7405,56.47565010619243,49.00534989380756,0.2803970451805563,0.1416425747266466,-0.0135135135135134,-0.0325634229458537,-0.0480625931445602,-0.0615243342516069,0.0131088400671201,0.0260237586367544,0.0304205078225404,55.988857933260135,0.5620831938840922,1.0532557079232878,-0.4911725140391956,29953197.0,59.77934362048446,2.2378571428571443,0.7249501393877659,0.2349726775924182,0.6900940785794683,-0.152641878669276,-0.0135135135135134,0.0304205078225404,55.988857933260135,0.0866310584568519,0.0,0.0,0.0,0.5,1.9684735633345487,1.653393542454089,1.8552598086083127,1.799789948219239,-0.4810370852568073,2.012747748107754,2.3725746532258207,2.5676865683774257,2.9754980880052955,-0.454364090836827,-1.2869293208733452,-1.1664142763759977,-0.1363430247405142,2.5676865683774257,2.169186793518856,2.996470859654789,-1.090616538900888,0.2974263068165904,-0.5065168547246496,-0.691745249467229,-1.0388834880995492,-1.2015305090758974,-0.6057419825687262,0.3914043189957722,1.007624635906191,0.2635552609992434,0.2523834780485192,0.923468803540091,-2.3647617174061506,1.8450383760255595,0.0738753268645146,1.217362783284115,-0.3965824138962091,-1.1214754091800967,0.1425803425614242,-0.5065168547246496,1.007624635906191,0.2635552609992434,-0.0438002444862096,0.0,0.0,0.0,0.0,其他,0,0,0.5,1.0,0,0.0080971659919028,-0.11839530332681025,-0.17729941291585127,0.09127789046653144,0.11561866125760649,0.7058823529411765,0.6085192697768763,0.4158215010141988,0.11561866125760649,0.5,0.5,0.5,0.5,0.008097165991902834,0.06477732793522267,0.13765182186234817
2026-02-27,51.1,51.59,50.35,51.28,1240800.0,51.614,52.69,52.621500000000005,48.89716666666666,-0.0064711124888595,-0.0267602960713607,-0.0254933819826497,0.0487315215946391,52.621500000000005,56.38484831318013,48.85815168681988,0.3217677599315038,0.1430346270316494,0.0035225048923679,-0.0044651523975925,-0.0468401486988846,-0.0443533358181139,0.0085750973669211,0.0260645019283975,0.0303201549373037,54.46685878413158,0.437861079460653,0.9301767822307608,-0.4923157027701078,31193997.0,65.36062075181388,2.1850000000000014,0.6132149603100472,0.2595628415265085,0.700055340339236,-0.1456708268330733,0.0035225048923679,0.0303201549373037,54.46685878413158,-0.1614142416300247,0.0,0.0,0.0,0.5,1.805659270776752,1.586427394584209,1.9046742566154231,1.8149708451597173,-0.5765647691508196,1.979698144691378,2.2851945718415525,2.493155648391144,2.938850520159292,-0.2919145106560831,-1.032163528179368,-1.022977582108168,-0.136917438898748,2.493155648391144,2.122665339570904,2.8817706113565995,-0.9431376249808564,0.3158047330572062,0.1217689528483894,-0.1726491169707391,-1.0135484390224538,-0.9812515984899304,-0.9421717958572372,0.3940050194421809,0.9911198028451969,0.1367271212567432,0.1011119373266246,0.7636309421298058,-2.333398804718984,1.9224058373576127,0.4881110807319981,1.1351923634443124,-0.5748605919180783,-1.0370864739792138,0.1758544484179879,0.1217689528483894,0.9911198028451969,0.1367271212567432,-0.3247272565148481,0.0,0.0,0.0,0.0,其他,0,0,0.5,1.0,0,0.0060975609756097,-0.11095943837753508,-0.17589703588143535,0.1894093686354379,0.17922606924643583,0.7046843177189409,0.46028513238289204,0.23217922606924643,0.12016293279022404,0.5,0.5,0.5,0.5,0.006097560975609756,0.11788617886178862,0.11991869918699187
2026-03-02,50.8,51.6,46.86,47.68,3025922.0,50.748000000000005,52.022000000000006,52.318000000000005,49.048,-0.0604555844565304,-0.0834646880166084,-0.0886501777590887,-0.0278910455064427,52.318000000000005,56.63628230958365,47.99971769041636,-0.0370190816037089,0.1650782640611411,-0.0702028081123244,-0.0832532205345125,-0.1228844738778514,-0.1129302325581395,0.0304670466822964,0.0325963636637177,0.0339279484228014,43.80069524557816,0.0483667259258879,0.7538147709697862,-0.7054480450438982,28168075.0,57.89466694349824,2.4150000000000014,1.438932731394408,0.0,0.4243777919564492,-0.0671140939597315,-0.0702028081123244,0.0339279484228014,43.80069524557816,1.4386863313990972,0.0,0.0,0.0,0.5,1.7324032312546542,1.5750303075323306,1.197130393503468,1.1328839814775449,0.1518708442302522,1.792475319349052,2.121423258980854,2.3848579307655324,2.896845354241253,-2.2601331874736093,-2.7336633611694694,-2.5253097893775376,-1.125872110867087,2.3848579307655324,2.133203195526012,2.588635847123108,-2.149833905543003,0.6196490771926914,-2.5577687965662705,-1.6161304053340142,-2.235008491976943,-1.819927290661,0.7012191186170242,0.9889720719990714,1.3874405443683364,-0.7488873877928518,-0.3725557555636379,0.5368624359451735,-3.209177927020318,1.6670115717030076,-0.0689521324460531,1.4521809172528342,0.7566060354264252,-1.846490389780002,-0.7605654115071897,-2.5577687965662705,1.3874405443683364,-0.7488873877928518,1.4854655519292992,0.0,0.0,0.0,0.0,其他,0,0,0.5,1.0,0,0.1399594320486815,-0.028313758389261756,-0.12248322147651003,0.024390243902439025,0.08536585365853659,0.7845528455284553,0.16666666666666666,0.7235772357723578,0.032520325203252036,0.5,0.5,0.5,0.5,0.13995943204868155,0.3935091277890467,0.24543610547667344
2026-03-03,47.69,47.7,44.7,44.77,2248801.0,49.326,50.829,51.799,49.11033333333333,-0.0923650812958682,-0.1192036042416729,-0.1356976003397748,-0.0883792277253258,51.799,57.07338257798458,46.52461742201542,-0.166333916440059,0.2036480464091739,-0.0610318791946308,-0.1370470316114109,-0.210405643738977,-0.1882139619220307,0.0345477977373247,0.0293285950582573,0.0352387151624326,23.29683698098448,-0.4894805911117501,0.505155698553479,-0.9946362896652292,25919274.0,50.04080378079586,2.310714285714287,1.0829032677631716,0.0,0.1367583212725271,-0.0127317400044673,-0.0610318791946308,0.0352387151624326,23.29683698098448,-0.2568212267203186,0.0,0.0,0.0,0.5,1.1419082463240289,0.9023297224164762,0.761136386922435,0.5850342751722324,-0.1657376249362349,1.504981622635046,1.8628084879717848,2.238258568193137,2.830578811224344,-3.330544749176106,-3.685360098548693,-3.534756180507132,-1.883962357890356,2.238258568193137,2.172655251813682,2.1510150889454853,-2.541534769667737,1.1491056966886537,-2.192387544099219,-2.559572268398251,-3.5405520768597483,-2.697684400622582,1.003527986858814,0.6863718946681858,1.5216869773730757,-2.416332601422024,-1.024396223877444,0.2183645425548799,-4.280045132428369,1.4779947519748438,-0.6542766960821014,1.2948984940335242,0.1800568060537576,-1.8256938373100715,-1.7203945743692002,-2.192387544099219,1.5216869773730757,-2.416332601422024,-0.4379210358213472,0.0,0.0,0.0,0.0,其他,0,0,0.5,1.0,0,0.2064777327935222,-0.00379718561536746,-0.08242126423944618,0.012170385395537525,0.02434077079107505,0.7748478701825557,0.032454361054766734,0.40162271805273836,0.014198782961460446,0.5,0.5,0.5,0.5,0.20647773279352227,0.45546558704453444,0.3319838056680162
2026-03-04,44.53,44.9,43.12,43.58,1730422.0,47.682,49.843,51.255,49.122,-0.0860282706262322,-0.1256545553036535,-0.149741488635255,-0.1128211392044298,51.255,57.52427511968614,44.98572488031385,-0.1121122341471766,0.2446307723997234,-0.0265802993075721,-0.1586872586872586,-0.1845059880239521,-0.1997796547925082,0.0313172857099466,0.0268026749769611,0.0354360076234858,21.14285714116573,-1.0002215811319246,0.2040802426163981,-1.2043018237483227,24188852.0,44.61524104956176,2.3471428571428583,0.8380071306700875,0.0,0.0150150150149019,0.004818724185406,-0.0265802993075721,0.0354360076234858,21.14285714116573,-0.2305135047520878,0.0,0.0,0.0,0.5,0.547022819498286,0.420775356048317,0.4427357657930866,0.3604563418859458,-0.3773455264922085,1.1805741786232984,1.6522043890683988,2.093557596621608,2.75435662928628,-3.02731506221092,-3.731719863058032,-3.714391980818951,-2.158441126039925,2.093557596621608,2.2122013382921986,1.7142695369080323,-2.3197302161590145,1.701281939784643,-0.9426294547178454,-2.886031760767336,-3.0493162342189053,-2.774702348442443,0.7574878473418917,0.452755064202046,1.5304290055039085,-2.544873747561904,-1.6337990088151977,-0.1670883073937223,-4.861166491129841,1.3328078608955325,-1.0552365369269523,1.33730109515562,-0.2166113220559021,-1.805585311450551,-2.095932066322296,-0.9426294547178454,1.5304290055039085,-2.544873747561904,-0.4068869823718207,0.0,0.0,0.0,0.0,其他,0,0,0.5,1.0,0,0.2646464646464646,0.04612207434603044,-0.039238182652592934,0.008097165991902834,0.016194331983805668,0.7753036437246964,0.044534412955465584,0.39271255060728744,0.006072874493927126,0.5,0.5,0.5,0.5,0.26464646464646463,0.7818181818181819,0.498989898989899
2026-03-05,44.19,44.51,42.99,43.3,1171544.0,46.122,48.891000000000005,50.825,49.088166666666666,-0.0611855513637743,-0.1143564255179891,-0.148057058534186,-0.1179136859188738,50.825,58.01945839371855,43.630541606281454,-0.0229719589849706,0.2831070691078954,-0.0064249655805415,-0.152641878669276,-0.1802347595607725,-0.1657032755298652,0.032586444674483,0.0270288209077544,0.0343806546624371,20.27180067789466,-1.4113124224607958,-0.1189982903990407,-1.292314132061755,23017308.0,40.55547345211997,2.3642857142857148,0.5861372514282275,0.0,0.0,0.0404157043879906,-0.0064249655805415,0.0343806546624371,20.27180067789466,-0.3229720842661501,0.0,0.0,0.0,0.5,0.4817078864882773,0.3528105377421349,0.415456928398986,0.3069496269177919,-0.6051072595820485,0.8757896111893481,1.453297762416509,1.9780445847164527,2.670719315143021,-2.1270650004569944,-3.3078122989270624,-3.54601019174656,-2.181702922015547,1.9780445847164527,2.256473132803513,1.3374243563236765,-1.996762084764479,2.1996424752199264,-0.2132336959433283,-2.721723407774536,-2.912869135246973,-2.325376758765493,0.8496190070525714,0.4721814366515716,1.4016925386099377,-2.565867288766762,-2.106517129813868,-0.5802808415117795,-4.899797299077488,1.2333002268956916,-1.3498132204636415,1.3520446369994326,-0.6239617591572469,-1.7861276893506195,-2.108364483356533,-0.2132336959433283,1.4016925386099377,-2.565867288766762,-0.5107412924844742,0.0,0.0,0.0,0.0,其他,0,0,0.5,1.0,0,0.7696969696969697,0.023094688221708903,-0.06651270207852189,0.006072874493927126,0.03643724696356275,0.7631578947368421,0.044534412955465584,0.15991902834008098,0.004048582995951417,0.5,0.5,0.5,0.5,0.7696969696969697,0.8101010101010101,0.4686868686868687
2026-03-06,42.92,43.92,42.8,43.81,1190634.0,44.628,48.121,50.5465,49.0685,-0.0183292999910369,-0.0895866669437459,-0.133273322584155,-0.1071665121208106,50.5465,58.37938687790811,42.71361312209188,0.0699861299537834,0.3099279624857357,0.0117782909930717,-0.1456708268330733,-0.1494855367889729,-0.112798703928716,0.0349676048303929,0.0286346510744081,0.033306951858567,20.045428732080467,-1.6766250502137223,-0.4305236423619771,-1.2461014078517454,24207942.0,31.547342403324564,2.251428571428572,0.6158329035358614,0.0380597014922536,0.0380597014922536,0.0406299931522484,0.0117782909930717,0.033306951858567,20.045428732080467,0.0162947358357858,0.0,0.0,0.0,0.5,0.2418780934406694,0.2505638546989728,0.3761764773177177,0.402107519623228,-0.5953785795897666,0.5854152033428519,1.293389972509211,1.897470171339088,2.597663401274807,-0.633904312837036,-2.5681302073961847,-3.130861447390162,-2.013166479083303,1.897470171339088,2.277462476538993,1.0834456292425163,-1.673054233515457,2.51830237458743,0.4452865534366336,-2.5523537473874445,-2.403478223707712,-1.6795255669537972,1.0241521151046027,0.6183419025030723,1.2733929068413758,-2.5360775907469875,-2.3884674089072897,-0.9766156914342924,-4.486875385602748,1.3184437388207026,-1.9981049230219987,1.185167054571839,-0.5736576545749665,-1.6513192319325858,-1.951406556050863,0.4452865534366336,1.2733929068413758,-2.5360775907469875,-0.1231661099385473,0.0,0.0,0.0,0.0,其他,0,0,0.5,1.0,0,0.8747474747474747,-0.009130335539831225,-0.08696644601689119,0.004048582995951417,0.09716599190283401,0.7449392712550608,0.012145748987854251,0.20040485829959515,0.004048582995951417,0.5,0.5,0.5,0.5,0.8747474747474747,0.8,0.6161616161616161
2026-03-09,43.95,44.5,42.02,44.48,2056760.0,43.988,47.368,50.2685,49.06000000000001,0.0111848686005273,-0.0609694308393853,-0.1151516357162041,-0.0933550754178559,50.2685,58.55840832277414,41.97859167722586,0.1508706867051319,0.3298251717380724,0.0152933120292169,-0.0671140939597315,-0.1447798500288406,-0.1111111111111111,0.0314182254657062,0.0292331774054771,0.0333669572211796,11.66875784088228,-1.8119369399518064,-0.7068063018799431,-1.1051306380718633,26264702.0,23.32575601819857,2.120000000000001,1.0592155930609009,0.0880597014918801,0.0880597014918801,0.0415917266187051,0.0152933120292169,0.0333669572211796,11.66875784088228,0.7274494093063024,0.0,0.0,0.0,0.5,0.4351379113281073,0.3497855011076158,0.218161406552436,0.5272322277240792,-0.237773442536409,0.4603167820964023,1.1391663949303623,1.819807068413752,2.5331219893823578,0.3933452980607758,-1.763055077635085,-2.6837577658692418,-1.81584881035253,1.819807068413752,2.2696461722625947,0.8808045988254796,-1.3963776298735495,2.726636019991291,0.5711675129752465,-1.183570935612991,-2.296849380721986,-1.6438449460132771,0.7537589499742211,0.6713173697268813,1.2715303244121416,-3.1123958295307768,-2.506571817204277,-1.3236072392632183,-3.8311268700361976,1.4690105517280487,-2.5591918814067283,0.9943912511762286,0.1493155390587789,-1.4836191124151128,-1.7635886983978943,0.5711675129752465,1.2715303244121416,-3.1123958295307768,0.6881602678625823,0.0,0.0,0.0,0.0,其他,0,0,0.5,1.0,0,0.8828282828282829,-0.0838579136690647,-0.09127697841726612,0.1396761133603239,0.09919028340080972,0.7489878542510121,0.0020242914979757085,0.5668016194331984,0.016194331983805668,0.5,0.5,0.5,0.5,0.8828282828282829,0.6646464646464646,0.43434343434343436
2026-03-10,44.88,45.26,44.05,44.2,1494897.0,43.874,46.6,49.9875,49.07366666666667,0.0074303687833341,-0.0515021459227467,-0.1157789447361838,-0.0993132773177739,49.9875,58.71107453292966,41.26392546707034,0.1682839139981995,0.3490302388762074,-0.0062949640287768,-0.0127317400044673,-0.1480339244410177,-0.1128061019670814,0.0168086639817185,0.0290753264188858,0.0333668320502954,14.3518518503015,-1.9196378557968568,-0.949372612663326,-0.9702652431335312,24769805.0,31.9220488277315,1.9121428571428567,0.762777019072755,0.0671641791039767,0.0671641791039767,0.009049773755656,-0.0062949640287768,0.0333668320502954,14.3518518503015,-0.2731786888115288,0.0,0.0,0.0,0.5,0.6091222570394016,0.4798970060885125,0.6269339951790298,0.472873863483933,-0.4685746596165893,0.4370088362497459,0.9837929752679794,1.744037954884339,2.479296513359394,0.2616186836749817,-1.492247709146813,-2.6421773280914653,-1.862662639116044,1.744037954884339,2.2580718553308285,0.6849928535098924,-1.3298605568174728,2.909490537126306,-0.2134680680413966,-0.2410056048498361,-2.309247833388983,-1.6480943605543898,-0.3478889096228315,0.6544497595924567,1.2631450152505432,-2.8399186866543293,-2.586420819749595,-1.621454175602566,-3.2685891579027047,1.3432895447713933,-1.908245969909729,0.6978523896593993,-0.334579929977635,-1.5352745656787994,-1.806978141215264,-0.2134680680413966,1.2631450152505432,-2.8399186866543293,-0.456856039476381,0.0,0.0,0.0,0.0,其他,0,0,0.5,1.0,0,0.7834008097165992,-0.050000000000000044,-0.04977375565610864,0.2028397565922921,0.05273833671399594,0.7728194726166329,0.008113590263691683,0.4117647058823529,0.008113590263691683,0.5,0.5,0.5,0.5,0.7834008097165992,0.7449392712550608,0.6012145748987854
2026-03-11,44.2,44.54,43.0,43.79,1281336.0,43.916,45.799,49.4995,49.075,-0.0028691137626377,-0.0438655865848599,-0.1153445994403983,-0.1076923076923077,49.4995,58.472363123417125,40.52663687658287,0.1818462556774275,0.362543586234164,-0.0092760180995475,0.004818724185406,-0.1546332046332046,-0.1822595704948646,0.0115586801018346,0.0287639983107701,0.0274968695966757,14.588235292515805,-2.014849251383424,-1.162467940407346,-0.8523813109760783,23488469.0,32.983230808680815,1.865,0.6782051278658363,0.0365671641788317,0.0365671641788317,0.0411052751769811,-0.0092760180995475,0.0274968695966757,14.588235292515805,-0.1428600097531803,0.0,0.0,0.0,0.5,0.4789708865678692,0.354217001354149,0.4130587046624829,0.3940442329335271,-0.5552966035529405,0.443925893944217,0.8232917624901605,1.6291679560327192,2.4255225902994964,-0.0985054796640983,-1.275784947131369,-2.5819794348029053,-1.9359299262457423,1.6291679560327192,2.1884990871509484,0.4838389722669343,-1.2769409161844951,3.0066452654418065,-0.3213140371938501,0.0635180394944929,-2.3680758278468006,-2.4199888753381384,-0.7422213185506823,0.623510651084245,0.6098228909612428,-2.762018640906202,-2.647145766435825,-1.874433383083256,-2.807428099511226,1.2360037127192285,-1.811933348526733,0.6289517263474907,-0.4717660109442719,-1.6150255415305423,-1.878852295694745,-0.3213140371938501,0.6098228909612428,-2.762018640906202,-0.3065236164066026,0.0,0.0,0.0,0.0,其他,0,0,0.5,1.0,0,0.9393939393939394,-0.023521351906828025,-0.06279972596483219,0.2631578947368421,0.020242914979757085,0.631578947368421,0.010121457489878543,0.2935222672064777,0.012145748987854251,0.5,0.5,0.5,0.5,0.9393939393939394,0.7757575757575758,0.6363636363636364
2026-03-12,43.74,45.6,43.58,45.05,2511834.0,44.266,45.194,49.068,49.0875,0.0177111101070799,-0.0031862636633183,-0.0818863617836471,-0.0822510822510822,49.068,58.02439636178936,40.11160363821064,0.2756910347799284,0.3650605837519812,0.0287736926238866,0.0404157043879906,-0.1183953033268102,-0.1607675111773473,0.0158256590446833,0.0321266248783387,0.0287098701811136,24.56692913115009,-1.965971012537565,-1.32316855483339,-0.6428024577041753,26000303.0,42.58862477553412,1.8957142857142857,1.2991961132434926,0.1305970149243984,0.1305970149243984,-0.0166481687014428,0.0287736926238866,0.0287098701811136,24.56692913115009,0.960324224091105,0.0,0.0,0.0,0.5,0.3906596786547342,0.5367009849817449,0.5292706325577812,0.631556130219254,-0.0451322676791554,0.5105130018486925,0.7019776909086587,1.528472523893154,2.378203649234353,0.6212226189096983,-0.1669670818943512,-1.8739258418812328,-1.6084054699547192,1.528472523893154,2.0909754622813472,0.3701830095808087,-0.9653471303414272,2.9635620040606434,1.063256146471436,0.6806003272432314,-1.820711803429668,-2.1403776134354784,-0.418045988372252,0.9315315067635171,0.7417199427555167,-1.9928182358751088,-2.546520668643764,-2.053968065948113,-2.078167672052781,1.4220724969421914,-1.1117071023947624,0.6701597912525301,0.5463854226735567,-1.3165812846597535,-1.559678917484124,1.063256146471436,0.7417199427555167,-1.9928182358751088,0.9580022610906148,0.0,0.0,0.0,0.0,其他,0,0,0.5,1.0,0,0.7575757575757576,-0.06681465038845724,-0.08679245283018866,0.7692307692307693,0.032388663967611336,0.6700404858299596,0.04048582995951417,0.7834008097165992,0.05263157894736842,0.5,0.5,0.5,0.5,0.7575757575757576,0.5373737373737374,0.37373737373737376
2026-03-13,45.0,46.65,44.24,45.59,2880702.0,44.622,44.625,48.6575,49.07133333333333,0.021693335126171,0.0216246498599439,-0.063042696398294,-0.0709443395329246,48.6575,57.45182083491206,39.863179165087935,0.3255976750441566,0.3614785319794066,0.0119866814650388,0.0406299931522484,-0.110959438377535,-0.1526022304832712,0.0158381859127117,0.0326889021063177,0.0289801765790704,24.803767658184853,-1.862194946444767,-1.4309738331556654,-0.4312211132891013,28881005.0,51.475163853543535,1.978571428571428,1.4301819415861912,0.1708955223867847,0.1708955223867847,-0.0478175038385612,0.0119866814650388,0.0289801765790704,24.803767658184853,0.1468520610836543,0.0,0.0,0.0,0.5,0.6282269567585358,0.7168552014238375,0.661330547319589,0.7317987754265449,0.1078725217008861,0.5780974196464648,0.5882195437343742,1.43420971226091,2.3259169858698945,0.7583110425851668,0.5091249578050466,-1.4778877509732196,-1.457370242501708,1.43420971226091,1.979036696064704,0.3018185813052727,-0.7988447661953156,2.851791406803275,0.4490675452547761,0.6820127907585736,-1.6970538178484142,-2.0205188567652344,-0.4159654275015454,0.9791735286815618,0.7687326938964603,-1.9522271814105616,-2.3917651498367403,-2.161697590021513,-1.3643730938930982,1.6325336090670148,-0.4684917580282797,0.7847699847011411,0.7589216068675818,-1.1856592018129215,-1.417364892063762,0.4490675452547761,0.7687326938964603,-1.9522271814105616,0.0222275360139923,0.0,0.0,0.0,0.0,其他,0,0,0.5,1.0,0,0.582995951417004,-0.07304233384514158,-0.10813774950647081,0.8762677484787018,0.04056795131845842,0.6795131845841785,0.04462474645030426,0.8539553752535497,0.13995943204868155,0.5,0.5,0.5,0.5,0.582995951417004,0.340080971659919,0.1862348178137652
2026-03-16,45.7,46.68,45.3,46.33,2077827.0,44.992,44.49,48.256,49.05766666666667,0.0297386201991465,0.0413576084513374,-0.0399121352785146,-0.0556012312040932,48.256,56.67952695228011,39.83247304771989,0.3856773409196944,0.3491183252761379,0.0162316297433646,0.0415917266187051,-0.0283137583892617,-0.147718910963944,0.01594994200609,0.0261210576279729,0.0292015291347364,29.213483143003813,-1.7006359798929935,-1.4849062625031313,-0.2157297173898622,30958832.0,52.91502113123565,1.9885714285714289,1.0597733094883186,0.2261194029833871,0.2261194029833871,-0.1204403194474422,0.0162316297433646,0.0292015291347364,29.213483143003813,-0.2787081065656912,0.0,0.0,0.0,0.5,0.7587922608940441,0.7196094798166355,0.8736788258488416,0.8693579735504046,-0.2259105960867819,0.6481846204110945,0.5599023128446865,1.343591908257087,2.277362068696923,1.0361669389034585,1.0438372428599207,-1.002669969511767,-1.262292469845721,1.343591908257087,1.841801057837884,0.2926678378946931,-0.6001293157164984,2.646173810618184,0.6024882476115735,0.6963980482621193,-0.5028779489400883,-1.94149385191882,-0.406380446701854,0.3681801207536879,0.7901886252092787,-1.6136441903596592,-2.1820002396371607,-2.1996144013799293,-0.6458446124723418,1.776714142032962,-0.363315633200578,0.7958600953118922,0.148475997747303,-1.011118957613529,-1.2316064574015988,0.6024882476115735,0.7901886252092787,-1.6136441903596592,-0.4671195382614307,0.0,0.0,0.0,0.0,其他,0,0,0.5,1.0,0,0.3299595141700405,-0.09691344701057625,-0.11979279084826244,0.8843813387423936,0.02636916835699797,0.6835699797160243,0.10547667342799188,0.6896551724137931,0.2616632860040568,0.5,0.5,0.5,0.5,0.3299595141700405,0.15182186234817813,0.10323886639676114
2026-03-17,46.0,46.33,44.2,44.6,1809759.0,45.072,44.473,47.651,49.02416666666667,-0.0104721334753283,0.0028556652350864,-0.0640280371870474,-0.0902446072515257,47.651,55.21524804068802,40.08675195931197,0.298327607475421,0.3174853850148855,-0.0373408158860348,0.009049773755656,-0.0037971856153674,-0.2134038800705467,0.0259515121757489,0.0207502124070117,0.0273446367109965,25.99999999757334,-1.692683668434945,-1.5264617436894945,-0.166221924745451,29149073.0,46.53874722501948,2.0335714285714284,0.982055084456046,0.1282051282038642,0.0970149253724106,-0.0585201793721973,-0.0373408158860348,0.0273446367109965,25.99999999757334,-0.1290136281798244,0.0,0.0,0.0,0.5,0.8129209970125212,0.6564902752295332,0.6475120159717803,0.537948333653214,-0.3369333424162449,0.6616386430183308,0.5548498249171023,1.2140129401983746,2.226250817118556,-0.376145637793226,-0.0092744956057379,-1.4811622526622727,-1.6596115745895843,1.2140129401983746,1.6071086905146357,0.3611224404362358,-0.8826918311891255,2.230399754088652,-1.3513742726757314,0.1277615264386307,-0.1480883507883707,-2.631309903287584,0.3542750236245711,-0.1313636779422083,0.5813013478056799,-1.8298649524355275,-2.145618840724359,-2.220938424865696,-0.4797001774192905,1.623669541776775,-0.8223861681128066,0.856330434703858,0.0201119155605605,-1.3028563929113466,-1.6243112490853762,-1.3513742726757314,0.5813013478056799,-1.8298649524355275,-0.2935087609409144,0.0,0.0,0.0,0.0,其他,0,0,0.5,1.0,0,0.5607287449392713,-0.07892376681614355,-0.060313901345291576,0.7849898580121704,0.012170385395537525,0.6227180527383367,0.11561866125760649,0.6166328600405679,0.1744421906693712,0.5,0.5,0.5,0.5,0.5607287449392713,0.2773279352226721,0.4068825910931174
2026-03-18,44.53,45.66,44.1,45.59,809231.0,45.432,44.674,47.2585,49.01533333333333,0.003477724951576,0.0205040963423916,-0.0353058180009944,-0.0698828937883381,47.2585,54.358371829829046,40.15862817017095,0.3824978788329465,0.3004696225997027,0.0221973094170404,0.0411052751769811,0.0461220743460304,-0.1468937125748501,0.0263242732756353,0.0195547834102327,0.0260764862237457,31.981687374442487,-1.588189025932408,-1.5388072001380773,-0.0493818257943308,29958304.0,51.24041783546562,2.009285714285714,0.472942688987631,0.2405462184848688,0.1708955223867847,-0.0620750164509762,0.0221973094170404,0.0260764862237457,31.981687374442487,-0.5528515122731812,0.0,0.0,0.0,0.5,0.5310518243306389,0.5380053400817484,0.6251665047219769,0.7245345300077293,-0.7526448749520273,0.729526465528432,0.5926966758370831,1.1285509910658076,2.1844105354937104,0.1148560762823282,0.4732465971013688,-0.8950621790061227,-1.4032114437676957,1.1285509910658076,1.46723241203992,0.3797370981438849,-0.6045162227730445,2.001839471737385,0.8224831430144451,0.6865637481552913,0.5734773984903184,-1.869286199310093,0.3817173242814085,-0.2422803623355791,0.4384403574188719,-1.3842846012454564,-2.0076480176040152,-2.206542846697756,-0.0898421774834298,1.6714963354531542,-0.479785745170709,0.8185007930181362,-0.8191672003030404,-0.9542645809553022,-1.3779828873909512,0.8224831430144451,0.4384403574188719,-1.3842846012454564,-0.7812118611104005,0.0,0.0,0.0,0.0,其他,0,0,0.5,1.0,0,0.305668016194332,-0.0815968414125906,-0.05198508444834404,0.9391480730223124,0.060851926977687626,0.5841784989858012,0.2210953346855984,0.07505070993914807,0.3286004056795132,0.5,0.5,0.5,0.5,0.305668016194332,0.18421052631578946,0.4048582995951417
2026-03-19,45.0,45.13,43.8,44.3,947651.0,45.282,44.774,46.8325,48.97666666666667,-0.021686321275562,-0.0105865010943851,-0.0540756952970693,-0.0954876471789287,46.8325,53.53884852407149,40.1261514759285,0.311186371321065,0.2863972038245737,-0.0282956788769468,-0.0166481687014428,0.0230946882217089,-0.1613025369178342,0.0276066742576216,0.0220057855431769,0.0264760836927377,28.71951219267028,-1.591126963759919,-1.549271152862446,-0.0418558108974731,29010653.0,46.641490181890255,2.0485714285714285,0.5669904848129995,0.1148105625704384,0.0746268656710848,-0.0510158013544017,-0.0282956788769468,0.0264760836927377,28.71951219267028,0.1710512820195964,0.0,0.0,0.0,0.5,0.6189238305667178,0.4441750435373467,0.5622368344310433,0.4766179278492482,-0.6924265767046881,0.6977903633814483,0.61053964644935,1.0374386632481596,2.136946591554591,-0.770547942974289,-0.3797125272287814,-1.267567815815242,-1.6885888501871376,1.0374386632481596,1.3356129211592696,0.3698076492132683,-0.8353876278095949,1.8154527404888416,-1.0204089000366985,-0.3247925922264365,0.2386882534875079,-2.0037772936739144,0.4784174891497799,-0.0131010854513743,0.4816915461321852,-1.607683653942571,-1.9885366417984696,-2.190430299011994,-0.0645434059380331,1.5863902880068173,-0.8109566406202505,0.8708418917327172,-0.661069850823815,-1.330439938128196,-1.662848069862335,-1.0204089000366985,0.4816915461321852,-1.607683653942571,0.057214496836719,0.0,0.0,0.0,0.0,其他,0,0,0.5,1.0,0,0.2874493927125506,-0.08758465011286676,-0.027313769751692862,0.7565922920892495,0.07099391480730223,0.5862068965517241,0.29006085192697767,0.10141987829614604,0.359026369168357,0.5,0.5,0.5,0.5,0.2874493927125506,0.13562753036437247,0.4574898785425101
2026-03-20,44.3,44.48,42.94,43.41,1274556.0,44.846,44.734,46.4275,48.92683333333333,-0.032020693038398,-0.0295971744087271,-0.064993807549405,-0.1127568035263539,46.4275,52.919369814176086,39.93563018582392,0.2675939223675166,0.2796562302153724,-0.0200902934537245,-0.0478175038385612,-0.0091303355398312,-0.157251019219569,0.026960020908791,0.0228066900295615,0.0263432587754017,34.40467494169711,-1.646293414967289,-1.5686756052834148,-0.0776178096838742,27736097.0,50.72412292003331,1.82,0.7725017462348407,0.0126291618827481,0.0082089552238192,-0.0264915917991246,-0.0200902934537245,0.0263432587754017,34.40467494169711,0.3449634939445007,0.0,0.0,0.0,0.5,0.4837034349744877,0.3295385517961588,0.3853139319889126,0.3054396322761674,-0.5538408897040056,0.6103996581358077,0.6007243594916708,0.951435467742765,2.088975093403378,-1.129806608620168,-0.8991523424471225,-1.4771229214252544,-1.8676686217296947,0.951435467742765,1.2355844935162354,0.3165940730622109,-0.974121239678426,1.719155622821905,-0.7177735092782852,-0.8687104522807397,-0.2294773052237326,-1.9364702771273288,0.4277485066406278,0.0618090707910078,0.4654289576700927,-1.1890844378116046,-2.025102607314532,-2.185321672407582,-0.1839203035729968,1.4786130009030487,-0.5123752496756451,0.5433419613266682,-0.3193364836317958,-1.6283145648153017,-1.8465566987311228,-0.7177735092782852,0.4654289576700927,-1.1890844378116046,0.2585099799387026,0.0,0.0,0.0,0.0,其他,0,0,0.5,1.0,0,0.1959595959595959,-0.07855332872609988,-0.006450126698917202,0.5809716599190283,0.10323886639676114,0.5769230769230769,0.4757085020242915,0.31781376518218624,0.45546558704453444,0.5,0.5,0.5,0.5,0.19595959595959597,0.21818181818181817,0.4444444444444444
2026-03-23,42.95,43.27,40.6,40.75,1322619.0,43.73,44.361,45.86450000000001,48.84516666666666,-0.0681454379144751,-0.0814003291179189,-0.1115132618910051,-0.1657311709449245,45.86450000000001,52.270354148232016,39.458645851768,0.1007948447107816,0.27933823101606,-0.0612762036397143,-0.1204403194474422,-0.0838579136690647,-0.2164968275331666,0.0305401533608563,0.028889710175549,0.0284999522006881,35.04464285349236,-1.882947542039624,-1.6315299926346567,-0.2514175494049668,26413478.0,53.15018783631496,1.8064285714285708,0.7997052995889068,0.0,0.0,0.0267484662576686,-0.0612762036397143,0.0284999522006881,35.04464285349236,0.037709602402719,0.0,0.0,0.0,0.5,0.2245116256396885,0.1169611645635149,-0.0941151731077326,-0.204524403205021,-0.532163428948369,0.3902342349894924,0.5251576120550665,0.834561547591637,2.0351476773572994,-2.369180862891724,-2.291794682947362,-2.3771910260762605,-2.438779840963487,0.834561547591637,1.1326237331778932,0.1847302119035116,-1.5106093726051166,1.6992745441149393,-2.1972899921082445,-2.118046447612413,-1.310525029212231,-2.5361283590469204,0.7000812546704829,0.6311412857923927,0.7050452405803266,-1.1366355726501052,-2.249443524057629,-2.2305823381135625,-0.7646967928703046,1.369226290748562,-0.3346726938669859,0.5224062655868078,-0.2734088869790659,-1.6517369471322876,-1.8473238646544872,-2.1972899921082445,0.7050452405803266,-1.1366355726501052,-0.0987298028544152,0.0,0.0,0.0,0.0,其他,0,0,0.5,1.0,0,0.2363636363636363,-0.008098159509202452,0.10846625766871165,0.32793522267206476,0.06477732793522267,0.5668016194331984,0.6255060728744939,0.145748987854251,0.4473684210526316,0.5,0.5,0.5,0.5,0.23636363636363636,0.2606060606060606,0.7333333333333333
2026-03-24,41.37,42.08,40.71,41.99,790297.0,43.208,44.14,45.370000000000005,48.785833333333336,-0.0281892242177373,-0.0487086542818304,-0.0744985673352436,-0.1392993184496865,45.370000000000005,51.33217904355183,39.40782095644818,0.2165465867989011,0.2628247319170679,0.0304294478527606,-0.0585201793721973,-0.05,-0.1906322282189668,0.0378388111314603,0.0314031937389083,0.029974245175345,44.10674573300599,-1.947984851164456,-1.694820964340617,-0.2531638868238393,27203775.0,58.96873757026693,1.7771428571428562,0.4832601515209467,0.1122171945691204,0.0777429467079766,-0.0216718266253871,0.0304294478527606,0.029974245175345,44.10674573300599,-0.4024756940585308,0.0,0.0,0.0,0.5,-0.0786957399664353,-0.092099628548865,-0.0713613593606198,0.0338536140093928,-0.7533190123379222,0.286836414898624,0.4798738639500417,0.7321388410039966,1.9894889273879748,-0.9691469133104516,-1.3911903124857832,-1.6241097118631584,-2.097955209559624,0.7321388410039966,0.9882467636544222,0.17027680598932,-1.1249685636118485,1.4944166921900863,1.1268983092974565,-1.033900998702396,-0.8146708166352857,-2.2249899170265603,1.2534301835965924,0.8640790274128469,0.8671234221007096,-0.4799735313613778,-2.2869070245184178,-2.274213853329565,-0.7678768588877534,1.419734320239468,0.0901100256263603,0.4791443968288331,-0.7974902381809035,-1.3029284642670742,-1.5897663300761062,1.1268983092974565,0.8671234221007096,-0.4799735313613778,-0.6101245908943757,0.0,0.0,0.0,0.0,其他,0,0,0.5,1.0,0,0.206060606060606,0.000238151940938236,0.07120743034055721,0.5587044534412956,0.07894736842105263,0.5769230769230769,0.6497975708502024,0.02834008097165992,0.4331983805668016,0.5,0.5,0.5,0.5,0.20606060606060606,0.30303030303030304,0.7131313131313132
2026-03-25,42.55,43.23,42.2,42.76,806373.0,42.642,44.037,44.918,48.7365,0.0027672248018386,-0.0289983423030633,-0.0480431007613874,-0.1226288305479466,44.918,50.154152062445554,39.68184793755445,0.2939326461212915,0.2331427072636314,0.0183376994522503,-0.0620750164509762,-0.023521351906828,-0.1745173745173744,0.0370122279836454,0.0321577928162143,0.0305955560771003,48.06866952308325,-1.915316250075385,-1.7389200214875706,-0.1763962285878144,28010148.0,63.66992160938116,1.7571428571428562,0.5016067785617754,0.1908831908813779,0.1260188087766392,-0.0208138447146866,0.0183376994522503,0.0305955560771003,48.06866952308325,0.0203417196319863,0.0,0.0,0.0,0.5,0.1480473784434237,0.1103300739285462,0.234853261919875,0.1818417674673607,-0.7440217344886138,0.1748443137604234,0.4581005211420086,0.638738814152187,1.948366132504126,0.1121569899323754,-0.8517022024925683,-1.0924752208725397,-1.881031626164198,0.638738814152187,0.8096531361480926,0.2455033560935715,-0.8677838859767463,1.141981743523696,0.6858920759495158,-1.0904839641655104,-0.4278759956701932,-2.027810809237228,1.183619740879688,0.9311044863970128,0.9328167980371204,-0.192505956984917,-2.2228508487059613,-2.2939648453043486,-0.5082954477110948,1.4705442223183989,0.4330969097484928,0.4492339371711653,-0.7640033568845427,-1.0593795788463003,-1.428050999257635,0.6858920759495158,0.9328167980371204,-0.192505956984917,-0.1161880347710365,0.0,0.0,0.0,0.0,其他,0,0,0.5,1.0,0,0.2510121457489878,-0.04022450888681006,0.05332086061739938,0.30425963488843816,0.12170385395537525,0.5780933062880325,0.7119675456389453,0.08113590263691683,0.4685598377281947,0.5,0.5,0.5,0.5,0.25101214574898784,0.2631578947368421,0.7651821862348178
2026-03-26,43.07,43.07,41.15,42.04,728880.0,42.19,43.736,44.465,48.67316666666667,-0.0035553448684522,-0.0387781232851656,-0.0545372765096142,-0.1362797434589215,44.465,48.9651450269028,39.96485497309719,0.2305642389827553,0.2024129102391852,-0.0168381665107576,-0.0510158013544017,-0.0668146503884572,-0.1772994129158512,0.0361086062776417,0.0305157837185257,0.0306298741494268,43.76321352633766,-1.925330122708317,-1.77620204173172,-0.1491280809765969,27281268.0,65.13164924541451,1.8142857142857127,0.4642422839257988,0.122507122505959,0.0808777429462013,-0.038534728829686,-0.0168381665107576,0.0306298741494268,43.76321352633766,-0.0961006878950559,0.0,0.0,0.0,0.5,0.2477574166381486,0.0818917340233861,0.0181945107275378,0.0426919345463018,-0.7739563555598984,0.0853449901803441,0.3970080456122115,0.5454744261602916,1.9054624617418388,-0.1089856189043223,-1.1122079882203786,-1.214313936778572,-2.0061629801880656,0.5454744261602916,0.6303932905179805,0.3231657818951797,-1.0700385052312071,0.7809247299376256,-0.5903218578324173,-0.8942340211950278,-1.0544896229170897,-2.031900482876054,1.1088252645488326,0.773698884189311,0.9325011109016356,-0.5036412473380675,-2.204631950380252,-2.305003888980962,-0.4153789822009137,1.40626465909447,0.5387096781165358,0.529704353995681,-0.8230827096350827,-1.2585315944781763,-1.5509871188798945,-0.5903218578324173,0.9325011109016356,-0.5036412473380675,-0.2518571818036018,0.0,0.0,0.0,0.0,其他,0,0,0.5,1.0,0,0.2101010101010101,-0.021408182683158916,0.08491912464319706,0.2874493927125506,0.13562753036437247,0.5850202429149798,0.7267206477732794,0.08299595141700405,0.45951417004048584,0.5,0.5,0.5,0.5,0.2101010101010101,0.2767676767676768,0.8080808080808081
2026-03-27,41.8,42.5,41.29,42.26,532099.0,41.96,43.403,44.014,48.6325,0.0071496663489036,-0.0263345851669239,-0.0398509565138364,-0.1310337737109957,44.014,47.276013585437546,40.751986414562445,0.2311476555687245,0.1482261819162148,0.0052331113225498,-0.0264915917991246,-0.0730423338451415,-0.1758970358814353,0.0360957299447282,0.0301343774877769,0.0306697942506966,41.9213973756412,-1.8936848080906048,-1.7996985950034972,-0.0939862130871074,27813367.0,59.752367984681136,1.7235714285714276,0.3467330271876738,0.2178932178900734,0.0946708463943906,-0.0534784666351159,0.0052331113225498,0.0306697942506966,41.9213973756412,-0.2699772253320163,0.0,0.0,0.0,0.5,0.0023307096260486,-0.0189600905032151,0.0470383946098191,0.0850891495150473,-0.8536925574342624,0.0397118785550624,0.329621043639927,0.452853661424713,1.869949318647291,0.2660515101090053,-0.7709341657951722,-0.9188344279907,-1.920188935284564,0.452853661424713,0.37732814848361,0.5403392100119627,-1.0627470627743774,0.1485972915730952,0.2122036130740583,-0.4655738912869331,-1.1393620644181457,-1.9931918116684284,1.1023935393951467,0.7351873033924454,0.9328342134192972,-0.6355432592307181,-2.145162371796019,-2.3000513440509485,-0.2287679757644662,1.4367429966156544,0.1431565443681191,0.3981957176858199,-1.014485011937276,-0.9658248955429882,-1.4945167111101114,0.2122036130740583,0.9328342134192972,-0.6355432592307181,-0.4545423626628884,0.0,0.0,0.0,0.0,其他,0,0,0.5,1.0,0,0.3906882591093117,-0.03786086133459543,0.09985802176999514,0.1947261663286004,0.11764705882352941,0.5740365111561866,0.5780933062880325,0.016227180527383367,0.45841784989858014,0.5,0.5,0.5,0.5,0.39068825910931176,0.23684210526315788,0.8663967611336032
2026-03-30,41.51,42.4,41.5,41.84,418400.0,42.178,42.95399999999999,43.722,48.601666666666674,-0.0080136564085542,-0.02593472086418,-0.043044691459677,-0.1391241726964096,43.722,46.62843279278011,40.81556720721989,0.1762354174002042,0.1329505874741988,-0.0099384761003311,0.0267484662576686,-0.0969134470105762,-0.12248322147651,0.0195171724180113,0.0289938206153845,0.0271118851183059,41.49855907362406,-1.8808152896779613,-1.8159219339383903,-0.0648933557395714,27394967.0,55.11794384239844,1.7014285714285704,0.2979566540008977,0.1953405017886146,0.0683385579933021,-0.0339388145315487,-0.0099384761003311,0.0271118851183059,41.49855907362406,-0.2136801610226668,0.0,0.0,0.0,0.5,-0.053716707662976,-0.0366202367333616,0.090355478560225,0.0036114321916122,-0.8981307469590534,0.0827942417627765,0.2391216896436304,0.3925448326451659,1.838255924738165,-0.2665371645374974,-0.7573638333222472,-0.9777189570004888,-1.981771179277707,0.3925448326451659,0.2797927488944907,0.5563306574532347,-1.235243118031672,-0.0299031947981906,-0.3401090487700722,0.4626683886432585,-1.476630848822877,-1.425937923264102,-0.1665795746982222,0.6256365029741682,0.530620925914227,-0.6641462686078374,-2.106684777211751,-2.2871541415220187,-0.1300990018513197,1.3962967072570365,-0.1976393707546164,0.3653459112977539,-1.090308837104647,-1.028983496486093,-1.559031473250344,-0.3401090487700722,0.530620925914227,-0.6641462686078374,-0.3874516485104399,0.0,0.0,0.0,0.0,其他,0,0,0.5,1.0,0,0.4230769230769231,-0.02533460803059273,0.09847036328871894,0.2332657200811359,0.2434077079107505,0.460446247464503,0.5882352941176471,0.008113590263691683,0.34685598377281945,0.5,0.5,0.5,0.5,0.4230769230769231,0.29959514170040485,0.888663967611336
2026-03-31,41.87,42.88,41.02,41.08,651660.0,41.996,42.602,43.5375,48.541,-0.021811601104867,-0.0357260222524765,-0.0564455928797015,-0.1537051152633857,43.5375,46.62656304990947,40.44843695009053,0.1022256651442826,0.1419035566995061,-0.0181644359464628,-0.0216718266253871,-0.0789237668161435,-0.0824212642394461,0.015688872634673,0.0275658115718979,0.0240690014029986,40.477863664324026,-1.9099253208397544,-1.8347226113186632,-0.0752027095210909,26743307.0,57.17668950871572,1.724285714285713,0.4920513203954728,0.0591397849451764,0.0206896551722839,0.0223953261927944,-0.0181644359464628,0.0240690014029986,40.477863664324026,0.5575047801147228,0.0,0.0,0.0,0.5,0.0161197689470543,0.0486075994930021,-0.009297557690218,-0.1438157709874968,-0.7969013504645812,0.0464930399784427,0.1680819044267783,0.3541048347302915,1.800400347071814,-0.7501646682905041,-1.019536063506057,-1.2364105682824462,-2.1095433744219414,0.3541048347302915,0.2788106843101766,0.4526540657882602,-1.4664592734666608,0.0748282880324718,-0.6386507095573919,-0.3831768340980658,-1.208371071037526,-1.0044949966539711,-0.4591084155236146,0.4893896906681288,0.1869659341052279,-0.7359894086109949,-2.11124477481386,-2.277498960902279,-0.1646741709667358,1.3392695910723056,-0.0456008386532276,0.3972985877970187,-0.7634241766868153,-1.4303010739642803,-1.6846752295308538,-0.6386507095573919,0.1869659341052279,-0.7359894086109949,0.5186279108439804,0.0,0.0,0.0,0.0,其他,0,0,0.5,1.0,0,0.640973630831643,0.02020447906523848,0.1628529698149952,0.2032520325203252,0.32926829268292684,0.3556910569105691,0.6199186991869918,0.07317073170731707,0.3252032520325203,0.5,0.5,0.5,0.5,0.640973630831643,0.6308316430020284,0.9026369168356998
2026-04-01,41.92,42.48,41.5,41.87,592518.0,41.818,42.23,43.452,48.50366666666666,0.0012434836673202,-0.0085247454416291,-0.0364079904262174,-0.1367662925826912,43.452,46.629503820031694,40.2744961799683,0.2510624550548413,0.1462535128428787,0.0192307692307691,-0.0208138447146866,-0.0815968414125906,-0.0392381826525929,0.0160124069364539,0.0272204353144696,0.0239880155648408,38.44476743794893,-1.8479468523989129,-1.8373674595347127,-0.0105793928641995,27335825.0,51.723574786777895,1.6799999999999986,0.4674776229993896,0.2007168458745387,0.0702194357362367,-0.0198232624791019,0.0192307692307691,0.0239880155648408,38.44476743794893,-0.0907559156615412,0.0,0.0,0.0,0.5,0.0257899737401761,-0.0226077408955527,0.0903963637560117,0.0100617625183616,-0.8189384467488808,0.0109874643240574,0.0930415854208198,0.3358178155355959,1.7696341186990523,0.0628662452834851,-0.2776190862033064,-0.835757225016589,-1.8980148824791927,0.3358178155355959,0.2785544209466468,0.4029572854752535,-0.9763539541418256,0.1256221691485201,0.7267131347967875,-0.3672332605661852,-1.2400989158193183,-0.5536822352423674,-0.4331159912057759,0.4554816614408855,0.177383691045496,-0.8808449761434366,-2.025760579239822,-2.2506309334394468,0.0546743490468012,1.3750832538887017,-0.4477417367662691,0.332404895493834,-0.8014157622160788,-0.9988234425156476,-1.52055828279252,0.7267131347967875,0.177383691045496,-0.8808449761434366,-0.2448725382546868,0.0,0.0,0.0,0.0,其他,0,0,0.5,1.0,0,0.402834008097166,0.032242655839503254,0.14401719608311447,0.24949290060851928,0.4969574036511156,0.34685598377281945,0.4766734279918864,0.10141987829614604,0.39553752535496955,0.5,0.5,0.5,0.5,0.402834008097166,0.7206477732793523,0.8927125506072875
2026-04-02,41.86,42.0,39.74,40.42,750356.0,41.49400000000001,41.842,43.30800000000001,48.36866666666666,-0.0258832602303948,-0.0339849911572104,-0.0666851390043411,-0.1643350378344106,43.30800000000001,46.76339151563409,39.85260848436592,0.0821023483241592,0.159572897184174,-0.0346310007165033,-0.038534728829686,-0.0875846501128667,-0.0665127020785218,0.020810544907133,0.0278090955877358,0.02508318326616,32.37900476855276,-1.893998514021348,-1.84869367043204,-0.0453048435893077,26585469.0,38.25057309275429,1.6692857142857132,0.6020092192880976,0.0,0.0,0.0178129638792676,-0.0346310007165033,0.02508318326616,32.37900476855276,0.2663851562315407,0.0,0.0,0.0,0.5,0.014064622680696,-0.1080756833298766,-0.2760115101988241,-0.2723967620630264,-0.7497402006489129,-0.0536224156723721,0.0147850505333351,0.3056479363173472,1.7161120382416162,-0.8925100367095319,-0.9686807999276408,-1.426414123581114,-2.1625273754104937,0.3056479363173472,0.2979533974978386,0.2841211539097074,-1.5159792089327788,0.2817159272075626,-1.238552402377198,-0.6761749555832763,-1.318838266370035,-0.834500218218643,-0.0635114139346911,0.5098493774779081,0.3007076556925039,-1.3156846486230722,-2.049117780047162,-2.234107554257956,-0.0633737417675122,1.3113036806517255,-1.4361087171632516,0.3160924059767168,-0.5746296574510315,-1.5907221419404145,-1.7121687168038435,-1.238552402377198,0.3007076556925039,-1.3156846486230722,0.1765300860007281,0.0,0.0,0.0,0.0,其他,0,0,0.5,1.0,0,0.5792682926829268,0.06605640771895116,0.16031667491340906,0.20366598778004075,0.46435845213849286,0.42362525458248473,0.27494908350305497,0.23828920570264767,0.2484725050916497,0.5,0.5,0.5,0.5,0.5792682926829268,0.7764227642276422,0.8414634146341463
2026-04-03,40.62,40.92,39.19,40.0,887616.0,41.042,41.501,43.1175,48.2065,-0.0253886262852686,-0.0361678031854653,-0.072302429408013,-0.1702363789115575,43.1175,46.86418344567639,39.37081655432361,0.0839653862930507,0.173789456516157,-0.0103908955962395,-0.0534784666351159,-0.0785533287260998,-0.0869664460168911,0.0195250221309277,0.0275382506638894,0.0248785739985213,27.94425086835388,-1.9419991200952185,-1.867354760364676,-0.0746443597305421,25697853.0,24.437117274609733,1.6942857142857133,0.7208955349342757,0.0,0.0,0.0164999999999999,-0.0103908955962395,0.0248785739985213,27.94425086835388,0.1829265042193306,0.0,0.0,0.0,0.5,-0.2276523805769598,-0.3006155921612096,-0.3899860998290231,-0.3537119355149005,-0.689522405437048,-0.1437997205112777,-0.0539973335473505,0.2660206977182,1.6577332143542716,-0.8716951422620252,-1.0236450826035388,-1.525749692891808,-2.18926994607712,0.2660206977182,0.3123646788139102,0.1485839863974461,-1.4985633782199363,0.4481930440638531,-0.351247913561985,-0.9350081893522092,-1.181740184146438,-1.0426481256154962,-0.1623547810452465,0.4828153077723989,0.276785655852141,-1.625567480529678,-2.0734741539169472,-2.225972611415952,-0.1630855310853302,1.2383185471691502,-2.419065206194752,0.3515160034094575,-0.3744901478887068,-1.5778542485469649,-1.6933083896236982,-0.351247913561985,0.276785655852141,-1.625567480529678,0.0775921438793785,0.0,0.0,0.0,0.0,其他,0,0,0.5,1.0,0,0.266260162601626,0.07825000000000015,0.16674999999999995,0.3869653767820774,0.6171079429735234,0.4073319755600815,0.21384928716904278,0.505091649694501,0.3890020366598778,0.5,0.5,0.5,0.5,0.266260162601626,0.6686991869918699,0.7987804878048781
2026-04-07,40.0,40.48,39.28,40.42,479940.0,40.758,41.468,42.9145,48.05816666666667,-0.0082928504833404,-0.0252724992765506,-0.0581272064220717,-0.1589358728485274,42.9145,46.78815446927945,39.04084553072055,0.1780172289757938,0.1805289340092707,0.0104999999999999,-0.0339388145315487,-0.0080981595092024,-0.0912769784172661,0.0217568449049299,0.0205083114712132,0.0247029540132053,33.972392634389465,-1.923971115265516,-1.878678031344844,-0.0452930839206719,26177793.0,31.855949968671425,1.6278571428571418,0.4164600195474327,0.066350710899426,0.0251497005986519,0.0089064819396338,0.0104999999999999,0.0247029540132053,33.972392634389465,-0.4592932078736751,0.0,0.0,0.0,0.5,-0.3481856749068915,-0.3785799159394309,-0.3702572952261841,-0.2707870410452332,-0.8589807960802118,-0.2003324218510834,-0.0605468620420661,0.2238639215318504,1.6044818108041277,-0.2662137066426173,-0.7236967971381318,-1.2387560345198492,-2.038507618307232,0.2238639215318504,0.3001238451077784,0.0556581298461065,-1.1868689192590849,0.5263046354155673,0.4131452124035314,-0.5897741668526212,-0.1620702311067473,-1.082118173531326,0.0102186225042902,-0.1853543666752111,0.2561731491562042,-1.181312835438346,-2.03309534600235,-2.2103040535007423,-0.0626387005632759,1.2670843879330322,-1.8579432616496456,0.2542418869319624,-0.8818745389516706,-1.3701054229046028,-1.602185322062712,0.4131452124035314,0.2561731491562042,-1.181312835438346,-0.6819610485835725,0.0,0.0,0.0,0.0,其他,0,0,0.5,1.0,0,0.2981744421906693,0.11751608114794654,0.16526472043542806,0.42276422764227645,0.43089430894308944,0.37601626016260165,0.2967479674796748,0.08130081300813008,0.3333333333333333,0.5,0.5,0.5,0.5,0.29817444219066935,0.8640973630831643,0.8296146044624746
2026-04-08,41.14,42.48,40.91,42.0,786226.0,40.942,41.469,42.8045,47.954166666666666,0.0258414342240242,0.0128047457136655,-0.018794752888131,-0.1241636979754974,42.8045,46.649291281721325,38.95970871827869,0.395377935875967,0.1796442561745768,0.0390895596239484,0.0223953261927944,0.0002381519409382,-0.0497737556561086,0.0282934179643814,0.0220873368635595,0.0265434924705041,36.83052090597484,-1.7618811285256657,-1.8553186507810084,0.0934375222553429,26964019.0,31.316322381193487,1.6635714285714276,0.7038766546642149,0.3159557661877417,0.119760479041199,-0.0021428571428572,0.0390895596239484,0.0265434924705041,36.83052090597484,0.6381756052839938,0.0,0.0,0.0,0.5,-0.1243635586850261,-0.0193509965501987,-0.028354390446769,0.0393893792530066,-0.7268758881035894,-0.1629822592000318,-0.0602121105654262,0.2007862575344071,1.563460019612,0.9401191947654192,0.3164191337174548,-0.4622933585738036,-1.6535888807225354,0.2007862575344071,0.2784080421343365,0.0327127007392138,-0.4811356404629139,0.5143434849623416,1.4528425479243232,0.4010088262708726,-0.0411145130564826,-0.6476176548389884,0.5154124001768842,-0.0347809260666888,0.4647642289274843,-0.9696796541665084,-1.8553092392413493,-2.158771203649289,0.4114952161923574,1.3179941529368913,-1.87794185602479,0.3055820019904992,-0.3981429370546537,-0.6225327531781354,-1.3120218733769125,1.4528425479243232,0.4647642289274843,-0.9696796541665084,0.6193129744129505,0.0,0.0,0.0,0.0,其他,0,0,0.5,1.0,0,0.5699797160243407,0.07095238095238088,0.09642857142857131,0.6402439024390244,0.5975609756097561,0.3983739837398374,0.17682926829268292,0.18699186991869918,0.34552845528455284,0.5,0.5,0.5,0.5,0.5699797160243407,0.8275862068965517,0.7565922920892495
2026-04-09,42.0,42.19,40.88,41.04,486880.0,40.776,41.297,42.667,47.85033333333333,0.0064743967039435,-0.0062232123398795,-0.0381325145897296,-0.1423257239587324,42.667,46.55979009668417,38.77420990331582,0.2910239237642231,0.1824731102104694,-0.0228571428571429,-0.0198232624791019,-0.04022450888681,-0.0627997259648321,0.0291593405304895,0.0221789085882458,0.0269049915474407,37.744360898282544,-1.6913903275871718,-1.8225329861422408,0.1311426585550694,26477139.0,32.88253396311862,1.6292857142857124,0.4519567588922826,0.1642969984176255,0.0622754491014234,0.0531189083820662,-0.0228571428571429,0.0269049915474407,37.744360898282544,-0.3807378540012668,0.0,0.0,0.0,0.5,0.0445428583745862,-0.0713935181378573,-0.0345869237544082,-0.1492020694156462,-0.8507419403393262,-0.1959935203627906,-0.0949879526850555,0.172070179672027,1.5235986480981434,0.2527747821344183,-0.2042944386334461,-0.8408203815585498,-1.82217177235002,0.172070179672027,0.2641820602302646,-0.0196510741162678,-0.8167928211535327,0.5462757563784866,-0.8125590095770925,-0.3427934802741676,-0.6271509271519993,-0.7806245140921707,0.5809653641519971,-0.0259772525069565,0.504615303845711,-0.8997284510653585,-1.770461059889588,-2.0992865749937564,0.5394009949026369,1.274719865416196,-1.7487849359820409,0.2548809679730937,-0.8189032827325442,-1.0709239745729842,-1.4687522710396896,-0.8125590095770925,0.504615303845711,-0.8997284510653585,-0.5904052476750423,0.0,0.0,0.0,0.0,其他,0,0,0.5,1.0,0,0.8438133874239351,0.09746588693957126,0.14083820662768032,0.40040650406504064,0.6341463414634146,0.40040650406504064,0.17682926829268292,0.07317073170731707,0.27439024390243905,0.5,0.5,0.5,0.5,0.8438133874239351,0.8722109533468559,0.8194726166328601
2026-04-10,41.04,41.87,41.0,41.14,591034.0,40.92,41.207,42.4715,47.71366666666667,0.0053763440860215,-0.0016259373407431,-0.0313504349975866,-0.1377732445630533,42.4715,46.25148203838677,38.69151796161323,0.3238748244686572,0.1780008729796625,0.0024366471734893,0.0178129638792676,-0.0214081826831589,-0.0867924528301886,0.0234737975765242,0.0217609270805038,0.0258993596612096,40.92725818886507,-1.6089101807176291,-1.779808425057319,0.1708982443396898,27068173.0,35.39569986548875,1.5814285714285694,0.6023391836704745,0.1800947867270128,0.0682634730534834,0.047399124939232,0.0024366471734893,0.0258993596612096,40.92725818886507,0.2139212947748932,0.0,0.0,0.0,0.5,-0.1441983419021906,-0.1288333663008061,-0.0092948912970906,-0.1292099311867525,-0.8037780130313963,-0.1665596718862156,-0.113085600502897,0.1314214990226281,1.476883411181963,0.2132865750610356,-0.0779411994874157,-0.7044326623287944,-1.7544672116715854,0.1314214990226281,0.2167762880161837,-0.0429699875053903,-0.7076560912563806,0.4917705840362714,0.1140210907664817,0.3215128802684255,-0.3525113188818076,-1.0263180515103758,0.1386982819616967,-0.0658472421464972,0.3885150646219233,-0.6664814503707639,-1.6762519398059852,-2.031556274487526,0.6739567258595295,1.3111167734790132,-1.5560941939194493,0.1843833026400153,-0.563992541570108,-1.0189524783674069,-1.438738565602093,0.1140210907664817,0.3885150646219233,-0.6664814503707639,0.1173142300372662,0.0,0.0,0.0,0.0,其他,0,0,0.5,1.0,0,0.8519269776876268,0.10865337870685465,0.1351482741857073,0.5792682926829268,0.3719512195121951,0.3597560975609756,0.16463414634146342,0.21544715447154472,0.23983739837398374,0.5,0.5,0.5,0.5,0.8519269776876268,0.9107505070993914,0.8012170385395537
2026-04-13,41.13,41.13,40.13,40.66,537511.0,41.05200000000001,41.047,42.225,47.62266666666666,-0.0095488648543313,-0.0094282164348186,-0.0370633510953227,-0.1462048884284793,42.225,45.78532227991265,38.66467772008736,0.2802165257822637,0.1686357503803062,-0.0116674769081187,0.0164999999999999,-0.0378608613345954,-0.1081377495064708,0.0236722348348579,0.0217973961458469,0.0256599041785054,49.56437559831652,-1.5642444222330596,-1.7366956244924672,0.1724512022594075,26530662.0,38.52386902650864,1.452857142857141,0.6220676259891179,0.1042654028419542,0.0395209580835954,0.0607476635514019,-0.0116674769081187,0.0256599041785054,49.56437559831652,-0.0905582419962303,0.0,0.0,0.0,0.5,-0.1261730096778829,-0.2619881936689907,-0.1924924788014527,-0.2235682257816544,-0.8236255339750067,-0.1395556405606114,-0.1454498841728381,0.0802541024875323,1.4422428990030125,-0.3173797385941223,-0.291875923291955,-0.8143678003651291,-1.8199812418788288,0.0802541024875323,0.1453868687501079,-0.0504739032486245,-0.8463646788856741,0.3793611322201454,-0.4028846051191311,0.2975809976013681,-0.5906287241188404,-1.2419496810421389,0.1538229277923408,-0.0622133863138678,0.3601380046908603,-0.038456956435569,-1.6203578408125718,-1.9656380257836767,0.6772432391289577,1.264377703824081,-1.323686577450776,-0.0042803257208077,-0.5291923582278084,-1.2385428547405677,-1.509299895967517,-0.4028846051191311,0.3601380046908603,-0.038456956435569,-0.2453937496009103,0.0,0.0,0.0,0.0,其他,0,0,0.5,1.0,0,0.8744939271255061,0.1431382193802262,0.1692080668962126,0.26774847870182555,0.18661257606490872,0.34685598377281945,0.19066937119675456,0.26369168356997974,0.1663286004056795,0.5,0.5,0.5,0.5,0.8744939271255061,0.9412955465587044,0.8906882591093117
2026-04-14,40.97,41.19,40.13,40.78,803305.0,41.124,40.941,41.947500000000005,47.50566666666667,-0.0083649450442564,-0.0039324882147481,-0.0278324095595685,-0.1415760926766631,41.947500000000005,44.987838450688855,38.90716154931116,0.3079983496958565,0.1449592204866369,0.0029513034923758,0.0089064819396338,-0.0253346080305927,-0.1197927908482624,0.0233527734133495,0.0217645958413502,0.0252393189751941,43.43105319643827,-1.5018510853291858,-1.6897267166598111,0.1878756313306253,27333967.0,38.49486989802288,1.4307142857142838,1.0036977153180895,0.1395348837184342,0.0467065868260676,0.1076508092202059,0.0029513034923758,0.0252393189751941,43.43105319643827,0.4944903453138634,0.0,0.0,0.0,0.5,-0.1574774436716273,-0.25057366140263,-0.1920812432811841,-0.1993818359825483,-0.7084766887859105,-0.1246936012786182,-0.1667815615233978,0.0226761633114909,1.4021914165899851,-0.2745263812028691,-0.1400984655062794,-0.6296664487207301,-1.7523610750772796,0.0226761633114909,0.0235059942250421,0.0184619602934111,-0.7532896517198909,0.096877973173397,0.1345537485905026,0.1625267342962854,-0.4067409531709686,-1.3547289089669334,0.1286099122672397,-0.0652260414185571,0.3110491526797281,-0.4840426646720866,-1.548731258876861,-1.897773367957322,0.7280536837319669,1.3163678537067445,-1.317807799417873,-0.0367655246190997,0.1152117038124507,-1.1274296916990103,-1.4752832129221083,0.1345537485905026,0.3110491526797281,-0.4840426646720866,0.4528232267547448,0.0,0.0,0.0,0.0,其他,0,0,0.5,1.0,0,0.9493927125506072,0.12702305051495832,0.17091711623344774,0.29817444219066935,0.10141987829614604,0.3144016227180527,0.16227180527383367,0.6713995943204868,0.17647058823529413,0.5,0.5,0.5,0.5,0.9493927125506073,0.9433198380566802,0.9149797570850202
2026-04-15,41.1,42.5,40.7,41.91,856180.0,41.106,41.024,41.813,47.41983333333334,0.0195591884396437,0.0215971138845554,0.0023198526773968,-0.116192591707408,41.813,44.58546688556946,39.04053311443055,0.5174934460810199,0.1326126747931421,0.0277096615988228,-0.0021428571428572,0.0202044790652384,-0.0603139013452915,0.0189779115986548,0.0228676063887281,0.0251866859319594,45.55903865582208,-1.3457098552057687,-1.6209233443690028,0.275213489163234,28190147.0,38.69945066919445,1.470714285714284,1.1375288872921956,0.3416815742336005,0.1143712574843448,0.0732522071104748,0.0277096615988228,0.0251866859319594,45.55903865582208,0.0658218235912884,0.0,0.0,0.0,0.5,-0.1314448237020681,-0.0128759406164638,-0.07115343158213,0.0247386386017999,-0.6839137288424839,-0.1280781663810007,-0.1494287845142656,-0.0052576110922089,1.3704559153758595,0.721242725709044,0.5634408856342618,-0.0319261604471859,-1.4790604991491656,-0.0052576110922089,-0.0380165438282379,0.056360631332913,-0.0706593926536992,-0.050530209468962,1.0425829362011538,-0.0338137211869603,0.2586768901253491,-0.7332016463973586,-0.2131416799934838,0.0409673292483261,0.3042445610072762,-0.3279407982543948,-1.3890219359326632,-1.8094715373216927,1.0247777054528828,1.371467539277774,-1.2955661161140546,0.0221436122090047,0.3409393905107283,-0.5226525436174361,-1.2689171663955705,1.0425829362011538,0.3042445610072762,-0.3279407982543948,-0.0603203785049446,0.0,0.0,0.0,0.0,其他,0,0,0.5,1.0,0,0.888663967611336,0.1398234311620139,0.15700310188499178,0.5699797160243407,0.4077079107505071,0.3286004056795132,0.3671399594320487,0.7667342799188641,0.5111561866125761,0.5,0.5,0.5,0.5,0.888663967611336,0.9331983805668016,0.8825910931174089
2026-04-16,41.9,43.85,41.6,43.22,1412989.0,41.542,41.159000000000006,41.6945,47.35,0.0403928554234267,0.05007410286936,0.0365875595102471,-0.0872228088701162,41.6945,43.939695806723,39.449304193276994,0.8397253805988945,0.107697456821289,0.0312574564543068,0.0531189083820662,0.0322426558395032,-0.051985084448344,0.0183059752738138,0.0241414303852967,0.0257354817596938,55.80708660648327,-1.103539833927485,-1.5174466422806994,0.4139068083532145,29603136.0,50.78864273738223,1.4942857142857124,1.804919049452996,0.748837209284911,0.1928143712563303,0.042110134197131,0.0312574564543068,0.0257354817596938,55.80708660648327,0.6503410497792521,0.0,0.0,0.0,0.5,0.0273310723260283,0.2320590823325479,0.1196977794314312,0.2845268555662563,-0.4457099001753118,-0.0392402599058823,-0.1214146878856288,-0.0298677693189609,1.3432031383520469,1.4570463673527123,1.3430360575825329,0.6467999444833862,-1.1753275834913894,-0.0298677693189609,-0.1368037594900353,0.1727690758518246,0.9771527014644404,-0.3480272794624112,1.1676010399063768,0.9468101629518276,0.4339875868002187,-0.6443929111988201,-0.2652157446869622,0.1636137720506988,0.3666251156362048,0.4204087666500234,-1.1493865413863358,-1.6879928125505017,1.4928419895830294,1.4661923286745018,-0.4316633674628219,0.0568390511129581,1.462751434344057,0.692169629619793,-1.0347861558871796,1.1676010399063768,0.3666251156362048,0.4204087666500234,0.6391508750689905,0.0,0.0,0.0,0.0,其他,0,0,0.5,1.0,0,0.8623481781376519,0.10828320222119392,0.162424803331791,0.8438133874239351,0.4056795131845842,0.3448275862068966,0.5334685598377282,0.9330628803245437,0.7241379310344828,0.5,0.5,0.5,0.5,0.8623481781376519,0.9149797570850202,0.8866396761133604
2026-04-17,43.09,43.53,42.51,43.09,770213.0,41.932,41.426,41.634,47.23616666666666,0.0276161404178194,0.0401680104282335,0.0349714175913917,-0.0877752569535347,41.634,43.63557201377218,39.63242798622782,0.8637141181769522,0.0961508389185461,-0.0030078667283663,0.047399124939232,0.0660564077189511,-0.0273137697516928,0.0190549187863122,0.0203782605247207,0.0250044215161023,54.12115192892063,-0.9115999045593312,-1.396277294736426,0.4846773901770946,28832923.0,57.435297206833525,1.480714285714284,0.9951296062728026,0.9061583577446892,0.1850299401186527,0.0584822464608956,-0.0030078667283663,0.0250044215161023,54.12115192892063,-0.4549051691131354,0.0,0.0,0.0,0.5,0.263505845885052,0.1734038221896202,0.312613649459159,0.2580732342167905,-0.7176516032163396,0.0402345155031263,-0.0662702081276811,-0.0424006484621229,1.3060344635032712,0.99685732676567,1.06465893841271,0.6127820087736432,-1.1733913684192985,-0.0424006484621229,-0.1831570567305341,0.2246872160543521,1.0505579138037062,-0.4852440855411754,-0.0939641950793082,0.8418886692564354,0.9266913049047336,-0.3860509032865455,-0.2059500238631556,-0.2000905386609967,0.2814508016733892,0.2962039142450839,-0.9601597027422952,-1.551126254557316,1.7220171861330154,1.4009185090202632,0.0434490491548471,0.0366692729542019,0.0923846244804517,1.1569576447257754,-1.0514322661286564,-0.0939641950793082,0.2814508016733892,0.2962039142450839,-0.6865113130015288,0.0,0.0,0.0,0.0,其他,0,0,0.5,1.0,0,0.9151515151515152,0.08841958691111618,0.1770712462288233,0.8522267206477733,0.4574898785425101,0.34210526315789475,0.6214574898785425,0.6578947368421053,0.7125506072874493,0.5,0.5,0.5,0.5,0.9151515151515152,0.8464646464646465,0.9131313131313131
2026-04-20,43.09,43.3,42.3,43.13,1029885.0,42.426,41.739,41.62,47.066,0.0165935982652147,0.0333261458108724,0.0362806343104278,-0.0836272468448561,41.62,43.572585330705024,39.66741466929497,0.8866668401544626,0.0938291845603236,0.0009282896263633,0.0607476635514019,0.0782500000000001,-0.0064501266989172,0.0161812827461048,0.0196301321387285,0.0246020272326333,56.65634674104035,-0.7476401319447277,-1.2665498621780864,0.5189097302333587,29862808.0,53.97895914069038,1.4878571428571412,1.3520003733513024,0.972049689410807,0.1874251496994766,0.0776721539531646,0.0009282896263633,0.0246020272326333,56.65634674104035,0.3371431019730906,0.0,0.0,0.0,0.5,0.2629346529555702,0.1311527240770925,0.2672682833290078,0.265477849908959,-0.6050977737574366,0.1409219264597875,-0.0016498230338269,-0.0452293271466814,1.2561698809158028,0.6017301433112343,0.872536260543739,0.6368838630075365,-1.1242138315153996,-0.0452293271466814,-0.1924255413559336,0.2341835036136094,1.1198821391796203,-0.5117239065162323,0.0511696436320433,1.0750241570672496,1.1005527734568226,-0.167618925601841,-0.4310249713195447,-0.2720140843855725,0.2342976965275426,0.4810258639544211,-0.7990568007827779,-1.408045587636468,1.822960283678339,1.4670966289429308,-0.2037442167587041,0.0471649448259291,0.6952641296464624,1.3455837416691634,-1.0386422913994562,0.0511696436320433,0.2342976965275426,0.4810258639544211,0.265435893654866,0.0,0.0,0.0,0.0,其他,0,0,0.5,1.0,0,0.9333333333333332,0.08207744029677722,0.1361001623000231,0.8744939271255061,0.44534412955465585,0.3360323886639676,0.6761133603238867,0.8380566801619433,0.6963562753036437,0.5,0.5,0.5,0.5,0.9333333333333333,0.8323232323232324,0.9191919191919192
2026-04-21,43.17,45.68,43.0,45.17,2276187.0,43.304,42.214,41.841,46.92383333333333,0.0430907075558841,0.0700241626000852,0.079563107956311,-0.0373761734441984,41.841,44.3109703812416,39.37102961875839,1.173894720593613,0.118064596029526,0.0472988638998377,0.1076508092202059,0.1175160811479465,0.1084662576687116,0.0213364948437046,0.0233104356112434,0.0222428782567782,68.64175021913415,-0.4479264632784137,-1.102825182398152,0.6548987191197382,32138995.0,65.84528445351901,1.5464285714285697,2.812095142066161,0.9999999999806576,0.3095808383214996,0.0174894841709098,0.0472988638998377,0.0222428782567782,68.64175021913415,1.2101370541371126,0.0,0.0,0.0,0.5,0.2783045442365703,0.5649187919152162,0.4157756745288462,0.6713603978939747,-0.0721396895051528,0.3200438872931153,0.0964151619467248,0.0010974842447168,1.2138107801081608,1.5379700842006383,1.868144969226279,1.489546999702288,-0.650372718391294,0.0010974842447168,-0.0782075795825449,0.1486186282798635,2.033633900187808,-0.2194534118660159,1.7510004668554178,1.892709894330852,1.6634788529425824,1.0312823008336356,-0.0246031881441836,0.08537073658171,-0.0394350874076998,1.353985854574457,-0.5079415505483466,-1.232362471984262,2.2578753171828905,1.621894794144314,0.6462824823750335,0.1339566965136427,3.099067544666694,1.4195215905742835,-0.6807417854207236,1.7510004668554178,-0.0394350874076998,1.353985854574457,1.3100140546230294,0.0,0.0,0.0,0.0,其他,0,0,0.5,1.0,0,0.7535353535353535,0.0427274739871597,0.0754925835731679,0.9493927125506073,0.7307692307692307,0.39271255060728744,0.8947368421052632,0.979757085020243,0.8987854251012146,0.5,0.5,0.5,0.5,0.7535353535353535,0.6606060606060606,0.8343434343434344
2026-04-22,45.17,46.36,44.82,44.98,1571142.0,43.918,42.512,41.9905,46.783166666666666,0.0241814290268227,0.0580541964621752,0.0711946749860088,-0.0385430657038322,41.9905,44.83239317922147,39.148606820778525,1.0259698045224146,0.1353588635150667,-0.0042063316360417,0.0732522071104748,0.0709523809523808,0.0712074303405572,0.023437207816283,0.0215535156037397,0.0215280387674136,64.99517839045387,-0.2231601819165902,-0.9268921823018396,0.7037320003852493,30567853.0,68.65931647672906,1.55642857142857,1.8517361315318628,0.9632495164223732,0.2982035928125854,0.0620275678079147,-0.0042063316360417,0.0215280387674136,64.99517839045387,-0.3097482763938112,0.0,0.0,0.0,0.5,0.6764808474711758,0.6874091927209864,0.8024476924630348,0.6315454622884101,-0.3733096778905219,0.4449551118266784,0.1578572242855755,0.0324362792769847,1.172487411542061,0.8609869425302947,1.5285169316739973,1.3151667532379736,-0.6597692696582482,0.0324362792769847,0.0024990316210295,0.0843325848917987,1.5428551492999376,-0.0107890009138053,-0.1449345092587015,1.2760205867152958,0.9785759149444728,0.6391170440102665,0.1410388389207965,-0.0855051552018034,-0.122316358304911,1.0813258869059603,-0.2896337318496357,-1.0461376944086798,2.389771965695745,1.497199125035308,0.8454801013504984,0.1485332054140406,1.4895846465093932,1.3023261135350102,-0.7110313236173001,-0.1449345092587015,-0.122316358304911,1.0813258869059603,-0.517265136840743,0.0,0.0,0.0,0.0,其他,0,0,0.5,1.0,0,0.8744939271255061,0.02378835037794569,0.03156958648288133,0.8904665314401623,0.7119675456389453,0.44016227180527384,0.8397565922920892,0.9249492900608519,0.8681541582150102,0.5,0.5,0.5,0.5,0.8744939271255061,0.5222672064777328,0.7267206477732794
2026-04-23,45.33,45.88,44.8,45.04,953545.0,44.282,42.912,42.1045,46.6435,0.0171175646989747,0.0495898583146905,0.0697193886639195,-0.0343777803981263,42.1045,45.24372870178416,38.96527129821583,0.96755115328725,0.1491160660630913,0.0013339261894176,0.042110134197131,0.0974658869395712,0.0533208606173993,0.0218398284275419,0.019029335175988,0.0212520137092303,75.72383072316104,-0.0397317827945826,-0.7494601024003882,0.7097283196058055,31521398.0,67.16034208479638,1.472142857142856,1.114177925642328,0.9748549322828844,0.3017964071838215,0.0634991119005328,0.0013339261894176,0.0212520137092303,75.72383072316104,-0.3930879576766454,0.0,0.0,0.0,0.5,0.7063965630762402,0.59777378595787,0.7955470772758934,0.641745301799623,-0.636537916150674,0.5184339863880658,0.2404245475792748,0.0563173796197848,1.132018890350003,0.6074083664325796,1.2894334267021306,1.2784751379095125,-0.6149519297702484,0.0563173796197848,0.0661662426713294,0.031313002595844,1.3458606790548948,0.1552000433190594,0.0593248436681357,0.7224849422492529,1.358122339386019,0.4503752343974726,0.014573855359601,-0.3310114274992737,-0.1541504159563126,1.8507958452378224,-0.1114357450147248,-0.8598302604322915,2.377338216627742,1.5558770915114133,0.7352469338603059,0.0226427378474325,0.2643501789746851,1.3287647641602152,-0.697812669940527,0.0593248436681357,-0.1541504159563126,1.8507958452378224,-0.6159654497947766,0.0,0.0,0.0,0.0,其他,0,0,0.5,1.0,0,0.8343434343434344,0.039520426287744215,0.06238898756660749,0.8623481781376519,0.7611336032388664,0.4311740890688259,0.9311740890688259,0.6234817813765182,0.8663967611336032,0.5,0.5,0.5,0.5,0.8343434343434344,0.6323232323232323,0.793939393939394
2026-04-24,44.76,46.18,44.76,45.61,1452848.0,44.786,43.359,42.283,46.49616666666667,0.018398606707453,0.0519154039530433,0.0786841047229383,-0.0190589188356029,42.283,45.791102501053096,38.774897498946906,0.9741879689809304,0.1659344181370668,0.0126554174067494,0.0584822464608956,0.1086533787068546,0.084919124643197,0.0208844473385449,0.018881482109456,0.0208358268320846,80.72289155388692,0.1499027950454277,-0.569587522911225,0.7194903179566527,32974246.0,74.67012976839591,1.4499999999999988,1.628704611644472,0.9999999999821748,0.3359281437105632,0.0282832712124534,0.0126554174067494,0.0208358268320846,80.72289155388692,0.5236281454991636,0.0,0.0,0.0,0.5,0.59051136775468,0.650988079350346,0.7844334723245345,0.7537354093121851,-0.4210232868600192,0.6204403091751373,0.3327022047326123,0.0937797592610031,1.0902915898771108,0.6512556751218055,1.3451282185046711,1.446462300666318,-0.4566481897472192,0.0937797592610031,0.1509330759596931,-0.0237403047386587,1.3587972193491902,0.3581056716919293,0.4766420249333095,1.0084109598937112,1.510965508181952,0.7795578323535648,-0.0610771516544145,-0.3446604558971619,-0.2023151629974635,2.188334631727083,0.0727787118738612,-0.6719655557722694,2.3773278201585706,1.6490262147037953,1.2689173714090396,-0.0104660574719155,1.1149396647014709,1.3944243211055949,-0.5960256391035046,0.4766420249333095,-0.2023151629974635,2.188334631727083,0.488772842092773,0.0,0.0,0.0,0.0,其他,0,0,0.5,1.0,0,0.5894308943089431,0.023898267923700978,0.012935759701819816,0.9164969450101833,0.8065173116089613,0.39918533604887985,0.955193482688391,0.8940936863543788,0.9103869653767821,0.5,0.5,0.5,0.5,0.5894308943089431,0.49390243902439024,0.7276422764227642
2026-04-27,45.16,47.25,45.16,46.48,1693639.0,45.456,43.941,42.494,46.3765,0.0225272791270678,0.0577820258983636,0.0938014778556972,0.002231733744461,42.494,46.47239110564484,38.51560889435516,1.000956277808417,0.1872448395366629,0.0190747643060731,0.0776721539531646,0.1431382193802262,0.0998580217699951,0.0201289254924475,0.0173033627331793,0.0210971132991976,81.62839247241334,0.3661703096624933,-0.3824359563964813,0.7486062660589746,34667885.0,76.92047127051018,1.513571428571428,1.7825833116953445,0.999999999984568,0.3880239520934846,0.0040877796901894,0.0190747643060731,0.0210971132991976,81.62839247241334,0.1657372278448949,0.0,0.0,0.0,0.5,0.6688851747759024,0.8447458443890082,0.8671533529934441,0.9250026247246426,-0.3167033636347311,0.756129985865252,0.4529433757454034,0.1380980519386679,1.055672056752627,0.7961923511347201,1.4952178998631966,1.7304134299400389,-0.2375345073252969,0.1380980519386679,0.2564904172210108,-0.0987416439448289,1.4353615912658912,0.6149739495083467,0.7121468122173877,1.3407301087021717,1.992057542260748,0.9328170312547808,-0.1208749841787958,-0.497914665204467,-0.1713440031175417,2.2254375172482628,0.2828444277419061,-0.4771526183875421,2.43835968031156,1.7571566481932204,1.4216122470164996,0.0846747123355405,1.3623420166723048,1.3856093867940038,-0.4422660151204417,0.7121468122173877,-0.1713440031175417,2.2254375172482628,0.0562251729690869,0.0,0.0,0.0,0.0,其他,0,0,0.5,1.0,0,0.3967611336032389,0.022805507745266906,-0.02108433734939752,0.9310344827586207,0.8661257606490872,0.4117647058823529,0.9655172413793104,0.9087221095334685,0.9188640973630832,0.5,0.5,0.5,0.5,0.3967611336032389,0.6295546558704453,0.6437246963562753
2026-04-28,46.6,46.77,45.14,45.96,1095509.0,45.614,44.459,42.7,46.24666666666667,0.0075853904503004,0.0337614431273758,0.0763466042154565,-0.0061986449473836,42.7,46.952993991852935,38.44700600814707,0.8832594175017121,0.1992034656600923,-0.0111876075731496,0.0174894841709098,0.1270230505149583,0.0984703632887189,0.0123105076953096,0.0187844035767858,0.0211453971219278,73.23943660768366,0.4899563077495372,-0.2079575035672775,0.6979138113168148,33572376.0,70.14648116332037,1.4828571428571429,1.1133683750997183,0.91975308640556,0.3568862275427731,0.0248041775456919,-0.0111876075731496,0.0211453971219278,73.23943660768366,-0.3531626279272029,0.0,0.0,0.0,0.5,0.9546722477747736,0.7541212620252326,0.8598819293060526,0.8178326048836501,-0.5730630047944457,0.78615144431345,0.559630488123061,0.1813531129709128,1.0190571448033436,0.2611310348311979,0.838028535363887,1.3779397470633,-0.3233267186792611,0.1813531129709128,0.3307338408831472,-0.1184277183639725,1.052698241013047,0.7577722768468579,-0.4083910422228524,0.2755404940530341,1.7441531828992909,0.9145840610686488,-0.7411827540415081,-0.3518316422170002,-0.165313560882823,1.6110314055301451,0.4027222008810056,-0.2957033596249554,2.246099077272285,1.665522746897506,0.931909325582244,0.0384441211769361,0.2510578409219671,1.1426670235538925,-0.5317658236132691,-0.4083910422228524,-0.165313560882823,1.6110314055301451,-0.5705043597660645,0.0,0.0,0.0,0.0,其他,0,0,0.5,1.0,0,0.4888888888888889,0.038946910356832065,-0.02088772845953002,0.7489878542510121,0.888663967611336,0.402834008097166,0.9453441295546559,0.6255060728744939,0.9129554655870445,0.5,0.5,0.5,0.5,0.4888888888888889,0.7151515151515152,0.6464646464646465
2026-04-29,45.3,48.4,45.3,47.77,1967379.0,46.172,45.045,43.0345,46.123666666666665,0.0346097201767305,0.0604950604950604,0.1100396193751525,0.035693895397157,43.0345,47.77537478048206,38.29362521951794,0.9994331446377652,0.2203290281272487,0.0393820713664057,0.0620275678079147,0.1398234311620139,0.1628529698149952,0.019048445928967,0.0201679340427471,0.0217459699927077,85.91248664671532,0.725743555828906,-0.0212172916880408,0.7469608475169468,35539755.0,75.67688086487233,1.610714285714286,1.8741492577579069,0.99999999998713,0.4652694610750584,-0.0360058614193009,0.0393820713664057,0.0217459699927077,85.91248664671532,0.7958583635552059,0.0,0.0,0.0,0.5,0.6913137266697379,1.0497360939494262,0.8910460908753634,1.1760579332992005,-0.1962657597443541,0.8980839826521919,0.6801660183890516,0.2518185734468386,0.9844779909199814,1.2234841316983789,1.5555721841963746,2.017996310318256,0.1083190380011106,0.2518185734468386,0.458183770002908,-0.1627553760808278,1.416384264066839,1.0104164244749554,1.4596267964978142,1.0603006504289416,1.9099520384841369,1.5798695556364637,-0.2036707906784745,-0.2154189892149021,-0.0945004179140681,2.479672105380574,0.6314700768157043,-0.1016297536359213,2.3724100405777007,1.7917522157462151,1.3211960034356014,0.2304563595862652,1.505661078623478,1.3712209984607786,-0.2129057866539765,1.4596267964978142,-0.0945004179140681,2.479672105380574,0.8197784935723429,0.0,0.0,0.0,0.0,其他,0,0,0.5,1.0,0,0.1267893660531697,0.015072221059242219,0.02993510571488378,0.8729508196721312,0.9016393442622951,0.4180327868852459,0.9795081967213115,0.9057377049180327,0.9241803278688525,0.5,0.5,0.5,0.5,0.12678936605316973,0.6809815950920245,0.7668711656441718
2026-04-30,47.78,48.1,47.35,47.9,1006232.0,46.744,45.513,43.336,46.014333333333326,0.0247304466883448,0.0524465537319007,0.1053165959017907,0.0409799844975842,43.336,48.51204766918588,38.15995233081412,0.940876928846346,0.2388798075121807,0.0027213732468074,0.0634991119005328,0.1082832022211939,0.1440171960831144,0.0188588008010968,0.0193555487063784,0.0216018938551581,85.95744679570846,0.912576943246556,0.1655415552988786,0.7470353879476774,36545987.0,79.54690546947256,1.6021428571428575,0.9400252683312176,0.9999999999873418,0.4730538922127361,-0.0225469728601251,0.0027213732468074,0.0216018938551581,85.95744679570846,-0.4885418620408167,0.0,0.0,0.0,0.5,1.1847242190643408,0.9906458720452722,1.3239475749279432,1.1963958098497,-0.6103432656626591,1.012103818410563,0.775626015030206,0.3152395324847631,0.953513066085808,0.8667263885781674,1.3292931285560108,1.9066358589183383,0.1625333355424327,0.3152395324847631,0.5719904963361694,-0.2013343939487793,1.2223024307989714,1.229483385577923,0.10165615414739,1.0816279235531203,1.4488620810805046,1.373800889497476,-0.2183577826056243,-0.2947473233773335,-0.1112352079866396,2.4464967914553006,0.811668918890209,0.0924589206765431,2.342077778299975,1.84743391398127,1.586778088083173,0.2170532324867432,-0.0434933668745002,1.3628483375650922,-0.1894857697509656,0.10165615414739,-0.1112352079866396,2.4464967914553006,-0.736124247441134,0.0,0.0,0.0,0.0,其他,0,0,0.5,1.0,0,0.2459349593495935,0.04885177453027145,-0.0008350730688935215,0.835030549898167,0.8920570264765784,0.395112016293279,0.9857433808553971,0.4195519348268839,0.9164969450101833,0.5,0.5,0.5,0.5,0.2459349593495935,0.7540650406504065,0.7235772357723578
2026-05-06,48.35,49.55,46.01,46.9,2348780.0,47.002,45.894,43.66,45.931,-0.0021701204204077,0.021920076698479,0.0742098030233624,0.0210968626853322,43.66,48.87857008041578,38.44142991958421,0.8104298639274777,0.2390549739076424,-0.0208768267223382,0.0282832712124534,0.0884195869111161,0.160316674913409,0.0240503749109323,0.0214523317470241,0.0203929174224535,81.45161289173065,0.9687845610280732,0.3261901564447176,0.6425944045833556,34197207.0,71.3426310225049,1.7828571428571434,2.0417924252750463,0.8734177215079314,0.4131736526921366,-0.0042643923240937,-0.0208768267223382,0.0203929174224535,81.45161289173065,1.3342330595727423,0.0,0.0,0.0,0.5,1.2925057593402247,1.2511249512276403,1.0324699016066925,0.9918466154824874,-0.0288660995136898,1.0608674682790404,0.852471461199403,0.3833867685405681,0.929044819829016,-0.0966779376010704,0.4998574678520347,1.2952588523097752,-0.0434029112876758,0.3833867685405681,0.6276431841413364,-0.1187359534053921,0.8021632509032777,1.2250637113352438,-0.771617133867324,0.4567895712233104,1.1593950395618404,1.5333087180113008,0.1966606700703746,-0.0877359368322805,-0.2534071990917669,2.106917218336823,0.8637474054999791,0.2593561610675414,1.9918077937768068,1.6677028780582417,0.9966401134520828,0.4889891200599443,1.77191645536768,0.9861347266448304,-0.3651549042448973,-0.771617133867324,-0.2534071990917669,2.106917218336823,1.4679433589566833,0.0,0.0,0.0,0.0,其他,0,0,0.5,1.0,0,0.4545454545454545,0.08144989339019193,0.020469083155650436,0.5910931174089069,0.8441295546558705,0.35020242914979755,0.9615384615384616,0.9149797570850202,0.8157894736842105,0.5,0.5,0.5,0.5,0.45454545454545453,0.8808080808080808,0.7757575757575758
2026-05-07,46.8,47.12,45.55,46.67,1367434.0,47.04,46.248,43.9935,45.88583333333334,-0.0078656462585033,0.0091247189067635,0.0608385329650971,0.0170895156457149,43.9935,49.07802875216369,38.90897124783631,0.76320039972089,0.2311490903043465,-0.0049040511727078,0.0040877796901894,0.0820774402967772,0.1667499999999999,0.023119980706538,0.0217644881883563,0.0201730616251743,79.36191424615092,0.9834340102026076,0.4576389271962957,0.5257950830063118,32829773.0,65.26996709205883,1.8192857142857155,1.1644248030111135,0.8355614973150329,0.3994011976023989,0.0186415256053138,-0.0049040511727078,0.0201730616251743,79.36191424615092,-0.4178109486627099,0.0,0.0,0.0,0.5,0.9775092899732392,0.8018835803041868,0.9304604909955386,0.942199286424138,-0.4536290868125234,1.0641810019724982,0.9232246818669776,0.4534663778319699,0.9139039698493646,-0.3004514910595871,0.1518807007283689,1.0315057224064907,-0.0848208186944741,0.4534663778319699,0.6569906552019448,0.0182880424703492,0.6489984339767993,1.1236833288951324,-0.1780505657027064,0.0275086045947236,1.0641788700946255,1.588424845996676,0.1218208762616471,-0.0567657268771966,-0.2787815478044803,1.9422794019745704,0.8750700470043148,0.3957196212547157,1.6128608237922364,1.5601164905838931,0.5613627392558082,0.5426979623632855,0.3196674666999715,0.8714567661228607,-0.4046960609651708,-0.1780505657027064,-0.2787815478044803,1.9422794019745704,-0.6527096772130975,0.0,0.0,0.0,0.0,其他,0,0,0.5,1.0,0,0.7797979797979798,0.049925005356760144,0.032783372616241646,0.3967611336032389,0.7995951417004049,0.39473684210526316,0.9453441295546559,0.6194331983805668,0.771255060728745,0.5,0.5,0.5,0.5,0.7797979797979798,0.8929292929292929,0.8343434343434344
2026-05-08,46.65,47.36,45.6,47.1,1200934.0,47.26800000000001,46.441,44.3275,45.83683333333333,-0.0035542015740036,0.0141900475872611,0.0625458236986069,0.0275578955788831,44.3275,49.300021863623215,39.35497813637679,0.7787820824081755,0.2243538148378318,0.0092136275980287,0.0248041775456919,0.0427274739871597,0.165264720435428,0.0222076367430239,0.0169479541656735,0.0201664913236017,77.81350481147498,1.0180062678999988,0.5697123953370363,0.4482938725629625,34030707.0,66.03796055809488,1.8164285714285724,0.992185510717762,0.8895027624186537,0.4251497005962566,0.0138004246284499,0.0092136275980287,0.0201664913236017,77.81350481147498,-0.1217609039997542,0.0,0.0,0.0,0.5,0.9438957199362026,0.8432095913193608,0.9377340327365604,1.024397945518975,-0.5246868794904803,1.106348006023929,0.9599683846137812,0.5235241667773018,0.8979994953017109,-0.1451315798057233,0.2891531549921332,1.0598398190465212,0.0241563353845065,0.5235241667773018,0.6897652927814607,0.1489957436033326,0.6967656854927317,1.0366887743950604,0.3465044305188732,0.394846556391498,0.5011086274707598,1.5615051358112433,0.0484335310031506,-0.5324337531596349,-0.2789263075750239,1.8189781403848468,0.9057383732910234,0.5116820256567793,1.362169705669888,1.6332608090387488,0.6145572560844939,0.5369456921460778,0.0341018169762399,1.0258564388816944,-0.3274561478938889,0.3465044305188732,-0.2789263075750239,1.8189781403848468,-0.2930382491809471,0.0,0.0,0.0,0.0,其他,0,0,0.5,1.0,0,0.8363636363636363,0.03142250530785562,0.025902335456475578,0.48785425101214575,0.8299595141700404,0.402834008097166,0.9149797570850202,0.4676113360323887,0.7672064777327935,0.5,0.5,0.5,0.5,0.8363636363636363,0.8626262626262626,0.8505050505050505
2026-05-11,46.99,47.31,45.77,46.05,1203862.0,46.924,46.548,44.53,45.774,-0.0186258630977751,-0.0106986336684713,0.0341342914888838,0.0060296238039061,44.53,49.43280263565758,39.62719736434242,0.6550133783562581,0.2202022293126687,-0.0222929936305733,-0.0360058614193009,0.0237883503779456,0.0964285714285713,0.0140353338752501,0.0188206793339966,0.0198328288458231,65.6008820185401,0.9497308999753002,0.6457160962646892,0.304014803710611,32826845.0,59.76617937835775,1.765714285714287,0.9777365630277054,0.744475138111264,0.3622754490996269,0.0529858849077091,-0.0222929936305733,0.0198328288458231,65.6008820185401,0.0024381023436759,0.0,0.0,0.0,0.5,1.0082241922525297,0.8312717961073176,0.9705185351708836,0.8110514594821644,-0.5221229388984031,1.0311571609686885,0.9785471813330808,0.565352879652143,0.8789455275715752,-0.6861290003911027,-0.3888048671022429,0.5079111551569433,-0.2001294365199639,0.565352879652143,0.7084416851610668,0.2286304263139552,0.2989003970061711,0.9822645768275,-0.8251623927219595,-0.6859040938352352,0.2298148390230167,0.8447386290654699,-0.6077304817851827,-0.3458981234223282,-0.3178213647631365,0.9752894976539508,0.836018973552649,0.5897473354097007,0.9072421152610576,1.5382383037455192,0.1650238186284952,0.4587991163136021,0.0100803713317235,0.5971159740940514,-0.5126236373552131,-0.8251623927219595,-0.3178213647631365,0.9752894976539508,-0.1418574460769914,0.0,0.0,0.0,0.0,其他,0,0,0.5,1.0,0,0.9292929292929292,0.007600434310532034,0.006731813246471319,0.13360323886639677,0.757085020242915,0.4311740890688259,0.7449392712550608,0.3299595141700405,0.5910931174089069,0.5,0.5,0.5,0.5,0.9292929292929293,0.8080808080808081,0.8727272727272727
2026-05-12,46.05,47.1,45.72,46.82,1100020.0,46.708,46.726000000000006,44.819,45.66183333333333,0.0023978761668237,0.0020117279458973,0.0446462437805394,0.0253639983793905,44.819,49.53340301517319,40.10459698482681,0.7122219922107429,0.2103751986953154,0.0167209554831704,-0.0225469728601251,0.0395204262877442,0.1408382066276803,0.0174880019165436,0.0193356123553523,0.0188798099603009,69.20700307961998,0.9468401597357357,0.7059409089588985,0.2408992507768371,33926865.0,60.54363434288848,1.7914285714285725,0.8716955612642653,0.8508287292700164,0.4083832335304887,0.0730457069628365,0.0167209554831704,0.0188798099603009,69.20700307961998,-0.086257394950584,0.0,0.0,0.0,0.5,0.816784989694995,0.7901130017002481,0.9562415178749596,0.962093368720918,-0.565936034817385,0.9827863995298296,1.0117729267568527,0.6255519229333906,0.8482791807629958,0.0719478913249467,-0.0414426320633029,0.7097108310940236,0.0022547857434659,0.6255519229333906,0.7220041882963818,0.3685787164536627,0.4816022905209575,0.8599164099292574,0.6282419849352738,-0.4449605731911362,0.4540958199545814,1.2981037650905662,-0.3287499655294656,-0.2940893820702168,-0.4301625549775634,1.2170917207166545,0.8304621978724595,0.6511145426057977,0.7075181634827077,1.604375999562114,0.2203474520065735,0.4966506362515482,-0.166074601848732,0.9072398159450424,-0.3743162151820078,0.6282419849352738,-0.4301625549775634,1.2170917207166545,-0.249314642918578,0.0,0.0,0.0,0.0,其他,0,0,0.5,1.0,0,0.9333333333333332,0.0219991456642461,0.010252029047415512,0.24696356275303644,0.819838056680162,0.402834008097166,0.8461538461538461,0.3016194331983806,0.728744939271255,0.5,0.5,0.5,0.5,0.9333333333333333,0.8181818181818182,0.8767676767676768
2026-05-13,47.04,47.37,45.98,46.7,1051399.0,46.668,46.835,45.097,45.5455,0.0006856946944373,-0.002882459698943,0.0355456017029958,0.0253482780955309,45.097,49.54622275885296,40.64777724114705,0.680143823631035,0.1973179040221339,-0.0025630072618538,-0.0042643923240937,0.0238982679237009,0.1351482741857073,0.014909315312394,0.0191813921482604,0.0189731737295574,68.23289069504331,0.924212483953383,0.7495952239577954,0.1746172599955875,32875466.0,65.45557558474695,1.8192857142857155,0.818241399575462,0.8342541436348866,0.4011976047880169,0.0860813704496787,-0.0025630072618538,0.0189731737295574,68.23289069504331,-0.044200105452628,0.0,0.0,0.0,0.5,1.0117939568129142,0.8371203242381835,1.008082801976467,0.9346059266511904,-0.5856393192883439,0.9708299452052124,1.0303823153463358,0.6831988914798678,0.8168521053685244,0.0100573708368612,-0.1750739140784369,0.5314733358160292,0.002084633737262,0.6831988914798678,0.7217418924069634,0.5276916205461639,0.3774022770703672,0.6992588206387667,-0.0916629408606136,-0.1183363808701797,0.229446816259796,1.2326330464995356,-0.5355896093488459,-0.3087656619096844,-0.4180095074687446,1.144773994779034,0.8056806484820838,0.6949610199147603,0.4985339668415925,1.520881240087133,0.5719929235238427,0.5376814174264916,-0.2546707014416638,0.8552641381657844,-0.394615391757374,-0.0916629408606136,-0.4180095074687446,1.144773994779034,-0.1976278844865969,0.0,0.0,0.0,0.0,其他,0,0,0.5,1.0,0,0.9515151515151516,-0.010706638115631661,0.009635974304068373,0.4534412955465587,0.8016194331983806,0.4089068825910931,0.8279352226720648,0.2813765182186235,0.6477732793522267,0.5,0.5,0.5,0.5,0.9515151515151515,0.8101010101010101,0.8949494949494949
2026-05-14,47.18,48.51,46.8,47.54,1978595.0,46.842,46.941,45.441,45.44116666666666,0.0149011570812518,0.0127606996016276,0.0461917651460135,0.0461879279801356,45.441,49.49182395776988,41.39017604223011,0.759083092946807,0.1782893843780274,0.0179871520342611,0.0186415256053138,0.0228055077452669,0.1692080668962126,0.0167247201100151,0.01907996544355,0.018632126691994,63.795110583316266,0.9629604588304516,0.7922682709323268,0.1706921878981249,34854061.0,65.18334701154828,1.7571428571428578,1.4580614491255863,0.9494382022338562,0.4514970059853203,0.0307109802271772,0.0179871520342611,0.018632126691994,63.795110583316266,0.8818688242998138,0.0,0.0,0.0,0.5,1.035791230965612,1.0431272439845602,1.1785410374363936,1.0986885056012805,-0.1801298740527351,1.00279600153381,1.0482245151369454,0.7547376134312497,0.7885195060898084,0.5234539337457602,0.2534938152438991,0.7362785984742094,0.2207578054125221,0.7547376134312497,0.7109306915638072,0.7450054233691306,0.6302510493024883,0.4668670942038663,0.6752842258451477,0.2907708765820173,0.213292643010739,1.5735859377859671,-0.3879425657665151,-0.3181830929463999,-0.4575845399694214,0.8372064433889491,0.8409875700282475,0.7376205776919308,0.4850622622989374,1.6473436568496933,0.5509414510999108,0.4418134156045159,0.8118035890960018,1.1892204519840397,-0.2436184015497693,0.6752842258451477,-0.4575845399694214,0.8372064433889491,0.9305038717446108,0.0,0.0,0.0,0.0,其他,0,0,0.5,1.0,0,0.9131313131313132,-0.042911232646192676,-0.0113588557004628,0.7793522267206477,0.8927125506072875,0.3623481781376518,0.8340080971659919,0.8238866396761133,0.8036437246963563,0.5,0.5,0.5,0.5,0.9131313131313131,0.6282828282828283,0.8666666666666667
2026-05-15,47.77,48.18,46.8,47.75,1545500.0,46.972,47.120000000000005,45.7895,45.331,0.0165630588435663,0.0133701188455006,0.0428154926347743,0.053363040744744,45.7895,49.31746631443525,42.26153368556474,0.7778512923862836,0.1540949918399436,0.0044173327724021,0.0138004246284499,0.038946910356832,0.1709171162334477,0.016473190420269,0.0184718239067271,0.0186140534089915,66.08594656300579,0.9990967871639852,0.8336339741786586,0.1654628129853267,36399561.0,57.39236242144579,1.7457142857142869,1.1085897160747875,0.9749582637566788,0.4640718562846462,0.0173821989528795,0.0044173327724021,0.0186140534089915,66.08594656300579,-0.2188901720665421,0.0,0.0,0.0,0.5,1.1492187986368037,0.9786126336180664,1.1731808457712325,1.1358614821569442,-0.368930743668269,1.025516354813614,1.0811002992816534,0.8268904189213907,0.7589770014006253,0.582197777559623,0.2696703062097877,0.6685225938384971,0.2956319647469058,0.8268904189213907,0.6813029104395477,0.998992763682216,0.6887804760440905,0.1720387602001985,0.1667352277301388,0.203608892713888,0.4447378244225466,1.5796620173485922,-0.4073879329591125,-0.3780855542027889,-0.4585982427354096,0.9906177743076968,0.8735580928715702,0.7787371753790355,0.4675324270162194,1.741449206640507,-0.0107943779928561,0.4233468236311575,0.226863521473051,1.2577288624726175,-0.2054135948812867,0.1667352277301388,-0.4585982427354096,0.9906177743076968,-0.4138350834204269,0.0,0.0,0.0,0.0,其他,0,0,0.5,1.0,0,0.8238866396761133,-0.05759162303664922,0.045445026178010606,0.8356997971602435,0.9107505070993914,0.35699797160243407,0.8681541582150102,0.6328600405679513,0.821501014198783,0.5,0.5,0.5,0.5,0.8238866396761133,0.5060728744939271,0.8947368421052632
2026-05-18,47.75,48.49,47.1,48.49,1155222.0,47.46,47.19199999999999,46.1185,45.19416666666667,0.0217024863042563,0.0275046618070862,0.0514218805902186,0.0729260782180591,46.1185,49.33681780184689,42.900182198153104,0.8684378215464349,0.1395673233882244,0.015497382198953,0.0529858849077091,0.0150722210592422,0.1570031018849917,0.009046184393823,0.0145036279595139,0.0181303607346149,68.56835305748166,1.0750543458839843,0.8819180485197238,0.1931362973642605,37554783.0,62.50730217334997,1.7678571428571437,0.8198496351163753,0.9999999999814816,0.6316964285667287,-0.043101670447515,0.015497382198953,0.0181303607346149,68.56835305748166,-0.2525253963118732,0.0,0.0,0.0,0.5,1.1401814230503349,1.0316942569289265,1.2314963072118854,1.2779336754790744,-0.5387471149564634,1.1212737714610417,1.0914549808512413,0.8944523665211677,0.7232141853195309,0.7664269120528214,0.6569757109313646,0.8334342570606428,0.5008653245658761,0.8944523665211677,0.6823108269941692,1.1823201586868342,0.9777704685878952,-0.0051190918409552,0.5810006401456912,0.9039087629203708,0.1000929972514925,1.4275599304985602,-1.0058985629356232,-0.7727833016638405,-0.5152027200510547,1.155719376777876,0.944842839969434,0.8269077172527353,0.5532936694455796,1.8067692502402548,0.3579487128566477,0.4561351118604204,-0.2564089188390303,1.3239377040429616,0.2972403426797448,0.5810006401456912,-0.5152027200510547,1.155719376777876,-0.4539614402540326,0.0,0.0,0.0,0.0,其他,0,0,0.5,1.0,0,0.2848484848484848,0.014642194266859088,0.0068055269127655915,0.9291497975708503,0.8825910931174089,0.3441295546558704,0.8927125506072875,0.41295546558704455,0.8461538461538461,0.5,0.5,0.5,0.5,0.28484848484848485,0.7676767676767676,0.8282828282828283
2026-05-19,48.78,50.25,48.37,50.24,2553853.0,48.144000000000005,47.426,46.4695,45.14083333333333,0.043536058491193,0.0593345422342175,0.0811392418683223,0.1129612878214476,46.4695,49.88216665295791,43.05683334704209,1.0524272340849206,0.1468777005541512,0.0360899154464837,0.0730457069628365,0.0488517745302714,0.162424803331791,0.0147636067770472,0.0181679676526062,0.0184926078291731,72.11079273152293,1.2619150615388364,0.9579174511235464,0.3039976104152899,40108636.0,64.76378640365596,1.8007142857142864,1.74192585557594,0.999999999986014,0.7987519500717727,-0.0475716560509553,0.0360899154464837,0.0184926078291731,72.11079273152293,1.2107032241421996,0.0,0.0,0.0,0.5,1.3397417196826624,1.3488766593545798,1.493992296859831,1.6175288129047125,0.0752524419548063,1.256037558470891,1.1353618433287258,0.9662654155679716,0.7077156510166218,1.5494739381127107,1.5242752136913715,1.4046523510775826,0.9206248534634928,0.9662654155679716,0.7662391485137886,1.2224099203356094,1.5616958093130215,0.0840441168214565,1.3473875301954268,1.2578470625675655,0.5868416748835297,1.473506642666048,-0.540781766712425,-0.4048272540869744,-0.4705592330823869,1.3907072450308489,1.1238023997208284,0.903834825356303,0.8997353421887594,1.964862974340308,0.5199465921242178,0.5052406932226543,1.2846499712380104,1.3165237825340368,0.7969146236076268,1.3473875301954268,-0.4705592330823869,1.3907072450308489,1.3327786346068644,0.0,0.0,0.0,0.0,其他,0,0,0.5,1.0,0,0.4381338742393509,-0.047372611464968184,-0.028065286624203933,0.9349593495934959,0.8861788617886179,0.3556910569105691,0.9166666666666666,0.9451219512195121,0.8882113821138211,0.5,0.5,0.5,0.5,0.4381338742393509,0.5233265720081136,0.7809330628803245
2026-05-20,49.73,50.99,49.08,50.72,1930622.0,48.948,47.80800000000001,46.851,45.10583333333333,0.0362016834191385,0.0609103078982595,0.0825809481121,0.1244665324145066,46.851,50.37698713315269,43.32501286684731,1.0486406861098991,0.1505191835028137,0.0095541401273884,0.0860813704496787,0.0814498933901919,0.1770712462288233,0.0120519570684881,0.0157533961609453,0.0183218144822549,71.03174602188054,1.4322257069509945,1.0527791022890365,0.3794466046619582,42039258.0,65.40395112236105,1.7878571428571437,1.266704823970485,0.9999999999868248,0.8925895087352824,-0.0891167192429021,0.0095541401273884,0.0183218144822549,71.03174602188054,-0.2440355807479913,0.0,0.0,0.0,0.5,1.520504691281657,1.4761313963391438,1.6340944742516703,1.7007965628029786,-0.198539669548854,1.413437770128222,1.2095070148930855,1.0440334987327475,0.6967197960007556,1.2772236536570176,1.557057249506682,1.4238697696563118,1.0372319993019623,1.0440334987327475,0.841781355945426,1.2945968601718518,1.5388252876828008,0.128370350503522,0.3512576747525407,1.4824760800148986,1.05428624908408,1.6114427794931951,-0.7587305479734453,-0.6452797363551815,-0.4898437081227263,1.3096472470815743,1.2847662833144962,0.999994490132958,1.132792963624085,2.076362731588223,0.5648658344920927,0.4843132436190415,0.4866571109340039,1.3092331873361542,1.0739747911865052,0.3512576747525407,-0.4898437081227263,1.3096472470815743,-0.4469579297349532,0.0,0.0,0.0,0.0,其他,0,0,0.5,1.0,0,0.1720647773279352,-0.05638801261829651,-0.046135646687697096,0.9513184584178499,0.9127789046653144,0.3407707910750507,0.9249492900608519,0.8843813387423936,0.9107505070993914,0.5,0.5,0.5,0.5,0.1720647773279352,0.4716599190283401,0.7186234817813765
2026-05-21,51.19,51.19,48.2,49.0,1829537.0,49.24,48.041,47.1445,45.06399999999999,-0.0048740861088545,0.0199621156928455,0.0393577193522043,0.0873424462985976,47.1445,50.32682933556545,43.96217066443455,0.7915317373321379,0.1350032065483226,-0.0339116719242902,0.0307109802271772,0.0499250053567601,0.1361001623000231,0.025510483123741,0.020379273569191,0.0205808069553237,63.47517729708642,1.4121303357720905,1.124649348985647,0.2874809867864434,40209721.0,62.939630681768335,1.885,1.169696964466003,0.7003484320435482,0.7493755203934275,-0.0714285714285714,-0.0339116719242902,0.0205808069553237,63.47517729708642,-0.0523587734937237,0.0,0.0,0.0,0.5,1.7978319683335926,1.5035448641567943,1.4384674507843251,1.3510787499515169,-0.2426089550839132,1.4645809503673517,1.251957688202406,1.1023070116046294,0.6841433507852565,-0.2088843744278571,0.4335326018325707,0.5824291217961253,0.64186202789324,1.1023070116046294,0.8309654161205908,1.4731634628843693,0.7099926162352702,-0.0618850461731345,-1.2755349114123682,0.4903564643938524,0.5965043815574106,1.1875932800657154,0.3346300983837147,-0.1802778801240822,-0.2174759423253578,0.7900512074375436,1.2588672913440149,1.071369910194336,0.8401800459983227,1.9339271509842868,0.3851300396323289,0.6319335032618755,0.3230351888439857,0.4297387057383648,0.6404700529691755,-1.2755349114123682,-0.2174759423253578,0.7900512074375436,-0.2115508805995918,0.0,0.0,0.0,0.0,其他,0,0,0.5,1.0,0,0.0929292929292929,-0.01632653061224487,-0.048367346938775424,0.9129554655870445,0.9190283400809717,0.402834008097166,0.8927125506072875,0.7145748987854251,0.8987854251012146,0.5,0.5,0.5,0.5,0.09292929292929293,0.6828282828282828,0.6909090909090909
2026-05-22,48.67,49.68,48.21,48.58,889862.0,49.406,48.189,47.315,45.00683333333334,-0.0167186171720034,0.0081138849114943,0.0267357074923386,0.079391647934943,47.315,50.4162696890485,44.2137303109515,0.7039487253231628,0.1310903387526977,-0.0085714285714285,0.0173821989528795,0.0314225053078556,0.0754925835731679,0.0263996998846345,0.020750279433044,0.0184470047339208,54.095045492848,1.3467891722244616,1.16907731363341,0.1777118585910515,39319859.0,56.86552848823538,1.7685714285714285,0.595306770015461,0.6271777003375056,0.7222222222161426,-0.0736928777274598,-0.0085714285714285,0.0184470047339208,54.095045492848,-0.5136135535930675,0.0,0.0,0.0,0.5,1.289780038896932,1.2211731756389057,1.4323241413494183,1.2614115685207927,-0.6557361623057768,1.4894184220874391,1.27633362307535,1.133771471025991,0.6679365816321541,-0.6366181716825324,0.1080065677740399,0.3360902907859889,0.5557838750463197,1.133771471025991,0.8422521806163619,1.5367206183343487,0.4270906517414106,-0.1097696626122204,-0.3238841717549768,0.2509558876138946,0.3277086975869674,0.5682817896207001,0.4061368230716121,-0.1426589460134731,-0.4736380337016846,0.1474521948856111,1.1893598356357749,1.113467502724132,0.4928103544176679,1.8577645102892053,-0.0563663557031627,0.4516217090008144,-0.6414358765324314,0.2144220404554426,0.5568181981445646,-0.3238841717549768,-0.4736380337016846,0.1474521948856111,-0.775717882061033,0.0,0.0,0.0,0.0,其他,0,0,0.5,1.0,0,0.2262626262626262,-0.00535199670646358,-0.06401811445039107,0.8238866396761133,0.8340080971659919,0.305668016194332,0.7591093117408907,0.20850202429149797,0.8218623481781376,0.5,0.5,0.5,0.5,0.22626262626262628,0.7575757575757576,0.6424242424242425
2026-05-25,48.99,48.99,46.3,46.4,1460500.0,48.988,48.224,47.386,44.9155,-0.0528292643096268,-0.0378234903782349,-0.0208078335373318,0.0330509512306442,47.386,50.32284685907943,44.44915314092058,0.3321328882054329,0.1239541999355601,-0.0448744339234252,-0.043101670447515,0.007600434310532,0.0315695864828813,0.0327221118948517,0.0246973307237401,0.0213843248719678,43.71859295969799,1.1063447944391172,1.1565308097945517,-0.0501860153554343,37859359.0,51.08375716102314,1.9071428571428573,0.9806860249589124,0.2394366197140943,0.5423728813513359,0.060344827586207,-0.0448744339234252,0.0213843248719678,43.71859295969799,0.6412657243482698,0.0,0.0,0.0,0.5,1.346262326345057,1.0904025592685689,1.0236257536193774,0.8259133888286831,-0.402643139747073,1.3960110155829897,1.2770977535115915,1.1437157913521745,0.6435521439034034,-1.9298022666686787,-1.150519892572707,-0.5890261815748197,0.0633236308671902,1.1437157913521745,0.8246147316954241,1.5943874041301211,-0.7691043379295428,-0.1972726091311578,-1.676468842614545,-0.8323573935886481,-0.0180265278495683,0.1197032286180065,0.9185693581131535,0.2547868309640655,-0.1185942796763497,-0.5629945287717096,0.9503176445218952,1.0957292311217348,-0.2265799078045964,1.7456583506709855,-0.4764036464184649,0.6634087714553332,0.0076482112363231,-0.9229288985217023,0.0134536597568556,-1.676468842614545,-0.1185942796763497,-0.5629945287717096,0.6420606183779487,0.0,0.0,0.0,0.0,其他,0,0,0.5,1.0,0,0.896969696969697,-0.0008620689655172153,-0.014439655172413857,0.2834008097165992,0.728744939271255,0.4089068825910931,0.5688259109311741,0.694331983805668,0.6133603238866396,0.5,0.5,0.5,0.5,0.896969696969697,0.8585858585858586,0.7898989898989899
2026-05-26,46.92,49.47,46.41,47.85,1199745.0,48.51,48.327,47.5265,44.84966666666666,-0.0136054421768706,-0.0098702588615059,0.0068067288775737,0.0668975614831772,47.5265,50.25204601000094,44.80095398999906,0.5593459069773613,0.1146958437922087,0.03125,-0.0475716560509553,0.0219991456642461,0.0623889875666074,0.0311110353811983,0.0261096441564708,0.0223753056579236,53.83373687850144,1.0210240448462855,1.1294294568048984,-0.1084054119586128,39059104.0,59.73953990827698,1.8735714285714289,0.7989918043311363,0.4383561643749837,0.6959219858094333,0.0002089864158829,0.03125,0.0223753056579236,53.83373687850144,-0.1785381718589523,0.0,0.0,0.0,0.5,0.9321641460222548,1.1730055170311744,1.0428636116558336,1.1093886918587357,-0.5168579578913621,1.2918160988116325,1.2918847422998871,1.168374363967271,0.6254497485014688,-0.5123146832363861,-0.3811858431035795,-0.0499568235650955,0.4225760612078874,1.168374363967271,0.8106602190850696,1.6842943714782683,-0.0359397992551423,-0.3108715184110347,1.1701342827508536,-0.909501204943204,0.1909921337648909,0.4338787010339833,0.7847179857291944,0.3965602514646895,0.0013440920154247,0.1316539854972656,0.8638670704995703,1.062971039019235,-0.4099078355749255,1.8118342427082363,0.1547963131110141,0.6099492250967141,-0.2983508749843266,-0.3367518976552048,0.477054601967163,1.1701342827508536,0.0013440920154247,0.1316539854972656,-0.3659130476860645,0.0,0.0,0.0,0.0,其他,0,0,0.5,1.0,0,0.6727272727272727,-0.011494252873563315,-0.06332288401253916,0.43724696356275305,0.7975708502024291,0.4392712550607287,0.7834008097165992,0.39473684210526316,0.7672064777327935,0.5,0.5,0.5,0.5,0.6727272727272727,0.802020202020202,0.6686868686868687
2026-05-27,47.53,48.19,46.2,46.2,888908.0,47.606,48.277,47.556,44.768,-0.0295340923413013,-0.0430225573254344,-0.0285137522079231,0.031987133666905,47.556,50.20592869814711,44.90607130185289,0.2441440592396776,0.1114445579166261,-0.0344827586206896,-0.0891167192429021,-0.0107066381156316,0.0129357597018198,0.0306654879460926,0.0286256090466647,0.0237735277141465,48.29833453529199,0.8109177705523365,1.065727119554386,-0.2548093490020495,38170196.0,61.097844913830095,1.9035714285714285,0.6033135045038722,0.050420168066168,0.5496453900660494,0.0359307359307359,-0.0344827586206896,0.0237735277141465,48.29833453529199,-0.2590858890847638,0.0,0.0,0.0,0.5,1.049156838884186,0.9357172453341436,0.994687816606676,0.7793603946628186,-0.6529222598299933,1.10278174435889,1.2750051940646392,1.169161052378385,0.6035854890538869,-1.0838007920859931,-1.2875088616423274,-0.7384310147236722,0.0499568576407934,1.169161052378385,0.8006948732589223,1.701572248659679,-1.0505390455202062,-0.3502932382842437,-1.2842696703338827,-1.6444935679329464,-0.2849466566004223,-0.0725979100682737,0.7461422124967717,0.6493378221884022,0.1705660847467029,-0.2488487990423056,0.6560745238642737,0.9922750874732394,-0.8710319532185453,1.7390914599142575,0.2535609951535818,0.6544912381616409,-0.6274604141741201,-1.4711233348507566,0.0331817491497127,-1.2842696703338827,0.1705660847467029,-0.2488487990423056,-0.464136530169154,0.0,0.0,0.0,0.0,其他,0,0,0.5,1.0,0,0.8141414141414142,0.02056277056277045,-0.06320346320346326,0.1700404858299595,0.728744939271255,0.4898785425101215,0.7510121457489879,0.12550607287449392,0.7024291497975709,0.5,0.5,0.5,0.5,0.8141414141414142,0.8747474747474747,0.6808080808080809
2026-05-28,46.38,48.53,45.2,45.5,1069406.0,46.90599999999999,48.073,47.507,44.67166666666667,-0.0299748433036283,-0.0535227674578245,-0.0422464057928304,0.0185427004439802,47.507,50.27434415716784,44.73965584283216,0.1373779540908742,0.116502585183742,-0.0151515151515152,-0.0714285714285714,-0.0429112326461926,-0.0210843373493975,0.0293703169286332,0.0281352978713507,0.0236287334557063,44.31818181377518,0.5812229087377148,0.9688262773910518,-0.387603368653337,37100790.0,55.6374855038724,2.0157142857142856,0.7415282142309727,0.0,0.5130597014877514,0.0593406593406593,-0.0151515151515152,0.0236287334557063,44.31818181377518,0.2030558842984875,0.0,0.0,0.0,0.5,0.8183692844225978,0.9942256498388966,0.7804978363956913,0.6385724014810032,-0.5714216179466083,0.9565975290459512,1.2266676380902988,1.153262625726657,0.5782428240904679,-1.095191435389504,-1.565853305196591,-1.0032235424396323,-0.0936171521248063,1.153262625726657,0.8089212101982883,1.6410327823528204,-1.3874990442270752,-0.2870194882881509,-0.5601063065509471,-1.3207743395345295,-0.7527429267073004,-0.4208267673118914,0.6386149197132185,0.5981153116969937,0.152660519569586,-0.5220275299070293,0.429635541414011,0.887371989247134,-1.2857149763133178,1.656074358899292,-0.1460236078799222,0.8253035791172829,-0.3925818682578317,-1.6078444760040822,-0.077897302641103,-0.5601063065509471,0.152660519569586,-0.5220275299070293,0.1060786337696955,0.0,0.0,0.0,0.0,其他,0,0,0.5,1.0,0,0.9291497975708504,0.03296703296703307,0.03516483516483526,0.08924949290060852,0.6450304259634888,0.4787018255578093,0.7139959432048681,0.40973630831643004,0.592292089249493,0.5,0.5,0.5,0.5,0.9291497975708503,0.9230769230769231,0.902834008097166
2026-05-29,46.39,46.39,44.8,45.0,659900.0,46.19,47.798,47.459,44.627,-0.0257631521974452,-0.0585380141428512,-0.0518131439769062,0.0083581688215654,47.459,50.36895315570912,44.54904684429087,0.0774846074096832,0.1226301926169111,-0.0109890109890109,-0.0736928777274598,-0.0575916230366492,-0.02088772845953,0.0292708045241716,0.0280437161299617,0.0236241792738189,46.1197339198398,0.3547528841704732,0.8460115987469361,-0.4912587145764628,36440890.0,57.187198135872464,2.0192857142857146,0.4645925099858524,0.0,0.4664179104434103,0.0737777777777777,-0.0109890109890109,0.0236241792738189,46.1197339198398,-0.3829284668311193,0.0,0.0,0.0,0.5,0.8178366492692576,0.6013676192986875,0.693796318749022,0.5378114811963582,-0.7512077513885095,0.8080753197167632,1.1642781798186053,1.1377605468630494,0.56556461840465,-0.9396981543044194,-1.69082976902703,-1.1848114294679457,-0.2023097620102925,1.1377605468630494,0.8212651244416307,1.574869189148585,-1.5698489707451844,-0.2105389464970396,-0.4034048927989214,-1.3540265612928308,-0.9636325762356204,-0.417830809947024,0.6288272961475037,0.5873170863602813,0.1517981469321499,-0.3967309594581689,0.20657001812231,0.7558997482157851,-1.6033098932772143,1.6015170742831732,-0.0322559690859455,0.8281265072154379,-0.8592237970354792,-1.5965082136022104,-0.2195388130980599,-0.4034048927989214,0.1517981469321499,-0.3967309594581689,-0.6169497480441465,0.0,0.0,0.0,0.0,其他,0,0,0.5,1.0,0,0.922920892494929,0.10933333333333328,0.02444444444444449,0.22357723577235772,0.6504065040650406,0.4715447154471545,0.7703252032520326,0.022357723577235773,0.5426829268292683,0.5,0.5,0.5,0.5,0.922920892494929,0.9695740365111561,0.8823529411764706
2026-06-01,45.59,49.5,45.5,49.2,3108191.0,46.75,47.86900000000001,47.5305,44.70083333333333,0.0524064171122995,0.0278050512858007,0.0351248145927352,0.1006506217259188,47.5305,50.54115808508101,44.519841914919,0.777264962134907,0.1266832069965462,0.0933333333333334,0.060344827586207,0.014642194266859,0.0299351057148837,0.051011967871367,0.0419106448047612,0.0305249828864523,57.01650942925573,0.5083190711385157,0.778473093225252,-0.2701540220867363,39549081.0,61.28034494156412,2.242142857142857,2.10378922085458,0.7342657342528981,0.8582089552158753,-0.0577235772357723,0.0933333333333334,0.0305249828864523,57.01650942925573,3.710093953629338,0.0,0.0,0.0,0.5,0.6571285637823506,1.1657034693030472,0.8397174149305723,1.3673264938795044,0.336813373668889,0.9191878718730802,1.1736954188135278,1.1478257207555045,0.5818236795439302,1.8694485673672243,0.6667927831988841,0.5142543163753738,0.7864000883063744,1.1478257207555045,0.8458495031911902,1.555835718450637,0.6791888988362448,-0.1598212355821633,3.424932825486887,1.0357216509748266,0.0915429483677731,0.1053770740877115,2.379180264328733,1.9766538080307143,0.9897343629071048,0.3562264601690069,0.3570891388869032,0.6829098679078075,-0.9021882198630934,1.7938302538685935,0.2680966256592947,1.168012649708119,1.9042166156765168,0.54820935804106,0.9730190705064216,3.424932825486887,0.9897343629071048,0.3562264601690069,4.288044283075477,0.0,0.0,0.0,0.0,其他,0,0,0.5,1.0,0,0.5910931174089069,-0.007723577235772439,-0.03475609756097564,0.8945233265720081,0.77079107505071,0.6166328600405679,0.8620689655172413,0.9513184584178499,0.8539553752535497,0.5,0.5,0.5,0.5,0.5910931174089069,0.742914979757085,0.8036437246963563
2026-06-02,49.22,49.69,47.3,47.86,2150626.0,46.752,47.631,47.5285,44.77216666666666,0.0236995208761123,0.0048077932438956,0.0069747625109144,0.068967699426355,47.5285,50.53817754873656,44.518822451263446,0.5550723448901782,0.1266472768435874,-0.0272357723577236,0.0002089864158829,-0.0473726114649681,-0.0008350730688935,0.0524077577344579,0.0409994122218096,0.0312102934245845,53.19031902780712,0.5159470630339555,0.7259678871869928,-0.2100208241530372,37398455.0,63.24005446578034,2.3135714285714286,1.401383564457391,0.4999999999912587,0.733208955217041,-0.0117007939824488,-0.0272357723577236,0.0312102934245845,53.19031902780712,-0.3080779141307597,0.0,0.0,0.0,0.5,1.3719746988884796,1.195132139515863,1.2163743443152484,1.0963564867972315,-0.089528489225812,0.9164585098819767,1.119523676316096,1.1421974457153958,0.5974314882066006,0.8342530177301032,0.0376240326278966,-0.0370383846965562,0.4444191520096441,1.1421974457153958,0.8425369149126265,1.5451585655902051,-0.0362323440628895,-0.1599474459945035,-1.0011338198368478,-0.0380177834522873,-0.8136541708983716,-0.2117097248151402,2.459518618770533,1.8685099773240064,1.0688010498052,0.090946301273593,0.3638623843633017,0.6259488024916408,-0.7103051834247158,1.6404520519099657,0.4114998675394837,1.2721505740785122,0.716640869955242,-0.137180398264863,0.5892202701241601,-1.0011338198368478,1.0688010498052,0.090946301273593,-0.5216620299070523,0.0,0.0,0.0,0.0,其他,0,0,0.5,1.0,0,0.8028455284552846,0.020267446719598903,-0.05474300041788549,0.6720977596741344,0.725050916496945,0.6334012219959266,0.8492871690427699,0.879837067209776,0.7841140529531568,0.5,0.5,0.5,0.5,0.8028455284552846,0.8170731707317073,0.7073170731707317
2026-06-03,47.75,48.49,47.2,47.86,1087844.0,47.084,47.345,47.5765,44.84816666666666,0.0164811825673263,0.0108776005914035,0.0059588242094312,0.0671562196893964,47.5765,50.57457148540181,44.57842851459818,0.5472803936339896,0.1260316116316044,0.0,0.0359307359307359,-0.0563880126182965,0.0204690831556504,0.0486926900426893,0.0407562692379815,0.0308073737450088,50.92272202587705,0.516043671349891,0.6839830440195726,-0.1679393726696815,37398455.0,56.74290699853511,2.276428571428572,0.7392263376275314,0.4999999999912587,0.733208955217041,-0.0148349352277475,0.0,0.0308073737450088,50.92272202587705,-0.4941733244180997,0.0,0.0,0.0,0.5,1.0757753570545556,0.9722905600528328,1.1898951974969771,1.0919760048111586,-0.562413387187627,0.9806806532368691,1.05599010043391,1.1472548159553393,0.6141390381057577,0.5730619537105396,0.203582260053842,-0.0568651346965475,0.423742511589184,1.1472548159553393,0.8455011294865438,1.5518214397337342,-0.0612530575289825,-0.1672965274873783,-0.000490486792371,0.5995236722910232,-0.9423313369259364,0.0085304520167054,2.1383597214472774,1.828865969126068,1.015591562350452,-0.0663417930069703,0.3632101323466503,0.5802129544236674,-0.5758760328575145,1.6294950280926688,-0.0676284405280687,1.2089975404766422,-0.4010339594133546,-0.1369082066615329,0.5873870375136474,-0.000490486792371,1.015591562350452,-0.0663417930069703,-0.7426616825130434,0.0,0.0,0.0,0.0,其他,0,0,0.5,1.0,0,0.7813765182186235,0.010865022983702621,-0.12808190555787724,0.8113590263691683,0.7768762677484787,0.6308316430020284,0.8012170385395537,0.3265720081135903,0.7991886409736308,0.5,0.5,0.5,0.5,0.7813765182186235,0.8036437246963563,0.35020242914979755
2026-06-04,47.85,48.48,47.3,48.2,1022957.0,47.624,47.265,47.653,44.92133333333333,0.0120947421468167,0.0197820797630381,0.011478815604474,0.0729868510878277,47.653,50.63169699524376,44.67430300475624,0.5918186711864695,0.1250161372940846,0.007104053489344,0.0593406593406593,-0.0163265306122448,0.0327833726162416,0.0470373328837795,0.0395772808186891,0.0307939426586044,51.28792214815096,0.5373610291733257,0.6546586410503232,-0.1172976118769975,38421412.0,62.9441722706443,2.262142857142857,0.7033657742060391,0.5594405594307796,0.7649253731271932,-0.0248962655601659,0.007104053489344,0.0307939426586044,51.28792214815096,-0.0596473391405385,0.0,0.0,0.0,0.5,1.0912716643398348,0.9670543598763864,1.2056942236834545,1.1546403891699943,-0.5899598443902606,1.0865666684400053,1.035362488865215,1.1583206868963472,0.6301056116824291,0.4141074901535296,0.4470664572768331,0.0515780338887377,0.4853040653135927,1.1583206868963472,0.8517515643385105,1.5685859447643988,0.0825693644068552,-0.1796353917485284,0.2604862206010012,1.0149972207922375,-0.3546669058635186,0.1358253512872505,1.987712850391234,1.6983616078296522,1.0099451863068325,-0.0408635987724169,0.3835103156313723,0.5479251526294643,-0.4147054012441459,1.6848525883337766,0.3898245094373646,1.181507022954983,-0.4606258659626981,0.0376661738444202,0.682283647513666,0.2604862206010012,1.0099451863068325,-0.0408635987724169,-0.2208618259993251,0.0,0.0,0.0,0.0,其他,0,0,0.5,1.0,0,0.6963562753036437,-0.03257261410788381,-0.21825726141078838,0.9310344827586207,0.8356997971602435,0.6206896551724138,0.8073022312373225,0.2738336713995943,0.8275862068965517,0.5,0.5,0.5,0.5,0.6963562753036437,0.6052631578947368,0.07489878542510121
2026-06-05,48.19,48.85,47.4,48.32,964417.0,48.288,47.239,47.714000000000006,44.98533333333333,0.0006626905235254,0.0228836342852305,0.0127006748543403,0.0741278638963811,47.714000000000006,50.69498111719165,44.73301888280836,0.6016443875549834,0.1249520525290438,0.0024896265560165,0.0737777777777777,-0.0053519967064635,0.0259023354564755,0.0457267192950189,0.0394954576624128,0.0307483421599974,49.49554895731194,0.5575115399505677,0.6352292208303721,-0.0777176808798044,39385829.0,62.61251961186135,2.266428571428572,0.6685509247766608,0.5804195804094334,0.7761194029778348,0.0331125827814569,0.0024896265560165,0.0307483421599974,49.49554895731194,-0.0572262568221342,0.0,0.0,0.0,0.5,1.153865059853806,1.0308517642021988,1.22134015694107,1.1734069461119978,-0.6146134557938358,1.2165429690943652,1.0260202708019237,1.1660029205399416,0.6437783117006141,0.0015280642137524,0.5310817655762852,0.0755042746308126,0.4962233080760317,1.1660029205399416,0.8589570286427569,1.5746046541954686,0.1141719289766747,-0.1800782771681361,0.0901865785565601,1.2674434831107886,-0.1932454012424381,0.0642810106362448,1.8679851287808675,1.6780623327690205,1.000466846002518,-0.1654434957003259,0.4026389029112789,0.5261482416242577,-0.2886749023404505,1.7352848738556397,0.3644915474488903,1.1827087285605264,-0.5183502427268328,0.0992330767195841,0.7141523668940299,0.0901865785565601,1.000466846002518,-0.1654434957003259,-0.2175392147786125,0.0,0.0,0.0,0.0,其他,0,0,0.5,1.0,0,0.8987854251012146,-0.05898178807947019,-0.2487582781456954,0.922920892494929,0.8519269776876268,0.6227180527383367,0.7931034482758621,0.2150101419878296,0.8722109533468559,0.5,0.5,0.5,0.5,0.8987854251012146,0.43724696356275305,0.0465587044534413
2026-06-08,48.16,49.0,45.6,46.36,1283417.0,47.72,47.235,47.7295,45.02133333333334,-0.0284995808885163,-0.0185243992801947,-0.0286929467101059,0.0297340520049753,47.7295,50.677087595234354,44.78191240476565,0.267691382227118,0.1235121924691512,-0.0405629139072848,-0.0577235772357723,-0.0008620689655172,0.0067318132464713,0.0210133204606838,0.0389694354203089,0.0317541786522837,38.628370454039874,0.4105922930268164,0.5903018352696611,-0.1797095422428446,38102412.0,53.55409976805727,2.375,0.8872408485142732,0.237762237758081,0.5932835820840179,0.0530629853321829,-0.0405629139072848,0.0317541786522837,38.628370454039874,0.3307697811216517,0.0,0.0,0.0,0.5,1.1431395569216014,1.0542498367399746,0.8378626289851564,0.7820722045824194,-0.4707264889028324,1.096266735680845,1.02129028958793,1.1639865111966106,0.6505392489533087,-1.0488194838454183,-0.6075529008021748,-0.7394063307992526,0.0152456286440939,1.1639865111966106,0.8532376894836532,1.5777678673420832,-0.9659948514455456,-0.1977566982318013,-1.491274800025812,-1.0807495776274318,-0.1269976258694729,-0.1348138519784903,-0.0854272234246203,1.61481240957823,1.1182107559169556,-0.9209004110079514,0.2562965679125521,0.4774825790359679,-0.6110090769537333,1.640525797178393,-0.306536138377155,1.3429992562781563,-0.1469189159074989,-0.908262066124558,0.1520936607430862,-1.491274800025812,1.1182107559169556,-0.9209004110079514,0.2491519508832509,0.0,0.0,0.0,0.0,其他,0,0,0.5,1.0,0,0.7813765182186235,-0.013589301121656683,-0.2581967213114754,0.59026369168357,0.8722109533468559,0.6348884381338742,0.7038539553752535,0.4279918864097363,0.8154158215010142,0.5,0.5,0.5,0.5,0.7813765182186235,0.5344129554655871,0.03441295546558704
2026-06-09,47.88,48.99,46.68,47.3,765300.0,47.608,47.18,47.7535,45.07983333333333,-0.0064695009242146,0.002543450614667,-0.0094966861067776,0.0492496644841189,47.7535,50.67763028005548,44.82936971994452,0.422455575400415,0.1224676842555773,0.0202761000862812,-0.0117007939824488,-0.0114942528735633,0.0102520290474155,0.0228597212020281,0.0381556726688778,0.0318577455115973,40.23972602418176,0.365791261438261,0.545399720503381,-0.17960845906512,38867712.0,50.354761478141,2.426428571428571,0.5352534101073091,0.402097902090872,0.6809701492473789,0.0323467230443974,0.0202761000862812,0.0318577455115973,40.23972602418176,-0.403701213245578,0.0,0.0,0.0,0.5,1.0833844690215506,1.048454355331929,1.0624488421933516,0.9654327891820512,-0.701191902292057,1.0692407931682053,1.0061206753367038,1.1638066717022606,0.6628152092824988,-0.2519654630033679,-0.0267097063887251,-0.3593518547460499,0.2266144283930355,1.1638066717022606,0.8504935116450125,1.5804795714398778,-0.4625893111301323,-0.2104706746772275,0.7487832909521506,-0.2571803176108274,-0.2830238899065637,-0.0979450969411514,0.0606849634173205,1.524699768747025,1.1258702324740448,-0.8058648445006515,0.2113505261617137,0.4289222071011124,-0.6091878074714328,1.6786799879457688,-0.5428444172856568,1.4141475410262163,-0.7431916346437774,-0.4224134020977393,0.420960608453656,0.7487832909521506,1.1258702324740448,-0.8058648445006515,-0.6350915395251874,0.0,0.0,0.0,0.0,其他,0,0,0.5,1.0,0,0.7550607287449392,-0.05243128964059185,-0.2964059196617336,0.8012170385395537,0.8782961460446247,0.6288032454361054,0.6896551724137931,0.10953346855983773,0.8417849898580122,0.5,0.5,0.5,0.5,0.7550607287449392,0.4757085020242915,0.024291497975708502
2026-06-10,47.44,48.2,46.5,47.15,781000.0,47.466,47.275,47.776,45.11483333333333,-0.0066573968735514,-0.002644103648863,-0.0131028131279302,0.0451108098223422,47.776,50.6727960522656,44.8792039477344,0.3919495903845915,0.1212657423082525,-0.0031712473572937,-0.0148349352277475,0.0205627705627704,0.0096359743040683,0.0228295238270964,0.0362986613905952,0.0318615986704433,44.20062695536797,0.3145563647689329,0.4992310493564914,-0.1846746845875585,38086712.0,53.62142166537813,2.334285714285715,0.5514484842968865,0.3758741258675545,0.6669776119340767,0.0260869565217392,-0.0031712473572937,0.0318615986704433,44.20062695536797,0.0205148307853129,0.0,0.0,0.0,0.5,0.9926467109477384,0.9011419604346722,1.020605679432202,0.9325054132969086,-0.6923111694985478,1.0363820336290404,1.0219326790929522,1.1633281182641582,0.6692727147089593,-0.2582704196688088,-0.1696635731253178,-0.4297446672107565,0.1811521127506198,1.1633281182641582,0.8469216467501809,1.583810882061598,-0.5603413987275652,-0.2251620637702776,-0.1158215388423889,-0.3127031107949196,0.1895716267448989,-0.1041739531360102,0.0581830969459191,1.3343266000969525,1.1214366589954994,-0.5278113960141168,0.1600214396014031,0.3790819570417349,-0.623760066084403,1.617482650581234,-0.2992786299859544,1.2662925370387823,-0.7135613164036274,-0.4987180292361216,0.3768212550906384,-0.1158215388423889,1.1214366589954994,-0.5278113960141168,-0.1226675372936941,0.0,0.0,0.0,0.0,其他,0,0,0.5,1.0,0,0.6923076923076923,-0.08207847295864257,-0.2994697773064686,0.7809330628803245,0.896551724137931,0.6328600405679513,0.742393509127789,0.07505070993914807,0.8377281947261663,0.5,0.5,0.5,0.5,0.6923076923076923,0.3299595141700405,0.018218623481781375
2026-06-11,46.55,47.25,45.69,47.0,774883.0,47.226,47.425,47.749,45.138333333333335,-0.0047854995129801,-0.0089615181866103,-0.0156861923809923,0.0412435845364249,47.749,50.66506006724656,44.83293993275345,0.3715732901989924,0.1221411994906887,-0.0031813361611876,-0.0248962655601659,0.032967032967033,-0.0113588557004628,0.0221709488043471,0.0358423904702396,0.0316165914801482,44.96173468986312,0.2588645640807101,0.4511577523013352,-0.1922931882206251,37311829.0,54.099727166560136,2.340714285714286,0.5714120322148066,0.3496503496442369,0.6529850746207745,-0.0078723404255318,-0.0031813361611876,0.0316165914801482,44.96173468986312,-0.007832266325224,0.0,0.0,0.0,0.5,0.8138454858576096,0.7254824914346855,0.8465666825138057,0.8997890283088963,-0.6932281242694825,0.9839586653050932,1.0489434585599606,1.1524090106902831,0.6728837621512839,-0.1900166446806974,-0.3437529952002748,-0.4798248779904702,0.1386578480401479,1.1524090106902831,0.8429196842465247,1.5604095139686174,-0.6250031535504047,-0.2136849699908644,-0.1159845723246152,-0.4921366713792482,0.3721270066309655,-0.3230816876500877,0.0058268675798141,1.2830050090204574,1.087032280434765,-0.4734704348846987,0.1042610957032214,0.3272687471322648,-0.6463973110315117,1.557792786764206,-0.2631192794726251,1.269920988586042,-0.6776627518783754,-0.5748669995917616,0.3327390403384236,-0.1159845723246152,1.087032280434765,-0.4734704348846987,-0.1566683511310824,0.0,0.0,0.0,0.0,其他,0,0,0.5,1.0,0,0.5020325203252033,0.0021276595744681437,-0.30297872340425536,0.6945010183299389,0.8676171079429735,0.6089613034623218,0.7820773930753564,0.15071283095723015,0.8431771894093686,0.5,0.5,0.5,0.5,0.5020325203252033,0.7784552845528455,0.014227642276422764
2026-06-12,47.16,49.98,47.16,49.92,2235683.0,47.546,47.917,47.8575,45.198166666666665,0.0499305935304759,0.0418014483377506,0.0430966933082588,0.1044695765683711,47.8575,50.93095082927977,44.78404917072023,0.835534894566667,0.1284417627027466,0.0621276595744682,0.0331125827814569,0.1093333333333332,0.0454450261780106,0.0376981785429997,0.0397351929683778,0.0345486790181653,60.71863580481084,0.4452158362343539,0.4499693690879389,-0.004753532853585,39547512.0,64.2997349109817,2.361428571428572,1.6077184014179844,0.8601398601248232,0.9253731343197262,-0.0891426282051283,0.0621276595744682,0.0345486790181653,60.71863580481084,1.8851878283560224,0.0,0.0,0.0,0.5,0.9317104989440697,1.2195967104987468,1.1530651337519116,1.4718649213962478,-0.0362615116692897,1.0452175752230763,1.1459933375887332,1.1702379113635393,0.6854534186122325,1.784543147626065,1.0589552838041314,0.6851772808333977,0.8266058004859382,1.1702379113635393,0.8825171641202383,1.5367210112891774,0.883935332193398,-0.1337485350274251,2.2758802753633014,0.5489298894224031,1.4936758157691945,0.2715170322047611,1.236543304583849,1.655004618125721,1.435433410690262,0.6290868681387881,0.2899867133730309,0.3253638359415839,-0.0482077481434232,1.6902383605365103,0.496974251407536,1.2951860786476574,1.0849054865169845,0.934562038316292,1.1700961377934644,2.2758802753633014,1.435433410690262,0.6290868681387881,2.1160686542519027,0.0,0.0,0.0,0.0,其他,0,0,0.5,1.0,0,0.0607287449392712,-0.0765224358974359,-0.35837339743589747,0.8985801217038539,0.8945233265720081,0.665314401622718,0.947261663286004,0.8742393509127789,0.9310344827586207,0.5,0.5,0.5,0.5,0.06072874493927125,0.5688259109311741,0.01417004048582996
2026-06-15,50.02,51.39,48.45,48.82,2565337.0,48.038,47.879000000000005,47.874,45.2685,0.0162787792997212,0.0196537103949538,0.019760203868488,0.0784541126832123,47.874,50.96523991474729,44.78276008525271,0.653013034579044,0.1291406573397181,-0.0220352564102563,0.0530629853321829,-0.0077235772357724,0.0068055269127655,0.032377278439703,0.0283210655910766,0.0348396373881809,53.018046043918766,0.4983945727213736,0.4596544098146258,0.0387401629067478,36982175.0,66.97690069046764,2.3521428571428573,1.755758027140385,0.6678321678204926,0.8227611940221758,-0.0632937320770177,-0.0220352564102563,0.0348396373881809,53.018046043918766,0.1474511368561644,0.0,0.0,0.0,0.5,1.4904240630111465,1.4690924410448776,1.4184592698312728,1.2479902286583564,0.1120433462560702,1.140732831833118,1.133367841077674,1.1684811104420965,0.7005745875849656,0.5653022651118275,0.4443221099942671,0.2210078171480261,0.5404839309377708,1.1684811104420965,0.8850097432204577,1.5266223503556866,0.2883008619541186,-0.1246540414647841,-0.8134275551119071,0.9048983034607024,-0.234778681620224,-0.1337846591469521,0.810835677600163,0.5328938947523735,1.4619626585789915,0.0886800795271771,0.3425564483632864,0.3350469031848909,0.0905885951170936,1.5164606167582064,0.6951428830080773,1.2747170453553138,1.3302116196950704,0.3637662860272181,0.849281763540193,-0.8134275551119071,1.4619626585789915,0.0886800795271771,0.0236868798764517,0.0,0.0,0.0,0.0,其他,0,0,0.5,1.0,0,0.1926977687626775,-0.02724293322408844,-0.33613273248668585,0.782520325203252,0.8292682926829268,0.6707317073170732,0.8495934959349594,0.926829268292683,0.8292682926829268,0.5,0.5,0.5,0.5,0.1926977687626775,0.7931034482758621,0.016227180527383367
2026-06-16,49.31,49.31,47.19,48.83,1597244.0,48.344,47.976,47.8035,45.322500000000005,0.0100529538308786,0.0178005669501417,0.0214733230830377,0.0773898174196037,47.8035,50.72732067993603,44.87967932006397,0.6755408611370284,0.1223266363312273,0.0002048340843916,0.0323467230443974,0.0202674467195989,-0.0280652866242039,0.0321526451962701,0.02671805671898,0.0338418759323818,59.11295910722395,0.5351768355213906,0.4747588949559788,0.0604179405654117,38579419.0,64.49624374122119,2.361428571428572,1.1301769560563826,0.6695804195687135,0.8236940298430625,-0.0821216465287733,0.0002048340843916,0.0338418759323818,59.11295910722395,-0.3773745905508711,0.0,0.0,0.0,0.5,1.3432160387029517,1.0854330260554392,1.1475676419924363,1.2443467007605455,-0.3242055920723521,1.1978044858649632,1.1485664962647957,1.1484067773571844,0.7116050026394988,0.3390305594728941,0.3920774180848809,0.254600409234902,0.5273237479823993,1.1484067773571844,0.8441243973757782,1.543786605010582,0.3611022494309524,-0.2107340631571354,0.004042024830329,0.5308355732822387,0.1790263421926818,-0.4992939424619843,0.7906440693604967,0.3744930375324694,1.3339533830275885,0.5158579279797381,0.3786804877421635,0.3505076578524601,0.1596807166799298,1.6085854931525418,0.5083859767706148,1.2826104124461088,0.2649008343548625,0.3681677415690569,0.8489079189374589,0.004042024830329,1.3339533830275885,0.5158579279797381,-0.6078879147358673,0.0,0.0,0.0,0.0,其他,0,0,0.5,1.0,0,0.2024291497975708,-0.0735203768175301,-0.3448699569936514,0.7545638945233266,0.7789046653144016,0.6450304259634888,0.8985801217038539,0.7383367139959433,0.8377281947261663,0.5,0.5,0.5,0.5,0.20242914979757085,0.4534412955465587,0.012145748987854251
2026-06-17,48.35,49.08,46.0,48.38,2447122.0,48.59,48.028,47.6865,45.3905,-0.0043218769294092,0.0073290580494711,0.0145428999821752,0.0658617992751788,47.6865,50.28848527444365,45.08451472555636,0.6332636288814045,0.1091288005803816,-0.0092156461191889,0.0260869565217392,0.0108650229837026,-0.046135646687697,0.0327292100193965,0.0269649605342628,0.0337971877070916,60.15514808997058,0.5219985304822785,0.4842068220612388,0.0377917084210396,36132297.0,60.28370598401823,2.3435714285714293,1.7004602097034736,0.6869918699047363,0.7817164179031559,-0.1054154609342703,-0.0092156461191889,0.0337971877070916,60.15514808997058,0.532090275499548,0.0,0.0,0.0,0.5,1.1487840219473175,1.0396687818745336,0.8934880913775411,1.1505414376708265,0.0598288091453311,1.2421990354433448,1.1544099845795277,1.1187381995876955,0.7260619456152207,-0.1823433423131645,0.1008751188609003,0.1161667831655311,0.3997980367491259,1.1187381995876955,0.7714055494145078,1.5902999864225007,0.2223661382696188,-0.3777556242003129,-0.3421681325906924,0.4171543800171349,0.0395932072379891,-0.6876722433850277,0.8340340761759085,0.3979704140087196,1.321635230019674,0.5877520559817094,0.3647195731671093,0.3599142251737395,0.0869863000464234,1.4442537155505162,0.1924509330506862,1.2493980283912969,1.2313998082317943,0.41902031022005,0.7164390249713815,-0.3421681325906924,1.321635230019674,0.5877520559817094,0.4892738733226245,0.0,0.0,0.0,0.0,其他,0,0,0.5,1.0,0,0.1376518218623481,-0.13745349317899969,-0.3340223232740802,0.691683569979716,0.716024340770791,0.6430020283975659,0.920892494929006,0.9533468559837728,0.8012170385395537,0.5,0.5,0.5,0.5,0.13765182186234817,0.09716599190283401,0.016227180527383367
2026-06-18,48.38,48.38,46.38,46.63,1304399.0,48.516,47.871,47.568,45.44416666666667,-0.0388737736004616,-0.0259238369785465,-0.0197191389169187,0.0260942915298993,47.568,50.1337304284705,45.002269571529496,0.3172060498594776,0.1078763214120883,-0.0361719718892104,-0.0078723404255318,-0.0325726141078838,-0.0483673469387754,0.0378602623299181,0.0293184200216789,0.0339136911837707,55.2819183358785,0.3661238068492238,0.4605902190188358,-0.0944664121696119,34827898.0,58.4967357325244,2.372857142857143,0.9232480136332778,0.3313008130013967,0.6184701492479623,0.0100793480591894,-0.0361719718892104,0.0339136911837707,55.2819183358785,-0.4669660932311507,0.0,0.0,0.0,0.5,1.1500091435747872,0.9091064561273894,0.9704359971962748,0.801994338950989,-0.4566178949591937,1.221716334403683,1.1173914978316766,1.0890425579502525,0.7369147001871138,-1.4307113889515282,-0.8224386025784707,-0.5669862582369775,-0.0373132519888405,1.0890425579502525,0.7443873636039835,1.5573034695631616,-0.8108569134608737,-0.3928592350239768,-1.3297999498657296,-0.1953669544187538,-0.6039121135705203,-0.70918768420126,1.2373462153018218,0.628512460857458,1.3287443521110849,0.243880225716812,0.2075477607608534,0.3339299274889436,-0.3371259316600717,1.3542605375678896,0.0582405432931266,1.2877746167377888,-0.0923119835562431,-0.6387138248882783,0.2096155527853997,-1.3297999498657296,1.3287443521110849,0.243880225716812,-0.7168582220750191,0.0,0.0,0.0,0.0,其他,0,0,0.5,1.0,0,0.8762677484787018,-0.1919365215526485,-0.33025948959897067,0.5040650406504065,0.6910569105691057,0.6544715447154471,0.8577235772357723,0.5752032520325203,0.7215447154471545,0.5,0.5,0.5,0.5,0.8762677484787018,0.02434077079107505,0.042682926829268296
2026-06-22,46.63,46.79,44.56,45.47,1324304.0,47.626,47.586,47.4125,45.52283333333334,-0.0452693906689622,-0.0444668600008405,-0.0409702082784076,-0.0011605897406796,47.4125,50.09432871622301,44.73067128377699,0.1378404056412794,0.1131274965976209,-0.0248766888269355,-0.0891426282051283,-0.0589817880794701,-0.064018114450391,0.0141553522117347,0.0300256346332271,0.034275477855698,34.94753833341996,0.1472917720380948,0.3979305296226876,-0.2506387575845928,33503594.0,48.506316001118606,2.210714285714286,0.9231435315859928,0.0955284552826109,0.5102611940250908,0.0138552892016714,-0.0248766888269355,0.034275477855698,34.94753833341996,0.0152599013032055,0.0,0.0,0.0,0.5,0.8022468994795995,0.6175903053021349,0.5846325526726281,0.5710253666988818,-0.4466584526443483,1.0371250807732058,1.0544769666253917,1.0518163639918294,0.753924798709,-1.651784761987041,-1.3322997699102868,-0.988460694121523,-0.3367879537053055,1.0518163639918294,0.7359330114673522,1.4731013132042017,-1.391338334828851,-0.325195733994013,-0.9108757099227012,-1.653545501381143,-0.9929343102106232,-0.871437475294174,-0.6483978886245664,0.6964733256019219,1.3650115363841138,-1.1862446089504988,-0.0129221522375393,0.2661087488924052,-0.8369915483368641,1.2641241562010828,-0.6910011612160087,1.0366534521794195,-0.0923167394020233,-1.334752840368438,-0.1264474207503212,-0.9108757099227012,1.3650115363841138,-1.1862446089504988,-0.1330237603655343,0.0,0.0,0.0,0.0,其他,0,0,0.5,1.0,0,0.8947368421052632,-0.20167143171321755,-0.35363976248075646,0.058823529411764705,0.640973630831643,0.6511156186612576,0.5233265720081136,0.29817444219066935,0.5537525354969574,0.5,0.5,0.5,0.5,0.8947368421052632,0.038461538461538464,0.04665314401622718
2026-06-23,45.45,46.48,44.59,45.73,1249092.0,47.008,47.523,47.379,45.585166666666666,-0.0271868618107556,-0.037729099593881,-0.0348044492285611,0.0031772031106609,47.379,50.129930177613694,44.6280698223863,0.200283196309537,0.1161244508160953,0.0057180558610072,-0.0632937320770177,-0.0135893011216566,-0.0144396551724138,0.0174425045871496,0.0275095183829631,0.0328404786131777,40.5835543716342,-0.0050956258612231,0.3173252985259055,-0.3224209243871286,34752686.0,39.76167226244236,2.175,0.8771782782694034,0.1483739837368209,0.5345149253681479,0.0384867701727531,0.0057180558610072,0.0328404786131777,40.5835543716342,-0.0567936063018763,0.0,0.0,0.0,0.5,0.5678596155470924,0.5597048432805624,0.5895947327770292,0.6210615918941325,-0.4797830614475079,0.9086879602995174,1.0375793883092204,1.0406408164481045,0.7668111607433549,-0.9941483977998647,-1.1401356787413623,-0.8622997772062954,-0.2882186383002728,1.0406408164481045,0.7395250050070316,1.4364206819742822,-1.1816378241077692,-0.2863217552865009,0.2158461876384524,-1.1826435333666985,-0.3174847491640039,-0.3473661682563189,-0.3856223952655959,0.4468259010031254,1.1867729971363263,-0.7863860702242905,-0.1664381011883049,0.1790406109204906,-1.0640496275453235,1.3370936595166742,-1.3421824530923905,0.9787153212125368,-0.1705792382442185,-1.1722011054638934,-0.0507848960161732,0.2158461876384524,1.1867729971363263,-0.7863860702242905,-0.2199731907378649,0.0,0.0,0.0,0.0,其他,0,0,0.5,1.0,0,0.9129554655870444,-0.24797725781762514,-0.3595014213863984,0.19066937119675456,0.7890466531440162,0.6146044624746451,0.6004056795131846,0.36511156186612576,0.5436105476673428,0.5,0.5,0.5,0.5,0.9129554655870445,0.024291497975708502,0.032454361054766734
2026-06-24,45.13,45.7,43.87,44.82,920101.0,46.206,47.275,47.227500000000006,45.6195,-0.0299961044020257,-0.0519301956636699,-0.050976655550262,-0.0175254003222307,47.227500000000006,50.19446814947523,44.26053185052479,0.0942828034006266,0.1256457847427426,-0.0198994095779575,-0.0821216465287733,-0.0524312896405918,-0.0633228840125391,0.0159268490127416,0.0269803531439624,0.0322463192231394,37.56137479111408,-0.1970219845893623,0.2144558419028519,-0.4114778264922143,33832585.0,40.23173756182735,2.2157142857142853,0.6525508693558906,0.0,0.4496268656674476,0.0093708165997323,-0.0198994095779575,0.0322463192231394,37.56137479111408,-0.2633841222263853,0.0,0.0,0.0,0.5,0.5034832264074277,0.4162574869092869,0.4362632994916241,0.4395931765786903,-0.6278459985784973,0.7437358854591569,0.9828881025288952,1.004676283562328,0.7726933711157168,-1.0915522048367916,-1.5258064449592306,-1.1807268174398224,-0.5158078560650318,1.004676283562328,0.7477463133277675,1.3279619036316943,-1.5189527925258646,-0.1641272651576019,-0.7275449725049575,-1.5128719658335894,-0.892973953496595,-0.8614226718257916,-0.5054871722315243,0.3936345609544427,1.1106122673041785,-0.9960890212905616,-0.3597853658762367,0.068026972616454,-1.344017049045763,1.2728039203274215,-1.3004670092040913,1.0368559555614,-0.5539879809495349,-1.6029344239449412,-0.315042516455426,-0.7275449725049575,1.1106122673041785,-0.9960890212905616,-0.4698454516639385,0.0,0.0,0.0,0.0,其他,0,0,0.5,1.0,0,0.7606490872210954,-0.25747434181169115,-0.36189201249442216,0.20121951219512196,0.6666666666666666,0.5873983739837398,0.5691056910569106,0.14227642276422764,0.5548780487804879,0.5,0.5,0.5,0.5,0.7606490872210954,0.02434077079107505,0.038539553752535496
2026-06-25,45.35,45.67,41.87,43.28,1495672.0,45.186,46.888,47.0815,45.64016666666667,-0.042181206568406,-0.0769493260535744,-0.0807429669827851,-0.051712490094617,47.0815,50.51245674856544,43.65054325143456,-0.0539999887180295,0.1457454307342862,-0.0343596608656849,-0.1054154609342703,-0.0820784729586425,-0.0632034632034632,0.0168415466192488,0.0284989349051875,0.0322399619297904,31.669150518305727,-0.467995376907325,0.0779655981408165,-0.5459609750481416,32336913.0,34.272419344743795,2.402857142857143,1.038412505061722,0.0,0.3059701492508773,-0.0358133086876156,-0.0343596608656849,0.0322399619297904,31.669150518305727,0.6255519774459544,0.0,0.0,0.0,0.5,0.5458236459173206,0.4099388861962723,0.0122226898118102,0.1333670387523931,-0.3651650580740193,0.5351637328707617,0.900040110459354,0.9701482018400148,0.7751630010089652,-1.5232712076380024,-2.1965583854426547,-1.7625462856420269,-0.8911119173187869,0.9701482018400148,0.7965572776796505,1.1545727299472637,-1.9844099041881784,0.0934610939437825,-1.2559475878415731,-1.9154926815598807,-1.3279867825509548,-0.8573926422618913,-0.4314789448079006,0.5429139616422095,1.105270170473221,-1.404383731757253,-0.632642112538793,-0.0792300445202414,-1.7634613607653296,1.173014405055796,-1.734980605029644,1.31553881465038,0.1075848856244136,-1.5924260629392994,-0.7617901473277612,-1.2559475878415731,1.105270170473221,-1.404383731757253,0.6096345312818545,0.0,0.0,0.0,0.0,其他,0,0,0.5,1.0,0,0.2596348884381338,-0.2368299445471349,-0.31515711645101663,0.13617886178861788,0.6808943089430894,0.5873983739837398,0.45121951219512196,0.6219512195121951,0.40447154471544716,0.5,0.5,0.5,0.5,0.25963488843813387,0.02636916835699797,0.052845528455284556
2026-06-26,45.2,47.61,44.45,47.1,2232926.0,45.28,46.898,47.1615,45.72083333333333,0.0401943462897527,0.0043072199240905,-0.0013040297700455,0.0301649503326346,47.1615,50.51083316222489,43.81216683777512,0.4908190679949809,0.1420367529539045,0.0882624768946396,0.0100793480591894,0.0021276595744681,0.0351648351648352,0.0499357336328158,0.0418298788295157,0.0379402645763093,46.43691588405306,-0.3702338424293714,-0.0116742899732211,-0.3585595524561503,34569839.0,38.064286232590646,2.608571428571428,1.4900868072731055,0.575301204810613,0.6623134328296428,-0.2,0.0882624768946396,0.0379402645763093,46.43691588405306,0.4929249193673479,0.0,0.0,0.0,0.5,0.5149641368698579,0.7635543434143004,0.5588943221500954,0.8909224260801376,-0.0290548043719392,0.5530378527776479,0.8992099763738923,0.9835790379272964,0.7925545365616758,1.4409180593700384,0.0415378352822347,-0.1796215458002115,0.0164320308709818,0.9835790379272964,0.7939075928237779,1.1937987249139388,-0.2161008792340577,0.0457285127109781,3.203840033024397,0.149574544809445,-0.0752629714369421,0.1833428424745889,2.194742411143005,1.8512911392558784,1.7770064093780813,-0.3631267209313438,-0.5323705061885428,-0.1758866877597601,-1.1588615327142855,1.3085300060697458,-1.4433749898389931,1.6179951171953,0.8807646321518227,0.1090893433219307,0.3530245417389096,3.203840033024397,1.7770064093780813,-0.3631267209313438,0.447260308092994,0.0,0.0,0.0,0.0,其他,0,0,0.5,1.0,0,0.0101626016260162,-0.3044585987261147,-0.3932059447983015,0.8778004073319755,0.9042769857433809,0.7270875763747454,0.790224032586558,0.9226069246435845,0.8513238289205702,0.5,0.5,0.5,0.5,0.01016260162601626,0.01016260162601626,0.026476578411405296
2026-06-29,47.24,50.0,46.1,46.1,2493846.0,45.406,46.516000000000005,47.2165,45.79183333333333,0.0152843236576665,-0.0089431593430218,-0.0236463947984285,0.006729729828099,47.2165,50.45052486726768,43.98247513273233,0.3273822796891421,0.1369870645753421,-0.0212314225053078,0.0138552892016714,-0.0765224358974359,0.0244444444444444,0.0494518219430559,0.0362189727317238,0.038198619295601,49.19554455019346,-0.3691929382821968,-0.0831780196350162,-0.2860149186471805,32075993.0,47.24305465008997,2.644285714285714,1.5682415376935257,0.4246987951743268,0.5690298507409607,-0.2125813449023862,-0.0212314225053078,0.038198619295601,49.19554455019346,0.1168511630031625,0.0,0.0,0.0,0.5,0.917019240634692,1.1970538136571391,0.9068906968420956,0.6900687483745596,0.0899299022409024,0.5773781706792728,0.817833160501895,0.9916502834559424,0.8074593143370329,0.5426910870719565,-0.3234558105814257,-0.6239323609214489,-0.2433492598923179,0.9916502834559424,0.7818642920578235,1.2349883616841462,-0.7452453310926288,-0.0192335476340071,-0.7680096330994973,0.21681856220852,-1.2416495342748453,0.0695511999150766,2.1352380303260885,1.290670098619122,1.7938519131722943,-0.16814239562186,-0.5301495693693823,-0.2529048446027886,-0.9238282956995376,1.1459427394165125,-0.7562845266027329,1.6608725922156609,1.0113373690587175,-0.3365147651032803,0.0602795819589452,-0.7680096330994973,1.7938519131722943,-0.16814239562186,-0.0111532538807902,0.0,0.0,0.0,0.0,其他,0,0,0.5,1.0,0,0.0141700404858299,-0.30520607375271147,-0.35488069414316703,0.8945233265720081,0.8782961460446247,0.7200811359026369,0.7525354969574036,0.8904665314401623,0.7870182555780934,0.5,0.5,0.5,0.5,0.01417004048582996,0.016194331983805668,0.032454361054766734
2026-06-30,45.64,48.0,44.09,47.49,1713600.0,45.758,46.383,47.131,45.89866666666667,0.0378513046898902,0.0238665028135307,0.0076170673229933,0.0346705786660468,47.131,50.23190580993774,44.03009419006226,0.5578863116050953,0.1315866758579772,0.0301518438177874,0.0384867701727531,-0.0272429332240884,-0.0347560975609756,0.0508877529794016,0.0376028969766322,0.0324113256849015,50.57194460741719,-0.2532868972912609,-0.1171997951662652,-0.1360871021249957,33789593.0,42.02684441780284,2.735714285714285,1.1270062220135173,0.6340361445687646,0.6986940298442289,-0.2758475468519689,0.0301518438177874,0.0324113256849015,50.57194460741719,-0.3128685572405032,0.0,0.0,0.0,0.5,0.5979313318143383,0.8279775025598245,0.4783723458684984,0.9638851409054664,-0.2664634898475429,0.647606340989124,0.7880700827599196,0.9700186974364516,0.8312154547099677,1.3496800728570388,0.5819457358506593,0.0007137066819014,0.067522921189933,0.9700186974364516,0.7444577568254243,1.2422911771007674,0.0046436115630393,-0.0887099384912365,1.094062430256229,0.6571476552253926,-0.5068892158491257,-0.557937897153072,2.225265361839878,1.4196324470299362,1.099043738005366,-0.0707137164822262,-0.4115487746016595,-0.2892940807519819,-0.4431484036817797,1.2489667793806098,-1.1411137406423082,1.7856431609426575,0.2524426161754687,0.2842818079344157,0.4666753043321002,1.094062430256229,1.099043738005366,-0.0707137164822262,-0.5347065873746124,0.0,0.0,0.0,0.0,其他,0,0,0.5,1.0,0,0.0060728744939271,-0.3175405348494421,-0.3798694461991998,0.9127789046653144,0.8012170385395537,0.5841784989858012,0.7931034482758621,0.7870182555780934,0.847870182555781,0.5,0.5,0.5,0.5,0.006072874493927126,0.010121457489878543,0.034482758620689655
2026-07-01,47.49,48.35,44.92,45.24,4236530.0,45.842,46.024,47.0,45.95483333333333,-0.0131320623009466,-0.0170345906483573,-0.0374468085106383,-0.0155551284050643,47.0,50.191284183027655,43.808715816972345,0.224248938815492,0.135799326937058,-0.0473783954516739,0.0093708165997323,-0.0735203768175301,-0.0547430004178854,0.0559637423627299,0.0401942936285449,0.0335531368486043,44.8957776556465,-0.3390780401107491,-0.161575444155162,-0.1775025959555871,29553063.0,36.690522458470575,2.859285714285713,2.60744245526343,0.2951807228871209,0.4888059701446942,-0.264367816091954,-0.0473783954516739,0.0335531368486043,44.8957776556465,1.472298085901027,0.0,0.0,0.0,0.5,0.9625080920879662,0.8894611378151805,0.6535517389062704,0.5143363750712683,0.8866464547613981,0.6631130368105191,0.7118874331907131,0.9389362522303611,0.8422229534720082,-0.4847948924487911,-0.548524896329581,-0.8983559589980609,-0.4914508483602406,0.9389362522303611,0.7358267770287533,1.1762551496031934,-1.0785020880901917,-0.0342254936769566,-1.7092435858103323,0.1339625104468146,-1.191626625456528,-0.7682719013441289,2.588205700453866,1.663774436825498,1.2295121971642762,-0.4716695644628917,-0.4977929888956457,-0.3368930907061436,-0.5745603110195903,0.9776649320496814,-1.5302216972112088,1.9548033896142365,2.757136816019409,-0.7212103066060747,-0.1938098763380379,-1.7092435858103323,1.2295121971642762,-0.4716695644628917,1.6374447466026167,0.0,0.0,0.0,0.0,其他,0,0,0.5,1.0,0,0.0101626016260162,-0.2928824049513705,-0.3381962864721485,0.7617107942973523,0.7046843177189409,0.5845213849287169,0.6191446028513238,0.9898167006109979,0.5906313645621182,0.5,0.5,0.5,0.5,0.01016260162601626,0.016260162601626018,0.05102040816326531
2026-07-02,45.29,45.98,41.1,41.73,3524552.0,45.532,45.359,46.69350000000001,45.97666666666667,-0.0835017130809101,-0.0800061729755947,-0.1062995920203028,-0.0923656927426956,46.69350000000001,50.62795923522975,42.75904076477027,-0.1307728334739129,0.1685227809104612,-0.0775862068965518,-0.0358133086876156,-0.1374534931789996,-0.1280819055578772,0.0656889242071311,0.0460240809414758,0.037524822609289,38.06071590152763,-0.6824291857012099,-0.2657461924643717,-0.4166829932368382,26028511.0,33.593971773802735,3.09642857142857,2.0179282363281152,0.0,0.1613805970134196,-0.2084831056793672,-0.0775862068965518,0.037524822609289,38.06071590152763,-0.1680568767363857,0.0,0.0,0.0,0.5,0.5240030973536903,0.4536240568119677,-0.1605294256701121,-0.185785790144959,0.5591085830954098,0.5983366884573087,0.5728131809716602,0.8709650091473033,0.8446209403359121,-2.970039342920002,-2.2682551158973103,-2.2518049881434377,-1.341633114354453,0.8709650091473033,0.8040219334449377,0.8848210019518955,-2.21122301085123,0.3884830453118408,-2.7608403875097167,-0.6772656978251022,-2.123085061596769,-1.5393210868720186,3.275011942498557,2.213009550602848,1.6906297374868495,-0.9531567088337212,-0.8451740526476715,-0.4493838801825714,-1.3355265306457722,0.7526559598240591,-1.7480569208701964,2.284605774906013,1.741634215125429,-1.589348204393767,-1.2204663942148362,-2.7608403875097167,1.6906297374868495,-0.9531567088337212,-0.3615311970134218,0.0,0.0,0.0,0.0,其他,0,0,0.5,1.0,0,0.0182186234817813,-0.22789360172537743,,0.2616632860040568,0.35496957403651114,0.7079107505070994,0.3894523326572008,0.973630831643002,0.07707910750507099,0.5,0.5,0.5,0.5,0.018218623481781375,0.048582995951417005,0.5
2026-07-03,41.2,41.39,37.56,37.68,3177965.0,43.648,44.464,46.1675,45.938,-0.1367302052785924,-0.1525728679381072,-0.1838414469052905,-0.1797640297792676,46.1675,51.72996774088816,40.60503225911185,-0.2629257728170234,0.240968982114089,-0.0970524802300503,-0.2,-0.1919365215526485,-0.2182572614107883,0.0499033700105996,0.0528429802918017,0.0424857878512494,23.62068965374702,-1.2667364457607917,-0.4659442431236558,-0.8007922026371359,22850546.0,25.30541485869384,3.1814285714285697,1.7137711766721788,0.0,0.0,-0.1305732484076434,-0.0970524802300503,0.0424857878512494,23.62068965374702,-0.0983350508092943,0.0,0.0,0.0,0.5,-0.2895848355301375,-0.3890513882074921,-0.9136079302285648,-0.9919837875747528,0.399303053636605,0.2123578030449696,0.3864382516455226,0.7568938300258162,0.8319289108798494,-4.668400407484865,-4.127275537989886,-3.6910555309198254,-2.2857566805205414,0.7568938300258162,0.9788324414739044,0.2918646962556874,-2.6013720009932624,1.3209582763828251,-3.3832542366773657,-3.547905401027322,-2.8814028624242147,-2.464391040797808,2.051353122024335,2.8321708018031244,2.254258519262574,-1.960346832872172,-1.4333598946243074,-0.666000925244933,-2.533685045045248,0.5502199675690576,-2.335758585659579,2.38237619388946,1.2207462484231053,-1.5792765443129808,-1.7146791189467592,-3.3832542366773657,2.254258519262574,-1.960346832872172,-0.2759074495831572,0.0,0.0,0.0,0.0,其他,0,0,0.5,1.0,0,0.0526315789473684,-0.17117834394904452,,0.008113590263691683,0.07302231237322515,0.7910750507099391,0.06896551724137931,0.9290060851926978,0.008113590263691683,0.5,0.5,0.5,0.5,0.05263157894736842,0.18016194331983806,0.5
2026-07-06,37.53,37.89,36.16,36.3,1943731.0,41.688,43.547,45.5665,45.86933333333333,-0.1292458261370179,-0.1664178933106759,-0.2033621191006551,-0.2086215917679205,45.5665,52.56244250826488,38.57055749173512,-0.1622767403417405,0.3070651688520965,-0.0366242038216561,-0.2125813449023862,-0.2016714317132175,-0.2487582781456954,0.048714722343088,0.0530977232593236,0.0427136316170895,23.339011923650983,-1.82017676122738,-0.7367907467444007,-1.0833860144829792,20906815.0,16.761852154823586,3.094999999999999,1.0212236919697593,0.0,0.0,-0.1176308539944902,-0.0366242038216561,0.0427136316170895,23.339011923650983,-0.3883724333024435,0.0,0.0,0.0,0.5,-1.017732200657718,-1.0295292068722883,-1.2076105686862253,-1.2622810024134774,-0.167514238858665,-0.1891218950566091,0.1956392836203047,0.6273465500339946,0.8118347942017806,-4.264665136054733,-4.339042754194304,-3.94637566338021,-2.562831292623853,0.6273465500339946,1.1090469631367663,-0.2680593079893341,-2.254096883923135,2.1543036314922666,-1.255152684858224,-3.674765690015425,-2.971261603712299,-2.7419036256960565,1.9449632047996408,2.811905679273942,2.255832178842801,-1.9631926141329497,-1.9798832372313115,-0.9584310533848028,-3.358754184573747,0.4261522943433778,-2.91437367866892,2.230969046326377,0.0482744833624047,-1.56939414364055,-1.7005723179397103,-1.255152684858224,2.255832178842801,-1.9631926141329497,-0.629073999408869,0.0,0.0,0.0,0.0,其他,0,0,0.5,1.0,0,0.1659919028340081,-0.190358126721763,,0.012170385395537525,0.04462474645030426,0.7870182555780934,0.09330628803245436,0.6937119675456389,0.008113590263691683,0.5,0.5,0.5,0.5,0.1659919028340081,0.16396761133603238,0.5
2026-07-07,36.01,36.02,34.31,34.39,1965007.0,39.068,42.413,44.968,45.74249999999999,-0.1197399406163611,-0.1891636998090207,-0.2352339441380536,-0.2481827622014536,44.968,53.54705307006242,36.388946929937575,-0.1165016065060534,0.3815625809483786,-0.0526170798898071,-0.2758475468519689,-0.2479772578176251,-0.2581967213114754,0.0245817567496868,0.0530406629454217,0.0432003916999555,21.552403466108217,-2.385405763229201,-1.066513750041361,-1.31889201318784,18941808.0,16.873871579307433,3.085714285714284,1.0142418141041254,0.0,0.0,-0.0575748764175633,-0.0526170798898071,0.0432003916999555,21.552403466108217,0.0109459590859022,0.0,0.0,0.0,0.5,-1.314674743999749,-1.3669739068254017,-1.5929002325057375,-1.6335203798017783,-0.1574516736964151,-0.7252418577536924,-0.0402007023954271,0.4986506599789756,0.777326555284435,-3.841262589692721,-4.723739959011361,-4.380214105897566,-2.933855765169904,0.4986506599789756,1.262371916934378,-0.8673060775556163,-2.0882728311777483,3.053927038209691,-1.803290704933284,-4.583425660320146,-3.551131789734852,-2.794496374951375,0.1216817602230753,2.763947708697464,2.2866341710891867,-2.0691410667172163,-2.520415364030414,-1.3122239589739095,-3.975619181988149,0.3008611315055069,-2.8589535812713502,2.194573334550827,0.0363686066772684,-1.5596951474889855,-1.6868084163303565,-1.803290704933284,2.2866341710891867,-2.0691410667172163,-0.1400536140406664,0.0,0.0,0.0,0.0,其他,0,0,0.5,1.0,0,0.2008113590263691,-0.14829892410584478,,0.0040650406504065045,0.032520325203252036,0.7926829268292683,0.11788617886178862,0.7947154471544715,0.008130081300813009,0.5,0.5,0.5,0.5,0.20081135902636918,0.18052738336713997,0.5
2026-07-08,34.49,34.5,33.13,33.28,1397974.0,36.676,41.259,44.267,45.613166666666665,-0.0925946122805104,-0.1933881092610097,-0.2481984322407211,-0.2703861092740034,44.267,54.22421182703377,34.30978817296624,-0.0517106691536478,0.4498706407486964,-0.0322768246583309,-0.264367816091954,-0.2574743418116911,-0.2964059196617336,0.0276075928296238,0.053005279198844,0.0426042657299978,21.0061443921118,-2.889611895691651,-1.4311333791714191,-1.458478516520232,17543834.0,17.82305232123639,2.9635714285714267,0.7099744221625025,0.0,0.0,-0.0387620192307692,-0.0322768246583309,0.0426042657299978,21.0061443921118,-0.2885653842454505,0.0,0.0,0.0,0.5,-1.607569213107936,-1.6360706567658398,-1.8305959842997503,-1.840858569444471,-0.4180291812763636,-1.2117227323300097,-0.2801672821126187,0.3483227414817905,0.7423743488252584,-2.912876501147822,-4.6370983068631135,-4.442102749522426,-3.1011831577969824,0.3483227414817905,1.3647309865893311,-1.433378634804934,-1.8685010215069413,3.808518837457573,-1.0882569376687623,-4.24723386477844,-3.595000655496845,-3.124352736955592,0.3499801265432926,2.720102360181625,2.194177756839159,-2.087395272472133,-2.9758366790959005,-1.6984892649054548,-4.256372007645073,0.2116105457078597,-2.7487472374526525,1.999156597002016,-0.4795181715708452,-1.550173951445417,-1.6733737423076458,-1.0882569376687623,2.194177756839159,-2.087395272472133,-0.5062067388328866,0.0,0.0,0.0,0.0,其他,0,0,0.5,1.0,0,0.2267206477732793,-0.140625,,0.008113590263691683,0.02231237322515213,0.7728194726166329,0.09939148073022312,0.47058823529411764,0.008113590263691683,0.5,0.5,0.5,0.5,0.22672064777327935,0.18421052631578946,0.5
2026-07-09,33.29,33.34,32.07,33.03,1386558.0,34.936,40.234,43.561,45.478,-0.0545569040531256,-0.1790525426256399,-0.2417529441472876,-0.2737147631821979,43.561,54.60096167041401,32.52103832958599,0.0230508803203398,0.5068736562699968,-0.0075120192307692,-0.2084831056793672,-0.2368299445471349,-0.2994697773064686,0.0331836859418703,0.0533303040234715,0.042543479447982,22.2901385480356,-3.271658160202975,-1.7992383353777306,-1.4724198248252445,16157276.0,18.05489032399221,2.9114285714285697,0.693512609722585,0.0,0.0,-0.0245231607629428,-0.0075120192307692,0.042543479447982,22.2901385480356,-0.0081661032322489,0.0,0.0,0.0,0.5,-1.83236835999445,-1.835058560913068,-2.0375789964551663,-1.8761156423924483,-0.4224689044122413,-1.5598863127513762,-0.4930588814925858,0.1970233284322047,0.7061274672511012,-1.684271018985037,-4.155988808319048,-4.183112929694039,-3.067569702802201,0.1970233284322047,1.4178353577074907,-1.910197759349052,-1.6228986839199495,4.34915226704731,-0.2224535808884743,-3.276982072655987,-3.2432399299842305,-3.0949347991236023,0.7704715002317929,2.7103453249524425,2.164797917460956,-1.9810544086543456,-3.2871643146790857,-2.079686256515106,-4.163683376416175,0.1231055487829499,-2.692658973809176,1.9080590700113127,-0.506391442728194,-1.5408251879612649,-1.6602553752250082,-0.2224535808884743,2.164797917460956,-1.9810544086543456,-0.1617096182828195,0.0,0.0,0.0,0.0,其他,0,0,0.5,1.0,0,0.2834008097165992,-0.1026339691189827,,0.016227180527383367,0.016227180527383367,0.7829614604462475,0.09533468559837728,0.27586206896551724,0.006085192697768763,0.5,0.5,0.5,0.5,0.2834008097165992,0.20040485829959515,0.5
2026-07-10,33.03,33.63,32.66,32.76,1068000.0,33.952,38.8,42.849,45.34633333333333,-0.0351083883129124,-0.1556701030927835,-0.2354547363999161,-0.2775601114386316,42.849,54.757683961051725,30.94031603894828,0.0764015556628882,0.5558441952448798,-0.008174386920981,-0.1305732484076434,-0.3044585987261147,-0.3029787234042553,0.0194288322163479,0.0365866782564491,0.0424740879022561,23.12896405782746,-3.555236764473364,-2.150438021196857,-1.404798743276506,15089276.0,21.362553630911208,2.8214285714285703,0.5302926840736896,0.0,0.0,-0.0467032967032966,-0.008174386920981,0.0424740879022561,23.12896405782746,-0.2297473311610477,0.0,0.0,0.0,0.5,-1.8696428748943807,-1.7698447022884152,-1.89843607560576,-1.914394302373165,-0.5684771219074524,-1.7493485804294462,-0.7905584689438845,0.0444643021420217,0.6709141393604159,-1.059883653431967,-3.527110279400605,-3.953076175706728,-3.0406827025289327,0.0444643021420217,1.4352084007216117,-2.316969869837472,-1.4476800755839043,4.724983121404455,-0.2452041042908668,-2.021844692916471,-4.035886857462795,-3.0710018021774927,-0.2721528949676446,1.166427849639567,2.1353616783288345,-1.9075734841612244,-3.4843207993333163,-2.430667538231553,-3.863050843189397,0.0548909913466504,-2.431169096832188,1.7656560033698856,-0.7822067039310271,-1.5316437136350187,-1.6474410933588266,-0.2452041042908668,2.1353616783288345,-1.9075734841612244,-0.4333112257965626,0.0,0.0,0.0,0.0,其他,0,0,0.5,1.0,0,0.3582995951417004,-0.12759462759462759,,0.05070993914807302,0.012170385395537525,0.7768762677484787,0.10953346855983773,0.030425963488843813,0.004056795131845842,0.5,0.5,0.5,0.5,0.3582995951417004,0.20850202429149797,0.5
2026-07-13,32.9,33.0,31.89,32.03,923975.0,33.098,37.393,41.9545,45.200500000000005,-0.0322678107438515,-0.1434225657208566,-0.2365538857571892,-0.2913795201380516,41.9545,54.30617744840649,29.6028225515935,0.0982529481738453,0.5888129973364981,-0.0222832722832722,-0.1176308539944902,-0.3052060737527114,-0.3583733974358974,0.0187819977609597,0.0365440870320127,0.0381705076687386,21.600331673704787,-3.795131833176171,-2.4793767835927203,-1.315755049583451,14165301.0,21.854917426547928,2.765714285714285,0.4742232299453384,0.0,0.0,-0.0824227286918514,-0.0222832722832722,0.0381705076687386,21.600331673704787,-0.1348548689138576,0.0,0.0,0.0,0.5,-1.8809257976245948,-1.870277933610743,-2.042361285773572,-2.040199996752448,-0.6336573212449672,-1.9085959146075369,-1.0807890620384408,-0.1471751578743332,0.6322772988779217,-0.9661149831629432,-3.1850528497175987,-3.857952795942145,-3.110429854770466,-0.1471751578743332,1.3557946789296478,-2.6426538824495345,-1.3722829410250728,4.87434806225158,-0.7379105880000577,-1.804268823171,-3.929843736854586,-3.5258448743348447,-0.3206882111228654,1.1578441643593735,1.6351562568210258,-1.9951406573348247,-3.625177947165696,-2.7434373646734653,-3.531999951791293,-0.0041367764688865,-2.369322965020752,1.6745636016637684,-0.8750500001473595,-1.522624597319689,-1.6349193260399415,-0.7379105880000577,1.6351562568210258,-1.9951406573348247,-0.315893979164792,0.0,0.0,0.0,0.0,其他,0,0,0.5,1.0,0,0.2064777327935222,-0.07149547299406811,,0.1643002028397566,0.012170385395537525,0.7038539553752535,0.1257606490872211,0.02636916835699797,0.014198782961460446,0.5,0.5,0.5,0.5,0.20647773279352227,0.16396761133603238,0.5
2026-07-14,32.17,32.41,31.39,32.41,882100.0,32.702,35.885,41.134,45.04216666666667,-0.0089291174851691,-0.09683711857322,-0.2120873243545487,-0.2804520208841345,41.134,53.74290812919684,28.52509187080316,0.1540541056122712,0.6130650133303928,0.0118638776147359,-0.0575748764175633,-0.3175405348494421,-0.3361327324866858,0.0167379364665612,0.0332203069711468,0.0388797585099219,23.696481558576707,-3.909521054147895,-2.7654056377037555,-1.1441154164441394,15047401.0,22.097820338950328,2.705714285714285,0.4731699851772971,0.0226190476189127,0.0203317281967877,-0.0962665843875346,0.0118638776147359,0.0388797585099219,23.696481558576707,-0.0453204902730052,0.0,0.0,0.0,0.5,-2.007181742442368,-1.961194522418483,-2.1270840220806355,-1.9502192915332828,-0.6515211568064389,-1.9726949880867224,-1.3890905394711583,-0.322882620413928,0.5906253284609109,-0.2210999718483459,-2.1186614838333213,-3.384044684689035,-2.9410967666291152,-0.322882620413928,1.2596338636094115,-2.884056545571257,-1.1929039129826178,4.908087326362015,0.4591483200667307,-0.856553624082798,-3.96972189827512,-3.2442990374854563,-0.4752037356625177,0.8501720308385895,1.7036835766721696,-1.837825356135785,-3.642968357349973,-2.9958352705111992,-3.009452325352258,0.0522298571696244,-2.3263743556659366,1.5791310097115885,-0.8741200024462888,-1.448711231770527,-1.5613909040876823,0.4591483200667307,1.7036835766721696,-1.837825356135785,-0.2051316796740611,0.0,0.0,0.0,0.0,其他,0,0,0.5,1.0,0,0.1838383838383838,-0.09132983647022519,,0.20040485829959515,0.01417004048582996,0.7186234817813765,0.09919028340080972,0.0465587044534413,0.012145748987854251,0.5,0.5,0.5,0.5,0.18383838383838383,0.16767676767676767,0.5
2026-07-15,32.27,32.53,31.62,31.99,740365.0,32.444,34.56,40.292,44.855,-0.0139933423745531,-0.074363425925926,-0.2060458651841555,-0.2868130643183592,40.292,52.98581714395674,27.598182856043245,0.172990405255298,0.6300911914983246,-0.0129589632829373,-0.0387620192307692,-0.2928824049513705,-0.3448699569936514,0.0124826922240921,0.0337994385367857,0.0386383527194306,24.877614595690744,-3.988093565685461,-3.009943223300097,-0.9781503423853636,14307036.0,22.91526062635081,2.499285714285713,0.4064832978334498,0.0,0.0,-0.1059706158174428,-0.0129589632829373,0.0386383527194306,24.877614595690744,-0.1606790613309148,0.0,0.0,0.0,0.5,-1.971597122617476,-1.9244790537825325,-2.0612655615938613,-2.014945612327744,-0.7154589259521733,-2.007779249817036,-1.655060845560879,-0.5030183753390078,0.5418259591156225,-0.3822035812802177,-1.6070860502240945,-3.2213769078554364,-2.943601274443249,-0.5030183753390078,1.1337063900683828,-3.072218169061544,-1.129278197640411,4.861943750310084,-0.4120560835826279,-0.5590992503031542,-3.573268217092493,-3.2576867303220443,-0.7971397450836718,0.9005826619588049,1.6652138220376642,-1.7451575353876092,-3.627166260939807,-3.1909717438396523,-2.52860616189343,0.0047614317376514,-2.2467283128729605,1.2788073805652322,-0.9844796513460056,-1.5057974694441203,-1.6116098130558496,-0.4120560835826279,1.6652138220376642,-1.7451575353876092,-0.3469704185759252,0.0,0.0,0.0,0.0,其他,0,0,0.5,1.0,0,0.1777777777777777,-0.06408252578930906,,0.22469635627530365,0.010121457489878543,0.7206477732793523,0.09716599190283401,0.020242914979757085,0.020242914979757085,0.5,0.5,0.5,0.5,0.17777777777777778,0.17813765182186234,0.5
2026-07-16,31.71,32.53,31.58,32.22,768957.0,32.282,33.608999999999995,39.484,44.67383333333334,-0.0019205749333993,-0.0413282156565204,-0.1839732549893626,-0.2787724357659034,39.484,52.06691138597773,26.901088614022257,0.2113545594815181,0.637367611485456,0.0071897467958736,-0.0245231607629428,-0.2278936017253774,-0.3340223232740802,0.0141865470652937,0.0321087399268828,0.039055947650273,10.593220338197526,-3.9858572876521294,-3.2051260361705043,-0.7807312514816265,15075993.0,17.084136359960553,2.257857142857142,0.4425695864482564,0.0148387096773236,0.0122797650826894,-0.0800744878957169,0.0071897467958736,0.039055947650273,10.593220338197526,0.0386187893809135,0.0,0.0,0.0,0.5,-2.06230380866546,-1.9097339614420967,-2.0517384103311405,-1.954745199741512,-0.7004741982350965,-2.023000036236984,-1.839182705800109,-0.675447828872941,0.49465833601234,0.0041426839133897,-0.869013664408045,-2.830095959515033,-2.8132367927086457,-0.675447828872941,0.9830951950533108,-3.1901577461159527,-1.0060678646067152,4.728947549692734,0.2961918132032065,-0.3340178923132681,-2.7340693555677955,-3.097833477372941,-0.6656725767216984,0.7432718473965085,1.7005007656002449,-2.675597889213336,-3.5434499520616285,-3.3240346758061987,-1.98254111347206,0.0540476563844937,-2.60687630249026,0.9317760402680544,-0.9199247361100108,-1.454724207137342,-1.5630899751886018,0.2961918132032065,1.7005007656002449,-2.675597889213336,-0.1002902497399442,0.0,0.0,0.0,0.0,其他,0,0,0.5,1.0,0,0.1878787878787878,,,0.2813765182186235,0.01417004048582996,0.7307692307692307,0.006072874493927126,0.044534412955465584,0.05263157894736842,0.5,0.5,0.5,0.5,0.18787878787878787,0.5,0.5
2026-07-17,31.9,32.37,30.91,31.23,891500.0,31.976,32.964,38.714,44.4755,-0.0233299974981235,-0.0526028394612303,-0.1933150798160872,-0.2978156513136446,38.714,51.34038073742097,26.08761926257902,0.2036363723042214,0.6522901656965625,-0.0307262569832401,-0.0467032967032966,-0.1711783439490445,-0.3302594895989706,0.0184446801393269,0.0202373829317147,0.038951641064983,10.598834127459526,-4.01765670186456,-3.3676321693093154,-0.6500245325552445,14184493.0,6.292803454954054,2.083571428571428,0.519268637936229,0.0,0.0,-0.0848543067563241,-0.0307262569832401,0.038951641064983,10.598834127459526,0.1593626171554456,0.0,0.0,0.0,0.5,-2.008841575353404,-1.9233395285015,-2.1688076038634354,-2.1260604083033328,-0.6420736408578132,-2.065941595309033,-1.956732565353701,-0.8390685848517416,0.4432409573056015,-0.6804948220624326,-1.115888251799551,-2.924437911058169,-2.935754266659131,-0.8390685848517416,0.8640546563454705,-3.32701791365566,-1.026446629021271,4.675236831491077,-1.0360640404994428,-0.6825219390092462,-2.026852866896736,-3.009045447099976,-0.3401983943468319,-0.3476943351381142,1.677474072993726,-2.6385284925064125,-3.4933150809748965,-3.4153565206199965,-1.6237232812427618,-0.0032846334304609,-3.2647346761050056,0.6816548581518809,-0.7867957542247636,-1.489279998690858,-1.5889428740654288,-1.0360640404994428,1.677474072993726,-2.6385284925064125,0.0492228560574585,0.0,0.0,0.0,0.0,其他,0,0,0.5,1.0,0,0.0868686868686868,,,0.3562753036437247,0.04048582995951417,0.7125506072874493,0.01417004048582996,0.020242914979757085,0.08299595141700405,0.5,0.5,0.5,0.5,0.08686868686868687,0.5,0.5
2026-07-20,31.2,31.67,28.9,29.39,1240008.0,31.448,32.273,37.91,44.2125,-0.0654413635207324,-0.0893316394509341,-0.2247428119229754,-0.3352558665535764,37.91,50.77068018173384,25.04931981826615,0.1687577997578264,0.6784848420838788,-0.0589177073326929,-0.0824227286918514,-0.190358126721763,-0.3536397624807564,0.029067510528539,0.0234409321308235,0.039947500274497,3.1573498962515174,-4.143566138041756,-3.522818963055803,-0.6207471749859526,12944485.0,6.586947228853319,2.002142857142857,0.7240402798526085,0.0,0.0,0.0119088125212656,-0.0589177073326929,0.039947500274497,3.1573498962515174,0.3909231632080763,0.0,0.0,0.0,0.5,-2.123981394174145,-2.030601954530114,-2.5473859687432703,-2.450104704698693,-0.4790908181538162,-2.150735799546724,-2.080370047353437,-1.009060048012158,0.3755103013007014,-2.014536182147987,-1.91832480145289,-3.331260421738594,-3.211079182460898,-1.009060048012158,0.7706010154637093,-3.5053766765196355,-1.1307124867990686,4.716895138379838,-2.0122893948008893,-1.241684002767229,-2.2357915249217992,-3.156848104071821,0.4704387162903066,-0.0525850041654242,1.7758939330948218,-3.076211408102693,-3.522298648108332,-3.4918761202873463,-1.5372450344006814,-0.0830319064445276,-3.1830952439625326,0.5642195196604036,-0.436178274133888,-1.4809895714044772,-1.5777061352849864,-2.0122893948008893,1.7758939330948218,-3.076211408102693,0.3359725217375012,0.0,0.0,0.0,0.0,其他,0,0,0.5,1.0,0,0.5434343434343434,,,0.20445344129554655,0.044534412955465584,0.7186234817813765,0.004048582995951417,0.11538461538461539,0.0728744939271255,0.5,0.5,0.5,0.5,0.5434343434343434,0.5,0.5
2026-07-21,29.38,29.39,26.95,29.29,1499580.0,30.824,31.763,37.088,43.951,-0.0497664157799118,-0.0778578849604886,-0.2102566867989647,-0.3335760278491957,37.088,49.9457195325978,24.230280467402203,0.1967580456141683,0.6933627875627226,-0.0034025178632188,-0.0962665843875346,-0.1482989241058447,-0.3595014213863984,0.0259504092507677,0.0210233002232794,0.0396797592635573,3.552708211707966,-4.202970213244839,-3.6588492130936094,-0.5441210001512289,11444905.0,7.915828000528407,1.931428571428571,0.8692474877580747,0.0,0.0,0.00546261522704,-0.0034025178632188,0.0396797592635573,3.552708211707966,0.209330907542532,0.0,0.0,0.0,0.5,-2.443475392321293,-2.406831580124813,-2.8965258438153763,-2.440989819542988,-0.3576078327017009,-2.2513117458939287,-2.164058610581136,-1.181552899664267,0.3082315744269044,-1.5060208676171605,-1.6536032481160732,-3.05785291569524,-3.1255152838631983,-1.181552899664267,0.6367273602085461,-3.616487579427997,-1.0396741987472713,4.655972622444535,-0.0664822194482589,-1.4527164695094572,-1.7191490872615478,-3.147169854088977,0.2315796480250738,-0.2751086613233318,1.7338396761596595,-2.9981151879037595,-3.494930277043719,-3.543698963004765,-1.3276192677948753,-0.179493825212269,-3.042250397587225,0.4622672684811055,-0.1875026547631867,-1.472836206641145,-1.5667047204625306,-0.0664822194482589,1.7338396761596595,-2.9981151879037595,0.1101114023680116,0.0,0.0,0.0,0.0,其他,0,0,0.5,1.0,0,0.402020202020202,,,0.18218623481781376,0.030364372469635626,0.7105263157894737,0.0020242914979757085,0.18218623481781376,0.06680161943319839,0.5,0.5,0.5,0.5,0.402020202020202,0.5,0.5
2026-07-22,28.99,29.35,28.25,28.6,999611.0,30.146,31.295,36.277,43.677,-0.0512837524049624,-0.0861159929701229,-0.211621688673264,-0.3451931222382489,36.277,49.12741404207005,23.42658595792995,0.2012936713600453,0.7084606798817226,-0.0235575281666097,-0.1059706158174428,-0.140625,-0.3618920124944221,0.0256872030981723,0.0204328309886925,0.0396815078115409,4.250871079724618,-4.256657506198955,-3.778410871714679,-0.4782466344842762,10445294.0,13.969629821740298,1.6614285714285717,0.5781029381457772,0.0,0.0,0.0468531468531467,-0.0235575281666097,0.0396815078115409,4.250871079724618,-0.3334060203523653,0.0,0.0,0.0,0.5,-2.4878429017197425,-2.3874771580648693,-2.603292676553284,-2.5397705144818574,-0.5893822897596209,-2.3586680518697483,-2.236674025458457,-1.349857639074826,0.237816963812516,-1.545680008512284,-1.8227815011242063,-3.023543594251884,-3.158581569681994,-1.349857639074826,0.5042454768148515,-3.712565750362205,-1.0219177400349193,4.599758337861755,-0.7720213356659226,-1.5962206588783334,-1.6174127348617582,-3.108804876117879,0.2110504745258341,-0.3290529465105588,1.722075224767113,-2.9054603428254744,-3.464105281448608,-3.5753713751577094,-1.1484492615242223,-0.2436794668705277,-2.618734018466349,0.0759834443681374,-0.6845298495473674,-1.464816168240754,-1.555930527643714,-0.7720213356659226,1.722075224767113,-2.9054603428254744,-0.5642746115288703,0.0,0.0,0.0,0.0,其他,0,0,0.5,1.0,0,0.6255060728744939,,,0.17611336032388664,0.03643724696356275,0.7186234817813765,0.0020242914979757085,0.10728744939271255,0.058704453441295545,0.5,0.5,0.5,0.5,0.6255060728744939,0.5,0.5
2026-07-23,28.45,29.79,28.45,29.64,981384.0,29.630000000000003,30.956,35.595,43.410833333333336,0.0003374957813027,-0.0425119524486367,-0.1672987779182468,-0.3172211237594302,35.595,48.32778156239983,22.86221843760017,0.2661547882981102,0.715425287954154,0.0363636363636363,-0.0800744878957169,-0.1026339691189827,-0.3151571164510166,0.0354137822496398,0.0261062029181907,0.0415773456986529,14.550264548468192,-4.167248319699368,-3.8561783613116174,-0.3110699583877507,11426678.0,21.746225496922094,1.4592857142857147,0.5761295830133988,0.0550555849652987,0.0470162748641635,,0.0363636363636363,0.0415773456986529,14.550264548468192,-0.0182340930622012,0.0,0.0,0.0,0.5,-2.557524064322746,-2.2874615592919487,-2.5327886852310173,-2.3211760625937083,-0.5965808830679101,-2.4312847450893087,-2.281361636254589,-1.4884460353371023,0.169427412145407,0.0946340346546358,-0.8605536697251831,-2.351886754637269,-2.8565759565289333,-1.4884460353371023,0.3749525440916454,-3.7453343906070176,-0.817446231142261,4.485236335080156,1.3269310076123246,-1.1845090769210134,-1.1593739221950856,-2.669953480968021,0.9544710872376826,0.1955644890521752,1.916282264846534,-2.226691907336493,-3.3243580172342027,-3.56647345153695,-0.7032869033670124,-0.1798578374491237,-2.105804166890944,-0.2132351772783683,-0.686174998528894,-1.3005814996861884,-1.406276317476591,1.3269310076123246,1.916282264846534,-2.226691907336493,-0.1712294903786424,0.0,0.0,0.0,0.0,其他,0,0,0.5,1.0,0,,,,0.1862348178137652,0.05060728744939271,0.7368421052631579,0.018218623481781375,0.12753036437246965,0.0708502024291498,0.5,0.5,0.5,0.5,0.5,0.5,0.5
2026-07-24,29.6,29.6,28.37,28.58,677066.0,29.1,30.538,34.669,43.1125,-0.0178694158075602,-0.0641168380378545,-0.1756324093570624,-0.3370832125253696,34.669,46.54363798894183,22.79436201105816,0.243613236643732,0.6850291608588412,-0.0357624831309042,-0.0848543067563241,-0.1275946275946275,-0.3932059447983015,0.0360023611788406,0.0272695744001944,0.0333391856134338,14.972776767607783,-4.134266782470352,-3.911796045543365,-0.2224707369269873,10749612.0,24.06178966790885,1.4264285714285716,0.4164982560912545,0.0,0.0,,-0.0357624831309042,0.0333391856134338,14.972776767607783,-0.3100906474937435,0.0,0.0,0.0,0.5,-2.319233844456541,-2.29673700140365,-2.5181522419077016,-2.4883875883159288,-0.7369048000077819,-2.5035426202373494,-2.3398272508794755,-1.6764044456527674,0.0928275656085191,-0.4839314273669019,-1.3301375437185214,-2.442417175318145,-2.97043476033794,-1.6764044456527674,0.0875368120813782,-3.666559890897451,-0.8850164083785482,4.107513832479704,-1.1988250948436778,-1.2542728212629275,-1.449607399400461,-3.264067385087786,0.9963851305036844,0.3028353515970615,1.0051116280639665,-2.178599847828437,-3.236304125488977,-3.537946714045685,-0.4671555162904615,-0.2233743647121619,-1.9439555285100911,-0.2599175915325566,-0.9569888742773224,-1.4507784927250804,-1.5368510135983382,-1.1988250948436778,1.0051116280639665,-2.178599847828437,-0.5343994249089535,0.0,0.0,0.0,0.0,其他,0,0,0.5,1.0,0,,,,0.08502024291497975,0.02631578947368421,0.5931174089068826,0.022267206477732792,0.05263157894736842,0.06072874493927125,0.5,0.5,0.5,0.5,0.5,0.5,0.5
2026-07-27,29.0,29.78,28.65,29.74,9027.0,29.17,30.309000000000005,33.851,42.84216666666666,0.0195406239286939,-0.0187733016595732,-0.1214439750672062,-0.3058240907517127,33.851,44.61182739921931,23.09017260078069,0.3089830898909712,0.6357760420187007,0.040587823652904,0.0119088125212656,-0.0714954729940681,-0.354880694143167,0.0345495385085838,0.0318161758705101,0.0363511926762397,27.36124634485823,-3.9687767828497655,-3.923192193004645,-0.0455845898451201,10758639.0,28.042413251940303,1.3700000000000008,0.0060124905544885,0.061343204653298,0.0523938572716694,,0.040587823652904,0.0363511926762397,27.36124634485823,-0.9866674740719515,0.0,0.0,0.0,0.5,-2.4035316611959083,-2.243761204864586,-2.4361079893280024,-2.252795876341735,-1.0456714940250462,-2.461357139589168,-2.359457511423655,-1.837752713959344,0.0234017777423246,0.7066253876754013,-0.3323737421977072,-1.6564427212422124,-2.6578608741416896,-1.837752713959344,-0.2236350066517809,-3.516279347596412,-0.679421043484058,3.62938673075589,1.4704133965469577,0.2636444363412774,-0.7795312608174486,-2.8967665708252883,0.8823121881439447,0.723020941541267,1.330602943556198,-1.3929165685769316,-3.0535355615350186,-3.4729642023802003,0.003034934758293,-0.2224143387785602,-1.6831776486889831,-0.3403810851339206,-1.6509714476143382,-1.269392995302178,-1.372317494379105,1.4704133965469577,1.330602943556198,-1.3929165685769316,-1.3734191182995372,0.0,0.0,0.0,0.0,其他,0,0,0.5,1.0,0,,,,0.5425101214574899,0.030364372469635626,0.6558704453441295,0.08704453441295547,0.19635627530364372,0.08502024291497975,0.5,0.5,0.5,0.5,0.5,0.5,0.5
2026-07-28,29.65,30.24,29.25,29.45,7122.0,29.202,30.013,32.949,42.53683333333333,0.0084925690021231,-0.0187585379668809,-0.1061944216819933,-0.3076588525238911,32.949,41.74017476132798,24.15782523867202,0.3009936046646428,0.5336231607211932,-0.0097511768661734,0.00546261522704,-0.0913298364702251,-0.3798694461991998,0.0349509067294943,0.0311240555385222,0.0344387329773692,29.73544973104445,-3.81702505342702,-3.901958765089121,0.0849337116621007,10751517.0,31.619647393934144,1.3428571428571436,0.0050294812911346,0.0522208883550287,0.0392953929537521,,-0.0097511768661734,0.0344387329773692,29.73544973104445,-0.2110335659687604,0.0,0.0,0.0,0.5,-2.261850686769204,-2.145775944681823,-2.296939269752723,-2.282722457842908,-1.0430648237137488,-2.4276671241402217,-2.391127242527177,-2.0126618854020264,-0.0550076952333389,0.3535862176048968,-0.3314435176608045,-1.431436395723923,-2.6313028679734933,-2.0126618854020264,-0.6858258661110153,-3.2152622969847995,-0.70257478980506,2.8010354155842427,-0.2905847241207389,0.1620687506606206,-1.0124598301835257,-3.0472648502657624,0.910414864625018,0.657171502436621,1.1158737084149315,-1.238636334895994,-2.8908831054960027,-3.3845268262987216,0.3499077616161963,-0.2225045789945207,-1.45174287962374,-0.3787265937361881,-1.6422138573215217,-1.2896057211787275,-1.403123804359155,-0.2905847241207389,1.1158737084149315,-1.238636334895994,-0.4048394326574247,0.0,0.0,0.0,0.0,其他,0,0,0.5,1.0,0,,,,0.4008097165991903,0.032388663967611336,0.6214574898785425,0.0951417004048583,0.08704453441295547,0.11538461538461539,0.5,0.5,0.5,0.5,0.5,0.5,0.5
2026-07-29,29.49,30.05,29.14,29.94,7115.0,29.47,29.808,32.184,42.2375,0.0159484221241941,0.0044283413848631,-0.0697240865026098,-0.2911512281740159,32.184,38.88645014116004,25.48154985883995,0.3325985309273134,0.4165082116044754,0.0166383701188455,0.0468531468531467,-0.064082525789309,-0.3381962864721485,0.0322424326843051,0.032107373926257,0.0350264390403808,34.05572754925923,-3.61554406822869,-3.8446758257170353,0.2291317574883451,10758632.0,36.05539875316472,1.3171428571428578,0.0059066237908595,0.1034220532311529,0.0614272809391987,,0.0166383701188455,0.0350264390403808,34.05572754925923,-0.0009828699803425,0.0,0.0,0.0,0.5,-2.2684178130555464,-2.158246047978331,-2.294715748997872,-2.1737013889744645,-1.0396058580762422,-2.351892757208945,-2.40415104558999,-2.154092693934896,-0.1318720037909685,0.590454508204174,0.1796621270963405,-0.9093442506767496,-2.457873388023159,-2.154092693934896,-1.1427617647397612,-2.879615837261771,-0.6024248289797789,1.8965942638341555,0.6328034453235493,0.8113950335760001,-0.686155841995003,-2.671484567374271,0.7007071981657063,0.7466825235601575,1.1757158824127885,-0.964621503380386,-2.699224681000108,-3.271696844656772,0.7325735507873757,-0.2216710221068559,-1.1700581571064046,-0.4149825350192366,-1.6304956381663132,-1.1388280500110624,-1.3299166786132448,0.6328034453235493,1.1757158824127885,-0.964621503380386,-0.1421568439416164,0.0,0.0,0.0,0.0,其他,0,0,0.5,1.0,0,,,,0.6247464503042597,0.0486815415821501,0.6430020283975659,0.15415821501014199,0.04665314401622718,0.14198782961460446,0.5,0.5,0.5,0.5,0.5,0.5,0.5
