date,open,high,low,close,volume,ma5,ma10,ma20,ma60,ma5_ratio,ma10_ratio,ma20_ratio,ma60_ratio,bollinger_mid,bollinger_upper,bollinger_lower,bollinger_pct_b,bollinger_bandwidth,return_1d,return_5d,return_10d,return_20d,volatility_5d,volatility_10d,volatility_20d,rsi_14,macd,macd_signal,macd_histogram,obv,mfi_14,atr_14,volume_ratio_20d,price_position_20d,price_position_60d,future_return,return,volatility,rsi,volume_change,csi300_return_1d,csi300_return_5d,csi300_volatility_20d,market_breadth,open_norm,high_norm,low_norm,close_norm,volume_norm,ma5_norm,ma10_norm,ma20_norm,ma60_norm,ma5_ratio_norm,ma10_ratio_norm,ma20_ratio_norm,ma60_ratio_norm,bollinger_mid_norm,bollinger_upper_norm,bollinger_lower_norm,bollinger_pct_b_norm,bollinger_bandwidth_norm,return_1d_norm,return_5d_norm,return_10d_norm,return_20d_norm,volatility_5d_norm,volatility_10d_norm,volatility_20d_norm,rsi_14_norm,macd_norm,macd_signal_norm,macd_histogram_norm,obv_norm,mfi_14_norm,atr_14_norm,volume_ratio_20d_norm,price_position_20d_norm,price_position_60d_norm,return_norm,volatility_norm,rsi_norm,volume_change_norm,csi300_return_1d_norm,csi300_return_5d_norm,csi300_volatility_20d_norm,market_breadth_norm,sector,sector_momentum_5d,sector_momentum_20d,sector_breadth,sector_vol_flow,sector_relative_strength,future_return_rank,future_return_10d,future_return_20d,cs_rank_return_5d,cs_rank_return_20d,cs_rank_volatility,cs_rank_rsi,cs_rank_volume_ratio_20d,cs_rank_ma20_ratio,cs_rank_max_ret_5d,cs_rank_reversal_1d,cs_rank_amihud_illiq,cs_rank_idio_vol_20d,future_return_rank_5d,future_return_rank_10d,future_return_rank_20d
2025-12-18,79.0,79.0,65.65,67.23,15294732.0,,,,,,,,,,,,,,,,,,,,,,0.0,0.0,0.0,0.0,,,,,,-0.2329317269076305,,,,,0.0,0.0,0.0,0.5,,,,,,,,,,,,,,,,,,,,,,,,,,,,,,,,,,,,,,,,,,,,其他,0,0,0.5,1.0,0,0.004040404040404,-0.2623828647925034,-0.21984233229213146,0.5,0.5,0.5,0.5,0.5,0.5,0.5,0.5,0.5,0.5,0.00404040404040404,0.00404040404040404,0.006060606060606061
2025-12-19,61.0,61.96,57.45,57.49,11700013.0,,,,,,,,,,,,,,-0.1448757994942734,,,,,,,,-0.2185256410256428,-0.1214031339031349,-0.0971225071225079,-11700013.0,,,,,,-0.1061054096364585,-0.1448757994942734,,,-0.2350298782613517,0.0,0.0,0.0,0.5,,,,,,,,,,,,,,,,,,,,,,,,,,,,,,,,,,,,,,,,,,,,其他,0,0,0.5,1.0,0,0.0101010101010101,-0.13150113063141422,-0.10488780657505659,0.5,0.5,0.5,0.5,0.5,0.5,0.5,0.5,0.5,0.5,0.010101010101010102,0.010101010101010102,0.03434343434343434
2025-12-22,55.5,56.58,54.04,54.19,8450585.0,,,,,,,,,,,,,,-0.0574012871803792,,,,,,,,-0.3807778436686533,-0.2277042444627735,-0.1530735992058797,-20150598.0,,,,,,-0.0738143568924155,-0.0574012871803792,,,-0.2777285803015774,0.0,0.0,0.0,0.5,,,,,,,,,,,,,,,,,,,,,,,,,,,,,,,,,,,,,,,,,,,,其他,0,0,0.5,1.0,0,0.0363636363636363,-0.07455250046133977,-0.047979331980069984,0.5,0.5,0.5,0.5,0.5,0.5,0.5,0.5,0.5,0.5,0.03636363636363636,0.05858585858585859,0.10707070707070707
2025-12-23,53.26,58.21,51.4,55.71,11075597.0,,,,,,,,,,,,,,0.0280494556191179,,,,,,,,-0.3903624068973457,-0.2828052479975202,-0.1075571588998254,-9075001.0,,,,,,-0.1134446239454317,0.0280494556191179,,,0.310630802482905,0.0,0.0,0.0,0.5,,,,,,,,,,,,,,,,,,,,,,,,,,,,,,,,,,,,,,,,,,,,其他,0,0,0.5,1.0,0,0.0141414141414141,-0.10195656076108417,-0.0795189373541555,0.5,0.5,0.5,0.5,0.5,0.5,0.5,0.5,0.5,0.5,0.014141414141414142,0.022222222222222223,0.05656565656565657
2025-12-24,52.9,53.33,52.01,52.06,7182602.0,57.336,,,,-0.0920189758615878,,,,,,,,,-0.0655178603482319,,,,,,,,-0.5325943041271088,-0.3571118448947086,-0.1754824592324002,-16257603.0,,,,,,-0.055512869765655,-0.0655178603482319,,,-0.3514930165841173,0.0,0.0,0.0,0.5,,,,,,,,,,,,,,,,,,,,,,,,,,,,,,,,,,,,,,,,,,,,其他,0,0,0.5,1.0,0,0.082995951417004,-0.03707260852862082,-0.009988474836726935,0.5,0.5,0.5,0.5,0.5,0.5,0.5,0.5,0.5,0.5,0.08299595141700405,0.07489878542510121,0.15789473684210525
2025-12-25,51.62,52.04,51.2,51.57,4088593.0,54.20399999999999,,,,-0.0485941996900596,,,,,,,,,-0.0094122166730695,-0.2329317269076305,,,0.0652609074371652,,,,-0.6290366478947149,-0.4308185852342888,-0.198218062660426,-20346196.0,,,,,,-0.0383944153577661,-0.0094122166730695,,,-0.4307643664510437,0.0,0.0,0.0,0.5,,,,,,,,,,,,,,,,,,,,,,,,,,,,,,,,,,,,,,,,,,,,其他,0,0,0.5,1.0,0,0.1434343434343434,-0.024432809773123898,0.008338181113050291,0.0020242914979757085,0.5,0.5,0.5,0.5,0.5,0.5,0.5,0.5,0.5,0.14343434343434344,0.11313131313131314,0.27070707070707073
2025-12-26,51.28,51.95,51.21,51.39,3371645.0,52.984,,,,-0.0300845538275705,,,,,,,,,-0.0034904013961605,-0.1061054096364585,,,0.0392175608627078,,,,-0.6882054285105994,-0.4959563288113665,-0.1922490996992329,-23717841.0,,,,,,-0.0284101965362911,-0.0034904013961605,,,-0.1753532327624686,0.0,0.0,0.0,0.5,,,,,,,,,,,,,,,,,,,,,,,,,,,,,,,,,,,,,,,,,,,,其他,0,0,0.5,1.0,0,0.1257606490872211,-0.015956411753259347,0.00895115781280409,0.008130081300813009,0.5,0.5,0.5,0.5,0.5,0.5,0.5,0.5,0.5,0.1257606490872211,0.1845841784989858,0.332657200811359
2025-12-29,51.3,51.31,50.08,50.19,3601692.0,52.184000000000005,,,,-0.0382109458837959,,,,,,,,,-0.0233508464681845,-0.0738143568924155,,,0.0340529511896433,,,,-0.7738862538752116,-0.5627481162776077,-0.2111381375976039,-27319533.0,,,,,,-0.0007969715082685,-0.0233508464681845,,,0.0682298996483912,0.0,0.0,0.0,0.5,,,,,,,,,,,,,,,,,,,,,,,,,,,,,,,,,,,,,,,,,,,,其他,0,0,0.5,1.0,0,0.3252525252525252,0.000996214385335703,0.018131101813110284,0.03643724696356275,0.5,0.5,0.5,0.5,0.5,0.5,0.5,0.5,0.5,0.32525252525252524,0.28888888888888886,0.36767676767676766
2025-12-30,50.0,50.15,49.39,49.39,2592288.0,50.92,,,,-0.0300471327572663,,,,,,,,,-0.0159394301653715,-0.1134446239454317,,,0.0246045008233192,,,,-0.8611345168398543,-0.6316768551100532,-0.2294576617298011,-29911821.0,,,,,,0.0129580886819193,-0.0159394301653715,,,-0.2802582786090537,0.0,0.0,0.0,0.5,,,,,,,,,,,,,,,,,,,,,,,,,,,,,,,,,,,,,,,,,,,,其他,0,0,0.5,1.0,0,0.3704453441295546,0.015185260174124249,0.016400080988054233,0.012170385395537525,0.5,0.5,0.5,0.5,0.5,0.5,0.5,0.5,0.5,0.37044534412955465,0.4068825910931174,0.32793522267206476
2025-12-31,49.41,49.66,49.16,49.17,1872979.0,50.342,53.839,,,-0.0232807596043065,-0.0867215215735804,,,,,,,,-0.0044543429844098,-0.055512869765655,,,0.0083390565007294,,,,-0.9218296196482356,-0.6966879177114723,-0.2251417019367633,-31784800.0,,,,,,0.0195241000610129,-0.0044543429844098,,,-0.2774803571208137,0.0,0.0,0.0,0.5,,,,,,,,,,,,,,,,,,,,,,,,,,,,,,,,,,,,,,,,,,,,其他,0,0,0.5,1.0,0,0.383367139959432,0.03579418344519003,0.0469798657718119,0.07926829268292683,0.5,0.5,0.5,0.5,0.5,0.5,0.5,0.5,0.5,0.38336713995943206,0.5578093306288032,0.5273833671399595
2026-01-05,49.06,49.66,49.06,49.59,1866481.0,49.946000000000005,52.075,,,-0.0071276979137469,-0.0477196351416226,,,,,,,,0.0085417937766931,-0.0383944153577661,-0.2623828647925034,,0.0122971603655131,0.0495203151800793,,,-0.930385220803224,-0.7478195522964967,-0.1825656685067272,-29918319.0,,,,,,0.014519056261343,0.0085417937766931,,,-0.0034693394853866,0.0,0.0,0.0,0.5,,,,,,,,,,,,,,,,,,,,,,,,,,,,,,,,,,,,,,,,,,,,其他,0,0,0.5,1.0,0,0.305668016194332,0.057672917927001466,0.02117362371445841,0.14198782961460446,0.5,0.5,0.5,0.5,0.5,0.5,0.5,0.5,0.5,0.305668016194332,0.694331983805668,0.5546558704453441
2026-01-06,49.46,49.99,49.41,49.93,1905216.0,49.654,51.319,,,0.005558464574858,-0.027065998947758,,,,,,,,0.0068562210123008,-0.0284101965362911,-0.1315011306314142,,0.0139502028894505,0.0289853319735683,,,-0.9053235250902532,-0.7816448001910253,-0.1236787248992278,-28013103.0,,,,,,0.0128179451231724,0.0068562210123008,,,0.0207529570351907,0.0,0.0,0.0,0.5,,,,,,,,,,,,,,,,,,,,,,,,,,,,,,,,,,,,,,,,,,,,其他,0,0,0.5,1.0,0,0.5809716599190283,0.030642900060084077,0.01842579611456041,0.12778904665314403,0.5,0.5,0.5,0.5,0.5,0.5,0.5,0.5,0.5,0.5809716599190283,0.5789473684210527,0.5445344129554656
2026-01-07,49.91,50.52,49.57,50.15,2591790.0,49.646,50.915,,,0.0101518752769609,-0.015025041736227,,,,,,,,0.0044061686360905,-0.0007969715082685,-0.0745525004613397,,0.0101639240915303,0.0249142270416566,,,-0.8623002073638233,-0.7987142865628861,-0.0635859208009371,-25421313.0,,,,,,0.0017946161515454,0.0044061686360905,,,0.3603654388793711,0.0,0.0,0.0,0.5,,,,,,,,,,,,,,,,,,,,,,,,,,,,,,,,,,,,,,,,,,,,其他,0,0,0.5,1.0,0,0.3765182186234818,0.028713858424725958,0.02133599202392822,0.32454361054766734,0.5,0.5,0.5,0.5,0.5,0.5,0.5,0.5,0.5,0.3765182186234818,0.5182186234817814,0.46153846153846156
2026-01-08,50.0,50.25,49.82,50.03,1767352.0,49.774,50.347,,,0.0051432474786032,-0.0062963036526506,,,,,,,,-0.0023928215353937,0.0129580886819193,-0.1019565607610841,,0.005730929856563,0.0217570085418512,,11.261261260551096,-0.8258519415211936,-0.8043915042279958,-0.0214604372931977,-27188665.0,27.8082395117127,3.1328571428571435,,,,0.002198680791525,-0.0023928215353937,,11.261261260551096,-0.3180959877150541,0.0,0.0,0.0,0.5,,,,,,,,,,,,,,,,,,,,,,,,,,,,,,,,,,,,,,,,,,,,其他,0,0,0.5,1.0,0,0.4929006085192697,0.02498500899460332,0.021786927843294057,0.3699186991869919,0.5,0.5,0.0,0.5,0.5,0.5,0.5,0.5,0.5,0.49290060851926976,0.4259634888438134,0.5415821501014199
2026-01-09,50.08,50.23,49.94,50.13,1861508.0,49.966,50.154,,,0.0032822319177041,-0.0004785261394903,,,,,,,,0.0019988007195683,0.0195241000610129,-0.0370726085286208,,0.00429401462084,0.0101674126148795,,11.659192824380142,-0.7818932215474987,-0.7997277566622134,0.0178345351147146,-25327157.0,29.772457037626765,2.2000000000000006,,,,0.0159585078795132,0.0019988007195683,,11.659192824380142,0.0532751823066373,0.0,0.0,0.0,0.5,,,,,,,,,,,,,,,,,,,,,,,,,,,,,,,,,,,,,,,,,,,,其他,0,0,0.5,1.0,0,0.7403651115618661,0.028126870137642035,0.021743466985836735,0.38414634146341464,0.5,0.5,0.0,0.5,0.5,0.5,0.5,0.5,0.5,0.7403651115618661,0.4847870182555781,0.592292089249493
2026-01-12,50.23,50.39,49.91,50.31,2188115.0,50.11,50.028000000000006,,,0.0039912193175015,0.005636843367714,,,,,,,,0.0035906642728904,0.014519056261343,-0.0244328097731238,,0.0034359507449776,0.0101905180342865,,21.821036104352487,-0.7277931287292603,-0.7849241464928575,0.0571310177635971,-23139042.0,39.6947253493475,1.5357142857142867,,,,0.0425362750944147,0.0035906642728904,,21.821036104352487,0.175452912369971,0.0,0.0,0.0,0.5,,,,,,,,,,,,,,,,,,,,,,,,,,,,,,,,,,,,,,,,,,,,其他,0,0,0.5,1.0,0,0.8316430020283976,0.03359173126614978,0.03557940767243095,0.3048780487804878,0.5,0.5,0.006097560975609756,0.5,0.5,0.5,0.5,0.5,0.5,0.8316430020283976,0.6206896551724138,0.6632860040567952
2026-01-13,50.32,50.85,50.0,50.57,2709740.0,50.238,49.946000000000005,,,0.0066085433337315,0.01249349297241,,,,,,,,0.0051679586563306,0.0128179451231724,-0.0159564117532593,,0.0030048823085699,0.0104542058034434,,31.340206181043683,-0.6614124293887684,-0.7596527416242936,0.0982403122355252,-20429302.0,50.27986090366375,1.350000000000001,,,,0.017599367213763,0.0051679586563306,,31.340206181043683,0.2383901211773604,0.0,0.0,0.0,0.5,,,,,,,,,,,,,,,,,,,,,,,,,,,,,,,,,,,,,,,,,,,,其他,0,0,0.5,1.0,0,0.5914634146341463,0.025311449475973857,0.028277634961439535,0.5824847250509165,0.5,0.5,0.04480651731160896,0.5,0.5,0.5,0.5,0.5,0.5,0.5914634146341463,0.5813008130081301,0.5975609756097561
2026-01-14,50.57,50.9,50.04,50.24,2505027.0,50.25600000000001,49.95100000000001,,,-0.0003183699458771,0.0057856699565572,,,,,,,,-0.0065256080680244,0.0017946161515454,0.0009962143853357,,0.0047756844181915,0.0074910306390377,,17.861339597531597,-0.6232623569901037,-0.7318742519138196,0.1086118949237159,-22934329.0,32.25798754765536,0.9250000000000008,,,,0.0268710191082803,-0.0065256080680244,,17.861339597531597,-0.0755471004598227,0.0,0.0,0.0,0.5,,,,,,,,,,,,,,,,,,,,,,,,,,,,,,,,,,,,,,,,,,,,其他,0,0,0.5,1.0,0,0.6565040650406504,0.017117834394904552,0.02806528662420371,0.37678207739307534,0.5,0.5,0.012219959266802444,0.5,0.5,0.5,0.5,0.5,0.5,0.6565040650406504,0.5121951219512195,0.5650406504065041
2026-01-15,50.0,50.48,49.93,50.14,1537588.0,50.278000000000006,50.026,,,-0.0027447392497713,0.0022788150161916,,,,,,,,-0.0019904458598726,0.002198680791525,0.0151852601741242,,0.004720607975783,0.0050771087624506,,30.6451612816727,-0.5927776735283885,-0.7036481553147309,0.1108704817863424,-24471917.0,37.8255418901438,0.7000000000000003,,,,0.022736338252892,-0.0019904458598726,,30.6451612816727,-0.3861990309884884,0.0,0.0,0.0,0.5,,,,,,,,,,,,,,,,,,,,,,,,,,,,,,,,,,,,,,,,,,,,其他,0,0,0.5,1.0,0,0.5010141987829615,0.0011966493817312518,0.018946948544076747,0.491869918699187,0.5,0.5,0.054878048780487805,0.5,0.5,0.5,0.5,0.5,0.5,0.5010141987829615,0.3935091277890467,0.5578093306288032
2026-01-16,50.1,50.94,50.07,50.93,2455388.0,50.438,50.202000000000005,52.020500000000006,,0.0097545501407667,0.0145014142862833,-0.0209628896300497,,52.020500000000006,60.390859924349606,43.650140075650405,0.4348594319778772,0.3218100527420347,0.0157558835261268,0.0159585078795132,0.03579418344519,,0.0084143310935415,0.0063080380277084,,43.916349798197146,-0.510632850050385,-0.664594840193568,0.153961990143183,-22016529.0,47.34980956692544,0.7007142857142858,0.5419150221491799,0.0974529346616972,,0.0119772236402906,0.0157558835261268,,43.916349798197146,0.5969089248875512,0.0,0.0,0.0,0.5,,,,,,,,,,,,,,,,,,,,,,,,,,,,,,,,,,,,,,,,,,,,其他,0,0,0.5,1.0,0,0.2530364372469635,0.010799136069114423,-0.00647948164146861,0.7383367139959433,0.5,0.5,0.2697768762677485,0.07302231237322515,0.18052738336713997,0.5,0.5,0.5,0.5,0.25303643724696356,0.4817813765182186,0.4291497975708502
2026-01-19,50.9,52.5,50.69,52.45,4041783.0,50.866,50.488,51.28150000000001,,0.0311406440451382,0.0388607193788623,0.0227859949494455,,51.28150000000001,55.65202459816415,46.91097540183587,0.6336796045522156,0.1704522916902046,0.0298448851364618,0.0425362750944147,0.0576729179270014,-0.2198423322921314,0.0146215644239244,0.0104330258683763,0.0390587664567403,58.0303030179936,-0.3404832633070214,-0.5991690786769968,0.2586858153699753,-17974746.0,58.77789413916575,0.7771428571428574,1.018517732194128,0.394230769226031,,-0.0085795996186844,0.0298448851364618,0.0390587664567403,58.0303030179936,0.6460872986265307,0.0,0.0,0.0,0.5,,,,,,,,,,,,,,,,,,,,,,,,,,,,,,,,,,,,,,,,,,,,其他,0,0,0.5,1.0,0,0.2778904665314402,-0.03450905624404199,-0.027264061010486174,0.8292682926829268,0.0040650406504065045,0.8821138211382114,0.49390243902439024,0.5426829268292683,0.5101626016260162,0.5,0.5,0.5,0.5,0.2778904665314402,0.4300202839756592,0.32454361054766734
2026-01-20,52.44,52.44,51.16,51.46,2389679.0,51.044,50.641,50.98,,0.0081498315179062,0.01617266641654,0.0094154570419771,,50.98,54.2373932102704,47.72260678972961,0.5736785473778869,0.1277910243336211,-0.0188751191611058,0.017599367213763,0.030642900060084,-0.1048878065750565,0.0192058761778216,0.012972355527263,0.023476743010919,59.937402177791526,-0.2711001741836085,-0.5330675546194505,0.261967380435842,-20364425.0,60.889773030620496,0.7757142857142861,0.6822230807143487,0.3501529051934226,,0.0075787019043918,-0.0188751191611058,0.023476743010919,59.937402177791526,-0.4087562345628155,0.0,0.0,0.0,0.5,,,,,,,,,,,,,,,,,,,,,,,,,,,,,,,,,,,,,,,,,,,,其他,0,0,0.5,1.0,0,0.5575757575757576,-0.011853867081228153,0.005441119315973575,0.5870445344129555,0.032388663967611336,0.6174089068825911,0.4676113360323887,0.17611336032388664,0.3623481781376518,0.5,0.5,0.5,0.5,0.5575757575757576,0.5171717171717172,0.4505050505050505
2026-01-21,51.29,51.7,51.13,51.59,1559321.0,51.31400000000001,50.785,50.85,,0.0053786491016096,0.0158511371467953,0.0145526057030482,,50.85,53.75663125682598,47.94336874317402,0.6272951287163523,0.1143217800125964,0.0025262339681306,0.0268710191082803,0.0287138584247259,-0.0479793319800699,0.0184183447581228,0.0129649116414835,0.0200446471958879,69.23076921382466,-0.2052444370077211,-0.4671136077117422,0.2618691707040211,-18805104.0,62.75740556275753,0.759285714285715,0.4937342537845378,0.3700305810340977,,-0.0094979647218453,0.0025262339681306,0.0200446471958879,69.23076921382466,-0.3474767950005001,0.0,0.0,0.0,0.5,,,,,,,,,,,,,,,,,,,,,,,,,,,,,,,,,,,,,,,,,,,,其他,0,0,0.5,1.0,0,0.4161616161616162,-0.0071719325450669835,0.02403566582671046,0.6518218623481782,0.10323886639676114,0.52834008097166,0.7145748987854251,0.10121457489878542,0.41295546558704455,0.5,0.5,0.5,0.5,0.4161616161616162,0.4707070707070707,0.5595959595959596
2026-01-22,51.59,51.68,51.22,51.28,1398127.0,51.54200000000001,50.91,50.6285,,-0.0050832330914595,0.0072677273620114,0.0128682461459455,,50.6285,52.44737501378994,48.80962498621006,0.6790942189520147,0.0718518231346514,-0.0060089164566776,0.022736338252892,0.0249850089946033,-0.0795189373541555,0.0189055348362299,0.0131779287586033,0.0187382592362345,68.15834765999625,-0.1729847380062921,-0.4080087188243969,0.2350239808181048,-20203231.0,63.584604817274645,0.7564285714285722,0.5227921730537678,0.6432926829072163,,-0.0210608424336973,-0.0060089164566776,0.0187382592362345,68.15834765999625,-0.103374481585254,0.0,0.0,0.0,0.5,,,,,,,,,,,,,,,,,,,,,,,,,,,,,,,,,,,,,,,,,,,,其他,0,0,0.5,1.0,0,0.3838383838383838,-0.0031201248049922414,0.03334633385335417,0.4979757085020243,0.05465587044534413,0.48785425101214575,0.611336032388664,0.10931174089068826,0.305668016194332,0.5,0.5,0.5,0.5,0.3838383838383838,0.6282828282828283,0.6323232323232323
2026-01-23,51.32,51.58,51.2,51.54,1396225.0,51.664,51.051,50.6025,,-0.0024001238773614,0.00957865663748,0.0185267526307988,,50.6025,52.34862804739361,48.85637195260639,0.7684511028050122,0.069013509110821,0.0050702028081122,0.0119772236402906,0.028126870137642,-0.0099884748367269,0.017914003571902,0.0131994702309829,0.0119535402397087,67.2566371514762,-0.1277929797607981,-0.3517530430775828,0.2239600633167847,-18807006.0,63.10033818583686,0.7407142857142865,0.5854126967166009,0.7225609755877258,,-0.0011641443538998,0.0050702028081122,0.0119535402397087,67.2566371514762,-0.0013603914379738,0.0,0.0,0.0,0.5,,,,,,,,,,,,,,,,,,,,,,,,,,,,,,,,,,,,,,,,,,,,其他,0,0,0.5,1.0,0,0.6868686868686869,-0.0062087698874661035,0.01202949165696543,0.25101214574898784,0.15384615384615385,0.2125506072874494,0.6093117408906883,0.08097165991902834,0.340080971659919,0.5,0.5,0.5,0.5,0.6868686868686869,0.6545454545454545,0.604040404040404
2026-01-26,51.52,52.48,51.39,52.0,2429066.0,51.574,51.220000000000006,50.624,,0.0082599759568775,0.015228426395939,0.0271807838179518,,50.624,52.4298548056107,48.8181451943893,0.8809830102721261,0.0713438213340365,0.0089251067132325,-0.0085795996186844,0.0335917312661497,0.0083381811130502,0.0110695222325738,0.0133395292799533,0.0119318888161797,67.9376083024068,-0.0588162526032078,-0.292988078776126,0.2341718261729181,-16377940.0,63.83801872039567,0.7771428571428574,1.055174940775626,0.8628048780224746,,-0.0261538461538461,0.0089251067132325,0.0119318888161797,67.9376083024068,0.7397382227076581,0.0,0.0,0.0,0.5,,,,,,,,,,,,,,,,,,,,,,,,,,,,,,,,,,,,,,,,,,,,其他,0,0,0.5,1.0,0,0.6515151515151515,0.0019230769230769162,-0.02538461538461534,0.2773279352226721,0.26720647773279355,0.20445344129554655,0.6963562753036437,0.451417004048583,0.5242914979757085,0.5,0.5,0.5,0.5,0.6515151515151515,0.6181818181818182,0.5353535353535354
2026-01-27,51.75,52.39,50.35,51.85,2025261.0,51.652,51.348,50.647000000000006,,0.0038333462402231,0.0097764275142167,0.0237526408276895,,50.647000000000006,52.50490034291682,48.78909965708319,0.8237525641523292,0.0733666492749084,-0.0028846153846153,0.0075787019043918,0.0253114494759738,0.008951157812804,0.0060111794803358,0.0134626925895542,0.0119220367667674,64.91228068581104,-0.015018687194285,-0.2372594569200511,0.2222407697257661,-18403201.0,56.482045427507465,0.8549999999999999,0.9062660016441352,0.8170731707067962,,-0.0192864030858245,-0.0028846153846153,0.0119220367667674,64.91228068581104,-0.1662387930175631,0.0,0.0,0.0,0.5,,,,,,,,,,,,,,,,,,,,,,,,,,,,,,,,,,,,,,,,,,,,其他,0,0,0.5,1.0,0,0.4888888888888889,0.0028929604628735728,-0.038187078109932604,0.5566801619433198,0.3340080971659919,0.1862348178137652,0.6700404858299596,0.4271255060728745,0.5647773279352226,0.5,0.5,0.5,0.5,0.4888888888888889,0.5696969696969697,0.46464646464646464
2026-01-28,51.7,52.0,51.03,51.1,1578216.0,51.554,51.434000000000005,50.6925,,-0.0088063001900917,-0.0064937589921064,0.0080386644967203,,50.6925,52.54784647069373,48.83715352930627,0.6098177635217235,0.0732000382971868,-0.0144648023143684,-0.0094979647218453,0.0171178343949045,0.0181311018131102,0.0092397217110644,0.0142694960090653,0.0111248086487361,58.45181673272788,-0.034321850963785,-0.1965932758948354,0.1622714249310504,-19981417.0,56.7519890830288,0.8935714285714285,0.7397110225527084,0.5884146341284017,,0.0023483365949119,-0.0144648023143684,0.0111248086487361,58.45181673272788,-0.2207345127368768,0.0,0.0,0.0,0.5,,,,,,,,,,,,,,,,,,,,,,,,,,,,,,,,,,,,,,,,,,,,其他,0,0,0.5,1.0,0,0.5535353535353535,0.010763209393346296,-0.021330724070450113,0.4149797570850202,0.36639676113360325,0.15587044534412955,0.5546558704453441,0.3360323886639676,0.46153846153846156,0.5,0.5,0.5,0.5,0.5535353535353535,0.6202020202020202,0.5070707070707071
2026-01-29,51.13,51.13,50.18,50.2,1631268.0,51.338,51.44,50.733,,-0.0221668160037399,-0.0241057542768272,-0.0105059822994894,,50.733,52.50198543625551,48.964014563744485,0.3493486749209329,0.0697370719749285,-0.0176125244618394,-0.0210608424336973,0.0011966493817312,0.0164000809880542,0.0116747278270204,0.0155289083084073,0.0112639742776778,50.490883580548775,-0.1138615753180118,-0.180021291876287,0.0661597165582751,-21612685.0,51.04333250975426,0.9407142857142858,0.7821927191308202,0.3140243902343287,,0.0183266932270915,-0.0176125244618394,0.0112639742776778,50.490883580548775,0.0336151705469973,0.0,0.0,0.0,0.5,,,,,,,,,,,,,,,,,,,,,,,,,,,,,,,,,,,,,,,,,,,,其他,0,0,0.5,1.0,0,0.7434343434343434,0.017729083665338763,0.04880478087649398,0.3825910931174089,0.3259109311740891,0.1396761133603239,0.4089068825910931,0.31983805668016196,0.340080971659919,0.5,0.5,0.5,0.5,0.7434343434343434,0.6828282828282828,0.7111111111111111
2026-01-30,50.0,51.97,49.91,51.48,2601281.0,51.326,51.495000000000005,50.8485,,0.0030004286326617,-0.0002912904165454,0.012419245405469,,50.8485,52.48444202702584,49.21255797297417,0.693008061868418,0.064345733975343,0.0254980079681272,-0.0011641443538998,0.0107991360691144,0.0469798657718119,0.0177306260676587,0.0168598712216651,0.0124473086986874,57.108140938037465,-0.0816672672020644,-0.1603261054816233,0.0786588382795589,-19011404.0,51.774414424304446,1.0535714285714286,1.2259081579639888,0.6608391608160524,,-0.0050505050505049,0.0254980079681272,0.0124473086986874,57.108140938037465,0.5946374231579361,0.0,0.0,0.0,0.5,,,,,,,,,,,,,,,,,,,,,,,,,,,,,,,,,,,,,,,,,,,,其他,0,0,0.5,1.0,0,0.494949494949495,-0.017094017094017033,0.04662004662004682,0.6862348178137652,0.5263157894736842,0.1720647773279352,0.6477732793522267,0.7105263157894737,0.5850202429149798,0.5,0.5,0.5,0.5,0.494949494949495,0.4222222222222222,0.7191919191919192
2026-02-02,51.31,51.75,50.62,50.64,1434179.0,51.054,51.314,50.901,,-0.0081090609942414,-0.0131348170090034,-0.0051276006365296,,50.901,52.43084209711498,49.37115790288501,0.4146970786940477,0.0601104928041484,-0.0163170163170162,-0.0261538461538461,-0.0345090562440419,0.0211736237144584,0.018105347827544,0.0142660904824991,0.0130264047712777,50.39727581491985,-0.1170116401969281,-0.1516546246059836,0.0346429844090555,-20445583.0,44.78277999646436,1.0735714285714286,0.6828427184318099,0.2817460317348513,,0.0288309636650869,-0.0163170163170162,0.0130264047712777,50.39727581491985,-0.4486643311506907,0.0,0.0,0.0,0.5,,,,,,,,,,,,,,,,,,,,,,,,,,,,,,,,,,,,,,,,,,,,其他,0,0,0.5,1.0,0,0.4888888888888889,0.00750394944707744,0.11097946287519744,0.6518218623481782,0.5546558704453441,0.145748987854251,0.6052631578947368,0.27530364372469635,0.6639676113360324,0.5,0.5,0.5,0.5,0.4888888888888889,0.26262626262626265,0.7838383838383839
2026-02-03,50.71,51.11,50.33,50.85,1217756.0,50.854,51.253,50.947,,-7.86565461909916e-05,-0.007862954363647,-0.0019039393879914,,50.947,52.40767179929753,49.48632820070248,0.4667961002282201,0.0573408365279471,0.0041469194312795,-0.0192864030858245,-0.0118538670812281,0.0184257961145604,0.0185924297682061,0.0133201091130007,0.012977701089461,53.509781349261935,-0.1278160000381447,-0.1468831193164506,0.0190671192783059,-19227827.0,46.81346876642294,1.067857142857143,0.5894458848748035,0.3388429751926097,,0.022615535889872,0.0041469194312795,0.012977701089461,53.509781349261935,-0.1509037574807608,0.0,0.0,0.0,0.5,,,,,,,,,,,,,,,,,,,,,,,,,,,,,,,,,,,,,,,,,,,,其他,0,0,0.5,1.0,0,0.6343434343434343,0.017502458210422844,0.1032448377581121,0.48785425101214575,0.5425101214574899,0.15182186234817813,0.5870445344129555,0.2854251012145749,0.5769230769230769,0.5,0.5,0.5,0.5,0.6343434343434343,0.4383838383838384,0.8101010101010101
2026-02-04,50.94,51.71,50.85,51.22,1423847.0,50.878,51.216,51.0005,,0.006721962341287,7.810059356461174e-05,0.0043038793737315,,51.0005,52.41594079055921,49.58505920944079,0.5775376834574348,0.0555069377969405,0.0072763028515241,0.0023483365949119,-0.0071719325450669,0.0213359920239282,0.0179926785980333,0.0135470359931004,0.013033181084984,56.02678570553152,-0.1073853331502974,-0.1389785519684484,0.031593218818151,-17803980.0,52.10416480164372,1.0900000000000003,0.7092509184204808,0.4917355371697617,,0.008395158141351,0.0072763028515241,0.013033181084984,56.02678570553152,0.1692383367439782,0.0,0.0,0.0,0.5,,,,,,,,,,,,,,,,,,,,,,,,,,,,,,,,,,,,,,,,,,,,其他,0,0,0.5,1.0,0,0.6202020202020202,0.031433033971105084,0.11089418196017187,0.5526315789473685,0.45951417004048584,0.15182186234817813,0.5890688259109311,0.39878542510121456,0.52834008097166,0.5,0.5,0.5,0.5,0.6202020202020202,0.6828282828282828,0.8404040404040404
2026-02-05,51.21,51.29,50.64,51.12,1196391.0,51.062,51.2,51.055,,0.0011358740354863,-0.0015625000000001,0.0012731368132405,,51.055,52.39503142146975,49.71496857853025,0.5242531626147543,0.0524936410328911,-0.0019523623584537,0.0183266932270915,-0.0031201248049922,0.021786927843294,0.0151720825954216,0.0134285263095568,0.0130272743734796,51.148730342006246,-0.0976188536328095,-0.1307024158017289,0.0330835621689193,-19000371.0,45.35216741151604,1.0742857142857147,0.6045467777651844,0.4267241379126389,,-0.0005868544600937,-0.0019523623584537,0.0130272743734796,51.148730342006246,-0.1597475009604262,0.0,0.0,0.0,0.5,,,,,,,,,,,,,,,,,,,,,,,,,,,,,,,,,,,,,,,,,,,,其他,0,0,0.5,1.0,0,0.4686868686868687,0.036580594679186396,0.09546165884194058,0.742914979757085,0.5384615384615384,0.15587044534412955,0.4777327935222672,0.3259109311740891,0.562753036437247,0.5,0.5,0.5,0.5,0.4686868686868687,0.5535353535353535,0.795959595959596
2026-02-06,50.82,51.5,50.69,51.22,1271073.0,51.01,51.168,51.1095,,0.0041168398353264,0.0010162601626015,0.0021620246725166,,51.1095,52.37787608568468,49.841123914315325,0.5435596355027421,0.0496336722402761,0.0019561815336464,-0.0050505050505049,-0.0062087698874661,0.0217434669858367,0.0092092689665536,0.0133276495841862,0.0130271331665729,41.02189780183491,-0.0813714680923709,-0.1208322224337622,0.0394607543413912,-17729298.0,38.80913137455529,1.0028571428571431,0.6520106744073141,0.4675324675122268,,-0.012104646622413,0.0019561815336464,0.0130271331665729,41.02189780183491,0.0624227363796618,0.0,0.0,0.0,0.5,,,,,,,,,,,,,,,,,,,,,,,,,,,,,,,,,,,,,,,,,,,,其他,0,0,0.5,1.0,0,0.4444444444444444,0.01835220616946498,0.09722764545099571,0.4939271255060729,0.5890688259109311,0.14777327935222673,0.2773279352226721,0.41700404858299595,0.5931174089068826,0.5,0.5,0.5,0.5,0.4444444444444444,0.5272727272727272,0.8242424242424242
2026-02-09,51.49,52.16,51.21,52.1,1861634.0,51.302,51.178,51.199,,0.0155549491247903,0.0180155535581694,0.0175979999609368,,51.199,52.48236564096948,49.91563435903052,0.8510301238991673,0.0501324494996766,0.0171807887543928,0.0288309636650869,0.0019230769230769,0.0355794076724309,0.0072332185308271,0.0142060481170204,0.0135064118025379,54.74777446934023,-0.0015492598787361,-0.0969678855026521,0.095418625623916,-15867664.0,47.86348304613733,0.9785714285714284,0.9630091935798836,0.8484848484481171,,-0.020729366602687,0.0171807887543928,0.0135064118025379,54.74777446934023,0.4646161156754962,0.0,0.0,0.0,0.5,,,,,,,,,,,,,,,,,,,,,,,,,,,,,,,,,,,,,,,,,,,,其他,0,0,0.5,1.0,0,0.2327935222672064,-0.027255278310940545,0.03646833013435691,0.486815415821501,0.6572008113590264,0.17647058823529413,0.6166328600405679,0.795131845841785,0.6389452332657201,0.5,0.5,0.5,0.5,0.23279352226720648,0.4939271255060729,0.7611336032388664
2026-02-10,52.11,52.28,51.7,52.0,1145302.0,51.532,51.193,51.270500000000006,,0.0090817356205852,0.0157638739671439,0.0142284549594795,,51.270500000000006,52.56559967102718,49.97540032897283,0.7816385550245901,0.0505202668600714,-0.0019193857965451,0.022615535889872,0.0028929604628735,0.0282776349614395,0.0080284248531621,0.0141854008655408,0.0135073613540789,53.055141568662094,0.0533659292273114,-0.0668933147516978,0.1202592439790092,-17012966.0,53.84807788755029,0.979285714285714,0.617439905514015,0.8051948051599472,,-0.005,-0.0019193857965451,0.0135073613540789,53.055141568662094,-0.3847866981372279,0.0,0.0,0.0,0.5,,,,,,,,,,,,,,,,,,,,,,,,,,,,,,,,,,,,,,,,,,,,其他,0,0,0.5,1.0,0,0.2880324543610548,-0.040961538461538494,0.02499999999999991,0.6341463414634146,0.5934959349593496,0.18699186991869918,0.5955284552845529,0.4735772357723577,0.6565040650406504,0.5,0.5,0.5,0.5,0.2880324543610548,0.4645030425963489,0.7200811359026369
2026-02-11,51.81,52.15,51.62,51.65,866992.0,51.61800000000001,51.248000000000005,51.341,,0.0006199387810452,0.00784420855448,0.0060185816404043,,51.341,52.550591492590506,50.13140850740948,0.6277290729267053,0.0471199038814263,-0.0067307692307692,0.008395158141351,0.0107632093933462,0.0280652866242037,0.0091820175642392,0.0134794326511533,0.0135138386774019,52.74074072980191,0.0691799284833152,-0.0396730126691355,0.1088529411524507,-17879958.0,55.12752128123309,0.984285714285714,0.488991981106123,0.6536796536513544,,0.0228460793804452,-0.0067307692307692,0.0135138386774019,52.74074072980191,-0.2430014092352934,0.0,0.0,0.0,0.5,,,,,,,,,,,,,,,,,,,,,,,,,,,,,,,,,,,,,,,,,,,,其他,0,0,0.5,1.0,0,0.6504065040650406,-0.03175217812197484,0.04782187802516935,0.6191446028513238,0.5580448065173116,0.1934826883910387,0.6720977596741344,0.2525458248472505,0.5661914460285132,0.5,0.5,0.5,0.5,0.6504065040650406,0.4634146341463415,0.8313008130081301
2026-02-12,51.64,51.65,50.92,51.09,1205811.0,51.612,51.337,51.3885,,-0.0101139269937223,-0.0048113446442137,-0.0058086926063223,,51.3885,52.46702286899599,50.30997713100401,0.3616162862109562,0.0419752617412024,-0.010842207163601,-0.0005868544600937,0.0177290836653387,0.0189469485440767,0.0107879752524166,0.0125716503459201,0.0137755937722231,46.80851062900259,0.0381314520615205,-0.0241095337965256,0.0622409858580462,-19085769.0,49.22952110258088,1.009285714285714,0.6865124143859989,0.3955555555379755,,0.037189273830495,-0.010842207163601,0.0137755937722231,46.80851062900259,0.3907983003303374,0.0,0.0,0.0,0.5,,,,,,,,,,,,,,,,,,,,,,,,,,,,,,,,,,,,,,,,,,,,其他,0,0,0.5,1.0,0,0.659919028340081,0.030534351145037997,0.11332941867293012,0.4665314401622718,0.5537525354969574,0.20081135902636918,0.5740365111561866,0.4381338742393509,0.49290060851926976,0.5,0.5,0.5,0.5,0.659919028340081,0.6680161943319838,0.9230769230769231
2026-02-13,50.99,51.22,50.52,50.6,881016.0,51.488,51.249,51.372,,-0.0172467371037911,-0.012663661729985,-0.0150276415167794,,51.372,52.489451988842646,50.25454801115736,0.1545712890917925,0.0435043209857693,-0.0095909179878646,-0.012104646622413,-0.017094017094017,-0.0064794816414686,0.0114604984850549,0.0098292770196154,0.0135128262058251,40.11299434235053,-0.0240397170877315,-0.0240955685984736,5.585151074205888e-05,-19966785.0,40.96843269934659,0.9814285714285712,0.5251296498313119,0.1777777777698759,,0.0308300395256915,-0.0095909179878646,0.0135128262058251,40.11299434235053,-0.2693581332397863,0.0,0.0,0.0,0.5,,,,,,,,,,,,,,,,,,,,,,,,,,,,,,,,,,,,,,,,,,,,其他,0,0,0.5,1.0,0,0.6012145748987854,0.06482213438735185,0.06936758893280626,0.4421906693711968,0.4259634888438134,0.1845841784989858,0.39148073022312374,0.21095334685598377,0.49898580121703856,0.5,0.5,0.5,0.5,0.6012145748987854,0.7732793522267206,0.8987854251012146
2026-02-24,50.6,51.05,50.6,51.02,628900.0,51.272000000000006,51.287,51.3005,,-0.0049149633328132,-0.0052059976212294,-0.0054677829650782,,51.3005,52.30479551113413,50.29620448886587,0.3603498686759696,0.0391534394843003,0.0083003952569169,-0.020729366602687,0.0075039494470774,-0.0272640610104861,0.0077626889765757,0.0087829344374587,0.0117294473198509,44.35374148815031,-0.040243345674142,-0.0273254674753681,-0.0129178781987738,-19337885.0,47.324734818219895,0.8678571428571422,0.4173005551013068,0.4315789473457068,,-0.0066640533124265,0.0083003952569169,0.0117294473198509,44.35374148815031,-0.2861650639715964,0.0,0.0,0.0,0.5,,,,,,,,,,,,,,,,,,,,,,,,,,,,,,,,,,,,,,,,,,,,其他,0,0,0.5,1.0,0,0.6275303643724697,0.10270482163857308,0.06487651901215208,0.22718052738336714,0.3204868154158215,0.11967545638945233,0.3367139959432049,0.036511156186612576,0.4158215010141988,0.5,0.5,0.5,0.5,0.6275303643724697,0.9048582995951417,0.8785425101214575
2026-02-25,51.02,51.77,50.9,51.74,1339073.0,51.220000000000006,51.376,51.3145,,0.0101522842639594,0.0070850202429151,0.0082920032349531,,51.3145,52.33581957986248,50.29318042013751,0.7083089408637729,0.039806276193298,0.014112112896903,-0.005,0.0175024582104228,0.0054411193159735,0.0113839313956551,0.0097221871043241,0.0114462357067211,54.37158468905462,0.0028769055207717,-0.021284478965673,0.0241613844864448,-17998812.0,55.12219782596812,0.8607142857142855,0.9206180702387796,0.8105263157468146,,-0.0361422497100889,0.014112112896903,0.0114462357067211,54.37158468905462,1.1292304022897124,0.0,0.0,0.0,0.5,,,,,,,,,,,,,,,,,,,,,,,,,,,,,,,,,,,,,,,,,,,,其他,0,0,0.5,1.0,0,0.5809716599190283,0.08426749130266709,0.022806339389253916,0.28600405679513186,0.45030425963488846,0.10953346855983773,0.5862068965517241,0.5740365111561866,0.4543610547667343,0.5,0.5,0.5,0.5,0.5809716599190283,0.8724696356275303,0.8319838056680162
2026-02-26,51.67,53.97,51.45,52.83,3237683.0,51.456,51.537,51.3765,,0.0267024253731342,0.0250887711741079,0.0282911447840938,,51.3765,52.59897850051053,50.15402149948947,1.0944889825397897,0.0475890144524501,0.0210668728256666,0.0228460793804452,0.031433033971105,0.0240356658267104,0.0142756313781481,0.0114186574108373,0.0123484266484714,67.50998667183568,0.1206209707994503,0.0070985426357058,0.1135224281637445,-14761129.0,66.7899022949612,0.9728571428571422,2.1045028257406675,0.9999999999619772,,-0.0533787620670074,0.0210668728256666,0.0123484266484714,67.50998667183568,1.417853993023532,0.0,0.0,0.0,0.5,,,,,,,,,,,,,,,,,,,,,,,,,,,,,,,,,,,,,,,,,,,,其他,0,0,0.5,1.0,0,0.2753036437246963,0.07703956085557451,0.009464319515426922,0.6511156186612576,0.5598377281947262,0.13793103448275862,0.8640973630831643,0.9594320486815415,0.7099391480730223,0.5,0.5,0.5,0.5,0.27530364372469635,0.8623481781376519,0.8137651821862348
2026-02-27,52.83,53.44,52.61,52.99,1731385.0,51.836,51.724,51.462,,0.0222625202561925,0.0244760652695072,0.0296918114336792,,51.462,52.87967192403973,50.04432807596028,1.038911709396769,0.05509587361692,0.0030285822449367,0.037189273830495,0.0365805946791863,0.0333463338533541,0.0116237450392877,0.011278745459057,0.012233232604938,61.81533644968056,0.2237960635301021,0.0504404065701125,0.1733556569599896,-13029744.0,65.4286519481656,0.884999999999999,1.1133464185144284,0.9999999999641576,,-0.0064163049632006,0.0030285822449367,0.012233232604938,61.81533644968056,-0.4652394937984973,0.0,0.0,0.0,0.5,,,,,,,,,,,,,,,,,,,,,,,,,,,,,,,,,,,,,,,,,,,,其他,0,0,0.5,1.0,0,0.6666666666666666,0.056803170409511106,0.016984336667295707,0.6619144602851323,0.6334012219959266,0.12219959266802444,0.7046843177189409,0.7657841140529531,0.6069246435845214,0.5,0.5,0.5,0.5,0.6666666666666666,0.8943089430894309,0.823170731707317
2026-03-02,52.18,53.9,51.94,52.16,2189198.0,52.148,51.818000000000005,51.49300000000001,,0.0002301142900973,0.0066000231579759,0.0129532169421084,,51.49300000000001,52.94456322269259,50.04143677730743,0.7297523075466739,0.0563790504608299,-0.0156633327042838,0.0308300395256915,0.0183522061694649,0.0120294916569654,0.0139292451152552,0.0128417687578951,0.0127991211740875,61.91222569174335,0.2377318960856058,0.0879003360832565,0.1498315600023493,-15218942.0,62.794835240684144,0.9442857142857132,1.372738807045495,0.7025089605482951,,0.0329754601226994,-0.0156633327042838,0.0127991211740875,61.91222569174335,0.2644201029811392,0.0,0.0,0.0,0.5,,,,,,,,,,,,,,,,,,,,,,,,,,,,,,,,,,,,,,,,,,,,其他,0,0,0.5,1.0,0,0.8782961460446247,0.07745398773006151,0.052147239263803824,0.5995934959349594,0.5995934959349594,0.10772357723577236,0.573170731707317,0.676829268292683,0.5589430894308943,0.5,0.5,0.5,0.5,0.8782961460446247,0.9087221095334685,0.8701825557809331
2026-03-03,52.25,53.68,50.68,50.68,2453879.0,52.08,51.676,51.427,,-0.0268817204301075,-0.0192739376112702,-0.014525443833006,,51.427,52.9013576656686,49.9526423343314,0.246669340344253,0.0573378834334389,-0.0283742331288342,-0.0066640533124265,-0.0272552783109405,-0.0253846153846153,0.0205899034329572,0.0147541810919026,0.0141771015260815,48.888888879941895,0.1310312991925784,0.0965268292945382,0.0345044698980401,-17672821.0,59.12457398686528,1.1028571428571416,1.5375111861177322,0.1720430107465206,,0.1101026045777426,-0.0283742331288342,0.0141771015260815,48.888888879941895,0.1209031800686826,0.0,0.0,0.0,0.5,,,,,,,,,,,,,,,,,,,,,,,,,,,,,,,,,,,,,,,,,,,,其他,0,0,0.5,1.0,0,0.9291497975708504,0.06550907655880023,0.10260457774269938,0.6267748478701826,0.5354969574036511,0.15618661257606492,0.5314401622718052,0.7545638945233266,0.5578093306288032,0.5,0.5,0.5,0.5,0.9291497975708503,0.8785425101214575,0.9129554655870445
2026-03-04,50.0,50.98,49.3,49.87,1640700.0,51.706,51.463,51.328,,-0.0355084516303716,-0.0309542778306745,-0.0284055486284289,,51.328,52.9420514568201,49.71394854317989,0.0483415371163928,0.0628916558921821,-0.015982636148382,-0.0361422497100889,-0.0409615384615384,-0.0381870781099326,0.0193697554724553,0.0153344315764621,0.0145569746977079,41.65636587659841,-0.0170357239817775,0.0738136854892342,-0.0908494094710117,-19313521.0,52.133457298039495,1.1614285714285704,1.0405388401876432,0.0,,0.1249248044916784,-0.015982636148382,0.0145569746977079,41.65636587659841,-0.3313851253464412,0.0,0.0,0.0,0.5,,,,,,,,,,,,,,,,,,,,,,,,,,,,,,,,,,,,,,,,,,,,其他,0,0,0.5,1.0,0,0.9252525252525252,0.06877882494485665,0.14056547022257893,0.5809716599190283,0.46356275303643724,0.1700404858299595,0.46963562753036436,0.631578947368421,0.4979757085020243,0.5,0.5,0.5,0.5,0.9252525252525252,0.8404040404040404,0.9454545454545454
2026-03-05,50.3,51.0,49.65,50.01,1174504.0,51.142,51.299,51.2735,,-0.0221344491807126,-0.0251271954618999,-0.0246423591133821,,51.2735,52.99030578553985,49.556694214460144,0.1320201123926515,0.0669665923151923,0.0028072989773411,-0.0533787620670074,-0.0317521781219748,-0.0213307240704501,0.013562327142133,0.0154466021830758,0.0142785178016767,43.17343172688281,-0.1218901037745325,0.034672054748947,-0.1565621585234796,-18139017.0,57.49943146832836,1.2114285714285704,0.754534773880607,0.0448717948703567,,0.1377724455108977,0.0028072989773411,0.0142785178016767,43.17343172688281,-0.2841445724385932,0.0,0.0,0.0,0.5,,,,,,,,,,,,,,,,,,,,,,,,,,,,,,,,,,,,,,,,,,,,其他,0,0,0.5,1.0,0,0.9454545454545454,0.08218356328734244,0.15736852629474107,0.27530364372469635,0.5060728744939271,0.14777327935222673,0.42105263157894735,0.41700404858299595,0.45951417004048584,0.5,0.5,0.5,0.5,0.9454545454545454,0.9191919191919192,0.9777777777777777
2026-03-06,49.91,52.88,49.71,52.65,2630206.0,51.074,51.455,51.396,,0.0308571876101342,0.0232241764648721,0.0243987858977352,,51.396,53.13970929494085,49.65229070505915,0.8595782862293506,0.0678538911564112,0.0527894421115777,-0.0064163049632006,0.0305343511450379,0.0488047808764939,0.0320022439840249,0.0231130651357073,0.018123000026042,56.70103092039536,0.0034852733878096,0.0284345871965799,-0.0249493138087702,-15508811.0,60.03840901596466,1.379999999999999,1.6371862396248336,0.8910256409970816,,0.063627730294397,0.0527894421115777,0.018123000026042,56.70103092039536,1.2394185119846337,0.0,0.0,0.0,0.5,,,,,,,,,,,,,,,,,,,,,,,,,,,,,,,,,,,,,,,,,,,,其他,0,0,0.5,1.0,0,0.9171717171717172,0.0803418803418805,0.11832858499525178,0.6659919028340081,0.708502024291498,0.2692307692307692,0.645748987854251,0.9068825910931174,0.6882591093117408,0.5,0.5,0.5,0.5,0.9171717171717172,0.9474747474747475,0.9696969696969697
2026-03-09,52.01,53.89,52.01,53.88,3457761.0,51.41799999999999,51.783,51.516,,0.047882064646622,0.0404959156479927,0.0458886559515492,,51.516,53.5841891392688,49.4478108607312,1.0715144604058389,0.0802930794030898,0.0233618233618233,0.0329754601226994,0.0648221343873518,0.0466200466200468,0.0322547175577213,0.023425945374776,0.017986350637966,58.07622503799394,0.1978208326828294,0.0623123198129869,0.1355085128698425,-12051050.0,62.780314811906784,1.446428571428571,2.096420166676317,0.9999999999750624,,0.0430586488492947,0.0233618233618233,0.017986350637966,58.07622503799394,0.3146350513990159,0.0,0.0,0.0,0.5,,,,,,,,,,,,,,,,,,,,,,,,,,,,,,,,,,,,,,,,,,,,其他,0,0,0.5,1.0,0,0.8888888888888888,0.004268745360059389,0.09465478841870811,0.8765182186234818,0.7206477732793523,0.27125506072874495,0.7550607287449392,0.9331983805668016,0.7955465587044535,0.5,0.5,0.5,0.5,0.8888888888888888,0.9151515151515152,0.9515151515151515
2026-03-10,53.88,56.35,53.5,56.26,4352291.0,52.53399999999999,52.307,51.797,,0.0709254958693419,0.0755730590551932,0.0861632913103074,,51.797,54.716142628274696,48.87785737172531,1.2644367830206584,0.112714737466226,0.0441722345953969,0.1101026045777426,0.102704821638573,0.1109794628751974,0.0285081835694521,0.0262954349569563,0.0196741316120228,66.015037587036,0.5341513740715342,0.1566812081669217,0.3774701659046124,-7698759.0,67.40766592438493,1.6085714285714283,2.424309857330103,0.9999999999843504,,-0.0401706363313187,0.0441722345953969,0.0196741316120228,66.015037587036,0.2587020907460058,0.0,0.0,0.0,0.5,,,,,,,,,,,,,,,,,,,,,,,,,,,,,,,,,,,,,,,,,,,,其他,0,0,0.5,1.0,0,0.3522267206477733,-0.034305012442232496,0.06629932456452203,0.9269776876267748,0.7829614604462475,0.39148073022312374,0.8620689655172413,0.9756592292089249,0.8985801217038539,0.5,0.5,0.5,0.5,0.3522267206477733,0.7955465587044535,0.9392712550607287
2026-03-11,57.22,58.76,55.51,56.1,6189857.0,53.78,52.74300000000001,52.0595,,0.043138713276311,0.0636482566406915,0.0776131157617725,,52.0595,55.51500651325647,48.60399348674353,1.0846465611323322,0.132752197514376,-0.0028439388553145,0.1249248044916784,0.084267491302667,0.1032448377581121,0.0245248316367258,0.026555656009429,0.0197605474610439,66.97177726210829,0.7789355002774911,0.2811332033815029,0.4978022968959882,-13888616.0,75.60964517958453,1.8028571428571425,3.0284907568840493,0.97496087635407,,-0.0499108734402853,-0.0028439388553145,0.0197605474610439,66.97177726210829,0.4222066033727985,0.0,0.0,0.0,0.5,,,,,,,,,,,,,,,,,,,,,,,,,,,,,,,,,,,,,,,,,,,,其他,0,0,0.5,1.0,0,0.2424242424242424,-0.056684491978609586,0.10499108734402851,0.9251012145748988,0.8097165991902834,0.402834008097166,0.8704453441295547,0.979757085020243,0.8663967611336032,0.5,0.5,0.5,0.5,0.24242424242424243,0.5797979797979798,0.9575757575757575
2026-03-12,56.0,57.0,54.75,56.9,2886275.0,55.158,53.15,52.34349999999999,,0.0315820007977085,0.0705550329256821,0.0870499679998473,,52.34349999999999,56.391372865696496,48.29562713430349,1.062826470972885,0.154665731779066,0.0142602495543671,0.1377724455108977,0.0770395608555745,0.1108941819601718,0.0224947408060596,0.0262817608791466,0.0198623344330179,71.76029961794272,1.0245861362177564,0.4298248765143722,0.5947612597033842,-11002341.0,71.5386746481525,1.911428571428572,1.3633820045668,0.9999999999857752,,-0.0488576449912127,0.0142602495543671,0.0198623344330179,71.76029961794272,-0.5337089370562196,0.0,0.0,0.0,0.5,,,,,,,,,,,,,,,,,,,,,,,,,,,,,,,,,,,,,,,,,,,,其他,0,0,0.5,1.0,0,0.3777777777777777,-0.06274165202108961,0.08980667838312839,0.9453441295546559,0.840080971659919,0.4089068825910931,0.9149797570850202,0.8097165991902834,0.888663967611336,0.5,0.5,0.5,0.5,0.37777777777777777,0.5757575757575758,0.9474747474747475
2026-03-13,56.8,57.62,55.95,56.0,2833436.0,55.828,53.451,52.5875,,0.0030808913090205,0.0476885371648798,0.0648918469217969,,52.5875,56.904233048327896,48.2707669516721,0.8952641918907077,0.1641733510176254,-0.015817223198594,0.063627730294397,0.0568031704095111,0.0954616588419405,0.02324558852849,0.0273138010096485,0.0203700130311501,69.62209301617217,1.1345502707598951,0.5707707793341479,0.5637794914257475,-13835777.0,75.45346516593395,1.9807142857142848,1.2885997436476762,0.8719772403858896,,0.0157142857142857,-0.015817223198594,0.0203700130311501,69.62209301617217,-0.0183069873799274,0.0,0.0,0.0,0.5,,,,,,,,,,,,,,,,,,,,,,,,,,,,,,,,,,,,,,,,,,,,其他,0,0,0.5,1.0,0,0.9190283400809716,-0.03767857142857145,0.11124999999999985,0.9188640973630832,0.7971602434077079,0.43610547667342797,0.8782961460446247,0.7768762677484787,0.8864097363083164,0.5,0.5,0.5,0.5,0.9190283400809717,0.6417004048582996,0.951417004048583
2026-03-16,55.95,56.68,55.2,56.2,1711531.0,56.292,53.855,52.8365,,-0.0016343352519007,0.0435428465323555,0.0636586450654377,,52.8365,57.38917313032452,48.28382686967548,0.8693983626355036,0.1723306097230477,0.0035714285714285,0.0430586488492947,0.0774539877300615,0.0972276454509957,0.0226376338173298,0.0262867894227797,0.0203614968389918,69.12850811692911,1.2234688174527335,0.701310997469041,0.5221578199836925,-12124246.0,71.53275443893756,2.0542857142857143,0.7706573054175079,0.900426742519198,,-0.0371886120996441,0.0035714285714285,0.0203614968389918,69.12850811692911,-0.3959521231465965,0.0,0.0,0.0,0.5,,,,,,,,,,,,,,,,,,,,,,,,,,,,,,,,,,,,,,,,,,,,其他,0,0,0.5,1.0,0,0.8825910931174089,-0.023487544483985823,0.11601423487544471,0.8904665314401623,0.8255578093306288,0.4158215010141988,0.9330628803245437,0.3711967545638945,0.9006085192697769,0.5,0.5,0.5,0.5,0.8825910931174089,0.7125506072874493,0.9595141700404858
2026-03-17,56.15,56.63,53.97,54.0,3109639.0,55.84,54.187,52.93150000000001,,-0.0329512893982807,-0.003451012235407,0.020186467415433,,52.93150000000001,57.498734681027344,48.36426531897267,0.6169745014830234,0.1725715190772491,-0.0391459074733097,-0.0401706363313187,0.0655090765588002,0.0364683301343569,0.0205376364614461,0.0280922650294639,0.0223624901813126,57.52330225828677,1.105842141918011,0.7822175290661075,0.3236246128519031,-15233885.0,64.93589987905932,2.182142857142857,1.3619223062763066,0.58748221905281,,0.0061111111111111,-0.0391459074733097,0.0223624901813126,57.52330225828677,0.8168756510983441,0.0,0.0,0.0,0.5,,,,,,,,,,,,,,,,,,,,,,,,,,,,,,,,,,,,,,,,,,,,其他,0,0,0.5,1.0,0,0.8846153846153846,0.034814814814814854,0.1711111111111112,0.35294117647058826,0.7606490872210954,0.48073022312373226,0.8296146044624746,0.8417849898580122,0.8255578093306288,0.5,0.5,0.5,0.5,0.8846153846153846,0.9048582995951417,0.9655870445344129
2026-03-18,54.89,54.97,52.14,53.3,1950517.0,55.28,54.53,52.996500000000005,,-0.0358176555716353,-0.0225563909774435,0.0057267932788012,,52.996500000000005,57.54487981564517,48.44812018435484,0.533363528580298,0.171648309440683,-0.012962962962963,-0.0499108734402853,0.0687788249448566,0.0249999999999999,0.0204012545984111,0.027836211697292,0.022600171562309,51.606288443455306,0.9458795853240004,0.8149500382911714,0.1309295470328291,-17184402.0,58.80373714063121,2.204285714285714,0.8394618246603543,0.4879089615862316,,-0.0071294559099436,-0.012962962962963,0.022600171562309,51.606288443455306,-0.3727513065021374,0.0,0.0,0.0,0.5,,,,,,,,,,,,,,,,,,,,,,,,,,,,,,,,,,,,,,,,,,,,其他,0,0,0.5,1.0,0,0.8218623481781376,0.06716697936210148,0.21763602251407144,0.2413793103448276,0.7221095334685599,0.48884381338742394,0.7139959432048681,0.5699797160243407,0.7200811359026369,0.5,0.5,0.5,0.5,0.8218623481781376,0.9493927125506073,0.9676113360323887
2026-03-19,53.1,54.66,52.6,54.12,2750222.0,54.724,54.941,53.11999999999999,,-0.0110372048826841,-0.0149433028157477,0.0188253012048194,,53.11999999999999,57.64852944645038,48.5914705535496,0.6104111181967469,0.1705018616883233,0.0153846153846153,-0.0488576449912127,0.0821835632873424,0.0478218780251693,0.0207391741028078,0.0279088042497527,0.0227182276740062,53.69522563275516,0.8744877877916437,0.8268576167042515,0.0476301710873922,-14434180.0,59.88623919934145,2.292142857142857,1.137539230561086,0.6045519203327944,,-0.0145971914264596,0.0153846153846153,0.0227182276740062,53.69522563275516,0.4099964265884379,0.0,0.0,0.0,0.5,,,,,,,,,,,,,,,,,,,,,,,,,,,,,,,,,,,,,,,,,,,,其他,0,0,0.5,1.0,0,0.6761133603238867,0.06947524020694762,0.19438285291943824,0.3752535496957404,0.8336713995943205,0.4746450304259635,0.8661257606490872,0.8356997971602435,0.8701825557809331,0.5,0.5,0.5,0.5,0.6761133603238867,0.9251012145748988,0.9615384615384616
2026-03-20,54.09,58.18,54.09,56.88,5426133.0,54.9,55.364,53.4095,,0.0360655737704918,0.0273824145654215,0.0649790767560078,,53.4095,58.12791844600273,48.69108155399727,0.8677609393517551,0.1766883586625561,0.0509977827050998,0.0157142857142857,0.0803418803418805,0.1133294186729301,0.0334924145201734,0.0275952871864153,0.0248987003622905,63.70499418761982,1.0265696635508237,0.866800102588168,0.1597695609626555,-9008047.0,68.12464982323625,2.444285714285713,2.0641806744546938,0.9971550497724452,,-0.0525668073136428,0.0509977827050998,0.0248987003622905,63.70499418761982,0.972979999432773,0.0,0.0,0.0,0.5,,,,,,,,,,,,,,,,,,,,,,,,,,,,,,,,,,,,,,,,,,,,其他,0,0,0.5,1.0,0,0.0828282828282828,0.035161744022503605,0.14486638537271457,0.917004048582996,0.9230769230769231,0.5182186234817814,0.9412955465587044,0.9655870445344129,0.9412955465587044,0.5,0.5,0.5,0.5,0.08282828282828283,0.8848484848484849,0.907070707070707
2026-03-23,57.3,57.45,53.7,54.11,3360000.0,54.482000000000006,55.387,53.585,52.325833333333335,-0.0068279431738924,-0.0230559517576326,0.0097975179621161,0.0340972432354955,53.585,58.12100566230036,49.04899433769964,0.5578702981245802,0.1693013217240607,-0.0486990154711673,-0.0371886120996441,0.0042687453600593,0.0693675889328062,0.040842600240498,0.0321923243590019,0.0275545991254648,59.26526201604692,0.9150494012373044,0.8764499771063848,0.0385994241309196,-12368047.0,66.46084529667542,2.4978571428571423,1.2206377141815037,0.6031294452261292,0.2735326688799914,0.0142302716688227,-0.0486990154711673,0.0275545991254648,59.26526201604692,-0.3807744852549688,0.0,0.0,0.0,0.5,,,,,,,,,,,,,,,,,,,,,,,,,,,,,,,,,,,,,,,,,,,,其他,0,0,0.5,1.0,0,0.1676767676767676,0.09000184808722977,0.19719090741082979,0.8805668016194332,0.8987854251012146,0.5425101214574899,0.9291497975708503,0.5161943319838057,0.9109311740890689,0.5,0.5,0.5,0.5,0.16767676767676767,0.8585858585858586,0.8949494949494949
2026-03-24,55.28,56.35,52.66,54.33,3238900.0,54.548,55.194,53.7505,52.11083333333333,-0.003996480164259,-0.0156538754212415,0.0107812950577204,0.0425855148481602,53.7505,58.13134094306344,49.36965905693657,0.5661402693541013,0.1630065187507197,0.0040657919053779,0.0061111111111111,-0.0343050124422324,0.064876519012152,0.0366680511791542,0.0284861201038613,0.0275337976671959,62.44419642369297,0.8346451445209055,0.8680890003387614,-0.0334438558178558,-9129147.0,63.93589448530872,2.641428571428571,1.1233856468918906,0.6344238975727678,0.620192307684853,0.0285293576293024,0.0040657919053779,0.0275337976671959,62.44419642369297,-0.0360416666666666,0.0,0.0,0.0,0.5,,,,,,,,,,,,,,,,,,,,,,,,,,,,,,,,,,,,,,,,,,,,其他,0,0,0.5,1.0,0,0.6787878787878788,0.1041781704399043,0.2004417448923248,0.8825910931174089,0.8805668016194332,0.4716599190283401,0.917004048582996,0.7044534412955465,0.8765182186234818,0.5,0.5,0.5,0.5,0.6787878787878788,0.896969696969697,0.9292929292929293
2026-03-25,54.0,54.94,52.07,52.92,3163400.0,54.472,54.876,53.8095,52.03466666666667,-0.0284917021589072,-0.0356439973759019,-0.0165305382878487,0.0170142981602008,53.8095,58.10733041961748,49.51166958038253,0.396517554999434,0.1597424402609014,-0.025952512424075,-0.0071294559099436,-0.0566844919786095,0.0228063393892539,0.0383913541512576,0.0293844784262348,0.0281716373585482,57.582073992672505,0.6505400696240287,0.824579171521499,-0.1740391018974703,-12292547.0,58.95148108100168,2.75,1.063550862275862,0.4338549075329471,0.4851228977945006,0.0748299319727892,-0.025952512424075,0.0281716373585482,57.582073992672505,-0.0233103831547747,0.0,0.0,0.0,0.5,,,,,,,,,,,,,,,,,,,,,,,,,,,,,,,,,,,,,,,,,,,,其他,0,0,0.5,1.0,0,0.9433198380566802,0.1713907785336357,0.23941798941798953,0.8235294117647058,0.8336713995943205,0.48884381338742394,0.8722109533468559,0.7383367139959433,0.7261663286004056,0.5,0.5,0.5,0.5,0.9433198380566802,0.9736842105263158,0.9676113360323887
2026-03-26,52.92,53.92,52.2,53.33,2866516.0,54.314,54.519000000000005,53.834500000000006,52.02033333333334,-0.0181168759435873,-0.0218089106550011,-0.009371313934373,0.0251760529536526,53.834500000000006,58.11411865000535,49.554881349994666,0.4410578323323874,0.1589916744837377,0.007747543461829,-0.0145971914264596,-0.0627416520210896,0.0094643195154269,0.037730680097154,0.0289688170813303,0.0278403027255901,52.00471697683923,0.531358964424598,0.7659350840877558,-0.2345761196631578,-9426031.0,53.36156615567191,2.646428571428571,0.9697878844008468,0.4921763869062279,0.5381630012866988,0.0853178323645229,0.007747543461829,0.0278403027255901,52.00471697683923,-0.0938496554340266,0.0,0.0,0.0,0.5,,,,,,,,,,,,,,,,,,,,,,,,,,,,,,,,,,,,,,,,,,,,其他,0,0,0.5,1.0,0,0.9414141414141414,0.1627601725107819,0.212825801612601,0.6761133603238867,0.8137651821862348,0.46963562753036436,0.840080971659919,0.7510121457489879,0.7894736842105263,0.5,0.5,0.5,0.5,0.9414141414141414,0.9757575757575757,0.9353535353535354
2026-03-27,52.76,54.1,52.0,53.89,2561618.0,53.716,54.30800000000001,53.87949999999999,51.99,0.003239258321543,-0.0076968402445313,0.0001948793140249,0.0365454895172148,53.87949999999999,58.140616606811165,49.61838339318882,0.501232071416809,0.1581720916787744,0.0105006562910181,-0.0525668073136428,-0.0376785714285714,0.0169843366672957,0.0259041615631707,0.0291807164094985,0.0279212751631709,50.03069367280276,0.4763012930725097,0.7080082895234683,-0.2317069964509586,-6864413.0,52.49485148926977,2.6621428571428565,0.8546335326568989,0.5718349928794906,0.6106080206906779,0.0925960289478566,0.0105006562910181,0.0279212751631709,50.03069367280276,-0.1063653578071778,0.0,0.0,0.0,0.5,,,,,,,,,,,,,,,,,,,,,,,,,,,,,,,,,,,,,,,,,,,,其他,0,0,0.5,1.0,0,0.9757085020242916,0.1547596956763777,0.08016329560215252,0.08113590263691683,0.821501014198783,0.47058823529411764,0.7748478701825557,0.6592292089249493,0.7606490872210954,0.5,0.5,0.5,0.5,0.9757085020242915,0.9696356275303644,0.8380566801619433
2026-03-30,53.0,56.1,53.0,54.88,4358579.0,53.86999999999999,54.176,54.0155,52.037000000000006,0.0187488397995176,0.012994683992912,0.0160046653275449,0.0546342025866208,54.0155,58.21877428760507,49.81222571239492,0.6028364961203013,0.1556321532744229,0.0183707552421599,0.0142302716688227,-0.0234875444839858,0.0521472392638038,0.0169884422388354,0.0299417004314556,0.0278758172134551,45.36912751251567,0.5062163398404635,0.6676498793201596,-0.161433539479696,-2505834.0,52.44380531907564,2.68,1.4033683836895776,0.7126600284393654,0.7386804657084263,0.0747084548104954,0.0183707552421599,0.0278758172134551,45.36912751251567,0.7014945241640245,0.0,0.0,0.0,0.5,,,,,,,,,,,,,,,,,,,,,,,,,,,,,,,,,,,,,,,,,,,,其他,0,0,0.5,1.0,0,0.9676113360323888,0.1428571428571428,-0.015306122448979664,0.1643002028397566,0.8681541582150102,0.486815415821501,0.7058823529411765,0.8945233265720081,0.8194726166328601,0.5,0.5,0.5,0.5,0.9676113360323887,0.97165991902834,0.5242914979757085
2026-03-31,55.57,56.49,54.53,55.88,4362289.0,54.17999999999999,54.364,54.2755,52.10883333333334,0.0313768918420083,0.0278861010963138,0.029562141297639,0.0723709671744714,54.2755,58.24696386904851,50.304036130951495,0.7020036002888541,0.146344625808742,0.0182215743440232,0.0285293576293024,0.0348148148148148,0.1026045777426993,0.0183468527876252,0.0274165809437372,0.0270585200009433,49.301143578842336,0.6031886794127601,0.65475763415942,-0.0515689547466599,1856455.0,50.32875012695924,2.587857142857142,1.3626963381164805,0.8549075391059052,0.8680465717869598,0.0735504652827487,0.0182215743440232,0.0270585200009433,49.301143578842336,0.0008511948504317,0.0,0.0,0.0,0.5,,,,,,,,,,,,,,,,,,,,,,,,,,,,,,,,,,,,,,,,,,,,其他,0,0,0.5,1.0,0,0.9188640973630832,0.13171080887616315,-0.016821760916249207,0.6788617886178862,0.9105691056910569,0.49390243902439024,0.8434959349593496,0.8556910569105691,0.8983739837398373,0.5,0.5,0.5,0.5,0.9188640973630832,0.9553752535496958,0.38336713995943206
2026-04-01,56.51,57.29,55.7,56.88,4169171.0,54.972,54.722,54.626,52.20033333333333,0.0347085789129011,0.0394356931398707,0.0412624025189471,0.0896482142515053,54.626,58.17527657565963,51.076723424340365,0.8175294953591136,0.1299482508568497,0.0178954903364352,0.0748299319727892,0.0671669793621014,0.1405654702225789,0.0050483040397901,0.0270585625457833,0.0267181410271137,49.9372647383995,0.751623603393007,0.6741308342324439,0.0774927691605631,6025626.0,58.21968871650429,2.5407142857142846,1.2528903910869629,0.99709724236579,0.9974126778654931,0.0898382559774964,0.0178954903364352,0.0267181410271137,49.9372647383995,-0.0442698775803254,0.0,0.0,0.0,0.5,,,,,,,,,,,,,,,,,,,,,,,,,,,,,,,,,,,,,,,,,,,,其他,0,0,0.5,1.0,0,0.95748987854251,0.14099859353023914,-0.039205344585091506,0.9391480730223124,0.9432048681541582,0.4847870182555781,0.8235294117647058,0.8316430020283976,0.9269776876267748,0.5,0.5,0.5,0.5,0.9574898785425101,0.9534412955465587,0.31376518218623484
2026-04-02,57.0,58.0,56.6,57.88,3823212.0,55.882000000000005,55.098,55.0195,52.3285,0.0357539100246948,0.0504918508838796,0.0519906578576687,0.1060894159014687,55.0195,58.13218017867828,51.9068198213217,0.9594914728950228,0.113148253934428,0.0175808720112518,0.0853178323645229,0.0694752402069476,0.157368526294741,0.003375291990521,0.0271442801585344,0.0268020705900174,55.86034912230646,0.9387150975672184,0.7270477005048589,0.2116673970623596,9848838.0,59.18551635665602,2.521428571428571,1.1049497689741157,0.9999999999808796,0.999999999988519,0.0713545266067725,0.0175808720112518,0.0268020705900174,55.86034912230646,-0.0829802855291855,0.0,0.0,0.0,0.5,,,,,,,,,,,,,,,,,,,,,,,,,,,,,,,,,,,,,,,,,,,,其他,0,0,0.5,1.0,0,0.9085365853658536,0.1167933655839668,-0.09191430545957158,0.9409368635437881,0.9735234215885947,0.5010183299389002,0.9205702647657841,0.8105906313645621,0.945010183299389,0.5,0.5,0.5,0.5,0.9085365853658537,0.9065040650406504,0.10772357723577236
2026-04-03,57.49,58.91,56.51,58.88,4615869.0,56.88000000000001,55.298,55.331,52.48666666666667,0.0351617440225033,0.0647763029404318,0.0641412589687517,0.1218087133240186,55.331,58.6829822886104,51.97901771138961,1.0293882387081978,0.1211610955379203,0.0172771250863856,0.0925960289478566,0.0351617440225036,0.1183285849952517,0.000450028400989,0.0228335272654361,0.024754048938385,57.957244650763634,1.1539879408022102,0.8124357661276355,0.3415521746745747,14464707.0,65.22332537911544,2.5871428571428567,1.2968252614345812,0.9999999999832214,0.9999999999897012,0.0568953804347824,0.0172771250863856,0.024754048938385,57.957244650763634,0.2073275036801516,0.0,0.0,0.0,0.5,,,,,,,,,,,,,,,,,,,,,,,,,,,,,,,,,,,,,,,,,,,,其他,0,0,0.5,1.0,0,0.6869918699186992,0.10597826086956519,-0.09816576086956519,0.9755600814663951,0.9653767820773931,0.40325865580448067,0.9653767820773931,0.8920570264765784,0.9674134419551935,0.5,0.5,0.5,0.5,0.6869918699186992,0.7845528455284553,0.04878048780487805
2026-04-07,58.88,60.5,58.02,58.98,5810856.0,57.7,55.785,55.586,52.65016666666667,0.0221837088388214,0.0572734606076901,0.0610585399201237,0.1202243740918831,55.586,59.23592516145337,51.936074838546624,0.9649410398529976,0.1313253395260248,0.0016983695652172,0.0747084548104954,0.0900018480872297,0.0946547884187081,0.0071843474376705,0.0137299603490069,0.0244214524972399,66.8928086775,1.3174227513375243,0.9134331797887838,0.4039895715487405,20275563.0,73.1127386026553,2.5742857142857134,1.5803185820087164,0.9999999999834984,0.9999999999893504,0.0634113258731774,0.0016983695652172,0.0244214524972399,66.8928086775,0.2588866798429505,0.0,0.0,0.0,0.5,,,,,,,,,,,,,,,,,,,,,,,,,,,,,,,,,,,,,,,,,,,,其他,0,0,0.5,1.0,0,0.7565922920892495,0.09833841980332325,-0.07850118684299756,0.967479674796748,0.9491869918699187,0.34552845528455284,0.983739837398374,0.9552845528455285,0.959349593495935,0.5,0.5,0.5,0.5,0.7565922920892495,0.8093306288032455,0.07302231237322515
2026-04-08,58.9,60.04,58.3,59.99,5026330.0,58.522000000000006,56.351,55.7725,52.8235,0.0250845835754074,0.0645773810580114,0.0756197050517728,0.1356687837799466,55.7725,59.91533338079781,51.6296666192022,1.0090115401994415,0.1485618676154153,0.0171244489657511,0.0735504652827487,0.1041781704399043,0.066299324564522,0.0070592560292944,0.0138563640163967,0.0228239866897534,72.22591361454377,1.5106929653530798,1.0328851526263445,0.4778078127267355,25301893.0,78.13070874789358,2.4964285714285706,1.3545439662275558,0.9999999999858558,0.9999999999901186,0.0541756959493249,0.0171244489657511,0.0228239866897534,72.22591361454377,-0.1350104012214379,0.0,0.0,0.0,0.5,,,,,,,,,,,,,,,,,,,,,,,,,,,,,,,,,,,,,,,,,,,,其他,0,0,0.5,1.0,0,0.9148073022312372,0.08718119686614423,-0.1105184197366228,0.9186991869918699,0.9390243902439024,0.2032520325203252,0.991869918699187,0.8373983739837398,0.9532520325203252,0.5,0.5,0.5,0.5,0.9148073022312373,0.8559837728194726,0.056795131845841784
2026-04-09,59.5,62.0,59.11,61.99,4540793.0,59.544,57.258,56.06700000000001,53.0245,0.0410788660486363,0.0826434734010967,0.1056414646761909,0.1690822167111429,56.06700000000001,61.0583613795289,51.07563862047111,1.0933251020636074,0.1780498824449317,0.0333388898149691,0.0898382559774964,0.1713907785336357,0.1049910873440285,0.0111883094174751,0.0083203694703587,0.0237143412838914,74.2452248857706,1.8038448052004696,1.1870770993794766,0.616767705820993,29842686.0,79.0001481730643,2.555714285714285,1.2515055752691446,0.9999999999889746,0.9999999999917492,0.0469430553315051,0.0333388898149691,0.0237143412838914,74.2452248857706,-0.0965987111868897,0.0,0.0,0.0,0.5,,,,,,,,,,,,,,,,,,,,,,,,,,,,,,,,,,,,,,,,,,,,其他,0,0,0.5,1.0,0,0.8133874239350912,0.058073882884336125,-0.15631553476367166,0.9573170731707317,0.9573170731707317,0.23983739837398374,0.9878048780487805,0.8516260162601627,0.9735772357723578,0.5,0.5,0.5,0.5,0.8133874239350912,0.7991886409736308,0.030425963488843813
2026-04-10,61.55,64.0,61.0,62.01,5961563.0,60.370000000000005,58.126,56.322500000000005,53.222166666666666,0.0271658108331951,0.0668203557788253,0.1009809578765146,0.1651160387432555,56.322500000000005,61.97301977115474,50.67198022884527,1.0032722855810283,0.2006487556889236,0.0003226326826906,0.0713545266067725,0.1627601725107819,0.0898066783831283,0.0135359105516644,0.009397742437828,0.0236410097131816,69.01408449987993,2.014534041985357,1.3525685018432756,0.6619655401420812,35804249.0,79.41617155457274,2.4778571428571428,1.576287086346013,0.9999999999889988,0.9999999999917628,0.0424125141106273,0.0003226326826906,0.0236410097131816,69.01408449987993,0.3128902814992889,0.0,0.0,0.0,0.5,,,,,,,,,,,,,,,,,,,,,,,,,,,,,,,,,,,,,,,,,,,,其他,0,0,0.5,1.0,0,0.8397565922920892,0.04305757135945831,-0.17352039993549428,0.9085365853658537,0.9491869918699187,0.22967479674796748,0.967479674796748,0.9065040650406504,0.9613821138211383,0.5,0.5,0.5,0.5,0.8397565922920892,0.7789046653144016,0.02028397565922921
2026-04-13,61.39,62.43,60.51,62.23,3457432.0,61.04,58.96,56.634,53.42549999999999,0.0194954128440365,0.055461329715061,0.098809902178903,0.1647995807245605,56.634,62.86657452929028,50.40142547070972,0.948931655257906,0.2201000999145134,0.0035478148685694,0.0568953804347824,0.1547596956763777,0.1112499999999998,0.0140746524730394,0.010023159143461,0.0231533470980814,87.11151735631117,2.174122874904988,1.5168793875301496,0.6572434873748385,39261681.0,78.74371032585147,2.347142857142857,0.9066941569328982,0.9999999999892588,0.9999999999919094,0.0464406234934919,0.0035478148685694,0.0231533470980814,87.11151735631117,-0.420046051681413,0.0,0.0,0.0,0.5,,,,,,,,,,,,,,,,,,,,,,,,,,,,,,,,,,,,,,,,,,,,其他,0,0,0.5,1.0,0,0.8259109311740891,-0.06459906797364612,-0.20617065723927364,0.6876267748478702,0.9513184584178499,0.20486815415821502,1.0,0.6511156186612576,0.949290060851927,0.5,0.5,0.5,0.5,0.8259109311740891,0.13562753036437247,0.018218623481781375
2026-04-14,62.5,62.81,61.8,62.72,4127283.0,61.788,59.74400000000001,56.96,53.63533333333334,0.0150838350488768,0.0498125334761647,0.101123595505618,0.1693783948392226,56.96,63.75379283262535,50.16620716737464,0.9239163705615784,0.2385460966507524,0.0078740157480314,0.0634113258731774,0.1428571428571428,0.1160142348754447,0.0132802240638092,0.0101262570509007,0.0231540404081477,87.42194468132111,2.3133393869859304,1.6761713960103135,0.6371679909756167,43388964.0,84.39743032509689,2.1557142857142857,1.0491271248229004,0.999999999989796,0.999999999992218,0.0328443877551021,0.0078740157480314,0.0231540404081477,87.42194468132111,0.1937423498133874,0.0,0.0,0.0,0.5,,,,,,,,,,,,,,,,,,,,,,,,,,,,,,,,,,,,,,,,,,,,其他,0,0,0.5,1.0,0,0.7874493927125507,-0.1383928571428571,-0.22385204081632648,0.7565922920892495,0.9594320486815415,0.20486815415821502,1.0,0.7038539553752535,0.9574036511156186,0.5,0.5,0.5,0.5,0.7874493927125507,0.02631578947368421,0.022267206477732792
2026-04-15,63.0,63.4,61.46,63.24,4443122.0,62.438,60.48,57.42199999999999,53.85083333333333,0.012844741984048,0.0456349206349206,0.1013200515481873,0.1743550858080191,57.42199999999999,64.61332693999479,50.23067306000519,0.904515053233956,0.2504728828665765,0.0082908163265307,0.0541756959493249,0.1317108088761631,0.1711111111111112,0.0130876852703781,0.0100973824061219,0.0206008323066507,99.9999999864341,2.437404397059332,1.8284180027874144,0.6089863942719176,47832086.0,89.65326049634831,2.0892857142857144,1.1105888540108797,0.99999999999031,0.9999999999925204,0.0313092979127134,0.0082908163265307,0.0206008323066507,99.9999999864341,0.076524677372499,0.0,0.0,0.0,0.5,,,,,,,,,,,,,,,,,,,,,,,,,,,,,,,,,,,,,,,,,,,,其他,0,0,0.5,1.0,0,0.7206477732793523,-0.1312460468058192,-0.25142314990512327,0.9148073022312373,0.9655172413793104,0.12373225152129817,1.0,0.744421906693712,0.9614604462474645,0.5,0.5,0.5,0.5,0.7206477732793523,0.032388663967611336,0.018218623481781375
2026-04-16,63.18,65.99,62.89,64.9,4320553.0,63.02,61.282,58.002,54.089666666666666,0.0298317994287529,0.0590385431284881,0.1189269335540155,0.199859492570978,58.002,65.65016758239653,50.35383241760345,0.9509576918647644,0.2637208228124326,0.0262492093611639,0.0469430553315051,0.1409985935302391,0.2176360225140714,0.0100498637985674,0.0109069188333735,0.0203520432336712,99.99999998789974,2.638908545842284,1.9905161169921888,0.6483924288500953,52152639.0,94.17206350602832,2.1878571428571427,1.0488836032784634,0.9999999999916528,0.9999999999933468,0.0106317411402157,0.0262492093611639,0.0203520432336712,99.99999998789974,-0.0275862332837135,0.0,0.0,0.0,0.5,,,,,,,,,,,,,,,,,,,,,,,,,,,,,,,,,,,,,,,,,,,,其他,0,0,0.5,1.0,0,0.7368421052631579,-0.15793528505392918,-0.27935285053929126,0.8133874239350912,0.9675456389452333,0.1075050709939148,1.0,0.7119675456389453,0.9513184584178499,0.5,0.5,0.5,0.5,0.7368421052631579,0.02834008097165992,0.012145748987854251
2026-04-17,64.64,65.56,64.01,64.64,4079393.0,63.54600000000001,61.958000000000006,58.528000000000006,54.32966666666666,0.0172158751140905,0.0432873882307369,0.1044286495352651,0.1897735429998344,58.528000000000006,66.49250441184611,50.56349558815389,0.8837024680921053,0.2721604842753042,-0.0040061633281972,0.0424125141106273,0.1167933655839668,0.1943828529194382,0.011139334044049,0.01204869126879,0.0205475672414596,97.69299022743829,2.746000063294112,2.141612910423901,0.6043871528702112,48073246.0,94.36812423681648,2.148571428571428,0.9746138390051,0.9782971619283944,0.9827012641318512,0.0006188118811882,-0.0040061633281972,0.0205475672414596,97.69299022743829,-0.0558169289903398,0.0,0.0,0.0,0.5,,,,,,,,,,,,,,,,,,,,,,,,,,,,,,,,,,,,,,,,,,,,其他,0,0,0.5,1.0,0,0.6242424242424243,-0.18688118811881183,-0.2930074257425742,0.840080971659919,0.9595141700404858,0.13562753036437247,1.0,0.631578947368421,0.9352226720647774,0.5,0.5,0.5,0.5,0.6242424242424243,0.01818181818181818,0.010101010101010102
2026-04-20,64.0,65.5,63.04,65.12,3305098.0,64.124,62.58200000000001,58.94,54.57933333333334,0.015532405963446,0.040554792112748,0.1048523922633186,0.1931256030976316,58.94,67.3836460071901,50.49635399280989,0.8659556543850193,0.286516661254692,0.0074257425742574,0.0464406234934919,0.1059782608695651,0.1448663853727145,0.0108490275126125,0.011895797450636,0.0180295728083152,97.58364310997976,2.8368062953326145,2.280651590476394,0.5561547048562203,51378344.0,88.66309265395098,2.1028571428571423,0.8101526943022841,0.9999999999918032,0.9999999999934426,-0.1061117936117936,0.0074257425742574,0.0180295728083152,97.58364310997976,-0.1898064246322921,0.0,0.0,0.0,0.5,,,,,,,,,,,,,,,,,,,,,,,,,,,,,,,,,,,,,,,,,,,,其他,0,0,0.5,1.0,0,0.0383838383838383,-0.1845823095823096,-0.3151105651105651,0.8259109311740891,0.9048582995951417,0.06477732793522267,1.0,0.3967611336032389,0.9230769230769231,0.5,0.5,0.5,0.5,0.03838383838383838,0.01616161616161616,0.012121212121212121
2026-04-21,64.9,65.75,64.57,64.78,2186203.0,64.536,63.162,59.4735,54.81016666666667,0.0037808355026651,0.025616668249897,0.0892246126426055,0.181897519012592,59.4735,67.98029301314084,50.966706986859165,0.81189779695601,0.2860700316317867,-0.0052211302211302,0.0328443877551021,0.0983384198033232,0.1971909074108297,0.0126673623963513,0.0126233901530739,0.0128423623666498,94.05940592755604,2.848541246950404,2.3942295237779443,0.4543117231724598,49192141.0,88.35207819680214,2.0471428571428567,0.5437086489646993,0.972131147533015,0.9777049180263756,-0.1657919110836678,-0.0052211302211302,0.0128423623666498,94.05940592755604,-0.3385361039218807,0.0,0.0,0.0,0.5,,,,,,,,,,,,,,,,,,,,,,,,,,,,,,,,,,,,,,,,,,,,其他,0,0,0.5,1.0,0,0.0141414141414141,-0.1610064834825563,-0.28342080889163324,0.7874493927125507,0.8947368421052632,0.03441295546558704,1.0,0.07894736842105263,0.917004048582996,0.5,0.5,0.5,0.5,0.014141414141414142,0.020202020202020204,0.012121212121212121
2026-04-22,65.02,66.37,64.88,65.22,2704239.0,64.932,63.685,60.018,55.023,0.0044354093513212,0.0241030069875165,0.0866739978006598,0.1853225014993729,60.018,68.53267241388593,51.50332758611405,0.8054727032971878,0.2837372926079427,0.0067922198209322,0.0313092979127134,0.0871811968661442,0.2004417448923248,0.0126334916222856,0.0123493731288022,0.0128003168651369,93.7106918101472,2.860299228606856,2.4874434660612845,0.372855762545571,51896380.0,88.16152992838283,2.0471428571428576,0.6770455367645984,0.99999999999187,0.9999999999934852,-0.1576203618521926,0.0067922198209322,0.0128003168651369,93.7106918101472,0.2369569523049781,0.0,0.0,0.0,0.5,,,,,,,,,,,,,,,,,,,,,,,,,,,,,,,,,,,,,,,,,,,,其他,0,0,0.5,1.0,0,0.0121457489878542,-0.18184605949095367,-0.31478074210364926,0.7221095334685599,0.9290060851926978,0.05273833671399594,1.0,0.26774847870182555,0.9026369168356998,0.5,0.5,0.5,0.5,0.012145748987854251,0.016194331983805668,0.010121457489878543
2026-04-23,65.15,65.88,64.0,65.59,5744676.0,65.07000000000001,64.045,60.65150000000001,55.2585,0.0079913938835101,0.0241236630494183,0.0814242022043971,0.1869667110037371,60.65150000000001,68.82092251389457,52.48207748610546,0.8022551466471688,0.2693889685788838,0.0056731064090771,0.0106317411402157,0.0580738828843361,0.2394179894179895,0.0062053679194778,0.0087235883176427,0.0098312995658893,93.2659932513386,2.8663720646314275,2.563229186632284,0.3031428779991434,57641056.0,78.69142369909585,2.0814285714285714,1.3932432621702389,0.9999999999918434,0.9999999999936386,-0.1667937185546577,0.0056731064090771,0.0098312995658893,93.2659932513386,1.124322591309422,0.0,0.0,0.0,0.5,,,,,,,,,,,,,,,,,,,,,,,,,,,,,,,,,,,,,,,,,,,,其他,0,0,0.5,1.0,0,0.0101010101010101,-0.20262235096813552,-0.3306906540631195,0.7368421052631579,0.9676113360323887,0.018218623481781375,0.9979757085020243,0.805668016194332,0.8927125506072875,0.5,0.5,0.5,0.5,0.010101010101010102,0.010101010101010102,0.010101010101010102
2026-04-24,64.08,65.48,63.5,64.68,3879236.0,65.078,64.312,61.219,55.476666666666674,-0.0061157380374319,0.0057221047393956,0.0565347359479901,0.1658955717118306,61.219,68.80285792671728,53.63514207328271,0.7281820172114767,0.2477615748935754,-0.0138740661686231,0.0006188118811882,0.0430575713594583,0.212825801612601,0.0093952550452477,0.0106397337273847,0.0112719354814726,82.87981858094875,2.765977256463429,2.6037788009653355,0.1621984554980939,53761820.0,71.897427797718,2.0592857142857146,0.929408595835657,0.9222222222143402,0.942111959281539,-0.1873840445269017,-0.0138740661686231,0.0112719354814726,82.87981858094875,-0.3247250149529755,0.0,0.0,0.0,0.5,,,,,,,,,,,,,,,,,,,,,,,,,,,,,,,,,,,,,,,,,,,,其他,0,0,0.5,1.0,0,0.008130081300813,-0.20763760049474345,-0.3508039579468152,0.6232179226069247,0.9348268839103869,0.03054989816700611,0.9674134419551935,0.5132382892057027,0.8676171079429735,0.5,0.5,0.5,0.5,0.008130081300813009,0.008130081300813009,0.01016260162601626
2026-04-27,64.0,64.0,58.21,58.21,2481278.0,63.696000000000005,63.91,61.435,55.59216666666667,-0.0861278573222809,-0.0891879205132217,-0.0524945063888663,0.0470899677112781,61.435,68.35716120799529,54.51283879200472,0.2670525213786019,0.2253491074463748,-0.100030921459493,-0.1061117936117936,-0.0645990679736461,0.0801632956021525,0.0448022004301371,0.0346814212570968,0.0270042982585104,47.46543778364376,2.140414766232958,2.5111059933481865,-0.3706912271152287,51280542.0,66.14869433073594,2.344285714285715,0.5950508515426332,0.3109243697449959,0.5305343511416633,-0.087785603848136,-0.100030921459493,0.0270042982585104,47.46543778364376,-0.3603694129462605,0.0,0.0,0.0,0.5,,,,,,,,,,,,,,,,,,,,,,,,,,,,,,,,,,,,,,,,,,,,其他,0,0,0.5,1.0,0,0.0303643724696356,-0.15134856553856735,-0.2748668613640268,0.036511156186612576,0.8377281947261663,0.6308316430020284,0.332657200811359,0.11359026369168357,0.12778904665314403,0.5,0.5,0.5,0.5,0.030364372469635626,0.024291497975708502,0.016194331983805668
2026-04-28,52.39,56.46,52.39,54.04,4817841.0,61.548,63.04200000000001,61.393,55.633833333333335,-0.1219860921557158,-0.1427936930934933,-0.1197693548124377,-0.0286486340745889,61.393,68.49059366190222,54.29540633809776,-0.0179924598576916,0.2312183363540035,-0.0716371757429995,-0.1657919110836678,-0.1383928571428571,-0.0153061224489796,0.048522572025787,0.039854739748321,0.0316275725456256,33.78746593747671,1.2937089030797395,2.267626573884848,-0.973917670805108,46462701.0,58.33682313626642,2.6357142857142866,1.1490688544279553,0.0,0.2652671755708316,0.0057364914877868,-0.0716371757429995,0.0316275725456256,33.78746593747671,0.9416772324584348,0.0,0.0,0.0,0.5,,,,,,,,,,,,,,,,,,,,,,,,,,,,,,,,,,,,,,,,,,,,其他,0,0,0.5,1.0,0,0.3151515151515151,-0.09918578830495928,-0.23482605477424123,0.012145748987854251,0.520242914979757,0.742914979757085,0.25303643724696356,0.6538461538461539,0.02631578947368421,0.5,0.5,0.5,0.5,0.3151515151515151,0.07474747474747474,0.03232323232323232
2026-04-29,53.6,55.29,53.04,54.94,3821079.0,59.492,62.21200000000001,61.346,55.682833333333335,-0.076514489343105,-0.1168906320324054,-0.1044240863299971,-0.0133404370586985,61.346,68.60785535231155,54.08414464768846,0.0589281465123932,0.2367507368793305,0.0166543301258326,-0.1576203618521926,-0.1312460468058192,-0.0168217609162492,0.0507747509731595,0.040458457610628,0.0315812456169986,29.56521738890487,0.6873058876373364,1.951562435171436,-1.2642565475341,50283780.0,57.49906238901677,2.5900000000000007,0.9172582582053098,0.0779220779214031,0.3225190839674139,-0.028758645795413,0.0166543301258326,0.0315812456169986,29.56521738890487,-0.2068897665987732,0.0,0.0,0.0,0.5,,,,,,,,,,,,,,,,,,,,,,,,,,,,,,,,,,,,,,,,,,,,其他,0,0,0.5,1.0,0,0.1492842535787321,-0.13833272661084806,-0.2408081543502002,0.00819672131147541,0.3790983606557377,0.7479508196721312,0.07377049180327869,0.36475409836065575,0.028688524590163935,0.5,0.5,0.5,0.5,0.1492842535787321,0.04294478527607362,0.034764826175869123
2026-04-30,54.88,55.56,54.04,54.65,2279900.0,57.304,61.187,61.2345,55.7295,-0.046314393410582,-0.1068364195008743,-0.1075292523005823,-0.0193703514296736,61.2345,68.84518079118185,53.62381920881816,0.0674171483032165,0.2485749305103957,-0.0052784856206771,-0.1667937185546577,-0.1579352850539291,-0.0392053445850915,0.0489106524834929,0.0382088565050077,0.0313004206563853,28.99543378763738,0.1812696241429634,1.597503871653832,-1.4162342475108685,48003880.0,54.214847481777056,2.484285714285716,0.5599934251923306,0.0528138528133954,0.3040712468174041,-0.0430009149130833,-0.0052784856206771,0.0313004206563853,28.99543378763738,-0.4033360733970692,0.0,0.0,0.0,0.5,,,,,,,,,,,,,,,,,,,,,,,,,,,,,,,,,,,,,,,,,,,,其他,0,0,0.5,1.0,0,0.1158536585365853,-0.14419030192131743,-0.25855443732845373,0.006109979633401222,0.3075356415478615,0.7311608961303462,0.10183299389002037,0.07942973523421588,0.024439918533604887,0.5,0.5,0.5,0.5,0.11585365853658537,0.04065040650406504,0.022357723577235773
2026-05-06,54.38,54.63,49.25,52.56,4646512.0,54.88,59.979,60.968500000000006,55.75383333333333,-0.0422740524781339,-0.1236932926524283,-0.1379154809450782,-0.0572845514359251,60.968500000000006,69.40040501045074,52.53659498954927,0.0013878839017744,0.2765987357549194,-0.0382433668801462,-0.1873840445269017,-0.1868811881188118,-0.0919143054595715,0.0474936205741966,0.0385125717142677,0.0319898677326139,25.06446621789121,-0.3838044701083802,1.20124220212676,-1.5850466722351404,43357368.0,53.728740852991926,2.7328571428571435,1.1298611625131296,0.0,0.1711195928742297,-0.0249238964992389,-0.0382433668801462,0.0319898677326139,25.06446621789121,1.03803324707224,0.0,0.0,0.0,0.5,,,,,,,,,,,,,,,,,,,,,,,,,,,,,,,,,,,,,,,,,,,,其他,0,0,0.5,1.0,0,0.2343434343434343,-0.13051750380517502,-0.23972602739726034,0.006072874493927126,0.10728744939271255,0.7408906882591093,0.05060728744939271,0.4676113360323887,0.01417004048582996,0.5,0.5,0.5,0.5,0.23434343434343435,0.06262626262626263,0.03838383838383838
2026-05-07,52.43,53.14,51.72,53.1,2385606.0,53.858,58.777,60.6795,55.80216666666667,-0.0140740465668981,-0.096585399050649,-0.1249103898351172,-0.0484240456613095,60.6795,69.78232657084865,51.57667342915134,0.0836732721964993,0.3000297158293544,0.0102739726027396,-0.087785603848136,-0.1845823095823096,-0.0981657608695651,0.0369062715171931,0.0387459057283498,0.031778875338549,25.257201644271632,-0.7791115830732025,0.8051714441475167,-1.5842830272207191,45742974.0,51.75082961987916,2.762142857142858,0.596259940436891,0.0414428242514086,0.2054707379121791,-0.0696798493408663,0.0102739726027396,0.031778875338549,25.257201644271632,-0.4865813324058993,0.0,0.0,0.0,0.5,,,,,,,,,,,,,,,,,,,,,,,,,,,,,,,,,,,,,,,,,,,,其他,0,0,0.5,1.0,0,0.0767676767676767,-0.160075329566855,-0.24519774011299444,0.02834008097165992,0.05668016194331984,0.757085020242915,0.058704453441295545,0.044534412955465584,0.018218623481781375,0.5,0.5,0.5,0.5,0.07676767676767676,0.06464646464646465,0.046464646464646465
2026-05-08,53.0,54.89,52.42,54.35,2738918.0,53.92,57.734,60.448,55.85,0.0079747774480714,-0.0586136418748051,-0.1008800952885123,-0.026857654431513,60.448,69.95914935774137,50.93685064225864,0.1794288591917325,0.3146886367696411,0.0235404896421844,0.0057364914877868,-0.1610064834825563,-0.0785011868429975,0.0245857753774501,0.0409287421645698,0.0323782299021758,27.962320275699213,-0.98031716584196,0.4480737214721579,-1.428390887314118,48481892.0,49.615322380356815,2.8000000000000007,0.7118967710979972,0.1373752877963362,0.2849872773518768,-0.1043238270469181,0.0235404896421844,0.0323782299021758,27.962320275699213,0.1481015725144889,0.0,0.0,0.0,0.5,,,,,,,,,,,,,,,,,,,,,,,,,,,,,,,,,,,,,,,,,,,,其他,0,0,0.5,1.0,0,0.0545454545454545,-0.1459061637534499,-0.256853725850966,0.31376518218623484,0.06882591093117409,0.7692307692307693,0.0728744939271255,0.1417004048582996,0.018218623481781375,0.5,0.5,0.5,0.5,0.05454545454545454,0.05858585858585859,0.04040404040404041
2026-05-11,54.34,55.44,52.45,53.36,2789267.0,53.604,56.548,60.1165,55.89533333333334,-0.0045518991120065,-0.0563768833557332,-0.1123901092046276,-0.0453585868826259,60.1165,70.14305899414941,50.08994100585057,0.1630698525805926,0.3335709495440601,-0.0182152713891444,-0.028758645795413,-0.1818460594909536,-0.1105184197366228,0.024114247819102,0.0400952801703346,0.0321535700758835,20.41025640879107,-1.2056895856574812,0.1173210595442434,-1.3230106452017247,45692625.0,42.01946346122535,2.7921428571428577,0.7466918213563722,0.0613967766687534,0.2220101781156361,-0.1128185907046476,-0.0182152713891444,0.0321535700758835,20.41025640879107,0.0183828066411626,0.0,0.0,0.0,0.5,,,,,,,,,,,,,,,,,,,,,,,,,,,,,,,,,,,,,,,,,,,,其他,0,0,0.5,1.0,0,0.0686868686868686,-0.16248125937031488,-0.2738005997001499,0.15587044534412955,0.05263157894736842,0.7854251012145749,0.04048582995951417,0.09919028340080972,0.01417004048582996,0.5,0.5,0.5,0.5,0.06868686868686869,0.044444444444444446,0.05858585858585859
2026-05-12,53.38,54.0,51.87,52.3,1826035.0,53.134,55.21900000000001,59.63199999999999,55.9195,-0.0156961644144992,-0.0528622394465675,-0.1229541185940433,-0.0647269735959727,59.63199999999999,70.1992714199626,49.06472858003738,0.1530797919052009,0.354416132946904,-0.0198650674662669,-0.0430009149130833,-0.2026223509681355,-0.1563155347636716,0.0249362895032292,0.0391430998486293,0.0309652175446649,19.60591132869713,-1.453012133920602,-0.1967455795300552,-1.256266554390547,43866590.0,34.74953398826368,2.833571428571429,0.507265522603899,0.0,0.1545801526707723,-0.1057361376673039,-0.0198650674662669,0.0309652175446649,19.60591132869713,-0.3453351722871994,0.0,0.0,0.0,0.5,,,,,,,,,,,,,,,,,,,,,,,,,,,,,,,,,,,,,,,,,,,,其他,0,0,0.5,1.0,0,0.0626262626262626,-0.16061185468451245,-0.26003824091778194,0.11740890688259109,0.02834008097165992,0.7408906882591093,0.038461538461538464,0.018218623481781375,0.016194331983805668,0.5,0.5,0.5,0.5,0.06262626262626263,0.06868686868686869,0.052525252525252523
2026-05-13,52.0,52.05,51.2,51.25,2153252.0,52.872,53.876,59.094,55.92,-0.0306778635194431,-0.0487415546811195,-0.1327376721833011,-0.0835121602288982,59.094,70.23173557255743,47.95626442744256,0.1478637893261793,0.376949794312065,-0.0200764818355639,-0.0249238964992389,-0.2076376004947434,-0.1735203999354942,0.0204369837721084,0.0390549277388042,0.0310130486518652,16.770483947126067,-1.7139211077465433,-0.5001806854680898,-1.2137404222784536,41713338.0,36.140263699399206,2.736428571428572,0.6315733003526204,0.0,0.0877862595414264,-0.1082926829268292,-0.0200764818355639,0.0310130486518652,16.770483947126067,0.179195360439422,0.0,0.0,0.0,0.5,,,,,,,,,,,,,,,,,,,,,,,,,,,,,,,,,,,,,,,,,,,,其他,0,0,0.5,1.0,0,0.0888888888888888,-0.18068292682926823,-0.2657560975609755,0.23279352226720648,0.018218623481781375,0.7469635627530364,0.024291497975708502,0.1194331983805668,0.01417004048582996,0.5,0.5,0.5,0.5,0.08888888888888889,0.06868686868686869,0.07474747474747474
2026-05-14,51.26,51.26,49.3,49.4,2599950.0,52.13199999999999,52.99499999999999,58.4525,55.891333333333336,-0.0524054323639989,-0.067836588357392,-0.154869338351653,-0.1161420375251978,58.4525,70.28592433866663,46.61907566133337,0.117502941628147,0.4048902729103592,-0.0360975609756097,-0.0696798493408663,-0.1513485655385673,-0.2061706572392736,0.0222855322801991,0.0288011482232623,0.0314325641910805,15.638963359164675,-2.0462806523240147,-0.8094006790795595,-1.2368799732444553,39113388.0,30.733529317615663,2.7921428571428573,0.7723070209360569,0.0,0.0,-0.0971659919028339,-0.0360975609756097,0.0314325641910805,15.638963359164675,0.2074527273166355,0.0,0.0,0.0,0.5,,,,,,,,,,,,,,,,,,,,,,,,,,,,,,,,,,,,,,,,,,,,其他,0,0,0.5,1.0,0,0.1212121212121212,-0.14554655870445343,-0.23825910931174077,0.07489878542510121,0.016194331983805668,0.742914979757085,0.02834008097165992,0.19230769230769232,0.010121457489878543,0.5,0.5,0.5,0.5,0.12121212121212122,0.07676767676767676,0.08888888888888889
2026-05-15,49.31,49.6,47.83,48.68,2006371.0,50.998,52.459,57.7505,55.849,-0.0454527628534452,-0.0720372100116282,-0.1570635752071411,-0.1283639814499813,57.7505,70.16929979792947,45.331700202070536,0.1348077049472297,0.4300845810134271,-0.014574898785425,-0.1043238270469181,-0.0991857883049592,-0.2238520408163264,0.0083093511534603,0.0211724033937557,0.0311228311809847,13.503971755564637,-2.3407526711372952,-1.1156710776815009,-1.2250815934557944,37107017.0,24.547682077587865,2.805,0.6153707285744783,0.0,0.0,-0.0464256368118323,-0.014574898785425,0.0311228311809847,13.503971755564637,-0.2283040058462663,0.0,0.0,0.0,0.5,,,,,,,,,,,,,,,,,,,,,,,,,,,,,,,,,,,,,,,,,,,,其他,0,0,0.5,1.0,0,0.2995951417004048,-0.15057518488085453,-0.19371405094494654,0.05273833671399594,0.018255578093306288,0.7302231237322515,0.016227180527383367,0.08519269776876268,0.016227180527383367,0.5,0.5,0.5,0.5,0.29959514170040485,0.0728744939271255,0.13562753036437247
2026-05-18,48.65,48.65,46.98,47.34,1916665.0,49.794,51.699,56.95550000000001,55.769666666666666,-0.0492830461501384,-0.0843149770788602,-0.1688247842613971,-0.1511514622644327,56.95550000000001,69.91844065890592,43.9925593410941,0.1291157904280462,0.4551953949621423,-0.0275267050123253,-0.1128185907046476,-0.138332726610848,-0.2514231499051232,0.0083579518382598,0.0194917045764939,0.0309169042379683,11.383834108508765,-2.6516180829116536,-1.422860478880304,-1.2287576040313497,35190352.0,27.72574483395632,2.7921428571428577,0.6115512582289877,0.0,0.0,-0.0559780312632024,-0.0275267050123253,0.0309169042379683,11.383834108508765,-0.0447105744650415,0.0,0.0,0.0,0.5,,,,,,,,,,,,,,,,,,,,,,,,,,,,,,,,,,,,,,,,,,,,其他,0,0,0.5,1.0,0,0.1939393939393939,-0.11892691170257719,-0.14279678918462202,0.06680161943319839,0.018218623481781375,0.7267206477732794,0.016194331983805668,0.1437246963562753,0.010121457489878543,0.5,0.5,0.5,0.5,0.19393939393939394,0.12121212121212122,0.2828282828282828
2026-05-19,47.34,47.8,46.61,46.77,1503843.0,48.688,50.911,56.049,55.6825,-0.0393936904370686,-0.0813380212527744,-0.16555157094685,-0.1600592645804336,56.049,69.20694080834039,42.89105919165961,0.1473992346077025,0.4695156312625351,-0.0120405576679341,-0.1057361376673039,-0.1441903019213174,-0.2793528505392912,0.0098398201008288,0.0192479169676115,0.0294504858559633,11.550021467747086,-2.9103973308978155,-1.720367849402172,-1.1900294814956434,33686509.0,30.2087392646404,2.727857142857143,0.5024083876749964,0.0,0.0,-0.0613641223006201,-0.0120405576679341,0.0294504858559633,11.550021467747086,-0.2153855785961552,0.0,0.0,0.0,0.5,,,,,,,,,,,,,,,,,,,,,,,,,,,,,,,,,,,,,,,,,,,,其他,0,0,0.5,1.0,0,0.3164300202839756,-0.1336326705152876,-0.11866581141757548,0.05894308943089431,0.01016260162601626,0.7032520325203252,0.014227642276422764,0.06910569105691057,0.014227642276422764,0.5,0.5,0.5,0.5,0.31643002028397565,0.11156186612576065,0.4259634888438134
2026-05-20,46.61,46.61,45.12,45.7,1643897.0,47.578,50.225,55.102,55.583333333333336,-0.039472024885451,-0.0900945744151319,-0.1706290152807519,-0.1778110944527735,55.102,68.38225459489624,41.82174540510375,0.1460158224817509,0.4820244127208502,-0.0228779131922172,-0.1082926829268292,-0.130517503805175,-0.2930074257425742,0.009777974158167,0.0177677026631277,0.0293543392052289,15.036333145832812,-3.165287813401733,-2.009351842294064,-1.1559359711076689,32042612.0,31.364468775043363,2.383571428571429,0.5724885375842598,0.0,0.0,-0.0811816192560175,-0.0228779131922172,0.0293543392052289,15.036333145832812,0.0931307323969323,0.0,0.0,0.0,0.5,,,,,,,,,,,,,,,,,,,,,,,,,,,,,,,,,,,,,,,,,,,,其他,0,0,0.5,1.0,0,0.2408906882591093,-0.12560175054704603,-0.10940919037199126,0.08924949290060852,0.008113590263691683,0.6795131845841785,0.032454361054766734,0.15212981744421908,0.012170385395537525,0.5,0.5,0.5,0.5,0.2408906882591093,0.1417004048582996,0.4817813765182186
2026-05-21,45.78,46.44,44.5,44.6,1503303.0,46.61800000000001,49.375,54.076,55.475166666666674,-0.0432880003432152,-0.0967088607594935,-0.1752348546490124,-0.1960366650543337,54.076,67.26780511170713,40.88419488829286,0.1408376291276258,0.4878987022591442,-0.0240700218818381,-0.0971659919028339,-0.160075329566855,-0.3151105651105651,0.0065963159061672,0.0158215630294677,0.0288286729575961,18.151147096800827,-3.416622088746891,-2.290805891656296,-1.125816197090595,30539309.0,34.85877296179044,2.106428571428572,0.5404835986493223,0.0,0.0,-0.0535874439461883,-0.0240700218818381,0.0288286729575961,18.151147096800827,-0.0855248230272334,0.0,0.0,0.0,0.5,,,,,,,,,,,,,,,,,,,,,,,,,,,,,,,,,,,,,,,,,,,,其他,0,0,0.5,1.0,0,0.1898989898989899,-0.10134529147982074,-0.12130044843049337,0.11740890688259109,0.008097165991902834,0.6477732793522267,0.07894736842105263,0.032388663967611336,0.018218623481781375,0.5,0.5,0.5,0.5,0.1898989898989899,0.16363636363636364,0.3616161616161616
2026-05-22,44.68,46.58,44.3,46.42,1738941.0,46.166,48.582,53.158,55.4055,0.0055018845037473,-0.0445020789592852,-0.1267542044471199,-0.1621770401855411,53.158,65.75538418962651,40.56061581037349,0.2325635267370921,0.4739600507770349,0.0408071748878924,-0.0464256368118323,-0.1459061637534499,-0.2834208088916332,0.0285168381604306,0.020889792342347,0.0316316194613867,22.93519694840475,-3.4294728966597177,-2.51853929270337,-0.9109336039563476,32278250.0,29.66492527597967,2.108571428571429,0.6302702086154627,0.0867079561691915,0.0867079561691915,-0.1092201637225334,0.0408071748878924,0.0316316194613867,22.93519694840475,0.1567468434507215,0.0,0.0,0.0,0.5,,,,,,,,,,,,,,,,,,,,,,,,,,,,,,,,,,,,,,,,,,,,其他,0,0,0.5,1.0,0,0.0828282828282828,-0.12990090478242144,-0.15898319689788887,0.2975708502024291,0.010121457489878543,0.6923076923076923,0.19230769230769232,0.27125506072874495,0.03441295546558704,0.5,0.5,0.5,0.5,0.08282828282828283,0.10303030303030303,0.21616161616161617
2026-05-25,46.8,46.88,44.5,44.69,1686092.0,45.636,47.715,52.1315,55.3,-0.0207292488386362,-0.0633972545321177,-0.1427447896185608,-0.1918625678119349,52.1315,63.90960685350709,40.35339314649291,0.184096090629259,0.4518614217309878,-0.0372684187850065,-0.0559780312632024,-0.1624812593703148,-0.3147807421036492,0.0303601951441938,0.0220085920032407,0.0314922557534509,21.01280558618056,-3.53840809181483,-2.7225130525589023,-0.8158950392559277,30592158.0,22.59033630681708,2.1700000000000004,0.6226030766360782,0.0042877560743005,0.0042877560743005,-0.066681584247035,-0.0372684187850065,0.0314922557534509,21.01280558618056,-0.0303914853925464,0.0,0.0,0.0,0.5,,,,,,,,,,,,,,,,,,,,,,,,,,,,,,,,,,,,,,,,,,,,其他,0,0,0.5,1.0,0,0.1878787878787878,-0.13291564108301634,-0.1217274558066681,0.19433198380566802,0.010121457489878543,0.6659919028340081,0.15991902834008098,0.20850202429149797,0.032388663967611336,0.5,0.5,0.5,0.5,0.18787878787878787,0.20606060606060606,0.3616161616161616
2026-05-26,45.1,45.1,43.04,43.9,1384200.0,45.062,46.875,51.047,55.16933333333333,-0.0257866938884203,-0.0634666666666666,-0.1400082277117167,-0.2042680716339996,51.047,61.53048696509742,40.56351303490259,0.1591305915765256,0.4107386120664045,-0.01767733273663,-0.0613641223006201,-0.1606118546845124,-0.3306906540631195,0.0305086100004759,0.0219917803790306,0.0309880007005465,22.732997479104142,-3.646426793981476,-2.907295800867507,-0.7391309931139691,29207958.0,25.55880738648169,1.931428571428572,0.5558792138160361,0.0,0.0,-0.0769931662870158,-0.01767733273663,0.0309880007005465,22.732997479104142,-0.1790483556057439,0.0,0.0,0.0,0.5,,,,,,,,,,,,,,,,,,,,,,,,,,,,,,,,,,,,,,,,,,,,其他,0,0,0.5,1.0,0,0.1272727272727272,-0.11845102505694749,-0.13394077448747144,0.31376518218623484,0.008097165991902834,0.6578947368421053,0.22267206477732793,0.06882591093117409,0.04048582995951417,0.5,0.5,0.5,0.5,0.12727272727272726,0.18787878787878787,0.36767676767676766
2026-05-27,43.9,44.18,41.7,41.99,1702600.0,44.32000000000001,45.949,49.9125,54.98866666666667,-0.052572202166065,-0.0861607434329364,-0.1587277736038066,-0.236388104215414,49.9125,59.00234829935362,40.82265170064638,0.0642116491333639,0.3642313368128387,-0.0435079726651479,-0.0811816192560175,-0.1806829268292682,-0.3508039579468152,0.033553832461671,0.023533608333831,0.0314152038051159,17.79710144783097,-3.841813080539218,-3.0941992568213426,-0.7476138237178755,27505358.0,17.11628300034924,2.007142857142857,0.7149943675191153,0.0,0.0,-0.0483448440104786,-0.0435079726651479,0.0314152038051159,17.79710144783097,0.2300245629244328,0.0,0.0,0.0,0.5,,,,,,,,,,,,,,,,,,,,,,,,,,,,,,,,,,,,,,,,,,,,其他,0,0,0.5,1.0,0,0.1737373737373737,-0.10383424624910687,-0.11740890688259109,0.2388663967611336,0.008097165991902834,0.6538461538461539,0.15384615384615385,0.2550607287449393,0.03643724696356275,0.5,0.5,0.5,0.5,0.17373737373737375,0.24242424242424243,0.44646464646464645
2026-05-28,41.94,42.49,41.18,42.21,1336592.0,43.842,45.23,49.1125,54.809000000000005,-0.0372245791706582,-0.0667698430245412,-0.1405446678544157,-0.2298710065865096,49.1125,57.94009280533717,40.28490719466282,0.10903837817272,0.359484563209741,0.0052393427006429,-0.0535874439461883,-0.1455465587044534,-0.2748668613640268,0.0344156214182852,0.023918351629074,0.0257680205869118,12.577065350332433,-3.9335649162467377,-3.262072388720428,-0.6714925275263095,28841950.0,6.440276858410314,1.9242857142857144,0.575114954833886,0.0169884169882857,0.0093220338982655,-0.0504619758351102,0.0052393427006429,0.0257680205869118,12.577065350332433,-0.214970045812287,0.0,0.0,0.0,0.5,,,,,,,,,,,,,,,,,,,,,,,,,,,,,,,,,,,,,,,,,,,,其他,0,0,0.5,1.0,0,0.2995951417004048,-0.10850509357972038,-0.15754560530679929,0.18661257606490872,0.014198782961460446,0.5314401622718052,0.08924949290060852,0.16024340770791076,0.030425963488843813,0.5,0.5,0.5,0.5,0.29959514170040485,0.2732793522267207,0.37044534412955465
2026-05-29,42.5,43.48,41.15,41.35,1335000.0,42.828,44.497,48.478,54.62883333333333,-0.0345101335574857,-0.070723869024878,-0.1470357688023432,-0.2430737125998785,48.478,57.63251824022022,39.32348175977977,0.1106840462289807,0.3776772243162401,-0.0203743188817815,-0.1092201637225334,-0.1505751848808545,-0.2348260547742412,0.0190817440792499,0.0239677345633736,0.0222063614129888,12.6786824103325,-4.029205217330457,-3.415498954452675,-0.6137062628777818,27506950.0,11.879184328514595,1.8771428571428577,0.6209587822212198,0.0,0.0,-0.0232164449818621,-0.0203743188817815,0.0222063614129888,12.6786824103325,-0.0011910889785364,0.0,0.0,0.0,0.5,,,,,,,,,,,,,,,,,,,,,,,,,,,,,,,,,,,,,,,,,,,,其他,0,0,0.5,1.0,0,0.4665314401622718,-0.050785973397823536,-0.15259975816203153,0.08130081300813008,0.028455284552845527,0.4410569105691057,0.09146341463414634,0.13617886178861788,0.046747967479674794,0.5,0.5,0.5,0.5,0.4665314401622718,0.4766734279918864,0.37322515212981744
2026-06-01,41.35,42.16,41.13,41.71,1207252.0,42.232000000000006,43.934000000000005,47.816500000000005,54.47933333333334,-0.0123602955105134,-0.0506213866253927,-0.1277069630775987,-0.2343885754842815,47.816500000000005,56.91677709236885,38.71622290763116,0.1644882382132551,0.38063334172722,0.0087061668681982,-0.066681584247035,-0.1189269117025771,-0.2408081543502002,0.0212688680925313,0.0247458683553004,0.0217122447112836,15.594541908912774,-4.029507651363133,-3.538300693841324,-0.491206957521809,28714202.0,12.37750475236112,1.7985714285714285,0.5978833898290311,0.0270676691727287,0.0148514851484535,-0.0709661951570367,0.0087061668681982,0.0217122447112836,15.594541908912774,-0.0956913857677902,0.0,0.0,0.0,0.5,,,,,,,,,,,,,,,,,,,,,,,,,,,,,,,,,,,,,,,,,,,,其他,0,0,0.5,1.0,0,0.4453441295546558,-0.02709182450251746,-0.15655718053224654,0.18661257606490872,0.036511156186612576,0.38742393509127787,0.04056795131845842,0.1663286004056795,0.04665314401622718,0.5,0.5,0.5,0.5,0.44534412955465585,0.659919028340081,0.46356275303643724
2026-06-02,41.98,41.98,40.25,40.52,1313452.0,41.556,43.309000000000005,47.11,54.3235,-0.0249302146501105,-0.0643977002470618,-0.1398853746550625,-0.2540981343249238,47.11,56.17039153330806,38.049608466691936,0.1363291820343918,0.3846483351003537,-0.0285303284584031,-0.0769931662870158,-0.1336326705152876,-0.2585544373284537,0.022326367632764,0.0252700446830601,0.0218732283621252,15.453960075876653,-4.078727833959036,-3.646386121869485,-0.4323417120895514,27400750.0,13.058487712379318,1.8435714285714289,0.6664267070762135,0.0,0.0,-0.0449160908193484,-0.0285303284584031,0.0218732283621252,15.453960075876653,0.0879683777703412,0.0,0.0,0.0,0.5,,,,,,,,,,,,,,,,,,,,,,,,,,,,,,,,,,,,,,,,,,,,其他,0,0,0.5,1.0,0,0.556910569105691,0.01727541954590306,-0.07872655478775925,0.12423625254582485,0.024439918533604887,0.39918533604887985,0.06924643584521385,0.24032586558044808,0.034623217922606926,0.5,0.5,0.5,0.5,0.556910569105691,0.8150406504065041,0.6443089430894309
2026-06-03,40.49,40.52,39.61,39.96,1179700.0,41.15,42.735,46.48,54.156,-0.0289185905224786,-0.0649350649350649,-0.1402753872633391,-0.2621316197651229,46.48,55.69569370836043,37.26430629163958,0.1462556044967227,0.396544479704845,-0.0138203356367226,-0.0483448440104786,-0.125601750547046,-0.2397260273972603,0.0161822034750417,0.0250762808904323,0.0211548487917273,16.85393258261267,-4.115469760605592,-3.740202849619912,-0.3752669109856796,26221050.0,14.188640736214351,1.768571428571429,0.65628333014751,0.0,0.0,-0.0583083083083082,-0.0138203356367226,0.0211548487917273,16.85393258261267,-0.1018324232632787,0.0,0.0,0.0,0.5,,,,,,,,,,,,,,,,,,,,,,,,,,,,,,,,,,,,,,,,,,,,其他,0,0,0.5,1.0,0,0.4210526315789473,0.0185185185185186,-0.06156156156156156,0.16835699797160245,0.036511156186612576,0.37322515212981744,0.05476673427991886,0.21703853955375255,0.034482758620689655,0.5,0.5,0.5,0.5,0.42105263157894735,0.8218623481781376,0.6639676113360324
2026-06-04,39.96,41.36,39.67,40.08,1341023.0,40.724,42.283,45.82899999999999,53.9465,-0.0158137707494353,-0.0521013173142871,-0.1254445874882715,-0.2570416987200282,45.82899999999999,54.91423822935913,36.74376177064086,0.1836076360969631,0.3964842448815951,0.003003003003003,-0.0504619758351102,-0.1013452914798207,-0.2451977401129944,0.0156874704793208,0.0252153403664653,0.020785894842343,18.475073311886703,-4.087783909904104,-3.8097190616786514,-0.2780648482254526,27562073.0,20.7995189022448,1.762857142857143,0.7683546889014731,0.0083391243918807,0.0046820132656858,-0.0611277445109779,0.003003003003003,0.020785894842343,18.475073311886703,0.1367491735186912,0.0,0.0,0.0,0.5,,,,,,,,,,,,,,,,,,,,,,,,,,,,,,,,,,,,,,,,,,,,其他,0,0,0.5,1.0,0,0.3522267206477733,-0.02220558882235535,-0.047654690618762374,0.29817444219066935,0.04462474645030426,0.35699797160243407,0.09939148073022312,0.40162271805273836,0.08113590263691683,0.5,0.5,0.5,0.5,0.3522267206477733,0.6578947368421053,0.6093117408906883
2026-06-05,40.2,41.09,39.35,40.39,1460477.0,40.532,41.68,45.13100000000001,53.72166666666667,-0.0035034047172602,-0.0309500959692897,-0.1050497440783497,-0.2481618217354885,45.13100000000001,53.58276506012662,36.6792349398734,0.2195260418212017,0.3745436644482897,0.0077345309381238,-0.0232164449818621,-0.1299009047824214,-0.256853725850966,0.0161607074649161,0.019216438089168,0.0195571622235953,22.44250594516893,-3.994782347093413,-3.846731718762413,-0.1480506283309992,29022550.0,21.56819164398296,1.7657142857142856,0.8686099808992006,0.0320895522385664,0.0167772142020414,-0.0282248081208219,0.0077345309381238,0.0195571622235953,22.44250594516893,0.0890767719867593,0.0,0.0,0.0,0.5,,,,,,,,,,,,,,,,,,,,,,,,,,,,,,,,,,,,,,,,,,,,其他,0,0,0.5,1.0,0,0.5222672064777328,-0.03342411487992081,-0.07080960633820255,0.4645030425963489,0.038539553752535496,0.29817444219066935,0.1257606490872211,0.48884381338742394,0.12373225152129817,0.5,0.5,0.5,0.5,0.5222672064777328,0.6052631578947368,0.5566801619433198
2026-06-08,39.91,40.29,38.21,38.75,1459104.0,39.94,41.086,44.4005,53.429833333333335,-0.029794692038057,-0.0568563500949228,-0.1272620803819777,-0.2747497496716878,44.4005,52.36927716300827,36.43172283699173,0.1454600320457798,0.3589498840324015,-0.0406041099282,-0.0709661951570367,-0.1329156410830163,-0.2738005997001499,0.0204905472411563,0.019694973924648,0.0204004836198828,20.68713450080685,-4.007194642697897,-3.878824303550071,-0.1283703391478257,27563446.0,21.9104272391472,1.8364285714285715,0.9035329366142514,0.0,0.0,0.0472258064516128,-0.0406041099282,0.0204004836198828,20.68713450080685,-0.0009401038153973,0.0,0.0,0.0,0.5,,,,,,,,,,,,,,,,,,,,,,,,,,,,,,,,,,,,,,,,,,,,其他,0,0,0.5,1.0,0,0.7672064777327935,0.012903225806451646,-0.063483870967742,0.44421906693711966,0.056795131845841784,0.332657200811359,0.18052738336713997,0.44421906693711966,0.12981744421906694,0.5,0.5,0.5,0.5,0.7672064777327935,0.680161943319838,0.5587044534412956
2026-06-09,38.82,39.16,38.41,38.7,856734.0,39.576,40.566,43.7205,53.139833333333335,-0.0221346270466948,-0.045999112557314,-0.1148317150993241,-0.2717327554031972,43.7205,51.154097910482825,36.28690208951718,0.1623102257833757,0.3400509102350532,-0.001290322580645,-0.0449160908193484,-0.1184510250569474,-0.2600382409177819,0.0194011019601191,0.0200322933084582,0.0206211195826763,22.353870455663863,-3.975240006931372,-3.8981074442266017,-0.0771325627047705,26706712.0,23.029848603727885,1.7721428571428568,0.5469367649492245,0.0,0.0,0.0651162790697672,-0.001290322580645,0.0206211195826763,22.353870455663863,-0.4128355483913415,0.0,0.0,0.0,0.5,,,,,,,,,,,,,,,,,,,,,,,,,,,,,,,,,,,,,,,,,,,,其他,0,0,0.5,1.0,0,0.8481781376518218,-0.017571059431524594,-0.08475452196382427,0.5557809330628803,0.05070993914807302,0.332657200811359,0.18052738336713997,0.1257606490872211,0.13387423935091278,0.5,0.5,0.5,0.5,0.8481781376518218,0.6336032388663968,0.5121457489878543
2026-06-10,38.7,38.7,37.01,37.63,1210677.0,39.11,40.13,43.0395,52.818666666666665,-0.0378419841472768,-0.0622975330176924,-0.125686869038906,-0.2875624779118493,43.0395,50.05231376068856,36.02668623931143,0.114313156985914,0.325878031142196,-0.0276485788113695,-0.0583083083083082,-0.1038342462491068,-0.2657560975609755,0.0211661684512357,0.0177936744703705,0.0207930046247506,22.406967535125105,-3.9902442241099214,-3.916534800203472,-0.0737094239064499,25496035.0,23.66683617582493,1.7542857142857144,0.796868334176214,0.0,0.0,0.0815838426787138,-0.0276485788113695,0.0207930046247506,22.406967535125105,0.4131305632786839,0.0,0.0,0.0,0.5,,,,,,,,,,,,,,,,,,,,,,,,,,,,,,,,,,,,,,,,,,,,其他,0,0,0.5,1.0,0,0.8704453441295547,-0.015147488705819834,-0.078394897688015,0.4198782961460446,0.07302231237322515,0.3407707910750507,0.11967545638945233,0.4685598377281947,0.12778904665314403,0.5,0.5,0.5,0.5,0.8704453441295547,0.6902834008097166,0.5161943319838057
2026-06-11,37.44,37.76,37.09,37.63,786760.0,38.620000000000005,39.672,42.451,52.5125,-0.0256343863283273,-0.0514720709820528,-0.113566229299663,-0.2834087122113782,42.451,49.18634244821556,35.71565755178444,0.1421117384097175,0.3173231466019502,0.0,-0.0611277445109779,-0.1085050935797203,-0.2382591093117407,0.0206795061904057,0.0173416742494561,0.0204400349926787,9.34320073884544,-3.95652570948922,-3.9245329820606942,-0.0319927274285261,25496035.0,14.657717814136092,1.639285714285714,0.5507078211731115,0.0,0.0,0.0414562848790858,0.0,0.0204400349926787,9.34320073884544,-0.3501487184443084,0.0,0.0,0.0,0.5,,,,,,,,,,,,,,,,,,,,,,,,,,,,,,,,,,,,,,,,,,,,其他,0,0,0.5,1.0,0,0.7560975609756098,-0.05500930108955626,-0.06510762689343619,0.35030549898167007,0.08961303462321792,0.329938900203666,0.028513238289205704,0.13034623217922606,0.1894093686354379,0.5,0.5,0.5,0.5,0.7560975609756098,0.5914634146341463,0.49390243902439024
2026-06-12,38.05,39.27,37.86,39.25,1330177.0,38.392,39.462,41.9795,52.23,0.0223484059178995,-0.0053722568546957,-0.0650198311080408,-0.2485161784415087,41.9795,48.17767791562018,35.78132208437982,0.2798143230811991,0.2952954616231928,0.0430507573744352,-0.0282248081208219,-0.0507859733978235,-0.1937140509449465,0.0321239878922237,0.0239762884866995,0.0240040626808763,24.579439249120423,-3.755804954988683,-3.89078737664605,0.1349824216573667,26826212.0,22.257815595162143,1.586428571428571,0.9536519093854428,0.1668383110178489,0.0579399141628828,-0.0053503184713376,0.0430507573744352,0.0240040626808763,24.579439249120423,0.6907023742945753,0.0,0.0,0.0,0.5,,,,,,,,,,,,,,,,,,,,,,,,,,,,,,,,,,,,,,,,,,,,其他,0,0,0.5,1.0,0,0.6234817813765182,-0.10726114649681529,-0.14318471337579608,0.5212981744421906,0.13387423935091278,0.4198782961460446,0.1724137931034483,0.4726166328600406,0.3935091277890467,0.5,0.5,0.5,0.5,0.6234817813765182,0.3582995951417004,0.291497975708502
2026-06-15,39.3,40.6,39.3,40.58,1544400.0,38.758,39.349,41.6415,52.00633333333334,0.0470096496207232,0.0312841495336602,-0.0254913968036695,-0.2197104198847577,41.6415,47.3247432364107,35.958256763589304,0.4066114227489,0.2729605435153415,0.0338853503184712,0.0472258064516128,-0.0270918245025174,-0.142796789184622,0.0287530309568859,0.026732312062201,0.0255788518663926,35.23131672159039,-3.449659509450377,-3.80256180320641,0.3529022937560326,28370612.0,30.743421736479988,1.5357142857142851,1.1222114745178648,0.3227571115938424,0.1055078683830273,-0.0327747658945293,0.0338853503184712,0.0255788518663926,35.23131672159039,0.1610484920427883,0.0,0.0,0.0,0.5,,,,,,,,,,,,,,,,,,,,,,,,,,,,,,,,,,,,,,,,,,,,其他,0,0,0.5,1.0,0,0.460446247464503,-0.13307047806801375,-0.15229176934450472,0.7682926829268293,0.28252032520325204,0.45934959349593496,0.38414634146341464,0.6483739837398373,0.6239837398373984,0.5,0.5,0.5,0.5,0.460446247464503,0.22718052738336714,0.23123732251521298
2026-06-16,40.76,41.34,39.5,41.22,1737599.0,39.262,39.419,41.364,51.805,0.0498701034078752,0.0456886273117025,-0.0034812880765884,-0.2043239069587877,41.364,46.50941144587736,36.21858855412265,0.4860069499238994,0.2487869377170929,0.0157713159191719,0.0651162790697672,0.017275419545903,-0.1186658114175754,0.0281435265001931,0.0255704630662863,0.0260626613679014,46.13841523925838,-3.119440927652022,-3.665937628094906,0.546496700442884,30108211.0,40.55844238585,1.49,1.2519635794823687,0.4084186575607684,0.1283977110152774,-0.0776322173702085,0.0157713159191719,0.0260626613679014,46.13841523925838,0.1250964775964775,0.0,0.0,0.0,0.5,,,,,,,,,,,,,,,,,,,,,,,,,,,,,,,,,,,,,,,,,,,,其他,0,0,0.5,1.0,0,0.2165991902834008,-0.0943716642406599,-0.16011644832605532,0.847870182555781,0.4239350912778905,0.4746450304259635,0.6490872210953347,0.8235294117647058,0.7464503042596349,0.5,0.5,0.5,0.5,0.2165991902834008,0.2935222672064777,0.22672064777327935
2026-06-17,40.98,41.2,40.23,40.7,1052800.0,39.876,39.49300000000001,41.114,51.58133333333333,0.0206640585816031,0.0305623781429618,-0.0100695626793791,-0.2109548673938892,41.114,45.84124421780111,36.38675578219888,0.4562112743734881,0.2299578838249558,-0.0126152353226588,0.0815838426787138,0.0185185185185186,-0.1094091903719912,0.0230570570530414,0.0254902910062051,0.0258121487443794,42.64849074394276,-2.8666503250225617,-3.5060801674798507,0.6394298424572891,29055411.0,47.32240017119128,1.467142857142857,0.7750613127019393,0.3492605233179834,0.1097997138765744,-0.0894348894348894,-0.0126152353226588,0.0258121487443794,42.64849074394276,-0.3941064653006821,0.0,0.0,0.0,0.5,,,,,,,,,,,,,,,,,,,,,,,,,,,,,,,,,,,,,,,,,,,,其他,0,0,0.5,1.0,0,0.2004048582995951,-0.07862407862407872,-0.14250614250614257,0.8701825557809331,0.4787018255578093,0.4645030425963489,0.6288032454361054,0.359026369168357,0.7322515212981744,0.5,0.5,0.5,0.5,0.20040485829959515,0.3157894736842105,0.2434077079107505
2026-06-18,40.23,40.31,39.0,39.19,879787.0,40.188,39.404,40.8435,51.2865,-0.0248332835672341,-0.0054309207187087,-0.0404837979115404,-0.2358612890331765,40.8435,45.34457951963775,36.34242048036225,0.3163218409253178,0.220406161059984,-0.0371007371007372,0.0414562848790858,-0.0222055888223553,-0.1213004484304933,0.033227529862836,0.0283336184965701,0.0264628584043714,40.10989010474779,-2.7563704196003656,-3.356138217903513,0.599767798303148,28175624.0,40.67477743163844,1.4221428571428574,0.6629053503272587,0.1774744027283558,0.0557939914161092,-0.0926256698137278,-0.0371007371007372,0.0264628584043714,40.10989010474779,-0.164336056231003,0.0,0.0,0.0,0.5,,,,,,,,,,,,,,,,,,,,,,,,,,,,,,,,,,,,,,,,,,,,其他,0,0,0.5,1.0,0,0.2231237322515213,-0.02602704771625408,-0.1357489155396785,0.758130081300813,0.3617886178861789,0.4796747967479675,0.5934959349593496,0.15853658536585366,0.6138211382113821,0.5,0.5,0.5,0.5,0.2231237322515213,0.5111561866125761,0.3150406504065041
2026-06-22,39.01,39.24,37.52,39.04,1119209.0,40.146,39.269,40.4745,51.03533333333333,-0.0275494445274747,-0.005831571977896,-0.0354420684628593,-0.2350397763640876,40.4745,44.19261199967165,36.75638800032835,0.3070929546827272,0.1837261485459962,-0.0038275070170961,-0.0053503184713376,-0.0334241148799208,-0.1589831968978888,0.0271301887861247,0.0281328032371074,0.0240717913093804,37.53501400069569,-2.650521522238236,-3.2150148787701265,0.5644933565318904,27056415.0,41.09670170803338,1.471428571428572,0.8634660995651265,0.1997167138781906,0.0504291845491757,-0.1024590163934425,-0.0038275070170961,0.0240717913093804,37.53501400069569,0.2721363239056726,0.0,0.0,0.0,0.5,-1.846538836168452,-1.876421392742588,-2.0298190726479204,-1.8685054789220936,-0.7943775765494547,,,,,,,,,,,,,,,,,,,,,,-1.1331069559539626,-1.6383273032284893,1.195095435852086,0.7477517522867257,,,,,,,,,,0.0,0.0,0.0,0.0,其他,0,0,0.5,1.0,0,0.2206477732793522,-0.03867827868852458,-0.13908811475409832,0.6227180527383367,0.2129817444219067,0.4056795131845842,0.5760649087221096,0.22718052738336714,0.5821501014198783,0.5,0.5,0.5,0.5,0.22064777327935223,0.48582995951417,0.34685598377281945
2026-06-23,39.51,39.77,39.03,39.25,864496.0,39.88,39.319,40.2025,50.784,-0.0157973921765294,-0.0017548767771307,-0.0236925564330576,-0.2271187775677379,40.2025,43.378560949964864,37.02643905003514,0.3500501068712893,0.1580031565179759,0.0053790983606558,-0.0327747658945293,0.0129032258064516,-0.1217274558066681,0.0201125932970199,0.0248803187902097,0.0232495727394998,43.47379238840046,-2.5206350469794714,-3.0761389124117344,0.555503865432263,27920911.0,47.43298273537194,1.400714285714287,0.6887854807332584,0.2583732057375058,0.0579399141628828,-0.1036942675159235,0.0053790983606558,0.0232495727394998,43.47379238840046,-0.2275830519590175,0.0,0.0,0.0,0.5,-1.7443526132405756,-1.7711926421592437,-1.7679834238490109,-1.8047048031347688,-0.9051147635775354,,,,,,,,,,,,,,0.3477260203627222,,,,,,,,-1.0551294163980036,-1.5354058375821529,1.1672754414849154,0.7737379718716415,,,,,,0.3477260203627222,,,-0.6730061456884848,0.0,0.0,0.0,0.0,其他,0,0,0.5,1.0,0,0.180161943319838,-0.07541401273885351,-0.14267515923566887,0.45841784989858014,0.36105476673427994,0.35496957403651114,0.6774847870182555,0.1643002028397566,0.6288032454361054,0.5,0.5,0.5,0.5,0.18016194331983806,0.41295546558704455,0.3306288032454361
2026-06-24,39.15,39.5,37.9,38.02,784301.0,39.24,39.251,39.9085,50.53566666666666,-0.0310907237512741,-0.0313622582864129,-0.0473207462069482,-0.2476600684664954,39.9085,42.70993027379663,37.10706972620336,0.162940031440279,0.1403926619035851,-0.0313375796178343,-0.0776322173702085,-0.0175710594315245,-0.1339407744874714,0.018007810181647,0.0269879394756152,0.0237983173491927,40.673076917601705,-2.488258732023702,-2.958562876333951,0.4703041443102487,27136610.0,48.68140262732674,1.4500000000000008,0.6401897956668274,0.0851528384260885,0.0139484978540273,-0.0181483429773804,-0.0313375796178343,0.0237983173491927,40.673076917601705,-0.0927650330365901,0.0,0.0,0.0,0.5,-1.765171825481584,-1.777322568469096,-1.901880493778533,-1.9452702036614,-0.9349111933699228,,,,,,,,,,,,,,-0.99187775395019,,,,,,,,-1.0292290204199277,-1.448349363419,1.0052189444889088,0.7407064503543218,,,,,,-0.99187775395019,,,-0.3353658579623583,0.0,0.0,0.0,0.0,其他,0,0,0.5,1.0,0,0.537525354969574,-0.06838506049447657,-0.12914255654918472,0.21544715447154472,0.36585365853658536,0.3638211382113821,0.6239837398373984,0.13008130081300814,0.5752032520325203,0.5,0.5,0.5,0.5,0.537525354969574,0.3671399594320487,0.30831643002028397
2026-06-25,37.9,38.48,36.95,37.06,870811.0,38.512,39.194,39.662,50.2645,-0.0377025342750311,-0.054447109251416,-0.0656043568150873,-0.2627003153318942,39.662,42.55824511902404,36.76575488097596,0.0507976892366959,0.1460463475879549,-0.0252498684902683,-0.0894348894348894,-0.0151474887058198,-0.117408906882591,0.0183154209057449,0.0267386641232344,0.0226419950781233,36.56583629437792,-2.511111830527099,-2.869072667172473,0.3579608366453737,26265799.0,41.70709456241884,1.438571428571429,0.7357820760663836,0.0,0.0,0.0118726389638423,-0.0252498684902683,0.0226419950781233,36.56583629437792,0.1103020396505933,0.0,0.0,0.0,0.5,-1.9053174324241169,-1.881291464809424,-2.001893549023193,-2.0397328739675364,-0.8883895965167448,,,,,,,,,,,,,,-0.7634059876162461,,,,,,,,-1.0325105525063167,-1.3800097241051383,0.7972635512593904,0.7049133428455341,,,,,,-0.7634059876162461,,,0.1720332996250329,0.0,0.0,0.0,0.0,其他,0,0,0.5,1.0,0,0.6734279918864098,-0.06422018348623859,-0.07393416082029147,0.1991869918699187,0.44308943089430897,0.32926829268292684,0.556910569105691,0.21138211382113822,0.5223577235772358,0.5,0.5,0.5,0.5,0.6734279918864098,0.3367139959432049,0.3394308943089431
2026-06-26,36.9,37.07,35.52,35.56,1226414.0,37.786,38.987,39.3295,49.959,-0.0589107076695072,-0.0879010952368738,-0.0958440864999554,-0.2882163373966652,39.3295,42.50728787672659,36.15171212327341,-0.0931012619812775,0.1615981833849151,-0.0404749055585537,-0.0926256698137278,-0.0550093010895562,-0.1575456053067992,0.0192154957019427,0.0294609013556657,0.0237308814073169,30.57119870934837,-2.620049848529881,-2.8192681034439064,0.1992182549140255,25039385.0,42.70336460174131,1.4250000000000005,1.0410908273041968,0.0,0.0,0.0733970753655792,-0.0404749055585537,0.0237308814073169,30.57119870934837,0.4083584153162971,0.0,0.0,0.0,0.5,-2.003542846107237,-2.0291091193836475,-2.1618327739434906,-2.199844893929052,-0.7194186296260653,-2.0143020375261784,,,,-1.6824259051015833,,,,,,,,,-1.3085774578270637,,,,,,,,-1.0804390089591795,-1.3360444066153454,0.5079633051611995,0.6566818572075587,,,,,,-1.3085774578270637,,,0.9139616041537952,0.0,0.0,0.0,0.0,其他,0,0,0.5,1.0,0,0.7987804878048781,-0.01068616422947144,-0.057367829021372274,0.2219959266802444,0.37067209775967414,0.35030549898167007,0.5132382892057027,0.6456211812627292,0.42769857433808556,0.5,0.5,0.5,0.5,0.7987804878048781,0.3861788617886179,0.38289205702647655
2026-06-29,35.54,35.63,34.0,35.04,1068258.0,36.986,38.566,39.014,49.62833333333333,-0.0526145027848375,-0.0914276824145621,-0.1018608704567591,-0.2939517076938577,39.014,42.57678069992895,35.45121930007106,-0.0577104423061305,0.1826411390741688,-0.0146231721034871,-0.1024590163934425,-0.1072611464968152,-0.1525997581620315,0.0176095023700407,0.0241144138698751,0.0236109942688465,33.59858531856426,-2.717020585546741,-2.798818599864458,0.0817980143177163,23971127.0,44.12860988255255,1.385714285714286,0.9172182492136944,0.0,0.0,0.0710616438356164,-0.0146231721034871,0.0236109942688465,33.59858531856426,-0.1289580843010598,0.0,0.0,0.0,0.5,-2.142026608931285,-2.1702747645372704,-2.3211003603701417,-2.218109363663096,-0.7875964671516767,-2.0855422853474703,,,,-1.4591446993467314,,,,,,,,,-0.3591447215412811,-1.3194479862569497,,,-0.1562061488708964,,,,-1.121313833721573,-1.3098163455061365,0.2939630785951129,0.6144978829101668,,,,,,-0.3591447215412811,,,-0.4347533019430123,0.0,0.0,0.0,0.0,其他,0,0,0.5,1.0,0,0.7935222672064778,-0.040239726027397116,-0.019691780821917693,0.2210953346855984,0.3691683569979716,0.3488843813387424,0.4746450304259635,0.41379310344827586,0.3265720081135903,0.5,0.5,0.5,0.5,0.7935222672064778,0.39271255060728744,0.4198782961460446
2026-06-30,35.01,35.48,34.63,35.18,803500.0,36.172,38.026,38.6875,49.28333333333333,-0.0274245272586531,-0.074843528112344,-0.0906623586429725,-0.2861684139330402,38.6875,42.40354699420696,34.971453005793045,0.0280603278873031,0.1921058219940471,0.0039954337899543,-0.1036942675159235,-0.1330704780680137,-0.1565571805322465,0.0170893768643826,0.019302323025892,0.0234587867156227,34.56140350452753,-2.7508638137684045,-2.7892276426452414,0.0383638288768368,24774627.0,49.30977985647782,1.3928571428571428,0.7020631438300206,0.0226537216824814,0.004582651391147,0.0315520181921546,0.0039954337899543,0.0234587867156227,34.56140350452753,-0.2478408773910422,0.0,0.0,0.0,0.5,-2.163557108652088,-2.1407235070100046,-2.179273772119921,-2.148927281794506,-0.9039437383446144,-2.153257898170014,,,,-0.6432517118744285,,,,,,,,,0.3244603960026141,-1.322911378731925,,,-0.1994154989817055,,,,-1.1288080021107854,-1.2904331113053769,0.2140969899206325,0.6401421159681281,,,,,,0.3244603960026141,,,-0.7301043894428584,0.0,0.0,0.0,0.0,其他,0,0,0.5,1.0,0,0.7105263157894737,-0.022171688459351913,-0.02046617396247863,0.17849898580121704,0.4645030425963489,0.3711967545638945,0.5233265720081136,0.2718052738336714,0.38742393509127787,0.5,0.5,0.5,0.5,0.7105263157894737,0.4149797570850202,0.43204868154158216
2026-07-01,35.18,38.15,35.06,37.33,1762700.0,36.034000000000006,37.637,38.528000000000006,48.9575,0.0359660320808123,-0.0081568669128783,-0.0310942691029901,-0.2375019149262116,38.528000000000006,42.1862630333328,34.86973696666721,0.336261090424898,0.189901527892613,0.0611142694712905,-0.0181483429773804,-0.0943716642406599,-0.0787265547877592,0.039351263054748,0.0296351800489469,0.027575766203276,48.79807691760277,-2.5745290919483423,-2.7462879325058407,0.1717588405574983,26537327.0,58.46272900697,1.4928571428571422,1.5105235986213077,0.3705501618063017,0.0749590834694763,-0.051165282614519,0.0611142694712905,0.027575766203276,48.79807691760277,1.1937772246421905,0.0,0.0,0.0,0.5,-2.094589007973385,-1.764521382216484,-2.073838010007926,-1.8242191019068144,-0.4560812026466955,-2.12371242395987,,,,1.3885953287816102,,,,,,,,,2.3686047275920545,-0.0254200157550764,,,1.6676378914354466,,,,-1.0275832836961782,-1.253040067874173,0.4554178845856553,0.7003131701784986,,,,,,2.3686047275920545,,,2.807703304777298,0.0,0.0,0.0,0.0,其他,0,0,0.5,1.0,0,0.3272357723577235,-0.07259576747923924,-0.06000535762121606,0.5336048879837068,0.6415478615071283,0.45417515274949083,0.7067209775967414,0.8553971486761711,0.6476578411405295,0.5,0.5,0.5,0.5,0.32723577235772355,0.2886178861788618,0.33877551020408164
2026-07-02,37.06,38.32,36.89,37.5,1235500.0,36.122,37.31699999999999,38.405,48.61783333333334,0.0381484967609766,0.0049039311841789,-0.0235646400208306,-0.2286780913725073,38.405,42.025767583639336,34.784232416360666,0.375026499335831,0.1885570932758707,0.0045539780337531,0.0118726389638423,-0.0786240786240787,-0.0615615615615615,0.0373539821190957,0.029928868240711,0.027528044132559,49.4861660024284,-2.3934750089132706,-2.6757253477872984,0.2822503388740278,27772827.0,64.32538071596395,1.547142857142857,1.0562209167903518,0.3980582524207435,0.0805237315872978,-0.0752,0.0045539780337531,0.027528044132559,49.4861660024284,-0.2990866284676916,0.0,0.0,0.0,0.5,-1.814177671321523,-1.7154743163118389,-1.7894797688320565,-1.7718101702428932,-0.6977392441821643,-2.06562154399043,,,,1.4405978187197237,,,,,,,,,0.3182175799900078,0.4296968512280741,,,1.479409926117532,,,,-0.9255389408333468,-1.2012345423557491,0.6540712202380963,0.7409627262585672,,,,,,0.3182175799900078,,,-0.8518034408979359,0.0,0.0,0.0,0.0,其他,0,0,0.5,1.0,0,0.2024291497975708,-0.06933333333333336,,0.6774847870182555,0.665314401622718,0.4381338742393509,0.6937119675456389,0.6044624746450304,0.6348884381338742,0.5,0.5,0.5,0.5,0.20242914979757085,0.2894736842105263,0.5
2026-07-03,37.52,38.64,37.12,38.17,923600.0,36.644,37.215,38.3095,48.272666666666666,0.0416439253356621,0.0256616955528683,-0.0036413944321903,-0.2092833763758648,38.3095,41.84397666043425,34.77502333956575,0.4802658196035611,0.1845222026090147,0.0178666666666666,0.0733970753655792,-0.026027047716254,-0.0476546906187623,0.0284676123952039,0.0289732081458081,0.0278915979115425,45.38461537918476,-2.170902461339076,-2.574760770497622,0.4038583091585468,28696427.0,63.35327639386865,1.5385714285714285,0.803923732740795,0.5064724919011901,0.1024549918163586,-0.0783337699764212,0.0178666666666666,0.0278915979115425,45.38461537918476,-0.2524484014569,0.0,0.0,0.0,0.5,-1.726417684320387,-1.6501598271228866,-1.7302911885419547,-1.6575427725455494,-0.8378387888745564,-1.9533363946984084,-2.001870354041666,,,1.5316305194853088,0.7757986480724289,,,,,,,,0.7970927013484409,1.3540191132029922,,,0.7284525901960454,,,,-0.8032059469845062,-1.1336900567553176,0.8712536540740455,0.7699958836375407,,,,,,0.7970927013484409,,,-0.7327436315739013,0.0,0.0,0.0,0.0,其他,0,0,0.5,1.0,0,0.1740890688259109,-0.11265391668849889,,0.7971602434077079,0.6085192697768763,0.44016227180527384,0.6247464503042597,0.37322515212981744,0.6632860040567952,0.5,0.5,0.5,0.5,0.17408906882591094,0.2894736842105263,0.5
2026-07-06,38.62,38.62,37.5,37.53,867200.0,37.142,37.064,38.1665,47.91516666666666,0.0104463949168056,0.0125728469674077,-0.0166769287202126,-0.2167406979696755,38.1665,41.57576462204893,34.75723537795107,0.4066514233122019,0.1786522013828879,-0.0167670945768928,0.0710616438356164,-0.0386782786885245,-0.0708096063382025,0.0290280974769278,0.0293376270589684,0.0279762043763621,36.14895549040797,-2.0228345465907296,-2.464375525716216,0.4415409791254863,27829227.0,55.81127357008575,1.5221428571428568,0.7748382362119202,0.402912621352704,0.0815057283139722,-0.1039168665067945,-0.0167670945768928,0.0279762043763621,36.14895549040797,-0.0610653962754439,0.0,0.0,0.0,0.5,-1.5620142804587749,-1.6292190841846612,-1.6540291224485562,-1.7157574230103965,-0.8584250126653084,-1.8506472121416144,-1.982023788178931,,,0.5346285207039088,0.5056690576914467,,,,,,,,-0.4617020389807845,1.3041062163297632,-0.1372816968888623,,0.7706705241824565,0.8818505310802333,,,-0.7209095514876706,-1.0622460307446704,0.9336820859944804,0.7338179860674036,,,,,,-0.4617020389807845,,,-0.2604139700965779,0.0,0.0,0.0,0.0,其他,0,0,0.5,1.0,0,0.2085020242914979,-0.10444977351452178,,0.7931034482758621,0.5537525354969574,0.4482758620689655,0.4056795131845842,0.37322515212981744,0.565922920892495,0.5,0.5,0.5,0.5,0.20850202429149797,0.3319838056680162,0.5
2026-07-07,37.78,37.78,36.1,36.29,939772.0,37.364,36.768,38.0435,47.52016666666667,-0.0287442457980944,-0.0130004351610095,-0.0460919736617293,-0.236324227257901,38.0435,41.54050187378556,34.546498126214445,0.2492852358516552,0.183842279168655,-0.0330402344790834,0.0315520181921546,-0.0754140127388535,-0.063483870967742,0.0361254514925234,0.0305291775340082,0.0274922550986625,28.768303183438803,-1.9826881249863464,-2.3680380455702226,0.3853499205838764,26889455.0,46.47898733085741,1.510714285714285,0.8596250713764816,0.2022653721650119,0.0409165302780984,-0.0520804629374483,-0.0330402344790834,0.0274922550986625,28.768303183438803,0.0836854243542435,0.0,0.0,0.0,0.5,-1.646849429719041,-1.7088387642196403,-1.8132965127974656,-1.847036989529284,-0.8191893238741105,-1.7896248333224964,-1.9830698215994835,,,-0.7136892109584098,-0.0185264651189542,,,,,,,,-1.047458656978178,0.7000810922121391,-0.5241825294628241,,1.353429772551648,1.0021928638915734,,,-0.6957424691647428,-0.999890032280014,0.8250778884976817,0.6953275714750737,,,,,,-1.047458656978178,,,0.096942969622772,0.0,0.0,0.0,0.0,其他,0,0,0.5,1.0,0,0.2251521298174442,-0.07274731330945161,,0.7113821138211383,0.5609756097560976,0.4532520325203252,0.2621951219512195,0.6199186991869918,0.5203252032520326,0.5,0.5,0.5,0.5,0.22515212981744423,0.3407707910750507,0.5
2026-07-08,36.29,36.49,35.35,35.42,699200.0,36.982000000000006,36.508,37.8795,47.07733333333333,-0.042236763831053,-0.0298016873014131,-0.0649295793239086,-0.2476209357652655,37.8795,41.55020034906529,34.20879965093471,0.1649821878483238,0.1938093348146412,-0.0239735464315237,-0.051165282614519,-0.0683850604944765,-0.0847545219638242,0.0209756127198764,0.0299712320083199,0.0278866329933293,27.926421401413307,-1.998038734983382,-2.2940381834528423,0.2959994484694603,26190255.0,39.874970260152935,1.521428571428571,0.644211373380425,0.061488673138164,0.012438625204542,-0.0225861095426314,-0.0239735464315237,0.0278866329933293,27.926421401413307,-0.2559897507054902,0.0,0.0,0.0,0.5,-1.808369431811975,-1.8387783047444384,-1.8807436882098625,-1.9251178437330911,-0.925360893851288,-1.8105076266627247,-1.9790406422524225,,,-1.1354639904808268,-0.3627268501027585,,,,,,,,-0.7123463803489265,-0.5554723770459177,-0.4471940875087766,,0.0804318192541477,0.9346528808539352,,,-0.699892764291511,-0.950991411797047,0.6570885344216028,0.6659253404059772,,,,,,-0.7123463803489265,,,-0.7413472846540721,0.0,0.0,0.0,0.0,其他,0,0,0.5,1.0,0,0.2793522267206478,-0.0652173913043479,,0.32454361054766734,0.5091277890466531,0.460446247464503,0.21095334685598377,0.3204868154158215,0.36511156186612576,0.5,0.5,0.5,0.5,0.2793522267206478,0.35020242914979755,0.5
2026-07-09,35.67,35.67,34.23,34.68,835500.0,36.418000000000006,36.27,37.732,46.62183333333334,-0.0477236531385579,-0.0438378825475598,-0.0808862503975405,-0.256142508338368,37.732,41.672107399016674,33.791892600983324,0.1127009125724654,0.2088469945407735,-0.020892151326934,-0.0752,-0.0642201834862385,-0.078394897688015,0.0195152495276341,0.0297013717484054,0.027625438760858,29.848078637910007,-2.046325138328108,-2.2444955744278894,0.1981704360997818,25354755.0,40.30834014727786,1.5028571428571422,0.7833307956728264,0.0,0.0,0.0063437139561706,-0.020892151326934,0.027625438760858,29.848078637910007,0.194937070938215,0.0,0.0,0.0,0.5,-1.8554729210045933,-1.906151769024614,-1.9913175062627184,-1.9826565800860367,-0.8558278368368786,-1.8537849879050607,-1.9721836549559064,,,-1.297232882491159,-0.6489703934140283,,,,,,,,-0.5965676277024675,-0.9154919658963154,-0.4008410183434091,,-0.0425680018382017,0.8988079343994478,,-0.6969477062374719,-0.7213464816659849,-0.9164839683137402,0.4744996052134961,0.631761538292299,-0.5418019536819749,-0.4285655734448815,,,,-0.5965676277024675,,-0.6969477062374719,0.3776598581461765,0.0,0.0,0.0,0.0,其他,0,0,0.5,1.0,0,0.4271255060728745,-0.01038062283737018,,0.20081135902636918,0.5172413793103449,0.4645030425963489,0.24746450304259635,0.4563894523326572,0.2738336713995943,0.5,0.5,0.5,0.5,0.4271255060728745,0.4149797570850202,0.5
2026-07-10,35.33,35.64,34.34,35.18,830022.0,35.82,36.232,37.6095,46.17100000000001,-0.0178671133445003,-0.0290351070876573,-0.0645980403887317,-0.2380498581360595,37.6095,41.71195869795389,33.50704130204612,0.2038970799106259,0.2181607677817028,0.0144175317185697,-0.0783337699764212,-0.0106861642294714,-0.0651076268934361,0.0180532669674682,0.0276710478300306,0.0279140648341596,33.27556325419535,-2.0209514789664027,-2.1997867553355874,0.1788352763691847,26184777.0,47.21545293011254,1.4728571428571422,0.7766198339892789,0.0764525993872102,0.0161759948236293,-0.0372370665150654,0.0144175317185697,0.0279140648341596,33.27556325419535,-0.006556552962298,0.0,0.0,0.0,0.5,-1.8662408232563688,-1.8771782429628483,-1.9412031263190992,-1.8858014673005143,-0.8528548420896399,-1.89901318532074,-1.939251369945333,,,-0.3434019269679121,-0.3409079714193524,,,,,,,,0.6941788318046959,-0.9561566164098116,0.1718928126327445,,-0.1656991738593679,0.6751775618372206,,-0.5445424916494771,-0.7039173363876098,-0.8851609328785383,0.4367962929514483,0.6589104815148994,-0.187111775389638,-0.471620292840831,,,,0.6941788318046959,,-0.5445424916494771,-0.1242647951852813,0.0,0.0,0.0,0.0,其他,0,0,0.5,1.0,0,0.4129554655870445,-0.047185901080159076,,0.1724137931034483,0.4847870182555781,0.4685598377281947,0.29411764705882354,0.25760649087221094,0.26369168356997974,0.5,0.5,0.5,0.5,0.41295546558704455,0.4352226720647773,0.5
2026-07-13,35.0,35.28,33.6,33.63,917122.0,35.04,36.091,37.328500000000005,45.686166666666665,-0.0402397260273971,-0.0681887451165109,-0.09907979158016,-0.2638909662662293,37.328500000000005,41.7177033805448,32.93929661945521,0.0786820888271518,0.2351663410280634,-0.0440591245025582,-0.1039168665067945,-0.0402397260273971,-0.143184713375796,0.0220150383553,0.030711276968363,0.0271367213240259,28.18322981060122,-2.101684138877061,-2.180166232043881,0.0784820931668193,25267655.0,40.67637494477281,1.5399999999999991,0.8750249437189079,0.0,0.0,-0.00059470710675,-0.0440591245025582,0.0271367213240259,28.18322981060122,0.1049369775740884,0.0,0.0,0.0,0.5,-1.875193853052313,-1.888014847175612,-1.9992431605864167,-2.041254458532358,-0.8069589294219427,-1.9645573960923608,-1.9215967971655032,,,-1.050940048776673,-1.1439780394322865,,,,,,,,-1.43730917770942,-1.3323148762565689,-0.1453430112963163,,0.1703632889489747,0.9967574778573508,,-0.7623022921807344,-0.742587438923278,-0.8683242340318249,0.2496489803893433,0.6217176030178831,-0.5207799822013458,-0.3678719806107112,,,,-1.43730917770942,,-0.7623022921807344,0.1541843410961739,0.0,0.0,0.0,0.0,其他,0,0,0.5,1.0,0,0.4574898785425101,0.02140945584299736,,0.20689655172413793,0.29006085192697767,0.460446247464503,0.2778904665314402,0.4563894523326572,0.23732251521298176,0.5,0.5,0.5,0.5,0.4574898785425101,0.548582995951417,0.5
2026-07-14,33.6,34.44,33.3,34.4,787300.0,34.662,36.013,37.0195,45.20550000000001,-0.0075587098263227,-0.0447893816121955,-0.0707600048623023,-0.2390306489254627,37.0195,41.31401290050779,32.72498709949221,0.1950177982106224,0.232013555045108,0.0228962236098719,-0.0520804629374483,-0.0221716884593519,-0.1522917693445047,0.0280703633658764,0.0317983974674235,0.0263579587837724,35.42673107491163,-2.0795624037941067,-2.160045466393925,0.0804830625998183,26054955.0,40.9518866310526,1.5071428571428562,0.7793085415947891,0.1014492753609817,0.0240926157696366,-0.0218023255813953,0.0228962236098719,0.0263579587837724,35.42673107491163,-0.1415536864233983,0.0,0.0,0.0,0.5,-2.0100935671222246,-1.9533644523635432,-1.9998503435400856,-1.911418637415327,-0.86245620927273,-1.9760623275856128,-1.8967174850715147,,,-0.0053477872692376,-0.6546069523906476,,,,,,,,1.004776997445504,-0.5405638451885725,0.0495413195055245,,0.6831453781478297,1.1047501213701818,,-0.4427710252892566,-0.726687098675273,-0.8514384417970471,0.252387724242365,0.6475642404816271,-0.5039877513417519,-0.4159971960959993,,,,1.004776997445504,,-0.4427710252892566,-0.462903887755534,0.0,0.0,0.0,0.0,其他,0,0,0.5,1.0,0,0.4929292929292929,0.0017441860465117198,,0.22469635627530365,0.22874493927125505,0.4352226720647773,0.29554655870445345,0.37449392712550605,0.2732793522267207,0.5,0.5,0.5,0.5,0.49292929292929294,0.5515151515151515,0.5
2026-07-15,34.44,35.07,34.12,34.62,740800.0,34.501999999999995,35.742000000000004,36.6895,44.700833333333335,0.0034200915888935,-0.0313916400872924,-0.0564057836710775,-0.225517794224567,36.6895,40.62420108541616,32.75479891458383,0.2370194132796731,0.2144864926153499,0.0063953488372092,-0.0225861095426314,-0.0725957674792392,-0.1601164483260553,0.0276606454678801,0.0233596525260284,0.025995707617335,39.55479451580677,-2.0209823261989897,-2.1322328383549363,0.1112505121559466,26795755.0,46.764130974365706,1.4657142857142855,0.7713335469910599,0.1400282885411587,0.030976220275247,-0.0436164067013286,0.0063953488372092,0.025995707617335,39.55479451580677,-0.059062619077861,0.0,0.0,0.0,0.5,-1.87541605144828,-1.8477593602339843,-1.8642362063520888,-1.853355639421593,-0.8786199822039553,-1.959911948188212,-1.8978547111655817,,,0.3457922256290967,-0.3742286101860752,,,,,,,,0.3994052216952773,-0.0900186677144124,-0.494644000041913,,0.6446437703172447,0.1898952380214018,,-0.2601814677037806,-0.6916524322352341,-0.8304463337532741,0.3086314523382046,0.6715635767538803,-0.2023160612105075,-0.4770298938241517,,,,0.3994052216952773,,-0.2601814677037806,-0.2540861315017485,0.0,0.0,0.0,0.0,其他,0,0,0.5,1.0,0,0.4666666666666667,0.013575967648758125,,0.2773279352226721,0.22469635627530365,0.4068825910931174,0.305668016194332,0.34210526315789475,0.3016194331983806,0.5,0.5,0.5,0.5,0.4666666666666667,0.6072874493927125,0.5
2026-07-16,34.28,35.45,34.23,34.9,844000.0,34.546,35.482,36.3995,44.20516666666667,0.0102472066230532,-0.0164026830505609,-0.0411956208189674,-0.210499526827558,36.3995,39.92310745170065,32.875892548299355,0.2872209063320884,0.1936074644811586,0.0080878105141537,0.0063437139561706,-0.0693333333333333,-0.1425061425061425,0.026304216461806,0.0235838890549349,0.0262287983066858,46.84512427671287,-1.9297193687504333,-2.0917301444340337,0.1620107756836004,27639755.0,54.40312546510618,1.4421428571428574,0.8884448068400987,0.2259786476828111,0.0397371714642059,-0.016618911174785,0.0080878105141537,0.0262287983066858,46.84512427671287,0.1393088552915766,0.0,0.0,0.0,0.5,-1.863726924555548,-1.7755112121441696,-1.8210949257871247,-1.7910136783138124,-0.8249223671828291,-1.919664048803465,-1.8974512195606863,,,0.5630107670505398,-0.0611180736668737,,,,,,,,0.4594810754993231,0.3517611015398331,-0.4570094160159873,,0.5258885413159945,0.2134072674294845,,0.0612783010603369,-0.639543965702491,-0.802551056564334,0.4020806043438786,0.6992489855534574,0.1938015616270238,-0.5106332533301577,,,,0.4594810754993231,,0.0612783010603369,0.2464683343240155,0.0,0.0,0.0,0.0,其他,0,0,0.5,1.0,0,0.5272727272727272,,,0.4271255060728745,0.2408906882591093,0.4190283400809717,0.38461538461538464,0.5546558704453441,0.340080971659919,0.5,0.5,0.5,0.5,0.5272727272727272,0.5,0.5
2026-07-17,34.87,35.46,33.6,33.87,757600.0,34.284000000000006,35.052,36.1335,43.684333333333335,-0.0120756037801892,-0.0337213283122218,-0.0626426999875462,-0.2246648302595134,36.1335,39.5723325742438,32.694667425756194,0.170891218000802,0.1903404084428182,-0.029512893982808,-0.0372370665150654,-0.1126539166884988,-0.1357489155396785,0.0281992296490151,0.0228001500076696,0.0258273443416252,44.66727437898502,-1.91838940995698,-2.057061997538621,0.1386725875816417,26882155.0,55.724289794926655,1.4585714285714286,0.8026569470589154,0.0427046263337588,0.0075093867333931,-0.0103336285798639,-0.029512893982808,0.0258273443416252,44.66727437898502,-0.1023696682464454,0.0,0.0,0.0,0.5,-1.7659761910276786,-1.748164231816949,-1.8686945532330617,-1.8843401252522392,-0.8602577758805915,-1.918529306948216,-1.9182974900697685,-1.996731372382451,,-0.1575676630936432,-0.4221198890307521,-0.4610907435792002,,-1.996731372382451,-1.8168323601112344,-1.8379478962125737,-0.8707846593112792,-0.1409788492250138,-0.918230453475374,-0.3169150590964595,-0.9228158625049624,,0.6849315049957727,0.1273635189025462,,-0.0350744855353307,-0.6302870326493469,-0.778244888726077,0.3567546360265854,0.6674518114280825,0.2616085585578631,-0.4829682111092523,-0.3162294189235166,-0.98509857489538,,-0.918230453475374,,-0.0350744855353307,-0.3651457888986058,0.0,0.0,0.0,0.0,其他,0,0,0.5,1.0,0,0.5656565656565656,,,0.4109311740890688,0.31376518218623484,0.38866396761133604,0.4048582995951417,0.2145748987854251,0.354251012145749,0.5,0.5,0.5,0.5,0.5656565656565656,0.5,0.5
2026-07-20,33.8,34.88,33.08,33.61,1122800.0,34.28,34.660000000000004,35.862,43.16483333333334,-0.0195449241540257,-0.0302942873629545,-0.0627962746082204,-0.2213568916054351,35.862,39.19026871384733,32.53373128615267,0.1616859704496395,0.1856153429166275,-0.0076764098021847,-0.00059470710675,-0.1044497735145217,-0.1390881147540983,0.0197514630719385,0.0227544085225442,0.0258171706426204,42.92155094138051,-1.9083909447502088,-2.0273277869809383,0.1189368422307288,25759355.0,48.62460497583161,1.5264285714285724,1.1893503359162616,0.0,0.0,0.0220172567688188,-0.0076764098021847,0.0258171706426204,42.92155094138051,0.4820485744456178,0.0,0.0,0.0,0.5,-1.8629260503520653,-1.7879688118119983,-1.9007870498965167,-1.884102740381041,-0.6841831003867391,-1.886455996740381,-1.9331601190309031,-1.992460869669053,,-0.398062353829704,-0.3485827728736044,-0.460730160258657,,-1.992460869669053,-1.8263742639313043,-1.827976074356328,-0.8912644211622377,-0.1795289026362783,-0.113675349318964,0.2473396071326596,-0.8278720024034564,-0.637428352156433,-0.04218816163304,0.1218767643464236,0.4966886205707391,-0.1122845764609682,-0.6218216287587363,-0.756975470838277,0.3182792394219951,0.6223154834906313,-0.1096813642691401,-0.3764700497666827,0.6089436362892348,-1.0858619547079256,,-0.113675349318964,0.4966886205707391,-0.1122845764609682,1.1130944392499362,0.0,0.0,0.0,0.0,其他,0,0,0.5,1.0,0,0.6262626262626263,,,0.4574898785425101,0.34615384615384615,0.3765182186234818,0.4048582995951417,0.5951417004048583,0.3765182186234818,0.5,0.5,0.5,0.5,0.6262626262626263,0.5,0.5
2026-07-21,33.59,33.77,32.47,33.65,1044200.0,34.13,34.396,35.582,42.63866666666666,-0.0140638734251392,-0.0216885684381905,-0.0542971165195885,-0.210810219206354,35.582,38.64154657803306,32.522453421966944,0.1842669410739145,0.1719715911429632,0.0011901219875036,-0.0218023255813953,-0.0727473133094516,-0.1426751592356688,0.0153710758432738,0.0215701240365057,0.0257270524042381,29.51002226711425,-1.8756184566920664,-1.9969859209231635,0.1213674642310966,26803555.0,37.30291161897642,1.39857142857143,1.0956633054573308,0.0087719298243688,0.0012507817385826,0.02407132243685,0.0011901219875036,0.0257270524042381,29.51002226711425,-0.0700035625222658,0.0,0.0,0.0,0.5,-1.857580107907093,-1.8844813180885265,-1.9416897278410468,-1.8495220868538715,-0.7174969528823316,-1.873321728031818,-1.9313821185790423,-1.9894167677118653,,-0.2189470304761524,-0.1664092206812086,-0.350718821668821,,-1.9894167677118653,-1.8531899311404805,-1.7974852739672766,-0.8189363783581047,-0.2922122509798422,0.2132187150092403,-0.0806522404474972,-0.4792285875389563,-0.6588963860625245,-0.4188995764280036,-0.0083507374982452,0.4806742061462851,-0.7070670619879996,-0.6012578956425563,-0.7355684083874138,0.3216200002498892,0.6581377973261185,-0.7006958351322862,-0.5716460372067834,0.3815714417068002,-1.0539036338451124,,0.2132187150092403,0.4806742061462851,-0.7070670619879996,-0.2894650891345244,0.0,0.0,0.0,0.0,其他,0,0,0.5,1.0,0,0.6222222222222222,,,0.49190283400809715,0.3299595141700405,0.3785425101214575,0.22064777327935223,0.44534412955465585,0.38866396761133604,0.5,0.5,0.5,0.5,0.6222222222222222,0.5,0.5
2026-07-22,33.5,33.83,32.97,33.11,601376.0,33.828,34.165,35.3365,42.09733333333334,-0.0212250206929169,-0.0308795551002487,-0.0630085039548342,-0.2134893738320717,35.3365,38.36010729140334,32.312892708596664,0.13181395838945,0.171132245207917,-0.0160475482912332,-0.0436164067013286,-0.0652173913043479,-0.1291425565491847,0.014729339191528,0.0210287211700762,0.0251986156607986,26.524064167151465,-1.8716435896087944,-1.971917454660289,0.1002738650514944,26202179.0,33.34139855897861,1.3578571428571442,0.6371293075021156,0.0,0.0,0.0598006644518274,-0.0160475482912332,0.0251986156607986,26.524064167151465,-0.4240796782225627,0.0,0.0,0.0,0.5,-1.838953680872131,-1.8480977143820565,-1.8513644927816089,-1.882322463101901,-0.9213327221539368,-1.8786955990251373,-1.9255988554475565,-1.9819232048524569,,-0.4507246904316954,-0.3594780633190482,-0.4599568731462732,,-1.9819232048524569,-1.850112740841648,-1.796171679142244,-0.9663308075011576,-0.2979327041824313,-0.4242723842445232,-0.4177861920918599,-0.3949787658370337,-0.559839897937017,-0.4724111138339223,-0.0678721400258661,0.3989879229214793,-0.8351387098693444,-0.5962556142442255,-0.717352047560365,0.2805127580705724,0.6323947503000434,-0.9029323195381396,-0.6314717430241461,-0.721908212030797,-1.0672021075024904,,-0.4242723842445232,0.3989879229214793,-0.8351387098693444,-1.1825409739549109,0.0,0.0,0.0,0.0,其他,0,0,0.5,1.0,0,0.742914979757085,,,0.46558704453441296,0.3097165991902834,0.4008097165991903,0.2125506072874494,0.17408906882591094,0.34615384615384615,0.5,0.5,0.5,0.5,0.742914979757085,0.5,0.5
2026-07-23,33.11,34.37,32.99,34.32,773700.0,33.712,34.129,35.1995,41.59133333333333,0.0180351210251541,0.0055964136071962,-0.0249861503714541,-0.1748280891852468,35.1995,38.14149699452349,32.25750300547651,0.350526699777016,0.1671612945931126,0.036544850498339,-0.016618911174785,-0.0103806228373701,-0.0739341608202914,0.0248814329318829,0.0242624498596864,0.0265428422062206,30.53589483895344,-1.7506773251664,-1.9276694287615104,0.1769921035951105,26975879.0,31.89803494446855,1.3478571428571438,0.8239369169104827,0.2391304347778828,0.048207171314549,,0.036544850498339,0.0265428422062206,30.53589483895344,0.286549513116586,0.0,0.0,0.0,0.5,-1.85462017536196,-1.7611273135000654,-1.820741343751128,-1.716450951273754,-0.8346229941210206,-1.862029903761853,-1.896589406623037,-1.9608094818646584,,0.829425195294841,0.413557781115406,0.0282050418831418,,-1.9608094818646584,-1.8405482758864733,-1.7736128475464787,-0.3181279798672694,-0.3298828678981375,1.5139697557558616,0.0029438322724549,0.2070978784109511,-0.166255491052932,0.4083508454084408,0.2893668908207186,0.5993352144976751,-0.651819960289096,-0.5284412909955624,-0.688380542725592,0.4248699814111555,0.65823390908299,-0.9716608713736652,-0.6435296547694769,-0.268473375701202,-0.4464388716875315,,1.5139697557558616,0.5993352144976751,-0.651819960289096,0.6245946862056287,0.0,0.0,0.0,0.0,其他,0,0,0.5,1.0,0,,,,0.5263157894736842,0.340080971659919,0.4109311740890688,0.22469635627530365,0.46963562753036436,0.37449392712550605,0.5,0.5,0.5,0.5,0.5,0.5,0.5
2026-07-24,33.88,34.3,33.48,33.52,490300.0,33.642,33.963,35.097500000000004,41.179833333333335,-0.0036264193567562,-0.0130436062774195,-0.0449462212408291,-0.1860093330473249,35.097500000000004,38.12702402028263,32.067975979717374,0.2396455698217574,0.1726347472198303,-0.0233100233100231,-0.0103336285798639,-0.047185901080159,-0.0573678290213722,0.0233423244089226,0.0245686551923432,0.0255430462435782,30.049751239595054,-1.6997691711588416,-1.8820893772409764,0.1823202060821347,26485579.0,33.22240113574607,1.3278571428571442,0.5434357932771573,0.081027667982589,0.0187814933576786,,-0.0233100233100231,0.0255430462435782,30.049751239595054,-0.3662918443841282,0.0,0.0,0.0,0.5,-1.74105572856583,-1.743894229863285,-1.737462982229586,-1.782870814658171,-0.9626566770524924,-1.8408065855548488,-1.8845416377419868,-1.9363995817459032,,0.1190850663896384,0.0162952273790457,-0.2282063315756802,,-1.9363995817459032,-1.810196948894185,-1.7705391068648613,-0.6435773031854917,-0.2824232546987916,-0.6982311397289771,0.1008898709986916,-0.1982546699764425,-0.0476960654428471,0.2730971375678749,0.3220976447043208,0.4452946887589328,-0.6699230051684663,-0.4986622877678233,-0.6588655137919662,0.4332577377477148,0.6366022874537327,-0.8956248491760458,-0.6710169676802406,-0.9429591015153636,-0.8508470090242225,,-0.6982311397289771,0.4452946887589328,-0.6699230051684663,-1.0344370602270017,0.0,0.0,0.0,0.0,其他,0,0,0.5,1.0,0,,,,0.5647773279352226,0.38461538461538464,0.3765182186234818,0.22874493927125505,0.1659919028340081,0.4048582995951417,0.5,0.5,0.5,0.5,0.5,0.5,0.5
2026-07-27,33.63,34.42,33.53,34.35,4873.0,33.79,34.035,35.063,40.85166666666667,0.0165729505770939,0.0092551784927281,-0.0203348258848359,-0.1591530333319734,35.063,38.11094046080749,32.01505953919252,0.3830357729741526,0.1738550871744453,0.024761336515513,0.0220172567688188,0.0214094558429973,-0.0196917808219176,0.0257092737815788,0.0217485945876991,0.02608320115246,39.9377593302995,-1.5743032909644938,-1.82053215998568,0.2462288690211855,26490452.0,36.45455953838388,1.2721428571428584,0.0057393337814795,0.2450592885327066,0.0568025652768814,,0.024761336515513,0.02608320115246,39.9377593302995,-0.99006118702835,0.0,0.0,0.0,0.5,-1.7446674466936984,-1.7069310200633458,-1.7079151071097405,-1.6650064548212982,-1.183228567262928,-1.7954893533567795,-1.844912597592344,-1.904813864501214,,0.7789662604745298,0.4909995717059029,0.0900005469355422,,-1.904813864501214,-1.7815392748360892,-1.749040930062689,-0.2160746095523402,-0.2709218635927041,1.076435218493121,0.6057656033459504,0.5586714195024189,0.2216699563370894,0.478070660828914,0.0073501586839807,0.5249349489404198,-0.2241238560318665,-0.4286794434037411,-0.6204114068046591,0.5531764098542158,0.6337106770080976,-0.7209329348414844,-0.7536688114682316,-2.197308429954117,-0.4226832840138318,,1.076435218493121,0.5249349489404198,-0.2241238560318665,-2.5563814449352167,0.0,0.0,0.0,0.0,其他,0,0,0.5,1.0,0,,,,0.6255060728744939,0.42105263157894735,0.3785425101214575,0.2935222672064777,0.17408906882591094,0.4068825910931174,0.5,0.5,0.5,0.5,0.5,0.5,0.5
2026-07-28,34.01,34.8,33.9,34.46,4855.0,33.952,34.041000000000004,35.027,40.51033333333333,0.014962299717248,0.0123086865838253,-0.0161875124903645,-0.1493528400161274,35.027,38.08610960557858,31.967890394421428,0.4073259750146323,0.1746715165769173,0.003202328966521,0.02407132243685,0.0017441860465117,-0.0204661739624786,0.0256577073558378,0.0205375868338376,0.0260763323574221,44.594594587563904,-1.4492881924884813,-1.7462833664862392,0.2969951739977579,26495307.0,39.22032118675125,1.255000000000001,0.006000338639091,0.2667984189670594,0.06267409470723,,0.003202328966521,0.0260763323574221,44.594594587563904,-0.0036938231069156,0.0,0.0,0.0,0.5,-1.6791051009010285,-1.6435771926972793,-1.6431214379917327,-1.631483548325894,-1.1735537091333572,-1.7505747022118034,-1.814931238458212,-1.8751113449001984,,0.7220280785473425,0.5538454726039892,0.1433221113654356,,-1.8751113449001984,-1.7551763808828167,-1.7277884370207008,-0.1429572744835265,-0.2628673213758316,0.2763170921607811,0.6349108167971405,0.3389408174836834,0.2152003588797257,0.4714990669578429,-0.1278292025278511,0.5212466730734443,-0.0137753236400549,-0.3591113881834354,-0.5748974181625229,0.6474933617954437,0.6308616117926189,-0.5718918207991818,-0.7758250953197339,-2.14735249976474,-0.364388607660613,,0.2763170921607811,0.5212466730734443,-0.0137753236400549,-0.088686402928482,0.0,0.0,0.0,0.0,其他,0,0,0.5,1.0,0,,,,0.6214574898785425,0.4331983805668016,0.3825910931174089,0.3603238866396761,0.2125506072874494,0.41295546558704455,0.5,0.5,0.5,0.5,0.5,0.5,0.5
2026-07-29,34.46,35.24,34.46,35.09,6357.0,34.348,34.088,34.915,40.18433333333334,0.0216024222662165,0.0293945083313775,0.0050121724187313,-0.1267741159490018,34.915,37.776744039456375,32.05325596054362,0.5305757603639825,0.1639263376456067,0.018282066163668,0.0598006644518274,0.0135759676487581,-0.060005357621216,0.0230700484875704,0.0212568808475325,0.0222024743546339,52.337514244780806,-1.2845699289972003,-1.653940678988431,0.3693707499912306,26501664.0,43.01692869072644,1.2078571428571436,0.0088132068059805,0.3913043478183542,0.0932203389826121,,0.018282066163668,0.0222024743546339,52.337514244780806,0.3093717816683832,0.0,0.0,0.0,0.5,-1.6083614139641285,-1.5761099913255048,-1.5591036644094571,-1.541653236768758,-1.16340582860567,-1.6809315104165157,-1.781555218524217,-1.856360928981434,,0.9349110898740364,0.9151128135191532,0.4179794551246445,,-1.856360928981434,-1.759022801492138,-1.6897556739512716,0.2256484524953869,-0.3531098022735095,0.8321945553366271,1.1880396080258468,0.4686501579387988,-0.0703699357748033,0.2429458685571033,-0.0467884209455616,-0.072357585778319,0.3358223316003167,-0.2680319552350018,-0.5191898143339758,0.7824238515398996,0.6281114014215229,-0.3691525115780825,-0.844364765368233,-2.0949431349161727,-0.0385588113059681,,0.8321945553366271,-0.072357585778319,0.3358223316003167,0.6936190170467307,0.0,0.0,0.0,0.0,其他,0,0,0.5,1.0,0,,,,0.742393509127789,0.33468559837728196,0.27586206896551724,0.4421906693711968,0.32454361054766734,0.4279918864097363,0.5,0.5,0.5,0.5,0.5,0.5,0.5
